

================================================================
== Vivado HLS Report for 'compute_and_output'
================================================================
* Date:           Mon Mar  2 02:59:37 2026

* Version:        2018.2 (Build 2258646 on Thu Jun 14 20:25:20 MDT 2018)
* Project:        MathieuHelpMe
* Solution:       solution1
* Product family: zynq
* Target device:  xc7z020clg484-1


================================================================
== Performance Estimates
================================================================
+ Timing (ns): 
    * Summary: 
    +--------+-------+----------+------------+
    |  Clock | Target| Estimated| Uncertainty|
    +--------+-------+----------+------------+
    |ap_clk  |  10.00|     8.742|        1.25|
    +--------+-------+----------+------------+

+ Latency (clock cycles): 
    * Summary: 
    +-----+-----+-----+-----+---------+
    |  Latency  |  Interval | Pipeline|
    | min | max | min | max |   Type  |
    +-----+-----+-----+-----+---------+
    |  872|  872|  872|  872|   none  |
    +-----+-----+-----+-----+---------+

    + Detail: 
        * Instance: 
        N/A

        * Loop: 
        +---------------------+-----+-----+----------+-----------+-----------+------+----------+
        |                     |  Latency  | Iteration|  Initiation Interval  | Trip |          |
        |      Loop Name      | min | max |  Latency |  achieved |   target  | Count| Pipelined|
        +---------------------+-----+-----+----------+-----------+-----------+------+----------+
        |- classify_label2    |  869|  869|        79|          -|          -|    11|    no    |
        | + classify_label1   |   51|   51|         4|          1|          1|    49|    yes   |
        | + Reconstruct_Loop  |   23|   23|         9|          1|          1|    16|    yes   |
        +---------------------+-----+-----+----------+-----------+-----------+------+----------+



================================================================
== Utilization Estimates
================================================================
* Summary: 
+-----------------+---------+-------+--------+-------+
|       Name      | BRAM_18K| DSP48E|   FF   |  LUT  |
+-----------------+---------+-------+--------+-------+
|DSP              |        -|      2|       -|      -|
|Expression       |        -|      0|       0|  20594|
|FIFO             |        -|      -|       -|      -|
|Instance         |        -|      -|       0|    130|
|Memory           |      118|      -|     549|    107|
|Multiplexer      |        -|      -|       -|    688|
|Register         |        0|      -|    6793|    160|
+-----------------+---------+-------+--------+-------+
|Total            |      118|      2|    7342|  21679|
+-----------------+---------+-------+--------+-------+
|Available        |      280|    220|  106400|  53200|
+-----------------+---------+-------+--------+-------+
|Utilization (%)  |       42|   ~0  |       6|     40|
+-----------------+---------+-------+--------+-------+

+ Detail: 
    * Instance: 
    +--------------------------+----------------------+---------+-------+---+----+
    |         Instance         |        Module        | BRAM_18K| DSP48E| FF| LUT|
    +--------------------------+----------------------+---------+-------+---+----+
    |classify_mux_164_Yie_U26  |classify_mux_164_Yie  |        0|      0|  0|  65|
    |classify_mux_164_Yie_U27  |classify_mux_164_Yie  |        0|      0|  0|  65|
    +--------------------------+----------------------+---------+-------+---+----+
    |Total                     |                      |        0|      0|  0| 130|
    +--------------------------+----------------------+---------+-------+---+----+

    * DSP48: 
    +--------------------------+----------------------+-----------+
    |         Instance         |        Module        | Expression|
    +--------------------------+----------------------+-----------+
    |classify_mul_mul_0iy_U29  |classify_mul_mul_0iy  |  i0 * i1  |
    |classify_mul_mul_Zio_U28  |classify_mul_mul_Zio  |  i0 * i1  |
    +--------------------------+----------------------+-----------+

    * Memory: 
    +-----------------+----------------------+---------+----+----+------+-----+------+-------------+
    |      Memory     |        Module        | BRAM_18K| FF | LUT| Words| Bits| Banks| W*Bits*Banks|
    +-----------------+----------------------+---------+----+----+------+-----+------+-------------+
    |alphas_V_858_U   |compute_and_outpuAem  |        0|   5|   1|    11|    5|     1|           55|
    |alphas_V_959_U   |compute_and_outpuBew  |        0|   5|   1|    11|    5|     1|           55|
    |alphas_V_1046_U  |compute_and_outpuCeG  |        0|   6|   2|    11|    6|     1|           66|
    |alphas_V_1147_U  |compute_and_outpuDeQ  |        0|   7|   2|    11|    7|     1|           77|
    |alphas_V_1248_U  |compute_and_outpuEe0  |        0|   5|   1|    11|    5|     1|           55|
    |alphas_V_1349_U  |compute_and_outpuFfa  |        0|   5|   1|    11|    5|     1|           55|
    |alphas_V_1450_U  |compute_and_outpuGfk  |        0|   6|   2|    11|    6|     1|           66|
    |alphas_V_1551_U  |compute_and_outpuHfu  |        0|   5|   1|    11|    5|     1|           55|
    |sv_norms_V_0_U   |compute_and_outpuIfE  |        0|  30|   6|    11|   30|     1|          330|
    |sv_norms_V_1_U   |compute_and_outpuJfO  |        0|  28|   5|    11|   28|     1|          308|
    |sv_norms_V_2_U   |compute_and_outpuKfY  |        0|  30|   6|    11|   30|     1|          330|
    |sv_norms_V_3_U   |compute_and_outpuLf8  |        0|  28|   5|    11|   28|     1|          308|
    |sv_norms_V_4_U   |compute_and_outpuMgi  |        0|  28|   5|    11|   28|     1|          308|
    |sv_norms_V_5_U   |compute_and_outpuNgs  |        0|  28|   5|    10|   28|     1|          280|
    |sv_norms_V_6_U   |compute_and_outpuOgC  |        0|  29|   5|    10|   29|     1|          290|
    |sv_norms_V_7_U   |compute_and_outpuPgM  |        0|  27|   5|    10|   27|     1|          270|
    |sv_norms_V_8_U   |compute_and_outpuQgW  |        0|  29|   5|    10|   29|     1|          290|
    |sv_norms_V_9_U   |compute_and_outpuRg6  |        0|  29|   5|    10|   29|     1|          290|
    |sv_norms_V_10_U  |compute_and_outpuShg  |        0|  28|   5|    10|   28|     1|          280|
    |sv_norms_V_11_U  |compute_and_outpuThq  |        0|  28|   5|    10|   28|     1|          280|
    |sv_norms_V_12_U  |compute_and_outpuUhA  |        0|  29|   5|    10|   29|     1|          290|
    |sv_norms_V_13_U  |compute_and_outpuVhK  |        0|  28|   5|    10|   28|     1|          280|
    |sv_norms_V_14_U  |compute_and_outpuWhU  |        0|  27|   5|    10|   27|     1|          270|
    |sv_norms_V_15_U  |compute_and_outpuXh4  |        0|  30|   5|    10|   30|     1|          300|
    |svs_V_0_U        |compute_and_outpubkb  |        7|   0|   0|   539|  125|     1|        67375|
    |svs_V_1_U        |compute_and_outpucud  |        7|   0|   0|   539|  125|     1|        67375|
    |svs_V_2_U        |compute_and_outpudEe  |        7|   0|   0|   539|  125|     1|        67375|
    |svs_V_3_U        |compute_and_outpueOg  |        8|   0|   0|   539|  128|     1|        68992|
    |svs_V_4_U        |compute_and_outpufYi  |        7|   0|   0|   539|  125|     1|        67375|
    |svs_V_5_U        |compute_and_outpug8j  |        7|   0|   0|   539|  125|     1|        67375|
    |svs_V_6_U        |compute_and_outpuhbi  |        7|   0|   0|   539|  126|     1|        67914|
    |svs_V_7_U        |compute_and_outpuibs  |        7|   0|   0|   539|  125|     1|        67375|
    |svs_V_8_U        |compute_and_outpujbC  |        8|   0|   0|   539|  128|     1|        68992|
    |svs_V_9_U        |compute_and_outpukbM  |        7|   0|   0|   539|  126|     1|        67914|
    |svs_V_10_U       |compute_and_outpulbW  |        7|   0|   0|   539|  125|     1|        67375|
    |svs_V_11_U       |compute_and_outpumb6  |        7|   0|   0|   539|  125|     1|        67375|
    |svs_V_12_U       |compute_and_outpuncg  |        7|   0|   0|   539|  126|     1|        67914|
    |svs_V_13_U       |compute_and_outpuocq  |        8|   0|   0|   539|  127|     1|        68453|
    |svs_V_14_U       |compute_and_outpupcA  |        7|   0|   0|   539|  126|     1|        67914|
    |svs_V_15_U       |compute_and_outpuqcK  |        8|   0|   0|   539|  128|     1|        68992|
    |EXP_LUT_V_U      |compute_and_outpurcU  |        2|   0|   0|  1024|   32|     1|        32768|
    |alphas_V_044_U   |compute_and_outpusc4  |        0|   7|   2|    11|    7|     1|           77|
    |alphas_V_145_U   |compute_and_outputde  |        0|   6|   2|    11|    6|     1|           66|
    |alphas_V_252_U   |compute_and_outpuudo  |        0|   6|   2|    11|    6|     1|           66|
    |alphas_V_353_U   |compute_and_outpuvdy  |        0|   8|   2|    11|    8|     1|           88|
    |alphas_V_454_U   |compute_and_outpuwdI  |        0|   6|   2|    11|    6|     1|           66|
    |alphas_V_555_U   |compute_and_outpuxdS  |        0|   5|   1|    11|    5|     1|           55|
    |alphas_V_656_U   |compute_and_outpuyd2  |        0|   5|   1|    11|    5|     1|           55|
    |alphas_V_757_U   |compute_and_outpuzec  |        0|   6|   2|    11|    6|     1|           66|
    +-----------------+----------------------+---------+----+----+------+-----+------+-------------+
    |Total            |                      |      118| 549| 107|  9989| 2596|    49|      1124580|
    +-----------------+----------------------+---------+----+----+------+-----+------+-------------+

    * FIFO: 
    N/A

    * Expression: 
    +--------------------------------------+----------+-------+---+-----+------------+------------+
    |             Variable Name            | Operation| DSP48E| FF| LUT | Bitwidth P0| Bitwidth P1|
    +--------------------------------------+----------+-------+---+-----+------------+------------+
    |r_V_0_10_i_i_fu_2087_p2               |     *    |      0|  0|   41|           8|           8|
    |r_V_0_11_i_i_fu_2101_p2               |     *    |      0|  0|   41|           8|           8|
    |r_V_0_12_i_i_fu_2115_p2               |     *    |      0|  0|   41|           8|           8|
    |r_V_0_13_i_i_fu_2129_p2               |     *    |      0|  0|   41|           8|           8|
    |r_V_0_14_i_i_fu_2143_p2               |     *    |      0|  0|   41|           8|           8|
    |r_V_0_1_i_i_fu_1947_p2                |     *    |      0|  0|   41|           8|           8|
    |r_V_0_2_i_i_fu_1961_p2                |     *    |      0|  0|   41|           8|           8|
    |r_V_0_3_i_i_fu_1975_p2                |     *    |      0|  0|   41|           8|           8|
    |r_V_0_4_i_i_fu_1989_p2                |     *    |      0|  0|   41|           8|           8|
    |r_V_0_5_i_i_fu_2003_p2                |     *    |      0|  0|   41|           8|           8|
    |r_V_0_6_i_i_fu_2017_p2                |     *    |      0|  0|   41|           8|           8|
    |r_V_0_7_i_i_fu_2031_p2                |     *    |      0|  0|   41|           8|           8|
    |r_V_0_8_i_i_fu_2045_p2                |     *    |      0|  0|   41|           8|           8|
    |r_V_0_9_i_i_fu_2059_p2                |     *    |      0|  0|   41|           8|           8|
    |r_V_0_i_i_33_fu_2073_p2               |     *    |      0|  0|   41|           8|           8|
    |r_V_0_i_i_fu_1933_p2                  |     *    |      0|  0|   41|           8|           8|
    |r_V_10_10_i_i_fu_4647_p2              |     *    |      0|  0|   41|           8|           8|
    |r_V_10_11_i_i_fu_4667_p2              |     *    |      0|  0|   41|           8|           8|
    |r_V_10_12_i_i_fu_4687_p2              |     *    |      0|  0|   41|           8|           8|
    |r_V_10_13_i_i_fu_4707_p2              |     *    |      0|  0|   41|           8|           8|
    |r_V_10_14_i_i_fu_4727_p2              |     *    |      0|  0|   41|           8|           8|
    |r_V_10_1_i_i_fu_4447_p2               |     *    |      0|  0|   41|           8|           8|
    |r_V_10_2_i_i_fu_4467_p2               |     *    |      0|  0|   41|           8|           8|
    |r_V_10_3_i_i_fu_4487_p2               |     *    |      0|  0|   41|           8|           8|
    |r_V_10_4_i_i_fu_4507_p2               |     *    |      0|  0|   41|           8|           8|
    |r_V_10_5_i_i_fu_4527_p2               |     *    |      0|  0|   41|           8|           8|
    |r_V_10_6_i_i_fu_4547_p2               |     *    |      0|  0|   41|           8|           8|
    |r_V_10_7_i_i_fu_4567_p2               |     *    |      0|  0|   41|           8|           8|
    |r_V_10_8_i_i_fu_4587_p2               |     *    |      0|  0|   41|           8|           8|
    |r_V_10_9_i_i_fu_4607_p2               |     *    |      0|  0|   41|           8|           8|
    |r_V_10_i_i_64_fu_4627_p2              |     *    |      0|  0|   41|           8|           8|
    |r_V_10_i_i_fu_4427_p2                 |     *    |      0|  0|   41|           8|           8|
    |r_V_11_10_i_i_fu_4971_p2              |     *    |      0|  0|   41|           8|           8|
    |r_V_11_11_i_i_fu_4991_p2              |     *    |      0|  0|   41|           8|           8|
    |r_V_11_12_i_i_fu_5011_p2              |     *    |      0|  0|   41|           8|           8|
    |r_V_11_13_i_i_fu_5031_p2              |     *    |      0|  0|   41|           8|           8|
    |r_V_11_14_i_i_fu_5051_p2              |     *    |      0|  0|   41|           8|           8|
    |r_V_11_1_i_i_fu_4771_p2               |     *    |      0|  0|   41|           8|           8|
    |r_V_11_2_i_i_fu_4791_p2               |     *    |      0|  0|   41|           8|           8|
    |r_V_11_3_i_i_fu_4811_p2               |     *    |      0|  0|   41|           8|           8|
    |r_V_11_4_i_i_fu_4831_p2               |     *    |      0|  0|   41|           8|           8|
    |r_V_11_5_i_i_fu_4851_p2               |     *    |      0|  0|   41|           8|           8|
    |r_V_11_6_i_i_fu_4871_p2               |     *    |      0|  0|   41|           8|           8|
    |r_V_11_7_i_i_fu_4891_p2               |     *    |      0|  0|   41|           8|           8|
    |r_V_11_8_i_i_fu_4911_p2               |     *    |      0|  0|   41|           8|           8|
    |r_V_11_9_i_i_fu_4931_p2               |     *    |      0|  0|   41|           8|           8|
    |r_V_11_i_i_67_fu_4951_p2              |     *    |      0|  0|   41|           8|           8|
    |r_V_11_i_i_fu_4751_p2                 |     *    |      0|  0|   41|           8|           8|
    |r_V_12_10_i_i_fu_8698_p2              |     *    |      0|  0|   41|           8|           8|
    |r_V_12_11_i_i_fu_8719_p2              |     *    |      0|  0|   41|           8|           8|
    |r_V_12_12_i_i_fu_8740_p2              |     *    |      0|  0|   41|           8|           8|
    |r_V_12_13_i_i_fu_8761_p2              |     *    |      0|  0|   41|           8|           8|
    |r_V_12_14_i_i_fu_8782_p2              |     *    |      0|  0|   41|           8|           8|
    |r_V_12_1_i_i_fu_8488_p2               |     *    |      0|  0|   41|           8|           8|
    |r_V_12_2_i_i_fu_8509_p2               |     *    |      0|  0|   41|           8|           8|
    |r_V_12_3_i_i_fu_8530_p2               |     *    |      0|  0|   41|           8|           8|
    |r_V_12_4_i_i_fu_8551_p2               |     *    |      0|  0|   41|           8|           8|
    |r_V_12_5_i_i_fu_8572_p2               |     *    |      0|  0|   41|           8|           8|
    |r_V_12_6_i_i_fu_8593_p2               |     *    |      0|  0|   41|           8|           8|
    |r_V_12_7_i_i_fu_8614_p2               |     *    |      0|  0|   41|           8|           8|
    |r_V_12_8_i_i_fu_8635_p2               |     *    |      0|  0|   41|           8|           8|
    |r_V_12_9_i_i_fu_8656_p2               |     *    |      0|  0|   41|           8|           8|
    |r_V_12_i_i_70_fu_8677_p2              |     *    |      0|  0|   41|           8|           8|
    |r_V_12_i_i_fu_8467_p2                 |     *    |      0|  0|   41|           8|           8|
    |r_V_135_10_i_i_fu_2387_p2             |     *    |      0|  0|   41|           8|           8|
    |r_V_135_11_i_i_fu_2407_p2             |     *    |      0|  0|   41|           8|           8|
    |r_V_135_12_i_i_fu_2427_p2             |     *    |      0|  0|   41|           8|           8|
    |r_V_135_13_i_i_fu_2447_p2             |     *    |      0|  0|   41|           8|           8|
    |r_V_135_14_i_i_fu_2467_p2             |     *    |      0|  0|   41|           8|           8|
    |r_V_135_1_i_i_fu_2187_p2              |     *    |      0|  0|   41|           8|           8|
    |r_V_135_2_i_i_fu_2207_p2              |     *    |      0|  0|   41|           8|           8|
    |r_V_135_3_i_i_fu_2227_p2              |     *    |      0|  0|   41|           8|           8|
    |r_V_135_4_i_i_fu_2247_p2              |     *    |      0|  0|   41|           8|           8|
    |r_V_135_5_i_i_fu_2267_p2              |     *    |      0|  0|   41|           8|           8|
    |r_V_135_6_i_i_fu_2287_p2              |     *    |      0|  0|   41|           8|           8|
    |r_V_135_7_i_i_fu_2307_p2              |     *    |      0|  0|   41|           8|           8|
    |r_V_135_8_i_i_fu_2327_p2              |     *    |      0|  0|   41|           8|           8|
    |r_V_135_9_i_i_fu_2347_p2              |     *    |      0|  0|   41|           8|           8|
    |r_V_135_i_i_37_fu_2367_p2             |     *    |      0|  0|   41|           8|           8|
    |r_V_135_i_i_fu_2167_p2                |     *    |      0|  0|   41|           8|           8|
    |r_V_13_10_i_i_fu_9037_p2              |     *    |      0|  0|   41|           8|           8|
    |r_V_13_11_i_i_fu_9058_p2              |     *    |      0|  0|   41|           8|           8|
    |r_V_13_12_i_i_fu_9079_p2              |     *    |      0|  0|   41|           8|           8|
    |r_V_13_13_i_i_fu_9100_p2              |     *    |      0|  0|   41|           8|           8|
    |r_V_13_14_i_i_fu_9121_p2              |     *    |      0|  0|   41|           8|           8|
    |r_V_13_1_i_i_fu_8827_p2               |     *    |      0|  0|   41|           8|           8|
    |r_V_13_2_i_i_fu_8848_p2               |     *    |      0|  0|   41|           8|           8|
    |r_V_13_3_i_i_fu_8869_p2               |     *    |      0|  0|   41|           8|           8|
    |r_V_13_4_i_i_fu_8890_p2               |     *    |      0|  0|   41|           8|           8|
    |r_V_13_5_i_i_fu_8911_p2               |     *    |      0|  0|   41|           8|           8|
    |r_V_13_6_i_i_fu_8932_p2               |     *    |      0|  0|   41|           8|           8|
    |r_V_13_7_i_i_fu_8953_p2               |     *    |      0|  0|   41|           8|           8|
    |r_V_13_8_i_i_fu_8974_p2               |     *    |      0|  0|   41|           8|           8|
    |r_V_13_9_i_i_fu_8995_p2               |     *    |      0|  0|   41|           8|           8|
    |r_V_13_i_i_73_fu_9016_p2              |     *    |      0|  0|   41|           8|           8|
    |r_V_13_i_i_fu_8806_p2                 |     *    |      0|  0|   41|           8|           8|
    |r_V_14_10_i_i_fu_9376_p2              |     *    |      0|  0|   41|           8|           8|
    |r_V_14_11_i_i_fu_9397_p2              |     *    |      0|  0|   41|           8|           8|
    |r_V_14_12_i_i_fu_9418_p2              |     *    |      0|  0|   41|           8|           8|
    |r_V_14_13_i_i_fu_9439_p2              |     *    |      0|  0|   41|           8|           8|
    |r_V_14_14_i_i_fu_9460_p2              |     *    |      0|  0|   41|           8|           8|
    |r_V_14_1_i_i_fu_9166_p2               |     *    |      0|  0|   41|           8|           8|
    |r_V_14_2_i_i_fu_9187_p2               |     *    |      0|  0|   41|           8|           8|
    |r_V_14_3_i_i_fu_9208_p2               |     *    |      0|  0|   41|           8|           8|
    |r_V_14_4_i_i_fu_9229_p2               |     *    |      0|  0|   41|           8|           8|
    |r_V_14_5_i_i_fu_9250_p2               |     *    |      0|  0|   41|           8|           8|
    |r_V_14_6_i_i_fu_9271_p2               |     *    |      0|  0|   41|           8|           8|
    |r_V_14_7_i_i_fu_9292_p2               |     *    |      0|  0|   41|           8|           8|
    |r_V_14_8_i_i_fu_9313_p2               |     *    |      0|  0|   41|           8|           8|
    |r_V_14_9_i_i_fu_9334_p2               |     *    |      0|  0|   41|           8|           8|
    |r_V_14_i_i_76_fu_9355_p2              |     *    |      0|  0|   41|           8|           8|
    |r_V_14_i_i_fu_9145_p2                 |     *    |      0|  0|   41|           8|           8|
    |r_V_15_10_i_i_fu_10551_p2             |     *    |      0|  0|   41|           8|           5|
    |r_V_15_11_i_i_fu_10648_p2             |     *    |      0|  0|   41|           8|           6|
    |r_V_15_12_i_i_fu_10745_p2             |     *    |      0|  0|   41|           8|           7|
    |r_V_15_13_i_i_fu_10842_p2             |     *    |      0|  0|   41|           8|           6|
    |r_V_15_14_i_i_fu_10939_p2             |     *    |      0|  0|   41|           8|           8|
    |r_V_15_1_i_i_fu_9581_p2               |     *    |      0|  0|   41|           8|           5|
    |r_V_15_2_i_i_fu_9678_p2               |     *    |      0|  0|   41|           8|           5|
    |r_V_15_3_i_i_fu_9775_p2               |     *    |      0|  0|   41|           8|           8|
    |r_V_15_4_i_i_fu_9872_p2               |     *    |      0|  0|   41|           8|           5|
    |r_V_15_5_i_i_fu_9969_p2               |     *    |      0|  0|   41|           8|           5|
    |r_V_15_6_i_i_fu_10066_p2              |     *    |      0|  0|   41|           8|           6|
    |r_V_15_7_i_i_fu_10163_p2              |     *    |      0|  0|   41|           8|           5|
    |r_V_15_8_i_i_fu_10260_p2              |     *    |      0|  0|   41|           8|           8|
    |r_V_15_9_i_i_fu_10357_p2              |     *    |      0|  0|   41|           8|           6|
    |r_V_15_i_i_79_fu_10454_p2             |     *    |      0|  0|   41|           8|           5|
    |r_V_15_i_i_fu_9484_p2                 |     *    |      0|  0|   41|           8|           5|
    |r_V_2_10_i_i_fu_2711_p2               |     *    |      0|  0|   41|           8|           8|
    |r_V_2_11_i_i_fu_2731_p2               |     *    |      0|  0|   41|           8|           8|
    |r_V_2_12_i_i_fu_2751_p2               |     *    |      0|  0|   41|           8|           8|
    |r_V_2_13_i_i_fu_2771_p2               |     *    |      0|  0|   41|           8|           8|
    |r_V_2_14_i_i_fu_2791_p2               |     *    |      0|  0|   41|           8|           8|
    |r_V_2_1_i_i_fu_2511_p2                |     *    |      0|  0|   41|           8|           8|
    |r_V_2_2_i_i_fu_2531_p2                |     *    |      0|  0|   41|           8|           8|
    |r_V_2_3_i_i_fu_2551_p2                |     *    |      0|  0|   41|           8|           8|
    |r_V_2_4_i_i_fu_2571_p2                |     *    |      0|  0|   41|           8|           8|
    |r_V_2_5_i_i_fu_2591_p2                |     *    |      0|  0|   41|           8|           8|
    |r_V_2_6_i_i_fu_2611_p2                |     *    |      0|  0|   41|           8|           8|
    |r_V_2_7_i_i_fu_2631_p2                |     *    |      0|  0|   41|           8|           8|
    |r_V_2_8_i_i_fu_2651_p2                |     *    |      0|  0|   41|           8|           8|
    |r_V_2_9_i_i_fu_2671_p2                |     *    |      0|  0|   41|           8|           8|
    |r_V_2_i_i_40_fu_2691_p2               |     *    |      0|  0|   41|           8|           8|
    |r_V_2_i_i_fu_2491_p2                  |     *    |      0|  0|   41|           8|           8|
    |r_V_3_10_i_i_fu_3035_p2               |     *    |      0|  0|   41|           8|           8|
    |r_V_3_11_i_i_fu_3055_p2               |     *    |      0|  0|   41|           8|           8|
    |r_V_3_12_i_i_fu_3075_p2               |     *    |      0|  0|   41|           8|           8|
    |r_V_3_13_i_i_fu_3095_p2               |     *    |      0|  0|   41|           8|           8|
    |r_V_3_14_i_i_fu_3115_p2               |     *    |      0|  0|   41|           8|           8|
    |r_V_3_1_i_i_fu_2835_p2                |     *    |      0|  0|   41|           8|           8|
    |r_V_3_2_i_i_fu_2855_p2                |     *    |      0|  0|   41|           8|           8|
    |r_V_3_3_i_i_fu_2875_p2                |     *    |      0|  0|   41|           8|           8|
    |r_V_3_4_i_i_fu_2895_p2                |     *    |      0|  0|   41|           8|           8|
    |r_V_3_5_i_i_fu_2915_p2                |     *    |      0|  0|   41|           8|           8|
    |r_V_3_6_i_i_fu_2935_p2                |     *    |      0|  0|   41|           8|           8|
    |r_V_3_7_i_i_fu_2955_p2                |     *    |      0|  0|   41|           8|           8|
    |r_V_3_8_i_i_fu_2975_p2                |     *    |      0|  0|   41|           8|           8|
    |r_V_3_9_i_i_fu_2995_p2                |     *    |      0|  0|   41|           8|           8|
    |r_V_3_i_i_43_fu_3015_p2               |     *    |      0|  0|   41|           8|           8|
    |r_V_3_i_i_fu_2815_p2                  |     *    |      0|  0|   41|           8|           8|
    |r_V_4_10_i_i_fu_6638_p2               |     *    |      0|  0|   41|           8|           8|
    |r_V_4_11_i_i_fu_6659_p2               |     *    |      0|  0|   41|           8|           8|
    |r_V_4_12_i_i_fu_6680_p2               |     *    |      0|  0|   41|           8|           8|
    |r_V_4_13_i_i_fu_6701_p2               |     *    |      0|  0|   41|           8|           8|
    |r_V_4_14_i_i_fu_6722_p2               |     *    |      0|  0|   41|           8|           8|
    |r_V_4_1_i_i_fu_6428_p2                |     *    |      0|  0|   41|           8|           8|
    |r_V_4_2_i_i_fu_6449_p2                |     *    |      0|  0|   41|           8|           8|
    |r_V_4_3_i_i_fu_6470_p2                |     *    |      0|  0|   41|           8|           8|
    |r_V_4_4_i_i_fu_6491_p2                |     *    |      0|  0|   41|           8|           8|
    |r_V_4_5_i_i_fu_6512_p2                |     *    |      0|  0|   41|           8|           8|
    |r_V_4_6_i_i_fu_6533_p2                |     *    |      0|  0|   41|           8|           8|
    |r_V_4_7_i_i_fu_6554_p2                |     *    |      0|  0|   41|           8|           8|
    |r_V_4_8_i_i_fu_6575_p2                |     *    |      0|  0|   41|           8|           8|
    |r_V_4_9_i_i_fu_6596_p2                |     *    |      0|  0|   41|           8|           8|
    |r_V_4_i_i_46_fu_6617_p2               |     *    |      0|  0|   41|           8|           8|
    |r_V_4_i_i_fu_6407_p2                  |     *    |      0|  0|   41|           8|           8|
    |r_V_5_10_i_i_fu_6977_p2               |     *    |      0|  0|   41|           8|           8|
    |r_V_5_11_i_i_fu_6998_p2               |     *    |      0|  0|   41|           8|           8|
    |r_V_5_12_i_i_fu_7019_p2               |     *    |      0|  0|   41|           8|           8|
    |r_V_5_13_i_i_fu_7040_p2               |     *    |      0|  0|   41|           8|           8|
    |r_V_5_14_i_i_fu_7061_p2               |     *    |      0|  0|   41|           8|           8|
    |r_V_5_1_i_i_fu_6767_p2                |     *    |      0|  0|   41|           8|           8|
    |r_V_5_2_i_i_fu_6788_p2                |     *    |      0|  0|   41|           8|           8|
    |r_V_5_3_i_i_fu_6809_p2                |     *    |      0|  0|   41|           8|           8|
    |r_V_5_4_i_i_fu_6830_p2                |     *    |      0|  0|   41|           8|           8|
    |r_V_5_5_i_i_fu_6851_p2                |     *    |      0|  0|   41|           8|           8|
    |r_V_5_6_i_i_fu_6872_p2                |     *    |      0|  0|   41|           8|           8|
    |r_V_5_7_i_i_fu_6893_p2                |     *    |      0|  0|   41|           8|           8|
    |r_V_5_8_i_i_fu_6914_p2                |     *    |      0|  0|   41|           8|           8|
    |r_V_5_9_i_i_fu_6935_p2                |     *    |      0|  0|   41|           8|           8|
    |r_V_5_i_i_49_fu_6956_p2               |     *    |      0|  0|   41|           8|           8|
    |r_V_5_i_i_fu_6746_p2                  |     *    |      0|  0|   41|           8|           8|
    |r_V_6_10_i_i_fu_7316_p2               |     *    |      0|  0|   41|           8|           8|
    |r_V_6_11_i_i_fu_7337_p2               |     *    |      0|  0|   41|           8|           8|
    |r_V_6_12_i_i_fu_7358_p2               |     *    |      0|  0|   41|           8|           8|
    |r_V_6_13_i_i_fu_7379_p2               |     *    |      0|  0|   41|           8|           8|
    |r_V_6_14_i_i_fu_7400_p2               |     *    |      0|  0|   41|           8|           8|
    |r_V_6_1_i_i_fu_7106_p2                |     *    |      0|  0|   41|           8|           8|
    |r_V_6_2_i_i_fu_7127_p2                |     *    |      0|  0|   41|           8|           8|
    |r_V_6_3_i_i_fu_7148_p2                |     *    |      0|  0|   41|           8|           8|
    |r_V_6_4_i_i_fu_7169_p2                |     *    |      0|  0|   41|           8|           8|
    |r_V_6_5_i_i_fu_7190_p2                |     *    |      0|  0|   41|           8|           8|
    |r_V_6_6_i_i_fu_7211_p2                |     *    |      0|  0|   41|           8|           8|
    |r_V_6_7_i_i_fu_7232_p2                |     *    |      0|  0|   41|           8|           8|
    |r_V_6_8_i_i_fu_7253_p2                |     *    |      0|  0|   41|           8|           8|
    |r_V_6_9_i_i_fu_7274_p2                |     *    |      0|  0|   41|           8|           8|
    |r_V_6_i_i_52_fu_7295_p2               |     *    |      0|  0|   41|           8|           8|
    |r_V_6_i_i_fu_7085_p2                  |     *    |      0|  0|   41|           8|           8|
    |r_V_7_10_i_i_fu_7655_p2               |     *    |      0|  0|   41|           8|           8|
    |r_V_7_11_i_i_fu_7676_p2               |     *    |      0|  0|   41|           8|           8|
    |r_V_7_12_i_i_fu_7697_p2               |     *    |      0|  0|   41|           8|           8|
    |r_V_7_13_i_i_fu_7718_p2               |     *    |      0|  0|   41|           8|           8|
    |r_V_7_14_i_i_fu_7739_p2               |     *    |      0|  0|   41|           8|           8|
    |r_V_7_1_i_i_fu_7445_p2                |     *    |      0|  0|   41|           8|           8|
    |r_V_7_2_i_i_fu_7466_p2                |     *    |      0|  0|   41|           8|           8|
    |r_V_7_3_i_i_fu_7487_p2                |     *    |      0|  0|   41|           8|           8|
    |r_V_7_4_i_i_fu_7508_p2                |     *    |      0|  0|   41|           8|           8|
    |r_V_7_5_i_i_fu_7529_p2                |     *    |      0|  0|   41|           8|           8|
    |r_V_7_6_i_i_fu_7550_p2                |     *    |      0|  0|   41|           8|           8|
    |r_V_7_7_i_i_fu_7571_p2                |     *    |      0|  0|   41|           8|           8|
    |r_V_7_8_i_i_fu_7592_p2                |     *    |      0|  0|   41|           8|           8|
    |r_V_7_9_i_i_fu_7613_p2                |     *    |      0|  0|   41|           8|           8|
    |r_V_7_i_i_55_fu_7634_p2               |     *    |      0|  0|   41|           8|           8|
    |r_V_7_i_i_fu_7424_p2                  |     *    |      0|  0|   41|           8|           8|
    |r_V_8_10_i_i_fu_3999_p2               |     *    |      0|  0|   41|           8|           8|
    |r_V_8_11_i_i_fu_4019_p2               |     *    |      0|  0|   41|           8|           8|
    |r_V_8_12_i_i_fu_4039_p2               |     *    |      0|  0|   41|           8|           8|
    |r_V_8_13_i_i_fu_4059_p2               |     *    |      0|  0|   41|           8|           8|
    |r_V_8_14_i_i_fu_4079_p2               |     *    |      0|  0|   41|           8|           8|
    |r_V_8_1_i_i_fu_3799_p2                |     *    |      0|  0|   41|           8|           8|
    |r_V_8_2_i_i_fu_3819_p2                |     *    |      0|  0|   41|           8|           8|
    |r_V_8_3_i_i_fu_3839_p2                |     *    |      0|  0|   41|           8|           8|
    |r_V_8_4_i_i_fu_3859_p2                |     *    |      0|  0|   41|           8|           8|
    |r_V_8_5_i_i_fu_3879_p2                |     *    |      0|  0|   41|           8|           8|
    |r_V_8_6_i_i_fu_3899_p2                |     *    |      0|  0|   41|           8|           8|
    |r_V_8_7_i_i_fu_3919_p2                |     *    |      0|  0|   41|           8|           8|
    |r_V_8_8_i_i_fu_3939_p2                |     *    |      0|  0|   41|           8|           8|
    |r_V_8_9_i_i_fu_3959_p2                |     *    |      0|  0|   41|           8|           8|
    |r_V_8_i_i_58_fu_3979_p2               |     *    |      0|  0|   41|           8|           8|
    |r_V_8_i_i_fu_3779_p2                  |     *    |      0|  0|   41|           8|           8|
    |r_V_9_10_i_i_fu_4323_p2               |     *    |      0|  0|   41|           8|           8|
    |r_V_9_11_i_i_fu_4343_p2               |     *    |      0|  0|   41|           8|           8|
    |r_V_9_12_i_i_fu_4363_p2               |     *    |      0|  0|   41|           8|           8|
    |r_V_9_13_i_i_fu_4383_p2               |     *    |      0|  0|   41|           8|           8|
    |r_V_9_14_i_i_fu_4403_p2               |     *    |      0|  0|   41|           8|           8|
    |r_V_9_1_i_i_fu_4123_p2                |     *    |      0|  0|   41|           8|           8|
    |r_V_9_2_i_i_fu_4143_p2                |     *    |      0|  0|   41|           8|           8|
    |r_V_9_3_i_i_fu_4163_p2                |     *    |      0|  0|   41|           8|           8|
    |r_V_9_4_i_i_fu_4183_p2                |     *    |      0|  0|   41|           8|           8|
    |r_V_9_5_i_i_fu_4203_p2                |     *    |      0|  0|   41|           8|           8|
    |r_V_9_6_i_i_fu_4223_p2                |     *    |      0|  0|   41|           8|           8|
    |r_V_9_7_i_i_fu_4243_p2                |     *    |      0|  0|   41|           8|           8|
    |r_V_9_8_i_i_fu_4263_p2                |     *    |      0|  0|   41|           8|           8|
    |r_V_9_9_i_i_fu_4283_p2                |     *    |      0|  0|   41|           8|           8|
    |r_V_9_i_i_61_fu_4303_p2               |     *    |      0|  0|   41|           8|           8|
    |r_V_9_i_i_fu_4103_p2                  |     *    |      0|  0|   41|           8|           8|
    |tmp_1_fu_1791_p2                      |     *    |      0|  0|   26|           4|           6|
    |dot_products_0_V_1_fu_11073_p2        |     +    |      0|  0|   32|          32|          32|
    |dot_products_10_V_1_fu_11533_p2       |     +    |      0|  0|   32|          32|          32|
    |dot_products_11_V_1_fu_11579_p2       |     +    |      0|  0|   32|          32|          32|
    |dot_products_12_V_1_fu_11625_p2       |     +    |      0|  0|   32|          32|          32|
    |dot_products_13_V_1_fu_11671_p2       |     +    |      0|  0|   32|          32|          32|
    |dot_products_14_V_1_fu_11717_p2       |     +    |      0|  0|   32|          32|          32|
    |dot_products_15_V_1_fu_11763_p2       |     +    |      0|  0|   32|          32|          32|
    |dot_products_1_V_1_fu_11119_p2        |     +    |      0|  0|   32|          32|          32|
    |dot_products_2_V_1_fu_11165_p2        |     +    |      0|  0|   32|          32|          32|
    |dot_products_3_V_1_fu_11211_p2        |     +    |      0|  0|   32|          32|          32|
    |dot_products_4_V_1_fu_11257_p2        |     +    |      0|  0|   32|          32|          32|
    |dot_products_5_V_1_fu_11303_p2        |     +    |      0|  0|   32|          32|          32|
    |dot_products_6_V_1_fu_11349_p2        |     +    |      0|  0|   32|          32|          32|
    |dot_products_7_V_1_fu_11395_p2        |     +    |      0|  0|   32|          32|          32|
    |dot_products_8_V_1_fu_11441_p2        |     +    |      0|  0|   32|          32|          32|
    |dot_products_9_V_1_fu_11487_p2        |     +    |      0|  0|   32|          32|          32|
    |i_fu_12268_p2                         |     +    |      0|  0|   15|           8|           5|
    |j_1_i_i_fu_1915_p2                    |     +    |      0|  0|   14|           5|          10|
    |k_fu_11775_p2                         |     +    |      0|  0|   15|           5|           1|
    |loc_V_fu_12112_p2                     |     +    |      0|  0|   27|          20|          20|
    |out_val_data_V_fu_12311_p2            |     +    |      0|  0|   32|          32|          32|
    |p_Val2_i_i_fu_11994_p2                |     +    |      0|  0|   32|          32|          32|
    |partial_sum_0_V_fu_12182_p2           |     +    |      0|  0|   39|          32|          32|
    |tmp100_fu_10181_p2                    |     +    |      0|  0|   38|          31|          31|
    |tmp101_fu_10191_p2                    |     +    |      0|  0|   38|          31|          31|
    |tmp102_fu_11361_p2                    |     +    |      0|  0|   32|          32|          32|
    |tmp103_fu_10207_p2                    |     +    |      0|  0|   38|          31|          31|
    |tmp104_fu_10213_p2                    |     +    |      0|  0|   38|          31|          31|
    |tmp105_fu_11384_p2                    |     +    |      0|  0|   32|          32|          32|
    |tmp106_fu_10239_p2                    |     +    |      0|  0|   39|          32|          32|
    |tmp107_fu_10219_p2                    |     +    |      0|  0|   38|          31|          31|
    |tmp108_fu_10229_p2                    |     +    |      0|  0|   38|          31|          31|
    |tmp109_fu_11378_p2                    |     +    |      0|  0|   32|          32|          32|
    |tmp10_fu_9550_p2                      |     +    |      0|  0|   38|          31|          31|
    |tmp110_fu_10245_p2                    |     +    |      0|  0|   38|          31|          31|
    |tmp111_fu_10251_p2                    |     +    |      0|  0|   38|          31|          31|
    |tmp112_fu_11413_p2                    |     +    |      0|  0|   32|          32|          32|
    |tmp113_fu_10298_p2                    |     +    |      0|  0|   39|          32|          32|
    |tmp114_fu_10278_p2                    |     +    |      0|  0|   38|          31|          31|
    |tmp115_fu_10288_p2                    |     +    |      0|  0|   38|          31|          31|
    |tmp116_fu_11407_p2                    |     +    |      0|  0|   32|          32|          32|
    |tmp117_fu_10304_p2                    |     +    |      0|  0|   38|          31|          31|
    |tmp118_fu_10310_p2                    |     +    |      0|  0|   38|          31|          31|
    |tmp119_fu_11430_p2                    |     +    |      0|  0|   32|          32|          32|
    |tmp11_fu_11056_p2                     |     +    |      0|  0|   32|          32|          32|
    |tmp120_fu_10336_p2                    |     +    |      0|  0|   39|          32|          32|
    |tmp121_fu_10316_p2                    |     +    |      0|  0|   38|          31|          31|
    |tmp122_fu_10326_p2                    |     +    |      0|  0|   38|          31|          31|
    |tmp123_fu_11424_p2                    |     +    |      0|  0|   32|          32|          32|
    |tmp124_fu_10342_p2                    |     +    |      0|  0|   38|          31|          31|
    |tmp125_fu_10348_p2                    |     +    |      0|  0|   38|          31|          31|
    |tmp126_fu_11459_p2                    |     +    |      0|  0|   32|          32|          32|
    |tmp127_fu_10395_p2                    |     +    |      0|  0|   39|          32|          32|
    |tmp128_fu_10375_p2                    |     +    |      0|  0|   38|          31|          31|
    |tmp129_fu_10385_p2                    |     +    |      0|  0|   38|          31|          31|
    |tmp12_fu_9566_p2                      |     +    |      0|  0|   38|          31|          31|
    |tmp130_fu_11453_p2                    |     +    |      0|  0|   32|          32|          32|
    |tmp131_fu_10401_p2                    |     +    |      0|  0|   38|          31|          31|
    |tmp132_fu_10407_p2                    |     +    |      0|  0|   38|          31|          31|
    |tmp133_fu_11476_p2                    |     +    |      0|  0|   32|          32|          32|
    |tmp134_fu_10433_p2                    |     +    |      0|  0|   39|          32|          32|
    |tmp135_fu_10413_p2                    |     +    |      0|  0|   38|          31|          31|
    |tmp136_fu_10423_p2                    |     +    |      0|  0|   38|          31|          31|
    |tmp137_fu_11470_p2                    |     +    |      0|  0|   32|          32|          32|
    |tmp138_fu_10439_p2                    |     +    |      0|  0|   38|          31|          31|
    |tmp139_fu_10445_p2                    |     +    |      0|  0|   38|          31|          31|
    |tmp13_fu_9572_p2                      |     +    |      0|  0|   38|          31|          31|
    |tmp140_fu_11505_p2                    |     +    |      0|  0|   32|          32|          32|
    |tmp141_fu_10492_p2                    |     +    |      0|  0|   39|          32|          32|
    |tmp142_fu_10472_p2                    |     +    |      0|  0|   38|          31|          31|
    |tmp143_fu_10482_p2                    |     +    |      0|  0|   38|          31|          31|
    |tmp144_fu_11499_p2                    |     +    |      0|  0|   32|          32|          32|
    |tmp145_fu_10498_p2                    |     +    |      0|  0|   38|          31|          31|
    |tmp146_fu_10504_p2                    |     +    |      0|  0|   38|          31|          31|
    |tmp147_fu_11522_p2                    |     +    |      0|  0|   32|          32|          32|
    |tmp148_fu_10530_p2                    |     +    |      0|  0|   39|          32|          32|
    |tmp149_fu_10510_p2                    |     +    |      0|  0|   38|          31|          31|
    |tmp14_fu_11091_p2                     |     +    |      0|  0|   32|          32|          32|
    |tmp150_fu_10520_p2                    |     +    |      0|  0|   38|          31|          31|
    |tmp151_fu_11516_p2                    |     +    |      0|  0|   32|          32|          32|
    |tmp152_fu_10536_p2                    |     +    |      0|  0|   38|          31|          31|
    |tmp153_fu_10542_p2                    |     +    |      0|  0|   38|          31|          31|
    |tmp154_fu_11551_p2                    |     +    |      0|  0|   32|          32|          32|
    |tmp155_fu_10589_p2                    |     +    |      0|  0|   39|          32|          32|
    |tmp156_fu_10569_p2                    |     +    |      0|  0|   38|          31|          31|
    |tmp157_fu_10579_p2                    |     +    |      0|  0|   38|          31|          31|
    |tmp158_fu_11545_p2                    |     +    |      0|  0|   32|          32|          32|
    |tmp159_fu_10595_p2                    |     +    |      0|  0|   38|          31|          31|
    |tmp15_fu_9619_p2                      |     +    |      0|  0|   39|          32|          32|
    |tmp160_fu_10601_p2                    |     +    |      0|  0|   38|          31|          31|
    |tmp161_fu_11568_p2                    |     +    |      0|  0|   32|          32|          32|
    |tmp162_fu_10627_p2                    |     +    |      0|  0|   39|          32|          32|
    |tmp163_fu_10607_p2                    |     +    |      0|  0|   38|          31|          31|
    |tmp164_fu_10617_p2                    |     +    |      0|  0|   38|          31|          31|
    |tmp165_fu_11562_p2                    |     +    |      0|  0|   32|          32|          32|
    |tmp166_fu_10633_p2                    |     +    |      0|  0|   38|          31|          31|
    |tmp167_fu_10639_p2                    |     +    |      0|  0|   38|          31|          31|
    |tmp168_fu_11597_p2                    |     +    |      0|  0|   32|          32|          32|
    |tmp169_fu_10686_p2                    |     +    |      0|  0|   39|          32|          32|
    |tmp16_fu_9599_p2                      |     +    |      0|  0|   38|          31|          31|
    |tmp170_fu_10666_p2                    |     +    |      0|  0|   38|          31|          31|
    |tmp171_fu_10676_p2                    |     +    |      0|  0|   38|          31|          31|
    |tmp172_fu_11591_p2                    |     +    |      0|  0|   32|          32|          32|
    |tmp173_fu_10692_p2                    |     +    |      0|  0|   38|          31|          31|
    |tmp174_fu_10698_p2                    |     +    |      0|  0|   38|          31|          31|
    |tmp175_fu_11614_p2                    |     +    |      0|  0|   32|          32|          32|
    |tmp176_fu_10724_p2                    |     +    |      0|  0|   39|          32|          32|
    |tmp177_fu_10704_p2                    |     +    |      0|  0|   38|          31|          31|
    |tmp178_fu_10714_p2                    |     +    |      0|  0|   38|          31|          31|
    |tmp179_fu_11608_p2                    |     +    |      0|  0|   32|          32|          32|
    |tmp17_fu_9609_p2                      |     +    |      0|  0|   38|          31|          31|
    |tmp180_fu_10730_p2                    |     +    |      0|  0|   38|          31|          31|
    |tmp181_fu_10736_p2                    |     +    |      0|  0|   38|          31|          31|
    |tmp182_fu_11643_p2                    |     +    |      0|  0|   32|          32|          32|
    |tmp183_fu_10783_p2                    |     +    |      0|  0|   39|          32|          32|
    |tmp184_fu_10763_p2                    |     +    |      0|  0|   38|          31|          31|
    |tmp185_fu_10773_p2                    |     +    |      0|  0|   38|          31|          31|
    |tmp186_fu_11637_p2                    |     +    |      0|  0|   32|          32|          32|
    |tmp187_fu_10789_p2                    |     +    |      0|  0|   38|          31|          31|
    |tmp188_fu_10795_p2                    |     +    |      0|  0|   38|          31|          31|
    |tmp189_fu_11660_p2                    |     +    |      0|  0|   32|          32|          32|
    |tmp18_fu_11085_p2                     |     +    |      0|  0|   32|          32|          32|
    |tmp190_fu_10821_p2                    |     +    |      0|  0|   39|          32|          32|
    |tmp191_fu_10801_p2                    |     +    |      0|  0|   38|          31|          31|
    |tmp192_fu_10811_p2                    |     +    |      0|  0|   38|          31|          31|
    |tmp193_fu_11654_p2                    |     +    |      0|  0|   32|          32|          32|
    |tmp194_fu_10827_p2                    |     +    |      0|  0|   38|          31|          31|
    |tmp195_fu_10833_p2                    |     +    |      0|  0|   38|          31|          31|
    |tmp196_fu_11689_p2                    |     +    |      0|  0|   32|          32|          32|
    |tmp197_fu_10880_p2                    |     +    |      0|  0|   39|          32|          32|
    |tmp198_fu_10860_p2                    |     +    |      0|  0|   38|          31|          31|
    |tmp199_fu_10870_p2                    |     +    |      0|  0|   38|          31|          31|
    |tmp19_fu_9625_p2                      |     +    |      0|  0|   38|          31|          31|
    |tmp1_fu_9522_p2                       |     +    |      0|  0|   39|          32|          32|
    |tmp200_fu_11683_p2                    |     +    |      0|  0|   32|          32|          32|
    |tmp201_fu_10886_p2                    |     +    |      0|  0|   38|          31|          31|
    |tmp202_fu_10892_p2                    |     +    |      0|  0|   38|          31|          31|
    |tmp203_fu_11706_p2                    |     +    |      0|  0|   32|          32|          32|
    |tmp204_fu_10918_p2                    |     +    |      0|  0|   39|          32|          32|
    |tmp205_fu_10898_p2                    |     +    |      0|  0|   38|          31|          31|
    |tmp206_fu_10908_p2                    |     +    |      0|  0|   38|          31|          31|
    |tmp207_fu_11700_p2                    |     +    |      0|  0|   32|          32|          32|
    |tmp208_fu_10924_p2                    |     +    |      0|  0|   38|          31|          31|
    |tmp209_fu_10930_p2                    |     +    |      0|  0|   38|          31|          31|
    |tmp20_fu_9631_p2                      |     +    |      0|  0|   38|          31|          31|
    |tmp210_fu_11735_p2                    |     +    |      0|  0|   32|          32|          32|
    |tmp211_fu_10977_p2                    |     +    |      0|  0|   39|          32|          32|
    |tmp212_fu_10957_p2                    |     +    |      0|  0|   38|          31|          31|
    |tmp213_fu_10967_p2                    |     +    |      0|  0|   38|          31|          31|
    |tmp214_fu_11729_p2                    |     +    |      0|  0|   32|          32|          32|
    |tmp215_fu_10983_p2                    |     +    |      0|  0|   38|          31|          31|
    |tmp216_fu_10989_p2                    |     +    |      0|  0|   38|          31|          31|
    |tmp217_fu_11752_p2                    |     +    |      0|  0|   32|          32|          32|
    |tmp218_fu_11015_p2                    |     +    |      0|  0|   39|          32|          32|
    |tmp219_fu_10995_p2                    |     +    |      0|  0|   38|          31|          31|
    |tmp21_fu_11108_p2                     |     +    |      0|  0|   32|          32|          32|
    |tmp220_fu_11005_p2                    |     +    |      0|  0|   38|          31|          31|
    |tmp221_fu_11746_p2                    |     +    |      0|  0|   32|          32|          32|
    |tmp222_fu_11021_p2                    |     +    |      0|  0|   38|          31|          31|
    |tmp223_fu_11027_p2                    |     +    |      0|  0|   38|          31|          31|
    |tmp224_fu_12296_p2                    |     +    |      0|  0|   32|          32|          32|
    |tmp225_fu_12280_p2                    |     +    |      0|  0|   32|          32|          32|
    |tmp226_fu_12274_p2                    |     +    |      0|  0|   32|          32|          32|
    |tmp227_fu_1797_p2                     |     +    |      0|  0|   39|          32|          32|
    |tmp228_fu_12291_p2                    |     +    |      0|  0|   32|          32|          32|
    |tmp229_fu_12285_p2                    |     +    |      0|  0|   32|          32|          32|
    |tmp22_fu_9657_p2                      |     +    |      0|  0|   39|          32|          32|
    |tmp230_fu_1803_p2                     |     +    |      0|  0|   39|          32|          32|
    |tmp231_fu_12306_p2                    |     +    |      0|  0|   32|          32|          32|
    |tmp232_fu_12302_p2                    |     +    |      0|  0|   32|          32|          32|
    |tmp233_fu_1809_p2                     |     +    |      0|  0|   39|          32|          32|
    |tmp234_fu_1815_p2                     |     +    |      0|  0|   39|          32|          32|
    |tmp235_fu_1839_p2                     |     +    |      0|  0|   32|          32|          32|
    |tmp236_fu_1821_p2                     |     +    |      0|  0|   32|          32|          32|
    |tmp237_fu_1833_p2                     |     +    |      0|  0|   32|          32|          32|
    |tmp238_fu_1827_p2                     |     +    |      0|  0|   32|          32|          15|
    |tmp23_fu_9637_p2                      |     +    |      0|  0|   38|          31|          31|
    |tmp24_fu_9647_p2                      |     +    |      0|  0|   38|          31|          31|
    |tmp25_fu_11102_p2                     |     +    |      0|  0|   32|          32|          32|
    |tmp26_fu_9663_p2                      |     +    |      0|  0|   38|          31|          31|
    |tmp27_fu_9669_p2                      |     +    |      0|  0|   38|          31|          31|
    |tmp28_fu_11137_p2                     |     +    |      0|  0|   32|          32|          32|
    |tmp29_fu_9716_p2                      |     +    |      0|  0|   39|          32|          32|
    |tmp2_fu_9502_p2                       |     +    |      0|  0|   38|          31|          31|
    |tmp30_fu_9696_p2                      |     +    |      0|  0|   38|          31|          31|
    |tmp31_fu_9706_p2                      |     +    |      0|  0|   38|          31|          31|
    |tmp32_fu_11131_p2                     |     +    |      0|  0|   32|          32|          32|
    |tmp33_fu_9722_p2                      |     +    |      0|  0|   38|          31|          31|
    |tmp34_fu_9728_p2                      |     +    |      0|  0|   38|          31|          31|
    |tmp35_fu_11154_p2                     |     +    |      0|  0|   32|          32|          32|
    |tmp36_fu_9754_p2                      |     +    |      0|  0|   39|          32|          32|
    |tmp37_fu_9734_p2                      |     +    |      0|  0|   38|          31|          31|
    |tmp38_fu_9744_p2                      |     +    |      0|  0|   38|          31|          31|
    |tmp39_fu_11148_p2                     |     +    |      0|  0|   32|          32|          32|
    |tmp3_fu_9512_p2                       |     +    |      0|  0|   38|          31|          31|
    |tmp40_fu_9760_p2                      |     +    |      0|  0|   38|          31|          31|
    |tmp41_fu_9766_p2                      |     +    |      0|  0|   38|          31|          31|
    |tmp42_fu_11183_p2                     |     +    |      0|  0|   32|          32|          32|
    |tmp43_fu_9813_p2                      |     +    |      0|  0|   39|          32|          32|
    |tmp44_fu_9793_p2                      |     +    |      0|  0|   38|          31|          31|
    |tmp45_fu_9803_p2                      |     +    |      0|  0|   38|          31|          31|
    |tmp46_fu_11177_p2                     |     +    |      0|  0|   32|          32|          32|
    |tmp47_fu_9819_p2                      |     +    |      0|  0|   38|          31|          31|
    |tmp48_fu_9825_p2                      |     +    |      0|  0|   38|          31|          31|
    |tmp49_fu_11200_p2                     |     +    |      0|  0|   32|          32|          32|
    |tmp4_fu_11039_p2                      |     +    |      0|  0|   32|          32|          32|
    |tmp50_fu_9851_p2                      |     +    |      0|  0|   39|          32|          32|
    |tmp51_fu_9831_p2                      |     +    |      0|  0|   38|          31|          31|
    |tmp52_fu_9841_p2                      |     +    |      0|  0|   38|          31|          31|
    |tmp53_fu_11194_p2                     |     +    |      0|  0|   32|          32|          32|
    |tmp54_fu_9857_p2                      |     +    |      0|  0|   38|          31|          31|
    |tmp55_fu_9863_p2                      |     +    |      0|  0|   38|          31|          31|
    |tmp56_fu_11229_p2                     |     +    |      0|  0|   32|          32|          32|
    |tmp57_fu_9910_p2                      |     +    |      0|  0|   39|          32|          32|
    |tmp58_fu_9890_p2                      |     +    |      0|  0|   38|          31|          31|
    |tmp59_fu_9900_p2                      |     +    |      0|  0|   38|          31|          31|
    |tmp5_fu_9528_p2                       |     +    |      0|  0|   38|          31|          31|
    |tmp60_fu_11223_p2                     |     +    |      0|  0|   32|          32|          32|
    |tmp61_fu_9916_p2                      |     +    |      0|  0|   38|          31|          31|
    |tmp62_fu_9922_p2                      |     +    |      0|  0|   38|          31|          31|
    |tmp63_fu_11246_p2                     |     +    |      0|  0|   32|          32|          32|
    |tmp64_fu_9948_p2                      |     +    |      0|  0|   39|          32|          32|
    |tmp65_fu_9928_p2                      |     +    |      0|  0|   38|          31|          31|
    |tmp66_fu_9938_p2                      |     +    |      0|  0|   38|          31|          31|
    |tmp67_fu_11240_p2                     |     +    |      0|  0|   32|          32|          32|
    |tmp68_fu_9954_p2                      |     +    |      0|  0|   38|          31|          31|
    |tmp69_fu_9960_p2                      |     +    |      0|  0|   38|          31|          31|
    |tmp6_fu_9534_p2                       |     +    |      0|  0|   38|          31|          31|
    |tmp70_fu_11275_p2                     |     +    |      0|  0|   32|          32|          32|
    |tmp71_fu_10007_p2                     |     +    |      0|  0|   39|          32|          32|
    |tmp72_fu_9987_p2                      |     +    |      0|  0|   38|          31|          31|
    |tmp73_fu_9997_p2                      |     +    |      0|  0|   38|          31|          31|
    |tmp74_fu_11269_p2                     |     +    |      0|  0|   32|          32|          32|
    |tmp75_fu_10013_p2                     |     +    |      0|  0|   38|          31|          31|
    |tmp76_fu_10019_p2                     |     +    |      0|  0|   38|          31|          31|
    |tmp77_fu_11292_p2                     |     +    |      0|  0|   32|          32|          32|
    |tmp78_fu_10045_p2                     |     +    |      0|  0|   39|          32|          32|
    |tmp79_fu_10025_p2                     |     +    |      0|  0|   38|          31|          31|
    |tmp7_fu_11062_p2                      |     +    |      0|  0|   32|          32|          32|
    |tmp80_fu_10035_p2                     |     +    |      0|  0|   38|          31|          31|
    |tmp81_fu_11286_p2                     |     +    |      0|  0|   32|          32|          32|
    |tmp82_fu_10051_p2                     |     +    |      0|  0|   38|          31|          31|
    |tmp83_fu_10057_p2                     |     +    |      0|  0|   38|          31|          31|
    |tmp84_fu_11321_p2                     |     +    |      0|  0|   32|          32|          32|
    |tmp85_fu_10104_p2                     |     +    |      0|  0|   39|          32|          32|
    |tmp86_fu_10084_p2                     |     +    |      0|  0|   38|          31|          31|
    |tmp87_fu_10094_p2                     |     +    |      0|  0|   38|          31|          31|
    |tmp88_fu_11315_p2                     |     +    |      0|  0|   32|          32|          32|
    |tmp89_fu_10110_p2                     |     +    |      0|  0|   38|          31|          31|
    |tmp8_fu_9560_p2                       |     +    |      0|  0|   39|          32|          32|
    |tmp90_fu_10116_p2                     |     +    |      0|  0|   38|          31|          31|
    |tmp91_fu_11338_p2                     |     +    |      0|  0|   32|          32|          32|
    |tmp92_fu_10142_p2                     |     +    |      0|  0|   39|          32|          32|
    |tmp93_fu_10122_p2                     |     +    |      0|  0|   38|          31|          31|
    |tmp94_fu_10132_p2                     |     +    |      0|  0|   38|          31|          31|
    |tmp95_fu_11332_p2                     |     +    |      0|  0|   32|          32|          32|
    |tmp96_fu_10148_p2                     |     +    |      0|  0|   38|          31|          31|
    |tmp97_fu_10154_p2                     |     +    |      0|  0|   38|          31|          31|
    |tmp98_fu_11367_p2                     |     +    |      0|  0|   32|          32|          32|
    |tmp99_fu_10201_p2                     |     +    |      0|  0|   39|          32|          32|
    |tmp9_fu_9540_p2                       |     +    |      0|  0|   38|          31|          31|
    |tmp_10_fu_11481_p2                    |     +    |      0|  0|   32|          32|          32|
    |tmp_11_fu_11527_p2                    |     +    |      0|  0|   32|          32|          32|
    |tmp_12_fu_11573_p2                    |     +    |      0|  0|   32|          32|          32|
    |tmp_13_fu_11619_p2                    |     +    |      0|  0|   32|          32|          32|
    |tmp_14_fu_11665_p2                    |     +    |      0|  0|   32|          32|          32|
    |tmp_15_fu_11711_p2                    |     +    |      0|  0|   32|          32|          32|
    |tmp_16_fu_11757_p2                    |     +    |      0|  0|   32|          32|          32|
    |tmp_20_fu_1890_p2                     |     +    |      0|  0|   14|          10|          10|
    |tmp_2_fu_11113_p2                     |     +    |      0|  0|   32|          32|          32|
    |tmp_3_fu_11159_p2                     |     +    |      0|  0|   32|          32|          32|
    |tmp_4_fu_11205_p2                     |     +    |      0|  0|   32|          32|          32|
    |tmp_5_fu_11251_p2                     |     +    |      0|  0|   32|          32|          32|
    |tmp_6_fu_11297_p2                     |     +    |      0|  0|   32|          32|          32|
    |tmp_7_fu_11343_p2                     |     +    |      0|  0|   32|          32|          32|
    |tmp_8_fu_11389_p2                     |     +    |      0|  0|   32|          32|          32|
    |tmp_9_fu_11435_p2                     |     +    |      0|  0|   32|          32|          32|
    |tmp_9_i_i_fu_11789_p2                 |     +    |      0|  0|   15|           8|           8|
    |tmp_fu_11045_p2                       |     +    |      0|  0|   32|          32|          32|
    |tmp_s_fu_11067_p2                     |     +    |      0|  0|   32|          32|          32|
    |dist_sq_V_fu_12005_p2                 |     -    |      0|  0|   32|          32|          32|
    |p_op_fu_12029_p2                      |     -    |      0|  0|   27|           1|          20|
    |ap_condition_2061                     |    and   |      0|  0|    2|           1|           1|
    |out_stream_V_data_V_1_load_A          |    and   |      0|  0|    2|           1|           1|
    |out_stream_V_data_V_1_load_B          |    and   |      0|  0|    2|           1|           1|
    |out_stream_V_last_V_1_load_A          |    and   |      0|  0|    2|           1|           1|
    |out_stream_V_last_V_1_load_B          |    and   |      0|  0|    2|           1|           1|
    |exitcond4_i_i_fu_1850_p2              |   icmp   |      0|  0|   13|          10|           9|
    |exitcond5_i_i_fu_11769_p2             |   icmp   |      0|  0|   11|           5|           6|
    |out_stream_V_data_V_1_state_cmp_full  |   icmp   |      0|  0|    8|           2|           1|
    |out_stream_V_last_V_1_state_cmp_full  |   icmp   |      0|  0|    8|           2|           1|
    |out_val_last_V_fu_1845_p2             |   icmp   |      0|  0|   13|          12|          12|
    |tmp_i_i_fu_1771_p2                    |   icmp   |      0|  0|   11|           8|           8|
    |ap_block_state1                       |    or    |      0|  0|    2|           1|           1|
    |ap_block_state19                      |    or    |      0|  0|    2|           1|           1|
    |p_Val2_3_fu_12034_p3                  |  select  |      0|  0|   20|           1|           1|
    |ap_enable_pp0                         |    xor   |      0|  0|    2|           1|           2|
    |ap_enable_pp1                         |    xor   |      0|  0|    2|           1|           2|
    |ap_enable_reg_pp0_iter1               |    xor   |      0|  0|    2|           2|           1|
    |ap_enable_reg_pp1_iter1               |    xor   |      0|  0|    2|           2|           1|
    |r_V_fu_12069_p2                       |    xor   |      0|  0|   12|          11|          12|
    +--------------------------------------+----------+-------+---+-----+------------+------------+
    |Total                                 |          |      0|  0|20594|       10845|       10813|
    +--------------------------------------+----------+-------+---+-----+------------+------------+

    * Multiplexer: 
    +-----------------------------------------------+----+-----------+-----+-----------+
    |                      Name                     | LUT| Input Size| Bits| Total Bits|
    +-----------------------------------------------+----+-----------+-----+-----------+
    |ap_NS_fsm                                      |  44|          9|    1|          9|
    |ap_done                                        |   9|          2|    1|          2|
    |ap_enable_reg_pp0_iter1                        |   9|          2|    1|          2|
    |ap_enable_reg_pp0_iter3                        |   9|          2|    1|          2|
    |ap_enable_reg_pp1_iter1                        |   9|          2|    1|          2|
    |ap_enable_reg_pp1_iter8                        |   9|          2|    1|          2|
    |ap_phi_reg_pp1_iter2_UnifiedRetVal_i_reg_1582  |  85|         17|    8|        136|
    |ap_phi_reg_pp1_iter2_p_Val2_1_reg_1545         |  85|         17|   30|        510|
    |ap_phi_reg_pp1_iter4_p_Val2_5_reg_1620         |   9|          2|   20|         40|
    |ap_phi_reg_pp1_iter7_p_Val2_5_reg_1620         |   9|          2|   20|         40|
    |dot_products_0_V_reg_1511                      |   9|          2|   32|         64|
    |dot_products_10_V_reg_1391                     |   9|          2|   32|         64|
    |dot_products_11_V_reg_1379                     |   9|          2|   32|         64|
    |dot_products_12_V_reg_1367                     |   9|          2|   32|         64|
    |dot_products_13_V_reg_1355                     |   9|          2|   32|         64|
    |dot_products_14_V_reg_1343                     |   9|          2|   32|         64|
    |dot_products_15_V_reg_1331                     |   9|          2|   32|         64|
    |dot_products_1_V_reg_1499                      |   9|          2|   32|         64|
    |dot_products_2_V_reg_1487                      |   9|          2|   32|         64|
    |dot_products_3_V_reg_1475                      |   9|          2|   32|         64|
    |dot_products_4_V_reg_1463                      |   9|          2|   32|         64|
    |dot_products_5_V_reg_1451                      |   9|          2|   32|         64|
    |dot_products_6_V_reg_1439                      |   9|          2|   32|         64|
    |dot_products_7_V_reg_1427                      |   9|          2|   32|         64|
    |dot_products_8_V_reg_1415                      |   9|          2|   32|         64|
    |dot_products_9_V_reg_1403                      |   9|          2|   32|         64|
    |i_i_i_reg_1319                                 |   9|          2|    8|         16|
    |j_i_i_reg_1523                                 |   9|          2|   10|         20|
    |k3_i_i_reg_1534                                |   9|          2|    5|         10|
    |n_0_i_i_blk_n                                  |   9|          2|    1|          2|
    |out_stream_TDATA_blk_n                         |   9|          2|    1|          2|
    |out_stream_V_data_V_1_data_out                 |   9|          2|   32|         64|
    |out_stream_V_data_V_1_state                    |  15|          3|    2|          6|
    |out_stream_V_keep_V_1_state                    |  15|          3|    2|          6|
    |out_stream_V_last_V_1_data_out                 |   9|          2|    1|          2|
    |out_stream_V_last_V_1_state                    |  15|          3|    2|          6|
    |out_stream_V_strb_V_1_state                    |  15|          3|    2|          6|
    |partial_sum_15_V_10_fu_416                     |   9|          2|   32|         64|
    |partial_sum_15_V_11_fu_420                     |   9|          2|   32|         64|
    |partial_sum_15_V_12_fu_424                     |   9|          2|   32|         64|
    |partial_sum_15_V_13_fu_428                     |   9|          2|   32|         64|
    |partial_sum_15_V_14_fu_432                     |   9|          2|   32|         64|
    |partial_sum_15_V_15_fu_436                     |   9|          2|   32|         64|
    |partial_sum_15_V_1_fu_380                      |   9|          2|   32|         64|
    |partial_sum_15_V_2_fu_384                      |   9|          2|   32|         64|
    |partial_sum_15_V_3_fu_388                      |   9|          2|   32|         64|
    |partial_sum_15_V_4_fu_392                      |   9|          2|   32|         64|
    |partial_sum_15_V_5_fu_396                      |   9|          2|   32|         64|
    |partial_sum_15_V_6_fu_400                      |   9|          2|   32|         64|
    |partial_sum_15_V_7_fu_404                      |   9|          2|   32|         64|
    |partial_sum_15_V_8_fu_408                      |   9|          2|   32|         64|
    |partial_sum_15_V_9_fu_412                      |   9|          2|   32|         64|
    |partial_sum_15_V_fu_440                        |   9|          2|   32|         64|
    +-----------------------------------------------+----+-----------+-----+-----------+
    |Total                                          | 688|        147| 1174|       2933|
    +-----------------------------------------------+----+-----------+-----+-----------+

    * Register: 
    +-----------------------------------------------+----+----+-----+-----------+
    |                      Name                     | FF | LUT| Bits| Const Bits|
    +-----------------------------------------------+----+----+-----+-----------+
    |UnifiedRetVal_i_reg_1582                       |   8|   0|    8|          0|
    |ap_CS_fsm                                      |   8|   0|    8|          0|
    |ap_done_reg                                    |   1|   0|    1|          0|
    |ap_enable_reg_pp0_iter0                        |   1|   0|    1|          0|
    |ap_enable_reg_pp0_iter1                        |   1|   0|    1|          0|
    |ap_enable_reg_pp0_iter2                        |   1|   0|    1|          0|
    |ap_enable_reg_pp0_iter3                        |   1|   0|    1|          0|
    |ap_enable_reg_pp1_iter0                        |   1|   0|    1|          0|
    |ap_enable_reg_pp1_iter1                        |   1|   0|    1|          0|
    |ap_enable_reg_pp1_iter2                        |   1|   0|    1|          0|
    |ap_enable_reg_pp1_iter3                        |   1|   0|    1|          0|
    |ap_enable_reg_pp1_iter4                        |   1|   0|    1|          0|
    |ap_enable_reg_pp1_iter5                        |   1|   0|    1|          0|
    |ap_enable_reg_pp1_iter6                        |   1|   0|    1|          0|
    |ap_enable_reg_pp1_iter7                        |   1|   0|    1|          0|
    |ap_enable_reg_pp1_iter8                        |   1|   0|    1|          0|
    |ap_phi_reg_pp1_iter1_UnifiedRetVal_i_reg_1582  |   8|   0|    8|          0|
    |ap_phi_reg_pp1_iter1_p_Val2_1_reg_1545         |  30|   0|   30|          0|
    |ap_phi_reg_pp1_iter1_p_Val2_5_reg_1620         |  20|   0|   20|          0|
    |ap_phi_reg_pp1_iter2_UnifiedRetVal_i_reg_1582  |   8|   0|    8|          0|
    |ap_phi_reg_pp1_iter2_p_Val2_1_reg_1545         |  30|   0|   30|          0|
    |ap_phi_reg_pp1_iter2_p_Val2_5_reg_1620         |  20|   0|   20|          0|
    |ap_phi_reg_pp1_iter3_p_Val2_5_reg_1620         |  20|   0|   20|          0|
    |ap_phi_reg_pp1_iter4_p_Val2_5_reg_1620         |  20|   0|   20|          0|
    |ap_phi_reg_pp1_iter5_p_Val2_5_reg_1620         |  20|   0|   20|          0|
    |ap_phi_reg_pp1_iter6_p_Val2_5_reg_1620         |  20|   0|   20|          0|
    |ap_phi_reg_pp1_iter7_p_Val2_5_reg_1620         |  20|   0|   20|          0|
    |dot_products_0_V_reg_1511                      |  32|   0|   32|          0|
    |dot_products_10_V_reg_1391                     |  32|   0|   32|          0|
    |dot_products_11_V_reg_1379                     |  32|   0|   32|          0|
    |dot_products_12_V_reg_1367                     |  32|   0|   32|          0|
    |dot_products_13_V_reg_1355                     |  32|   0|   32|          0|
    |dot_products_14_V_reg_1343                     |  32|   0|   32|          0|
    |dot_products_15_V_reg_1331                     |  32|   0|   32|          0|
    |dot_products_1_V_reg_1499                      |  32|   0|   32|          0|
    |dot_products_2_V_reg_1487                      |  32|   0|   32|          0|
    |dot_products_3_V_reg_1475                      |  32|   0|   32|          0|
    |dot_products_4_V_reg_1463                      |  32|   0|   32|          0|
    |dot_products_5_V_reg_1451                      |  32|   0|   32|          0|
    |dot_products_6_V_reg_1439                      |  32|   0|   32|          0|
    |dot_products_7_V_reg_1427                      |  32|   0|   32|          0|
    |dot_products_8_V_reg_1415                      |  32|   0|   32|          0|
    |dot_products_9_V_reg_1403                      |  32|   0|   32|          0|
    |exitcond4_i_i_reg_12493                        |   1|   0|    1|          0|
    |exitcond5_i_i_reg_14542                        |   1|   0|    1|          0|
    |frac_raw_V_reg_14891                           |   5|   0|    5|          0|
    |frac_raw_V_reg_14891_pp1_iter4_reg             |   5|   0|    5|          0|
    |i_i_i_reg_1319                                 |   8|   0|    8|          0|
    |inc_raw_V_reg_14911                            |  12|   0|   12|          0|
    |j_i_i_reg_1523                                 |  10|   0|   10|          0|
    |k3_i_i_reg_1534                                |   5|   0|    5|          0|
    |n_0_i_i_read_reg_12444                         |  12|   0|   12|          0|
    |out_stream_V_data_V_1_payload_A                |  32|   0|   32|          0|
    |out_stream_V_data_V_1_payload_B                |  32|   0|   32|          0|
    |out_stream_V_data_V_1_sel_rd                   |   1|   0|    1|          0|
    |out_stream_V_data_V_1_sel_wr                   |   1|   0|    1|          0|
    |out_stream_V_data_V_1_state                    |   2|   0|    2|          0|
    |out_stream_V_keep_V_1_sel_rd                   |   1|   0|    1|          0|
    |out_stream_V_keep_V_1_state                    |   2|   0|    2|          0|
    |out_stream_V_last_V_1_payload_A                |   1|   0|    1|          0|
    |out_stream_V_last_V_1_payload_B                |   1|   0|    1|          0|
    |out_stream_V_last_V_1_sel_rd                   |   1|   0|    1|          0|
    |out_stream_V_last_V_1_sel_wr                   |   1|   0|    1|          0|
    |out_stream_V_last_V_1_state                    |   2|   0|    2|          0|
    |out_stream_V_strb_V_1_sel_rd                   |   1|   0|    1|          0|
    |out_stream_V_strb_V_1_state                    |   2|   0|    2|          0|
    |out_val_last_V_reg_12488                       |   1|   0|    1|          0|
    |p_Val2_cast_i_i_reg_12449                      |  26|   0|   32|          6|
    |partial_sum_15_V_10_fu_416                     |  32|   0|   32|          0|
    |partial_sum_15_V_11_fu_420                     |  32|   0|   32|          0|
    |partial_sum_15_V_12_fu_424                     |  32|   0|   32|          0|
    |partial_sum_15_V_13_fu_428                     |  32|   0|   32|          0|
    |partial_sum_15_V_14_fu_432                     |  32|   0|   32|          0|
    |partial_sum_15_V_15_fu_436                     |  32|   0|   32|          0|
    |partial_sum_15_V_1_fu_380                      |  32|   0|   32|          0|
    |partial_sum_15_V_2_fu_384                      |  32|   0|   32|          0|
    |partial_sum_15_V_3_fu_388                      |  32|   0|   32|          0|
    |partial_sum_15_V_4_fu_392                      |  32|   0|   32|          0|
    |partial_sum_15_V_5_fu_396                      |  32|   0|   32|          0|
    |partial_sum_15_V_6_fu_400                      |  32|   0|   32|          0|
    |partial_sum_15_V_7_fu_404                      |  32|   0|   32|          0|
    |partial_sum_15_V_8_fu_408                      |  32|   0|   32|          0|
    |partial_sum_15_V_9_fu_412                      |  32|   0|   32|          0|
    |partial_sum_15_V_fu_440                        |  32|   0|   32|          0|
    |r_V_0_10_i_i_reg_12717                         |  16|   0|   16|          0|
    |r_V_0_11_i_i_reg_12722                         |  16|   0|   16|          0|
    |r_V_0_12_i_i_reg_12727                         |  16|   0|   16|          0|
    |r_V_0_13_i_i_reg_12732                         |  16|   0|   16|          0|
    |r_V_0_14_i_i_reg_12737                         |  16|   0|   16|          0|
    |r_V_0_1_i_i_reg_12667                          |  16|   0|   16|          0|
    |r_V_0_2_i_i_reg_12672                          |  16|   0|   16|          0|
    |r_V_0_3_i_i_reg_12677                          |  16|   0|   16|          0|
    |r_V_0_4_i_i_reg_12682                          |  16|   0|   16|          0|
    |r_V_0_5_i_i_reg_12687                          |  16|   0|   16|          0|
    |r_V_0_6_i_i_reg_12692                          |  16|   0|   16|          0|
    |r_V_0_7_i_i_reg_12697                          |  16|   0|   16|          0|
    |r_V_0_8_i_i_reg_12702                          |  16|   0|   16|          0|
    |r_V_0_9_i_i_reg_12707                          |  16|   0|   16|          0|
    |r_V_0_i_i_33_reg_12712                         |  16|   0|   16|          0|
    |r_V_0_i_i_reg_12662                            |  16|   0|   16|          0|
    |r_V_10_10_i_i_reg_13537                        |  16|   0|   16|          0|
    |r_V_10_11_i_i_reg_13542                        |  16|   0|   16|          0|
    |r_V_10_12_i_i_reg_13547                        |  16|   0|   16|          0|
    |r_V_10_13_i_i_reg_13552                        |  16|   0|   16|          0|
    |r_V_10_14_i_i_reg_13557                        |  16|   0|   16|          0|
    |r_V_10_1_i_i_reg_13487                         |  16|   0|   16|          0|
    |r_V_10_2_i_i_reg_13492                         |  16|   0|   16|          0|
    |r_V_10_3_i_i_reg_13497                         |  16|   0|   16|          0|
    |r_V_10_4_i_i_reg_13502                         |  16|   0|   16|          0|
    |r_V_10_5_i_i_reg_13507                         |  16|   0|   16|          0|
    |r_V_10_6_i_i_reg_13512                         |  16|   0|   16|          0|
    |r_V_10_7_i_i_reg_13517                         |  16|   0|   16|          0|
    |r_V_10_8_i_i_reg_13522                         |  16|   0|   16|          0|
    |r_V_10_9_i_i_reg_13527                         |  16|   0|   16|          0|
    |r_V_10_i_i_64_reg_13532                        |  16|   0|   16|          0|
    |r_V_10_i_i_reg_13482                           |  16|   0|   16|          0|
    |r_V_11_10_i_i_reg_13617                        |  16|   0|   16|          0|
    |r_V_11_11_i_i_reg_13622                        |  16|   0|   16|          0|
    |r_V_11_12_i_i_reg_13627                        |  16|   0|   16|          0|
    |r_V_11_13_i_i_reg_13632                        |  16|   0|   16|          0|
    |r_V_11_14_i_i_reg_13637                        |  16|   0|   16|          0|
    |r_V_11_1_i_i_reg_13567                         |  16|   0|   16|          0|
    |r_V_11_2_i_i_reg_13572                         |  16|   0|   16|          0|
    |r_V_11_3_i_i_reg_13577                         |  16|   0|   16|          0|
    |r_V_11_4_i_i_reg_13582                         |  16|   0|   16|          0|
    |r_V_11_5_i_i_reg_13587                         |  16|   0|   16|          0|
    |r_V_11_6_i_i_reg_13592                         |  16|   0|   16|          0|
    |r_V_11_7_i_i_reg_13597                         |  16|   0|   16|          0|
    |r_V_11_8_i_i_reg_13602                         |  16|   0|   16|          0|
    |r_V_11_9_i_i_reg_13607                         |  16|   0|   16|          0|
    |r_V_11_i_i_67_reg_13612                        |  16|   0|   16|          0|
    |r_V_11_i_i_reg_13562                           |  16|   0|   16|          0|
    |r_V_135_10_i_i_reg_12797                       |  16|   0|   16|          0|
    |r_V_135_11_i_i_reg_12802                       |  16|   0|   16|          0|
    |r_V_135_12_i_i_reg_12807                       |  16|   0|   16|          0|
    |r_V_135_13_i_i_reg_12812                       |  16|   0|   16|          0|
    |r_V_135_14_i_i_reg_12817                       |  16|   0|   16|          0|
    |r_V_135_1_i_i_reg_12747                        |  16|   0|   16|          0|
    |r_V_135_2_i_i_reg_12752                        |  16|   0|   16|          0|
    |r_V_135_3_i_i_reg_12757                        |  16|   0|   16|          0|
    |r_V_135_4_i_i_reg_12762                        |  16|   0|   16|          0|
    |r_V_135_5_i_i_reg_12767                        |  16|   0|   16|          0|
    |r_V_135_6_i_i_reg_12772                        |  16|   0|   16|          0|
    |r_V_135_7_i_i_reg_12777                        |  16|   0|   16|          0|
    |r_V_135_8_i_i_reg_12782                        |  16|   0|   16|          0|
    |r_V_135_9_i_i_reg_12787                        |  16|   0|   16|          0|
    |r_V_135_i_i_37_reg_12792                       |  16|   0|   16|          0|
    |r_V_135_i_i_reg_12742                          |  16|   0|   16|          0|
    |r_V_2_10_i_i_reg_12877                         |  16|   0|   16|          0|
    |r_V_2_11_i_i_reg_12882                         |  16|   0|   16|          0|
    |r_V_2_12_i_i_reg_12887                         |  16|   0|   16|          0|
    |r_V_2_13_i_i_reg_12892                         |  16|   0|   16|          0|
    |r_V_2_14_i_i_reg_12897                         |  16|   0|   16|          0|
    |r_V_2_1_i_i_reg_12827                          |  16|   0|   16|          0|
    |r_V_2_2_i_i_reg_12832                          |  16|   0|   16|          0|
    |r_V_2_3_i_i_reg_12837                          |  16|   0|   16|          0|
    |r_V_2_4_i_i_reg_12842                          |  16|   0|   16|          0|
    |r_V_2_5_i_i_reg_12847                          |  16|   0|   16|          0|
    |r_V_2_6_i_i_reg_12852                          |  16|   0|   16|          0|
    |r_V_2_7_i_i_reg_12857                          |  16|   0|   16|          0|
    |r_V_2_8_i_i_reg_12862                          |  16|   0|   16|          0|
    |r_V_2_9_i_i_reg_12867                          |  16|   0|   16|          0|
    |r_V_2_i_i_40_reg_12872                         |  16|   0|   16|          0|
    |r_V_2_i_i_reg_12822                            |  16|   0|   16|          0|
    |r_V_3_10_i_i_reg_12957                         |  16|   0|   16|          0|
    |r_V_3_11_i_i_reg_12962                         |  16|   0|   16|          0|
    |r_V_3_12_i_i_reg_12967                         |  16|   0|   16|          0|
    |r_V_3_13_i_i_reg_12972                         |  16|   0|   16|          0|
    |r_V_3_14_i_i_reg_12977                         |  16|   0|   16|          0|
    |r_V_3_1_i_i_reg_12907                          |  16|   0|   16|          0|
    |r_V_3_2_i_i_reg_12912                          |  16|   0|   16|          0|
    |r_V_3_3_i_i_reg_12917                          |  16|   0|   16|          0|
    |r_V_3_4_i_i_reg_12922                          |  16|   0|   16|          0|
    |r_V_3_5_i_i_reg_12927                          |  16|   0|   16|          0|
    |r_V_3_6_i_i_reg_12932                          |  16|   0|   16|          0|
    |r_V_3_7_i_i_reg_12937                          |  16|   0|   16|          0|
    |r_V_3_8_i_i_reg_12942                          |  16|   0|   16|          0|
    |r_V_3_9_i_i_reg_12947                          |  16|   0|   16|          0|
    |r_V_3_i_i_43_reg_12952                         |  16|   0|   16|          0|
    |r_V_3_i_i_reg_12902                            |  16|   0|   16|          0|
    |r_V_8_10_i_i_reg_13377                         |  16|   0|   16|          0|
    |r_V_8_11_i_i_reg_13382                         |  16|   0|   16|          0|
    |r_V_8_12_i_i_reg_13387                         |  16|   0|   16|          0|
    |r_V_8_13_i_i_reg_13392                         |  16|   0|   16|          0|
    |r_V_8_14_i_i_reg_13397                         |  16|   0|   16|          0|
    |r_V_8_1_i_i_reg_13327                          |  16|   0|   16|          0|
    |r_V_8_2_i_i_reg_13332                          |  16|   0|   16|          0|
    |r_V_8_3_i_i_reg_13337                          |  16|   0|   16|          0|
    |r_V_8_4_i_i_reg_13342                          |  16|   0|   16|          0|
    |r_V_8_5_i_i_reg_13347                          |  16|   0|   16|          0|
    |r_V_8_6_i_i_reg_13352                          |  16|   0|   16|          0|
    |r_V_8_7_i_i_reg_13357                          |  16|   0|   16|          0|
    |r_V_8_8_i_i_reg_13362                          |  16|   0|   16|          0|
    |r_V_8_9_i_i_reg_13367                          |  16|   0|   16|          0|
    |r_V_8_i_i_58_reg_13372                         |  16|   0|   16|          0|
    |r_V_8_i_i_reg_13322                            |  16|   0|   16|          0|
    |r_V_9_10_i_i_reg_13457                         |  16|   0|   16|          0|
    |r_V_9_11_i_i_reg_13462                         |  16|   0|   16|          0|
    |r_V_9_12_i_i_reg_13467                         |  16|   0|   16|          0|
    |r_V_9_13_i_i_reg_13472                         |  16|   0|   16|          0|
    |r_V_9_14_i_i_reg_13477                         |  16|   0|   16|          0|
    |r_V_9_1_i_i_reg_13407                          |  16|   0|   16|          0|
    |r_V_9_2_i_i_reg_13412                          |  16|   0|   16|          0|
    |r_V_9_3_i_i_reg_13417                          |  16|   0|   16|          0|
    |r_V_9_4_i_i_reg_13422                          |  16|   0|   16|          0|
    |r_V_9_5_i_i_reg_13427                          |  16|   0|   16|          0|
    |r_V_9_6_i_i_reg_13432                          |  16|   0|   16|          0|
    |r_V_9_7_i_i_reg_13437                          |  16|   0|   16|          0|
    |r_V_9_8_i_i_reg_13442                          |  16|   0|   16|          0|
    |r_V_9_9_i_i_reg_13447                          |  16|   0|   16|          0|
    |r_V_9_i_i_61_reg_13452                         |  16|   0|   16|          0|
    |r_V_9_i_i_reg_13402                            |  16|   0|   16|          0|
    |tmp103_reg_14197                               |  17|   0|   31|         14|
    |tmp104_reg_14202                               |  17|   0|   31|         14|
    |tmp106_reg_14207                               |  18|   0|   32|         14|
    |tmp110_reg_14212                               |  17|   0|   31|         14|
    |tmp111_reg_14217                               |  17|   0|   31|         14|
    |tmp113_reg_14222                               |  18|   0|   32|         14|
    |tmp117_reg_14227                               |  17|   0|   31|         14|
    |tmp118_reg_14232                               |  17|   0|   31|         14|
    |tmp120_reg_14237                               |  18|   0|   32|         14|
    |tmp124_reg_14242                               |  17|   0|   31|         14|
    |tmp125_reg_14247                               |  17|   0|   31|         14|
    |tmp127_reg_14252                               |  18|   0|   32|         14|
    |tmp12_reg_14002                                |  17|   0|   31|         14|
    |tmp131_reg_14257                               |  17|   0|   31|         14|
    |tmp132_reg_14262                               |  17|   0|   31|         14|
    |tmp134_reg_14267                               |  18|   0|   32|         14|
    |tmp138_reg_14272                               |  17|   0|   31|         14|
    |tmp139_reg_14277                               |  17|   0|   31|         14|
    |tmp13_reg_14007                                |  17|   0|   31|         14|
    |tmp141_reg_14282                               |  18|   0|   32|         14|
    |tmp145_reg_14287                               |  17|   0|   31|         14|
    |tmp146_reg_14292                               |  17|   0|   31|         14|
    |tmp148_reg_14297                               |  18|   0|   32|         14|
    |tmp152_reg_14302                               |  17|   0|   31|         14|
    |tmp153_reg_14307                               |  17|   0|   31|         14|
    |tmp155_reg_14312                               |  18|   0|   32|         14|
    |tmp159_reg_14317                               |  17|   0|   31|         14|
    |tmp15_reg_14012                                |  18|   0|   32|         14|
    |tmp160_reg_14322                               |  17|   0|   31|         14|
    |tmp162_reg_14327                               |  18|   0|   32|         14|
    |tmp166_reg_14332                               |  17|   0|   31|         14|
    |tmp167_reg_14337                               |  17|   0|   31|         14|
    |tmp169_reg_14342                               |  18|   0|   32|         14|
    |tmp173_reg_14347                               |  17|   0|   31|         14|
    |tmp174_reg_14352                               |  17|   0|   31|         14|
    |tmp176_reg_14357                               |  18|   0|   32|         14|
    |tmp180_reg_14362                               |  17|   0|   31|         14|
    |tmp181_reg_14367                               |  17|   0|   31|         14|
    |tmp183_reg_14372                               |  18|   0|   32|         14|
    |tmp187_reg_14377                               |  17|   0|   31|         14|
    |tmp188_reg_14382                               |  17|   0|   31|         14|
    |tmp190_reg_14387                               |  18|   0|   32|         14|
    |tmp194_reg_14392                               |  17|   0|   31|         14|
    |tmp195_reg_14397                               |  17|   0|   31|         14|
    |tmp197_reg_14402                               |  18|   0|   32|         14|
    |tmp19_reg_14017                                |  17|   0|   31|         14|
    |tmp1_reg_13982                                 |  18|   0|   32|         14|
    |tmp201_reg_14407                               |  17|   0|   31|         14|
    |tmp202_reg_14412                               |  17|   0|   31|         14|
    |tmp204_reg_14417                               |  18|   0|   32|         14|
    |tmp208_reg_14422                               |  17|   0|   31|         14|
    |tmp209_reg_14427                               |  17|   0|   31|         14|
    |tmp20_reg_14022                                |  17|   0|   31|         14|
    |tmp211_reg_14432                               |  18|   0|   32|         14|
    |tmp215_reg_14437                               |  17|   0|   31|         14|
    |tmp216_reg_14442                               |  17|   0|   31|         14|
    |tmp218_reg_14447                               |  18|   0|   32|         14|
    |tmp222_reg_14452                               |  17|   0|   31|         14|
    |tmp223_reg_14457                               |  17|   0|   31|         14|
    |tmp227_reg_12463                               |  32|   0|   32|          0|
    |tmp22_reg_14027                                |  18|   0|   32|         14|
    |tmp230_reg_12468                               |  32|   0|   32|          0|
    |tmp233_reg_12473                               |  32|   0|   32|          0|
    |tmp234_reg_12478                               |  32|   0|   32|          0|
    |tmp235_reg_12483                               |  32|   0|   32|          0|
    |tmp26_reg_14032                                |  17|   0|   31|         14|
    |tmp27_reg_14037                                |  17|   0|   31|         14|
    |tmp29_reg_14042                                |  18|   0|   32|         14|
    |tmp33_reg_14047                                |  17|   0|   31|         14|
    |tmp34_reg_14052                                |  17|   0|   31|         14|
    |tmp36_reg_14057                                |  18|   0|   32|         14|
    |tmp40_reg_14062                                |  17|   0|   31|         14|
    |tmp41_reg_14067                                |  17|   0|   31|         14|
    |tmp43_reg_14072                                |  18|   0|   32|         14|
    |tmp47_reg_14077                                |  17|   0|   31|         14|
    |tmp48_reg_14082                                |  17|   0|   31|         14|
    |tmp50_reg_14087                                |  18|   0|   32|         14|
    |tmp54_reg_14092                                |  17|   0|   31|         14|
    |tmp55_reg_14097                                |  17|   0|   31|         14|
    |tmp57_reg_14102                                |  18|   0|   32|         14|
    |tmp5_reg_13987                                 |  17|   0|   31|         14|
    |tmp61_reg_14107                                |  17|   0|   31|         14|
    |tmp62_reg_14112                                |  17|   0|   31|         14|
    |tmp64_reg_14117                                |  18|   0|   32|         14|
    |tmp68_reg_14122                                |  17|   0|   31|         14|
    |tmp69_reg_14127                                |  17|   0|   31|         14|
    |tmp6_reg_13992                                 |  17|   0|   31|         14|
    |tmp71_reg_14132                                |  18|   0|   32|         14|
    |tmp75_reg_14137                                |  17|   0|   31|         14|
    |tmp76_reg_14142                                |  17|   0|   31|         14|
    |tmp78_reg_14147                                |  18|   0|   32|         14|
    |tmp82_reg_14152                                |  17|   0|   31|         14|
    |tmp83_reg_14157                                |  17|   0|   31|         14|
    |tmp85_reg_14162                                |  18|   0|   32|         14|
    |tmp89_reg_14167                                |  17|   0|   31|         14|
    |tmp8_reg_13997                                 |  18|   0|   32|         14|
    |tmp90_reg_14172                                |  17|   0|   31|         14|
    |tmp92_reg_14177                                |  18|   0|   32|         14|
    |tmp96_reg_14182                                |  17|   0|   31|         14|
    |tmp97_reg_14187                                |  17|   0|   31|         14|
    |tmp99_reg_14192                                |  18|   0|   32|         14|
    |tmp_100_i_i_reg_13092                          |   8|   0|    8|          0|
    |tmp_101_i_i_reg_13097                          |   8|   0|    8|          0|
    |tmp_102_i_i_reg_13102                          |   8|   0|    8|          0|
    |tmp_103_i_i_reg_13107                          |   8|   0|    8|          0|
    |tmp_104_i_i_reg_13112                          |   8|   0|    8|          0|
    |tmp_105_i_i_reg_13117                          |   8|   0|    8|          0|
    |tmp_106_i_i_reg_13122                          |   8|   0|    8|          0|
    |tmp_107_i_i_reg_13127                          |   8|   0|    8|          0|
    |tmp_108_i_i_reg_13132                          |   8|   0|    8|          0|
    |tmp_109_i_i_reg_13137                          |   8|   0|    8|          0|
    |tmp_110_i_i_reg_13142                          |   8|   0|    8|          0|
    |tmp_111_i_i_reg_13147                          |   8|   0|    8|          0|
    |tmp_112_i_i_reg_13152                          |   8|   0|    8|          0|
    |tmp_113_i_i_reg_13162                          |   8|   0|    8|          0|
    |tmp_114_i_i_reg_13167                          |   8|   0|    8|          0|
    |tmp_115_i_i_reg_13172                          |   8|   0|    8|          0|
    |tmp_116_i_i_reg_13177                          |   8|   0|    8|          0|
    |tmp_117_i_i_reg_13182                          |   8|   0|    8|          0|
    |tmp_118_i_i_reg_13187                          |   8|   0|    8|          0|
    |tmp_119_i_i_reg_13192                          |   8|   0|    8|          0|
    |tmp_120_i_i_reg_13197                          |   8|   0|    8|          0|
    |tmp_121_i_i_reg_13202                          |   8|   0|    8|          0|
    |tmp_122_i_i_reg_13207                          |   8|   0|    8|          0|
    |tmp_123_i_i_reg_13212                          |   8|   0|    8|          0|
    |tmp_124_i_i_reg_13217                          |   8|   0|    8|          0|
    |tmp_125_i_i_reg_13222                          |   8|   0|    8|          0|
    |tmp_126_i_i_reg_13227                          |   8|   0|    8|          0|
    |tmp_127_i_i_reg_13232                          |   8|   0|    8|          0|
    |tmp_128_i_i_reg_13237                          |   8|   0|    8|          0|
    |tmp_129_i_i_reg_13247                          |   8|   0|    8|          0|
    |tmp_130_i_i_reg_13252                          |   8|   0|    8|          0|
    |tmp_131_i_i_reg_13257                          |   8|   0|    8|          0|
    |tmp_132_i_i_reg_13262                          |   8|   0|    8|          0|
    |tmp_133_i_i_reg_13267                          |   8|   0|    8|          0|
    |tmp_134_i_i_reg_13272                          |   8|   0|    8|          0|
    |tmp_135_i_i_reg_13277                          |   8|   0|    8|          0|
    |tmp_136_i_i_reg_13282                          |   8|   0|    8|          0|
    |tmp_137_i_i_reg_13287                          |   8|   0|    8|          0|
    |tmp_138_i_i_reg_13292                          |   8|   0|    8|          0|
    |tmp_139_i_i_reg_13297                          |   8|   0|    8|          0|
    |tmp_140_i_i_reg_13302                          |   8|   0|    8|          0|
    |tmp_141_i_i_reg_13307                          |   8|   0|    8|          0|
    |tmp_142_i_i_reg_13312                          |   8|   0|    8|          0|
    |tmp_143_i_i_reg_13317                          |   8|   0|    8|          0|
    |tmp_18_reg_14906                               |  12|   0|   12|          0|
    |tmp_1_reg_12458                                |  10|   0|   10|          0|
    |tmp_208_i_i_reg_13642                          |   8|   0|    8|          0|
    |tmp_209_i_i_reg_13652                          |   8|   0|    8|          0|
    |tmp_210_i_i_reg_13657                          |   8|   0|    8|          0|
    |tmp_211_i_i_reg_13662                          |   8|   0|    8|          0|
    |tmp_212_i_i_reg_13667                          |   8|   0|    8|          0|
    |tmp_213_i_i_reg_13672                          |   8|   0|    8|          0|
    |tmp_214_i_i_reg_13677                          |   8|   0|    8|          0|
    |tmp_215_i_i_reg_13682                          |   8|   0|    8|          0|
    |tmp_216_i_i_reg_13687                          |   8|   0|    8|          0|
    |tmp_217_i_i_reg_13692                          |   8|   0|    8|          0|
    |tmp_218_i_i_reg_13697                          |   8|   0|    8|          0|
    |tmp_219_i_i_reg_13702                          |   8|   0|    8|          0|
    |tmp_21_reg_14882                               |  20|   0|   20|          0|
    |tmp_220_i_i_reg_13707                          |   8|   0|    8|          0|
    |tmp_221_i_i_reg_13712                          |   8|   0|    8|          0|
    |tmp_222_i_i_reg_13717                          |   8|   0|    8|          0|
    |tmp_223_i_i_reg_13722                          |   8|   0|    8|          0|
    |tmp_224_i_i_reg_13727                          |   8|   0|    8|          0|
    |tmp_225_i_i_reg_13737                          |   8|   0|    8|          0|
    |tmp_226_i_i_reg_13742                          |   8|   0|    8|          0|
    |tmp_227_i_i_reg_13747                          |   8|   0|    8|          0|
    |tmp_228_i_i_reg_13752                          |   8|   0|    8|          0|
    |tmp_229_i_i_reg_13757                          |   8|   0|    8|          0|
    |tmp_230_i_i_reg_13762                          |   8|   0|    8|          0|
    |tmp_231_i_i_reg_13767                          |   8|   0|    8|          0|
    |tmp_232_i_i_reg_13772                          |   8|   0|    8|          0|
    |tmp_233_i_i_reg_13777                          |   8|   0|    8|          0|
    |tmp_234_i_i_reg_13782                          |   8|   0|    8|          0|
    |tmp_235_i_i_reg_13787                          |   8|   0|    8|          0|
    |tmp_236_i_i_reg_13792                          |   8|   0|    8|          0|
    |tmp_237_i_i_reg_13797                          |   8|   0|    8|          0|
    |tmp_238_i_i_reg_13802                          |   8|   0|    8|          0|
    |tmp_239_i_i_reg_13807                          |   8|   0|    8|          0|
    |tmp_240_i_i_reg_13812                          |   8|   0|    8|          0|
    |tmp_241_i_i_reg_13822                          |   8|   0|    8|          0|
    |tmp_242_i_i_reg_13827                          |   8|   0|    8|          0|
    |tmp_243_i_i_reg_13832                          |   8|   0|    8|          0|
    |tmp_244_i_i_reg_13837                          |   8|   0|    8|          0|
    |tmp_245_i_i_reg_13842                          |   8|   0|    8|          0|
    |tmp_246_i_i_reg_13847                          |   8|   0|    8|          0|
    |tmp_247_i_i_reg_13852                          |   8|   0|    8|          0|
    |tmp_248_i_i_reg_13857                          |   8|   0|    8|          0|
    |tmp_249_i_i_reg_13862                          |   8|   0|    8|          0|
    |tmp_250_i_i_reg_13867                          |   8|   0|    8|          0|
    |tmp_251_i_i_reg_13872                          |   8|   0|    8|          0|
    |tmp_252_i_i_reg_13877                          |   8|   0|    8|          0|
    |tmp_253_i_i_reg_13882                          |   8|   0|    8|          0|
    |tmp_254_i_i_reg_13887                          |   8|   0|    8|          0|
    |tmp_255_i_i_reg_13892                          |   8|   0|    8|          0|
    |tmp_255_reg_13897                              |   5|   0|    5|          0|
    |tmp_256_reg_13907                              |   5|   0|    5|          0|
    |tmp_257_reg_13912                              |   5|   0|    5|          0|
    |tmp_258_reg_13922                              |   5|   0|    5|          0|
    |tmp_259_i_i_reg_13917                          |   8|   0|    8|          0|
    |tmp_260_reg_13927                              |   5|   0|    5|          0|
    |tmp_261_reg_13932                              |   6|   0|    6|          0|
    |tmp_262_reg_13937                              |   5|   0|    5|          0|
    |tmp_263_reg_13947                              |   6|   0|    6|          0|
    |tmp_264_i_i_reg_13942                          |   8|   0|    8|          0|
    |tmp_264_reg_13952                              |   5|   0|    5|          0|
    |tmp_265_reg_13957                              |   5|   0|    5|          0|
    |tmp_266_reg_13962                              |   6|   0|    6|          0|
    |tmp_267_reg_13967                              |   7|   0|    7|          0|
    |tmp_268_reg_13972                              |   6|   0|    6|          0|
    |tmp_269_reg_14551                              |   4|   0|    4|          0|
    |tmp_271_i_i_reg_13977                          |   8|   0|    8|          0|
    |tmp_271_reg_14877                              |   1|   0|    1|          0|
    |tmp_272_reg_14887                              |   1|   0|    1|          0|
    |tmp_279_i_i_reg_14921                          |  22|   0|   22|          0|
    |tmp_80_i_i_reg_12982                           |   8|   0|    8|          0|
    |tmp_81_i_i_reg_12992                           |   8|   0|    8|          0|
    |tmp_82_i_i_reg_12997                           |   8|   0|    8|          0|
    |tmp_83_i_i_reg_13002                           |   8|   0|    8|          0|
    |tmp_84_i_i_reg_13007                           |   8|   0|    8|          0|
    |tmp_85_i_i_reg_13012                           |   8|   0|    8|          0|
    |tmp_86_i_i_reg_13017                           |   8|   0|    8|          0|
    |tmp_87_i_i_reg_13022                           |   8|   0|    8|          0|
    |tmp_88_i_i_reg_13027                           |   8|   0|    8|          0|
    |tmp_89_i_i_reg_13032                           |   8|   0|    8|          0|
    |tmp_90_i_i_reg_13037                           |   8|   0|    8|          0|
    |tmp_91_i_i_reg_13042                           |   8|   0|    8|          0|
    |tmp_92_i_i_reg_13047                           |   8|   0|    8|          0|
    |tmp_93_i_i_reg_13052                           |   8|   0|    8|          0|
    |tmp_94_i_i_reg_13057                           |   8|   0|    8|          0|
    |tmp_95_i_i_reg_13062                           |   8|   0|    8|          0|
    |tmp_96_i_i_reg_13067                           |   8|   0|    8|          0|
    |tmp_97_i_i_reg_13077                           |   8|   0|    8|          0|
    |tmp_98_i_i_reg_13082                           |   8|   0|    8|          0|
    |tmp_99_i_i_reg_13087                           |   8|   0|    8|          0|
    |x_local_12_V_load_reg_13647                    |   8|   0|    8|          0|
    |x_local_13_V_load_reg_13732                    |   8|   0|    8|          0|
    |x_local_14_V_load_reg_13817                    |   8|   0|    8|          0|
    |x_local_15_V_load_reg_13902                    |   8|   0|    8|          0|
    |x_local_4_V_load_reg_12987                     |   8|   0|    8|          0|
    |x_local_5_V_load_reg_13072                     |   8|   0|    8|          0|
    |x_local_6_V_load_reg_13157                     |   8|   0|    8|          0|
    |x_local_7_V_load_reg_13242                     |   8|   0|    8|          0|
    |y0_raw_V_reg_14901                             |  20|   0|   20|          0|
    |y0_raw_V_reg_14901_pp1_iter5_reg               |  20|   0|   20|          0|
    |UnifiedRetVal_i_reg_1582                       |  64|  32|    8|          0|
    |exitcond4_i_i_reg_12493                        |  64|  32|    1|          0|
    |exitcond5_i_i_reg_14542                        |  64|  32|    1|          0|
    |tmp_269_reg_14551                              |  64|  32|    4|          0|
    |tmp_272_reg_14887                              |  64|  32|    1|          0|
    +-----------------------------------------------+----+----+-----+-----------+
    |Total                                          |6793| 160| 7838|       1350|
    +-----------------------------------------------+----+----+-----+-----------+



================================================================
== Interface
================================================================
* Summary: 
+-----------------------+-----+-----+------------+---------------------+--------------+
|       RTL Ports       | Dir | Bits|  Protocol  |    Source Object    |    C Type    |
+-----------------------+-----+-----+------------+---------------------+--------------+
|ap_clk                 |  in |    1| ap_ctrl_hs |  compute_and_output | return value |
|ap_rst                 |  in |    1| ap_ctrl_hs |  compute_and_output | return value |
|ap_start               |  in |    1| ap_ctrl_hs |  compute_and_output | return value |
|ap_done                | out |    1| ap_ctrl_hs |  compute_and_output | return value |
|ap_continue            |  in |    1| ap_ctrl_hs |  compute_and_output | return value |
|ap_idle                | out |    1| ap_ctrl_hs |  compute_and_output | return value |
|ap_ready               | out |    1| ap_ctrl_hs |  compute_and_output | return value |
|x_local_0_V_address0   | out |    6|  ap_memory |     x_local_0_V     |     array    |
|x_local_0_V_ce0        | out |    1|  ap_memory |     x_local_0_V     |     array    |
|x_local_0_V_q0         |  in |    8|  ap_memory |     x_local_0_V     |     array    |
|x_local_1_V_address0   | out |    6|  ap_memory |     x_local_1_V     |     array    |
|x_local_1_V_ce0        | out |    1|  ap_memory |     x_local_1_V     |     array    |
|x_local_1_V_q0         |  in |    8|  ap_memory |     x_local_1_V     |     array    |
|x_local_2_V_address0   | out |    6|  ap_memory |     x_local_2_V     |     array    |
|x_local_2_V_ce0        | out |    1|  ap_memory |     x_local_2_V     |     array    |
|x_local_2_V_q0         |  in |    8|  ap_memory |     x_local_2_V     |     array    |
|x_local_3_V_address0   | out |    6|  ap_memory |     x_local_3_V     |     array    |
|x_local_3_V_ce0        | out |    1|  ap_memory |     x_local_3_V     |     array    |
|x_local_3_V_q0         |  in |    8|  ap_memory |     x_local_3_V     |     array    |
|x_local_4_V_address0   | out |    6|  ap_memory |     x_local_4_V     |     array    |
|x_local_4_V_ce0        | out |    1|  ap_memory |     x_local_4_V     |     array    |
|x_local_4_V_q0         |  in |    8|  ap_memory |     x_local_4_V     |     array    |
|x_local_5_V_address0   | out |    6|  ap_memory |     x_local_5_V     |     array    |
|x_local_5_V_ce0        | out |    1|  ap_memory |     x_local_5_V     |     array    |
|x_local_5_V_q0         |  in |    8|  ap_memory |     x_local_5_V     |     array    |
|x_local_6_V_address0   | out |    6|  ap_memory |     x_local_6_V     |     array    |
|x_local_6_V_ce0        | out |    1|  ap_memory |     x_local_6_V     |     array    |
|x_local_6_V_q0         |  in |    8|  ap_memory |     x_local_6_V     |     array    |
|x_local_7_V_address0   | out |    6|  ap_memory |     x_local_7_V     |     array    |
|x_local_7_V_ce0        | out |    1|  ap_memory |     x_local_7_V     |     array    |
|x_local_7_V_q0         |  in |    8|  ap_memory |     x_local_7_V     |     array    |
|x_local_8_V_address0   | out |    6|  ap_memory |     x_local_8_V     |     array    |
|x_local_8_V_ce0        | out |    1|  ap_memory |     x_local_8_V     |     array    |
|x_local_8_V_q0         |  in |    8|  ap_memory |     x_local_8_V     |     array    |
|x_local_9_V_address0   | out |    6|  ap_memory |     x_local_9_V     |     array    |
|x_local_9_V_ce0        | out |    1|  ap_memory |     x_local_9_V     |     array    |
|x_local_9_V_q0         |  in |    8|  ap_memory |     x_local_9_V     |     array    |
|x_local_10_V_address0  | out |    6|  ap_memory |     x_local_10_V    |     array    |
|x_local_10_V_ce0       | out |    1|  ap_memory |     x_local_10_V    |     array    |
|x_local_10_V_q0        |  in |    8|  ap_memory |     x_local_10_V    |     array    |
|x_local_11_V_address0  | out |    6|  ap_memory |     x_local_11_V    |     array    |
|x_local_11_V_ce0       | out |    1|  ap_memory |     x_local_11_V    |     array    |
|x_local_11_V_q0        |  in |    8|  ap_memory |     x_local_11_V    |     array    |
|x_local_12_V_address0  | out |    6|  ap_memory |     x_local_12_V    |     array    |
|x_local_12_V_ce0       | out |    1|  ap_memory |     x_local_12_V    |     array    |
|x_local_12_V_q0        |  in |    8|  ap_memory |     x_local_12_V    |     array    |
|x_local_13_V_address0  | out |    6|  ap_memory |     x_local_13_V    |     array    |
|x_local_13_V_ce0       | out |    1|  ap_memory |     x_local_13_V    |     array    |
|x_local_13_V_q0        |  in |    8|  ap_memory |     x_local_13_V    |     array    |
|x_local_14_V_address0  | out |    6|  ap_memory |     x_local_14_V    |     array    |
|x_local_14_V_ce0       | out |    1|  ap_memory |     x_local_14_V    |     array    |
|x_local_14_V_q0        |  in |    8|  ap_memory |     x_local_14_V    |     array    |
|x_local_15_V_address0  | out |    6|  ap_memory |     x_local_15_V    |     array    |
|x_local_15_V_ce0       | out |    1|  ap_memory |     x_local_15_V    |     array    |
|x_local_15_V_q0        |  in |    8|  ap_memory |     x_local_15_V    |     array    |
|p_read                 |  in |   24|   ap_none  |        p_read       |    scalar    |
|out_stream_TDATA       | out |   32|    axis    | out_stream_V_data_V |    pointer   |
|out_stream_TVALID      | out |    1|    axis    | out_stream_V_last_V |    pointer   |
|out_stream_TREADY      |  in |    1|    axis    | out_stream_V_last_V |    pointer   |
|out_stream_TLAST       | out |    1|    axis    | out_stream_V_last_V |    pointer   |
|out_stream_TKEEP       | out |    1|    axis    | out_stream_V_keep_V |    pointer   |
|out_stream_TSTRB       | out |    1|    axis    | out_stream_V_strb_V |    pointer   |
|n_0_i_i_dout           |  in |   12|   ap_fifo  |       n_0_i_i       |    pointer   |
|n_0_i_i_empty_n        |  in |    1|   ap_fifo  |       n_0_i_i       |    pointer   |
|n_0_i_i_read           | out |    1|   ap_fifo  |       n_0_i_i       |    pointer   |
+-----------------------+-----+-----+------------+---------------------+--------------+

