

================================================================
== Vivado HLS Report for 'compute_class'
================================================================
* Date:           Wed Feb 18 17:52:19 2026

* Version:        2018.2 (Build 2258646 on Thu Jun 14 20:25:20 MDT 2018)
* Project:        ADSD
* Solution:       solution1
* Product family: zynq
* Target device:  xc7z020clg484-1


================================================================
== Performance Estimates
================================================================
+ Timing (ns): 
    * Summary: 
    +--------+-------+----------+------------+
    |  Clock | Target| Estimated| Uncertainty|
    +--------+-------+----------+------------+
    |ap_clk  |  10.00|     9.599|        1.25|
    +--------+-------+----------+------------+

+ Latency (clock cycles): 
    * Summary: 
    +-----+-----+-----+-----+---------+
    |  Latency  |  Interval | Pipeline|
    | min | max | min | max |   Type  |
    +-----+-----+-----+-----+---------+
    |  937|  937|  937|  937|   none  |
    +-----+-----+-----+-----+---------+

    + Detail: 
        * Instance: 
        N/A

        * Loop: 
        +---------------------+-----+-----+----------+-----------+-----------+------+----------+
        |                     |  Latency  | Iteration|  Initiation Interval  | Trip |          |
        |      Loop Name      | min | max |  Latency |  achieved |   target  | Count| Pipelined|
        +---------------------+-----+-----+----------+-----------+-----------+------+----------+
        |- classify_label2    |  935|  935|        85|          -|          -|    11|    no    |
        | + classify_label1   |   51|   51|         4|          1|          1|    49|    yes   |
        | + Reconstruct_Loop  |   29|   29|        15|          1|          1|    16|    yes   |
        +---------------------+-----+-----+----------+-----------+-----------+------+----------+



================================================================
== Utilization Estimates
================================================================
* Summary: 
+-----------------+---------+-------+--------+-------+
|       Name      | BRAM_18K| DSP48E|   FF   |  LUT  |
+-----------------+---------+-------+--------+-------+
|DSP              |        -|      1|       -|      -|
|Expression       |        -|      0|       0|  26012|
|FIFO             |        -|      -|       -|      -|
|Instance         |        -|      -|       0|    195|
|Memory           |      116|      -|     549|    107|
|Multiplexer      |        -|      -|       -|    615|
|Register         |        0|      -|    7358|    160|
+-----------------+---------+-------+--------+-------+
|Total            |      116|      1|    7907|  27089|
+-----------------+---------+-------+--------+-------+
|Available        |      280|    220|  106400|  53200|
+-----------------+---------+-------+--------+-------+
|Utilization (%)  |       41|   ~0  |       7|     50|
+-----------------+---------+-------+--------+-------+

+ Detail: 
    * Instance: 
    +--------------------------+----------------------+---------+-------+---+----+
    |         Instance         |        Module        | BRAM_18K| DSP48E| FF| LUT|
    +--------------------------+----------------------+---------+-------+---+----+
    |classify_mux_164_Xh4_U28  |classify_mux_164_Xh4  |        0|      0|  0|  65|
    |classify_mux_164_Xh4_U30  |classify_mux_164_Xh4  |        0|      0|  0|  65|
    |classify_mux_164_Yie_U29  |classify_mux_164_Yie  |        0|      0|  0|  65|
    +--------------------------+----------------------+---------+-------+---+----+
    |Total                     |                      |        0|      0|  0| 195|
    +--------------------------+----------------------+---------+-------+---+----+

    * DSP48: 
    +--------------------------+----------------------+-----------+
    |         Instance         |        Module        | Expression|
    +--------------------------+----------------------+-----------+
    |classify_mul_mul_Zio_U31  |classify_mul_mul_Zio  |  i0 * i1  |
    +--------------------------+----------------------+-----------+

    * Memory: 
    +-----------------+----------------------+---------+----+----+------+-----+------+-------------+
    |      Memory     |        Module        | BRAM_18K| FF | LUT| Words| Bits| Banks| W*Bits*Banks|
    +-----------------+----------------------+---------+----+----+------+-----+------+-------------+
    |alphas_V_957_U   |compute_class_alpAem  |        0|   5|   1|    11|    5|     1|           55|
    |alphas_V_1044_U  |compute_class_alpBew  |        0|   6|   2|    11|    6|     1|           66|
    |alphas_V_1145_U  |compute_class_alpCeG  |        0|   7|   2|    11|    7|     1|           77|
    |alphas_V_1246_U  |compute_class_alpDeQ  |        0|   5|   1|    11|    5|     1|           55|
    |alphas_V_1347_U  |compute_class_alpEe0  |        0|   5|   1|    11|    5|     1|           55|
    |alphas_V_1448_U  |compute_class_alpFfa  |        0|   6|   2|    11|    6|     1|           66|
    |alphas_V_1549_U  |compute_class_alpGfk  |        0|   5|   1|    11|    5|     1|           55|
    |alphas_V_0_U     |compute_class_alprcU  |        0|   7|   2|    11|    7|     1|           77|
    |alphas_V_143_U   |compute_class_alpsc4  |        0|   6|   2|    11|    6|     1|           66|
    |alphas_V_250_U   |compute_class_alptde  |        0|   6|   2|    11|    6|     1|           66|
    |alphas_V_351_U   |compute_class_alpudo  |        0|   8|   2|    11|    8|     1|           88|
    |alphas_V_452_U   |compute_class_alpvdy  |        0|   6|   2|    11|    6|     1|           66|
    |alphas_V_553_U   |compute_class_alpwdI  |        0|   5|   1|    11|    5|     1|           55|
    |alphas_V_654_U   |compute_class_alpxdS  |        0|   5|   1|    11|    5|     1|           55|
    |alphas_V_755_U   |compute_class_alpyd2  |        0|   6|   2|    11|    6|     1|           66|
    |alphas_V_856_U   |compute_class_alpzec  |        0|   5|   1|    11|    5|     1|           55|
    |sv_norms_V_0_U   |compute_class_sv_Hfu  |        0|  30|   6|    11|   30|     1|          330|
    |sv_norms_V_1_U   |compute_class_sv_IfE  |        0|  28|   5|    11|   28|     1|          308|
    |sv_norms_V_2_U   |compute_class_sv_JfO  |        0|  30|   6|    11|   30|     1|          330|
    |sv_norms_V_3_U   |compute_class_sv_KfY  |        0|  28|   5|    11|   28|     1|          308|
    |sv_norms_V_4_U   |compute_class_sv_Lf8  |        0|  28|   5|    11|   28|     1|          308|
    |sv_norms_V_5_U   |compute_class_sv_Mgi  |        0|  28|   5|    10|   28|     1|          280|
    |sv_norms_V_6_U   |compute_class_sv_Ngs  |        0|  29|   5|    10|   29|     1|          290|
    |sv_norms_V_7_U   |compute_class_sv_OgC  |        0|  27|   5|    10|   27|     1|          270|
    |sv_norms_V_8_U   |compute_class_sv_PgM  |        0|  29|   5|    10|   29|     1|          290|
    |sv_norms_V_9_U   |compute_class_sv_QgW  |        0|  29|   5|    10|   29|     1|          290|
    |sv_norms_V_10_U  |compute_class_sv_Rg6  |        0|  28|   5|    10|   28|     1|          280|
    |sv_norms_V_11_U  |compute_class_sv_Shg  |        0|  28|   5|    10|   28|     1|          280|
    |sv_norms_V_12_U  |compute_class_sv_Thq  |        0|  29|   5|    10|   29|     1|          290|
    |sv_norms_V_13_U  |compute_class_sv_UhA  |        0|  28|   5|    10|   28|     1|          280|
    |sv_norms_V_14_U  |compute_class_sv_VhK  |        0|  27|   5|    10|   27|     1|          270|
    |sv_norms_V_15_U  |compute_class_sv_WhU  |        0|  30|   5|    10|   30|     1|          300|
    |svs_V_0_U        |compute_class_svsbkb  |        7|   0|   0|   539|  125|     1|        67375|
    |svs_V_1_U        |compute_class_svscud  |        7|   0|   0|   539|  125|     1|        67375|
    |svs_V_2_U        |compute_class_svsdEe  |        7|   0|   0|   539|  125|     1|        67375|
    |svs_V_3_U        |compute_class_svseOg  |        8|   0|   0|   539|  128|     1|        68992|
    |svs_V_4_U        |compute_class_svsfYi  |        7|   0|   0|   539|  125|     1|        67375|
    |svs_V_5_U        |compute_class_svsg8j  |        7|   0|   0|   539|  125|     1|        67375|
    |svs_V_6_U        |compute_class_svshbi  |        7|   0|   0|   539|  126|     1|        67914|
    |svs_V_7_U        |compute_class_svsibs  |        7|   0|   0|   539|  125|     1|        67375|
    |svs_V_8_U        |compute_class_svsjbC  |        8|   0|   0|   539|  128|     1|        68992|
    |svs_V_9_U        |compute_class_svskbM  |        7|   0|   0|   539|  126|     1|        67914|
    |svs_V_10_U       |compute_class_svslbW  |        7|   0|   0|   539|  125|     1|        67375|
    |svs_V_11_U       |compute_class_svsmb6  |        7|   0|   0|   539|  125|     1|        67375|
    |svs_V_12_U       |compute_class_svsncg  |        7|   0|   0|   539|  126|     1|        67914|
    |svs_V_13_U       |compute_class_svsocq  |        8|   0|   0|   539|  127|     1|        68453|
    |svs_V_14_U       |compute_class_svspcA  |        7|   0|   0|   539|  126|     1|        67914|
    |svs_V_15_U       |compute_class_svsqcK  |        8|   0|   0|   539|  128|     1|        68992|
    +-----------------+----------------------+---------+----+----+------+-----+------+-------------+
    |Total            |                      |      116| 549| 107|  8965| 2564|    48|      1091812|
    +-----------------+----------------------+---------+----+----+------+-----+------+-------------+

    * FIFO: 
    N/A

    * Expression: 
    +-----------------------------------+----------+-------+---+-----+------------+------------+
    |           Variable Name           | Operation| DSP48E| FF| LUT | Bitwidth P0| Bitwidth P1|
    +-----------------------------------+----------+-------+---+-----+------------+------------+
    |r_V_0_10_i_fu_2210_p2              |     *    |      0|  0|   41|           8|           8|
    |r_V_0_11_i_fu_2224_p2              |     *    |      0|  0|   41|           8|           8|
    |r_V_0_12_i_fu_2238_p2              |     *    |      0|  0|   41|           8|           8|
    |r_V_0_13_i_fu_2252_p2              |     *    |      0|  0|   41|           8|           8|
    |r_V_0_14_i_fu_2266_p2              |     *    |      0|  0|   41|           8|           8|
    |r_V_0_1_i_fu_2070_p2               |     *    |      0|  0|   41|           8|           8|
    |r_V_0_2_i_fu_2084_p2               |     *    |      0|  0|   41|           8|           8|
    |r_V_0_3_i_fu_2098_p2               |     *    |      0|  0|   41|           8|           8|
    |r_V_0_4_i_fu_2112_p2               |     *    |      0|  0|   41|           8|           8|
    |r_V_0_5_i_fu_2126_p2               |     *    |      0|  0|   41|           8|           8|
    |r_V_0_6_i_fu_2140_p2               |     *    |      0|  0|   41|           8|           8|
    |r_V_0_7_i_fu_2154_p2               |     *    |      0|  0|   41|           8|           8|
    |r_V_0_8_i_fu_2168_p2               |     *    |      0|  0|   41|           8|           8|
    |r_V_0_9_i_fu_2182_p2               |     *    |      0|  0|   41|           8|           8|
    |r_V_0_i_38_fu_2196_p2              |     *    |      0|  0|   41|           8|           8|
    |r_V_0_i_fu_2056_p2                 |     *    |      0|  0|   41|           8|           8|
    |r_V_10_10_i_fu_4770_p2             |     *    |      0|  0|   41|           8|           8|
    |r_V_10_11_i_fu_4790_p2             |     *    |      0|  0|   41|           8|           8|
    |r_V_10_12_i_fu_4810_p2             |     *    |      0|  0|   41|           8|           8|
    |r_V_10_13_i_fu_4830_p2             |     *    |      0|  0|   41|           8|           8|
    |r_V_10_14_i_fu_4850_p2             |     *    |      0|  0|   41|           8|           8|
    |r_V_10_1_i_fu_4570_p2              |     *    |      0|  0|   41|           8|           8|
    |r_V_10_2_i_fu_4590_p2              |     *    |      0|  0|   41|           8|           8|
    |r_V_10_3_i_fu_4610_p2              |     *    |      0|  0|   41|           8|           8|
    |r_V_10_4_i_fu_4630_p2              |     *    |      0|  0|   41|           8|           8|
    |r_V_10_5_i_fu_4650_p2              |     *    |      0|  0|   41|           8|           8|
    |r_V_10_6_i_fu_4670_p2              |     *    |      0|  0|   41|           8|           8|
    |r_V_10_7_i_fu_4690_p2              |     *    |      0|  0|   41|           8|           8|
    |r_V_10_8_i_fu_4710_p2              |     *    |      0|  0|   41|           8|           8|
    |r_V_10_9_i_fu_4730_p2              |     *    |      0|  0|   41|           8|           8|
    |r_V_10_i_69_fu_4750_p2             |     *    |      0|  0|   41|           8|           8|
    |r_V_10_i_fu_4550_p2                |     *    |      0|  0|   41|           8|           8|
    |r_V_11_10_i_fu_5094_p2             |     *    |      0|  0|   41|           8|           8|
    |r_V_11_11_i_fu_5114_p2             |     *    |      0|  0|   41|           8|           8|
    |r_V_11_12_i_fu_5134_p2             |     *    |      0|  0|   41|           8|           8|
    |r_V_11_13_i_fu_5154_p2             |     *    |      0|  0|   41|           8|           8|
    |r_V_11_14_i_fu_5174_p2             |     *    |      0|  0|   41|           8|           8|
    |r_V_11_1_i_fu_4894_p2              |     *    |      0|  0|   41|           8|           8|
    |r_V_11_2_i_fu_4914_p2              |     *    |      0|  0|   41|           8|           8|
    |r_V_11_3_i_fu_4934_p2              |     *    |      0|  0|   41|           8|           8|
    |r_V_11_4_i_fu_4954_p2              |     *    |      0|  0|   41|           8|           8|
    |r_V_11_5_i_fu_4974_p2              |     *    |      0|  0|   41|           8|           8|
    |r_V_11_6_i_fu_4994_p2              |     *    |      0|  0|   41|           8|           8|
    |r_V_11_7_i_fu_5014_p2              |     *    |      0|  0|   41|           8|           8|
    |r_V_11_8_i_fu_5034_p2              |     *    |      0|  0|   41|           8|           8|
    |r_V_11_9_i_fu_5054_p2              |     *    |      0|  0|   41|           8|           8|
    |r_V_11_i_72_fu_5074_p2             |     *    |      0|  0|   41|           8|           8|
    |r_V_11_i_fu_4874_p2                |     *    |      0|  0|   41|           8|           8|
    |r_V_12_10_i_fu_8821_p2             |     *    |      0|  0|   41|           8|           8|
    |r_V_12_11_i_fu_8842_p2             |     *    |      0|  0|   41|           8|           8|
    |r_V_12_12_i_fu_8863_p2             |     *    |      0|  0|   41|           8|           8|
    |r_V_12_13_i_fu_8884_p2             |     *    |      0|  0|   41|           8|           8|
    |r_V_12_14_i_fu_8905_p2             |     *    |      0|  0|   41|           8|           8|
    |r_V_12_1_i_fu_8611_p2              |     *    |      0|  0|   41|           8|           8|
    |r_V_12_2_i_fu_8632_p2              |     *    |      0|  0|   41|           8|           8|
    |r_V_12_3_i_fu_8653_p2              |     *    |      0|  0|   41|           8|           8|
    |r_V_12_4_i_fu_8674_p2              |     *    |      0|  0|   41|           8|           8|
    |r_V_12_5_i_fu_8695_p2              |     *    |      0|  0|   41|           8|           8|
    |r_V_12_6_i_fu_8716_p2              |     *    |      0|  0|   41|           8|           8|
    |r_V_12_7_i_fu_8737_p2              |     *    |      0|  0|   41|           8|           8|
    |r_V_12_8_i_fu_8758_p2              |     *    |      0|  0|   41|           8|           8|
    |r_V_12_9_i_fu_8779_p2              |     *    |      0|  0|   41|           8|           8|
    |r_V_12_i_75_fu_8800_p2             |     *    |      0|  0|   41|           8|           8|
    |r_V_12_i_fu_8590_p2                |     *    |      0|  0|   41|           8|           8|
    |r_V_13_10_i_fu_9160_p2             |     *    |      0|  0|   41|           8|           8|
    |r_V_13_11_i_fu_9181_p2             |     *    |      0|  0|   41|           8|           8|
    |r_V_13_12_i_fu_9202_p2             |     *    |      0|  0|   41|           8|           8|
    |r_V_13_13_i_fu_9223_p2             |     *    |      0|  0|   41|           8|           8|
    |r_V_13_14_i_fu_9244_p2             |     *    |      0|  0|   41|           8|           8|
    |r_V_13_1_i_fu_8950_p2              |     *    |      0|  0|   41|           8|           8|
    |r_V_13_2_i_fu_8971_p2              |     *    |      0|  0|   41|           8|           8|
    |r_V_13_3_i_fu_8992_p2              |     *    |      0|  0|   41|           8|           8|
    |r_V_13_4_i_fu_9013_p2              |     *    |      0|  0|   41|           8|           8|
    |r_V_13_5_i_fu_9034_p2              |     *    |      0|  0|   41|           8|           8|
    |r_V_13_6_i_fu_9055_p2              |     *    |      0|  0|   41|           8|           8|
    |r_V_13_7_i_fu_9076_p2              |     *    |      0|  0|   41|           8|           8|
    |r_V_13_8_i_fu_9097_p2              |     *    |      0|  0|   41|           8|           8|
    |r_V_13_9_i_fu_9118_p2              |     *    |      0|  0|   41|           8|           8|
    |r_V_13_i_78_fu_9139_p2             |     *    |      0|  0|   41|           8|           8|
    |r_V_13_i_fu_8929_p2                |     *    |      0|  0|   41|           8|           8|
    |r_V_14_10_i_fu_9499_p2             |     *    |      0|  0|   41|           8|           8|
    |r_V_14_11_i_fu_9520_p2             |     *    |      0|  0|   41|           8|           8|
    |r_V_14_12_i_fu_9541_p2             |     *    |      0|  0|   41|           8|           8|
    |r_V_14_13_i_fu_9562_p2             |     *    |      0|  0|   41|           8|           8|
    |r_V_14_14_i_fu_9583_p2             |     *    |      0|  0|   41|           8|           8|
    |r_V_14_1_i_fu_9289_p2              |     *    |      0|  0|   41|           8|           8|
    |r_V_14_2_i_fu_9310_p2              |     *    |      0|  0|   41|           8|           8|
    |r_V_14_3_i_fu_9331_p2              |     *    |      0|  0|   41|           8|           8|
    |r_V_14_4_i_fu_9352_p2              |     *    |      0|  0|   41|           8|           8|
    |r_V_14_5_i_fu_9373_p2              |     *    |      0|  0|   41|           8|           8|
    |r_V_14_6_i_fu_9394_p2              |     *    |      0|  0|   41|           8|           8|
    |r_V_14_7_i_fu_9415_p2              |     *    |      0|  0|   41|           8|           8|
    |r_V_14_8_i_fu_9436_p2              |     *    |      0|  0|   41|           8|           8|
    |r_V_14_9_i_fu_9457_p2              |     *    |      0|  0|   41|           8|           8|
    |r_V_14_i_81_fu_9478_p2             |     *    |      0|  0|   41|           8|           8|
    |r_V_14_i_fu_9268_p2                |     *    |      0|  0|   41|           8|           8|
    |r_V_15_10_i_fu_10674_p2            |     *    |      0|  0|   41|           8|           5|
    |r_V_15_11_i_fu_10771_p2            |     *    |      0|  0|   41|           8|           6|
    |r_V_15_12_i_fu_10868_p2            |     *    |      0|  0|   41|           8|           7|
    |r_V_15_13_i_fu_10965_p2            |     *    |      0|  0|   41|           8|           6|
    |r_V_15_14_i_fu_11062_p2            |     *    |      0|  0|   41|           8|           8|
    |r_V_15_1_i_fu_9704_p2              |     *    |      0|  0|   41|           8|           5|
    |r_V_15_2_i_fu_9801_p2              |     *    |      0|  0|   41|           8|           5|
    |r_V_15_3_i_fu_9898_p2              |     *    |      0|  0|   41|           8|           8|
    |r_V_15_4_i_fu_9995_p2              |     *    |      0|  0|   41|           8|           5|
    |r_V_15_5_i_fu_10092_p2             |     *    |      0|  0|   41|           8|           5|
    |r_V_15_6_i_fu_10189_p2             |     *    |      0|  0|   41|           8|           6|
    |r_V_15_7_i_fu_10286_p2             |     *    |      0|  0|   41|           8|           5|
    |r_V_15_8_i_fu_10383_p2             |     *    |      0|  0|   41|           8|           8|
    |r_V_15_9_i_fu_10480_p2             |     *    |      0|  0|   41|           8|           6|
    |r_V_15_i_84_fu_10577_p2            |     *    |      0|  0|   41|           8|           5|
    |r_V_15_i_fu_9607_p2                |     *    |      0|  0|   41|           8|           5|
    |r_V_1_10_i_fu_2510_p2              |     *    |      0|  0|   41|           8|           8|
    |r_V_1_11_i_fu_2530_p2              |     *    |      0|  0|   41|           8|           8|
    |r_V_1_12_i_fu_2550_p2              |     *    |      0|  0|   41|           8|           8|
    |r_V_1_13_i_fu_2570_p2              |     *    |      0|  0|   41|           8|           8|
    |r_V_1_14_i_fu_2590_p2              |     *    |      0|  0|   41|           8|           8|
    |r_V_1_1_i_fu_2310_p2               |     *    |      0|  0|   41|           8|           8|
    |r_V_1_2_i_fu_2330_p2               |     *    |      0|  0|   41|           8|           8|
    |r_V_1_3_i_fu_2350_p2               |     *    |      0|  0|   41|           8|           8|
    |r_V_1_4_i_fu_2370_p2               |     *    |      0|  0|   41|           8|           8|
    |r_V_1_5_i_fu_2390_p2               |     *    |      0|  0|   41|           8|           8|
    |r_V_1_6_i_fu_2410_p2               |     *    |      0|  0|   41|           8|           8|
    |r_V_1_7_i_fu_2430_p2               |     *    |      0|  0|   41|           8|           8|
    |r_V_1_8_i_fu_2450_p2               |     *    |      0|  0|   41|           8|           8|
    |r_V_1_9_i_fu_2470_p2               |     *    |      0|  0|   41|           8|           8|
    |r_V_1_i_42_fu_2490_p2              |     *    |      0|  0|   41|           8|           8|
    |r_V_1_i_fu_2290_p2                 |     *    |      0|  0|   41|           8|           8|
    |r_V_2_10_i_fu_2834_p2              |     *    |      0|  0|   41|           8|           8|
    |r_V_2_11_i_fu_2854_p2              |     *    |      0|  0|   41|           8|           8|
    |r_V_2_12_i_fu_2874_p2              |     *    |      0|  0|   41|           8|           8|
    |r_V_2_13_i_fu_2894_p2              |     *    |      0|  0|   41|           8|           8|
    |r_V_2_14_i_fu_2914_p2              |     *    |      0|  0|   41|           8|           8|
    |r_V_2_1_i_fu_2634_p2               |     *    |      0|  0|   41|           8|           8|
    |r_V_2_2_i_fu_2654_p2               |     *    |      0|  0|   41|           8|           8|
    |r_V_2_3_i_fu_2674_p2               |     *    |      0|  0|   41|           8|           8|
    |r_V_2_4_i_fu_2694_p2               |     *    |      0|  0|   41|           8|           8|
    |r_V_2_5_i_fu_2714_p2               |     *    |      0|  0|   41|           8|           8|
    |r_V_2_6_i_fu_2734_p2               |     *    |      0|  0|   41|           8|           8|
    |r_V_2_7_i_fu_2754_p2               |     *    |      0|  0|   41|           8|           8|
    |r_V_2_8_i_fu_2774_p2               |     *    |      0|  0|   41|           8|           8|
    |r_V_2_9_i_fu_2794_p2               |     *    |      0|  0|   41|           8|           8|
    |r_V_2_i_45_fu_2814_p2              |     *    |      0|  0|   41|           8|           8|
    |r_V_2_i_fu_2614_p2                 |     *    |      0|  0|   41|           8|           8|
    |r_V_3_10_i_fu_3158_p2              |     *    |      0|  0|   41|           8|           8|
    |r_V_3_11_i_fu_3178_p2              |     *    |      0|  0|   41|           8|           8|
    |r_V_3_12_i_fu_3198_p2              |     *    |      0|  0|   41|           8|           8|
    |r_V_3_13_i_fu_3218_p2              |     *    |      0|  0|   41|           8|           8|
    |r_V_3_14_i_fu_3238_p2              |     *    |      0|  0|   41|           8|           8|
    |r_V_3_1_i_fu_2958_p2               |     *    |      0|  0|   41|           8|           8|
    |r_V_3_2_i_fu_2978_p2               |     *    |      0|  0|   41|           8|           8|
    |r_V_3_3_i_fu_2998_p2               |     *    |      0|  0|   41|           8|           8|
    |r_V_3_4_i_fu_3018_p2               |     *    |      0|  0|   41|           8|           8|
    |r_V_3_5_i_fu_3038_p2               |     *    |      0|  0|   41|           8|           8|
    |r_V_3_6_i_fu_3058_p2               |     *    |      0|  0|   41|           8|           8|
    |r_V_3_7_i_fu_3078_p2               |     *    |      0|  0|   41|           8|           8|
    |r_V_3_8_i_fu_3098_p2               |     *    |      0|  0|   41|           8|           8|
    |r_V_3_9_i_fu_3118_p2               |     *    |      0|  0|   41|           8|           8|
    |r_V_3_i_48_fu_3138_p2              |     *    |      0|  0|   41|           8|           8|
    |r_V_3_i_fu_2938_p2                 |     *    |      0|  0|   41|           8|           8|
    |r_V_4_10_i_fu_6761_p2              |     *    |      0|  0|   41|           8|           8|
    |r_V_4_11_i_fu_6782_p2              |     *    |      0|  0|   41|           8|           8|
    |r_V_4_12_i_fu_6803_p2              |     *    |      0|  0|   41|           8|           8|
    |r_V_4_13_i_fu_6824_p2              |     *    |      0|  0|   41|           8|           8|
    |r_V_4_14_i_fu_6845_p2              |     *    |      0|  0|   41|           8|           8|
    |r_V_4_1_i_fu_6551_p2               |     *    |      0|  0|   41|           8|           8|
    |r_V_4_2_i_fu_6572_p2               |     *    |      0|  0|   41|           8|           8|
    |r_V_4_3_i_fu_6593_p2               |     *    |      0|  0|   41|           8|           8|
    |r_V_4_4_i_fu_6614_p2               |     *    |      0|  0|   41|           8|           8|
    |r_V_4_5_i_fu_6635_p2               |     *    |      0|  0|   41|           8|           8|
    |r_V_4_6_i_fu_6656_p2               |     *    |      0|  0|   41|           8|           8|
    |r_V_4_7_i_fu_6677_p2               |     *    |      0|  0|   41|           8|           8|
    |r_V_4_8_i_fu_6698_p2               |     *    |      0|  0|   41|           8|           8|
    |r_V_4_9_i_fu_6719_p2               |     *    |      0|  0|   41|           8|           8|
    |r_V_4_i_51_fu_6740_p2              |     *    |      0|  0|   41|           8|           8|
    |r_V_4_i_fu_6530_p2                 |     *    |      0|  0|   41|           8|           8|
    |r_V_5_10_i_fu_7100_p2              |     *    |      0|  0|   41|           8|           8|
    |r_V_5_11_i_fu_7121_p2              |     *    |      0|  0|   41|           8|           8|
    |r_V_5_12_i_fu_7142_p2              |     *    |      0|  0|   41|           8|           8|
    |r_V_5_13_i_fu_7163_p2              |     *    |      0|  0|   41|           8|           8|
    |r_V_5_14_i_fu_7184_p2              |     *    |      0|  0|   41|           8|           8|
    |r_V_5_1_i_fu_6890_p2               |     *    |      0|  0|   41|           8|           8|
    |r_V_5_2_i_fu_6911_p2               |     *    |      0|  0|   41|           8|           8|
    |r_V_5_3_i_fu_6932_p2               |     *    |      0|  0|   41|           8|           8|
    |r_V_5_4_i_fu_6953_p2               |     *    |      0|  0|   41|           8|           8|
    |r_V_5_5_i_fu_6974_p2               |     *    |      0|  0|   41|           8|           8|
    |r_V_5_6_i_fu_6995_p2               |     *    |      0|  0|   41|           8|           8|
    |r_V_5_7_i_fu_7016_p2               |     *    |      0|  0|   41|           8|           8|
    |r_V_5_8_i_fu_7037_p2               |     *    |      0|  0|   41|           8|           8|
    |r_V_5_9_i_fu_7058_p2               |     *    |      0|  0|   41|           8|           8|
    |r_V_5_i_54_fu_7079_p2              |     *    |      0|  0|   41|           8|           8|
    |r_V_5_i_fu_6869_p2                 |     *    |      0|  0|   41|           8|           8|
    |r_V_6_10_i_fu_7439_p2              |     *    |      0|  0|   41|           8|           8|
    |r_V_6_11_i_fu_7460_p2              |     *    |      0|  0|   41|           8|           8|
    |r_V_6_12_i_fu_7481_p2              |     *    |      0|  0|   41|           8|           8|
    |r_V_6_13_i_fu_7502_p2              |     *    |      0|  0|   41|           8|           8|
    |r_V_6_14_i_fu_7523_p2              |     *    |      0|  0|   41|           8|           8|
    |r_V_6_1_i_fu_7229_p2               |     *    |      0|  0|   41|           8|           8|
    |r_V_6_2_i_fu_7250_p2               |     *    |      0|  0|   41|           8|           8|
    |r_V_6_3_i_fu_7271_p2               |     *    |      0|  0|   41|           8|           8|
    |r_V_6_4_i_fu_7292_p2               |     *    |      0|  0|   41|           8|           8|
    |r_V_6_5_i_fu_7313_p2               |     *    |      0|  0|   41|           8|           8|
    |r_V_6_6_i_fu_7334_p2               |     *    |      0|  0|   41|           8|           8|
    |r_V_6_7_i_fu_7355_p2               |     *    |      0|  0|   41|           8|           8|
    |r_V_6_8_i_fu_7376_p2               |     *    |      0|  0|   41|           8|           8|
    |r_V_6_9_i_fu_7397_p2               |     *    |      0|  0|   41|           8|           8|
    |r_V_6_i_57_fu_7418_p2              |     *    |      0|  0|   41|           8|           8|
    |r_V_6_i_fu_7208_p2                 |     *    |      0|  0|   41|           8|           8|
    |r_V_7_10_i_fu_7778_p2              |     *    |      0|  0|   41|           8|           8|
    |r_V_7_11_i_fu_7799_p2              |     *    |      0|  0|   41|           8|           8|
    |r_V_7_12_i_fu_7820_p2              |     *    |      0|  0|   41|           8|           8|
    |r_V_7_13_i_fu_7841_p2              |     *    |      0|  0|   41|           8|           8|
    |r_V_7_14_i_fu_7862_p2              |     *    |      0|  0|   41|           8|           8|
    |r_V_7_1_i_fu_7568_p2               |     *    |      0|  0|   41|           8|           8|
    |r_V_7_2_i_fu_7589_p2               |     *    |      0|  0|   41|           8|           8|
    |r_V_7_3_i_fu_7610_p2               |     *    |      0|  0|   41|           8|           8|
    |r_V_7_4_i_fu_7631_p2               |     *    |      0|  0|   41|           8|           8|
    |r_V_7_5_i_fu_7652_p2               |     *    |      0|  0|   41|           8|           8|
    |r_V_7_6_i_fu_7673_p2               |     *    |      0|  0|   41|           8|           8|
    |r_V_7_7_i_fu_7694_p2               |     *    |      0|  0|   41|           8|           8|
    |r_V_7_8_i_fu_7715_p2               |     *    |      0|  0|   41|           8|           8|
    |r_V_7_9_i_fu_7736_p2               |     *    |      0|  0|   41|           8|           8|
    |r_V_7_i_60_fu_7757_p2              |     *    |      0|  0|   41|           8|           8|
    |r_V_7_i_fu_7547_p2                 |     *    |      0|  0|   41|           8|           8|
    |r_V_8_10_i_fu_4122_p2              |     *    |      0|  0|   41|           8|           8|
    |r_V_8_11_i_fu_4142_p2              |     *    |      0|  0|   41|           8|           8|
    |r_V_8_12_i_fu_4162_p2              |     *    |      0|  0|   41|           8|           8|
    |r_V_8_13_i_fu_4182_p2              |     *    |      0|  0|   41|           8|           8|
    |r_V_8_14_i_fu_4202_p2              |     *    |      0|  0|   41|           8|           8|
    |r_V_8_1_i_fu_3922_p2               |     *    |      0|  0|   41|           8|           8|
    |r_V_8_2_i_fu_3942_p2               |     *    |      0|  0|   41|           8|           8|
    |r_V_8_3_i_fu_3962_p2               |     *    |      0|  0|   41|           8|           8|
    |r_V_8_4_i_fu_3982_p2               |     *    |      0|  0|   41|           8|           8|
    |r_V_8_5_i_fu_4002_p2               |     *    |      0|  0|   41|           8|           8|
    |r_V_8_6_i_fu_4022_p2               |     *    |      0|  0|   41|           8|           8|
    |r_V_8_7_i_fu_4042_p2               |     *    |      0|  0|   41|           8|           8|
    |r_V_8_8_i_fu_4062_p2               |     *    |      0|  0|   41|           8|           8|
    |r_V_8_9_i_fu_4082_p2               |     *    |      0|  0|   41|           8|           8|
    |r_V_8_i_63_fu_4102_p2              |     *    |      0|  0|   41|           8|           8|
    |r_V_8_i_fu_3902_p2                 |     *    |      0|  0|   41|           8|           8|
    |r_V_9_10_i_fu_4446_p2              |     *    |      0|  0|   41|           8|           8|
    |r_V_9_11_i_fu_4466_p2              |     *    |      0|  0|   41|           8|           8|
    |r_V_9_12_i_fu_4486_p2              |     *    |      0|  0|   41|           8|           8|
    |r_V_9_13_i_fu_4506_p2              |     *    |      0|  0|   41|           8|           8|
    |r_V_9_14_i_fu_4526_p2              |     *    |      0|  0|   41|           8|           8|
    |r_V_9_1_i_fu_4246_p2               |     *    |      0|  0|   41|           8|           8|
    |r_V_9_2_i_fu_4266_p2               |     *    |      0|  0|   41|           8|           8|
    |r_V_9_3_i_fu_4286_p2               |     *    |      0|  0|   41|           8|           8|
    |r_V_9_4_i_fu_4306_p2               |     *    |      0|  0|   41|           8|           8|
    |r_V_9_5_i_fu_4326_p2               |     *    |      0|  0|   41|           8|           8|
    |r_V_9_6_i_fu_4346_p2               |     *    |      0|  0|   41|           8|           8|
    |r_V_9_7_i_fu_4366_p2               |     *    |      0|  0|   41|           8|           8|
    |r_V_9_8_i_fu_4386_p2               |     *    |      0|  0|   41|           8|           8|
    |r_V_9_9_i_fu_4406_p2               |     *    |      0|  0|   41|           8|           8|
    |r_V_9_i_66_fu_4426_p2              |     *    |      0|  0|   41|           8|           8|
    |r_V_9_i_fu_4226_p2                 |     *    |      0|  0|   41|           8|           8|
    |tmp_1_fu_1919_p2                   |     *    |      0|  0|   26|           4|           6|
    |X_V_11_fu_13176_p2                 |     +    |      0|  0|   31|          24|          24|
    |X_V_13_fu_13316_p2                 |     +    |      0|  0|   31|          24|          24|
    |X_V_15_fu_13449_p2                 |     +    |      0|  0|   31|          24|          24|
    |X_V_17_fu_13587_p2                 |     +    |      0|  0|   31|          24|          24|
    |X_V_19_fu_13727_p2                 |     +    |      0|  0|   31|          24|          24|
    |X_V_21_fu_13858_p2                 |     +    |      0|  0|   31|          24|          24|
    |X_V_23_fu_13998_p2                 |     +    |      0|  0|   31|          24|          24|
    |X_V_25_fu_14156_p2                 |     +    |      0|  0|   31|          24|          24|
    |X_V_27_fu_14267_p2                 |     +    |      0|  0|   31|          24|          24|
    |X_V_29_fu_14407_p2                 |     +    |      0|  0|   31|          24|          24|
    |X_V_31_fu_14546_p2                 |     +    |      0|  0|   31|          24|          24|
    |X_V_33_fu_14676_p2                 |     +    |      0|  0|   31|          24|          24|
    |X_V_35_fu_14816_p2                 |     +    |      0|  0|   31|          24|          24|
    |X_V_37_fu_14923_p2                 |     +    |      0|  0|   31|          24|          24|
    |X_V_3_fu_12622_p2                  |     +    |      0|  0|   30|          23|          23|
    |X_V_5_fu_12760_p2                  |     +    |      0|  0|   30|          23|          23|
    |X_V_7_fu_12900_p2                  |     +    |      0|  0|   30|          23|          23|
    |X_V_9_fu_13037_p2                  |     +    |      0|  0|   31|          24|          24|
    |Y_V_11_fu_13322_p2                 |     +    |      0|  0|   31|          24|          24|
    |Y_V_13_fu_13454_p2                 |     +    |      0|  0|   31|          24|          24|
    |Y_V_15_fu_13593_p2                 |     +    |      0|  0|   31|          24|          24|
    |Y_V_17_fu_13733_p2                 |     +    |      0|  0|   31|          24|          24|
    |Y_V_19_fu_13864_p2                 |     +    |      0|  0|   31|          24|          24|
    |Y_V_1_fu_12627_p2                  |     +    |      0|  0|   31|          24|          24|
    |Y_V_21_fu_14004_p2                 |     +    |      0|  0|   31|          24|          24|
    |Y_V_23_fu_14161_p2                 |     +    |      0|  0|   31|          24|          24|
    |Y_V_25_fu_14273_p2                 |     +    |      0|  0|   31|          24|          24|
    |Y_V_27_fu_14413_p2                 |     +    |      0|  0|   31|          24|          24|
    |Y_V_29_fu_14551_p2                 |     +    |      0|  0|   31|          24|          24|
    |Y_V_31_fu_14682_p2                 |     +    |      0|  0|   31|          24|          24|
    |Y_V_33_fu_14822_p2                 |     +    |      0|  0|   31|          24|          24|
    |Y_V_35_fu_14928_p2                 |     +    |      0|  0|   31|          24|          24|
    |Y_V_3_fu_12766_p2                  |     +    |      0|  0|   31|          24|          24|
    |Y_V_5_fu_12906_p2                  |     +    |      0|  0|   31|          24|          24|
    |Y_V_7_fu_13043_p2                  |     +    |      0|  0|   31|          24|          24|
    |Y_V_9_fu_13182_p2                  |     +    |      0|  0|   31|          24|          24|
    |Z_V_fu_12366_p2                    |     +    |      0|  0|   33|          26|          26|
    |ap_return                          |     +    |      0|  0|   32|          32|          32|
    |dot_products_0_V_1_fu_11196_p2     |     +    |      0|  0|   32|          32|          32|
    |dot_products_10_V_1_fu_11656_p2    |     +    |      0|  0|   32|          32|          32|
    |dot_products_11_V_1_fu_11702_p2    |     +    |      0|  0|   32|          32|          32|
    |dot_products_12_V_1_fu_11748_p2    |     +    |      0|  0|   32|          32|          32|
    |dot_products_13_V_1_fu_11794_p2    |     +    |      0|  0|   32|          32|          32|
    |dot_products_14_V_1_fu_11840_p2    |     +    |      0|  0|   32|          32|          32|
    |dot_products_15_V_1_fu_11886_p2    |     +    |      0|  0|   32|          32|          32|
    |dot_products_1_V_1_fu_11242_p2     |     +    |      0|  0|   32|          32|          32|
    |dot_products_2_V_1_fu_11288_p2     |     +    |      0|  0|   32|          32|          32|
    |dot_products_3_V_1_fu_11334_p2     |     +    |      0|  0|   32|          32|          32|
    |dot_products_4_V_1_fu_11380_p2     |     +    |      0|  0|   32|          32|          32|
    |dot_products_5_V_1_fu_11426_p2     |     +    |      0|  0|   32|          32|          32|
    |dot_products_6_V_1_fu_11472_p2     |     +    |      0|  0|   32|          32|          32|
    |dot_products_7_V_1_fu_11518_p2     |     +    |      0|  0|   32|          32|          32|
    |dot_products_8_V_1_fu_11564_p2     |     +    |      0|  0|   32|          32|          32|
    |dot_products_9_V_1_fu_11610_p2     |     +    |      0|  0|   32|          32|          32|
    |i_fu_15133_p2                      |     +    |      0|  0|   15|           8|           5|
    |j_1_i_fu_2038_p2                   |     +    |      0|  0|   14|           5|          10|
    |k_fu_11898_p2                      |     +    |      0|  0|   15|           5|           1|
    |p_Val2_10_fu_12410_p2              |     +    |      0|  0|   35|          28|          25|
    |p_Val2_13_fu_12476_p2              |     +    |      0|  0|   35|          28|          23|
    |p_Val2_14_fu_12506_p2              |     +    |      0|  0|   35|          28|          24|
    |p_Val2_16_fu_12520_p2              |     +    |      0|  0|   30|          23|          23|
    |p_Val2_18_fu_12616_p2              |     +    |      0|  0|   35|          28|          22|
    |p_Val2_199_i_fu_14957_p2           |     +    |      0|  0|   32|          25|          25|
    |p_Val2_19_fu_12648_p2              |     +    |      0|  0|   35|          28|          23|
    |p_Val2_23_fu_12754_p2              |     +    |      0|  0|   35|          28|          21|
    |p_Val2_24_fu_12788_p2              |     +    |      0|  0|   35|          28|          22|
    |p_Val2_28_fu_12894_p2              |     +    |      0|  0|   35|          28|          21|
    |p_Val2_29_fu_12928_p2              |     +    |      0|  0|   35|          28|          22|
    |p_Val2_33_fu_13031_p2              |     +    |      0|  0|   35|          28|          20|
    |p_Val2_34_fu_13064_p2              |     +    |      0|  0|   35|          28|          21|
    |p_Val2_38_fu_13170_p2              |     +    |      0|  0|   35|          28|          19|
    |p_Val2_39_fu_13204_p2              |     +    |      0|  0|   35|          28|          20|
    |p_Val2_43_fu_13310_p2              |     +    |      0|  0|   35|          28|          18|
    |p_Val2_44_fu_13344_p2              |     +    |      0|  0|   35|          28|          19|
    |p_Val2_48_fu_13443_p2              |     +    |      0|  0|   35|          28|          17|
    |p_Val2_49_fu_13475_p2              |     +    |      0|  0|   35|          28|          18|
    |p_Val2_53_fu_13581_p2              |     +    |      0|  0|   35|          28|          16|
    |p_Val2_54_fu_13615_p2              |     +    |      0|  0|   35|          28|          17|
    |p_Val2_58_fu_13721_p2              |     +    |      0|  0|   35|          28|          15|
    |p_Val2_59_fu_13755_p2              |     +    |      0|  0|   35|          28|          16|
    |p_Val2_63_fu_13852_p2              |     +    |      0|  0|   35|          28|          14|
    |p_Val2_64_fu_13886_p2              |     +    |      0|  0|   35|          28|          15|
    |p_Val2_68_fu_13992_p2              |     +    |      0|  0|   35|          28|          13|
    |p_Val2_69_fu_14026_p2              |     +    |      0|  0|   35|          28|          14|
    |p_Val2_73_fu_14112_p2              |     +    |      0|  0|   35|          28|          12|
    |p_Val2_74_fu_14134_p2              |     +    |      0|  0|   35|          28|          13|
    |p_Val2_78_fu_14261_p2              |     +    |      0|  0|   35|          28|          12|
    |p_Val2_79_fu_14295_p2              |     +    |      0|  0|   35|          28|          13|
    |p_Val2_83_fu_14401_p2              |     +    |      0|  0|   35|          28|          11|
    |p_Val2_84_fu_14435_p2              |     +    |      0|  0|   35|          28|          12|
    |p_Val2_88_fu_14540_p2              |     +    |      0|  0|   35|          28|          10|
    |p_Val2_89_fu_14567_p2              |     +    |      0|  0|   35|          28|          11|
    |p_Val2_93_fu_14670_p2              |     +    |      0|  0|   35|          28|           9|
    |p_Val2_94_fu_14704_p2              |     +    |      0|  0|   35|          28|          10|
    |p_Val2_98_fu_14810_p2              |     +    |      0|  0|   35|          28|           8|
    |p_Val2_99_fu_14844_p2              |     +    |      0|  0|   35|          28|           9|
    |p_Val2_9_fu_12388_p2               |     +    |      0|  0|   35|          28|          24|
    |p_Val2_i_fu_12117_p2               |     +    |      0|  0|   32|          32|          32|
    |partial_sum_0_V_fu_15047_p2        |     +    |      0|  0|   39|          32|          32|
    |tmp100_fu_10324_p2                 |     +    |      0|  0|   39|          32|          32|
    |tmp101_fu_10304_p2                 |     +    |      0|  0|   38|          31|          31|
    |tmp102_fu_10314_p2                 |     +    |      0|  0|   38|          31|          31|
    |tmp103_fu_11484_p2                 |     +    |      0|  0|   32|          32|          32|
    |tmp104_fu_10330_p2                 |     +    |      0|  0|   38|          31|          31|
    |tmp105_fu_10336_p2                 |     +    |      0|  0|   38|          31|          31|
    |tmp106_fu_11507_p2                 |     +    |      0|  0|   32|          32|          32|
    |tmp107_fu_10362_p2                 |     +    |      0|  0|   39|          32|          32|
    |tmp108_fu_10342_p2                 |     +    |      0|  0|   38|          31|          31|
    |tmp109_fu_10352_p2                 |     +    |      0|  0|   38|          31|          31|
    |tmp10_fu_9663_p2                   |     +    |      0|  0|   38|          31|          31|
    |tmp110_fu_11501_p2                 |     +    |      0|  0|   32|          32|          32|
    |tmp111_fu_10368_p2                 |     +    |      0|  0|   38|          31|          31|
    |tmp112_fu_10374_p2                 |     +    |      0|  0|   38|          31|          31|
    |tmp113_fu_11536_p2                 |     +    |      0|  0|   32|          32|          32|
    |tmp114_fu_10421_p2                 |     +    |      0|  0|   39|          32|          32|
    |tmp115_fu_10401_p2                 |     +    |      0|  0|   38|          31|          31|
    |tmp116_fu_10411_p2                 |     +    |      0|  0|   38|          31|          31|
    |tmp117_fu_11530_p2                 |     +    |      0|  0|   32|          32|          32|
    |tmp118_fu_10427_p2                 |     +    |      0|  0|   38|          31|          31|
    |tmp119_fu_10433_p2                 |     +    |      0|  0|   38|          31|          31|
    |tmp11_fu_9673_p2                   |     +    |      0|  0|   38|          31|          31|
    |tmp120_fu_11553_p2                 |     +    |      0|  0|   32|          32|          32|
    |tmp121_fu_10459_p2                 |     +    |      0|  0|   39|          32|          32|
    |tmp122_fu_10439_p2                 |     +    |      0|  0|   38|          31|          31|
    |tmp123_fu_10449_p2                 |     +    |      0|  0|   38|          31|          31|
    |tmp124_fu_11547_p2                 |     +    |      0|  0|   32|          32|          32|
    |tmp125_fu_10465_p2                 |     +    |      0|  0|   38|          31|          31|
    |tmp126_fu_10471_p2                 |     +    |      0|  0|   38|          31|          31|
    |tmp127_fu_11582_p2                 |     +    |      0|  0|   32|          32|          32|
    |tmp128_fu_10518_p2                 |     +    |      0|  0|   39|          32|          32|
    |tmp129_fu_10498_p2                 |     +    |      0|  0|   38|          31|          31|
    |tmp12_fu_11179_p2                  |     +    |      0|  0|   32|          32|          32|
    |tmp130_fu_10508_p2                 |     +    |      0|  0|   38|          31|          31|
    |tmp131_fu_11576_p2                 |     +    |      0|  0|   32|          32|          32|
    |tmp132_fu_10524_p2                 |     +    |      0|  0|   38|          31|          31|
    |tmp133_fu_10530_p2                 |     +    |      0|  0|   38|          31|          31|
    |tmp134_fu_11599_p2                 |     +    |      0|  0|   32|          32|          32|
    |tmp135_fu_10556_p2                 |     +    |      0|  0|   39|          32|          32|
    |tmp136_fu_10536_p2                 |     +    |      0|  0|   38|          31|          31|
    |tmp137_fu_10546_p2                 |     +    |      0|  0|   38|          31|          31|
    |tmp138_fu_11593_p2                 |     +    |      0|  0|   32|          32|          32|
    |tmp139_fu_10562_p2                 |     +    |      0|  0|   38|          31|          31|
    |tmp13_fu_9689_p2                   |     +    |      0|  0|   38|          31|          31|
    |tmp140_fu_10568_p2                 |     +    |      0|  0|   38|          31|          31|
    |tmp141_fu_11628_p2                 |     +    |      0|  0|   32|          32|          32|
    |tmp142_fu_10615_p2                 |     +    |      0|  0|   39|          32|          32|
    |tmp143_fu_10595_p2                 |     +    |      0|  0|   38|          31|          31|
    |tmp144_fu_10605_p2                 |     +    |      0|  0|   38|          31|          31|
    |tmp145_fu_11622_p2                 |     +    |      0|  0|   32|          32|          32|
    |tmp146_fu_10621_p2                 |     +    |      0|  0|   38|          31|          31|
    |tmp147_fu_10627_p2                 |     +    |      0|  0|   38|          31|          31|
    |tmp148_fu_11645_p2                 |     +    |      0|  0|   32|          32|          32|
    |tmp149_fu_10653_p2                 |     +    |      0|  0|   39|          32|          32|
    |tmp14_fu_9695_p2                   |     +    |      0|  0|   38|          31|          31|
    |tmp150_fu_10633_p2                 |     +    |      0|  0|   38|          31|          31|
    |tmp151_fu_10643_p2                 |     +    |      0|  0|   38|          31|          31|
    |tmp152_fu_11639_p2                 |     +    |      0|  0|   32|          32|          32|
    |tmp153_fu_10659_p2                 |     +    |      0|  0|   38|          31|          31|
    |tmp154_fu_10665_p2                 |     +    |      0|  0|   38|          31|          31|
    |tmp155_fu_11674_p2                 |     +    |      0|  0|   32|          32|          32|
    |tmp156_fu_10712_p2                 |     +    |      0|  0|   39|          32|          32|
    |tmp157_fu_10692_p2                 |     +    |      0|  0|   38|          31|          31|
    |tmp158_fu_10702_p2                 |     +    |      0|  0|   38|          31|          31|
    |tmp159_fu_11668_p2                 |     +    |      0|  0|   32|          32|          32|
    |tmp15_fu_11214_p2                  |     +    |      0|  0|   32|          32|          32|
    |tmp160_fu_10718_p2                 |     +    |      0|  0|   38|          31|          31|
    |tmp161_fu_10724_p2                 |     +    |      0|  0|   38|          31|          31|
    |tmp162_fu_11691_p2                 |     +    |      0|  0|   32|          32|          32|
    |tmp163_fu_10750_p2                 |     +    |      0|  0|   39|          32|          32|
    |tmp164_fu_10730_p2                 |     +    |      0|  0|   38|          31|          31|
    |tmp165_fu_10740_p2                 |     +    |      0|  0|   38|          31|          31|
    |tmp166_fu_11685_p2                 |     +    |      0|  0|   32|          32|          32|
    |tmp167_fu_10756_p2                 |     +    |      0|  0|   38|          31|          31|
    |tmp168_fu_10762_p2                 |     +    |      0|  0|   38|          31|          31|
    |tmp169_fu_11720_p2                 |     +    |      0|  0|   32|          32|          32|
    |tmp16_fu_9742_p2                   |     +    |      0|  0|   39|          32|          32|
    |tmp170_fu_10809_p2                 |     +    |      0|  0|   39|          32|          32|
    |tmp171_fu_10789_p2                 |     +    |      0|  0|   38|          31|          31|
    |tmp172_fu_10799_p2                 |     +    |      0|  0|   38|          31|          31|
    |tmp173_fu_11714_p2                 |     +    |      0|  0|   32|          32|          32|
    |tmp174_fu_10815_p2                 |     +    |      0|  0|   38|          31|          31|
    |tmp175_fu_10821_p2                 |     +    |      0|  0|   38|          31|          31|
    |tmp176_fu_11737_p2                 |     +    |      0|  0|   32|          32|          32|
    |tmp177_fu_10847_p2                 |     +    |      0|  0|   39|          32|          32|
    |tmp178_fu_10827_p2                 |     +    |      0|  0|   38|          31|          31|
    |tmp179_fu_10837_p2                 |     +    |      0|  0|   38|          31|          31|
    |tmp17_fu_9722_p2                   |     +    |      0|  0|   38|          31|          31|
    |tmp180_fu_11731_p2                 |     +    |      0|  0|   32|          32|          32|
    |tmp181_fu_10853_p2                 |     +    |      0|  0|   38|          31|          31|
    |tmp182_fu_10859_p2                 |     +    |      0|  0|   38|          31|          31|
    |tmp183_fu_11766_p2                 |     +    |      0|  0|   32|          32|          32|
    |tmp184_fu_10906_p2                 |     +    |      0|  0|   39|          32|          32|
    |tmp185_fu_10886_p2                 |     +    |      0|  0|   38|          31|          31|
    |tmp186_fu_10896_p2                 |     +    |      0|  0|   38|          31|          31|
    |tmp187_fu_11760_p2                 |     +    |      0|  0|   32|          32|          32|
    |tmp188_fu_10912_p2                 |     +    |      0|  0|   38|          31|          31|
    |tmp189_fu_10918_p2                 |     +    |      0|  0|   38|          31|          31|
    |tmp18_fu_9732_p2                   |     +    |      0|  0|   38|          31|          31|
    |tmp190_fu_11783_p2                 |     +    |      0|  0|   32|          32|          32|
    |tmp191_fu_10944_p2                 |     +    |      0|  0|   39|          32|          32|
    |tmp192_fu_10924_p2                 |     +    |      0|  0|   38|          31|          31|
    |tmp193_fu_10934_p2                 |     +    |      0|  0|   38|          31|          31|
    |tmp194_fu_11777_p2                 |     +    |      0|  0|   32|          32|          32|
    |tmp195_fu_10950_p2                 |     +    |      0|  0|   38|          31|          31|
    |tmp196_fu_10956_p2                 |     +    |      0|  0|   38|          31|          31|
    |tmp197_fu_11812_p2                 |     +    |      0|  0|   32|          32|          32|
    |tmp198_fu_11003_p2                 |     +    |      0|  0|   39|          32|          32|
    |tmp199_fu_10983_p2                 |     +    |      0|  0|   38|          31|          31|
    |tmp19_fu_11208_p2                  |     +    |      0|  0|   32|          32|          32|
    |tmp200_fu_10993_p2                 |     +    |      0|  0|   38|          31|          31|
    |tmp201_fu_11806_p2                 |     +    |      0|  0|   32|          32|          32|
    |tmp202_fu_11009_p2                 |     +    |      0|  0|   38|          31|          31|
    |tmp203_fu_11015_p2                 |     +    |      0|  0|   38|          31|          31|
    |tmp204_fu_11829_p2                 |     +    |      0|  0|   32|          32|          32|
    |tmp205_fu_11041_p2                 |     +    |      0|  0|   39|          32|          32|
    |tmp206_fu_11021_p2                 |     +    |      0|  0|   38|          31|          31|
    |tmp207_fu_11031_p2                 |     +    |      0|  0|   38|          31|          31|
    |tmp208_fu_11823_p2                 |     +    |      0|  0|   32|          32|          32|
    |tmp209_fu_11047_p2                 |     +    |      0|  0|   38|          31|          31|
    |tmp20_fu_9748_p2                   |     +    |      0|  0|   38|          31|          31|
    |tmp210_fu_11053_p2                 |     +    |      0|  0|   38|          31|          31|
    |tmp211_fu_11858_p2                 |     +    |      0|  0|   32|          32|          32|
    |tmp212_fu_11100_p2                 |     +    |      0|  0|   39|          32|          32|
    |tmp213_fu_11080_p2                 |     +    |      0|  0|   38|          31|          31|
    |tmp214_fu_11090_p2                 |     +    |      0|  0|   38|          31|          31|
    |tmp215_fu_11852_p2                 |     +    |      0|  0|   32|          32|          32|
    |tmp216_fu_11106_p2                 |     +    |      0|  0|   38|          31|          31|
    |tmp217_fu_11112_p2                 |     +    |      0|  0|   38|          31|          31|
    |tmp218_fu_11875_p2                 |     +    |      0|  0|   32|          32|          32|
    |tmp219_fu_11138_p2                 |     +    |      0|  0|   39|          32|          32|
    |tmp21_fu_9754_p2                   |     +    |      0|  0|   38|          31|          31|
    |tmp220_fu_11118_p2                 |     +    |      0|  0|   38|          31|          31|
    |tmp221_fu_11128_p2                 |     +    |      0|  0|   38|          31|          31|
    |tmp222_fu_11869_p2                 |     +    |      0|  0|   32|          32|          32|
    |tmp223_fu_11144_p2                 |     +    |      0|  0|   38|          31|          31|
    |tmp224_fu_11150_p2                 |     +    |      0|  0|   38|          31|          31|
    |tmp225_fu_15161_p2                 |     +    |      0|  0|   32|          32|          32|
    |tmp226_fu_15145_p2                 |     +    |      0|  0|   32|          32|          32|
    |tmp227_fu_15139_p2                 |     +    |      0|  0|   32|          32|          32|
    |tmp228_fu_1925_p2                  |     +    |      0|  0|   39|          32|          32|
    |tmp229_fu_15156_p2                 |     +    |      0|  0|   32|          32|          32|
    |tmp22_fu_11231_p2                  |     +    |      0|  0|   32|          32|          32|
    |tmp230_fu_15150_p2                 |     +    |      0|  0|   32|          32|          32|
    |tmp231_fu_1931_p2                  |     +    |      0|  0|   39|          32|          32|
    |tmp232_fu_15171_p2                 |     +    |      0|  0|   32|          32|          32|
    |tmp233_fu_15167_p2                 |     +    |      0|  0|   32|          32|          32|
    |tmp234_fu_1937_p2                  |     +    |      0|  0|   39|          32|          32|
    |tmp235_fu_1943_p2                  |     +    |      0|  0|   39|          32|          32|
    |tmp236_fu_1967_p2                  |     +    |      0|  0|   32|          32|          32|
    |tmp237_fu_1949_p2                  |     +    |      0|  0|   32|          32|          32|
    |tmp238_fu_1961_p2                  |     +    |      0|  0|   32|          32|          32|
    |tmp239_fu_1955_p2                  |     +    |      0|  0|   32|          32|          15|
    |tmp23_fu_9780_p2                   |     +    |      0|  0|   39|          32|          32|
    |tmp24_fu_9760_p2                   |     +    |      0|  0|   38|          31|          31|
    |tmp25_fu_9770_p2                   |     +    |      0|  0|   38|          31|          31|
    |tmp26_fu_11225_p2                  |     +    |      0|  0|   32|          32|          32|
    |tmp27_fu_9786_p2                   |     +    |      0|  0|   38|          31|          31|
    |tmp28_fu_9792_p2                   |     +    |      0|  0|   38|          31|          31|
    |tmp29_fu_11260_p2                  |     +    |      0|  0|   32|          32|          32|
    |tmp2_fu_9645_p2                    |     +    |      0|  0|   39|          32|          32|
    |tmp30_fu_9839_p2                   |     +    |      0|  0|   39|          32|          32|
    |tmp31_fu_9819_p2                   |     +    |      0|  0|   38|          31|          31|
    |tmp32_fu_9829_p2                   |     +    |      0|  0|   38|          31|          31|
    |tmp33_fu_11254_p2                  |     +    |      0|  0|   32|          32|          32|
    |tmp34_fu_9845_p2                   |     +    |      0|  0|   38|          31|          31|
    |tmp35_fu_9851_p2                   |     +    |      0|  0|   38|          31|          31|
    |tmp36_fu_11277_p2                  |     +    |      0|  0|   32|          32|          32|
    |tmp37_fu_9877_p2                   |     +    |      0|  0|   39|          32|          32|
    |tmp38_fu_9857_p2                   |     +    |      0|  0|   38|          31|          31|
    |tmp39_fu_9867_p2                   |     +    |      0|  0|   38|          31|          31|
    |tmp3_fu_9625_p2                    |     +    |      0|  0|   38|          31|          31|
    |tmp40_fu_11271_p2                  |     +    |      0|  0|   32|          32|          32|
    |tmp41_fu_9883_p2                   |     +    |      0|  0|   38|          31|          31|
    |tmp42_fu_9889_p2                   |     +    |      0|  0|   38|          31|          31|
    |tmp43_fu_11306_p2                  |     +    |      0|  0|   32|          32|          32|
    |tmp44_fu_9936_p2                   |     +    |      0|  0|   39|          32|          32|
    |tmp45_fu_9916_p2                   |     +    |      0|  0|   38|          31|          31|
    |tmp46_fu_9926_p2                   |     +    |      0|  0|   38|          31|          31|
    |tmp47_fu_11300_p2                  |     +    |      0|  0|   32|          32|          32|
    |tmp48_fu_9942_p2                   |     +    |      0|  0|   38|          31|          31|
    |tmp49_fu_9948_p2                   |     +    |      0|  0|   38|          31|          31|
    |tmp4_fu_9635_p2                    |     +    |      0|  0|   38|          31|          31|
    |tmp50_fu_11323_p2                  |     +    |      0|  0|   32|          32|          32|
    |tmp51_fu_9974_p2                   |     +    |      0|  0|   39|          32|          32|
    |tmp52_fu_9954_p2                   |     +    |      0|  0|   38|          31|          31|
    |tmp53_fu_9964_p2                   |     +    |      0|  0|   38|          31|          31|
    |tmp54_fu_11317_p2                  |     +    |      0|  0|   32|          32|          32|
    |tmp55_fu_9980_p2                   |     +    |      0|  0|   38|          31|          31|
    |tmp56_fu_9986_p2                   |     +    |      0|  0|   38|          31|          31|
    |tmp57_fu_11352_p2                  |     +    |      0|  0|   32|          32|          32|
    |tmp58_fu_10033_p2                  |     +    |      0|  0|   39|          32|          32|
    |tmp59_fu_10013_p2                  |     +    |      0|  0|   38|          31|          31|
    |tmp5_fu_11162_p2                   |     +    |      0|  0|   32|          32|          32|
    |tmp60_fu_10023_p2                  |     +    |      0|  0|   38|          31|          31|
    |tmp61_fu_11346_p2                  |     +    |      0|  0|   32|          32|          32|
    |tmp62_fu_10039_p2                  |     +    |      0|  0|   38|          31|          31|
    |tmp63_fu_10045_p2                  |     +    |      0|  0|   38|          31|          31|
    |tmp64_fu_11369_p2                  |     +    |      0|  0|   32|          32|          32|
    |tmp65_fu_10071_p2                  |     +    |      0|  0|   39|          32|          32|
    |tmp66_fu_10051_p2                  |     +    |      0|  0|   38|          31|          31|
    |tmp67_fu_10061_p2                  |     +    |      0|  0|   38|          31|          31|
    |tmp68_fu_11363_p2                  |     +    |      0|  0|   32|          32|          32|
    |tmp69_fu_10077_p2                  |     +    |      0|  0|   38|          31|          31|
    |tmp6_fu_9651_p2                    |     +    |      0|  0|   38|          31|          31|
    |tmp70_fu_10083_p2                  |     +    |      0|  0|   38|          31|          31|
    |tmp71_fu_11398_p2                  |     +    |      0|  0|   32|          32|          32|
    |tmp72_fu_10130_p2                  |     +    |      0|  0|   39|          32|          32|
    |tmp73_fu_10110_p2                  |     +    |      0|  0|   38|          31|          31|
    |tmp74_fu_10120_p2                  |     +    |      0|  0|   38|          31|          31|
    |tmp75_fu_11392_p2                  |     +    |      0|  0|   32|          32|          32|
    |tmp76_fu_10136_p2                  |     +    |      0|  0|   38|          31|          31|
    |tmp77_fu_10142_p2                  |     +    |      0|  0|   38|          31|          31|
    |tmp78_fu_11415_p2                  |     +    |      0|  0|   32|          32|          32|
    |tmp79_fu_10168_p2                  |     +    |      0|  0|   39|          32|          32|
    |tmp7_fu_9657_p2                    |     +    |      0|  0|   38|          31|          31|
    |tmp80_fu_10148_p2                  |     +    |      0|  0|   38|          31|          31|
    |tmp81_fu_10158_p2                  |     +    |      0|  0|   38|          31|          31|
    |tmp82_fu_11409_p2                  |     +    |      0|  0|   32|          32|          32|
    |tmp83_fu_10174_p2                  |     +    |      0|  0|   38|          31|          31|
    |tmp84_fu_10180_p2                  |     +    |      0|  0|   38|          31|          31|
    |tmp85_fu_11444_p2                  |     +    |      0|  0|   32|          32|          32|
    |tmp86_fu_10227_p2                  |     +    |      0|  0|   39|          32|          32|
    |tmp87_fu_10207_p2                  |     +    |      0|  0|   38|          31|          31|
    |tmp88_fu_10217_p2                  |     +    |      0|  0|   38|          31|          31|
    |tmp89_fu_11438_p2                  |     +    |      0|  0|   32|          32|          32|
    |tmp8_fu_11185_p2                   |     +    |      0|  0|   32|          32|          32|
    |tmp90_fu_10233_p2                  |     +    |      0|  0|   38|          31|          31|
    |tmp91_fu_10239_p2                  |     +    |      0|  0|   38|          31|          31|
    |tmp92_fu_11461_p2                  |     +    |      0|  0|   32|          32|          32|
    |tmp93_fu_10265_p2                  |     +    |      0|  0|   39|          32|          32|
    |tmp94_fu_10245_p2                  |     +    |      0|  0|   38|          31|          31|
    |tmp95_fu_10255_p2                  |     +    |      0|  0|   38|          31|          31|
    |tmp96_fu_11455_p2                  |     +    |      0|  0|   32|          32|          32|
    |tmp97_fu_10271_p2                  |     +    |      0|  0|   38|          31|          31|
    |tmp98_fu_10277_p2                  |     +    |      0|  0|   38|          31|          31|
    |tmp99_fu_11490_p2                  |     +    |      0|  0|   32|          32|          32|
    |tmp9_fu_9683_p2                    |     +    |      0|  0|   39|          32|          32|
    |tmp_10_fu_11604_p2                 |     +    |      0|  0|   32|          32|          32|
    |tmp_11_fu_11650_p2                 |     +    |      0|  0|   32|          32|          32|
    |tmp_12_fu_11696_p2                 |     +    |      0|  0|   32|          32|          32|
    |tmp_13_fu_11742_p2                 |     +    |      0|  0|   32|          32|          32|
    |tmp_14_fu_11788_p2                 |     +    |      0|  0|   32|          32|          32|
    |tmp_15_fu_11834_p2                 |     +    |      0|  0|   32|          32|          32|
    |tmp_16_fu_11880_p2                 |     +    |      0|  0|   32|          32|          32|
    |tmp_1_i_fu_11912_p2                |     +    |      0|  0|   15|           8|           8|
    |tmp_2_fu_11236_p2                  |     +    |      0|  0|   32|          32|          32|
    |tmp_37_fu_2013_p2                  |     +    |      0|  0|   14|          10|          10|
    |tmp_3_fu_11282_p2                  |     +    |      0|  0|   32|          32|          32|
    |tmp_4_fu_11328_p2                  |     +    |      0|  0|   32|          32|          32|
    |tmp_5_fu_11374_p2                  |     +    |      0|  0|   32|          32|          32|
    |tmp_6_fu_11420_p2                  |     +    |      0|  0|   32|          32|          32|
    |tmp_7_fu_11466_p2                  |     +    |      0|  0|   32|          32|          32|
    |tmp_8_fu_11512_p2                  |     +    |      0|  0|   32|          32|          32|
    |tmp_9_fu_11558_p2                  |     +    |      0|  0|   32|          32|          32|
    |tmp_fu_11168_p2                    |     +    |      0|  0|   32|          32|          32|
    |tmp_s_fu_11190_p2                  |     +    |      0|  0|   32|          32|          32|
    |X_V_10_fu_13150_p2                 |     -    |      0|  0|   31|          24|          24|
    |X_V_12_fu_13290_p2                 |     -    |      0|  0|   31|          24|          24|
    |X_V_14_fu_13425_p2                 |     -    |      0|  0|   31|          24|          24|
    |X_V_16_fu_13561_p2                 |     -    |      0|  0|   31|          24|          24|
    |X_V_18_fu_13701_p2                 |     -    |      0|  0|   31|          24|          24|
    |X_V_20_fu_13832_p2                 |     -    |      0|  0|   31|          24|          24|
    |X_V_22_fu_13972_p2                 |     -    |      0|  0|   31|          24|          24|
    |X_V_24_fu_14146_p2                 |     -    |      0|  0|   31|          24|          24|
    |X_V_26_fu_14241_p2                 |     -    |      0|  0|   31|          24|          24|
    |X_V_28_fu_14381_p2                 |     -    |      0|  0|   31|          24|          24|
    |X_V_2_fu_12598_p2                  |     -    |      0|  0|   30|          23|          23|
    |X_V_30_fu_14523_p2                 |     -    |      0|  0|   31|          24|          24|
    |X_V_32_fu_14650_p2                 |     -    |      0|  0|   31|          24|          24|
    |X_V_34_fu_14790_p2                 |     -    |      0|  0|   31|          24|          24|
    |X_V_36_fu_14913_p2                 |     -    |      0|  0|   31|          24|          24|
    |X_V_4_fu_12734_p2                  |     -    |      0|  0|   30|          23|          23|
    |X_V_6_fu_12874_p2                  |     -    |      0|  0|   30|          23|          23|
    |X_V_8_fu_13012_p2                  |     -    |      0|  0|   31|          24|          24|
    |Y_V_10_fu_13296_p2                 |     -    |      0|  0|   31|          24|          24|
    |Y_V_12_fu_13430_p2                 |     -    |      0|  0|   31|          24|          24|
    |Y_V_14_fu_13567_p2                 |     -    |      0|  0|   31|          24|          24|
    |Y_V_16_fu_13707_p2                 |     -    |      0|  0|   31|          24|          24|
    |Y_V_18_fu_13838_p2                 |     -    |      0|  0|   31|          24|          24|
    |Y_V_20_fu_13978_p2                 |     -    |      0|  0|   31|          24|          24|
    |Y_V_22_fu_14151_p2                 |     -    |      0|  0|   31|          24|          24|
    |Y_V_24_fu_14247_p2                 |     -    |      0|  0|   31|          24|          24|
    |Y_V_26_fu_14387_p2                 |     -    |      0|  0|   31|          24|          24|
    |Y_V_28_fu_14528_p2                 |     -    |      0|  0|   31|          24|          24|
    |Y_V_2_fu_12740_p2                  |     -    |      0|  0|   31|          24|          24|
    |Y_V_30_fu_14656_p2                 |     -    |      0|  0|   31|          24|          24|
    |Y_V_32_fu_14796_p2                 |     -    |      0|  0|   31|          24|          24|
    |Y_V_34_fu_14918_p2                 |     -    |      0|  0|   31|          24|          24|
    |Y_V_4_fu_12880_p2                  |     -    |      0|  0|   31|          24|          24|
    |Y_V_6_fu_13018_p2                  |     -    |      0|  0|   31|          24|          24|
    |Y_V_8_fu_13156_p2                  |     -    |      0|  0|   31|          24|          24|
    |Y_V_fu_12603_p2                    |     -    |      0|  0|   31|          24|          24|
    |dist_sq_V_fu_12128_p2              |     -    |      0|  0|   32|          32|          32|
    |p_Val2_11_i_fu_12201_p2            |     -    |      0|  0|   33|           1|          26|
    |p_Val2_3_fu_12174_p2               |     -    |      0|  0|   32|          32|          32|
    |p_neg_i_fu_12168_p2                |     -    |      0|  0|   32|           1|          32|
    |ap_condition_1759                  |    and   |      0|  0|    2|           1|           1|
    |ap_condition_1764                  |    and   |      0|  0|    2|           1|           1|
    |ap_condition_1784                  |    and   |      0|  0|    2|           1|           1|
    |ap_condition_1819                  |    and   |      0|  0|    2|           1|           1|
    |ap_condition_1839                  |    and   |      0|  0|    2|           1|           1|
    |ap_condition_2001                  |    and   |      0|  0|    2|           1|           1|
    |ap_condition_2045                  |    and   |      0|  0|    2|           1|           1|
    |ap_condition_2050                  |    and   |      0|  0|    2|           1|           1|
    |ap_condition_2055                  |    and   |      0|  0|    2|           1|           1|
    |scaled_V_fu_14967_p2               |   ashr   |      0|  0|   73|          25|          25|
    |exitcond4_i_fu_1973_p2             |   icmp   |      0|  0|   13|          10|           9|
    |exitcond5_i_fu_11892_p2            |   icmp   |      0|  0|   11|           5|           6|
    |tmp_26_i_fu_12207_p2               |   icmp   |      0|  0|   18|          26|          24|
    |tmp_28_i_fu_12269_p2               |   icmp   |      0|  0|   18|          26|          24|
    |tmp_31_i_fu_12213_p2               |   icmp   |      0|  0|   18|          26|          23|
    |tmp_32_i_fu_12295_p2               |   icmp   |      0|  0|   18|          26|          24|
    |tmp_33_i_fu_12275_p2               |   icmp   |      0|  0|   18|          26|          24|
    |tmp_34_i_fu_12249_p2               |   icmp   |      0|  0|   18|          26|          23|
    |tmp_35_i_fu_12219_p2               |   icmp   |      0|  0|   18|          26|          21|
    |tmp_36_i_fu_12301_p2               |   icmp   |      0|  0|   18|          26|          24|
    |tmp_37_i_fu_12281_p2               |   icmp   |      0|  0|   18|          26|          24|
    |tmp_38_i_fu_12255_p2               |   icmp   |      0|  0|   18|          26|          23|
    |tmp_39_i_fu_12235_p2               |   icmp   |      0|  0|   18|          26|          22|
    |tmp_40_i_fu_12225_p2               |   icmp   |      0|  0|   18|          26|           1|
    |tmp_i_fu_1899_p2                   |   icmp   |      0|  0|   11|           8|           8|
    |ap_block_state1                    |    or    |      0|  0|    2|           1|           1|
    |X_V_1_fu_12482_p3                  |  select  |      0|  0|   23|           1|          23|
    |X_V_fu_12460_p3                    |  select  |      0|  0|   23|           1|          23|
    |Z_V_10_fu_13657_p3                 |  select  |      0|  0|   26|           1|          26|
    |Z_V_11_fu_13789_p3                 |  select  |      0|  0|   26|           1|          26|
    |Z_V_12_fu_13928_p3                 |  select  |      0|  0|   26|           1|          26|
    |Z_V_13_fu_14068_p3                 |  select  |      0|  0|   26|           1|          26|
    |Z_V_14_fu_14198_p3                 |  select  |      0|  0|   26|           1|          26|
    |Z_V_15_fu_14337_p3                 |  select  |      0|  0|   26|           1|          26|
    |Z_V_16_fu_14477_p3                 |  select  |      0|  0|   26|           1|          26|
    |Z_V_17_fu_14607_p3                 |  select  |      0|  0|   26|           1|          26|
    |Z_V_18_fu_14746_p3                 |  select  |      0|  0|   26|           1|          26|
    |Z_V_1_fu_12444_p3                  |  select  |      0|  0|   26|           1|          26|
    |Z_V_2_fu_12554_p3                  |  select  |      0|  0|   26|           1|          26|
    |Z_V_3_fu_12690_p3                  |  select  |      0|  0|   26|           1|          26|
    |Z_V_4_fu_12830_p3                  |  select  |      0|  0|   26|           1|          26|
    |Z_V_5_fu_12971_p3                  |  select  |      0|  0|   26|           1|          26|
    |Z_V_6_fu_13106_p3                  |  select  |      0|  0|   26|           1|          26|
    |Z_V_7_fu_13246_p3                  |  select  |      0|  0|   26|           1|          26|
    |Z_V_8_fu_13384_p3                  |  select  |      0|  0|   26|           1|          26|
    |Z_V_9_fu_13517_p3                  |  select  |      0|  0|   26|           1|          26|
    |p_0624_0_i_cast_i_cas_fu_12241_p3  |  select  |      0|  0|    2|           1|           2|
    |p_0624_2_i_cast_i_cas_fu_12261_p3  |  select  |      0|  0|    3|           1|           3|
    |p_0624_5_i_i_fu_12287_p3           |  select  |      0|  0|    5|           1|           4|
    |p_0624_7_i_i_fu_12307_p3           |  select  |      0|  0|    4|           1|           4|
    |p_Val2_100_fu_14858_p3             |  select  |      0|  0|   24|           1|          24|
    |p_Val2_101_fu_14850_p3             |  select  |      0|  0|   24|           1|          24|
    |p_Val2_102_fu_14945_p3             |  select  |      0|  0|   24|           1|          24|
    |p_Val2_103_fu_14933_p3             |  select  |      0|  0|   24|           1|          24|
    |p_Val2_11_fu_12416_p3              |  select  |      0|  0|   23|           1|          23|
    |p_Val2_15_fu_12526_p3              |  select  |      0|  0|   23|           1|          23|
    |p_Val2_19_v_cast_c_fu_12512_p3     |  select  |      0|  0|   22|           1|          22|
    |p_Val2_20_fu_12662_p3              |  select  |      0|  0|   23|           1|          23|
    |p_Val2_21_fu_12654_p3              |  select  |      0|  0|   24|           1|          24|
    |p_Val2_25_fu_12802_p3              |  select  |      0|  0|   23|           1|          23|
    |p_Val2_26_fu_12794_p3              |  select  |      0|  0|   24|           1|          24|
    |p_Val2_30_fu_12942_p3              |  select  |      0|  0|   23|           1|          23|
    |p_Val2_31_fu_12934_p3              |  select  |      0|  0|   24|           1|          24|
    |p_Val2_35_fu_13078_p3              |  select  |      0|  0|   24|           1|          24|
    |p_Val2_36_fu_13070_p3              |  select  |      0|  0|   24|           1|          24|
    |p_Val2_40_fu_13218_p3              |  select  |      0|  0|   24|           1|          24|
    |p_Val2_41_fu_13210_p3              |  select  |      0|  0|   24|           1|          24|
    |p_Val2_45_fu_13358_p3              |  select  |      0|  0|   24|           1|          24|
    |p_Val2_46_fu_13350_p3              |  select  |      0|  0|   24|           1|          24|
    |p_Val2_50_fu_13489_p3              |  select  |      0|  0|   24|           1|          24|
    |p_Val2_51_fu_13481_p3              |  select  |      0|  0|   24|           1|          24|
    |p_Val2_55_fu_13629_p3              |  select  |      0|  0|   24|           1|          24|
    |p_Val2_56_fu_13621_p3              |  select  |      0|  0|   24|           1|          24|
    |p_Val2_60_fu_13766_p3              |  select  |      0|  0|   24|           1|          24|
    |p_Val2_61_fu_13761_p3              |  select  |      0|  0|   24|           1|          24|
    |p_Val2_65_fu_13900_p3              |  select  |      0|  0|   24|           1|          24|
    |p_Val2_66_fu_13892_p3              |  select  |      0|  0|   24|           1|          24|
    |p_Val2_70_fu_14040_p3              |  select  |      0|  0|   24|           1|          24|
    |p_Val2_71_fu_14032_p3              |  select  |      0|  0|   24|           1|          24|
    |p_Val2_75_fu_14173_p3              |  select  |      0|  0|   24|           1|          24|
    |p_Val2_76_fu_14166_p3              |  select  |      0|  0|   24|           1|          24|
    |p_Val2_80_fu_14309_p3              |  select  |      0|  0|   24|           1|          24|
    |p_Val2_81_fu_14301_p3              |  select  |      0|  0|   24|           1|          24|
    |p_Val2_85_fu_14449_p3              |  select  |      0|  0|   24|           1|          24|
    |p_Val2_86_fu_14441_p3              |  select  |      0|  0|   24|           1|          24|
    |p_Val2_90_fu_14580_p3              |  select  |      0|  0|   24|           1|          24|
    |p_Val2_91_fu_14573_p3              |  select  |      0|  0|   24|           1|          24|
    |p_Val2_95_fu_14718_p3              |  select  |      0|  0|   24|           1|          24|
    |p_Val2_96_fu_14710_p3              |  select  |      0|  0|   24|           1|          24|
    |p_Val2_i_87_fu_12146_p3            |  select  |      0|  0|   31|           1|           1|
    |z_neg_19_fu_14880_p3               |  select  |      0|  0|    2|           1|           1|
    |ap_enable_pp0                      |    xor   |      0|  0|    2|           1|           2|
    |ap_enable_pp1                      |    xor   |      0|  0|    2|           1|           2|
    |ap_enable_reg_pp0_iter1            |    xor   |      0|  0|    2|           2|           1|
    |ap_enable_reg_pp1_iter1            |    xor   |      0|  0|    2|           2|           1|
    +-----------------------------------+----------+-------+---+-----+------------+------------+
    |Total                              |          |      0|  0|26012|       14095|       15004|
    +-----------------------------------+----------+-------+---+-----+------------+------------+

    * Multiplexer: 
    +-----------------------------------------------+----+-----------+-----+-----------+
    |                      Name                     | LUT| Input Size| Bits| Total Bits|
    +-----------------------------------------------+----+-----------+-----+-----------+
    |ap_NS_fsm                                      |  41|          8|    1|          8|
    |ap_done                                        |   9|          2|    1|          2|
    |ap_enable_reg_pp0_iter1                        |   9|          2|    1|          2|
    |ap_enable_reg_pp0_iter3                        |   9|          2|    1|          2|
    |ap_enable_reg_pp1_iter1                        |   9|          2|    1|          2|
    |ap_enable_reg_pp1_iter14                       |   9|          2|    1|          2|
    |ap_phi_reg_pp1_iter2_UnifiedRetVal_i_reg_1693  |  85|         17|    8|        136|
    |ap_phi_reg_pp1_iter2_p_Val2_1_reg_1656         |  85|         17|   30|        510|
    |ap_phi_reg_pp1_iter5_p_0624_10_i_i_reg_1731    |  44|          9|    4|         36|
    |dot_products_0_V_reg_1622                      |   9|          2|   32|         64|
    |dot_products_10_V_reg_1502                     |   9|          2|   32|         64|
    |dot_products_11_V_reg_1490                     |   9|          2|   32|         64|
    |dot_products_12_V_reg_1478                     |   9|          2|   32|         64|
    |dot_products_13_V_reg_1466                     |   9|          2|   32|         64|
    |dot_products_14_V_reg_1454                     |   9|          2|   32|         64|
    |dot_products_15_V_reg_1442                     |   9|          2|   32|         64|
    |dot_products_1_V_reg_1610                      |   9|          2|   32|         64|
    |dot_products_2_V_reg_1598                      |   9|          2|   32|         64|
    |dot_products_3_V_reg_1586                      |   9|          2|   32|         64|
    |dot_products_4_V_reg_1574                      |   9|          2|   32|         64|
    |dot_products_5_V_reg_1562                      |   9|          2|   32|         64|
    |dot_products_6_V_reg_1550                      |   9|          2|   32|         64|
    |dot_products_7_V_reg_1538                      |   9|          2|   32|         64|
    |dot_products_8_V_reg_1526                      |   9|          2|   32|         64|
    |dot_products_9_V_reg_1514                      |   9|          2|   32|         64|
    |i_i_reg_1430                                   |   9|          2|    8|         16|
    |j_i_reg_1634                                   |   9|          2|   10|         20|
    |k3_i_reg_1645                                  |   9|          2|    5|         10|
    |partial_sum_15_V_10_fu_564                     |   9|          2|   32|         64|
    |partial_sum_15_V_11_fu_568                     |   9|          2|   32|         64|
    |partial_sum_15_V_12_fu_572                     |   9|          2|   32|         64|
    |partial_sum_15_V_13_fu_576                     |   9|          2|   32|         64|
    |partial_sum_15_V_14_fu_580                     |   9|          2|   32|         64|
    |partial_sum_15_V_15_fu_584                     |   9|          2|   32|         64|
    |partial_sum_15_V_1_fu_528                      |   9|          2|   32|         64|
    |partial_sum_15_V_2_fu_532                      |   9|          2|   32|         64|
    |partial_sum_15_V_3_fu_536                      |   9|          2|   32|         64|
    |partial_sum_15_V_4_fu_540                      |   9|          2|   32|         64|
    |partial_sum_15_V_5_fu_544                      |   9|          2|   32|         64|
    |partial_sum_15_V_6_fu_548                      |   9|          2|   32|         64|
    |partial_sum_15_V_7_fu_552                      |   9|          2|   32|         64|
    |partial_sum_15_V_8_fu_556                      |   9|          2|   32|         64|
    |partial_sum_15_V_9_fu_560                      |   9|          2|   32|         64|
    |partial_sum_15_V_fu_588                        |   9|          2|   32|         64|
    +-----------------------------------------------+----+-----------+-----+-----------+
    |Total                                          | 615|        131| 1095|       2794|
    +-----------------------------------------------+----+-----------+-----+-----------+

    * Register: 
    +-----------------------------------------------+----+----+-----+-----------+
    |                      Name                     | FF | LUT| Bits| Const Bits|
    +-----------------------------------------------+----+----+-----+-----------+
    |UnifiedRetVal_i_reg_1693                       |   8|   0|    8|          0|
    |X_V_18_reg_17889                               |  24|   0|   24|          0|
    |X_V_19_reg_17904                               |  24|   0|   24|          0|
    |Y_V_16_reg_17894                               |  24|   0|   24|          0|
    |Y_V_17_reg_17909                               |  24|   0|   24|          0|
    |Z_V_16_reg_17972                               |  26|   0|   26|          0|
    |Z_V_2_reg_17808                                |  26|   0|   26|          0|
    |ap_CS_fsm                                      |   7|   0|    7|          0|
    |ap_done_reg                                    |   1|   0|    1|          0|
    |ap_enable_reg_pp0_iter0                        |   1|   0|    1|          0|
    |ap_enable_reg_pp0_iter1                        |   1|   0|    1|          0|
    |ap_enable_reg_pp0_iter2                        |   1|   0|    1|          0|
    |ap_enable_reg_pp0_iter3                        |   1|   0|    1|          0|
    |ap_enable_reg_pp1_iter0                        |   1|   0|    1|          0|
    |ap_enable_reg_pp1_iter1                        |   1|   0|    1|          0|
    |ap_enable_reg_pp1_iter10                       |   1|   0|    1|          0|
    |ap_enable_reg_pp1_iter11                       |   1|   0|    1|          0|
    |ap_enable_reg_pp1_iter12                       |   1|   0|    1|          0|
    |ap_enable_reg_pp1_iter13                       |   1|   0|    1|          0|
    |ap_enable_reg_pp1_iter14                       |   1|   0|    1|          0|
    |ap_enable_reg_pp1_iter2                        |   1|   0|    1|          0|
    |ap_enable_reg_pp1_iter3                        |   1|   0|    1|          0|
    |ap_enable_reg_pp1_iter4                        |   1|   0|    1|          0|
    |ap_enable_reg_pp1_iter5                        |   1|   0|    1|          0|
    |ap_enable_reg_pp1_iter6                        |   1|   0|    1|          0|
    |ap_enable_reg_pp1_iter7                        |   1|   0|    1|          0|
    |ap_enable_reg_pp1_iter8                        |   1|   0|    1|          0|
    |ap_enable_reg_pp1_iter9                        |   1|   0|    1|          0|
    |ap_phi_reg_pp1_iter1_UnifiedRetVal_i_reg_1693  |   8|   0|    8|          0|
    |ap_phi_reg_pp1_iter1_p_0624_10_i_i_reg_1731    |   4|   0|    4|          0|
    |ap_phi_reg_pp1_iter1_p_Val2_1_reg_1656         |  30|   0|   30|          0|
    |ap_phi_reg_pp1_iter2_UnifiedRetVal_i_reg_1693  |   8|   0|    8|          0|
    |ap_phi_reg_pp1_iter2_p_0624_10_i_i_reg_1731    |   4|   0|    4|          0|
    |ap_phi_reg_pp1_iter2_p_Val2_1_reg_1656         |  30|   0|   30|          0|
    |ap_phi_reg_pp1_iter3_p_0624_10_i_i_reg_1731    |   4|   0|    4|          0|
    |ap_phi_reg_pp1_iter4_p_0624_10_i_i_reg_1731    |   4|   0|    4|          0|
    |ap_phi_reg_pp1_iter5_p_0624_10_i_i_reg_1731    |   4|   0|    4|          0|
    |dot_products_0_V_reg_1622                      |  32|   0|   32|          0|
    |dot_products_10_V_reg_1502                     |  32|   0|   32|          0|
    |dot_products_11_V_reg_1490                     |  32|   0|   32|          0|
    |dot_products_12_V_reg_1478                     |  32|   0|   32|          0|
    |dot_products_13_V_reg_1466                     |  32|   0|   32|          0|
    |dot_products_14_V_reg_1454                     |  32|   0|   32|          0|
    |dot_products_15_V_reg_1442                     |  32|   0|   32|          0|
    |dot_products_1_V_reg_1610                      |  32|   0|   32|          0|
    |dot_products_2_V_reg_1598                      |  32|   0|   32|          0|
    |dot_products_3_V_reg_1586                      |  32|   0|   32|          0|
    |dot_products_4_V_reg_1574                      |  32|   0|   32|          0|
    |dot_products_5_V_reg_1562                      |  32|   0|   32|          0|
    |dot_products_6_V_reg_1550                      |  32|   0|   32|          0|
    |dot_products_7_V_reg_1538                      |  32|   0|   32|          0|
    |dot_products_8_V_reg_1526                      |  32|   0|   32|          0|
    |dot_products_9_V_reg_1514                      |  32|   0|   32|          0|
    |exitcond4_i_reg_15340                          |   1|   0|    1|          0|
    |exitcond5_i_reg_17389                          |   1|   0|    1|          0|
    |i_i_reg_1430                                   |   8|   0|    8|          0|
    |j_i_reg_1634                                   |  10|   0|   10|          0|
    |k3_i_reg_1645                                  |   5|   0|    5|          0|
    |p_0624_10_i_i_reg_1731                         |   4|   0|    4|          0|
    |p_Val2_100_reg_18011                           |  24|   0|   24|          0|
    |p_Val2_101_reg_18004                           |  24|   0|   24|          0|
    |p_Val2_15_reg_17802                            |  11|   0|   23|         12|
    |p_Val2_16_reg_17797                            |  19|   0|   23|          4|
    |p_Val2_28_reg_17830                            |  26|   0|   28|          2|
    |p_Val2_29_reg_17835                            |  26|   0|   28|          2|
    |p_Val2_30_reg_17847                            |  23|   0|   23|          0|
    |p_Val2_31_reg_17840                            |  24|   0|   24|          0|
    |p_Val2_3_reg_17734                             |  32|   0|   32|          0|
    |p_Val2_43_reg_17858                            |  26|   0|   28|          2|
    |p_Val2_44_reg_17863                            |  26|   0|   28|          2|
    |p_Val2_45_reg_17875                            |  24|   0|   24|          0|
    |p_Val2_46_reg_17868                            |  24|   0|   24|          0|
    |p_Val2_58_reg_17899                            |  26|   0|   28|          2|
    |p_Val2_59_reg_17914                            |  26|   0|   28|          2|
    |p_Val2_70_reg_17925                            |  24|   0|   24|          0|
    |p_Val2_71_reg_17919                            |  24|   0|   24|          0|
    |p_Val2_73_reg_17948                            |  26|   0|   28|          2|
    |p_Val2_74_reg_17953                            |  26|   0|   28|          2|
    |p_Val2_85_reg_17965                            |  24|   0|   24|          0|
    |p_Val2_86_reg_17958                            |  24|   0|   24|          0|
    |p_Val2_98_reg_17994                            |  26|   0|   28|          2|
    |p_Val2_99_reg_17999                            |  26|   0|   28|          2|
    |p_Val2_cast_i_reg_15301                        |  26|   0|   32|          6|
    |partial_sum_15_V_10_fu_564                     |  32|   0|   32|          0|
    |partial_sum_15_V_11_fu_568                     |  32|   0|   32|          0|
    |partial_sum_15_V_12_fu_572                     |  32|   0|   32|          0|
    |partial_sum_15_V_13_fu_576                     |  32|   0|   32|          0|
    |partial_sum_15_V_14_fu_580                     |  32|   0|   32|          0|
    |partial_sum_15_V_15_fu_584                     |  32|   0|   32|          0|
    |partial_sum_15_V_1_fu_528                      |  32|   0|   32|          0|
    |partial_sum_15_V_2_fu_532                      |  32|   0|   32|          0|
    |partial_sum_15_V_3_fu_536                      |  32|   0|   32|          0|
    |partial_sum_15_V_4_fu_540                      |  32|   0|   32|          0|
    |partial_sum_15_V_5_fu_544                      |  32|   0|   32|          0|
    |partial_sum_15_V_6_fu_548                      |  32|   0|   32|          0|
    |partial_sum_15_V_7_fu_552                      |  32|   0|   32|          0|
    |partial_sum_15_V_8_fu_556                      |  32|   0|   32|          0|
    |partial_sum_15_V_9_fu_560                      |  32|   0|   32|          0|
    |partial_sum_15_V_fu_588                        |  32|   0|   32|          0|
    |r_V_0_10_i_reg_15564                           |  16|   0|   16|          0|
    |r_V_0_11_i_reg_15569                           |  16|   0|   16|          0|
    |r_V_0_12_i_reg_15574                           |  16|   0|   16|          0|
    |r_V_0_13_i_reg_15579                           |  16|   0|   16|          0|
    |r_V_0_14_i_reg_15584                           |  16|   0|   16|          0|
    |r_V_0_1_i_reg_15514                            |  16|   0|   16|          0|
    |r_V_0_2_i_reg_15519                            |  16|   0|   16|          0|
    |r_V_0_3_i_reg_15524                            |  16|   0|   16|          0|
    |r_V_0_4_i_reg_15529                            |  16|   0|   16|          0|
    |r_V_0_5_i_reg_15534                            |  16|   0|   16|          0|
    |r_V_0_6_i_reg_15539                            |  16|   0|   16|          0|
    |r_V_0_7_i_reg_15544                            |  16|   0|   16|          0|
    |r_V_0_8_i_reg_15549                            |  16|   0|   16|          0|
    |r_V_0_9_i_reg_15554                            |  16|   0|   16|          0|
    |r_V_0_i_38_reg_15559                           |  16|   0|   16|          0|
    |r_V_0_i_reg_15509                              |  16|   0|   16|          0|
    |r_V_10_10_i_reg_16384                          |  16|   0|   16|          0|
    |r_V_10_11_i_reg_16389                          |  16|   0|   16|          0|
    |r_V_10_12_i_reg_16394                          |  16|   0|   16|          0|
    |r_V_10_13_i_reg_16399                          |  16|   0|   16|          0|
    |r_V_10_14_i_reg_16404                          |  16|   0|   16|          0|
    |r_V_10_1_i_reg_16334                           |  16|   0|   16|          0|
    |r_V_10_2_i_reg_16339                           |  16|   0|   16|          0|
    |r_V_10_3_i_reg_16344                           |  16|   0|   16|          0|
    |r_V_10_4_i_reg_16349                           |  16|   0|   16|          0|
    |r_V_10_5_i_reg_16354                           |  16|   0|   16|          0|
    |r_V_10_6_i_reg_16359                           |  16|   0|   16|          0|
    |r_V_10_7_i_reg_16364                           |  16|   0|   16|          0|
    |r_V_10_8_i_reg_16369                           |  16|   0|   16|          0|
    |r_V_10_9_i_reg_16374                           |  16|   0|   16|          0|
    |r_V_10_i_69_reg_16379                          |  16|   0|   16|          0|
    |r_V_10_i_reg_16329                             |  16|   0|   16|          0|
    |r_V_11_10_i_reg_16464                          |  16|   0|   16|          0|
    |r_V_11_11_i_reg_16469                          |  16|   0|   16|          0|
    |r_V_11_12_i_reg_16474                          |  16|   0|   16|          0|
    |r_V_11_13_i_reg_16479                          |  16|   0|   16|          0|
    |r_V_11_14_i_reg_16484                          |  16|   0|   16|          0|
    |r_V_11_1_i_reg_16414                           |  16|   0|   16|          0|
    |r_V_11_2_i_reg_16419                           |  16|   0|   16|          0|
    |r_V_11_3_i_reg_16424                           |  16|   0|   16|          0|
    |r_V_11_4_i_reg_16429                           |  16|   0|   16|          0|
    |r_V_11_5_i_reg_16434                           |  16|   0|   16|          0|
    |r_V_11_6_i_reg_16439                           |  16|   0|   16|          0|
    |r_V_11_7_i_reg_16444                           |  16|   0|   16|          0|
    |r_V_11_8_i_reg_16449                           |  16|   0|   16|          0|
    |r_V_11_9_i_reg_16454                           |  16|   0|   16|          0|
    |r_V_11_i_72_reg_16459                          |  16|   0|   16|          0|
    |r_V_11_i_reg_16409                             |  16|   0|   16|          0|
    |r_V_1_10_i_reg_15644                           |  16|   0|   16|          0|
    |r_V_1_11_i_reg_15649                           |  16|   0|   16|          0|
    |r_V_1_12_i_reg_15654                           |  16|   0|   16|          0|
    |r_V_1_13_i_reg_15659                           |  16|   0|   16|          0|
    |r_V_1_14_i_reg_15664                           |  16|   0|   16|          0|
    |r_V_1_1_i_reg_15594                            |  16|   0|   16|          0|
    |r_V_1_2_i_reg_15599                            |  16|   0|   16|          0|
    |r_V_1_3_i_reg_15604                            |  16|   0|   16|          0|
    |r_V_1_4_i_reg_15609                            |  16|   0|   16|          0|
    |r_V_1_5_i_reg_15614                            |  16|   0|   16|          0|
    |r_V_1_6_i_reg_15619                            |  16|   0|   16|          0|
    |r_V_1_7_i_reg_15624                            |  16|   0|   16|          0|
    |r_V_1_8_i_reg_15629                            |  16|   0|   16|          0|
    |r_V_1_9_i_reg_15634                            |  16|   0|   16|          0|
    |r_V_1_i_42_reg_15639                           |  16|   0|   16|          0|
    |r_V_1_i_reg_15589                              |  16|   0|   16|          0|
    |r_V_2_10_i_reg_15724                           |  16|   0|   16|          0|
    |r_V_2_11_i_reg_15729                           |  16|   0|   16|          0|
    |r_V_2_12_i_reg_15734                           |  16|   0|   16|          0|
    |r_V_2_13_i_reg_15739                           |  16|   0|   16|          0|
    |r_V_2_14_i_reg_15744                           |  16|   0|   16|          0|
    |r_V_2_1_i_reg_15674                            |  16|   0|   16|          0|
    |r_V_2_2_i_reg_15679                            |  16|   0|   16|          0|
    |r_V_2_3_i_reg_15684                            |  16|   0|   16|          0|
    |r_V_2_4_i_reg_15689                            |  16|   0|   16|          0|
    |r_V_2_5_i_reg_15694                            |  16|   0|   16|          0|
    |r_V_2_6_i_reg_15699                            |  16|   0|   16|          0|
    |r_V_2_7_i_reg_15704                            |  16|   0|   16|          0|
    |r_V_2_8_i_reg_15709                            |  16|   0|   16|          0|
    |r_V_2_9_i_reg_15714                            |  16|   0|   16|          0|
    |r_V_2_i_45_reg_15719                           |  16|   0|   16|          0|
    |r_V_2_i_reg_15669                              |  16|   0|   16|          0|
    |r_V_3_10_i_reg_15804                           |  16|   0|   16|          0|
    |r_V_3_11_i_reg_15809                           |  16|   0|   16|          0|
    |r_V_3_12_i_reg_15814                           |  16|   0|   16|          0|
    |r_V_3_13_i_reg_15819                           |  16|   0|   16|          0|
    |r_V_3_14_i_reg_15824                           |  16|   0|   16|          0|
    |r_V_3_1_i_reg_15754                            |  16|   0|   16|          0|
    |r_V_3_2_i_reg_15759                            |  16|   0|   16|          0|
    |r_V_3_3_i_reg_15764                            |  16|   0|   16|          0|
    |r_V_3_4_i_reg_15769                            |  16|   0|   16|          0|
    |r_V_3_5_i_reg_15774                            |  16|   0|   16|          0|
    |r_V_3_6_i_reg_15779                            |  16|   0|   16|          0|
    |r_V_3_7_i_reg_15784                            |  16|   0|   16|          0|
    |r_V_3_8_i_reg_15789                            |  16|   0|   16|          0|
    |r_V_3_9_i_reg_15794                            |  16|   0|   16|          0|
    |r_V_3_i_48_reg_15799                           |  16|   0|   16|          0|
    |r_V_3_i_reg_15749                              |  16|   0|   16|          0|
    |r_V_8_10_i_reg_16224                           |  16|   0|   16|          0|
    |r_V_8_11_i_reg_16229                           |  16|   0|   16|          0|
    |r_V_8_12_i_reg_16234                           |  16|   0|   16|          0|
    |r_V_8_13_i_reg_16239                           |  16|   0|   16|          0|
    |r_V_8_14_i_reg_16244                           |  16|   0|   16|          0|
    |r_V_8_1_i_reg_16174                            |  16|   0|   16|          0|
    |r_V_8_2_i_reg_16179                            |  16|   0|   16|          0|
    |r_V_8_3_i_reg_16184                            |  16|   0|   16|          0|
    |r_V_8_4_i_reg_16189                            |  16|   0|   16|          0|
    |r_V_8_5_i_reg_16194                            |  16|   0|   16|          0|
    |r_V_8_6_i_reg_16199                            |  16|   0|   16|          0|
    |r_V_8_7_i_reg_16204                            |  16|   0|   16|          0|
    |r_V_8_8_i_reg_16209                            |  16|   0|   16|          0|
    |r_V_8_9_i_reg_16214                            |  16|   0|   16|          0|
    |r_V_8_i_63_reg_16219                           |  16|   0|   16|          0|
    |r_V_8_i_reg_16169                              |  16|   0|   16|          0|
    |r_V_9_10_i_reg_16304                           |  16|   0|   16|          0|
    |r_V_9_11_i_reg_16309                           |  16|   0|   16|          0|
    |r_V_9_12_i_reg_16314                           |  16|   0|   16|          0|
    |r_V_9_13_i_reg_16319                           |  16|   0|   16|          0|
    |r_V_9_14_i_reg_16324                           |  16|   0|   16|          0|
    |r_V_9_1_i_reg_16254                            |  16|   0|   16|          0|
    |r_V_9_2_i_reg_16259                            |  16|   0|   16|          0|
    |r_V_9_3_i_reg_16264                            |  16|   0|   16|          0|
    |r_V_9_4_i_reg_16269                            |  16|   0|   16|          0|
    |r_V_9_5_i_reg_16274                            |  16|   0|   16|          0|
    |r_V_9_6_i_reg_16279                            |  16|   0|   16|          0|
    |r_V_9_7_i_reg_16284                            |  16|   0|   16|          0|
    |r_V_9_8_i_reg_16289                            |  16|   0|   16|          0|
    |r_V_9_9_i_reg_16294                            |  16|   0|   16|          0|
    |r_V_9_i_66_reg_16299                           |  16|   0|   16|          0|
    |r_V_9_i_reg_16249                              |  16|   0|   16|          0|
    |scaled_V_reg_18018                             |  25|   0|   25|          0|
    |tmp100_reg_17039                               |  18|   0|   32|         14|
    |tmp104_reg_17044                               |  17|   0|   31|         14|
    |tmp105_reg_17049                               |  17|   0|   31|         14|
    |tmp107_reg_17054                               |  18|   0|   32|         14|
    |tmp111_reg_17059                               |  17|   0|   31|         14|
    |tmp112_reg_17064                               |  17|   0|   31|         14|
    |tmp114_reg_17069                               |  18|   0|   32|         14|
    |tmp118_reg_17074                               |  17|   0|   31|         14|
    |tmp119_reg_17079                               |  17|   0|   31|         14|
    |tmp121_reg_17084                               |  18|   0|   32|         14|
    |tmp125_reg_17089                               |  17|   0|   31|         14|
    |tmp126_reg_17094                               |  17|   0|   31|         14|
    |tmp128_reg_17099                               |  18|   0|   32|         14|
    |tmp132_reg_17104                               |  17|   0|   31|         14|
    |tmp133_reg_17109                               |  17|   0|   31|         14|
    |tmp135_reg_17114                               |  18|   0|   32|         14|
    |tmp139_reg_17119                               |  17|   0|   31|         14|
    |tmp13_reg_16849                                |  17|   0|   31|         14|
    |tmp140_reg_17124                               |  17|   0|   31|         14|
    |tmp142_reg_17129                               |  18|   0|   32|         14|
    |tmp146_reg_17134                               |  17|   0|   31|         14|
    |tmp147_reg_17139                               |  17|   0|   31|         14|
    |tmp149_reg_17144                               |  18|   0|   32|         14|
    |tmp14_reg_16854                                |  17|   0|   31|         14|
    |tmp153_reg_17149                               |  17|   0|   31|         14|
    |tmp154_reg_17154                               |  17|   0|   31|         14|
    |tmp156_reg_17159                               |  18|   0|   32|         14|
    |tmp160_reg_17164                               |  17|   0|   31|         14|
    |tmp161_reg_17169                               |  17|   0|   31|         14|
    |tmp163_reg_17174                               |  18|   0|   32|         14|
    |tmp167_reg_17179                               |  17|   0|   31|         14|
    |tmp168_reg_17184                               |  17|   0|   31|         14|
    |tmp16_reg_16859                                |  18|   0|   32|         14|
    |tmp170_reg_17189                               |  18|   0|   32|         14|
    |tmp174_reg_17194                               |  17|   0|   31|         14|
    |tmp175_reg_17199                               |  17|   0|   31|         14|
    |tmp177_reg_17204                               |  18|   0|   32|         14|
    |tmp181_reg_17209                               |  17|   0|   31|         14|
    |tmp182_reg_17214                               |  17|   0|   31|         14|
    |tmp184_reg_17219                               |  18|   0|   32|         14|
    |tmp188_reg_17224                               |  17|   0|   31|         14|
    |tmp189_reg_17229                               |  17|   0|   31|         14|
    |tmp191_reg_17234                               |  18|   0|   32|         14|
    |tmp195_reg_17239                               |  17|   0|   31|         14|
    |tmp196_reg_17244                               |  17|   0|   31|         14|
    |tmp198_reg_17249                               |  18|   0|   32|         14|
    |tmp202_reg_17254                               |  17|   0|   31|         14|
    |tmp203_reg_17259                               |  17|   0|   31|         14|
    |tmp205_reg_17264                               |  18|   0|   32|         14|
    |tmp209_reg_17269                               |  17|   0|   31|         14|
    |tmp20_reg_16864                                |  17|   0|   31|         14|
    |tmp210_reg_17274                               |  17|   0|   31|         14|
    |tmp212_reg_17279                               |  18|   0|   32|         14|
    |tmp216_reg_17284                               |  17|   0|   31|         14|
    |tmp217_reg_17289                               |  17|   0|   31|         14|
    |tmp219_reg_17294                               |  18|   0|   32|         14|
    |tmp21_reg_16869                                |  17|   0|   31|         14|
    |tmp223_reg_17299                               |  17|   0|   31|         14|
    |tmp224_reg_17304                               |  17|   0|   31|         14|
    |tmp228_reg_15315                               |  32|   0|   32|          0|
    |tmp231_reg_15320                               |  32|   0|   32|          0|
    |tmp234_reg_15325                               |  32|   0|   32|          0|
    |tmp235_reg_15330                               |  32|   0|   32|          0|
    |tmp236_reg_15335                               |  32|   0|   32|          0|
    |tmp23_reg_16874                                |  18|   0|   32|         14|
    |tmp27_reg_16879                                |  17|   0|   31|         14|
    |tmp28_reg_16884                                |  17|   0|   31|         14|
    |tmp2_reg_16829                                 |  18|   0|   32|         14|
    |tmp30_reg_16889                                |  18|   0|   32|         14|
    |tmp34_reg_16894                                |  17|   0|   31|         14|
    |tmp35_reg_16899                                |  17|   0|   31|         14|
    |tmp37_reg_16904                                |  18|   0|   32|         14|
    |tmp41_reg_16909                                |  17|   0|   31|         14|
    |tmp42_reg_16914                                |  17|   0|   31|         14|
    |tmp44_reg_16919                                |  18|   0|   32|         14|
    |tmp48_reg_16924                                |  17|   0|   31|         14|
    |tmp49_reg_16929                                |  17|   0|   31|         14|
    |tmp51_reg_16934                                |  18|   0|   32|         14|
    |tmp55_reg_16939                                |  17|   0|   31|         14|
    |tmp56_reg_16944                                |  17|   0|   31|         14|
    |tmp58_reg_16949                                |  18|   0|   32|         14|
    |tmp62_reg_16954                                |  17|   0|   31|         14|
    |tmp63_reg_16959                                |  17|   0|   31|         14|
    |tmp65_reg_16964                                |  18|   0|   32|         14|
    |tmp69_reg_16969                                |  17|   0|   31|         14|
    |tmp6_reg_16834                                 |  17|   0|   31|         14|
    |tmp70_reg_16974                                |  17|   0|   31|         14|
    |tmp72_reg_16979                                |  18|   0|   32|         14|
    |tmp76_reg_16984                                |  17|   0|   31|         14|
    |tmp77_reg_16989                                |  17|   0|   31|         14|
    |tmp79_reg_16994                                |  18|   0|   32|         14|
    |tmp7_reg_16839                                 |  17|   0|   31|         14|
    |tmp83_reg_16999                                |  17|   0|   31|         14|
    |tmp84_reg_17004                                |  17|   0|   31|         14|
    |tmp86_reg_17009                                |  18|   0|   32|         14|
    |tmp90_reg_17014                                |  17|   0|   31|         14|
    |tmp91_reg_17019                                |  17|   0|   31|         14|
    |tmp93_reg_17024                                |  18|   0|   32|         14|
    |tmp97_reg_17029                                |  17|   0|   31|         14|
    |tmp98_reg_17034                                |  17|   0|   31|         14|
    |tmp9_reg_16844                                 |  18|   0|   32|         14|
    |tmp_100_i_reg_15844                            |   8|   0|    8|          0|
    |tmp_101_i_reg_15849                            |   8|   0|    8|          0|
    |tmp_102_i_reg_15854                            |   8|   0|    8|          0|
    |tmp_105_i_reg_15859                            |   8|   0|    8|          0|
    |tmp_106_i_reg_15864                            |   8|   0|    8|          0|
    |tmp_107_i_reg_15869                            |   8|   0|    8|          0|
    |tmp_108_i_reg_15874                            |   8|   0|    8|          0|
    |tmp_109_i_reg_15879                            |   8|   0|    8|          0|
    |tmp_110_i_reg_15884                            |   8|   0|    8|          0|
    |tmp_111_i_reg_15889                            |   8|   0|    8|          0|
    |tmp_112_i_reg_15894                            |   8|   0|    8|          0|
    |tmp_113_i_reg_15899                            |   8|   0|    8|          0|
    |tmp_114_i_reg_15904                            |   8|   0|    8|          0|
    |tmp_115_i_reg_15909                            |   8|   0|    8|          0|
    |tmp_116_i_reg_15914                            |   8|   0|    8|          0|
    |tmp_117_i_reg_15924                            |   8|   0|    8|          0|
    |tmp_120_i_reg_15929                            |   8|   0|    8|          0|
    |tmp_121_i_reg_15934                            |   8|   0|    8|          0|
    |tmp_122_i_reg_15939                            |   8|   0|    8|          0|
    |tmp_123_i_reg_15944                            |   8|   0|    8|          0|
    |tmp_124_i_reg_15949                            |   8|   0|    8|          0|
    |tmp_125_i_reg_15954                            |   8|   0|    8|          0|
    |tmp_126_i_reg_15959                            |   8|   0|    8|          0|
    |tmp_127_i_reg_15964                            |   8|   0|    8|          0|
    |tmp_128_i_reg_15969                            |   8|   0|    8|          0|
    |tmp_131_i_reg_15974                            |   8|   0|    8|          0|
    |tmp_132_i_reg_15979                            |   8|   0|    8|          0|
    |tmp_133_i_reg_15984                            |   8|   0|    8|          0|
    |tmp_134_i_reg_15989                            |   8|   0|    8|          0|
    |tmp_135_i_reg_15994                            |   8|   0|    8|          0|
    |tmp_136_i_reg_15999                            |   8|   0|    8|          0|
    |tmp_137_i_reg_16009                            |   8|   0|    8|          0|
    |tmp_138_i_reg_16014                            |   8|   0|    8|          0|
    |tmp_139_i_reg_16019                            |   8|   0|    8|          0|
    |tmp_140_i_reg_16024                            |   8|   0|    8|          0|
    |tmp_141_i_reg_16029                            |   8|   0|    8|          0|
    |tmp_142_i_reg_16034                            |   8|   0|    8|          0|
    |tmp_143_i_reg_16039                            |   8|   0|    8|          0|
    |tmp_146_i_reg_16044                            |   8|   0|    8|          0|
    |tmp_147_i_reg_16049                            |   8|   0|    8|          0|
    |tmp_148_i_reg_16054                            |   8|   0|    8|          0|
    |tmp_149_i_reg_16059                            |   8|   0|    8|          0|
    |tmp_150_i_reg_16064                            |   8|   0|    8|          0|
    |tmp_151_i_reg_16069                            |   8|   0|    8|          0|
    |tmp_152_i_reg_16074                            |   8|   0|    8|          0|
    |tmp_153_i_reg_16079                            |   8|   0|    8|          0|
    |tmp_154_i_reg_16084                            |   8|   0|    8|          0|
    |tmp_157_i_reg_16094                            |   8|   0|    8|          0|
    |tmp_158_i_reg_16099                            |   8|   0|    8|          0|
    |tmp_159_i_reg_16104                            |   8|   0|    8|          0|
    |tmp_160_i_reg_16109                            |   8|   0|    8|          0|
    |tmp_161_i_reg_16114                            |   8|   0|    8|          0|
    |tmp_162_i_reg_16119                            |   8|   0|    8|          0|
    |tmp_163_i_reg_16124                            |   8|   0|    8|          0|
    |tmp_164_i_reg_16129                            |   8|   0|    8|          0|
    |tmp_165_i_reg_16134                            |   8|   0|    8|          0|
    |tmp_166_i_reg_16139                            |   8|   0|    8|          0|
    |tmp_167_i_reg_16144                            |   8|   0|    8|          0|
    |tmp_168_i_reg_16149                            |   8|   0|    8|          0|
    |tmp_169_i_reg_16154                            |   8|   0|    8|          0|
    |tmp_172_i_reg_16159                            |   8|   0|    8|          0|
    |tmp_173_i_reg_16164                            |   8|   0|    8|          0|
    |tmp_18_reg_17820                               |  19|   0|   20|          1|
    |tmp_1_reg_15310                                |  10|   0|   10|          0|
    |tmp_250_i_reg_16489                            |   8|   0|    8|          0|
    |tmp_251_i_reg_16499                            |   8|   0|    8|          0|
    |tmp_252_i_reg_16504                            |   8|   0|    8|          0|
    |tmp_253_i_reg_16509                            |   8|   0|    8|          0|
    |tmp_254_i_reg_16514                            |   8|   0|    8|          0|
    |tmp_255_i_reg_16519                            |   8|   0|    8|          0|
    |tmp_256_i_reg_16524                            |   8|   0|    8|          0|
    |tmp_256_reg_16744                              |   5|   0|    5|          0|
    |tmp_257_i_reg_16529                            |   8|   0|    8|          0|
    |tmp_257_reg_16754                              |   5|   0|    5|          0|
    |tmp_258_i_reg_16534                            |   8|   0|    8|          0|
    |tmp_258_reg_16759                              |   5|   0|    5|          0|
    |tmp_259_reg_16769                              |   5|   0|    5|          0|
    |tmp_260_reg_16774                              |   5|   0|    5|          0|
    |tmp_261_i_reg_16539                            |   8|   0|    8|          0|
    |tmp_262_i_reg_16544                            |   8|   0|    8|          0|
    |tmp_262_reg_16779                              |   6|   0|    6|          0|
    |tmp_263_i_reg_16549                            |   8|   0|    8|          0|
    |tmp_263_reg_16784                              |   5|   0|    5|          0|
    |tmp_264_i_reg_16554                            |   8|   0|    8|          0|
    |tmp_264_reg_16794                              |   6|   0|    6|          0|
    |tmp_265_i_reg_16559                            |   8|   0|    8|          0|
    |tmp_265_reg_16799                              |   5|   0|    5|          0|
    |tmp_266_i_reg_16564                            |   8|   0|    8|          0|
    |tmp_266_reg_16804                              |   5|   0|    5|          0|
    |tmp_267_i_reg_16569                            |   8|   0|    8|          0|
    |tmp_267_reg_16809                              |   6|   0|    6|          0|
    |tmp_268_i_reg_16574                            |   8|   0|    8|          0|
    |tmp_268_reg_16814                              |   7|   0|    7|          0|
    |tmp_269_i_reg_16584                            |   8|   0|    8|          0|
    |tmp_270_i_reg_16589                            |   8|   0|    8|          0|
    |tmp_270_reg_16819                              |   6|   0|    6|          0|
    |tmp_271_i_reg_16594                            |   8|   0|    8|          0|
    |tmp_272_i_reg_16599                            |   8|   0|    8|          0|
    |tmp_272_reg_17398                              |   4|   0|    4|          0|
    |tmp_273_i_reg_16604                            |   8|   0|    8|          0|
    |tmp_274_reg_17724                              |  31|   0|   31|          0|
    |tmp_275_reg_17729                              |   1|   0|    1|          0|
    |tmp_276_i_reg_16609                            |   8|   0|    8|          0|
    |tmp_277_i_reg_16614                            |   8|   0|    8|          0|
    |tmp_278_i_reg_16619                            |   8|   0|    8|          0|
    |tmp_279_i_reg_16624                            |   8|   0|    8|          0|
    |tmp_280_i_reg_16629                            |   8|   0|    8|          0|
    |tmp_281_i_reg_16634                            |   8|   0|    8|          0|
    |tmp_282_i_reg_16639                            |   8|   0|    8|          0|
    |tmp_283_i_reg_16644                            |   8|   0|    8|          0|
    |tmp_284_i_reg_16649                            |   8|   0|    8|          0|
    |tmp_287_i_reg_16654                            |   8|   0|    8|          0|
    |tmp_288_i_reg_16659                            |   8|   0|    8|          0|
    |tmp_289_i_reg_16669                            |   8|   0|    8|          0|
    |tmp_290_i_reg_16674                            |   8|   0|    8|          0|
    |tmp_291_i_reg_16679                            |   8|   0|    8|          0|
    |tmp_292_i_reg_16684                            |   8|   0|    8|          0|
    |tmp_293_i_reg_16689                            |   8|   0|    8|          0|
    |tmp_294_i_reg_16694                            |   8|   0|    8|          0|
    |tmp_295_i_reg_16699                            |   8|   0|    8|          0|
    |tmp_296_i_reg_16704                            |   8|   0|    8|          0|
    |tmp_297_i_reg_16709                            |   8|   0|    8|          0|
    |tmp_298_i_reg_16714                            |   8|   0|    8|          0|
    |tmp_299_i_reg_16719                            |   8|   0|    8|          0|
    |tmp_29_reg_17943                               |  11|   0|   11|          0|
    |tmp_302_i_reg_16724                            |   8|   0|    8|          0|
    |tmp_303_i_reg_16729                            |   8|   0|    8|          0|
    |tmp_304_i_reg_16734                            |   8|   0|    8|          0|
    |tmp_305_i_reg_16739                            |   8|   0|    8|          0|
    |tmp_309_i_reg_16764                            |   8|   0|    8|          0|
    |tmp_313_reg_17984                              |  25|   0|   25|          0|
    |tmp_316_i_reg_16789                            |   8|   0|    8|          0|
    |tmp_323_i_reg_16824                            |   8|   0|    8|          0|
    |tmp_38_reg_17739                               |  16|   0|   16|          0|
    |tmp_439_i_reg_18023                            |  22|   0|   22|          0|
    |tmp_43_reg_17815                               |  11|   0|   20|          9|
    |tmp_76_reg_17938                               |  11|   0|   11|          0|
    |tmp_98_i_reg_15829                             |   8|   0|    8|          0|
    |tmp_99_i_reg_15839                             |   8|   0|    8|          0|
    |x_local_12_V_load_reg_16494                    |   8|   0|    8|          0|
    |x_local_13_V_load_reg_16579                    |   8|   0|    8|          0|
    |x_local_14_V_load_reg_16664                    |   8|   0|    8|          0|
    |x_local_15_V_load_reg_16749                    |   8|   0|    8|          0|
    |x_local_4_V_load_reg_15834                     |   8|   0|    8|          0|
    |x_local_5_V_load_reg_15919                     |   8|   0|    8|          0|
    |x_local_6_V_load_reg_16004                     |   8|   0|    8|          0|
    |x_local_7_V_load_reg_16089                     |   8|   0|    8|          0|
    |z_neg_10_reg_17882                             |   1|   0|    1|          0|
    |z_neg_13_reg_17931                             |   1|   0|    1|          0|
    |z_neg_16_reg_17977                             |   1|   0|    1|          0|
    |z_neg_18_reg_17989                             |   1|   0|    1|          0|
    |z_neg_4_reg_17825                              |   1|   0|    1|          0|
    |z_neg_7_reg_17853                              |   1|   0|    1|          0|
    |UnifiedRetVal_i_reg_1693                       |  64|  32|    8|          0|
    |exitcond4_i_reg_15340                          |  64|  32|    1|          0|
    |exitcond5_i_reg_17389                          |  64|  32|    1|          0|
    |p_0624_10_i_i_reg_1731                         |  64|  32|    4|          0|
    |tmp_272_reg_17398                              |  64|  32|    4|          0|
    +-----------------------------------------------+----+----+-----+-----------+
    |Total                                          |7358| 160| 8452|       1396|
    +-----------------------------------------------+----+----+-----+-----------+



================================================================
== Interface
================================================================
* Summary: 
+-----------------------+-----+-----+------------+---------------+--------------+
|       RTL Ports       | Dir | Bits|  Protocol  | Source Object |    C Type    |
+-----------------------+-----+-----+------------+---------------+--------------+
|ap_clk                 |  in |    1| ap_ctrl_hs | compute_class | return value |
|ap_rst                 |  in |    1| ap_ctrl_hs | compute_class | return value |
|ap_start               |  in |    1| ap_ctrl_hs | compute_class | return value |
|ap_done                | out |    1| ap_ctrl_hs | compute_class | return value |
|ap_continue            |  in |    1| ap_ctrl_hs | compute_class | return value |
|ap_idle                | out |    1| ap_ctrl_hs | compute_class | return value |
|ap_ready               | out |    1| ap_ctrl_hs | compute_class | return value |
|ap_return              | out |   32| ap_ctrl_hs | compute_class | return value |
|x_local_0_V_address0   | out |    6|  ap_memory |  x_local_0_V  |     array    |
|x_local_0_V_ce0        | out |    1|  ap_memory |  x_local_0_V  |     array    |
|x_local_0_V_q0         |  in |    8|  ap_memory |  x_local_0_V  |     array    |
|x_local_1_V_address0   | out |    6|  ap_memory |  x_local_1_V  |     array    |
|x_local_1_V_ce0        | out |    1|  ap_memory |  x_local_1_V  |     array    |
|x_local_1_V_q0         |  in |    8|  ap_memory |  x_local_1_V  |     array    |
|x_local_2_V_address0   | out |    6|  ap_memory |  x_local_2_V  |     array    |
|x_local_2_V_ce0        | out |    1|  ap_memory |  x_local_2_V  |     array    |
|x_local_2_V_q0         |  in |    8|  ap_memory |  x_local_2_V  |     array    |
|x_local_3_V_address0   | out |    6|  ap_memory |  x_local_3_V  |     array    |
|x_local_3_V_ce0        | out |    1|  ap_memory |  x_local_3_V  |     array    |
|x_local_3_V_q0         |  in |    8|  ap_memory |  x_local_3_V  |     array    |
|x_local_4_V_address0   | out |    6|  ap_memory |  x_local_4_V  |     array    |
|x_local_4_V_ce0        | out |    1|  ap_memory |  x_local_4_V  |     array    |
|x_local_4_V_q0         |  in |    8|  ap_memory |  x_local_4_V  |     array    |
|x_local_5_V_address0   | out |    6|  ap_memory |  x_local_5_V  |     array    |
|x_local_5_V_ce0        | out |    1|  ap_memory |  x_local_5_V  |     array    |
|x_local_5_V_q0         |  in |    8|  ap_memory |  x_local_5_V  |     array    |
|x_local_6_V_address0   | out |    6|  ap_memory |  x_local_6_V  |     array    |
|x_local_6_V_ce0        | out |    1|  ap_memory |  x_local_6_V  |     array    |
|x_local_6_V_q0         |  in |    8|  ap_memory |  x_local_6_V  |     array    |
|x_local_7_V_address0   | out |    6|  ap_memory |  x_local_7_V  |     array    |
|x_local_7_V_ce0        | out |    1|  ap_memory |  x_local_7_V  |     array    |
|x_local_7_V_q0         |  in |    8|  ap_memory |  x_local_7_V  |     array    |
|x_local_8_V_address0   | out |    6|  ap_memory |  x_local_8_V  |     array    |
|x_local_8_V_ce0        | out |    1|  ap_memory |  x_local_8_V  |     array    |
|x_local_8_V_q0         |  in |    8|  ap_memory |  x_local_8_V  |     array    |
|x_local_9_V_address0   | out |    6|  ap_memory |  x_local_9_V  |     array    |
|x_local_9_V_ce0        | out |    1|  ap_memory |  x_local_9_V  |     array    |
|x_local_9_V_q0         |  in |    8|  ap_memory |  x_local_9_V  |     array    |
|x_local_10_V_address0  | out |    6|  ap_memory |  x_local_10_V |     array    |
|x_local_10_V_ce0       | out |    1|  ap_memory |  x_local_10_V |     array    |
|x_local_10_V_q0        |  in |    8|  ap_memory |  x_local_10_V |     array    |
|x_local_11_V_address0  | out |    6|  ap_memory |  x_local_11_V |     array    |
|x_local_11_V_ce0       | out |    1|  ap_memory |  x_local_11_V |     array    |
|x_local_11_V_q0        |  in |    8|  ap_memory |  x_local_11_V |     array    |
|x_local_12_V_address0  | out |    6|  ap_memory |  x_local_12_V |     array    |
|x_local_12_V_ce0       | out |    1|  ap_memory |  x_local_12_V |     array    |
|x_local_12_V_q0        |  in |    8|  ap_memory |  x_local_12_V |     array    |
|x_local_13_V_address0  | out |    6|  ap_memory |  x_local_13_V |     array    |
|x_local_13_V_ce0       | out |    1|  ap_memory |  x_local_13_V |     array    |
|x_local_13_V_q0        |  in |    8|  ap_memory |  x_local_13_V |     array    |
|x_local_14_V_address0  | out |    6|  ap_memory |  x_local_14_V |     array    |
|x_local_14_V_ce0       | out |    1|  ap_memory |  x_local_14_V |     array    |
|x_local_14_V_q0        |  in |    8|  ap_memory |  x_local_14_V |     array    |
|x_local_15_V_address0  | out |    6|  ap_memory |  x_local_15_V |     array    |
|x_local_15_V_ce0       | out |    1|  ap_memory |  x_local_15_V |     array    |
|x_local_15_V_q0        |  in |    8|  ap_memory |  x_local_15_V |     array    |
|p_read                 |  in |   24|   ap_none  |     p_read    |    scalar    |
+-----------------------+-----+-----+------------+---------------+--------------+

