INFO-FLOW: Workspace C:/Users/mathi/Documents/ADSD_ICL/ADSD/solution1 opened at Wed Feb 18 17:45:51 +0000 2026
Execute     config_clock -quiet -name default -period 10 -default=false 
INFO: [SYN 201-201] Setting up clock 'default' with a period of 10ns.
Execute     open_platform DefaultPlatform 
Execute     import_lib C:/Xilinx/Vivado/2018.2/common/technology/xilinx/zynq/zynq 
Execute       source C:/Xilinx/Vivado/2018.2/common/technology/xilinx/common/xilinx.lib 
Execute         source C:/Xilinx/Vivado/2018.2/common/technology/xilinx/interface/xilinx_interface.lib 
Execute           source C:/Xilinx/Vivado/2018.2/common/technology/xilinx/interface/plb46.lib 
Execute           source C:/Xilinx/Vivado/2018.2/common/technology/xilinx/interface/fsl.lib 
Execute           source C:/Xilinx/Vivado/2018.2/common/technology/xilinx/interface/axi4.lib 
Execute           source C:/Xilinx/Vivado/2018.2/common/technology/xilinx/interface/maxi.lib 
Execute           source C:/Xilinx/Vivado/2018.2/common/technology/xilinx/interface/saxilite.lib 
Execute         source C:/Xilinx/Vivado/2018.2/common/technology/xilinx/common/dsp48.lib 
Execute         source C:/Xilinx/Vivado/2018.2/common/technology/xilinx/ip/dds_compiler.lib 
Execute         source C:/Xilinx/Vivado/2018.2/common/technology/xilinx/ip/xfft.lib 
Execute         source C:/Xilinx/Vivado/2018.2/common/technology/xilinx/ip/xfir.lib 
Execute       source C:/Xilinx/Vivado/2018.2/common/technology/xilinx/common/xilinx_old.lib 
Execute       source C:/Xilinx/Vivado/2018.2/common/technology/xilinx/common/xilinx_vivado.lib 
Execute       source C:/Xilinx/Vivado/2018.2/common/technology/xilinx/common/xilinx.hlp 
Execute         source C:/Xilinx/Vivado/2018.2/common/technology/xilinx/common/target_info.tcl 
Execute         source C:/Xilinx/Vivado/2018.2/common/technology/xilinx/interface/xilinx_interface.hlp 
Execute           source C:/Xilinx/Vivado/2018.2/common/technology/xilinx/interface/maxi.hlp 
Execute           source C:/Xilinx/Vivado/2018.2/common/technology/xilinx/interface/saxilite.hlp 
Execute         source C:/Xilinx/Vivado/2018.2/common/technology/xilinx/common/dsp48.hlp 
Execute       source C:/Xilinx/Vivado/2018.2/common/technology/xilinx/zynq/dsp48e1.hlp 
Execute       get_default_platform 
Execute       config_chip_info -quiet -resource  {SLICE 13300}  {LUT 53200}     {FF 106400} {DSP48E 220}   {BRAM 280}  
Execute       config_chip_info -quiet -speed medium 
Execute       source C:/Xilinx/Vivado/2018.2/common/technology/xilinx/common/xilinx.hlp 
Execute         source C:/Xilinx/Vivado/2018.2/common/technology/xilinx/common/target_info.tcl 
Execute         source C:/Xilinx/Vivado/2018.2/common/technology/xilinx/interface/xilinx_interface.hlp 
Execute           source C:/Xilinx/Vivado/2018.2/common/technology/xilinx/interface/maxi.hlp 
Execute           source C:/Xilinx/Vivado/2018.2/common/technology/xilinx/interface/saxilite.hlp 
Execute         source C:/Xilinx/Vivado/2018.2/common/technology/xilinx/common/dsp48.hlp 
Execute     source C:/Xilinx/Vivado/2018.2/common/technology/xilinx/zynq/zynq.gen 
Execute       source C:/Xilinx/Vivado/2018.2/common/technology/xilinx/common/virtex.gen 
Execute         source C:/Xilinx/Vivado/2018.2/common/technology/xilinx/common/xilinx.gen 
Execute           source C:/Xilinx/Vivado/2018.2/common/technology/xilinx/interface/plb46.gen 
Execute           source C:/Xilinx/Vivado/2018.2/common/technology/xilinx/interface/fsl.gen 
Execute           source C:/Xilinx/Vivado/2018.2/common/technology/xilinx/interface/axi4.gen 
Execute           source C:/Xilinx/Vivado/2018.2/common/technology/xilinx/interface/nativeAXI4.gen 
Execute             source C:/Xilinx/Vivado/2018.2/common/technology/xilinx/interface/saxilite.gen 
Execute             source C:/Xilinx/Vivado/2018.2/common/technology/xilinx/interface/maxi.gen 
Execute           source C:/Xilinx/Vivado/2018.2/common/technology/xilinx/scripts/xilinxcoregen.gen 
Execute           source C:/Xilinx/Vivado/2018.2/common/technology/xilinx/interface/XilEDKCoreGen.gen 
Execute           source C:/Xilinx/Vivado/2018.2/common/technology/xilinx/ip/dds_compiler.gen 
Execute           source C:/Xilinx/Vivado/2018.2/common/technology/xilinx/ip/util.gen 
Execute           source C:/Xilinx/Vivado/2018.2/common/technology/xilinx/ip/xfft.gen 
Command           ap_source done; 0.105 sec.
Execute           source C:/Xilinx/Vivado/2018.2/common/technology/xilinx/ip/xfir.gen 
Command         ap_source done; 0.158 sec.
Execute         source C:/Xilinx/Vivado/2018.2/common/technology/xilinx/common/dsp48.gen 
Command       ap_source done; 0.161 sec.
Command     ap_source done; 0.161 sec.
Execute     open_platform DefaultPlatform 
Execute     import_lib C:/Xilinx/Vivado/2018.2/common/technology/xilinx/zynq/zynq_fpv6 
Execute       source C:/Xilinx/Vivado/2018.2/common/technology/xilinx/common/xilinx_fpv7.lib 
Execute         source C:/Xilinx/Vivado/2018.2/common/technology/xilinx/common/xilinx_hp.lib 
Execute       source C:/Xilinx/Vivado/2018.2/common/technology/xilinx/common/xilinx_fpv.hlp 
Execute         source C:/Xilinx/Vivado/2018.2/common/technology/xilinx/common/xilinx.hlp 
Execute           source C:/Xilinx/Vivado/2018.2/common/technology/xilinx/common/target_info.tcl 
Execute           source C:/Xilinx/Vivado/2018.2/common/technology/xilinx/interface/xilinx_interface.hlp 
Execute             source C:/Xilinx/Vivado/2018.2/common/technology/xilinx/interface/maxi.hlp 
Execute             source C:/Xilinx/Vivado/2018.2/common/technology/xilinx/interface/saxilite.hlp 
Execute           source C:/Xilinx/Vivado/2018.2/common/technology/xilinx/common/dsp48.hlp 
Execute       source C:/Xilinx/Vivado/2018.2/common/technology/xilinx/zynq/zynq_hp.hlp 
Execute     source C:/Xilinx/Vivado/2018.2/common/technology/xilinx/zynq/zynq_fpv6.gen 
Execute       source C:/Xilinx/Vivado/2018.2/common/technology/xilinx/common/xilinx_fpv6.gen 
Execute     set_part xc7z020clg484-1 
Execute       add_library xilinx/zynq/zynq:xc7z020:clg484:-1 
Execute         get_default_platform 
Execute         license_isbetapart xc7z020 
Command         license_isbetapart done; error code: 1; 
Execute         get_default_platform 
Execute         config_chip_info -quiet -resource  {SLICE 13300}  {LUT 53200}     {FF 106400} {DSP48E 220}   {BRAM 280}  
Execute         config_chip_info -quiet -speed slow 
Execute       add_library xilinx/zynq/zynq_fpv6 
Execute         get_default_platform 
INFO: [HLS 200-10] Setting target device to 'xc7z020clg484-1'
Execute       get_default_platform 
Command     set_part done; 0.131 sec.
Execute     get_default_platform 
Execute     config_chip_info -quiet -resource  {SLICE 13300}  {LUT 53200}     {FF 106400} {DSP48E 220}   {BRAM 280}  
Execute     config_chip_info -quiet -speed slow 
Command   open_solution done; 0.472 sec.
Execute   set_part xc7z020clg484-1 -tool vivado 
Execute     add_library xilinx/zynq/zynq:xc7z020:clg484:-1 
Execute       get_default_platform 
Execute       license_isbetapart xc7z020 
Command       license_isbetapart done; error code: 1; 
Execute       get_default_platform 
Execute       config_chip_info -quiet -resource  {SLICE 13300}  {LUT 53200}     {FF 106400} {DSP48E 220}   {BRAM 280}  
Execute       config_chip_info -quiet -speed slow 
Execute     add_library xilinx/zynq/zynq_fpv6 
Execute       get_default_platform 
Execute     get_default_platform 
Execute   create_clock -period 10 -name default 
Execute   source ./ADSD/solution1/directives.tcl 
Execute     set_directive_unroll compute_exp/compute_exp_label0 
INFO-FLOW: Setting directive 'UNROLL' 
Execute   csynth_design 
Execute     get_config_compile -effort 
Execute     get_config_compile -enable_clang39 
Execute     get_config_compile -g 
Execute     get_config_compile -lm 
Execute     get_config_compile -ng 
Execute     get_config_compile -opt_fp 
Execute     get_config_compile -skip_cdt 
Execute     get_config_compile -skip_syncheck 
Execute     get_config_compile -skip_transform 
Execute     get_config_compile -keep_printf 
Execute     elaborate -effort=medium -skip_syncheck=0 -keep_printf=0 -lm=0 -skip_cdt=0 -skip_transform=0 -ng=0 -g=0 -opt_fp=0 -from_csynth_design=1 
Execute       get_config_schedule -relax_ii_for_timing 
Execute       get_config_schedule -suppress_dependence_error_break 
INFO: [HLS 200-10] Analyzing design file 'ADSD/Exp.cpp' ... 
INFO-FLOW: Compiling one TU...
Execute       is_m_axi_addr64 
INFO-FLOW: Handling ADSD/Exp.cpp as C++
Execute       get_default_platform 
Execute       is_encrypted ADSD/Exp.cpp 
Execute       get_default_platform 
INFO-FLOW: Source preprocessing
Execute       clang  -fno-limit-debug-info -gcc-toolchain "C:/Xilinx/Vivado/2018.2/msys" -hls  -fno-exceptions  -D__llvm__  -E "ADSD/Exp.cpp"     -fno-math-errno -c -emit-llvm -O0  -mllvm -disable-llvm-optzns -fno-threadsafe-statics  -fno-use-cxa-atexit  -fno-threadsafe-statics -fno-use-cxa-atexit -D__CLANG_3_1__ -D__cdecl= -DAESL_SYN -D__SYNTHESIS__ -D__HLS_SYN__ -I "C:/Xilinx/Vivado/2018.2/common/technology/autopilot" -I "C:/Xilinx/Vivado/2018.2/common/technology/autopilot/ap_sysc" -include etc/autopilot_ssdm_op.h -D__DSP48E1__  -o "C:/Users/mathi/Documents/ADSD_ICL/ADSD/solution1/.autopilot/db/Exp.pp.0.cpp" 
INFO-FLOW: exec C:/Xilinx/Vivado/2018.2/win64/tools/clang/bin/clang -fno-limit-debug-info -gcc-toolchain C:/Xilinx/Vivado/2018.2/msys -hls -fno-exceptions -D__llvm__ -E ADSD/Exp.cpp -fno-math-errno -c -emit-llvm -O0 -mllvm -disable-llvm-optzns -fno-threadsafe-statics -fno-use-cxa-atexit -fno-threadsafe-statics -fno-use-cxa-atexit -D__CLANG_3_1__ -D__cdecl= -DAESL_SYN -D__SYNTHESIS__ -D__HLS_SYN__ -I C:/Xilinx/Vivado/2018.2/common/technology/autopilot -I C:/Xilinx/Vivado/2018.2/common/technology/autopilot/ap_sysc -include etc/autopilot_ssdm_op.h -D__DSP48E1__ -o C:/Users/mathi/Documents/ADSD_ICL/ADSD/solution1/.autopilot/db/Exp.pp.0.cpp
Command       clang done; 1.155 sec.
INFO-FLOW: Syntax Checking before pre-processing...
Execute       clang  -fno-limit-debug-info -gcc-toolchain "C:/Xilinx/Vivado/2018.2/msys" -hls    -fno-math-errno -c -emit-llvm -O0  -mllvm -disable-llvm-optzns -fno-threadsafe-statics  -fno-use-cxa-atexit  -fno-threadsafe-statics -fno-use-cxa-atexit -D__CLANG_3_1__ -D__cdecl= -DAESL_SYN -D__SYNTHESIS__ -D__HLS_SYN__ -I "C:/Xilinx/Vivado/2018.2/common/technology/autopilot" -I "C:/Xilinx/Vivado/2018.2/common/technology/autopilot/ap_sysc" -include etc/autopilot_ssdm_op.h -D__DSP48E1__  "C:/Users/mathi/Documents/ADSD_ICL/ADSD/solution1/.autopilot/db/Exp.pp.0.cpp"  -o "C:/Users/mathi/Documents/ADSD_ICL/ADSD/solution1/.autopilot/db/useless.bc"  
INFO-FLOW: exec C:/Xilinx/Vivado/2018.2/win64/tools/clang/bin/clang -fno-limit-debug-info -gcc-toolchain C:/Xilinx/Vivado/2018.2/msys -hls -fno-math-errno -c -emit-llvm -O0 -mllvm -disable-llvm-optzns -fno-threadsafe-statics -fno-use-cxa-atexit -fno-threadsafe-statics -fno-use-cxa-atexit -D__CLANG_3_1__ -D__cdecl= -DAESL_SYN -D__SYNTHESIS__ -D__HLS_SYN__ -I C:/Xilinx/Vivado/2018.2/common/technology/autopilot -I C:/Xilinx/Vivado/2018.2/common/technology/autopilot/ap_sysc -include etc/autopilot_ssdm_op.h -D__DSP48E1__ C:/Users/mathi/Documents/ADSD_ICL/ADSD/solution1/.autopilot/db/Exp.pp.0.cpp -o C:/Users/mathi/Documents/ADSD_ICL/ADSD/solution1/.autopilot/db/useless.bc
Command       clang done; 1.916 sec.
INFO-FLOW: GCC PP time: 3 seconds per iteration
INFO-FLOW: Setting directive 'UNROLL' 
INFO-FLOW: Setting directive 'UNROLL' 
Execute       list_core -type functional_unit 
Execute       tidy_31 xilinx-systemc-detector C:/Users/mathi/Documents/ADSD_ICL/ADSD/solution1/.autopilot/db/Exp.pp.0.cpp std=gnu++98 -directive=C:/Users/mathi/Documents/ADSD_ICL/ADSD/solution1/.autopilot/db/.systemc_flag 
INFO-FLOW: exec C:/Xilinx/Vivado/2018.2/win64/tools/clang-3.9-csynth/bin/tidy-3.1 -header-filter=.* --checks=-*,xilinx-systemc-detector -import-directive=C:/Users/mathi/Documents/ADSD_ICL/ADSD/solution1/.autopilot/db/.systemc_flag -quiet -fix-errors C:/Users/mathi/Documents/ADSD_ICL/ADSD/solution1/.autopilot/db/Exp.pp.0.cpp -- -std=gnu++98 -fhls -ferror-limit=0
Command       tidy_31 done; 1.179 sec.
INFO-FLOW: CDT Preprocessing with tidy-3.1...
Execute       tidy_31 xilinx-directive2pragma C:/Users/mathi/Documents/ADSD_ICL/ADSD/solution1/.autopilot/db/Exp.pp.0.cpp std=gnu++98 -directive=C:/Users/mathi/Documents/ADSD_ICL/ADSD/solution1/solution1.json 
INFO-FLOW: exec C:/Xilinx/Vivado/2018.2/win64/tools/clang-3.9-csynth/bin/tidy-3.1 -header-filter=.* --checks=-*,xilinx-directive2pragma -import-directive=C:/Users/mathi/Documents/ADSD_ICL/ADSD/solution1/solution1.json -quiet -fix-errors C:/Users/mathi/Documents/ADSD_ICL/ADSD/solution1/.autopilot/db/Exp.pp.0.cpp -- -std=gnu++98 -fhls -ferror-limit=0
Command       tidy_31 done; 1.158 sec.
Execute       get_config_dataflow -strict_mode 
Execute       ap_eval exec -ignorestderr C:/Xilinx/Vivado/2018.2/win64/tools/clang-3.9-csynth/bin/xilinx-dataflow-lawyer -export-fixes=C:/Users/mathi/Documents/ADSD_ICL/ADSD/solution1/.autopilot/db/xilinx-dataflow-lawyer.Exp.pp.0.cpp.diag.yml C:/Users/mathi/Documents/ADSD_ICL/ADSD/solution1/.autopilot/db/Exp.pp.0.cpp -- -std=gnu++98 -fhls -ferror-limit=0 -fstrict-dataflow > C:/Users/mathi/Documents/ADSD_ICL/ADSD/solution1/.autopilot/db/xilinx-dataflow-lawyer.Exp.pp.0.cpp.out.log 2> C:/Users/mathi/Documents/ADSD_ICL/ADSD/solution1/.autopilot/db/xilinx-dataflow-lawyer.Exp.pp.0.cpp.err.log 
Command       ap_eval done; 1.116 sec.
Execute       tidy_31 -errorcheck xilinx-constantarray-param,xilinx-resource-pragma-transformer C:/Users/mathi/Documents/ADSD_ICL/ADSD/solution1/.autopilot/db/Exp.pp.0.cpp std=gnu++98 
INFO-FLOW: exec C:/Xilinx/Vivado/2018.2/win64/tools/clang-3.9-csynth/bin/tidy-3.1 -header-filter=.* --checks=-*,xilinx-constantarray-param,xilinx-resource-pragma-transformer -quiet -fix-errors C:/Users/mathi/Documents/ADSD_ICL/ADSD/solution1/.autopilot/db/Exp.pp.0.cpp -- -std=gnu++98 -fhls -ferror-limit=0
INFO-FLOW: exec C:/Xilinx/Vivado/2018.2/win64/tools/clang-3.9-csynth/bin/xilinx-legacy-rewriter C:/Users/mathi/Documents/ADSD_ICL/ADSD/solution1/.autopilot/db/Exp.pp.0.cpp -- -std=gnu++98 -fhls -ferror-limit=0
Command       tidy_31 done; 2.94 sec.
INFO-FLOW: tidy-3.1 time 5 seconds per iteration
INFO-FLOW: Pragma Handling...
Execute       tidy_31 xilinx-ssdm-intrinsics-arguments C:/Users/mathi/Documents/ADSD_ICL/ADSD/solution1/.autopilot/db/Exp.pragma.1.cpp std=gnu++98 
INFO-FLOW: exec C:/Xilinx/Vivado/2018.2/win64/tools/clang-3.9-csynth/bin/tidy-3.1 -header-filter=.* --checks=-*,xilinx-ssdm-intrinsics-arguments -quiet -fix-errors C:/Users/mathi/Documents/ADSD_ICL/ADSD/solution1/.autopilot/db/Exp.pragma.1.cpp -- -std=gnu++98 -fhls -ferror-limit=0
Command       tidy_31 done; 1.327 sec.
INFO-FLOW: Source preprocessing
Execute       clang  -fno-limit-debug-info -gcc-toolchain "C:/Xilinx/Vivado/2018.2/msys" -hls  -fno-exceptions  -D__llvm__  -E "C:/Users/mathi/Documents/ADSD_ICL/ADSD/solution1/.autopilot/db/Exp.pragma.1.cpp"     -fno-math-errno -c -emit-llvm -O0  -mllvm -disable-llvm-optzns -fno-threadsafe-statics  -fno-use-cxa-atexit  -fno-threadsafe-statics -fno-use-cxa-atexit -D__CLANG_3_1__ -D__cdecl= -DAESL_SYN -D__SYNTHESIS__ -D__HLS_SYN__ -I "C:/Xilinx/Vivado/2018.2/common/technology/autopilot" -I "C:/Xilinx/Vivado/2018.2/common/technology/autopilot/ap_sysc" -include etc/autopilot_ssdm_op.h -D__DSP48E1__  -o "C:/Users/mathi/Documents/ADSD_ICL/ADSD/solution1/.autopilot/db/Exp.pragma.2.cpp" 
INFO-FLOW: exec C:/Xilinx/Vivado/2018.2/win64/tools/clang/bin/clang -fno-limit-debug-info -gcc-toolchain C:/Xilinx/Vivado/2018.2/msys -hls -fno-exceptions -D__llvm__ -E C:/Users/mathi/Documents/ADSD_ICL/ADSD/solution1/.autopilot/db/Exp.pragma.1.cpp -fno-math-errno -c -emit-llvm -O0 -mllvm -disable-llvm-optzns -fno-threadsafe-statics -fno-use-cxa-atexit -fno-threadsafe-statics -fno-use-cxa-atexit -D__CLANG_3_1__ -D__cdecl= -DAESL_SYN -D__SYNTHESIS__ -D__HLS_SYN__ -I C:/Xilinx/Vivado/2018.2/common/technology/autopilot -I C:/Xilinx/Vivado/2018.2/common/technology/autopilot/ap_sysc -include etc/autopilot_ssdm_op.h -D__DSP48E1__ -o C:/Users/mathi/Documents/ADSD_ICL/ADSD/solution1/.autopilot/db/Exp.pragma.2.cpp
Command       clang done; 1.023 sec.
Execute       get_default_platform 
INFO-FLOW: Processing labels
Execute       clang -src C:/Users/mathi/Documents/ADSD_ICL/ADSD/solution1/.autopilot/db/Exp.pragma.2.cpp  -fno-limit-debug-info -gcc-toolchain C:/Xilinx/Vivado/2018.2/msys -hls -hls-analyze-label -hls-analyze-pragma -fno-exceptions  -D__llvm__  -w  "C:/Users/mathi/Documents/ADSD_ICL/ADSD/solution1/.autopilot/db/Exp.pragma.2.cpp"    -fno-math-errno -c -emit-llvm -O0  -mllvm -disable-llvm-optzns -fno-threadsafe-statics  -fno-use-cxa-atexit -DAESL_SYN -D__SYNTHESIS__ -D__HLS_SYN__ -I "C:/Xilinx/Vivado/2018.2/common/technology/autopilot" -I "C:/Xilinx/Vivado/2018.2/common/technology/autopilot/ap_sysc" -include etc/autopilot_ssdm_op.h -D__DSP48E1__ -g -o "C:/Users/mathi/Documents/ADSD_ICL/ADSD/solution1/.autopilot/db/Exp.bc" 
INFO-FLOW: exec C:/Xilinx/Vivado/2018.2/win64/tools/clang/bin/clang -fno-limit-debug-info -gcc-toolchain C:/Xilinx/Vivado/2018.2/msys -hls -hls-analyze-label -hls-analyze-pragma -fno-exceptions -D__llvm__ -w C:/Users/mathi/Documents/ADSD_ICL/ADSD/solution1/.autopilot/db/Exp.pragma.2.cpp -fno-math-errno -c -emit-llvm -O0 -mllvm -disable-llvm-optzns -fno-threadsafe-statics -fno-use-cxa-atexit -DAESL_SYN -D__SYNTHESIS__ -D__HLS_SYN__ -I C:/Xilinx/Vivado/2018.2/common/technology/autopilot -I C:/Xilinx/Vivado/2018.2/common/technology/autopilot/ap_sysc -include etc/autopilot_ssdm_op.h -D__DSP48E1__ -g -o C:/Users/mathi/Documents/ADSD_ICL/ADSD/solution1/.autopilot/db/Exp.bc
Command       clang done; 1.813 sec.
INFO: [HLS 200-10] Analyzing design file 'ADSD/Classifier.cpp' ... 
INFO-FLOW: Compiling one TU...
Execute       is_m_axi_addr64 
INFO-FLOW: Handling ADSD/Classifier.cpp as C++
Execute       get_default_platform 
Execute       is_encrypted ADSD/Classifier.cpp 
Execute       get_default_platform 
INFO-FLOW: Source preprocessing
Execute       clang  -fno-limit-debug-info -gcc-toolchain "C:/Xilinx/Vivado/2018.2/msys" -hls  -fno-exceptions  -D__llvm__  -E "ADSD/Classifier.cpp"     -fno-math-errno -c -emit-llvm -O0  -mllvm -disable-llvm-optzns -fno-threadsafe-statics  -fno-use-cxa-atexit  -fno-threadsafe-statics -fno-use-cxa-atexit -D__CLANG_3_1__ -D__cdecl= -DAESL_SYN -D__SYNTHESIS__ -D__HLS_SYN__ -I "C:/Xilinx/Vivado/2018.2/common/technology/autopilot" -I "C:/Xilinx/Vivado/2018.2/common/technology/autopilot/ap_sysc" -include etc/autopilot_ssdm_op.h -D__DSP48E1__  -o "C:/Users/mathi/Documents/ADSD_ICL/ADSD/solution1/.autopilot/db/Classifier.pp.0.cpp" 
INFO-FLOW: exec C:/Xilinx/Vivado/2018.2/win64/tools/clang/bin/clang -fno-limit-debug-info -gcc-toolchain C:/Xilinx/Vivado/2018.2/msys -hls -fno-exceptions -D__llvm__ -E ADSD/Classifier.cpp -fno-math-errno -c -emit-llvm -O0 -mllvm -disable-llvm-optzns -fno-threadsafe-statics -fno-use-cxa-atexit -fno-threadsafe-statics -fno-use-cxa-atexit -D__CLANG_3_1__ -D__cdecl= -DAESL_SYN -D__SYNTHESIS__ -D__HLS_SYN__ -I C:/Xilinx/Vivado/2018.2/common/technology/autopilot -I C:/Xilinx/Vivado/2018.2/common/technology/autopilot/ap_sysc -include etc/autopilot_ssdm_op.h -D__DSP48E1__ -o C:/Users/mathi/Documents/ADSD_ICL/ADSD/solution1/.autopilot/db/Classifier.pp.0.cpp
Command       clang done; 1.111 sec.
INFO-FLOW: Syntax Checking before pre-processing...
Execute       clang  -fno-limit-debug-info -gcc-toolchain "C:/Xilinx/Vivado/2018.2/msys" -hls    -fno-math-errno -c -emit-llvm -O0  -mllvm -disable-llvm-optzns -fno-threadsafe-statics  -fno-use-cxa-atexit  -fno-threadsafe-statics -fno-use-cxa-atexit -D__CLANG_3_1__ -D__cdecl= -DAESL_SYN -D__SYNTHESIS__ -D__HLS_SYN__ -I "C:/Xilinx/Vivado/2018.2/common/technology/autopilot" -I "C:/Xilinx/Vivado/2018.2/common/technology/autopilot/ap_sysc" -include etc/autopilot_ssdm_op.h -D__DSP48E1__  "C:/Users/mathi/Documents/ADSD_ICL/ADSD/solution1/.autopilot/db/Classifier.pp.0.cpp"  -o "C:/Users/mathi/Documents/ADSD_ICL/ADSD/solution1/.autopilot/db/useless.bc"  
INFO-FLOW: exec C:/Xilinx/Vivado/2018.2/win64/tools/clang/bin/clang -fno-limit-debug-info -gcc-toolchain C:/Xilinx/Vivado/2018.2/msys -hls -fno-math-errno -c -emit-llvm -O0 -mllvm -disable-llvm-optzns -fno-threadsafe-statics -fno-use-cxa-atexit -fno-threadsafe-statics -fno-use-cxa-atexit -D__CLANG_3_1__ -D__cdecl= -DAESL_SYN -D__SYNTHESIS__ -D__HLS_SYN__ -I C:/Xilinx/Vivado/2018.2/common/technology/autopilot -I C:/Xilinx/Vivado/2018.2/common/technology/autopilot/ap_sysc -include etc/autopilot_ssdm_op.h -D__DSP48E1__ C:/Users/mathi/Documents/ADSD_ICL/ADSD/solution1/.autopilot/db/Classifier.pp.0.cpp -o C:/Users/mathi/Documents/ADSD_ICL/ADSD/solution1/.autopilot/db/useless.bc
Command       clang done; 11.983 sec.
INFO-FLOW: GCC PP time: 13 seconds per iteration
INFO-FLOW: Setting directive 'UNROLL' 
INFO-FLOW: Setting directive 'UNROLL' 
Execute       list_core -type functional_unit 
Execute       tidy_31 xilinx-systemc-detector C:/Users/mathi/Documents/ADSD_ICL/ADSD/solution1/.autopilot/db/Classifier.pp.0.cpp std=gnu++98 -directive=C:/Users/mathi/Documents/ADSD_ICL/ADSD/solution1/.autopilot/db/.systemc_flag 
INFO-FLOW: exec C:/Xilinx/Vivado/2018.2/win64/tools/clang-3.9-csynth/bin/tidy-3.1 -header-filter=.* --checks=-*,xilinx-systemc-detector -import-directive=C:/Users/mathi/Documents/ADSD_ICL/ADSD/solution1/.autopilot/db/.systemc_flag -quiet -fix-errors C:/Users/mathi/Documents/ADSD_ICL/ADSD/solution1/.autopilot/db/Classifier.pp.0.cpp -- -std=gnu++98 -fhls -ferror-limit=0
Command       tidy_31 done; 13.378 sec.
INFO-FLOW: CDT Preprocessing with tidy-3.1...
Execute       tidy_31 xilinx-directive2pragma C:/Users/mathi/Documents/ADSD_ICL/ADSD/solution1/.autopilot/db/Classifier.pp.0.cpp std=gnu++98 -directive=C:/Users/mathi/Documents/ADSD_ICL/ADSD/solution1/solution1.json 
INFO-FLOW: exec C:/Xilinx/Vivado/2018.2/win64/tools/clang-3.9-csynth/bin/tidy-3.1 -header-filter=.* --checks=-*,xilinx-directive2pragma -import-directive=C:/Users/mathi/Documents/ADSD_ICL/ADSD/solution1/solution1.json -quiet -fix-errors C:/Users/mathi/Documents/ADSD_ICL/ADSD/solution1/.autopilot/db/Classifier.pp.0.cpp -- -std=gnu++98 -fhls -ferror-limit=0
Command       tidy_31 done; 12.942 sec.
Execute       get_config_dataflow -strict_mode 
Execute       ap_eval exec -ignorestderr C:/Xilinx/Vivado/2018.2/win64/tools/clang-3.9-csynth/bin/xilinx-dataflow-lawyer -export-fixes=C:/Users/mathi/Documents/ADSD_ICL/ADSD/solution1/.autopilot/db/xilinx-dataflow-lawyer.Classifier.pp.0.cpp.diag.yml C:/Users/mathi/Documents/ADSD_ICL/ADSD/solution1/.autopilot/db/Classifier.pp.0.cpp -- -std=gnu++98 -fhls -ferror-limit=0 -fstrict-dataflow > C:/Users/mathi/Documents/ADSD_ICL/ADSD/solution1/.autopilot/db/xilinx-dataflow-lawyer.Classifier.pp.0.cpp.out.log 2> C:/Users/mathi/Documents/ADSD_ICL/ADSD/solution1/.autopilot/db/xilinx-dataflow-lawyer.Classifier.pp.0.cpp.err.log 
Command       ap_eval done; 11.075 sec.
WARNING: [HLS 214-113] Variables defined outside dataflow region are not supported: ADSD/Classifier.cpp:130:25
Execute       tidy_31 -errorcheck xilinx-constantarray-param,xilinx-resource-pragma-transformer C:/Users/mathi/Documents/ADSD_ICL/ADSD/solution1/.autopilot/db/Classifier.pp.0.cpp std=gnu++98 
INFO-FLOW: exec C:/Xilinx/Vivado/2018.2/win64/tools/clang-3.9-csynth/bin/tidy-3.1 -header-filter=.* --checks=-*,xilinx-constantarray-param,xilinx-resource-pragma-transformer -quiet -fix-errors C:/Users/mathi/Documents/ADSD_ICL/ADSD/solution1/.autopilot/db/Classifier.pp.0.cpp -- -std=gnu++98 -fhls -ferror-limit=0
INFO-FLOW: exec C:/Xilinx/Vivado/2018.2/win64/tools/clang-3.9-csynth/bin/xilinx-legacy-rewriter C:/Users/mathi/Documents/ADSD_ICL/ADSD/solution1/.autopilot/db/Classifier.pp.0.cpp -- -std=gnu++98 -fhls -ferror-limit=0
Command       tidy_31 done; 24.743 sec.
INFO-FLOW: tidy-3.1 time 48 seconds per iteration
INFO-FLOW: Pragma Handling...
Execute       tidy_31 xilinx-ssdm-intrinsics-arguments C:/Users/mathi/Documents/ADSD_ICL/ADSD/solution1/.autopilot/db/Classifier.pragma.1.cpp std=gnu++98 
INFO-FLOW: exec C:/Xilinx/Vivado/2018.2/win64/tools/clang-3.9-csynth/bin/tidy-3.1 -header-filter=.* --checks=-*,xilinx-ssdm-intrinsics-arguments -quiet -fix-errors C:/Users/mathi/Documents/ADSD_ICL/ADSD/solution1/.autopilot/db/Classifier.pragma.1.cpp -- -std=gnu++98 -fhls -ferror-limit=0
Command       tidy_31 done; 13.838 sec.
INFO-FLOW: Source preprocessing
Execute       clang  -fno-limit-debug-info -gcc-toolchain "C:/Xilinx/Vivado/2018.2/msys" -hls  -fno-exceptions  -D__llvm__  -E "C:/Users/mathi/Documents/ADSD_ICL/ADSD/solution1/.autopilot/db/Classifier.pragma.1.cpp"     -fno-math-errno -c -emit-llvm -O0  -mllvm -disable-llvm-optzns -fno-threadsafe-statics  -fno-use-cxa-atexit  -fno-threadsafe-statics -fno-use-cxa-atexit -D__CLANG_3_1__ -D__cdecl= -DAESL_SYN -D__SYNTHESIS__ -D__HLS_SYN__ -I "C:/Xilinx/Vivado/2018.2/common/technology/autopilot" -I "C:/Xilinx/Vivado/2018.2/common/technology/autopilot/ap_sysc" -include etc/autopilot_ssdm_op.h -D__DSP48E1__  -o "C:/Users/mathi/Documents/ADSD_ICL/ADSD/solution1/.autopilot/db/Classifier.pragma.2.cpp" 
INFO-FLOW: exec C:/Xilinx/Vivado/2018.2/win64/tools/clang/bin/clang -fno-limit-debug-info -gcc-toolchain C:/Xilinx/Vivado/2018.2/msys -hls -fno-exceptions -D__llvm__ -E C:/Users/mathi/Documents/ADSD_ICL/ADSD/solution1/.autopilot/db/Classifier.pragma.1.cpp -fno-math-errno -c -emit-llvm -O0 -mllvm -disable-llvm-optzns -fno-threadsafe-statics -fno-use-cxa-atexit -fno-threadsafe-statics -fno-use-cxa-atexit -D__CLANG_3_1__ -D__cdecl= -DAESL_SYN -D__SYNTHESIS__ -D__HLS_SYN__ -I C:/Xilinx/Vivado/2018.2/common/technology/autopilot -I C:/Xilinx/Vivado/2018.2/common/technology/autopilot/ap_sysc -include etc/autopilot_ssdm_op.h -D__DSP48E1__ -o C:/Users/mathi/Documents/ADSD_ICL/ADSD/solution1/.autopilot/db/Classifier.pragma.2.cpp
Command       clang done; 1.084 sec.
Execute       get_default_platform 
INFO-FLOW: Processing labels
Execute       clang -src C:/Users/mathi/Documents/ADSD_ICL/ADSD/solution1/.autopilot/db/Classifier.pragma.2.cpp  -fno-limit-debug-info -gcc-toolchain C:/Xilinx/Vivado/2018.2/msys -hls -hls-analyze-label -hls-analyze-pragma -fno-exceptions  -D__llvm__  -w  "C:/Users/mathi/Documents/ADSD_ICL/ADSD/solution1/.autopilot/db/Classifier.pragma.2.cpp"    -fno-math-errno -c -emit-llvm -O0  -mllvm -disable-llvm-optzns -fno-threadsafe-statics  -fno-use-cxa-atexit -DAESL_SYN -D__SYNTHESIS__ -D__HLS_SYN__ -I "C:/Xilinx/Vivado/2018.2/common/technology/autopilot" -I "C:/Xilinx/Vivado/2018.2/common/technology/autopilot/ap_sysc" -include etc/autopilot_ssdm_op.h -D__DSP48E1__ -g -o "C:/Users/mathi/Documents/ADSD_ICL/ADSD/solution1/.autopilot/db/Classifier.bc" 
INFO-FLOW: exec C:/Xilinx/Vivado/2018.2/win64/tools/clang/bin/clang -fno-limit-debug-info -gcc-toolchain C:/Xilinx/Vivado/2018.2/msys -hls -hls-analyze-label -hls-analyze-pragma -fno-exceptions -D__llvm__ -w C:/Users/mathi/Documents/ADSD_ICL/ADSD/solution1/.autopilot/db/Classifier.pragma.2.cpp -fno-math-errno -c -emit-llvm -O0 -mllvm -disable-llvm-optzns -fno-threadsafe-statics -fno-use-cxa-atexit -DAESL_SYN -D__SYNTHESIS__ -D__HLS_SYN__ -I C:/Xilinx/Vivado/2018.2/common/technology/autopilot -I C:/Xilinx/Vivado/2018.2/common/technology/autopilot/ap_sysc -include etc/autopilot_ssdm_op.h -D__DSP48E1__ -g -o C:/Users/mathi/Documents/ADSD_ICL/ADSD/solution1/.autopilot/db/Classifier.bc
Command       clang done; 12.574 sec.
INFO-FLOW: Linking Debug ...
Execute       llvm-ld C:/Users/mathi/Documents/ADSD_ICL/ADSD/solution1/.autopilot/db/Exp.g.bc C:/Users/mathi/Documents/ADSD_ICL/ADSD/solution1/.autopilot/db/Classifier.g.bc -hls-opt -except-internalize classify -LC:/Xilinx/Vivado/2018.2/win64/lib -lhlsm -lhlsmc++ -o C:/Users/mathi/Documents/ADSD_ICL/ADSD/solution1/.autopilot/db/a.g 
Command       llvm-ld done; 2.942 sec.
INFO: [HLS 200-111] Finished Linking Time (s): cpu = 00:00:02 ; elapsed = 00:02:05 . Memory (MB): peak = 102.648 ; gain = 46.824
INFO: [HLS 200-111] Finished Checking Pragmas Time (s): cpu = 00:00:02 ; elapsed = 00:02:05 . Memory (MB): peak = 102.648 ; gain = 46.824
Execute       ::config_rtl 
Execute       opt_and_import_c a -opt_level=2 -skip_syncheck=0 -ng=0 -keep_printf=0 
Execute         cleanup_all_models 
INFO: [HLS 200-10] Starting code transformations ...
Execute         transform -promote-dbg-pointer C:/Users/mathi/Documents/ADSD_ICL/ADSD/solution1/.autopilot/db/a.pp.bc -o C:/Users/mathi/Documents/ADSD_ICL/ADSD/solution1/.autopilot/db/a.pp.0.bc -f 
Command         transform done; 1.803 sec.
Execute         llvm-ld C:/Users/mathi/Documents/ADSD_ICL/ADSD/solution1/.autopilot/db/a.pp.0.bc -disable-opt -LC:/Xilinx/Vivado/2018.2/win64/lib -lfloatconversion -o C:/Users/mathi/Documents/ADSD_ICL/ADSD/solution1/.autopilot/db/a.g.0 
Command         llvm-ld done; 2.172 sec.
INFO-FLOW: Running Standard Transforms...
Execute         transform -hls -share-std-xform -demangle-name -inline-byval-memcpy -always-inline -promote-dbg-pointer -interface-preproc -scalarrepl -mem2reg -keep-read-access -instcombine -dce -promote-dbg-pointer -bitop-raise -loop-simplify -indvarspre -indvars -loop-simplify -xunroll -constprop -instcombine -simplifycfg -indvars -simplifycfg -dce -globaldce -basicaa -simplifycfg -mem2reg -globalopt -global-constprop -deadargelim -instcombine -simplifycfg -prune-eh -simplifycfg -scalarrepl -instcombine -reassociate -licm -simplifycfg -loop-simplify -indvars -instcombine -simplifycfg -mem2reg -loop-simplify -indvars -instcombine -gvn -gvn -instcombine -adce -break-crit-edges -simplifycfg -loop-delete -global-array-opt -dce -dse -adce -find-syn-modules -top classify -deadargelim -mem2reg -instcombine -dce -presyn-prepare -auto-rom-infer -interface-preproc -syn-check -check-rec-only -find-region -simplifycfg -func-extr -function-inline -globaldce -mem2reg -instcombine -dce -gvn -globaldce -adce -adse -constprop -instcombine -bit-constprop -instcombine -dce -simplifycfg -bitop-raise -simplifycfg -dce -loop-delete -reassociate -globalopt -global-privatize -mem2reg -dce -global-constprop -pointer-simplify -constprop -dce -func-inst -deadargelim -auto-shift-reg-idiom -promote-dbg-pointer -norm-name C:/Users/mathi/Documents/ADSD_ICL/ADSD/solution1/.autopilot/db/a.g.0.bc -o C:/Users/mathi/Documents/ADSD_ICL/ADSD/solution1/.autopilot/db/a.g.1.bc -f -phase std-opt 
INFO: [XFORM 203-603] Inlining function 'ap_fixed_base<32, 16, true, (ap_q_mode)5, (ap_o_mode)3, 0>::operator<<' into 'compute_class' (ADSD/Classifier.cpp:80).
INFO: [XFORM 203-603] Inlining function 'ap_fixed_base<26, 4, true, (ap_q_mode)5, (ap_o_mode)3, 0>::operator>>' into 'compute_exp' (ADSD/Exp.cpp:95).
INFO: [XFORM 203-603] Inlining function 'ap_fixed_base<26, 4, true, (ap_q_mode)5, (ap_o_mode)3, 0>::operator>>' into 'compute_exp' (ADSD/Exp.cpp:95).
INFO: [XFORM 203-603] Inlining function 'ap_fixed_base<26, 4, true, (ap_q_mode)5, (ap_o_mode)3, 0>::operator>>' into 'compute_exp' (ADSD/Exp.cpp:94).
INFO: [XFORM 203-603] Inlining function 'ap_fixed_base<26, 4, true, (ap_q_mode)5, (ap_o_mode)3, 0>::operator>>' into 'compute_exp' (ADSD/Exp.cpp:94).
INFO: [XFORM 203-603] Inlining function 'ap_fixed_base<26, 4, true, (ap_q_mode)5, (ap_o_mode)3, 0>::operator>>' into 'compute_exp' (ADSD/Exp.cpp:93).
INFO: [XFORM 203-603] Inlining function 'ap_fixed_base<26, 4, true, (ap_q_mode)5, (ap_o_mode)3, 0>::operator>>' into 'compute_exp' (ADSD/Exp.cpp:93).
INFO: [XFORM 203-603] Inlining function 'ap_fixed_base<26, 4, true, (ap_q_mode)5, (ap_o_mode)3, 0>::operator>>' into 'compute_exp' (ADSD/Exp.cpp:92).
INFO: [XFORM 203-603] Inlining function 'ap_fixed_base<26, 4, true, (ap_q_mode)5, (ap_o_mode)3, 0>::operator>>' into 'compute_exp' (ADSD/Exp.cpp:92).
INFO: [XFORM 203-603] Inlining function 'ap_fixed_base<26, 4, true, (ap_q_mode)5, (ap_o_mode)3, 0>::operator>>' into 'compute_exp' (ADSD/Exp.cpp:91).
INFO: [XFORM 203-603] Inlining function 'ap_fixed_base<26, 4, true, (ap_q_mode)5, (ap_o_mode)3, 0>::operator>>' into 'compute_exp' (ADSD/Exp.cpp:91).
INFO: [XFORM 203-603] Inlining function 'ap_fixed_base<26, 4, true, (ap_q_mode)5, (ap_o_mode)3, 0>::operator>>' into 'compute_exp' (ADSD/Exp.cpp:90).
INFO: [XFORM 203-603] Inlining function 'ap_fixed_base<26, 4, true, (ap_q_mode)5, (ap_o_mode)3, 0>::operator>>' into 'compute_exp' (ADSD/Exp.cpp:90).
INFO: [XFORM 203-603] Inlining function 'ap_fixed_base<26, 4, true, (ap_q_mode)5, (ap_o_mode)3, 0>::operator>>' into 'compute_exp' (ADSD/Exp.cpp:89).
INFO: [XFORM 203-603] Inlining function 'ap_fixed_base<26, 4, true, (ap_q_mode)5, (ap_o_mode)3, 0>::operator>>' into 'compute_exp' (ADSD/Exp.cpp:89).
INFO: [XFORM 203-603] Inlining function 'ap_fixed_base<26, 4, true, (ap_q_mode)5, (ap_o_mode)3, 0>::operator>>' into 'compute_exp' (ADSD/Exp.cpp:88).
INFO: [XFORM 203-603] Inlining function 'ap_fixed_base<26, 4, true, (ap_q_mode)5, (ap_o_mode)3, 0>::operator>>' into 'compute_exp' (ADSD/Exp.cpp:88).
INFO: [XFORM 203-603] Inlining function 'ap_fixed_base<26, 4, true, (ap_q_mode)5, (ap_o_mode)3, 0>::operator>>' into 'compute_exp' (ADSD/Exp.cpp:87).
INFO: [XFORM 203-603] Inlining function 'ap_fixed_base<26, 4, true, (ap_q_mode)5, (ap_o_mode)3, 0>::operator>>' into 'compute_exp' (ADSD/Exp.cpp:87).
INFO: [XFORM 203-603] Inlining function 'ap_fixed_base<26, 4, true, (ap_q_mode)5, (ap_o_mode)3, 0>::operator>>' into 'compute_exp' (ADSD/Exp.cpp:86).
INFO: [XFORM 203-603] Inlining function 'ap_fixed_base<26, 4, true, (ap_q_mode)5, (ap_o_mode)3, 0>::operator>>' into 'compute_exp' (ADSD/Exp.cpp:86).
INFO: [XFORM 203-603] Inlining function 'ap_fixed_base<26, 4, true, (ap_q_mode)5, (ap_o_mode)3, 0>::operator>>' into 'compute_exp' (ADSD/Exp.cpp:85).
INFO: [XFORM 203-603] Inlining function 'ap_fixed_base<26, 4, true, (ap_q_mode)5, (ap_o_mode)3, 0>::operator>>' into 'compute_exp' (ADSD/Exp.cpp:85).
INFO: [XFORM 203-603] Inlining function 'ap_fixed_base<26, 4, true, (ap_q_mode)5, (ap_o_mode)3, 0>::operator>>' into 'compute_exp' (ADSD/Exp.cpp:84).
INFO: [XFORM 203-603] Inlining function 'ap_fixed_base<26, 4, true, (ap_q_mode)5, (ap_o_mode)3, 0>::operator>>' into 'compute_exp' (ADSD/Exp.cpp:84).
INFO: [XFORM 203-603] Inlining function 'ap_fixed_base<26, 4, true, (ap_q_mode)5, (ap_o_mode)3, 0>::operator>>' into 'compute_exp' (ADSD/Exp.cpp:83).
INFO: [XFORM 203-603] Inlining function 'ap_fixed_base<26, 4, true, (ap_q_mode)5, (ap_o_mode)3, 0>::operator>>' into 'compute_exp' (ADSD/Exp.cpp:83).
INFO: [XFORM 203-603] Inlining function 'ap_fixed_base<26, 4, true, (ap_q_mode)5, (ap_o_mode)3, 0>::operator>>' into 'compute_exp' (ADSD/Exp.cpp:82).
INFO: [XFORM 203-603] Inlining function 'ap_fixed_base<26, 4, true, (ap_q_mode)5, (ap_o_mode)3, 0>::operator>>' into 'compute_exp' (ADSD/Exp.cpp:82).
INFO: [XFORM 203-603] Inlining function 'ap_fixed_base<26, 4, true, (ap_q_mode)5, (ap_o_mode)3, 0>::operator>>' into 'compute_exp' (ADSD/Exp.cpp:81).
INFO: [XFORM 203-603] Inlining function 'ap_fixed_base<26, 4, true, (ap_q_mode)5, (ap_o_mode)3, 0>::operator>>' into 'compute_exp' (ADSD/Exp.cpp:81).
INFO: [XFORM 203-603] Inlining function 'ap_fixed_base<26, 4, true, (ap_q_mode)5, (ap_o_mode)3, 0>::operator>>' into 'compute_exp' (ADSD/Exp.cpp:80).
INFO: [XFORM 203-603] Inlining function 'ap_fixed_base<26, 4, true, (ap_q_mode)5, (ap_o_mode)3, 0>::operator>>' into 'compute_exp' (ADSD/Exp.cpp:80).
INFO: [XFORM 203-603] Inlining function 'ap_fixed_base<26, 4, true, (ap_q_mode)5, (ap_o_mode)3, 0>::operator>>' into 'compute_exp' (ADSD/Exp.cpp:79).
INFO: [XFORM 203-603] Inlining function 'ap_fixed_base<26, 4, true, (ap_q_mode)5, (ap_o_mode)3, 0>::operator>>' into 'compute_exp' (ADSD/Exp.cpp:79).
INFO: [XFORM 203-603] Inlining function 'ap_fixed_base<26, 4, true, (ap_q_mode)5, (ap_o_mode)3, 0>::operator>>' into 'compute_exp' (ADSD/Exp.cpp:78).
INFO: [XFORM 203-603] Inlining function 'ap_fixed_base<26, 4, true, (ap_q_mode)5, (ap_o_mode)3, 0>::operator>>' into 'compute_exp' (ADSD/Exp.cpp:78).
INFO: [XFORM 203-603] Inlining function 'ap_fixed_base<26, 4, true, (ap_q_mode)5, (ap_o_mode)3, 0>::operator>>' into 'compute_exp' (ADSD/Exp.cpp:77).
INFO: [XFORM 203-603] Inlining function 'ap_fixed_base<26, 4, true, (ap_q_mode)5, (ap_o_mode)3, 0>::operator>>' into 'compute_exp' (ADSD/Exp.cpp:77).
INFO: [XFORM 203-603] Inlining function 'ap_fixed_base<26, 4, true, (ap_q_mode)5, (ap_o_mode)3, 0>::operator>>' into 'compute_exp' (ADSD/Exp.cpp:76).
INFO: [XFORM 203-603] Inlining function 'ap_fixed_base<26, 4, true, (ap_q_mode)5, (ap_o_mode)3, 0>::operator>>' into 'compute_exp' (ADSD/Exp.cpp:76).
INFO: [XFORM 203-603] Inlining function 'ap_fixed_base<26, 4, true, (ap_q_mode)5, (ap_o_mode)3, 0>::operator>>.1' into 'compute_exp' (ADSD/Exp.cpp:98).
INFO: [XFORM 203-603] Inlining function 'compute_exp' into 'compute_class' (ADSD/Classifier.cpp:85).
Command         transform done; 115.645 sec.
INFO: [HLS 200-111] Finished Standard Transforms Time (s): cpu = 00:01:39 ; elapsed = 00:04:04 . Memory (MB): peak = 659.461 ; gain = 603.637
INFO: [HLS 200-10] Checking synthesizability ...
INFO-FLOW: Checking Synthesizability 1/2..
Execute         transform -hls -syn-check -check-rec-only -disaggr -scalarrepl -norm-name -dce -mem2reg -instcombine -function-uniquify -directive-preproc -mem2reg -dse -dce -auto-rom-infer -dce -array-normalize -instcombine -dce -warn-fifo-pointer -array-seg-normalize -instcombine -dce -array-flatten -instcombine -dce -array-burst -dce -deadargelim -promote-global-argument -simplifycfg -mem2reg -globaldce -resolve-double-ptr -dce -deadargelim -dce -instcombine -function-inline -globaldce -dce -doublePtrSimplify -doublePtrElim -dce -doublePtrSimplify -promote-dbg-pointer -dce -scalarrepl -dse -adse -instcombine -ptrLegalization -simplifycfg -dce -instcombine -pointer-simplify -ptrArgReplace -dce -instcombine -disaggr -scalarrepl -norm-name -dce -mem2reg -instcombine -ptrLegalization -simplifycfg -deadargelim -instcombine -dce -inst-simplify -function-uniquify -directive-preproc -mem2reg -dse -dce -globaldce C:/Users/mathi/Documents/ADSD_ICL/ADSD/solution1/.autopilot/db/a.g.1.bc -o C:/Users/mathi/Documents/ADSD_ICL/ADSD/solution1/.autopilot/db/a.g.2.prechk.bc -f 
Command         transform done; 1.383 sec.
INFO-FLOW: Checking Synthesizability 2/2..
Execute         transform -syn-check C:/Users/mathi/Documents/ADSD_ICL/ADSD/solution1/.autopilot/db/a.g.2.prechk.bc -o C:/Users/mathi/Documents/ADSD_ICL/ADSD/solution1/.autopilot/db/a.g.2.bc -f -phase syn-check 
WARNING: [SYNCHK 200-23] ADSD/Classifier.cpp:28: variable-indexed range selection may cause suboptimal QoR.
INFO: [SYNCHK 200-10] 0 error(s), 1 warning(s).
Command         transform done; 0.451 sec.
INFO: [HLS 200-111] Finished Checking Synthesizability Time (s): cpu = 00:01:40 ; elapsed = 00:04:06 . Memory (MB): peak = 659.461 ; gain = 603.637
INFO-FLOW: Compiler optimizing ...
INFO-FLOW: Share syncheck's 1.bc for syn flow: copy C:/Users/mathi/Documents/ADSD_ICL/ADSD/solution1/.autopilot/db/a.g.1.bc to C:/Users/mathi/Documents/ADSD_ICL/ADSD/solution1/.autopilot/db/a.o.1.bc
INFO-FLOW: Presyn 1...
Execute         transform -hls -tmp C:/Users/mathi/Documents/ADSD_ICL/ADSD/solution1/.autopilot/db -interface-port-rename -type-info -function-uniquify -directive-preproc -mem2reg -dse -dce -disaggr -scalarrepl -norm-name -deadargelim -mem2reg -instcombine -dce -simplifycfg -auto-rom-infer -dce -function-uniquify -resource-proc -simplifycfg -mem2reg -globaldce -resolve-double-ptr -dce -deadargelim -dce -instcombine -clib-intrinsic-prepare -dce -func-buffer -dce -array-normalize -func-legal -instcombine -gvn -constprop -dce -ptrArgReplace -mem2reg -instcombine -dce -array-seg-normalize -deadargelim -instcombine -dce -pointer-simplify -dce -port-alignment -dce -interface-preproc -data-pack -instcombine -dce -basicaa -aggr-aa -aggrmodref-aa -aggr-aa -gvn -gvn -basicaa -aggr-aa -aggrmodref-aa -aggr-aa -dse -adse -adce -loop-simplify -indvars -instcombine -gvn -loop-simplify -mem2reg -dce -find-region -instcombine -auto-loop-pipeline -inst-simplify -interface-preproc -cfgopt -instcombine -indvars -auto-loop-unroll -loop-simplify -loop-bound -xunroll -constprop -instcombine -simplifycfg -indvars -simplifycfg -dce -globaldce -clean-region -attach-range -gvn -inst-simplify -constprop -simplifycfg -dce -pointer-simplify -dce -globalopt -constprop -dce -array-promote -constprop -instcombine -dce -ptrArgReplace -mem2reg -instcombine -simplifycfg -dce -auto-par -instcombine -dce -array-transform-check -array-reshape -instcombine -simplifycfg -dce -ptrArgReplace -deadargelim -mem2reg -instcombine -simplifycfg -dce -indvars -loop-simplify -loop-bound -xunroll -constprop -instcombine -simplifycfg -indvars -simplifycfg -dce -globaldce -duplicate-dataflow-processes -globaldce -instcombine -array-partition -instcombine -simplifycfg -dce -ptrArgReplace -global-constprop -deadargelim -mem2reg -func-legal -instcombine -dce -global-constprop -deadargelim -mem2reg -instcombine -simplifycfg -dce -merge-param -deadargelim -globalopt -constprop -dce -array-promote -constprop -instcombine -dce -ptrArgReplace -mem2reg -instcombine -simplifycfg -dce -mem-intrinsic-preproc -dce -global-internalize -global-privatize -mem2reg -globaldce -promote-global-argument -ptrArgReplace -mem2reg -instcombine -dce -globalopt -mergereturn -simplify-global-access -mem2reg -dce -pointer-simplify -dce -functionattrs -basicaa -aggr-aa -aggrmodref-aa -aggr-aa -gvn -gvn -basicaa -aggr-aa -aggrmodref-aa -aggr-aa -dse -adse -adce -inst-simplify -dce -norm-name -function-inline -globaldce -func-inst -constprop -instcombine -simplifycfg -dce -func-legal -dce -loop-bound -arraycheck -bitwidthmin -on-by-dataflow -loop-delete -instcombine -simplifycfg -globaldce -dce -gvn -deadargelim -dce -loop-simplify -clean-region -simplifycfg -propagate-stable-arguments -loop-stream -instcombine -simplifycfg -dce -globaldce -duplicate-dataflow-processes -stream-intrinsic-preproc -dce -check-ap-stream -loop-simplify -eliminate-keepreads -extract-dataflow-in-loop -loop-simplify -dce -gvn -deadargelim -dse -check-dataflow-syntax -legalize-stream-variable -legalize-global -extract-subproc -dce -dead-channel-elimination -canonicalize-gep -globaldce -dce -gvn -deadargelim -annotate-dataflow-channels -scalar-propagation -deadargelim -globaldce -mem2reg -check-dataflow-channels -function-stream -dce -globaldce -prop-fifo-spec -internal-stream-gen -canonicalize-gep -globaldce -dce -gvn -deadargelim -mergereturn -indvars -loop-simplify -instcombine -array-stream -array-seg-normalize -array-partition -func-legal -instcombine -simplifycfg -dce -bundle-memfifo-ops -deadargelim -function-uniquify -directive-preproc -mem2reg -dse -dce -group-axi-access -licm -simplifycfg -dce -loop-delete -norm-name C:/Users/mathi/Documents/ADSD_ICL/ADSD/solution1/.autopilot/db/a.o.1.bc -o C:/Users/mathi/Documents/ADSD_ICL/ADSD/solution1/.autopilot/db/a.o.1.tmp.bc -f 
INFO: [XFORM 203-502] Unrolling all sub-loops inside loop 'classify_label1' (ADSD/Classifier.cpp:62) in function 'compute_class' for pipelining.
INFO: [XFORM 203-502] Unrolling all sub-loops inside loop 'load_loop' (ADSD/Classifier.cpp:19) in function 'load_and_calc_norm' for pipelining.
INFO: [XFORM 203-501] Unrolling loop 'Loop-1' (ADSD/Classifier.cpp:48) in function 'compute_class' completely.
INFO: [XFORM 203-501] Unrolling loop 'Loop-2.1' (ADSD/Classifier.cpp:57) in function 'compute_class' completely.
INFO: [XFORM 203-501] Unrolling loop 'classify_label1' (ADSD/Classifier.cpp:62) in function 'compute_class' partially with a factor of 16.
INFO: [XFORM 203-501] Unrolling loop 'Loop-2.2.1' (ADSD/Classifier.cpp:66) in function 'compute_class' completely.
INFO: [XFORM 203-501] Unrolling loop 'Loop-3' (ADSD/Classifier.cpp:90) in function 'compute_class' completely.
INFO: [XFORM 203-501] Unrolling loop 'Loop-1.1' (ADSD/Classifier.cpp:25) in function 'load_and_calc_norm' completely.
WARNING: [XFORM 203-180] Applying partition directive (ADSD/Classifier.cpp:113:1) and reshape directive (ADSD/Classifier.cpp:112:1) on the same variable 'svs.V'  may lead to unexpected synthesis behaviors.
INFO: [XFORM 203-131] Reshaping array 'svs.V'  in dimension 2 with a cyclic factor of 16.
INFO: [XFORM 203-101] Partitioning array 'svs.V' in dimension 1 with a cyclic factor 16.
INFO: [XFORM 203-101] Partitioning array 'alphas.V'  in dimension 1 with a cyclic factor 16.
INFO: [XFORM 203-101] Partitioning array 'sv_norms.V'  in dimension 1 with a cyclic factor 16.
INFO: [XFORM 203-101] Partitioning array 'x_local.V' (ADSD/Classifier.cpp:123) in dimension 1 with a cyclic factor 16.
INFO: [XFORM 203-101] Partitioning array 'partial_sum.V' (ADSD/Classifier.cpp:45) in dimension 1 completely.
INFO: [XFORM 203-101] Partitioning array 'dot_products.V' (ADSD/Classifier.cpp:54) in dimension 1 completely.
INFO: [XFORM 203-101] Partitioning array 'MLN2.V'  in dimension 1 completely.
INFO: [XFORM 203-721] Extract dataflow region from loop Batch_Loop (ADSD/Classifier.cpp:120)  of function 'classify'.
INFO: [XFORM 203-712] Store statement on variable  'tmp.data.V19'  in a dataflow region ( 'dataflow_in_loop_Batch_Loop') is synthesized to a separate process, please move it inside another function for better QoR.
INFO: [XFORM 203-712] Store statement on variable  'tmp.keep.V20'  in a dataflow region ( 'dataflow_in_loop_Batch_Loop') is synthesized to a separate process, please move it inside another function for better QoR.
INFO: [XFORM 203-712] Store statement on variable  'tmp.strb.V21'  in a dataflow region ( 'dataflow_in_loop_Batch_Loop') is synthesized to a separate process, please move it inside another function for better QoR.
INFO: [XFORM 203-712] Store statement on variable  'tmp.last.V22'  in a dataflow region ( 'dataflow_in_loop_Batch_Loop') is synthesized to a separate process, please move it inside another function for better QoR.
WARNING: [XFORM 203-713] All the elements of global array 'x_local[0].V2' should be updated in process function 'load_and_calc_norm', otherwise it may not be synthesized correctly.
WARNING: [XFORM 203-713] All the elements of global array 'x_local[1].V3' should be updated in process function 'load_and_calc_norm', otherwise it may not be synthesized correctly.
WARNING: [XFORM 203-713] All the elements of global array 'x_local[2].V4' should be updated in process function 'load_and_calc_norm', otherwise it may not be synthesized correctly.
WARNING: [XFORM 203-713] All the elements of global array 'x_local[3].V5' should be updated in process function 'load_and_calc_norm', otherwise it may not be synthesized correctly.
WARNING: [XFORM 203-713] All the elements of global array 'x_local[4].V6' should be updated in process function 'load_and_calc_norm', otherwise it may not be synthesized correctly.
WARNING: [XFORM 203-713] All the elements of global array 'x_local[5].V7' should be updated in process function 'load_and_calc_norm', otherwise it may not be synthesized correctly.
WARNING: [XFORM 203-713] All the elements of global array 'x_local[6].V8' should be updated in process function 'load_and_calc_norm', otherwise it may not be synthesized correctly.
WARNING: [XFORM 203-713] All the elements of global array 'x_local[7].V9' should be updated in process function 'load_and_calc_norm', otherwise it may not be synthesized correctly.
WARNING: [XFORM 203-713] All the elements of global array 'x_local[8].V10' should be updated in process function 'load_and_calc_norm', otherwise it may not be synthesized correctly.
WARNING: [XFORM 203-713] All the elements of global array 'x_local[9].V11' should be updated in process function 'load_and_calc_norm', otherwise it may not be synthesized correctly.
WARNING: [XFORM 203-713] All the elements of global array 'x_local[10].V12' should be updated in process function 'load_and_calc_norm', otherwise it may not be synthesized correctly.
WARNING: [XFORM 203-713] All the elements of global array 'x_local[11].V13' should be updated in process function 'load_and_calc_norm', otherwise it may not be synthesized correctly.
WARNING: [XFORM 203-713] All the elements of global array 'x_local[12].V14' should be updated in process function 'load_and_calc_norm', otherwise it may not be synthesized correctly.
WARNING: [XFORM 203-713] All the elements of global array 'x_local[13].V15' should be updated in process function 'load_and_calc_norm', otherwise it may not be synthesized correctly.
WARNING: [XFORM 203-713] All the elements of global array 'x_local[14].V16' should be updated in process function 'load_and_calc_norm', otherwise it may not be synthesized correctly.
WARNING: [XFORM 203-713] All the elements of global array 'x_local[15].V17' should be updated in process function 'load_and_calc_norm', otherwise it may not be synthesized correctly.
INFO: [XFORM 203-712] Applying dataflow to function 'dataflow_in_loop_Batch_Loop', detected/extracted 8 process function(s): 
	 'dataflow_in_loop_Batch_Loop.entry63'
	 'load_and_calc_norm'
	 'compute_class'
	 '__ADSD/Classifier.cpp_line143_proc'
	 '__ADSD/Classifier.cpp_line143_proc59'
	 '__ADSD/Classifier.cpp_line143_proc60'
	 '__ADSD/Classifier.cpp_line143_proc61'
	 '__ADSD/Classifier.cpp_line143_proc62'.
Command         transform done; 56.467 sec.
INFO-FLOW: Presyn 2...
Execute         transform -hls -keep-callgraph -scalarrepl -mem2reg -port-alignment -attach-range -dce -pipe-mux-gen -indvars -loop-bound -inst-simplify -instcombine -dce -merge-array-access -mem2reg -dce -clean-region -mergereturn -if-conv -instcombine -dce -constprop -basicaa -aggr-aa -aggrmodref-aa -aggr-aa -gvn -gvn -basicaa -aggr-aa -aggrmodref-aa -aggr-aa -dse -adse -adce -scalarrepl -mem2reg -global-constprop -deadargelim -deadargelim -instcombine -dce -simplifycfg -ptrArgReplace -mem2reg -function-inline -globaldce -mem2reg -instcombine -dce -expr-balance -instcombine -dce -bitwidthmin -interface-preproc -directive-preproc -inst-rectify -instcombine -dce -functionattrs -constprop -instcombine -bit-constprop -simplify-global-access -globalopt -globaldce -inst-simplify -instcombine -elimdeaddata -dce -loop-delete -simplifycfg -loop-simplify -auto-burst -norm-name C:/Users/mathi/Documents/ADSD_ICL/ADSD/solution1/.autopilot/db/a.o.1.tmp.bc -o C:/Users/mathi/Documents/ADSD_ICL/ADSD/solution1/.autopilot/db/a.o.2.bc -f -phase presyn 
INFO: [XFORM 203-401] Performing if-conversion on hyperblock from (ADSD/Exp.cpp:73:15) to (ADSD/Classifier.cpp:86:49) in function 'compute_class'... converting 61 basic blocks.
INFO: [XFORM 203-603] Inlining function 'aesl_mux_load.13i26P.i4' into 'compute_class'.
INFO: [XFORM 203-603] Inlining function 'aesl_mux_load.16[11 x i8]P.i32.i64' into 'compute_class'.
INFO: [XFORM 203-11] Balancing expressions in function 'load_and_calc_norm' (ADSD/Classifier.cpp:14)...8 expression(s) balanced.
INFO: [XFORM 203-11] Balancing expressions in function 'compute_class' (ADSD/Classifier.cpp:41)...272 expression(s) balanced.
Command         transform done; 9.784 sec.
INFO: [HLS 200-111] Finished Pre-synthesis Time (s): cpu = 00:02:34 ; elapsed = 00:05:13 . Memory (MB): peak = 659.461 ; gain = 603.637
INFO-FLOW: Building ssdm...
Execute         transform -hls -function-uniquify -auto-function-inline -globaldce -ptrArgReplace -mem2reg -instcombine -dce -reset-lda -loop-simplify -indvars -licm -loop-dep -loop-bound -licm -loop-simplify -flattenloopnest -array-flatten -gvn -instcombine -dce -array-map -dce -func-legal -gvn -adce -instcombine -cfgopt -simplifycfg -loop-simplify -array-burst -promote-global-argument -dce -axi4-lower -array-seg-normalize -basicaa -aggrmodref-aa -globalsmodref-aa -aggr-aa -gvn -gvn -basicaa -aggrmodref-aa -globalsmodref-aa -aggr-aa -dse -adse -adce -licm -inst-simplify -dce -globaldce -instcombine -array-stream -eliminate-keepreads -instcombine -dce -deadargelim -doublePtrSimplify -doublePtrElim -dce -doublePtrSimplify -promote-dbg-pointer -dce -scalarrepl -mem2reg -disaggr -norm-name -mem2reg -instcombine -dse -adse -adce -ptrLegalization -dce -auto-rom-infer -array-flatten -dce -instcombine -check-doubleptr -loop-rot -constprop -cfgopt -simplifycfg -loop-simplify -indvars -pointer-simplify -dce -loop-bound -loop-simplify -loop-preproc -constprop -global-constprop -gvn -mem2reg -instcombine -dce -loop-bound -loop-merge -dce -bitwidthmin -deadargelim -dce -canonicalize-dataflow -dce -scalar-propagation -deadargelim -globaldce -mem2reg -read-loop-dep -interface-preproc -directive-preproc -interface-gen -bram-byte-enable -deadargelim -inst-simplify -dce -gvn -mem2reg -instcombine -dce -adse -loop-bound -instcombine -cfgopt -simplifycfg -loop-simplify -clean-region -io-protocol -find-region -mem2reg -bitop-raise -inst-simplify -inst-rectify -instcombine -adce -deadargelim -loop-simplify -phi-opt -bitop-raise -cfgopt -simplifycfg -strip-dead-prototypes -interface-lower -bitop-lower -intrinsic-lower -auto-function-inline -basicaa -aggrmodref-aa -globalsmodref-aa -aggr-aa -inst-simplify -simplifycfg -loop-simplify -mergereturn -inst-simplify -inst-rectify -dce -load-elim -bitop-lower -loop-rewind -pointer-simplify -dce -cfgopt -dce -bitwidth -loop-dep -read-loop-dep -dce -check-stream -norm-name -legalize -validate-dataflow -dead-allocation-elimination -cdfg-build C:/Users/mathi/Documents/ADSD_ICL/ADSD/solution1/.autopilot/db/a.o.2.bc -o C:/Users/mathi/Documents/ADSD_ICL/ADSD/solution1/.autopilot/db/a.o.3.bc -f -phase build-ssdm 
WARNING: [XFORM 203-542] Cannot flatten a loop nest 'classify_label2' (ADSD/Classifier.cpp:53:57) in function 'compute_class' : 

more than one sub loop.
WARNING: [XFORM 203-631] Renaming function 'dataflow_in_loop_Batch_Loop.entry63' to 'dataflow_in_loop_Bat' 
WARNING: [XFORM 203-631] Renaming function 'dataflow_in_loop_Batch_Loop' to 'dataflow_in_loop_Bat.1' (ADSD/Classifier.cpp:121:25)
WARNING: [XFORM 203-631] Renaming function '__ADSD/Classifier.cpp_line143_proc62' to '__ADSD/Classifier.cp' (ADSD/Classifier.cpp:143:9)
WARNING: [XFORM 203-631] Renaming function '__ADSD/Classifier.cpp_line143_proc61' to '__ADSD/Classifier.cp.1' (ADSD/Classifier.cpp:141:9)
WARNING: [XFORM 203-631] Renaming function '__ADSD/Classifier.cpp_line143_proc60' to '__ADSD/Classifier.cp.2' (ADSD/Classifier.cpp:143:9)
WARNING: [XFORM 203-631] Renaming function '__ADSD/Classifier.cpp_line143_proc59' to '__ADSD/Classifier.cp.3' (ADSD/Classifier.cpp:143:9)
WARNING: [XFORM 203-631] Renaming function '__ADSD/Classifier.cpp_line143_proc' to '__ADSD/Classifier.cp.4' (ADSD/Classifier.cpp:143:9)
WARNING: [XFORM 203-631] Renaming function 'dataflow_in_loop_Bat.1.entry3' to 'dataflow_in_loop_Bat.2' 
WARNING: [XFORM 203-631] Renaming function 'dataflow_in_loop_Bat' to 'dataflow_in_loop_Bat.1.1' 
Command         transform done; 17.677 sec.
INFO: [HLS 200-111] Finished Architecture Synthesis Time (s): cpu = 00:02:48 ; elapsed = 00:05:30 . Memory (MB): peak = 659.461 ; gain = 603.637
INFO-FLOW: Finish building internal data model.
Command       opt_and_import_c done; 205.546 sec.
Command     elaborate done; 328.594 sec.
Execute     autosyn -from_csynth_design=1 
INFO: [HLS 200-10] Starting hardware synthesis ...
INFO-FLOW: Synthesizing C/C++ design ...
INFO: [HLS 200-10] Synthesizing 'classify' ...
Execute       ap_set_top_model classify 
WARNING: [SYN 201-103] Legalizing function name 'dataflow_in_loop_Bat.2' to 'dataflow_in_loop_Bat_2'.
WARNING: [SYN 201-103] Legalizing function name 'dataflow_in_loop_Bat.1.1' to 'dataflow_in_loop_Bat_1_1'.
WARNING: [SYN 201-103] Legalizing function name '__ADSD/Classifier.cp.4' to 'p_ADSD_Classifier_cp_4'.
WARNING: [SYN 201-103] Legalizing function name '__ADSD/Classifier.cp.3' to 'p_ADSD_Classifier_cp_3'.
WARNING: [SYN 201-103] Legalizing function name '__ADSD/Classifier.cp.2' to 'p_ADSD_Classifier_cp_2'.
WARNING: [SYN 201-103] Legalizing function name '__ADSD/Classifier.cp.1' to 'p_ADSD_Classifier_cp_1'.
WARNING: [SYN 201-103] Legalizing function name '__ADSD/Classifier.cp' to 'p_ADSD_Classifier_cp'.
WARNING: [SYN 201-103] Legalizing function name 'dataflow_in_loop_Bat.1' to 'dataflow_in_loop_Bat_1'.
Command       ap_set_top_model done; 0.565 sec.
Execute       get_model_list classify -filter all-wo-channel -topdown 
Execute       preproc_iomode -model classify 
Execute       preproc_iomode -model dataflow_in_loop_Bat.1 
Execute       preproc_iomode -model __ADSD/Classifier.cp 
Execute       preproc_iomode -model __ADSD/Classifier.cp.1 
Execute       preproc_iomode -model __ADSD/Classifier.cp.2 
Execute       preproc_iomode -model __ADSD/Classifier.cp.3 
Execute       preproc_iomode -model __ADSD/Classifier.cp.4 
Execute       preproc_iomode -model compute_class 
Execute       preproc_iomode -model load_and_calc_norm 
Execute       preproc_iomode -model dataflow_in_loop_Bat.1.1 
Execute       preproc_iomode -model dataflow_in_loop_Bat.2 
Execute       get_model_list classify -filter all-wo-channel 
INFO-FLOW: Model list for configure: dataflow_in_loop_Bat.2 dataflow_in_loop_Bat.1.1 load_and_calc_norm compute_class __ADSD/Classifier.cp.4 __ADSD/Classifier.cp.3 __ADSD/Classifier.cp.2 __ADSD/Classifier.cp.1 __ADSD/Classifier.cp dataflow_in_loop_Bat.1 classify
INFO-FLOW: Configuring Module : dataflow_in_loop_Bat.2 ...
Execute       set_default_model dataflow_in_loop_Bat.2 
Execute       apply_spec_resource_limit dataflow_in_loop_Bat.2 
INFO-FLOW: Configuring Module : dataflow_in_loop_Bat.1.1 ...
Execute       set_default_model dataflow_in_loop_Bat.1.1 
Execute       apply_spec_resource_limit dataflow_in_loop_Bat.1.1 
INFO-FLOW: Configuring Module : load_and_calc_norm ...
Execute       set_default_model load_and_calc_norm 
Execute       apply_spec_resource_limit load_and_calc_norm 
INFO-FLOW: Configuring Module : compute_class ...
Execute       set_default_model compute_class 
Execute       apply_spec_resource_limit compute_class 
INFO-FLOW: Configuring Module : __ADSD/Classifier.cp.4 ...
Execute       set_default_model __ADSD/Classifier.cp.4 
Execute       apply_spec_resource_limit __ADSD/Classifier.cp.4 
INFO-FLOW: Configuring Module : __ADSD/Classifier.cp.3 ...
Execute       set_default_model __ADSD/Classifier.cp.3 
Execute       apply_spec_resource_limit __ADSD/Classifier.cp.3 
INFO-FLOW: Configuring Module : __ADSD/Classifier.cp.2 ...
Execute       set_default_model __ADSD/Classifier.cp.2 
Execute       apply_spec_resource_limit __ADSD/Classifier.cp.2 
INFO-FLOW: Configuring Module : __ADSD/Classifier.cp.1 ...
Execute       set_default_model __ADSD/Classifier.cp.1 
Execute       apply_spec_resource_limit __ADSD/Classifier.cp.1 
INFO-FLOW: Configuring Module : __ADSD/Classifier.cp ...
Execute       set_default_model __ADSD/Classifier.cp 
Execute       apply_spec_resource_limit __ADSD/Classifier.cp 
INFO-FLOW: Configuring Module : dataflow_in_loop_Bat.1 ...
Execute       set_default_model dataflow_in_loop_Bat.1 
Execute       apply_spec_resource_limit dataflow_in_loop_Bat.1 
INFO-FLOW: Configuring Module : classify ...
Execute       set_default_model classify 
Execute       apply_spec_resource_limit classify 
INFO-FLOW: Model list for preprocess: dataflow_in_loop_Bat.2 dataflow_in_loop_Bat.1.1 load_and_calc_norm compute_class __ADSD/Classifier.cp.4 __ADSD/Classifier.cp.3 __ADSD/Classifier.cp.2 __ADSD/Classifier.cp.1 __ADSD/Classifier.cp dataflow_in_loop_Bat.1 classify
INFO-FLOW: Preprocessing Module: dataflow_in_loop_Bat.2 ...
Execute       set_default_model dataflow_in_loop_Bat.2 
Execute       cdfg_preprocess -model dataflow_in_loop_Bat.2 
Execute       rtl_gen_preprocess dataflow_in_loop_Bat.2 
INFO-FLOW: Preprocessing Module: dataflow_in_loop_Bat.1.1 ...
Execute       set_default_model dataflow_in_loop_Bat.1.1 
Execute       cdfg_preprocess -model dataflow_in_loop_Bat.1.1 
Execute       rtl_gen_preprocess dataflow_in_loop_Bat.1.1 
INFO-FLOW: Preprocessing Module: load_and_calc_norm ...
Execute       set_default_model load_and_calc_norm 
Execute       cdfg_preprocess -model load_and_calc_norm 
Execute       rtl_gen_preprocess load_and_calc_norm 
INFO-FLOW: Preprocessing Module: compute_class ...
Execute       set_default_model compute_class 
Execute       cdfg_preprocess -model compute_class 
Execute       rtl_gen_preprocess compute_class 
INFO-FLOW: Preprocessing Module: __ADSD/Classifier.cp.4 ...
Execute       set_default_model __ADSD/Classifier.cp.4 
Execute       cdfg_preprocess -model __ADSD/Classifier.cp.4 
Execute       rtl_gen_preprocess __ADSD/Classifier.cp.4 
INFO-FLOW: Preprocessing Module: __ADSD/Classifier.cp.3 ...
Execute       set_default_model __ADSD/Classifier.cp.3 
Execute       cdfg_preprocess -model __ADSD/Classifier.cp.3 
Execute       rtl_gen_preprocess __ADSD/Classifier.cp.3 
INFO-FLOW: Preprocessing Module: __ADSD/Classifier.cp.2 ...
Execute       set_default_model __ADSD/Classifier.cp.2 
Execute       cdfg_preprocess -model __ADSD/Classifier.cp.2 
Execute       rtl_gen_preprocess __ADSD/Classifier.cp.2 
INFO-FLOW: Preprocessing Module: __ADSD/Classifier.cp.1 ...
Execute       set_default_model __ADSD/Classifier.cp.1 
Execute       cdfg_preprocess -model __ADSD/Classifier.cp.1 
Execute       rtl_gen_preprocess __ADSD/Classifier.cp.1 
INFO-FLOW: Preprocessing Module: __ADSD/Classifier.cp ...
Execute       set_default_model __ADSD/Classifier.cp 
Execute       cdfg_preprocess -model __ADSD/Classifier.cp 
Execute       rtl_gen_preprocess __ADSD/Classifier.cp 
INFO-FLOW: Preprocessing Module: dataflow_in_loop_Bat.1 ...
Execute       set_default_model dataflow_in_loop_Bat.1 
Execute       cdfg_preprocess -model dataflow_in_loop_Bat.1 
Execute       rtl_gen_preprocess dataflow_in_loop_Bat.1 
INFO-FLOW: Preprocessing Module: classify ...
Execute       set_default_model classify 
Execute       cdfg_preprocess -model classify 
Execute       rtl_gen_preprocess classify 
INFO-FLOW: Model list for synthesis: dataflow_in_loop_Bat.2 dataflow_in_loop_Bat.1.1 load_and_calc_norm compute_class __ADSD/Classifier.cp.4 __ADSD/Classifier.cp.3 __ADSD/Classifier.cp.2 __ADSD/Classifier.cp.1 __ADSD/Classifier.cp dataflow_in_loop_Bat.1 classify
INFO: [HLS 200-10] ----------------------------------------------------------------
INFO: [HLS 200-42] -- Implementing module 'dataflow_in_loop_Bat_2' 
INFO: [HLS 200-10] ----------------------------------------------------------------
Execute       set_default_model dataflow_in_loop_Bat.2 
Execute       schedule -model dataflow_in_loop_Bat.2 
INFO: [SCHED 204-11] Starting scheduling ...
INFO: [SCHED 204-11] Finished scheduling.
Command       schedule done; 0.297 sec.
INFO: [HLS 200-111]  Elapsed time: 331.889 seconds; current allocated memory: 377.205 MB.
Execute       report -o C:/Users/mathi/Documents/ADSD_ICL/ADSD/solution1/.autopilot/db/dataflow_in_loop_Bat_2.verbose.sched.rpt -verbose -f 
Execute       db_write -o C:/Users/mathi/Documents/ADSD_ICL/ADSD/solution1/.autopilot/db/dataflow_in_loop_Bat_2.sched.adb -f 
INFO-FLOW: Finish scheduling dataflow_in_loop_Bat.2.
Execute       set_default_model dataflow_in_loop_Bat.2 
Execute       bind -model dataflow_in_loop_Bat.2 
BIND OPTION: fu_weight=[ 0.0 -- 1.0 ]
BIND OPTION: model=dataflow_in_loop_Bat.2
BIND OPTION: reg_weight=[ 0.0 -- 1.0 ]
INFO: [BIND 205-100] Starting micro-architecture generation ...
INFO: [BIND 205-101] Performing variable lifetime analysis.
INFO: [BIND 205-101] Exploring resource sharing.
INFO: [BIND 205-101] Binding ...
INFO: [BIND 205-100] Finished micro-architecture generation.
Command       bind done; 0.241 sec.
INFO: [HLS 200-111]  Elapsed time: 0.544 seconds; current allocated memory: 377.247 MB.
Execute       report -o C:/Users/mathi/Documents/ADSD_ICL/ADSD/solution1/.autopilot/db/dataflow_in_loop_Bat_2.verbose.bind.rpt -verbose -f 
Execute       db_write -o C:/Users/mathi/Documents/ADSD_ICL/ADSD/solution1/.autopilot/db/dataflow_in_loop_Bat_2.bind.adb -f 
INFO-FLOW: Finish binding dataflow_in_loop_Bat.2.
INFO: [HLS 200-10] ----------------------------------------------------------------
INFO: [HLS 200-42] -- Implementing module 'dataflow_in_loop_Bat_1_1' 
INFO: [HLS 200-10] ----------------------------------------------------------------
Execute       set_default_model dataflow_in_loop_Bat.1.1 
Execute       schedule -model dataflow_in_loop_Bat.1.1 
INFO: [SCHED 204-11] Starting scheduling ...
INFO: [SCHED 204-11] Finished scheduling.
Command       schedule done; 0.343 sec.
INFO: [HLS 200-111]  Elapsed time: 0.781 seconds; current allocated memory: 377.291 MB.
Execute       report -o C:/Users/mathi/Documents/ADSD_ICL/ADSD/solution1/.autopilot/db/dataflow_in_loop_Bat_1_1.verbose.sched.rpt -verbose -f 
Execute       db_write -o C:/Users/mathi/Documents/ADSD_ICL/ADSD/solution1/.autopilot/db/dataflow_in_loop_Bat_1_1.sched.adb -f 
INFO-FLOW: Finish scheduling dataflow_in_loop_Bat.1.1.
Execute       set_default_model dataflow_in_loop_Bat.1.1 
Execute       bind -model dataflow_in_loop_Bat.1.1 
BIND OPTION: fu_weight=[ 0.0 -- 1.0 ]
BIND OPTION: model=dataflow_in_loop_Bat.1.1
BIND OPTION: reg_weight=[ 0.0 -- 1.0 ]
INFO: [BIND 205-100] Starting micro-architecture generation ...
INFO: [BIND 205-101] Performing variable lifetime analysis.
INFO: [BIND 205-101] Exploring resource sharing.
INFO: [BIND 205-101] Binding ...
INFO: [BIND 205-100] Finished micro-architecture generation.
Command       bind done; 0.212 sec.
INFO: [HLS 200-111]  Elapsed time: 0.509 seconds; current allocated memory: 377.336 MB.
Execute       report -o C:/Users/mathi/Documents/ADSD_ICL/ADSD/solution1/.autopilot/db/dataflow_in_loop_Bat_1_1.verbose.bind.rpt -verbose -f 
Execute       db_write -o C:/Users/mathi/Documents/ADSD_ICL/ADSD/solution1/.autopilot/db/dataflow_in_loop_Bat_1_1.bind.adb -f 
INFO-FLOW: Finish binding dataflow_in_loop_Bat.1.1.
INFO: [HLS 200-10] ----------------------------------------------------------------
INFO: [HLS 200-42] -- Implementing module 'load_and_calc_norm' 
INFO: [HLS 200-10] ----------------------------------------------------------------
Execute       set_default_model load_and_calc_norm 
Execute       schedule -model load_and_calc_norm 
INFO: [SCHED 204-11] Starting scheduling ...
INFO: [SCHED 204-61] Pipelining loop 'load_loop'.
INFO: [SCHED 204-61] Pipelining result : Target II = 1, Final II = 1, Depth = 3.
INFO: [SCHED 204-11] Finished scheduling.
Command       schedule done; 0.496 sec.
INFO: [HLS 200-111]  Elapsed time: 0.938 seconds; current allocated memory: 377.884 MB.
Execute       report -o C:/Users/mathi/Documents/ADSD_ICL/ADSD/solution1/.autopilot/db/load_and_calc_norm.verbose.sched.rpt -verbose -f 
Command       report done; 0.239 sec.
Execute       db_write -o C:/Users/mathi/Documents/ADSD_ICL/ADSD/solution1/.autopilot/db/load_and_calc_norm.sched.adb -f 
Command       db_write done; 0.24 sec.
INFO-FLOW: Finish scheduling load_and_calc_norm.
Execute       set_default_model load_and_calc_norm 
Execute       bind -model load_and_calc_norm 
BIND OPTION: fu_weight=[ 0.0 -- 1.0 ]
BIND OPTION: model=load_and_calc_norm
BIND OPTION: reg_weight=[ 0.0 -- 1.0 ]
INFO: [BIND 205-100] Starting micro-architecture generation ...
INFO: [BIND 205-101] Performing variable lifetime analysis.
INFO: [BIND 205-101] Exploring resource sharing.
INFO: [BIND 205-101] Binding ...
INFO: [BIND 205-100] Finished micro-architecture generation.
Command       bind done; 0.224 sec.
INFO: [HLS 200-111]  Elapsed time: 0.973 seconds; current allocated memory: 378.206 MB.
Execute       report -o C:/Users/mathi/Documents/ADSD_ICL/ADSD/solution1/.autopilot/db/load_and_calc_norm.verbose.bind.rpt -verbose -f 
Command       report done; 0.294 sec.
Execute       db_write -o C:/Users/mathi/Documents/ADSD_ICL/ADSD/solution1/.autopilot/db/load_and_calc_norm.bind.adb -f 
Command       db_write done; 0.244 sec.
INFO-FLOW: Finish binding load_and_calc_norm.
INFO: [HLS 200-10] ----------------------------------------------------------------
INFO: [HLS 200-42] -- Implementing module 'compute_class' 
INFO: [HLS 200-10] ----------------------------------------------------------------
Execute       set_default_model compute_class 
Execute       schedule -model compute_class 
INFO: [SCHED 204-11] Starting scheduling ...
INFO: [SCHED 204-61] Pipelining loop 'classify_label1'.
INFO: [SCHED 204-61] Pipelining result : Target II = 1, Final II = 1, Depth = 4.
INFO: [SCHED 204-61] Pipelining loop 'Reconstruct_Loop'.
INFO: [SCHED 204-61] Pipelining result : Target II = 1, Final II = 1, Depth = 15.
WARNING: [SCHED 204-70] Cannot meet target clock period from 'select' operation ('Z.V') to 'add' operation ('__Val2__') (combination delay: 9.59925 ns) to honor II or Latency constraint in region 'Reconstruct_Loop'.
WARNING: [SCHED 204-21] Estimated clock period (9.59925ns) exceeds the target (target clock period: 10ns, clock uncertainty: 1.25ns, effective delay budget: 8.75ns).
WARNING: [SCHED 204-21] The critical path consists of the following:
	'select' operation ('Z.V', ADSD/Exp.cpp:80->ADSD/Classifier.cpp:85->ADSD/Classifier.cpp:133) (0.766 ns)
	'add' operation ('__Val2__', ADSD/Exp.cpp:81->ADSD/Classifier.cpp:85->ADSD/Classifier.cpp:133) (2.43 ns)
	'select' operation ('Z.V', ADSD/Exp.cpp:81->ADSD/Classifier.cpp:85->ADSD/Classifier.cpp:133) (0.766 ns)
	'add' operation ('__Val2__', ADSD/Exp.cpp:82->ADSD/Classifier.cpp:85->ADSD/Classifier.cpp:133) (2.43 ns)
	'select' operation ('Z.V', ADSD/Exp.cpp:82->ADSD/Classifier.cpp:85->ADSD/Classifier.cpp:133) (0.766 ns)
	'add' operation ('__Val2__', ADSD/Exp.cpp:83->ADSD/Classifier.cpp:85->ADSD/Classifier.cpp:133) (2.43 ns)
INFO: [SCHED 204-11] Finished scheduling.
Command       schedule done; 10.102 sec.
INFO: [HLS 200-111]  Elapsed time: 11.065 seconds; current allocated memory: 384.977 MB.
Execute       report -o C:/Users/mathi/Documents/ADSD_ICL/ADSD/solution1/.autopilot/db/compute_class.verbose.sched.rpt -verbose -f 
INFO: [HLS 200-434] Only 2 loops out of a total 3 loops have been pipelined in this design.
Command       report done; 4.727 sec.
Execute       db_write -o C:/Users/mathi/Documents/ADSD_ICL/ADSD/solution1/.autopilot/db/compute_class.sched.adb -f 
Command       db_write done; 4.635 sec.
INFO-FLOW: Finish scheduling compute_class.
Execute       set_default_model compute_class 
Execute       bind -model compute_class 
BIND OPTION: fu_weight=[ 0.0 -- 1.0 ]
BIND OPTION: model=compute_class
BIND OPTION: reg_weight=[ 0.0 -- 1.0 ]
INFO: [BIND 205-100] Starting micro-architecture generation ...
INFO: [BIND 205-101] Performing variable lifetime analysis.
INFO: [BIND 205-101] Exploring resource sharing.
INFO: [BIND 205-101] Binding ...
INFO: [BIND 205-100] Finished micro-architecture generation.
Command       bind done; 3.408 sec.
INFO: [HLS 200-111]  Elapsed time: 13.103 seconds; current allocated memory: 392.162 MB.
Execute       report -o C:/Users/mathi/Documents/ADSD_ICL/ADSD/solution1/.autopilot/db/compute_class.verbose.bind.rpt -verbose -f 
Command       report done; 6.913 sec.
Execute       db_write -o C:/Users/mathi/Documents/ADSD_ICL/ADSD/solution1/.autopilot/db/compute_class.bind.adb -f 
Command       db_write done; 4.701 sec.
INFO-FLOW: Finish binding compute_class.
INFO: [HLS 200-10] ----------------------------------------------------------------
INFO: [HLS 200-42] -- Implementing module 'p_ADSD_Classifier_cp_4' 
INFO: [HLS 200-10] ----------------------------------------------------------------
Execute       set_default_model __ADSD/Classifier.cp.4 
Execute       schedule -model __ADSD/Classifier.cp.4 
INFO: [SCHED 204-11] Starting scheduling ...
INFO: [SCHED 204-11] Finished scheduling.
Command       schedule done; 0.116 sec.
INFO: [HLS 200-111]  Elapsed time: 12.177 seconds; current allocated memory: 392.962 MB.
Execute       report -o C:/Users/mathi/Documents/ADSD_ICL/ADSD/solution1/.autopilot/db/p_ADSD_Classifier_cp_4.verbose.sched.rpt -verbose -f 
Execute       db_write -o C:/Users/mathi/Documents/ADSD_ICL/ADSD/solution1/.autopilot/db/p_ADSD_Classifier_cp_4.sched.adb -f 
INFO-FLOW: Finish scheduling __ADSD/Classifier.cp.4.
Execute       set_default_model __ADSD/Classifier.cp.4 
Execute       bind -model __ADSD/Classifier.cp.4 
BIND OPTION: fu_weight=[ 0.0 -- 1.0 ]
BIND OPTION: model=__ADSD/Classifier.cp.4
BIND OPTION: reg_weight=[ 0.0 -- 1.0 ]
INFO: [BIND 205-100] Starting micro-architecture generation ...
INFO: [BIND 205-101] Performing variable lifetime analysis.
INFO: [BIND 205-101] Exploring resource sharing.
INFO: [BIND 205-101] Binding ...
INFO: [BIND 205-100] Finished micro-architecture generation.
Command       bind done; 0.25 sec.
INFO: [HLS 200-111]  Elapsed time: 0.595 seconds; current allocated memory: 392.987 MB.
Execute       report -o C:/Users/mathi/Documents/ADSD_ICL/ADSD/solution1/.autopilot/db/p_ADSD_Classifier_cp_4.verbose.bind.rpt -verbose -f 
Execute       db_write -o C:/Users/mathi/Documents/ADSD_ICL/ADSD/solution1/.autopilot/db/p_ADSD_Classifier_cp_4.bind.adb -f 
INFO-FLOW: Finish binding __ADSD/Classifier.cp.4.
INFO: [HLS 200-10] ----------------------------------------------------------------
INFO: [HLS 200-42] -- Implementing module 'p_ADSD_Classifier_cp_3' 
INFO: [HLS 200-10] ----------------------------------------------------------------
Execute       set_default_model __ADSD/Classifier.cp.3 
Execute       schedule -model __ADSD/Classifier.cp.3 
INFO: [SCHED 204-11] Starting scheduling ...
INFO: [SCHED 204-11] Finished scheduling.
Command       schedule done; 0.113 sec.
INFO: [HLS 200-111]  Elapsed time: 0.61 seconds; current allocated memory: 392.996 MB.
Execute       report -o C:/Users/mathi/Documents/ADSD_ICL/ADSD/solution1/.autopilot/db/p_ADSD_Classifier_cp_3.verbose.sched.rpt -verbose -f 
Execute       db_write -o C:/Users/mathi/Documents/ADSD_ICL/ADSD/solution1/.autopilot/db/p_ADSD_Classifier_cp_3.sched.adb -f 
INFO-FLOW: Finish scheduling __ADSD/Classifier.cp.3.
Execute       set_default_model __ADSD/Classifier.cp.3 
Execute       bind -model __ADSD/Classifier.cp.3 
BIND OPTION: fu_weight=[ 0.0 -- 1.0 ]
BIND OPTION: model=__ADSD/Classifier.cp.3
BIND OPTION: reg_weight=[ 0.0 -- 1.0 ]
INFO: [BIND 205-100] Starting micro-architecture generation ...
INFO: [BIND 205-101] Performing variable lifetime analysis.
INFO: [BIND 205-101] Exploring resource sharing.
INFO: [BIND 205-101] Binding ...
INFO: [BIND 205-100] Finished micro-architecture generation.
Command       bind done; 0.263 sec.
INFO: [HLS 200-111]  Elapsed time: 0.59 seconds; current allocated memory: 393.018 MB.
Execute       report -o C:/Users/mathi/Documents/ADSD_ICL/ADSD/solution1/.autopilot/db/p_ADSD_Classifier_cp_3.verbose.bind.rpt -verbose -f 
Execute       db_write -o C:/Users/mathi/Documents/ADSD_ICL/ADSD/solution1/.autopilot/db/p_ADSD_Classifier_cp_3.bind.adb -f 
INFO-FLOW: Finish binding __ADSD/Classifier.cp.3.
INFO: [HLS 200-10] ----------------------------------------------------------------
INFO: [HLS 200-42] -- Implementing module 'p_ADSD_Classifier_cp_2' 
INFO: [HLS 200-10] ----------------------------------------------------------------
Execute       set_default_model __ADSD/Classifier.cp.2 
Execute       schedule -model __ADSD/Classifier.cp.2 
INFO: [SCHED 204-11] Starting scheduling ...
INFO: [SCHED 204-11] Finished scheduling.
Command       schedule done; 0.111 sec.
INFO: [HLS 200-111]  Elapsed time: 0.593 seconds; current allocated memory: 393.028 MB.
Execute       report -o C:/Users/mathi/Documents/ADSD_ICL/ADSD/solution1/.autopilot/db/p_ADSD_Classifier_cp_2.verbose.sched.rpt -verbose -f 
Execute       db_write -o C:/Users/mathi/Documents/ADSD_ICL/ADSD/solution1/.autopilot/db/p_ADSD_Classifier_cp_2.sched.adb -f 
INFO-FLOW: Finish scheduling __ADSD/Classifier.cp.2.
Execute       set_default_model __ADSD/Classifier.cp.2 
Execute       bind -model __ADSD/Classifier.cp.2 
BIND OPTION: fu_weight=[ 0.0 -- 1.0 ]
BIND OPTION: model=__ADSD/Classifier.cp.2
BIND OPTION: reg_weight=[ 0.0 -- 1.0 ]
INFO: [BIND 205-100] Starting micro-architecture generation ...
INFO: [BIND 205-101] Performing variable lifetime analysis.
INFO: [BIND 205-101] Exploring resource sharing.
INFO: [BIND 205-101] Binding ...
INFO: [BIND 205-100] Finished micro-architecture generation.
Command       bind done; 0.251 sec.
INFO: [HLS 200-111]  Elapsed time: 0.595 seconds; current allocated memory: 393.049 MB.
Execute       report -o C:/Users/mathi/Documents/ADSD_ICL/ADSD/solution1/.autopilot/db/p_ADSD_Classifier_cp_2.verbose.bind.rpt -verbose -f 
Execute       db_write -o C:/Users/mathi/Documents/ADSD_ICL/ADSD/solution1/.autopilot/db/p_ADSD_Classifier_cp_2.bind.adb -f 
INFO-FLOW: Finish binding __ADSD/Classifier.cp.2.
INFO: [HLS 200-10] ----------------------------------------------------------------
INFO: [HLS 200-42] -- Implementing module 'p_ADSD_Classifier_cp_1' 
INFO: [HLS 200-10] ----------------------------------------------------------------
Execute       set_default_model __ADSD/Classifier.cp.1 
Execute       schedule -model __ADSD/Classifier.cp.1 
INFO: [SCHED 204-11] Starting scheduling ...
INFO: [SCHED 204-11] Finished scheduling.
Command       schedule done; 0.112 sec.
INFO: [HLS 200-111]  Elapsed time: 0.418 seconds; current allocated memory: 393.079 MB.
Execute       report -o C:/Users/mathi/Documents/ADSD_ICL/ADSD/solution1/.autopilot/db/p_ADSD_Classifier_cp_1.verbose.sched.rpt -verbose -f 
Execute       db_write -o C:/Users/mathi/Documents/ADSD_ICL/ADSD/solution1/.autopilot/db/p_ADSD_Classifier_cp_1.sched.adb -f 
INFO-FLOW: Finish scheduling __ADSD/Classifier.cp.1.
Execute       set_default_model __ADSD/Classifier.cp.1 
Execute       bind -model __ADSD/Classifier.cp.1 
BIND OPTION: fu_weight=[ 0.0 -- 1.0 ]
BIND OPTION: model=__ADSD/Classifier.cp.1
BIND OPTION: reg_weight=[ 0.0 -- 1.0 ]
INFO: [BIND 205-100] Starting micro-architecture generation ...
INFO: [BIND 205-101] Performing variable lifetime analysis.
INFO: [BIND 205-101] Exploring resource sharing.
INFO: [BIND 205-101] Binding ...
INFO: [BIND 205-100] Finished micro-architecture generation.
Command       bind done; 0.191 sec.
INFO: [HLS 200-111]  Elapsed time: 0.332 seconds; current allocated memory: 393.117 MB.
Execute       report -o C:/Users/mathi/Documents/ADSD_ICL/ADSD/solution1/.autopilot/db/p_ADSD_Classifier_cp_1.verbose.bind.rpt -verbose -f 
Execute       db_write -o C:/Users/mathi/Documents/ADSD_ICL/ADSD/solution1/.autopilot/db/p_ADSD_Classifier_cp_1.bind.adb -f 
INFO-FLOW: Finish binding __ADSD/Classifier.cp.1.
INFO: [HLS 200-10] ----------------------------------------------------------------
INFO: [HLS 200-42] -- Implementing module 'p_ADSD_Classifier_cp' 
INFO: [HLS 200-10] ----------------------------------------------------------------
Execute       set_default_model __ADSD/Classifier.cp 
Execute       schedule -model __ADSD/Classifier.cp 
INFO: [SCHED 204-11] Starting scheduling ...
INFO: [SCHED 204-11] Finished scheduling.
INFO: [HLS 200-111]  Elapsed time: 0.38 seconds; current allocated memory: 393.137 MB.
Execute       report -o C:/Users/mathi/Documents/ADSD_ICL/ADSD/solution1/.autopilot/db/p_ADSD_Classifier_cp.verbose.sched.rpt -verbose -f 
Execute       db_write -o C:/Users/mathi/Documents/ADSD_ICL/ADSD/solution1/.autopilot/db/p_ADSD_Classifier_cp.sched.adb -f 
INFO-FLOW: Finish scheduling __ADSD/Classifier.cp.
Execute       set_default_model __ADSD/Classifier.cp 
Execute       bind -model __ADSD/Classifier.cp 
BIND OPTION: fu_weight=[ 0.0 -- 1.0 ]
BIND OPTION: model=__ADSD/Classifier.cp
BIND OPTION: reg_weight=[ 0.0 -- 1.0 ]
INFO: [BIND 205-100] Starting micro-architecture generation ...
INFO: [BIND 205-101] Performing variable lifetime analysis.
INFO: [BIND 205-101] Exploring resource sharing.
INFO: [BIND 205-101] Binding ...
INFO: [BIND 205-100] Finished micro-architecture generation.
Command       bind done; 0.268 sec.
INFO: [HLS 200-111]  Elapsed time: 0.652 seconds; current allocated memory: 393.184 MB.
Execute       report -o C:/Users/mathi/Documents/ADSD_ICL/ADSD/solution1/.autopilot/db/p_ADSD_Classifier_cp.verbose.bind.rpt -verbose -f 
Execute       db_write -o C:/Users/mathi/Documents/ADSD_ICL/ADSD/solution1/.autopilot/db/p_ADSD_Classifier_cp.bind.adb -f 
INFO-FLOW: Finish binding __ADSD/Classifier.cp.
INFO: [HLS 200-10] ----------------------------------------------------------------
INFO: [HLS 200-42] -- Implementing module 'dataflow_in_loop_Bat_1' 
INFO: [HLS 200-10] ----------------------------------------------------------------
Execute       set_default_model dataflow_in_loop_Bat.1 
Execute       schedule -model dataflow_in_loop_Bat.1 
INFO: [SCHED 204-11] Starting scheduling ...
INFO: [SCHED 204-11] Finished scheduling.
Command       schedule done; 0.173 sec.
INFO: [HLS 200-111]  Elapsed time: 0.52 seconds; current allocated memory: 393.300 MB.
Execute       report -o C:/Users/mathi/Documents/ADSD_ICL/ADSD/solution1/.autopilot/db/dataflow_in_loop_Bat_1.verbose.sched.rpt -verbose -f 
Execute       db_write -o C:/Users/mathi/Documents/ADSD_ICL/ADSD/solution1/.autopilot/db/dataflow_in_loop_Bat_1.sched.adb -f 
INFO-FLOW: Finish scheduling dataflow_in_loop_Bat.1.
Execute       set_default_model dataflow_in_loop_Bat.1 
Execute       bind -model dataflow_in_loop_Bat.1 
BIND OPTION: fu_weight=[ 0.0 -- 1.0 ]
BIND OPTION: model=dataflow_in_loop_Bat.1
BIND OPTION: reg_weight=[ 0.0 -- 1.0 ]
INFO: [BIND 205-100] Starting micro-architecture generation ...
INFO: [BIND 205-101] Performing variable lifetime analysis.
INFO: [BIND 205-101] Exploring resource sharing.
INFO: [BIND 205-101] Binding ...
INFO: [BIND 205-100] Finished micro-architecture generation.
Command       bind done; 3.29 sec.
INFO: [HLS 200-111]  Elapsed time: 3.494 seconds; current allocated memory: 395.201 MB.
Execute       report -o C:/Users/mathi/Documents/ADSD_ICL/ADSD/solution1/.autopilot/db/dataflow_in_loop_Bat_1.verbose.bind.rpt -verbose -f 
Command       report done; 0.859 sec.
Execute       db_write -o C:/Users/mathi/Documents/ADSD_ICL/ADSD/solution1/.autopilot/db/dataflow_in_loop_Bat_1.bind.adb -f 
INFO-FLOW: Finish binding dataflow_in_loop_Bat.1.
INFO: [HLS 200-10] ----------------------------------------------------------------
INFO: [HLS 200-42] -- Implementing module 'classify' 
INFO: [HLS 200-10] ----------------------------------------------------------------
Execute       set_default_model classify 
Execute       schedule -model classify 
INFO: [SCHED 204-11] Starting scheduling ...
INFO: [SCHED 204-11] Finished scheduling.
INFO: [HLS 200-111]  Elapsed time: 1.213 seconds; current allocated memory: 396.027 MB.
Execute       report -o C:/Users/mathi/Documents/ADSD_ICL/ADSD/solution1/.autopilot/db/classify.verbose.sched.rpt -verbose -f 
Execute       db_write -o C:/Users/mathi/Documents/ADSD_ICL/ADSD/solution1/.autopilot/db/classify.sched.adb -f 
INFO-FLOW: Finish scheduling classify.
Execute       set_default_model classify 
Execute       bind -model classify 
BIND OPTION: fu_weight=[ 0.0 -- 1.0 ]
BIND OPTION: model=classify
BIND OPTION: reg_weight=[ 0.0 -- 1.0 ]
INFO: [BIND 205-100] Starting micro-architecture generation ...
INFO: [BIND 205-101] Performing variable lifetime analysis.
INFO: [BIND 205-101] Exploring resource sharing.
INFO: [BIND 205-101] Binding ...
INFO: [BIND 205-100] Finished micro-architecture generation.
Command       bind done; 0.452 sec.
INFO: [HLS 200-111]  Elapsed time: 0.627 seconds; current allocated memory: 396.439 MB.
Execute       report -o C:/Users/mathi/Documents/ADSD_ICL/ADSD/solution1/.autopilot/db/classify.verbose.bind.rpt -verbose -f 
Command       report done; 0.789 sec.
Execute       db_write -o C:/Users/mathi/Documents/ADSD_ICL/ADSD/solution1/.autopilot/db/classify.bind.adb -f 
INFO-FLOW: Finish binding classify.
Execute       get_model_list classify -filter all-wo-channel 
INFO-FLOW: Preprocessing for RTLGen ...
Execute       rtl_gen_preprocess dataflow_in_loop_Bat.2 
Execute       rtl_gen_preprocess dataflow_in_loop_Bat.1.1 
Execute       rtl_gen_preprocess load_and_calc_norm 
Execute       rtl_gen_preprocess compute_class 
Execute       rtl_gen_preprocess __ADSD/Classifier.cp.4 
Execute       rtl_gen_preprocess __ADSD/Classifier.cp.3 
Execute       rtl_gen_preprocess __ADSD/Classifier.cp.2 
Execute       rtl_gen_preprocess __ADSD/Classifier.cp.1 
Execute       rtl_gen_preprocess __ADSD/Classifier.cp 
Execute       rtl_gen_preprocess dataflow_in_loop_Bat.1 
Execute       rtl_gen_preprocess classify 
INFO-FLOW: Model list for RTL generation: dataflow_in_loop_Bat.2 dataflow_in_loop_Bat.1.1 load_and_calc_norm compute_class __ADSD/Classifier.cp.4 __ADSD/Classifier.cp.3 __ADSD/Classifier.cp.2 __ADSD/Classifier.cp.1 __ADSD/Classifier.cp dataflow_in_loop_Bat.1 classify
INFO: [HLS 200-10] ----------------------------------------------------------------
INFO: [HLS 200-10] -- Generating RTL for module 'dataflow_in_loop_Bat_2' 
INFO: [HLS 200-10] ----------------------------------------------------------------
Execute       get_config_rtl -prefix 
Execute       get_config_rtl -auto_prefix 
Execute       create_rtl_model dataflow_in_loop_Bat.2 -vendor xilinx -mg_file C:/Users/mathi/Documents/ADSD_ICL/ADSD/solution1/.autopilot/db/dataflow_in_loop_Bat_2.compgen.tcl 
INFO: [RTGEN 206-100] Finished creating RTL model for 'dataflow_in_loop_Bat_2'.
INFO: [HLS 200-111]  Elapsed time: 1.137 seconds; current allocated memory: 397.274 MB.
Execute       source C:/Users/mathi/Documents/ADSD_ICL/ADSD/solution1/.autopilot/db/classify.rtl_wrap.cfg.tcl 
Execute       gen_rtl dataflow_in_loop_Bat.2 -style xilinx -tracefl mytrace -tracefmt vcd -traceopt all -f -lang sc -o C:/Users/mathi/Documents/ADSD_ICL/ADSD/solution1/syn/systemc/dataflow_in_loop_Bat_2 -synmodules dataflow_in_loop_Bat.2 dataflow_in_loop_Bat.1.1 load_and_calc_norm compute_class __ADSD/Classifier.cp.4 __ADSD/Classifier.cp.3 __ADSD/Classifier.cp.2 __ADSD/Classifier.cp.1 __ADSD/Classifier.cp dataflow_in_loop_Bat.1 classify 
Execute       gen_rtl dataflow_in_loop_Bat.2 -style xilinx -f -lang vhdl -o C:/Users/mathi/Documents/ADSD_ICL/ADSD/solution1/syn/vhdl/dataflow_in_loop_Bat_2 
Execute       gen_rtl dataflow_in_loop_Bat.2 -style xilinx -f -lang vlog -o C:/Users/mathi/Documents/ADSD_ICL/ADSD/solution1/syn/verilog/dataflow_in_loop_Bat_2 
Execute       gen_tb_info dataflow_in_loop_Bat.2 -o C:/Users/mathi/Documents/ADSD_ICL/ADSD/solution1/.autopilot/db/dataflow_in_loop_Bat_2 -p C:/Users/mathi/Documents/ADSD_ICL/ADSD/solution1/.autopilot/db 
Execute       report -model dataflow_in_loop_Bat.2 -o C:/Users/mathi/Documents/ADSD_ICL/ADSD/solution1/syn/report/dataflow_in_loop_Bat_2_csynth.rpt -f 
Execute       report -model dataflow_in_loop_Bat.2 -o C:/Users/mathi/Documents/ADSD_ICL/ADSD/solution1/syn/report/dataflow_in_loop_Bat_2_csynth.xml -f -x 
Execute       report -model dataflow_in_loop_Bat.2 -o C:/Users/mathi/Documents/ADSD_ICL/ADSD/solution1/.autopilot/db/dataflow_in_loop_Bat_2.verbose.rpt -verbose -f 
Execute       db_write -model dataflow_in_loop_Bat.2 -o C:/Users/mathi/Documents/ADSD_ICL/ADSD/solution1/.autopilot/db/dataflow_in_loop_Bat_2.adb -f 
INFO: [HLS 200-10] ----------------------------------------------------------------
INFO: [HLS 200-10] -- Generating RTL for module 'dataflow_in_loop_Bat_1_1' 
INFO: [HLS 200-10] ----------------------------------------------------------------
Execute       get_config_rtl -prefix 
Execute       get_config_rtl -auto_prefix 
Execute       create_rtl_model dataflow_in_loop_Bat.1.1 -vendor xilinx -mg_file C:/Users/mathi/Documents/ADSD_ICL/ADSD/solution1/.autopilot/db/dataflow_in_loop_Bat_1_1.compgen.tcl 
INFO: [RTGEN 206-100] Finished creating RTL model for 'dataflow_in_loop_Bat_1_1'.
INFO: [HLS 200-111]  Elapsed time: 0.383 seconds; current allocated memory: 397.538 MB.
Execute       source C:/Users/mathi/Documents/ADSD_ICL/ADSD/solution1/.autopilot/db/classify.rtl_wrap.cfg.tcl 
Execute       gen_rtl dataflow_in_loop_Bat.1.1 -style xilinx -tracefl mytrace -tracefmt vcd -traceopt all -f -lang sc -o C:/Users/mathi/Documents/ADSD_ICL/ADSD/solution1/syn/systemc/dataflow_in_loop_Bat_1_1 -synmodules dataflow_in_loop_Bat.2 dataflow_in_loop_Bat.1.1 load_and_calc_norm compute_class __ADSD/Classifier.cp.4 __ADSD/Classifier.cp.3 __ADSD/Classifier.cp.2 __ADSD/Classifier.cp.1 __ADSD/Classifier.cp dataflow_in_loop_Bat.1 classify 
Execute       gen_rtl dataflow_in_loop_Bat.1.1 -style xilinx -f -lang vhdl -o C:/Users/mathi/Documents/ADSD_ICL/ADSD/solution1/syn/vhdl/dataflow_in_loop_Bat_1_1 
Execute       gen_rtl dataflow_in_loop_Bat.1.1 -style xilinx -f -lang vlog -o C:/Users/mathi/Documents/ADSD_ICL/ADSD/solution1/syn/verilog/dataflow_in_loop_Bat_1_1 
Execute       gen_tb_info dataflow_in_loop_Bat.1.1 -o C:/Users/mathi/Documents/ADSD_ICL/ADSD/solution1/.autopilot/db/dataflow_in_loop_Bat_1_1 -p C:/Users/mathi/Documents/ADSD_ICL/ADSD/solution1/.autopilot/db 
Execute       report -model dataflow_in_loop_Bat.1.1 -o C:/Users/mathi/Documents/ADSD_ICL/ADSD/solution1/syn/report/dataflow_in_loop_Bat_1_1_csynth.rpt -f 
Execute       report -model dataflow_in_loop_Bat.1.1 -o C:/Users/mathi/Documents/ADSD_ICL/ADSD/solution1/syn/report/dataflow_in_loop_Bat_1_1_csynth.xml -f -x 
Execute       report -model dataflow_in_loop_Bat.1.1 -o C:/Users/mathi/Documents/ADSD_ICL/ADSD/solution1/.autopilot/db/dataflow_in_loop_Bat_1_1.verbose.rpt -verbose -f 
Execute       db_write -model dataflow_in_loop_Bat.1.1 -o C:/Users/mathi/Documents/ADSD_ICL/ADSD/solution1/.autopilot/db/dataflow_in_loop_Bat_1_1.adb -f 
INFO: [HLS 200-10] ----------------------------------------------------------------
INFO: [HLS 200-10] -- Generating RTL for module 'load_and_calc_norm' 
INFO: [HLS 200-10] ----------------------------------------------------------------
Execute       get_config_rtl -prefix 
Execute       get_config_rtl -auto_prefix 
Execute       create_rtl_model load_and_calc_norm -vendor xilinx -mg_file C:/Users/mathi/Documents/ADSD_ICL/ADSD/solution1/.autopilot/db/load_and_calc_norm.compgen.tcl 
INFO: [RTGEN 206-100] Finished creating RTL model for 'load_and_calc_norm'.
INFO: [HLS 200-111]  Elapsed time: 0.439 seconds; current allocated memory: 398.634 MB.
Execute       source C:/Users/mathi/Documents/ADSD_ICL/ADSD/solution1/.autopilot/db/classify.rtl_wrap.cfg.tcl 
Execute       gen_rtl load_and_calc_norm -style xilinx -tracefl mytrace -tracefmt vcd -traceopt all -f -lang sc -o C:/Users/mathi/Documents/ADSD_ICL/ADSD/solution1/syn/systemc/load_and_calc_norm -synmodules dataflow_in_loop_Bat.2 dataflow_in_loop_Bat.1.1 load_and_calc_norm compute_class __ADSD/Classifier.cp.4 __ADSD/Classifier.cp.3 __ADSD/Classifier.cp.2 __ADSD/Classifier.cp.1 __ADSD/Classifier.cp dataflow_in_loop_Bat.1 classify 
Execute       gen_rtl load_and_calc_norm -style xilinx -f -lang vhdl -o C:/Users/mathi/Documents/ADSD_ICL/ADSD/solution1/syn/vhdl/load_and_calc_norm 
Execute       gen_rtl load_and_calc_norm -style xilinx -f -lang vlog -o C:/Users/mathi/Documents/ADSD_ICL/ADSD/solution1/syn/verilog/load_and_calc_norm 
Execute       gen_tb_info load_and_calc_norm -o C:/Users/mathi/Documents/ADSD_ICL/ADSD/solution1/.autopilot/db/load_and_calc_norm -p C:/Users/mathi/Documents/ADSD_ICL/ADSD/solution1/.autopilot/db 
Execute       report -model load_and_calc_norm -o C:/Users/mathi/Documents/ADSD_ICL/ADSD/solution1/syn/report/load_and_calc_norm_csynth.rpt -f 
Execute       report -model load_and_calc_norm -o C:/Users/mathi/Documents/ADSD_ICL/ADSD/solution1/syn/report/load_and_calc_norm_csynth.xml -f -x 
Execute       report -model load_and_calc_norm -o C:/Users/mathi/Documents/ADSD_ICL/ADSD/solution1/.autopilot/db/load_and_calc_norm.verbose.rpt -verbose -f 
Command       report done; 0.107 sec.
Execute       db_write -model load_and_calc_norm -o C:/Users/mathi/Documents/ADSD_ICL/ADSD/solution1/.autopilot/db/load_and_calc_norm.adb -f 
Command       db_write done; 0.154 sec.
INFO: [HLS 200-10] ----------------------------------------------------------------
INFO: [HLS 200-10] -- Generating RTL for module 'compute_class' 
INFO: [HLS 200-10] ----------------------------------------------------------------
Execute       get_config_rtl -prefix 
Execute       get_config_rtl -auto_prefix 
Execute       create_rtl_model compute_class -vendor xilinx -mg_file C:/Users/mathi/Documents/ADSD_ICL/ADSD/solution1/.autopilot/db/compute_class.compgen.tcl 
INFO: [SYN 201-210] Renamed object name 'compute_class_svs_V_0' to 'compute_class_svsbkb' due to the length limit 20
INFO: [SYN 201-210] Renamed object name 'compute_class_svs_V_1' to 'compute_class_svscud' due to the length limit 20
INFO: [SYN 201-210] Renamed object name 'compute_class_svs_V_2' to 'compute_class_svsdEe' due to the length limit 20
INFO: [SYN 201-210] Renamed object name 'compute_class_svs_V_3' to 'compute_class_svseOg' due to the length limit 20
INFO: [SYN 201-210] Renamed object name 'compute_class_svs_V_4' to 'compute_class_svsfYi' due to the length limit 20
INFO: [SYN 201-210] Renamed object name 'compute_class_svs_V_5' to 'compute_class_svsg8j' due to the length limit 20
INFO: [SYN 201-210] Renamed object name 'compute_class_svs_V_6' to 'compute_class_svshbi' due to the length limit 20
INFO: [SYN 201-210] Renamed object name 'compute_class_svs_V_7' to 'compute_class_svsibs' due to the length limit 20
INFO: [SYN 201-210] Renamed object name 'compute_class_svs_V_8' to 'compute_class_svsjbC' due to the length limit 20
INFO: [SYN 201-210] Renamed object name 'compute_class_svs_V_9' to 'compute_class_svskbM' due to the length limit 20
INFO: [SYN 201-210] Renamed object name 'compute_class_svs_V_10' to 'compute_class_svslbW' due to the length limit 20
INFO: [SYN 201-210] Renamed object name 'compute_class_svs_V_11' to 'compute_class_svsmb6' due to the length limit 20
INFO: [SYN 201-210] Renamed object name 'compute_class_svs_V_12' to 'compute_class_svsncg' due to the length limit 20
INFO: [SYN 201-210] Renamed object name 'compute_class_svs_V_13' to 'compute_class_svsocq' due to the length limit 20
INFO: [SYN 201-210] Renamed object name 'compute_class_svs_V_14' to 'compute_class_svspcA' due to the length limit 20
INFO: [SYN 201-210] Renamed object name 'compute_class_svs_V_15' to 'compute_class_svsqcK' due to the length limit 20
INFO: [SYN 201-210] Renamed object name 'compute_class_alphas_V_0' to 'compute_class_alprcU' due to the length limit 20
INFO: [SYN 201-210] Renamed object name 'compute_class_alphas_V_143' to 'compute_class_alpsc4' due to the length limit 20
INFO: [SYN 201-210] Renamed object name 'compute_class_alphas_V_250' to 'compute_class_alptde' due to the length limit 20
INFO: [SYN 201-210] Renamed object name 'compute_class_alphas_V_351' to 'compute_class_alpudo' due to the length limit 20
INFO: [SYN 201-210] Renamed object name 'compute_class_alphas_V_452' to 'compute_class_alpvdy' due to the length limit 20
INFO: [SYN 201-210] Renamed object name 'compute_class_alphas_V_553' to 'compute_class_alpwdI' due to the length limit 20
INFO: [SYN 201-210] Renamed object name 'compute_class_alphas_V_654' to 'compute_class_alpxdS' due to the length limit 20
INFO: [SYN 201-210] Renamed object name 'compute_class_alphas_V_755' to 'compute_class_alpyd2' due to the length limit 20
INFO: [SYN 201-210] Renamed object name 'compute_class_alphas_V_856' to 'compute_class_alpzec' due to the length limit 20
INFO: [SYN 201-210] Renamed object name 'compute_class_alphas_V_957' to 'compute_class_alpAem' due to the length limit 20
INFO: [SYN 201-210] Renamed object name 'compute_class_alphas_V_1044' to 'compute_class_alpBew' due to the length limit 20
INFO: [SYN 201-210] Renamed object name 'compute_class_alphas_V_1145' to 'compute_class_alpCeG' due to the length limit 20
INFO: [SYN 201-210] Renamed object name 'compute_class_alphas_V_1246' to 'compute_class_alpDeQ' due to the length limit 20
INFO: [SYN 201-210] Renamed object name 'compute_class_alphas_V_1347' to 'compute_class_alpEe0' due to the length limit 20
INFO: [SYN 201-210] Renamed object name 'compute_class_alphas_V_1448' to 'compute_class_alpFfa' due to the length limit 20
INFO: [SYN 201-210] Renamed object name 'compute_class_alphas_V_1549' to 'compute_class_alpGfk' due to the length limit 20
INFO: [SYN 201-210] Renamed object name 'compute_class_sv_norms_V_0' to 'compute_class_sv_Hfu' due to the length limit 20
INFO: [SYN 201-210] Renamed object name 'compute_class_sv_norms_V_1' to 'compute_class_sv_IfE' due to the length limit 20
INFO: [SYN 201-210] Renamed object name 'compute_class_sv_norms_V_2' to 'compute_class_sv_JfO' due to the length limit 20
INFO: [SYN 201-210] Renamed object name 'compute_class_sv_norms_V_3' to 'compute_class_sv_KfY' due to the length limit 20
INFO: [SYN 201-210] Renamed object name 'compute_class_sv_norms_V_4' to 'compute_class_sv_Lf8' due to the length limit 20
INFO: [SYN 201-210] Renamed object name 'compute_class_sv_norms_V_5' to 'compute_class_sv_Mgi' due to the length limit 20
INFO: [SYN 201-210] Renamed object name 'compute_class_sv_norms_V_6' to 'compute_class_sv_Ngs' due to the length limit 20
INFO: [SYN 201-210] Renamed object name 'compute_class_sv_norms_V_7' to 'compute_class_sv_OgC' due to the length limit 20
INFO: [SYN 201-210] Renamed object name 'compute_class_sv_norms_V_8' to 'compute_class_sv_PgM' due to the length limit 20
INFO: [SYN 201-210] Renamed object name 'compute_class_sv_norms_V_9' to 'compute_class_sv_QgW' due to the length limit 20
INFO: [SYN 201-210] Renamed object name 'compute_class_sv_norms_V_10' to 'compute_class_sv_Rg6' due to the length limit 20
INFO: [SYN 201-210] Renamed object name 'compute_class_sv_norms_V_11' to 'compute_class_sv_Shg' due to the length limit 20
INFO: [SYN 201-210] Renamed object name 'compute_class_sv_norms_V_12' to 'compute_class_sv_Thq' due to the length limit 20
INFO: [SYN 201-210] Renamed object name 'compute_class_sv_norms_V_13' to 'compute_class_sv_UhA' due to the length limit 20
INFO: [SYN 201-210] Renamed object name 'compute_class_sv_norms_V_14' to 'compute_class_sv_VhK' due to the length limit 20
INFO: [SYN 201-210] Renamed object name 'compute_class_sv_norms_V_15' to 'compute_class_sv_WhU' due to the length limit 20
INFO: [SYN 201-210] Renamed object name 'classify_mux_164_32_1_1' to 'classify_mux_164_Xh4' due to the length limit 20
INFO: [SYN 201-210] Renamed object name 'classify_mux_164_26_1_1' to 'classify_mux_164_Yie' due to the length limit 20
INFO: [SYN 201-210] Renamed object name 'classify_mul_mul_22s_8s_30_1_1' to 'classify_mul_mul_Zio' due to the length limit 20
INFO: [RTGEN 206-100] Generating core module 'classify_mul_mul_Zio': 1 instance(s).
INFO: [RTGEN 206-100] Generating core module 'classify_mux_164_Xh4': 2 instance(s).
INFO: [RTGEN 206-100] Generating core module 'classify_mux_164_Yie': 1 instance(s).
INFO: [RTGEN 206-100] Finished creating RTL model for 'compute_class'.
Command       create_rtl_model done; 3.961 sec.
INFO: [HLS 200-111]  Elapsed time: 4.701 seconds; current allocated memory: 412.366 MB.
Execute       source C:/Users/mathi/Documents/ADSD_ICL/ADSD/solution1/.autopilot/db/classify.rtl_wrap.cfg.tcl 
Execute       gen_rtl compute_class -style xilinx -tracefl mytrace -tracefmt vcd -traceopt all -f -lang sc -o C:/Users/mathi/Documents/ADSD_ICL/ADSD/solution1/syn/systemc/compute_class -synmodules dataflow_in_loop_Bat.2 dataflow_in_loop_Bat.1.1 load_and_calc_norm compute_class __ADSD/Classifier.cp.4 __ADSD/Classifier.cp.3 __ADSD/Classifier.cp.2 __ADSD/Classifier.cp.1 __ADSD/Classifier.cp dataflow_in_loop_Bat.1 classify 
Execute       gen_rtl compute_class -style xilinx -f -lang vhdl -o C:/Users/mathi/Documents/ADSD_ICL/ADSD/solution1/syn/vhdl/compute_class 
Execute       gen_rtl compute_class -style xilinx -f -lang vlog -o C:/Users/mathi/Documents/ADSD_ICL/ADSD/solution1/syn/verilog/compute_class 
Execute       gen_tb_info compute_class -o C:/Users/mathi/Documents/ADSD_ICL/ADSD/solution1/.autopilot/db/compute_class -p C:/Users/mathi/Documents/ADSD_ICL/ADSD/solution1/.autopilot/db 
Command       gen_tb_info done; 0.284 sec.
Execute       report -model compute_class -o C:/Users/mathi/Documents/ADSD_ICL/ADSD/solution1/syn/report/compute_class_csynth.rpt -f 
Command       report done; 0.33 sec.
Execute       report -model compute_class -o C:/Users/mathi/Documents/ADSD_ICL/ADSD/solution1/syn/report/compute_class_csynth.xml -f -x 
Command       report done; 0.293 sec.
Execute       report -model compute_class -o C:/Users/mathi/Documents/ADSD_ICL/ADSD/solution1/.autopilot/db/compute_class.verbose.rpt -verbose -f 
Command       report done; 2.469 sec.
Execute       db_write -model compute_class -o C:/Users/mathi/Documents/ADSD_ICL/ADSD/solution1/.autopilot/db/compute_class.adb -f 
Command       db_write done; 2.712 sec.
INFO: [HLS 200-10] ----------------------------------------------------------------
INFO: [HLS 200-10] -- Generating RTL for module 'p_ADSD_Classifier_cp_4' 
INFO: [HLS 200-10] ----------------------------------------------------------------
Execute       get_config_rtl -prefix 
Execute       get_config_rtl -auto_prefix 
Execute       create_rtl_model __ADSD/Classifier.cp.4 -vendor xilinx -mg_file C:/Users/mathi/Documents/ADSD_ICL/ADSD/solution1/.autopilot/db/p_ADSD_Classifier_cp_4.compgen.tcl 
INFO: [RTGEN 206-100] Finished creating RTL model for 'p_ADSD_Classifier_cp_4'.
INFO: [HLS 200-111]  Elapsed time: 10.004 seconds; current allocated memory: 416.795 MB.
Execute       source C:/Users/mathi/Documents/ADSD_ICL/ADSD/solution1/.autopilot/db/classify.rtl_wrap.cfg.tcl 
Execute       gen_rtl __ADSD/Classifier.cp.4 -style xilinx -tracefl mytrace -tracefmt vcd -traceopt all -f -lang sc -o C:/Users/mathi/Documents/ADSD_ICL/ADSD/solution1/syn/systemc/p_ADSD_Classifier_cp_4 -synmodules dataflow_in_loop_Bat.2 dataflow_in_loop_Bat.1.1 load_and_calc_norm compute_class __ADSD/Classifier.cp.4 __ADSD/Classifier.cp.3 __ADSD/Classifier.cp.2 __ADSD/Classifier.cp.1 __ADSD/Classifier.cp dataflow_in_loop_Bat.1 classify 
Execute       gen_rtl __ADSD/Classifier.cp.4 -style xilinx -f -lang vhdl -o C:/Users/mathi/Documents/ADSD_ICL/ADSD/solution1/syn/vhdl/p_ADSD_Classifier_cp_4 
Execute       gen_rtl __ADSD/Classifier.cp.4 -style xilinx -f -lang vlog -o C:/Users/mathi/Documents/ADSD_ICL/ADSD/solution1/syn/verilog/p_ADSD_Classifier_cp_4 
Execute       gen_tb_info __ADSD/Classifier.cp.4 -o C:/Users/mathi/Documents/ADSD_ICL/ADSD/solution1/.autopilot/db/p_ADSD_Classifier_cp_4 -p C:/Users/mathi/Documents/ADSD_ICL/ADSD/solution1/.autopilot/db 
Execute       report -model __ADSD/Classifier.cp.4 -o C:/Users/mathi/Documents/ADSD_ICL/ADSD/solution1/syn/report/p_ADSD_Classifier_cp_4_csynth.rpt -f 
Execute       report -model __ADSD/Classifier.cp.4 -o C:/Users/mathi/Documents/ADSD_ICL/ADSD/solution1/syn/report/p_ADSD_Classifier_cp_4_csynth.xml -f -x 
Execute       report -model __ADSD/Classifier.cp.4 -o C:/Users/mathi/Documents/ADSD_ICL/ADSD/solution1/.autopilot/db/p_ADSD_Classifier_cp_4.verbose.rpt -verbose -f 
Execute       db_write -model __ADSD/Classifier.cp.4 -o C:/Users/mathi/Documents/ADSD_ICL/ADSD/solution1/.autopilot/db/p_ADSD_Classifier_cp_4.adb -f 
Command       db_write done; 0.338 sec.
INFO: [HLS 200-10] ----------------------------------------------------------------
INFO: [HLS 200-10] -- Generating RTL for module 'p_ADSD_Classifier_cp_3' 
INFO: [HLS 200-10] ----------------------------------------------------------------
Execute       get_config_rtl -prefix 
Execute       get_config_rtl -auto_prefix 
Execute       create_rtl_model __ADSD/Classifier.cp.3 -vendor xilinx -mg_file C:/Users/mathi/Documents/ADSD_ICL/ADSD/solution1/.autopilot/db/p_ADSD_Classifier_cp_3.compgen.tcl 
INFO: [RTGEN 206-100] Finished creating RTL model for 'p_ADSD_Classifier_cp_3'.
INFO: [HLS 200-111]  Elapsed time: 0.692 seconds; current allocated memory: 416.966 MB.
Execute       source C:/Users/mathi/Documents/ADSD_ICL/ADSD/solution1/.autopilot/db/classify.rtl_wrap.cfg.tcl 
Execute       gen_rtl __ADSD/Classifier.cp.3 -style xilinx -tracefl mytrace -tracefmt vcd -traceopt all -f -lang sc -o C:/Users/mathi/Documents/ADSD_ICL/ADSD/solution1/syn/systemc/p_ADSD_Classifier_cp_3 -synmodules dataflow_in_loop_Bat.2 dataflow_in_loop_Bat.1.1 load_and_calc_norm compute_class __ADSD/Classifier.cp.4 __ADSD/Classifier.cp.3 __ADSD/Classifier.cp.2 __ADSD/Classifier.cp.1 __ADSD/Classifier.cp dataflow_in_loop_Bat.1 classify 
Execute       gen_rtl __ADSD/Classifier.cp.3 -style xilinx -f -lang vhdl -o C:/Users/mathi/Documents/ADSD_ICL/ADSD/solution1/syn/vhdl/p_ADSD_Classifier_cp_3 
Execute       gen_rtl __ADSD/Classifier.cp.3 -style xilinx -f -lang vlog -o C:/Users/mathi/Documents/ADSD_ICL/ADSD/solution1/syn/verilog/p_ADSD_Classifier_cp_3 
Execute       gen_tb_info __ADSD/Classifier.cp.3 -o C:/Users/mathi/Documents/ADSD_ICL/ADSD/solution1/.autopilot/db/p_ADSD_Classifier_cp_3 -p C:/Users/mathi/Documents/ADSD_ICL/ADSD/solution1/.autopilot/db 
Execute       report -model __ADSD/Classifier.cp.3 -o C:/Users/mathi/Documents/ADSD_ICL/ADSD/solution1/syn/report/p_ADSD_Classifier_cp_3_csynth.rpt -f 
Execute       report -model __ADSD/Classifier.cp.3 -o C:/Users/mathi/Documents/ADSD_ICL/ADSD/solution1/syn/report/p_ADSD_Classifier_cp_3_csynth.xml -f -x 
Execute       report -model __ADSD/Classifier.cp.3 -o C:/Users/mathi/Documents/ADSD_ICL/ADSD/solution1/.autopilot/db/p_ADSD_Classifier_cp_3.verbose.rpt -verbose -f 
Execute       db_write -model __ADSD/Classifier.cp.3 -o C:/Users/mathi/Documents/ADSD_ICL/ADSD/solution1/.autopilot/db/p_ADSD_Classifier_cp_3.adb -f 
Command       db_write done; 0.324 sec.
INFO: [HLS 200-10] ----------------------------------------------------------------
INFO: [HLS 200-10] -- Generating RTL for module 'p_ADSD_Classifier_cp_2' 
INFO: [HLS 200-10] ----------------------------------------------------------------
Execute       get_config_rtl -prefix 
Execute       get_config_rtl -auto_prefix 
Execute       create_rtl_model __ADSD/Classifier.cp.2 -vendor xilinx -mg_file C:/Users/mathi/Documents/ADSD_ICL/ADSD/solution1/.autopilot/db/p_ADSD_Classifier_cp_2.compgen.tcl 
INFO: [RTGEN 206-100] Finished creating RTL model for 'p_ADSD_Classifier_cp_2'.
INFO: [HLS 200-111]  Elapsed time: 0.682 seconds; current allocated memory: 417.087 MB.
Execute       source C:/Users/mathi/Documents/ADSD_ICL/ADSD/solution1/.autopilot/db/classify.rtl_wrap.cfg.tcl 
Execute       gen_rtl __ADSD/Classifier.cp.2 -style xilinx -tracefl mytrace -tracefmt vcd -traceopt all -f -lang sc -o C:/Users/mathi/Documents/ADSD_ICL/ADSD/solution1/syn/systemc/p_ADSD_Classifier_cp_2 -synmodules dataflow_in_loop_Bat.2 dataflow_in_loop_Bat.1.1 load_and_calc_norm compute_class __ADSD/Classifier.cp.4 __ADSD/Classifier.cp.3 __ADSD/Classifier.cp.2 __ADSD/Classifier.cp.1 __ADSD/Classifier.cp dataflow_in_loop_Bat.1 classify 
Execute       gen_rtl __ADSD/Classifier.cp.2 -style xilinx -f -lang vhdl -o C:/Users/mathi/Documents/ADSD_ICL/ADSD/solution1/syn/vhdl/p_ADSD_Classifier_cp_2 
Execute       gen_rtl __ADSD/Classifier.cp.2 -style xilinx -f -lang vlog -o C:/Users/mathi/Documents/ADSD_ICL/ADSD/solution1/syn/verilog/p_ADSD_Classifier_cp_2 
Execute       gen_tb_info __ADSD/Classifier.cp.2 -o C:/Users/mathi/Documents/ADSD_ICL/ADSD/solution1/.autopilot/db/p_ADSD_Classifier_cp_2 -p C:/Users/mathi/Documents/ADSD_ICL/ADSD/solution1/.autopilot/db 
Execute       report -model __ADSD/Classifier.cp.2 -o C:/Users/mathi/Documents/ADSD_ICL/ADSD/solution1/syn/report/p_ADSD_Classifier_cp_2_csynth.rpt -f 
Execute       report -model __ADSD/Classifier.cp.2 -o C:/Users/mathi/Documents/ADSD_ICL/ADSD/solution1/syn/report/p_ADSD_Classifier_cp_2_csynth.xml -f -x 
Execute       report -model __ADSD/Classifier.cp.2 -o C:/Users/mathi/Documents/ADSD_ICL/ADSD/solution1/.autopilot/db/p_ADSD_Classifier_cp_2.verbose.rpt -verbose -f 
Execute       db_write -model __ADSD/Classifier.cp.2 -o C:/Users/mathi/Documents/ADSD_ICL/ADSD/solution1/.autopilot/db/p_ADSD_Classifier_cp_2.adb -f 
Command       db_write done; 0.364 sec.
INFO: [HLS 200-10] ----------------------------------------------------------------
INFO: [HLS 200-10] -- Generating RTL for module 'p_ADSD_Classifier_cp_1' 
INFO: [HLS 200-10] ----------------------------------------------------------------
Execute       get_config_rtl -prefix 
Execute       get_config_rtl -auto_prefix 
Execute       create_rtl_model __ADSD/Classifier.cp.1 -vendor xilinx -mg_file C:/Users/mathi/Documents/ADSD_ICL/ADSD/solution1/.autopilot/db/p_ADSD_Classifier_cp_1.compgen.tcl 
INFO: [RTGEN 206-100] Finished creating RTL model for 'p_ADSD_Classifier_cp_1'.
INFO: [HLS 200-111]  Elapsed time: 0.737 seconds; current allocated memory: 417.191 MB.
Execute       source C:/Users/mathi/Documents/ADSD_ICL/ADSD/solution1/.autopilot/db/classify.rtl_wrap.cfg.tcl 
Execute       gen_rtl __ADSD/Classifier.cp.1 -style xilinx -tracefl mytrace -tracefmt vcd -traceopt all -f -lang sc -o C:/Users/mathi/Documents/ADSD_ICL/ADSD/solution1/syn/systemc/p_ADSD_Classifier_cp_1 -synmodules dataflow_in_loop_Bat.2 dataflow_in_loop_Bat.1.1 load_and_calc_norm compute_class __ADSD/Classifier.cp.4 __ADSD/Classifier.cp.3 __ADSD/Classifier.cp.2 __ADSD/Classifier.cp.1 __ADSD/Classifier.cp dataflow_in_loop_Bat.1 classify 
Execute       gen_rtl __ADSD/Classifier.cp.1 -style xilinx -f -lang vhdl -o C:/Users/mathi/Documents/ADSD_ICL/ADSD/solution1/syn/vhdl/p_ADSD_Classifier_cp_1 
Execute       gen_rtl __ADSD/Classifier.cp.1 -style xilinx -f -lang vlog -o C:/Users/mathi/Documents/ADSD_ICL/ADSD/solution1/syn/verilog/p_ADSD_Classifier_cp_1 
Execute       gen_tb_info __ADSD/Classifier.cp.1 -o C:/Users/mathi/Documents/ADSD_ICL/ADSD/solution1/.autopilot/db/p_ADSD_Classifier_cp_1 -p C:/Users/mathi/Documents/ADSD_ICL/ADSD/solution1/.autopilot/db 
Execute       report -model __ADSD/Classifier.cp.1 -o C:/Users/mathi/Documents/ADSD_ICL/ADSD/solution1/syn/report/p_ADSD_Classifier_cp_1_csynth.rpt -f 
Execute       report -model __ADSD/Classifier.cp.1 -o C:/Users/mathi/Documents/ADSD_ICL/ADSD/solution1/syn/report/p_ADSD_Classifier_cp_1_csynth.xml -f -x 
Execute       report -model __ADSD/Classifier.cp.1 -o C:/Users/mathi/Documents/ADSD_ICL/ADSD/solution1/.autopilot/db/p_ADSD_Classifier_cp_1.verbose.rpt -verbose -f 
Execute       db_write -model __ADSD/Classifier.cp.1 -o C:/Users/mathi/Documents/ADSD_ICL/ADSD/solution1/.autopilot/db/p_ADSD_Classifier_cp_1.adb -f 
Command       db_write done; 0.275 sec.
INFO: [HLS 200-10] ----------------------------------------------------------------
INFO: [HLS 200-10] -- Generating RTL for module 'p_ADSD_Classifier_cp' 
INFO: [HLS 200-10] ----------------------------------------------------------------
Execute       get_config_rtl -prefix 
Execute       get_config_rtl -auto_prefix 
Execute       create_rtl_model __ADSD/Classifier.cp -vendor xilinx -mg_file C:/Users/mathi/Documents/ADSD_ICL/ADSD/solution1/.autopilot/db/p_ADSD_Classifier_cp.compgen.tcl 
INFO: [RTGEN 206-100] Finished creating RTL model for 'p_ADSD_Classifier_cp'.
INFO: [HLS 200-111]  Elapsed time: 0.623 seconds; current allocated memory: 417.334 MB.
Execute       source C:/Users/mathi/Documents/ADSD_ICL/ADSD/solution1/.autopilot/db/classify.rtl_wrap.cfg.tcl 
Execute       gen_rtl __ADSD/Classifier.cp -style xilinx -tracefl mytrace -tracefmt vcd -traceopt all -f -lang sc -o C:/Users/mathi/Documents/ADSD_ICL/ADSD/solution1/syn/systemc/p_ADSD_Classifier_cp -synmodules dataflow_in_loop_Bat.2 dataflow_in_loop_Bat.1.1 load_and_calc_norm compute_class __ADSD/Classifier.cp.4 __ADSD/Classifier.cp.3 __ADSD/Classifier.cp.2 __ADSD/Classifier.cp.1 __ADSD/Classifier.cp dataflow_in_loop_Bat.1 classify 
Execute       gen_rtl __ADSD/Classifier.cp -style xilinx -f -lang vhdl -o C:/Users/mathi/Documents/ADSD_ICL/ADSD/solution1/syn/vhdl/p_ADSD_Classifier_cp 
Execute       gen_rtl __ADSD/Classifier.cp -style xilinx -f -lang vlog -o C:/Users/mathi/Documents/ADSD_ICL/ADSD/solution1/syn/verilog/p_ADSD_Classifier_cp 
Execute       gen_tb_info __ADSD/Classifier.cp -o C:/Users/mathi/Documents/ADSD_ICL/ADSD/solution1/.autopilot/db/p_ADSD_Classifier_cp -p C:/Users/mathi/Documents/ADSD_ICL/ADSD/solution1/.autopilot/db 
Execute       report -model __ADSD/Classifier.cp -o C:/Users/mathi/Documents/ADSD_ICL/ADSD/solution1/syn/report/p_ADSD_Classifier_cp_csynth.rpt -f 
Execute       report -model __ADSD/Classifier.cp -o C:/Users/mathi/Documents/ADSD_ICL/ADSD/solution1/syn/report/p_ADSD_Classifier_cp_csynth.xml -f -x 
Execute       report -model __ADSD/Classifier.cp -o C:/Users/mathi/Documents/ADSD_ICL/ADSD/solution1/.autopilot/db/p_ADSD_Classifier_cp.verbose.rpt -verbose -f 
Execute       db_write -model __ADSD/Classifier.cp -o C:/Users/mathi/Documents/ADSD_ICL/ADSD/solution1/.autopilot/db/p_ADSD_Classifier_cp.adb -f 
Command       db_write done; 0.275 sec.
INFO: [HLS 200-10] ----------------------------------------------------------------
INFO: [HLS 200-10] -- Generating RTL for module 'dataflow_in_loop_Bat_1' 
INFO: [HLS 200-10] ----------------------------------------------------------------
Execute       get_config_rtl -prefix 
Execute       get_config_rtl -auto_prefix 
Execute       create_rtl_model dataflow_in_loop_Bat.1 -vendor xilinx -mg_file C:/Users/mathi/Documents/ADSD_ICL/ADSD/solution1/.autopilot/db/dataflow_in_loop_Bat_1.compgen.tcl 
INFO: [SYN 201-210] Renamed object name 'dataflow_in_loop_Bat_1_x_local_0_V' to 'dataflow_in_loop_0iy' due to the length limit 20
INFO: [SYN 201-210] Renamed object name 'dataflow_in_loop_Bat_1_x_local_1_V' to 'dataflow_in_loop_1iI' due to the length limit 20
INFO: [SYN 201-210] Renamed object name 'dataflow_in_loop_Bat_1_x_local_2_V' to 'dataflow_in_loop_2iS' due to the length limit 20
INFO: [SYN 201-210] Renamed object name 'dataflow_in_loop_Bat_1_x_local_3_V' to 'dataflow_in_loop_3i2' due to the length limit 20
INFO: [SYN 201-210] Renamed object name 'dataflow_in_loop_Bat_1_x_local_4_V' to 'dataflow_in_loop_4jc' due to the length limit 20
INFO: [SYN 201-210] Renamed object name 'dataflow_in_loop_Bat_1_x_local_5_V' to 'dataflow_in_loop_5jm' due to the length limit 20
INFO: [SYN 201-210] Renamed object name 'dataflow_in_loop_Bat_1_x_local_6_V' to 'dataflow_in_loop_6jw' due to the length limit 20
INFO: [SYN 201-210] Renamed object name 'dataflow_in_loop_Bat_1_x_local_7_V' to 'dataflow_in_loop_7jG' due to the length limit 20
INFO: [SYN 201-210] Renamed object name 'dataflow_in_loop_Bat_1_x_local_8_V' to 'dataflow_in_loop_8jQ' due to the length limit 20
INFO: [SYN 201-210] Renamed object name 'dataflow_in_loop_Bat_1_x_local_9_V' to 'dataflow_in_loop_9j0' due to the length limit 20
INFO: [SYN 201-210] Renamed object name 'dataflow_in_loop_Bat_1_x_local_10_V' to 'dataflow_in_loop_bak' due to the length limit 20
INFO: [SYN 201-210] Renamed object name 'dataflow_in_loop_Bat_1_x_local_11_V' to 'dataflow_in_loop_bbk' due to the length limit 20
INFO: [SYN 201-210] Renamed object name 'dataflow_in_loop_Bat_1_x_local_12_V' to 'dataflow_in_loop_bck' due to the length limit 20
INFO: [SYN 201-210] Renamed object name 'dataflow_in_loop_Bat_1_x_local_13_V' to 'dataflow_in_loop_bdk' due to the length limit 20
INFO: [SYN 201-210] Renamed object name 'dataflow_in_loop_Bat_1_x_local_14_V' to 'dataflow_in_loop_bek' due to the length limit 20
INFO: [SYN 201-210] Renamed object name 'dataflow_in_loop_Bat_1_x_local_15_V' to 'dataflow_in_loop_bfk' due to the length limit 20
INFO: [SYN 201-210] Renamed object name 'start_for_dataflow_in_loop_Bat_1_1_U0' to 'start_for_dataflobgk' due to the length limit 20
INFO: [SYN 201-210] Renamed object name 'start_for_p_ADSD_Classifier_cp_1_U0' to 'start_for_p_ADSD_bhl' due to the length limit 20
INFO: [RTGEN 206-100] Finished creating RTL model for 'dataflow_in_loop_Bat_1'.
Command       create_rtl_model done; 1.424 sec.
INFO: [HLS 200-111]  Elapsed time: 2.013 seconds; current allocated memory: 419.622 MB.
Execute       source C:/Users/mathi/Documents/ADSD_ICL/ADSD/solution1/.autopilot/db/classify.rtl_wrap.cfg.tcl 
Execute       gen_rtl dataflow_in_loop_Bat.1 -style xilinx -tracefl mytrace -tracefmt vcd -traceopt all -f -lang sc -o C:/Users/mathi/Documents/ADSD_ICL/ADSD/solution1/syn/systemc/dataflow_in_loop_Bat_1 -synmodules dataflow_in_loop_Bat.2 dataflow_in_loop_Bat.1.1 load_and_calc_norm compute_class __ADSD/Classifier.cp.4 __ADSD/Classifier.cp.3 __ADSD/Classifier.cp.2 __ADSD/Classifier.cp.1 __ADSD/Classifier.cp dataflow_in_loop_Bat.1 classify 
Execute       gen_rtl dataflow_in_loop_Bat.1 -style xilinx -f -lang vhdl -o C:/Users/mathi/Documents/ADSD_ICL/ADSD/solution1/syn/vhdl/dataflow_in_loop_Bat_1 
Execute       gen_rtl dataflow_in_loop_Bat.1 -style xilinx -f -lang vlog -o C:/Users/mathi/Documents/ADSD_ICL/ADSD/solution1/syn/verilog/dataflow_in_loop_Bat_1 
Execute       gen_tb_info dataflow_in_loop_Bat.1 -o C:/Users/mathi/Documents/ADSD_ICL/ADSD/solution1/.autopilot/db/dataflow_in_loop_Bat_1 -p C:/Users/mathi/Documents/ADSD_ICL/ADSD/solution1/.autopilot/db 
Execute       report -model dataflow_in_loop_Bat.1 -o C:/Users/mathi/Documents/ADSD_ICL/ADSD/solution1/syn/report/dataflow_in_loop_Bat_1_csynth.rpt -f 
Execute       report -model dataflow_in_loop_Bat.1 -o C:/Users/mathi/Documents/ADSD_ICL/ADSD/solution1/syn/report/dataflow_in_loop_Bat_1_csynth.xml -f -x 
Execute       report -model dataflow_in_loop_Bat.1 -o C:/Users/mathi/Documents/ADSD_ICL/ADSD/solution1/.autopilot/db/dataflow_in_loop_Bat_1.verbose.rpt -verbose -f 
Command       report done; 0.848 sec.
Execute       db_write -model dataflow_in_loop_Bat.1 -o C:/Users/mathi/Documents/ADSD_ICL/ADSD/solution1/.autopilot/db/dataflow_in_loop_Bat_1.adb -f 
Command       db_write done; 0.411 sec.
INFO: [HLS 200-10] ----------------------------------------------------------------
INFO: [HLS 200-10] -- Generating RTL for module 'classify' 
INFO: [HLS 200-10] ----------------------------------------------------------------
Execute       get_config_rtl -prefix 
Execute       get_config_rtl -auto_prefix 
Execute       create_rtl_model classify -vendor xilinx -mg_file C:/Users/mathi/Documents/ADSD_ICL/ADSD/solution1/.autopilot/db/classify.compgen.tcl 
INFO: [RTGEN 206-500] Setting interface mode on port 'classify/in_stream_V_data_V' to 'axis' (register, both mode).
INFO: [RTGEN 206-500] Setting interface mode on port 'classify/in_stream_V_keep_V' to 'axis' (register, both mode).
INFO: [RTGEN 206-500] Setting interface mode on port 'classify/in_stream_V_strb_V' to 'axis' (register, both mode).
INFO: [RTGEN 206-500] Setting interface mode on port 'classify/in_stream_V_user_V' to 'axis' (register, both mode).
INFO: [RTGEN 206-500] Setting interface mode on port 'classify/in_stream_V_last_V' to 'axis' (register, both mode).
INFO: [RTGEN 206-500] Setting interface mode on port 'classify/in_stream_V_id_V' to 'axis' (register, both mode).
INFO: [RTGEN 206-500] Setting interface mode on port 'classify/in_stream_V_dest_V' to 'axis' (register, both mode).
INFO: [RTGEN 206-500] Setting interface mode on port 'classify/out_stream_V_data_V' to 'axis' (register, both mode).
INFO: [RTGEN 206-500] Setting interface mode on port 'classify/out_stream_V_keep_V' to 'axis' (register, both mode).
INFO: [RTGEN 206-500] Setting interface mode on port 'classify/out_stream_V_strb_V' to 'axis' (register, both mode).
INFO: [RTGEN 206-500] Setting interface mode on port 'classify/out_stream_V_last_V' to 'axis' (register, both mode).
INFO: [RTGEN 206-500] Setting interface mode on port 'classify/num_images' to 's_axilite & ap_none'.
INFO: [RTGEN 206-500] Setting interface mode on function 'classify' to 's_axilite & ap_ctrl_hs'.
INFO: [RTGEN 206-100] Bundling port 'return' to AXI-Lite port control.
INFO: [RTGEN 206-100] Finished creating RTL model for 'classify'.
Command       create_rtl_model done; 0.836 sec.
INFO: [HLS 200-111]  Elapsed time: 2.587 seconds; current allocated memory: 420.668 MB.
Execute       source C:/Users/mathi/Documents/ADSD_ICL/ADSD/solution1/.autopilot/db/classify.rtl_wrap.cfg.tcl 
Execute       gen_rtl classify -istop -style xilinx -tracefl mytrace -tracefmt vcd -traceopt all -f -lang sc -o C:/Users/mathi/Documents/ADSD_ICL/ADSD/solution1/syn/systemc/classify -synmodules dataflow_in_loop_Bat.2 dataflow_in_loop_Bat.1.1 load_and_calc_norm compute_class __ADSD/Classifier.cp.4 __ADSD/Classifier.cp.3 __ADSD/Classifier.cp.2 __ADSD/Classifier.cp.1 __ADSD/Classifier.cp dataflow_in_loop_Bat.1 classify 
Execute       gen_rtl classify -istop -style xilinx -f -lang vhdl -o C:/Users/mathi/Documents/ADSD_ICL/ADSD/solution1/syn/vhdl/classify 
Execute       gen_rtl classify -istop -style xilinx -f -lang vlog -o C:/Users/mathi/Documents/ADSD_ICL/ADSD/solution1/syn/verilog/classify 
Execute       export_constraint_db -o C:/Users/mathi/Documents/ADSD_ICL/ADSD/solution1/.autopilot/db/classify.constraint.tcl -f -tool general 
Execute       report -model classify -o C:/Users/mathi/Documents/ADSD_ICL/ADSD/solution1/.autopilot/db/classify.design.xml -verbose -f -dv 
Command       report done; 0.801 sec.
Execute       report -model classify -o C:/Users/mathi/Documents/ADSD_ICL/ADSD/solution1/.autopilot/db/classify.sdaccel.xml -verbose -f -sdaccel 
Execute       gen_tb_info classify -o C:/Users/mathi/Documents/ADSD_ICL/ADSD/solution1/.autopilot/db/classify -p C:/Users/mathi/Documents/ADSD_ICL/ADSD/solution1/.autopilot/db 
Execute       report -model classify -o C:/Users/mathi/Documents/ADSD_ICL/ADSD/solution1/syn/report/classify_csynth.rpt -f 
Execute       report -model classify -o C:/Users/mathi/Documents/ADSD_ICL/ADSD/solution1/syn/report/classify_csynth.xml -f -x 
Execute       report -model classify -o C:/Users/mathi/Documents/ADSD_ICL/ADSD/solution1/.autopilot/db/classify.verbose.rpt -verbose -f 
Command       report done; 0.857 sec.
Execute       db_write -model classify -o C:/Users/mathi/Documents/ADSD_ICL/ADSD/solution1/.autopilot/db/classify.adb -f 
Command       db_write done; 0.355 sec.
Execute       sc_get_clocks classify 
Execute       sc_get_portdomain classify 
INFO-FLOW: Model list for RTL component generation: dataflow_in_loop_Bat.2 dataflow_in_loop_Bat.1.1 load_and_calc_norm compute_class __ADSD/Classifier.cp.4 __ADSD/Classifier.cp.3 __ADSD/Classifier.cp.2 __ADSD/Classifier.cp.1 __ADSD/Classifier.cp dataflow_in_loop_Bat.1 classify
INFO-FLOW: Handling components in module [dataflow_in_loop_Bat_2] ... 
Execute       source C:/Users/mathi/Documents/ADSD_ICL/ADSD/solution1/.autopilot/db/dataflow_in_loop_Bat_2.compgen.tcl 
INFO-FLOW: Handling components in module [dataflow_in_loop_Bat_1_1] ... 
Execute       source C:/Users/mathi/Documents/ADSD_ICL/ADSD/solution1/.autopilot/db/dataflow_in_loop_Bat_1_1.compgen.tcl 
INFO-FLOW: Handling components in module [load_and_calc_norm] ... 
Execute       source C:/Users/mathi/Documents/ADSD_ICL/ADSD/solution1/.autopilot/db/load_and_calc_norm.compgen.tcl 
INFO-FLOW: Handling components in module [compute_class] ... 
Execute       source C:/Users/mathi/Documents/ADSD_ICL/ADSD/solution1/.autopilot/db/compute_class.compgen.tcl 
INFO-FLOW: Found component classify_mux_164_Xh4.
INFO-FLOW: Append model classify_mux_164_Xh4
INFO-FLOW: Found component classify_mux_164_Yie.
INFO-FLOW: Append model classify_mux_164_Yie
INFO-FLOW: Found component classify_mul_mul_Zio.
INFO-FLOW: Append model classify_mul_mul_Zio
INFO-FLOW: Found component compute_class_svsbkb.
INFO-FLOW: Append model compute_class_svsbkb
INFO-FLOW: Found component compute_class_svscud.
INFO-FLOW: Append model compute_class_svscud
INFO-FLOW: Found component compute_class_svsdEe.
INFO-FLOW: Append model compute_class_svsdEe
INFO-FLOW: Found component compute_class_svseOg.
INFO-FLOW: Append model compute_class_svseOg
INFO-FLOW: Found component compute_class_svsfYi.
INFO-FLOW: Append model compute_class_svsfYi
INFO-FLOW: Found component compute_class_svsg8j.
INFO-FLOW: Append model compute_class_svsg8j
INFO-FLOW: Found component compute_class_svshbi.
INFO-FLOW: Append model compute_class_svshbi
INFO-FLOW: Found component compute_class_svsibs.
INFO-FLOW: Append model compute_class_svsibs
INFO-FLOW: Found component compute_class_svsjbC.
INFO-FLOW: Append model compute_class_svsjbC
INFO-FLOW: Found component compute_class_svskbM.
INFO-FLOW: Append model compute_class_svskbM
INFO-FLOW: Found component compute_class_svslbW.
INFO-FLOW: Append model compute_class_svslbW
INFO-FLOW: Found component compute_class_svsmb6.
INFO-FLOW: Append model compute_class_svsmb6
INFO-FLOW: Found component compute_class_svsncg.
INFO-FLOW: Append model compute_class_svsncg
INFO-FLOW: Found component compute_class_svsocq.
INFO-FLOW: Append model compute_class_svsocq
INFO-FLOW: Found component compute_class_svspcA.
INFO-FLOW: Append model compute_class_svspcA
INFO-FLOW: Found component compute_class_svsqcK.
INFO-FLOW: Append model compute_class_svsqcK
INFO-FLOW: Found component compute_class_alprcU.
INFO-FLOW: Append model compute_class_alprcU
INFO-FLOW: Found component compute_class_alpsc4.
INFO-FLOW: Append model compute_class_alpsc4
INFO-FLOW: Found component compute_class_alptde.
INFO-FLOW: Append model compute_class_alptde
INFO-FLOW: Found component compute_class_alpudo.
INFO-FLOW: Append model compute_class_alpudo
INFO-FLOW: Found component compute_class_alpvdy.
INFO-FLOW: Append model compute_class_alpvdy
INFO-FLOW: Found component compute_class_alpwdI.
INFO-FLOW: Append model compute_class_alpwdI
INFO-FLOW: Found component compute_class_alpxdS.
INFO-FLOW: Append model compute_class_alpxdS
INFO-FLOW: Found component compute_class_alpyd2.
INFO-FLOW: Append model compute_class_alpyd2
INFO-FLOW: Found component compute_class_alpzec.
INFO-FLOW: Append model compute_class_alpzec
INFO-FLOW: Found component compute_class_alpAem.
INFO-FLOW: Append model compute_class_alpAem
INFO-FLOW: Found component compute_class_alpBew.
INFO-FLOW: Append model compute_class_alpBew
INFO-FLOW: Found component compute_class_alpCeG.
INFO-FLOW: Append model compute_class_alpCeG
INFO-FLOW: Found component compute_class_alpDeQ.
INFO-FLOW: Append model compute_class_alpDeQ
INFO-FLOW: Found component compute_class_alpEe0.
INFO-FLOW: Append model compute_class_alpEe0
INFO-FLOW: Found component compute_class_alpFfa.
INFO-FLOW: Append model compute_class_alpFfa
INFO-FLOW: Found component compute_class_alpGfk.
INFO-FLOW: Append model compute_class_alpGfk
INFO-FLOW: Found component compute_class_sv_Hfu.
INFO-FLOW: Append model compute_class_sv_Hfu
INFO-FLOW: Found component compute_class_sv_IfE.
INFO-FLOW: Append model compute_class_sv_IfE
INFO-FLOW: Found component compute_class_sv_JfO.
INFO-FLOW: Append model compute_class_sv_JfO
INFO-FLOW: Found component compute_class_sv_KfY.
INFO-FLOW: Append model compute_class_sv_KfY
INFO-FLOW: Found component compute_class_sv_Lf8.
INFO-FLOW: Append model compute_class_sv_Lf8
INFO-FLOW: Found component compute_class_sv_Mgi.
INFO-FLOW: Append model compute_class_sv_Mgi
INFO-FLOW: Found component compute_class_sv_Ngs.
INFO-FLOW: Append model compute_class_sv_Ngs
INFO-FLOW: Found component compute_class_sv_OgC.
INFO-FLOW: Append model compute_class_sv_OgC
INFO-FLOW: Found component compute_class_sv_PgM.
INFO-FLOW: Append model compute_class_sv_PgM
INFO-FLOW: Found component compute_class_sv_QgW.
INFO-FLOW: Append model compute_class_sv_QgW
INFO-FLOW: Found component compute_class_sv_Rg6.
INFO-FLOW: Append model compute_class_sv_Rg6
INFO-FLOW: Found component compute_class_sv_Shg.
INFO-FLOW: Append model compute_class_sv_Shg
INFO-FLOW: Found component compute_class_sv_Thq.
INFO-FLOW: Append model compute_class_sv_Thq
INFO-FLOW: Found component compute_class_sv_UhA.
INFO-FLOW: Append model compute_class_sv_UhA
INFO-FLOW: Found component compute_class_sv_VhK.
INFO-FLOW: Append model compute_class_sv_VhK
INFO-FLOW: Found component compute_class_sv_WhU.
INFO-FLOW: Append model compute_class_sv_WhU
INFO-FLOW: Handling components in module [p_ADSD_Classifier_cp_4] ... 
Execute       source C:/Users/mathi/Documents/ADSD_ICL/ADSD/solution1/.autopilot/db/p_ADSD_Classifier_cp_4.compgen.tcl 
INFO-FLOW: Handling components in module [p_ADSD_Classifier_cp_3] ... 
Execute       source C:/Users/mathi/Documents/ADSD_ICL/ADSD/solution1/.autopilot/db/p_ADSD_Classifier_cp_3.compgen.tcl 
INFO-FLOW: Handling components in module [p_ADSD_Classifier_cp_2] ... 
Execute       source C:/Users/mathi/Documents/ADSD_ICL/ADSD/solution1/.autopilot/db/p_ADSD_Classifier_cp_2.compgen.tcl 
INFO-FLOW: Handling components in module [p_ADSD_Classifier_cp_1] ... 
Execute       source C:/Users/mathi/Documents/ADSD_ICL/ADSD/solution1/.autopilot/db/p_ADSD_Classifier_cp_1.compgen.tcl 
INFO-FLOW: Handling components in module [p_ADSD_Classifier_cp] ... 
Execute       source C:/Users/mathi/Documents/ADSD_ICL/ADSD/solution1/.autopilot/db/p_ADSD_Classifier_cp.compgen.tcl 
INFO-FLOW: Handling components in module [dataflow_in_loop_Bat_1] ... 
Execute       source C:/Users/mathi/Documents/ADSD_ICL/ADSD/solution1/.autopilot/db/dataflow_in_loop_Bat_1.compgen.tcl 
INFO-FLOW: Found component fifo_w12_d2_A.
INFO-FLOW: Append model fifo_w12_d2_A
INFO-FLOW: Found component fifo_w12_d2_A.
INFO-FLOW: Append model fifo_w12_d2_A
INFO-FLOW: Found component fifo_w24_d2_A.
INFO-FLOW: Append model fifo_w24_d2_A
INFO-FLOW: Found component fifo_w32_d2_A.
INFO-FLOW: Append model fifo_w32_d2_A
INFO-FLOW: Found component fifo_w32_d2_A.
INFO-FLOW: Append model fifo_w32_d2_A
INFO-FLOW: Found component fifo_w1_d2_A.
INFO-FLOW: Append model fifo_w1_d2_A
INFO-FLOW: Found component fifo_w1_d2_A.
INFO-FLOW: Append model fifo_w1_d2_A
INFO-FLOW: Found component fifo_w1_d2_A.
INFO-FLOW: Append model fifo_w1_d2_A
INFO-FLOW: Found component start_for_dataflobgk.
INFO-FLOW: Append model start_for_dataflobgk
INFO-FLOW: Found component start_for_p_ADSD_bhl.
INFO-FLOW: Append model start_for_p_ADSD_bhl
INFO-FLOW: Handling components in module [classify] ... 
Execute       source C:/Users/mathi/Documents/ADSD_ICL/ADSD/solution1/.autopilot/db/classify.compgen.tcl 
INFO-FLOW: Found component classify_control_s_axi.
INFO-FLOW: Append model classify_control_s_axi
INFO-FLOW: Append model dataflow_in_loop_Bat_2
INFO-FLOW: Append model dataflow_in_loop_Bat_1_1
INFO-FLOW: Append model load_and_calc_norm
INFO-FLOW: Append model compute_class
INFO-FLOW: Append model p_ADSD_Classifier_cp_4
INFO-FLOW: Append model p_ADSD_Classifier_cp_3
INFO-FLOW: Append model p_ADSD_Classifier_cp_2
INFO-FLOW: Append model p_ADSD_Classifier_cp_1
INFO-FLOW: Append model p_ADSD_Classifier_cp
INFO-FLOW: Append model dataflow_in_loop_Bat_1
INFO-FLOW: Append model classify
INFO-FLOW: Generating RTL model list ...
INFO-FLOW: All models in this session: classify_mux_164_Xh4 classify_mux_164_Yie classify_mul_mul_Zio compute_class_svsbkb compute_class_svscud compute_class_svsdEe compute_class_svseOg compute_class_svsfYi compute_class_svsg8j compute_class_svshbi compute_class_svsibs compute_class_svsjbC compute_class_svskbM compute_class_svslbW compute_class_svsmb6 compute_class_svsncg compute_class_svsocq compute_class_svspcA compute_class_svsqcK compute_class_alprcU compute_class_alpsc4 compute_class_alptde compute_class_alpudo compute_class_alpvdy compute_class_alpwdI compute_class_alpxdS compute_class_alpyd2 compute_class_alpzec compute_class_alpAem compute_class_alpBew compute_class_alpCeG compute_class_alpDeQ compute_class_alpEe0 compute_class_alpFfa compute_class_alpGfk compute_class_sv_Hfu compute_class_sv_IfE compute_class_sv_JfO compute_class_sv_KfY compute_class_sv_Lf8 compute_class_sv_Mgi compute_class_sv_Ngs compute_class_sv_OgC compute_class_sv_PgM compute_class_sv_QgW compute_class_sv_Rg6 compute_class_sv_Shg compute_class_sv_Thq compute_class_sv_UhA compute_class_sv_VhK compute_class_sv_WhU fifo_w12_d2_A fifo_w12_d2_A fifo_w24_d2_A fifo_w32_d2_A fifo_w32_d2_A fifo_w1_d2_A fifo_w1_d2_A fifo_w1_d2_A start_for_dataflobgk start_for_p_ADSD_bhl classify_control_s_axi dataflow_in_loop_Bat_2 dataflow_in_loop_Bat_1_1 load_and_calc_norm compute_class p_ADSD_Classifier_cp_4 p_ADSD_Classifier_cp_3 p_ADSD_Classifier_cp_2 p_ADSD_Classifier_cp_1 p_ADSD_Classifier_cp dataflow_in_loop_Bat_1 classify
INFO-FLOW: To file: write model classify_mux_164_Xh4
INFO-FLOW: To file: write model classify_mux_164_Yie
INFO-FLOW: To file: write model classify_mul_mul_Zio
INFO-FLOW: To file: write model compute_class_svsbkb
INFO-FLOW: To file: write model compute_class_svscud
INFO-FLOW: To file: write model compute_class_svsdEe
INFO-FLOW: To file: write model compute_class_svseOg
INFO-FLOW: To file: write model compute_class_svsfYi
INFO-FLOW: To file: write model compute_class_svsg8j
INFO-FLOW: To file: write model compute_class_svshbi
INFO-FLOW: To file: write model compute_class_svsibs
INFO-FLOW: To file: write model compute_class_svsjbC
INFO-FLOW: To file: write model compute_class_svskbM
INFO-FLOW: To file: write model compute_class_svslbW
INFO-FLOW: To file: write model compute_class_svsmb6
INFO-FLOW: To file: write model compute_class_svsncg
INFO-FLOW: To file: write model compute_class_svsocq
INFO-FLOW: To file: write model compute_class_svspcA
INFO-FLOW: To file: write model compute_class_svsqcK
INFO-FLOW: To file: write model compute_class_alprcU
INFO-FLOW: To file: write model compute_class_alpsc4
INFO-FLOW: To file: write model compute_class_alptde
INFO-FLOW: To file: write model compute_class_alpudo
INFO-FLOW: To file: write model compute_class_alpvdy
INFO-FLOW: To file: write model compute_class_alpwdI
INFO-FLOW: To file: write model compute_class_alpxdS
INFO-FLOW: To file: write model compute_class_alpyd2
INFO-FLOW: To file: write model compute_class_alpzec
INFO-FLOW: To file: write model compute_class_alpAem
INFO-FLOW: To file: write model compute_class_alpBew
INFO-FLOW: To file: write model compute_class_alpCeG
INFO-FLOW: To file: write model compute_class_alpDeQ
INFO-FLOW: To file: write model compute_class_alpEe0
INFO-FLOW: To file: write model compute_class_alpFfa
INFO-FLOW: To file: write model compute_class_alpGfk
INFO-FLOW: To file: write model compute_class_sv_Hfu
INFO-FLOW: To file: write model compute_class_sv_IfE
INFO-FLOW: To file: write model compute_class_sv_JfO
INFO-FLOW: To file: write model compute_class_sv_KfY
INFO-FLOW: To file: write model compute_class_sv_Lf8
INFO-FLOW: To file: write model compute_class_sv_Mgi
INFO-FLOW: To file: write model compute_class_sv_Ngs
INFO-FLOW: To file: write model compute_class_sv_OgC
INFO-FLOW: To file: write model compute_class_sv_PgM
INFO-FLOW: To file: write model compute_class_sv_QgW
INFO-FLOW: To file: write model compute_class_sv_Rg6
INFO-FLOW: To file: write model compute_class_sv_Shg
INFO-FLOW: To file: write model compute_class_sv_Thq
INFO-FLOW: To file: write model compute_class_sv_UhA
INFO-FLOW: To file: write model compute_class_sv_VhK
INFO-FLOW: To file: write model compute_class_sv_WhU
INFO-FLOW: To file: write model fifo_w12_d2_A
INFO-FLOW: To file: write model fifo_w12_d2_A
INFO-FLOW: To file: write model fifo_w24_d2_A
INFO-FLOW: To file: write model fifo_w32_d2_A
INFO-FLOW: To file: write model fifo_w32_d2_A
INFO-FLOW: To file: write model fifo_w1_d2_A
INFO-FLOW: To file: write model fifo_w1_d2_A
INFO-FLOW: To file: write model fifo_w1_d2_A
INFO-FLOW: To file: write model start_for_dataflobgk
INFO-FLOW: To file: write model start_for_p_ADSD_bhl
INFO-FLOW: To file: write model classify_control_s_axi
INFO-FLOW: To file: write model dataflow_in_loop_Bat_2
INFO-FLOW: To file: write model dataflow_in_loop_Bat_1_1
INFO-FLOW: To file: write model load_and_calc_norm
INFO-FLOW: To file: write model compute_class
INFO-FLOW: To file: write model p_ADSD_Classifier_cp_4
INFO-FLOW: To file: write model p_ADSD_Classifier_cp_3
INFO-FLOW: To file: write model p_ADSD_Classifier_cp_2
INFO-FLOW: To file: write model p_ADSD_Classifier_cp_1
INFO-FLOW: To file: write model p_ADSD_Classifier_cp
INFO-FLOW: To file: write model dataflow_in_loop_Bat_1
INFO-FLOW: To file: write model classify
INFO-FLOW: Finished generating RTL model list.


INFO-FLOW: RTL Generation done.
INFO-FLOW: CAS Generation done.
INFO-FLOW: CBC Generation done.
Execute       get_config_sdx -target 
Execute       source C:/Users/mathi/Documents/ADSD_ICL/ADSD/solution1/.autopilot/db/global.setting.tcl 
Execute       source C:/Xilinx/Vivado/2018.2/common/technology/generic/autopilot/common.gen 
Execute         source C:/Xilinx/Vivado/2018.2/common/technology/generic/autopilot/APCoreGen.gen 
Execute       source C:/Xilinx/Vivado/2018.2/common/technology/generic/autopilot/op.gen 
Execute       source C:/Xilinx/Vivado/2018.2/common/technology/generic/autopilot/op_simcore.gen 
Execute       source C:/Xilinx/Vivado/2018.2/common/technology/generic/autopilot/interface.gen 
Execute       source C:/Users/mathi/Documents/ADSD_ICL/ADSD/solution1/.autopilot/db/global.setting.tcl 
Execute       source C:/Xilinx/Vivado/2018.2/common/technology/xilinx/zynq/zynq.gen 
Execute         source C:/Xilinx/Vivado/2018.2/common/technology/xilinx/common/virtex.gen 
Execute           source C:/Xilinx/Vivado/2018.2/common/technology/xilinx/common/xilinx.gen 
Execute             source C:/Xilinx/Vivado/2018.2/common/technology/xilinx/interface/plb46.gen 
Execute             source C:/Xilinx/Vivado/2018.2/common/technology/xilinx/interface/fsl.gen 
Execute             source C:/Xilinx/Vivado/2018.2/common/technology/xilinx/interface/axi4.gen 
Execute             source C:/Xilinx/Vivado/2018.2/common/technology/xilinx/interface/nativeAXI4.gen 
Execute               source C:/Xilinx/Vivado/2018.2/common/technology/xilinx/interface/saxilite.gen 
Execute               source C:/Xilinx/Vivado/2018.2/common/technology/xilinx/interface/maxi.gen 
Execute             source C:/Xilinx/Vivado/2018.2/common/technology/xilinx/scripts/xilinxcoregen.gen 
Execute             source C:/Xilinx/Vivado/2018.2/common/technology/xilinx/interface/XilEDKCoreGen.gen 
Execute             source C:/Xilinx/Vivado/2018.2/common/technology/xilinx/ip/dds_compiler.gen 
Execute             source C:/Xilinx/Vivado/2018.2/common/technology/xilinx/ip/util.gen 
Execute             source C:/Xilinx/Vivado/2018.2/common/technology/xilinx/ip/xfft.gen 
Execute             source C:/Xilinx/Vivado/2018.2/common/technology/xilinx/ip/xfir.gen 
Command           ap_source done; 0.141 sec.
Execute           source C:/Xilinx/Vivado/2018.2/common/technology/xilinx/common/dsp48.gen 
Command         ap_source done; 0.146 sec.
Command       ap_source done; 0.147 sec.
Execute       source C:/Xilinx/Vivado/2018.2/common/technology/xilinx/zynq/zynq_fpv6.gen 
Execute         source C:/Xilinx/Vivado/2018.2/common/technology/xilinx/common/xilinx_fpv6.gen 
Execute       source C:/Users/mathi/Documents/ADSD_ICL/ADSD/solution1/.autopilot/db/global.setting.tcl 
Execute       source C:/Users/mathi/Documents/ADSD_ICL/ADSD/solution1/.autopilot/db/global.setting.tcl 
Execute       source C:/Users/mathi/Documents/ADSD_ICL/ADSD/solution1/.autopilot/db/global.setting.tcl 
Execute       source C:/Users/mathi/Documents/ADSD_ICL/ADSD/solution1/.autopilot/db/dataflow_in_loop_Bat_2.compgen.tcl 
Execute       source C:/Users/mathi/Documents/ADSD_ICL/ADSD/solution1/.autopilot/db/dataflow_in_loop_Bat_1_1.compgen.tcl 
Execute       source C:/Users/mathi/Documents/ADSD_ICL/ADSD/solution1/.autopilot/db/load_and_calc_norm.compgen.tcl 
Execute       source C:/Users/mathi/Documents/ADSD_ICL/ADSD/solution1/.autopilot/db/compute_class.compgen.tcl 
INFO: [RTMG 210-279] Implementing memory 'compute_class_svsbkb_rom' using auto ROMs.
INFO: [RTMG 210-279] Implementing memory 'compute_class_svscud_rom' using auto ROMs.
INFO: [RTMG 210-279] Implementing memory 'compute_class_svsdEe_rom' using auto ROMs.
INFO: [RTMG 210-279] Implementing memory 'compute_class_svseOg_rom' using auto ROMs.
INFO: [RTMG 210-279] Implementing memory 'compute_class_svsfYi_rom' using auto ROMs.
INFO: [RTMG 210-279] Implementing memory 'compute_class_svsg8j_rom' using auto ROMs.
INFO: [RTMG 210-279] Implementing memory 'compute_class_svshbi_rom' using auto ROMs.
INFO: [RTMG 210-279] Implementing memory 'compute_class_svsibs_rom' using auto ROMs.
INFO: [RTMG 210-279] Implementing memory 'compute_class_svsjbC_rom' using auto ROMs.
INFO: [RTMG 210-279] Implementing memory 'compute_class_svskbM_rom' using auto ROMs.
INFO: [RTMG 210-279] Implementing memory 'compute_class_svslbW_rom' using auto ROMs.
INFO: [RTMG 210-279] Implementing memory 'compute_class_svsmb6_rom' using auto ROMs.
INFO: [RTMG 210-279] Implementing memory 'compute_class_svsncg_rom' using auto ROMs.
INFO: [RTMG 210-279] Implementing memory 'compute_class_svsocq_rom' using auto ROMs.
INFO: [RTMG 210-279] Implementing memory 'compute_class_svspcA_rom' using auto ROMs.
INFO: [RTMG 210-279] Implementing memory 'compute_class_svsqcK_rom' using auto ROMs.
INFO: [RTMG 210-279] Implementing memory 'compute_class_alprcU_rom' using distributed ROMs.
INFO: [RTMG 210-279] Implementing memory 'compute_class_alpsc4_rom' using distributed ROMs.
INFO: [RTMG 210-279] Implementing memory 'compute_class_alptde_rom' using distributed ROMs.
INFO: [RTMG 210-279] Implementing memory 'compute_class_alpudo_rom' using distributed ROMs.
INFO: [RTMG 210-279] Implementing memory 'compute_class_alpvdy_rom' using distributed ROMs.
INFO: [RTMG 210-279] Implementing memory 'compute_class_alpwdI_rom' using distributed ROMs.
INFO: [RTMG 210-279] Implementing memory 'compute_class_alpxdS_rom' using distributed ROMs.
INFO: [RTMG 210-279] Implementing memory 'compute_class_alpyd2_rom' using distributed ROMs.
INFO: [RTMG 210-279] Implementing memory 'compute_class_alpzec_rom' using distributed ROMs.
INFO: [RTMG 210-279] Implementing memory 'compute_class_alpAem_rom' using distributed ROMs.
INFO: [RTMG 210-279] Implementing memory 'compute_class_alpBew_rom' using distributed ROMs.
INFO: [RTMG 210-279] Implementing memory 'compute_class_alpCeG_rom' using distributed ROMs.
INFO: [RTMG 210-279] Implementing memory 'compute_class_alpDeQ_rom' using distributed ROMs.
INFO: [RTMG 210-279] Implementing memory 'compute_class_alpEe0_rom' using distributed ROMs.
INFO: [RTMG 210-279] Implementing memory 'compute_class_alpFfa_rom' using distributed ROMs.
INFO: [RTMG 210-279] Implementing memory 'compute_class_alpGfk_rom' using distributed ROMs.
INFO: [RTMG 210-279] Implementing memory 'compute_class_sv_Hfu_rom' using distributed ROMs.
INFO: [RTMG 210-279] Implementing memory 'compute_class_sv_IfE_rom' using distributed ROMs.
INFO: [RTMG 210-279] Implementing memory 'compute_class_sv_JfO_rom' using distributed ROMs.
INFO: [RTMG 210-279] Implementing memory 'compute_class_sv_KfY_rom' using distributed ROMs.
INFO: [RTMG 210-279] Implementing memory 'compute_class_sv_Lf8_rom' using distributed ROMs.
INFO: [RTMG 210-279] Implementing memory 'compute_class_sv_Mgi_rom' using distributed ROMs.
INFO: [RTMG 210-279] Implementing memory 'compute_class_sv_Ngs_rom' using distributed ROMs.
INFO: [RTMG 210-279] Implementing memory 'compute_class_sv_OgC_rom' using distributed ROMs.
INFO: [RTMG 210-279] Implementing memory 'compute_class_sv_PgM_rom' using distributed ROMs.
INFO: [RTMG 210-279] Implementing memory 'compute_class_sv_QgW_rom' using distributed ROMs.
INFO: [RTMG 210-279] Implementing memory 'compute_class_sv_Rg6_rom' using distributed ROMs.
INFO: [RTMG 210-279] Implementing memory 'compute_class_sv_Shg_rom' using distributed ROMs.
INFO: [RTMG 210-279] Implementing memory 'compute_class_sv_Thq_rom' using distributed ROMs.
INFO: [RTMG 210-279] Implementing memory 'compute_class_sv_UhA_rom' using distributed ROMs.
INFO: [RTMG 210-279] Implementing memory 'compute_class_sv_VhK_rom' using distributed ROMs.
INFO: [RTMG 210-279] Implementing memory 'compute_class_sv_WhU_rom' using distributed ROMs.
Command       ap_source done; 4.713 sec.
Execute       source C:/Users/mathi/Documents/ADSD_ICL/ADSD/solution1/.autopilot/db/p_ADSD_Classifier_cp_4.compgen.tcl 
Execute       source C:/Users/mathi/Documents/ADSD_ICL/ADSD/solution1/.autopilot/db/p_ADSD_Classifier_cp_3.compgen.tcl 
Execute       source C:/Users/mathi/Documents/ADSD_ICL/ADSD/solution1/.autopilot/db/p_ADSD_Classifier_cp_2.compgen.tcl 
Execute       source C:/Users/mathi/Documents/ADSD_ICL/ADSD/solution1/.autopilot/db/p_ADSD_Classifier_cp_1.compgen.tcl 
Execute       source C:/Users/mathi/Documents/ADSD_ICL/ADSD/solution1/.autopilot/db/p_ADSD_Classifier_cp.compgen.tcl 
Execute       source C:/Users/mathi/Documents/ADSD_ICL/ADSD/solution1/.autopilot/db/dataflow_in_loop_Bat_1.compgen.tcl 
INFO: [RTMG 210-278] Implementing memory 'dataflow_in_loop_0iy_memcore_ram (RAM)' using distributed RAMs.
INFO: [RTMG 210-285] Implementing FIFO 'n_0_i_i_c1_U(fifo_w12_d2_A)' using Shift Registers.
INFO: [RTMG 210-285] Implementing FIFO 'n_0_i_i_c_U(fifo_w12_d2_A)' using Shift Registers.
INFO: [RTMG 210-285] Implementing FIFO 'op_V_assign1_channel_U(fifo_w24_d2_A)' using Shift Registers.
INFO: [RTMG 210-285] Implementing FIFO 'res_internal_V_U(fifo_w32_d2_A)' using Shift Registers.
INFO: [RTMG 210-285] Implementing FIFO 'tmp_data_V_U(fifo_w32_d2_A)' using Shift Registers.
INFO: [RTMG 210-285] Implementing FIFO 'tmp_keep_V_U(fifo_w1_d2_A)' using Shift Registers.
INFO: [RTMG 210-285] Implementing FIFO 'tmp_strb_V_U(fifo_w1_d2_A)' using Shift Registers.
INFO: [RTMG 210-285] Implementing FIFO 'tmp_last_V_U(fifo_w1_d2_A)' using Shift Registers.
INFO: [RTMG 210-285] Implementing FIFO 'start_for_dataflobgk_U(start_for_dataflobgk)' using Shift Registers.
INFO: [RTMG 210-285] Implementing FIFO 'start_for_p_ADSD_bhl_U(start_for_p_ADSD_bhl)' using Shift Registers.
Command       ap_source done; 0.572 sec.
Execute       source C:/Users/mathi/Documents/ADSD_ICL/ADSD/solution1/.autopilot/db/classify.compgen.tcl 
Execute         source ./control.slave.tcl 
Execute         is_m_axi_addr64 
Execute       get_config_sdx -target 
Execute       source C:/Users/mathi/Documents/ADSD_ICL/ADSD/solution1/.autopilot/db/global.setting.tcl 
Execute       source C:/Xilinx/Vivado/2018.2/common/technology/generic/autopilot/common.gen 
Execute         source C:/Xilinx/Vivado/2018.2/common/technology/generic/autopilot/APCoreGen.gen 
Execute       source C:/Xilinx/Vivado/2018.2/common/technology/generic/autopilot/op.gen 
Execute       source C:/Xilinx/Vivado/2018.2/common/technology/generic/autopilot/op_simcore.gen 
Execute       source C:/Xilinx/Vivado/2018.2/common/technology/generic/autopilot/interface.gen 
Execute       source C:/Users/mathi/Documents/ADSD_ICL/ADSD/solution1/.autopilot/db/global.setting.tcl 
Execute       source C:/Xilinx/Vivado/2018.2/common/technology/xilinx/zynq/zynq.gen 
Execute         source C:/Xilinx/Vivado/2018.2/common/technology/xilinx/common/virtex.gen 
Execute           source C:/Xilinx/Vivado/2018.2/common/technology/xilinx/common/xilinx.gen 
Execute             source C:/Xilinx/Vivado/2018.2/common/technology/xilinx/interface/plb46.gen 
Execute             source C:/Xilinx/Vivado/2018.2/common/technology/xilinx/interface/fsl.gen 
Execute             source C:/Xilinx/Vivado/2018.2/common/technology/xilinx/interface/axi4.gen 
Execute             source C:/Xilinx/Vivado/2018.2/common/technology/xilinx/interface/nativeAXI4.gen 
Execute               source C:/Xilinx/Vivado/2018.2/common/technology/xilinx/interface/saxilite.gen 
Execute               source C:/Xilinx/Vivado/2018.2/common/technology/xilinx/interface/maxi.gen 
Execute             source C:/Xilinx/Vivado/2018.2/common/technology/xilinx/scripts/xilinxcoregen.gen 
Execute             source C:/Xilinx/Vivado/2018.2/common/technology/xilinx/interface/XilEDKCoreGen.gen 
Execute             source C:/Xilinx/Vivado/2018.2/common/technology/xilinx/ip/dds_compiler.gen 
Execute             source C:/Xilinx/Vivado/2018.2/common/technology/xilinx/ip/util.gen 
Execute             source C:/Xilinx/Vivado/2018.2/common/technology/xilinx/ip/xfft.gen 
Execute             source C:/Xilinx/Vivado/2018.2/common/technology/xilinx/ip/xfir.gen 
Command           ap_source done; 0.148 sec.
Execute           source C:/Xilinx/Vivado/2018.2/common/technology/xilinx/common/dsp48.gen 
Command         ap_source done; 0.151 sec.
Command       ap_source done; 0.151 sec.
Execute       source C:/Xilinx/Vivado/2018.2/common/technology/xilinx/zynq/zynq_fpv6.gen 
Execute         source C:/Xilinx/Vivado/2018.2/common/technology/xilinx/common/xilinx_fpv6.gen 
Execute       source C:/Users/mathi/Documents/ADSD_ICL/ADSD/solution1/.autopilot/db/classify.rtl_wrap.cfg.tcl 
Execute       source C:/Users/mathi/Documents/ADSD_ICL/ADSD/solution1/.autopilot/db/classify.rtl_wrap.cfg.tcl 
Execute       source C:/Users/mathi/Documents/ADSD_ICL/ADSD/solution1/.autopilot/db/classify.rtl_wrap.cfg.tcl 
Execute       source C:/Users/mathi/Documents/ADSD_ICL/ADSD/solution1/.autopilot/db/classify.tbgen.tcl 
Execute       source C:/Users/mathi/Documents/ADSD_ICL/ADSD/solution1/.autopilot/db/classify.tbgen.tcl 
Execute       source C:/Users/mathi/Documents/ADSD_ICL/ADSD/solution1/.autopilot/db/global.setting.tcl 
Execute       source C:/Users/mathi/Documents/ADSD_ICL/ADSD/solution1/.autopilot/db/dataflow_in_loop_Bat_2.compgen.tcl 
Execute       source C:/Users/mathi/Documents/ADSD_ICL/ADSD/solution1/.autopilot/db/dataflow_in_loop_Bat_1_1.compgen.tcl 
Execute       source C:/Users/mathi/Documents/ADSD_ICL/ADSD/solution1/.autopilot/db/load_and_calc_norm.compgen.tcl 
Execute       source C:/Users/mathi/Documents/ADSD_ICL/ADSD/solution1/.autopilot/db/compute_class.compgen.tcl 
Execute       source C:/Users/mathi/Documents/ADSD_ICL/ADSD/solution1/.autopilot/db/p_ADSD_Classifier_cp_4.compgen.tcl 
Execute       source C:/Users/mathi/Documents/ADSD_ICL/ADSD/solution1/.autopilot/db/p_ADSD_Classifier_cp_3.compgen.tcl 
Execute       source C:/Users/mathi/Documents/ADSD_ICL/ADSD/solution1/.autopilot/db/p_ADSD_Classifier_cp_2.compgen.tcl 
Execute       source C:/Users/mathi/Documents/ADSD_ICL/ADSD/solution1/.autopilot/db/p_ADSD_Classifier_cp_1.compgen.tcl 
Execute       source C:/Users/mathi/Documents/ADSD_ICL/ADSD/solution1/.autopilot/db/p_ADSD_Classifier_cp.compgen.tcl 
Execute       source C:/Users/mathi/Documents/ADSD_ICL/ADSD/solution1/.autopilot/db/dataflow_in_loop_Bat_1.compgen.tcl 
Execute       source C:/Users/mathi/Documents/ADSD_ICL/ADSD/solution1/.autopilot/db/classify.compgen.tcl 
Execute       source C:/Users/mathi/Documents/ADSD_ICL/ADSD/solution1/.autopilot/db/global.setting.tcl 
Execute       source C:/Users/mathi/Documents/ADSD_ICL/ADSD/solution1/.autopilot/db/dataflow_in_loop_Bat_2.compgen.tcl 
Execute       source C:/Users/mathi/Documents/ADSD_ICL/ADSD/solution1/.autopilot/db/dataflow_in_loop_Bat_1_1.compgen.tcl 
Execute       source C:/Users/mathi/Documents/ADSD_ICL/ADSD/solution1/.autopilot/db/load_and_calc_norm.compgen.tcl 
Execute       source C:/Users/mathi/Documents/ADSD_ICL/ADSD/solution1/.autopilot/db/compute_class.compgen.tcl 
Execute       source C:/Users/mathi/Documents/ADSD_ICL/ADSD/solution1/.autopilot/db/p_ADSD_Classifier_cp_4.compgen.tcl 
Execute       source C:/Users/mathi/Documents/ADSD_ICL/ADSD/solution1/.autopilot/db/p_ADSD_Classifier_cp_3.compgen.tcl 
Execute       source C:/Users/mathi/Documents/ADSD_ICL/ADSD/solution1/.autopilot/db/p_ADSD_Classifier_cp_2.compgen.tcl 
Execute       source C:/Users/mathi/Documents/ADSD_ICL/ADSD/solution1/.autopilot/db/p_ADSD_Classifier_cp_1.compgen.tcl 
Execute       source C:/Users/mathi/Documents/ADSD_ICL/ADSD/solution1/.autopilot/db/p_ADSD_Classifier_cp.compgen.tcl 
Execute       source C:/Users/mathi/Documents/ADSD_ICL/ADSD/solution1/.autopilot/db/dataflow_in_loop_Bat_1.compgen.tcl 
Execute       source C:/Users/mathi/Documents/ADSD_ICL/ADSD/solution1/.autopilot/db/classify.compgen.tcl 
Execute       source C:/Users/mathi/Documents/ADSD_ICL/ADSD/solution1/.autopilot/db/global.setting.tcl 
Execute       source C:/Users/mathi/Documents/ADSD_ICL/ADSD/solution1/.autopilot/db/dataflow_in_loop_Bat_2.compgen.tcl 
Execute       source C:/Users/mathi/Documents/ADSD_ICL/ADSD/solution1/.autopilot/db/dataflow_in_loop_Bat_1_1.compgen.tcl 
Execute       source C:/Users/mathi/Documents/ADSD_ICL/ADSD/solution1/.autopilot/db/load_and_calc_norm.compgen.tcl 
Execute       source C:/Users/mathi/Documents/ADSD_ICL/ADSD/solution1/.autopilot/db/compute_class.compgen.tcl 
Execute       source C:/Users/mathi/Documents/ADSD_ICL/ADSD/solution1/.autopilot/db/p_ADSD_Classifier_cp_4.compgen.tcl 
Execute       source C:/Users/mathi/Documents/ADSD_ICL/ADSD/solution1/.autopilot/db/p_ADSD_Classifier_cp_3.compgen.tcl 
Execute       source C:/Users/mathi/Documents/ADSD_ICL/ADSD/solution1/.autopilot/db/p_ADSD_Classifier_cp_2.compgen.tcl 
Execute       source C:/Users/mathi/Documents/ADSD_ICL/ADSD/solution1/.autopilot/db/p_ADSD_Classifier_cp_1.compgen.tcl 
Execute       source C:/Users/mathi/Documents/ADSD_ICL/ADSD/solution1/.autopilot/db/p_ADSD_Classifier_cp.compgen.tcl 
Execute       source C:/Users/mathi/Documents/ADSD_ICL/ADSD/solution1/.autopilot/db/dataflow_in_loop_Bat_1.compgen.tcl 
Execute       source C:/Users/mathi/Documents/ADSD_ICL/ADSD/solution1/.autopilot/db/classify.compgen.tcl 
Execute       source C:/Users/mathi/Documents/ADSD_ICL/ADSD/solution1/.autopilot/db/global.setting.tcl 
Execute       source C:/Users/mathi/Documents/ADSD_ICL/ADSD/solution1/.autopilot/db/classify.constraint.tcl 
Execute       source C:/Users/mathi/Documents/ADSD_ICL/ADSD/solution1/.autopilot/db/classify.tbgen.tcl 
Execute       source C:/Users/mathi/Documents/ADSD_ICL/ADSD/solution1/.autopilot/db/global.setting.tcl 
Execute       source C:/Users/mathi/Documents/ADSD_ICL/ADSD/solution1/.autopilot/db/global.setting.tcl 
Execute       source C:/Users/mathi/Documents/ADSD_ICL/ADSD/solution1/.autopilot/db/global.setting.tcl 
Execute       source C:/Users/mathi/Documents/ADSD_ICL/ADSD/solution1/.autopilot/db/classify.tbgen.tcl 
Execute       source C:/Users/mathi/Documents/ADSD_ICL/ADSD/solution1/.autopilot/db/classify.tbgen.tcl 
Execute       source C:/Users/mathi/Documents/ADSD_ICL/ADSD/solution1/.autopilot/db/classify.tbgen.tcl 
Execute       source C:/Users/mathi/Documents/ADSD_ICL/ADSD/solution1/.autopilot/db/classify.tbgen.tcl 
Execute       source C:/Users/mathi/Documents/ADSD_ICL/ADSD/solution1/.autopilot/db/global.setting.tcl 
Execute       source C:/Users/mathi/Documents/ADSD_ICL/ADSD/solution1/.autopilot/db/classify.constraint.tcl 
Execute       sc_get_clocks classify 
Execute       source C:/Users/mathi/Documents/ADSD_ICL/ADSD/solution1/.autopilot/db/global.setting.tcl 
Execute       get_config_sdx -target 
Execute       get_config_sdx -profile 
Execute       ::config_rtl 
INFO: [HLS 200-111] Finished generating all RTL models Time (s): cpu = 00:03:46 ; elapsed = 00:07:09 . Memory (MB): peak = 659.461 ; gain = 603.637
INFO: [SYSC 207-301] Generating SystemC RTL for classify.
INFO: [VHDL 208-304] Generating VHDL RTL for classify.
INFO: [VLOG 209-307] Generating Verilog RTL for classify.
Command     autosyn done; 98.528 sec.
Command   csynth_design done; 427.165 sec.
Command ap_source done; 428.096 sec.
Execute cleanup_all 
