

================================================================
== Vivado HLS Report for 'compute_class'
================================================================
* Date:           Wed Feb 18 17:51:36 2026

* Version:        2018.2 (Build 2258646 on Thu Jun 14 20:25:20 MDT 2018)
* Project:        ADSD
* Solution:       solution1
* Product family: zynq
* Target device:  xc7z020clg484-1


================================================================
== Performance Estimates
================================================================
+ Timing (ns): 
    * Summary: 
    +--------+-------+----------+------------+
    |  Clock | Target| Estimated| Uncertainty|
    +--------+-------+----------+------------+
    |ap_clk  |  10.00|     9.599|        1.25|
    +--------+-------+----------+------------+

+ Latency (clock cycles): 
    * Summary: 
    +-----+-----+-----+-----+---------+
    |  Latency  |  Interval | Pipeline|
    | min | max | min | max |   Type  |
    +-----+-----+-----+-----+---------+
    |  937|  937|  937|  937|   none  |
    +-----+-----+-----+-----+---------+

    + Detail: 
        * Instance: 
        N/A

        * Loop: 
        +---------------------+-----+-----+----------+-----------+-----------+------+----------+
        |                     |  Latency  | Iteration|  Initiation Interval  | Trip |          |
        |      Loop Name      | min | max |  Latency |  achieved |   target  | Count| Pipelined|
        +---------------------+-----+-----+----------+-----------+-----------+------+----------+
        |- classify_label2    |  935|  935|        85|          -|          -|    11|    no    |
        | + classify_label1   |   51|   51|         4|          1|          1|    49|    yes   |
        | + Reconstruct_Loop  |   29|   29|        15|          1|          1|    16|    yes   |
        +---------------------+-----+-----+----------+-----------+-----------+------+----------+

============================================================
+ Verbose Summary: Synthesis Manager
============================================================
InlineROM: 1
ExposeGlobal: 0
============================================================
+ Verbose Summary: CDFG Model
============================================================
IsTopModel: 0
ResetActiveHigh: 1
IsCombinational: 2
IsDatapathOnly: 0
HasWiredReturn: 1
HasMFsm: 0
HasVarLatency: 1
IsPipeline: 0
IsRtlPipelined: 0
IsInstanceOverlapped: 0
IsDontTouch: 0
HasImplIP: 0
IsGatedGlobalClock: 0

+ Individual pipeline summary: 
  * Pipeline-0: initiation interval (II) = 1, depth = 4
  * Pipeline-1: initiation interval (II) = 1, depth = 15


============================================================
+ Verbose Summary: Schedule
============================================================
* Number of FSM states : 24
* Pipeline : 2
  Pipeline-0 : II = 1, D = 4, States = { 3 4 5 6 }
  Pipeline-1 : II = 1, D = 15, States = { 8 9 10 11 12 13 14 15 16 17 18 19 20 21 22 }
* Dataflow Pipeline: 0

* FSM state transitions: 
1 --> 
	2  / true
2 --> 
	24  / (!tmp_i)
	3  / (tmp_i)
3 --> 
	7  / (exitcond4_i)
	4  / (!exitcond4_i)
4 --> 
	5  / true
5 --> 
	6  / true
6 --> 
	3  / true
7 --> 
	8  / true
8 --> 
	23  / (exitcond5_i)
	9  / (!exitcond5_i)
9 --> 
	10  / true
10 --> 
	11  / true
11 --> 
	12  / true
12 --> 
	13  / true
13 --> 
	14  / true
14 --> 
	15  / true
15 --> 
	16  / true
16 --> 
	17  / true
17 --> 
	18  / true
18 --> 
	19  / true
19 --> 
	20  / true
20 --> 
	21  / true
21 --> 
	22  / true
22 --> 
	8  / true
23 --> 
	2  / true
24 --> 

* FSM state operations: 

State 1 <SV = 0> <Delay = 1.76>
ST_1 : Operation 25 [1/1] (0.00ns)   --->   "%partial_sum_15_V_1 = alloca i32"   --->   Operation 25 'alloca' 'partial_sum_15_V_1' <Predicate = true> <Delay = 0.00>
ST_1 : Operation 26 [1/1] (0.00ns)   --->   "%partial_sum_15_V_2 = alloca i32"   --->   Operation 26 'alloca' 'partial_sum_15_V_2' <Predicate = true> <Delay = 0.00>
ST_1 : Operation 27 [1/1] (0.00ns)   --->   "%partial_sum_15_V_3 = alloca i32"   --->   Operation 27 'alloca' 'partial_sum_15_V_3' <Predicate = true> <Delay = 0.00>
ST_1 : Operation 28 [1/1] (0.00ns)   --->   "%partial_sum_15_V_4 = alloca i32"   --->   Operation 28 'alloca' 'partial_sum_15_V_4' <Predicate = true> <Delay = 0.00>
ST_1 : Operation 29 [1/1] (0.00ns)   --->   "%partial_sum_15_V_5 = alloca i32"   --->   Operation 29 'alloca' 'partial_sum_15_V_5' <Predicate = true> <Delay = 0.00>
ST_1 : Operation 30 [1/1] (0.00ns)   --->   "%partial_sum_15_V_6 = alloca i32"   --->   Operation 30 'alloca' 'partial_sum_15_V_6' <Predicate = true> <Delay = 0.00>
ST_1 : Operation 31 [1/1] (0.00ns)   --->   "%partial_sum_15_V_7 = alloca i32"   --->   Operation 31 'alloca' 'partial_sum_15_V_7' <Predicate = true> <Delay = 0.00>
ST_1 : Operation 32 [1/1] (0.00ns)   --->   "%partial_sum_15_V_8 = alloca i32"   --->   Operation 32 'alloca' 'partial_sum_15_V_8' <Predicate = true> <Delay = 0.00>
ST_1 : Operation 33 [1/1] (0.00ns)   --->   "%partial_sum_15_V_9 = alloca i32"   --->   Operation 33 'alloca' 'partial_sum_15_V_9' <Predicate = true> <Delay = 0.00>
ST_1 : Operation 34 [1/1] (0.00ns)   --->   "%partial_sum_15_V_10 = alloca i32"   --->   Operation 34 'alloca' 'partial_sum_15_V_10' <Predicate = true> <Delay = 0.00>
ST_1 : Operation 35 [1/1] (0.00ns)   --->   "%partial_sum_15_V_11 = alloca i32"   --->   Operation 35 'alloca' 'partial_sum_15_V_11' <Predicate = true> <Delay = 0.00>
ST_1 : Operation 36 [1/1] (0.00ns)   --->   "%partial_sum_15_V_12 = alloca i32"   --->   Operation 36 'alloca' 'partial_sum_15_V_12' <Predicate = true> <Delay = 0.00>
ST_1 : Operation 37 [1/1] (0.00ns)   --->   "%partial_sum_15_V_13 = alloca i32"   --->   Operation 37 'alloca' 'partial_sum_15_V_13' <Predicate = true> <Delay = 0.00>
ST_1 : Operation 38 [1/1] (0.00ns)   --->   "%partial_sum_15_V_14 = alloca i32"   --->   Operation 38 'alloca' 'partial_sum_15_V_14' <Predicate = true> <Delay = 0.00>
ST_1 : Operation 39 [1/1] (0.00ns)   --->   "%partial_sum_15_V_15 = alloca i32"   --->   Operation 39 'alloca' 'partial_sum_15_V_15' <Predicate = true> <Delay = 0.00>
ST_1 : Operation 40 [1/1] (0.00ns)   --->   "%partial_sum_15_V = alloca i32"   --->   Operation 40 'alloca' 'partial_sum_15_V' <Predicate = true> <Delay = 0.00>
ST_1 : Operation 41 [1/1] (0.00ns)   --->   "%p_read_1 = call i24 @_ssdm_op_Read.ap_auto.i24(i24 %p_read)"   --->   Operation 41 'read' 'p_read_1' <Predicate = true> <Delay = 0.00>
ST_1 : Operation 42 [1/1] (0.00ns)   --->   "%p_Val2_s = call i30 @_ssdm_op_BitConcatenate.i30.i24.i6(i24 %p_read_1, i6 0)" [ADSD/Classifier.cpp:77->ADSD/Classifier.cpp:133]   --->   Operation 42 'bitconcatenate' 'p_Val2_s' <Predicate = true> <Delay = 0.00>
ST_1 : Operation 43 [1/1] (0.00ns)   --->   "%p_Val2_cast_i = sext i30 %p_Val2_s to i32" [ADSD/Classifier.cpp:77->ADSD/Classifier.cpp:133]   --->   Operation 43 'sext' 'p_Val2_cast_i' <Predicate = true> <Delay = 0.00>
ST_1 : Operation 44 [1/1] (1.76ns)   --->   "store i32 0, i32* %partial_sum_15_V"   --->   Operation 44 'store' <Predicate = true> <Delay = 1.76>
ST_1 : Operation 45 [1/1] (1.76ns)   --->   "store i32 0, i32* %partial_sum_15_V_15"   --->   Operation 45 'store' <Predicate = true> <Delay = 1.76>
ST_1 : Operation 46 [1/1] (1.76ns)   --->   "store i32 0, i32* %partial_sum_15_V_14"   --->   Operation 46 'store' <Predicate = true> <Delay = 1.76>
ST_1 : Operation 47 [1/1] (1.76ns)   --->   "store i32 0, i32* %partial_sum_15_V_13"   --->   Operation 47 'store' <Predicate = true> <Delay = 1.76>
ST_1 : Operation 48 [1/1] (1.76ns)   --->   "store i32 0, i32* %partial_sum_15_V_12"   --->   Operation 48 'store' <Predicate = true> <Delay = 1.76>
ST_1 : Operation 49 [1/1] (1.76ns)   --->   "store i32 0, i32* %partial_sum_15_V_11"   --->   Operation 49 'store' <Predicate = true> <Delay = 1.76>
ST_1 : Operation 50 [1/1] (1.76ns)   --->   "store i32 0, i32* %partial_sum_15_V_10"   --->   Operation 50 'store' <Predicate = true> <Delay = 1.76>
ST_1 : Operation 51 [1/1] (1.76ns)   --->   "store i32 0, i32* %partial_sum_15_V_9"   --->   Operation 51 'store' <Predicate = true> <Delay = 1.76>
ST_1 : Operation 52 [1/1] (1.76ns)   --->   "store i32 0, i32* %partial_sum_15_V_8"   --->   Operation 52 'store' <Predicate = true> <Delay = 1.76>
ST_1 : Operation 53 [1/1] (1.76ns)   --->   "store i32 0, i32* %partial_sum_15_V_7"   --->   Operation 53 'store' <Predicate = true> <Delay = 1.76>
ST_1 : Operation 54 [1/1] (1.76ns)   --->   "store i32 0, i32* %partial_sum_15_V_6"   --->   Operation 54 'store' <Predicate = true> <Delay = 1.76>
ST_1 : Operation 55 [1/1] (1.76ns)   --->   "store i32 0, i32* %partial_sum_15_V_5"   --->   Operation 55 'store' <Predicate = true> <Delay = 1.76>
ST_1 : Operation 56 [1/1] (1.76ns)   --->   "store i32 0, i32* %partial_sum_15_V_4"   --->   Operation 56 'store' <Predicate = true> <Delay = 1.76>
ST_1 : Operation 57 [1/1] (1.76ns)   --->   "store i32 0, i32* %partial_sum_15_V_3"   --->   Operation 57 'store' <Predicate = true> <Delay = 1.76>
ST_1 : Operation 58 [1/1] (1.76ns)   --->   "store i32 0, i32* %partial_sum_15_V_2"   --->   Operation 58 'store' <Predicate = true> <Delay = 1.76>
ST_1 : Operation 59 [1/1] (1.76ns)   --->   "store i32 0, i32* %partial_sum_15_V_1"   --->   Operation 59 'store' <Predicate = true> <Delay = 1.76>
ST_1 : Operation 60 [1/1] (1.76ns)   --->   "br label %.preheader195.i" [ADSD/Classifier.cpp:53->ADSD/Classifier.cpp:133]   --->   Operation 60 'br' <Predicate = true> <Delay = 1.76>

State 2 <SV = 1> <Delay = 8.74>
ST_2 : Operation 61 [1/1] (0.00ns)   --->   "%i_i = phi i8 [ 0, %entry ], [ %i, %11 ]"   --->   Operation 61 'phi' 'i_i' <Predicate = true> <Delay = 0.00>
ST_2 : Operation 62 [1/1] (1.55ns)   --->   "%tmp_i = icmp ult i8 %i_i, -91" [ADSD/Classifier.cpp:53->ADSD/Classifier.cpp:133]   --->   Operation 62 'icmp' 'tmp_i' <Predicate = true> <Delay = 1.55> <Core = "Cmp">   --->   Core 25 'Cmp' <Latency = 0> <II = 1> <Delay = 1.55> <FuncUnit> <Opcode : 'icmp'> <InPorts = 2> <OutPorts = 1>
ST_2 : Operation 63 [1/1] (0.00ns)   --->   "%empty = call i32 (...)* @_ssdm_op_SpecLoopTripCount(i64 11, i64 11, i64 11)"   --->   Operation 63 'speclooptripcount' 'empty' <Predicate = true> <Delay = 0.00>
ST_2 : Operation 64 [1/1] (0.00ns)   --->   "br i1 %tmp_i, label %.preheader194.preheader.i, label %compute_class.exit" [ADSD/Classifier.cpp:53->ADSD/Classifier.cpp:133]   --->   Operation 64 'br' <Predicate = true> <Delay = 0.00>
ST_2 : Operation 65 [1/1] (0.00ns)   --->   "call void (...)* @_ssdm_op_SpecLoopName([16 x i8]* @p_str940) nounwind" [ADSD/Classifier.cpp:53->ADSD/Classifier.cpp:133]   --->   Operation 65 'specloopname' <Predicate = (tmp_i)> <Delay = 0.00>
ST_2 : Operation 66 [1/1] (0.00ns)   --->   "%tmp_i_35 = call i32 (...)* @_ssdm_op_SpecRegionBegin([16 x i8]* @p_str940)" [ADSD/Classifier.cpp:53->ADSD/Classifier.cpp:133]   --->   Operation 66 'specregionbegin' 'tmp_i_35' <Predicate = (tmp_i)> <Delay = 0.00>
ST_2 : Operation 67 [1/1] (0.00ns)   --->   "%tmp_36 = call i4 @_ssdm_op_PartSelect.i4.i8.i32.i32(i8 %i_i, i32 4, i32 7)" [ADSD/Classifier.cpp:53->ADSD/Classifier.cpp:133]   --->   Operation 67 'partselect' 'tmp_36' <Predicate = (tmp_i)> <Delay = 0.00>
ST_2 : Operation 68 [1/1] (0.00ns)   --->   "%newIndex4_i_cast = zext i4 %tmp_36 to i10" [ADSD/Classifier.cpp:53->ADSD/Classifier.cpp:133]   --->   Operation 68 'zext' 'newIndex4_i_cast' <Predicate = (tmp_i)> <Delay = 0.00>
ST_2 : Operation 69 [1/1] (3.74ns)   --->   "%tmp_1 = mul i10 %newIndex4_i_cast, 49" [ADSD/Classifier.cpp:53->ADSD/Classifier.cpp:133]   --->   Operation 69 'mul' 'tmp_1' <Predicate = (tmp_i)> <Delay = 3.74> <Core = "Mul">   --->   Core 16 'Mul' <Latency = 0> <II = 1> <Delay = 3.74> <FuncUnit> <Opcode : 'mul'> <InPorts = 2> <OutPorts = 1>
ST_2 : Operation 70 [1/1] (1.76ns)   --->   "br label %.preheader194.0.i" [ADSD/Classifier.cpp:62->ADSD/Classifier.cpp:133]   --->   Operation 70 'br' <Predicate = (tmp_i)> <Delay = 1.76>
ST_2 : Operation 71 [1/1] (0.00ns)   --->   "%partial_sum_15_V_3_1 = load i32* %partial_sum_15_V_3" [ADSD/Classifier.cpp:94->ADSD/Classifier.cpp:133]   --->   Operation 71 'load' 'partial_sum_15_V_3_1' <Predicate = (!tmp_i)> <Delay = 0.00>
ST_2 : Operation 72 [1/1] (0.00ns)   --->   "%partial_sum_15_V_4_1 = load i32* %partial_sum_15_V_4" [ADSD/Classifier.cpp:94->ADSD/Classifier.cpp:133]   --->   Operation 72 'load' 'partial_sum_15_V_4_1' <Predicate = (!tmp_i)> <Delay = 0.00>
ST_2 : Operation 73 [1/1] (0.00ns)   --->   "%partial_sum_15_V_7_1 = load i32* %partial_sum_15_V_7" [ADSD/Classifier.cpp:94->ADSD/Classifier.cpp:133]   --->   Operation 73 'load' 'partial_sum_15_V_7_1' <Predicate = (!tmp_i)> <Delay = 0.00>
ST_2 : Operation 74 [1/1] (0.00ns)   --->   "%partial_sum_15_V_8_1 = load i32* %partial_sum_15_V_8" [ADSD/Classifier.cpp:94->ADSD/Classifier.cpp:133]   --->   Operation 74 'load' 'partial_sum_15_V_8_1' <Predicate = (!tmp_i)> <Delay = 0.00>
ST_2 : Operation 75 [1/1] (0.00ns)   --->   "%partial_sum_15_V_9_1 = load i32* %partial_sum_15_V_9" [ADSD/Classifier.cpp:94->ADSD/Classifier.cpp:133]   --->   Operation 75 'load' 'partial_sum_15_V_9_1' <Predicate = (!tmp_i)> <Delay = 0.00>
ST_2 : Operation 76 [1/1] (0.00ns)   --->   "%partial_sum_15_V_10_2 = load i32* %partial_sum_15_V_10" [ADSD/Classifier.cpp:94->ADSD/Classifier.cpp:133]   --->   Operation 76 'load' 'partial_sum_15_V_10_2' <Predicate = (!tmp_i)> <Delay = 0.00>
ST_2 : Operation 77 [1/1] (0.00ns)   --->   "%partial_sum_15_V_11_2 = load i32* %partial_sum_15_V_11" [ADSD/Classifier.cpp:94->ADSD/Classifier.cpp:133]   --->   Operation 77 'load' 'partial_sum_15_V_11_2' <Predicate = (!tmp_i)> <Delay = 0.00>
ST_2 : Operation 78 [1/1] (0.00ns)   --->   "%partial_sum_15_V_12_2 = load i32* %partial_sum_15_V_12" [ADSD/Classifier.cpp:94->ADSD/Classifier.cpp:133]   --->   Operation 78 'load' 'partial_sum_15_V_12_2' <Predicate = (!tmp_i)> <Delay = 0.00>
ST_2 : Operation 79 [1/1] (0.00ns)   --->   "%partial_sum_15_V_13_2 = load i32* %partial_sum_15_V_13" [ADSD/Classifier.cpp:94->ADSD/Classifier.cpp:133]   --->   Operation 79 'load' 'partial_sum_15_V_13_2' <Predicate = (!tmp_i)> <Delay = 0.00>
ST_2 : Operation 80 [1/1] (0.00ns)   --->   "%partial_sum_15_V_14_2 = load i32* %partial_sum_15_V_14" [ADSD/Classifier.cpp:94->ADSD/Classifier.cpp:133]   --->   Operation 80 'load' 'partial_sum_15_V_14_2' <Predicate = (!tmp_i)> <Delay = 0.00>
ST_2 : Operation 81 [1/1] (0.00ns)   --->   "%partial_sum_15_V_15_2 = load i32* %partial_sum_15_V_15" [ADSD/Classifier.cpp:94->ADSD/Classifier.cpp:133]   --->   Operation 81 'load' 'partial_sum_15_V_15_2' <Predicate = (!tmp_i)> <Delay = 0.00>
ST_2 : Operation 82 [1/1] (0.00ns)   --->   "%partial_sum_15_V_lo_1 = load i32* %partial_sum_15_V" [ADSD/Classifier.cpp:94->ADSD/Classifier.cpp:133]   --->   Operation 82 'load' 'partial_sum_15_V_lo_1' <Predicate = (!tmp_i)> <Delay = 0.00>
ST_2 : Operation 83 [1/1] (2.55ns)   --->   "%tmp228 = add i32 %partial_sum_15_V_3_1, %partial_sum_15_V_4_1" [ADSD/Classifier.cpp:94->ADSD/Classifier.cpp:133]   --->   Operation 83 'add' 'tmp228' <Predicate = (!tmp_i)> <Delay = 2.55> <Core = "AddSub">   --->   Core 14 'AddSub' <Latency = 0> <II = 1> <Delay = 2.55> <FuncUnit> <Opcode : 'add' 'sub'> <InPorts = 2> <OutPorts = 1>
ST_2 : Operation 84 [1/1] (2.55ns)   --->   "%tmp231 = add i32 %partial_sum_15_V_7_1, %partial_sum_15_V_8_1" [ADSD/Classifier.cpp:94->ADSD/Classifier.cpp:133]   --->   Operation 84 'add' 'tmp231' <Predicate = (!tmp_i)> <Delay = 2.55> <Core = "AddSub">   --->   Core 14 'AddSub' <Latency = 0> <II = 1> <Delay = 2.55> <FuncUnit> <Opcode : 'add' 'sub'> <InPorts = 2> <OutPorts = 1>
ST_2 : Operation 85 [1/1] (2.55ns)   --->   "%tmp234 = add i32 %partial_sum_15_V_9_1, %partial_sum_15_V_10_2" [ADSD/Classifier.cpp:94->ADSD/Classifier.cpp:133]   --->   Operation 85 'add' 'tmp234' <Predicate = (!tmp_i)> <Delay = 2.55> <Core = "AddSub">   --->   Core 14 'AddSub' <Latency = 0> <II = 1> <Delay = 2.55> <FuncUnit> <Opcode : 'add' 'sub'> <InPorts = 2> <OutPorts = 1>
ST_2 : Operation 86 [1/1] (2.55ns)   --->   "%tmp235 = add i32 %partial_sum_15_V_11_2, %partial_sum_15_V_12_2" [ADSD/Classifier.cpp:94->ADSD/Classifier.cpp:133]   --->   Operation 86 'add' 'tmp235' <Predicate = (!tmp_i)> <Delay = 2.55> <Core = "AddSub">   --->   Core 14 'AddSub' <Latency = 0> <II = 1> <Delay = 2.55> <FuncUnit> <Opcode : 'add' 'sub'> <InPorts = 2> <OutPorts = 1>
ST_2 : Operation 87 [1/1] (0.00ns) (grouped into TernaryAdder)   --->   "%tmp237 = add i32 %partial_sum_15_V_13_2, %partial_sum_15_V_14_2" [ADSD/Classifier.cpp:94->ADSD/Classifier.cpp:133]   --->   Operation 87 'add' 'tmp237' <Predicate = (!tmp_i)> <Delay = 0.00> <Core = "TAddSub">   --->   Core 80 'TAddSub' <Latency = 0> <II = 1> <Delay = 2.18> <IPBlock> <Opcode : 'add' 'sub'> <InPorts = 3> <OutPorts = 1> <Sync> <CReg>
ST_2 : Operation 88 [1/1] (0.00ns) (grouped into TernaryAdder)   --->   "%tmp239 = add i32 %partial_sum_15_V_lo_1, -11776" [ADSD/Classifier.cpp:94->ADSD/Classifier.cpp:133]   --->   Operation 88 'add' 'tmp239' <Predicate = (!tmp_i)> <Delay = 0.00> <Core = "TAddSub">   --->   Core 80 'TAddSub' <Latency = 0> <II = 1> <Delay = 2.18> <IPBlock> <Opcode : 'add' 'sub'> <InPorts = 3> <OutPorts = 1> <Sync> <CReg>
ST_2 : Operation 89 [1/1] (4.37ns) (root node of TernaryAdder)   --->   "%tmp238 = add i32 %tmp239, %partial_sum_15_V_15_2" [ADSD/Classifier.cpp:94->ADSD/Classifier.cpp:133]   --->   Operation 89 'add' 'tmp238' <Predicate = (!tmp_i)> <Delay = 4.37> <Core = "TAddSub">   --->   Core 80 'TAddSub' <Latency = 0> <II = 1> <Delay = 2.18> <IPBlock> <Opcode : 'add' 'sub'> <InPorts = 3> <OutPorts = 1> <Sync> <CReg>
ST_2 : Operation 90 [1/1] (4.37ns) (root node of TernaryAdder)   --->   "%tmp236 = add i32 %tmp238, %tmp237" [ADSD/Classifier.cpp:94->ADSD/Classifier.cpp:133]   --->   Operation 90 'add' 'tmp236' <Predicate = (!tmp_i)> <Delay = 4.37> <Core = "TAddSub">   --->   Core 80 'TAddSub' <Latency = 0> <II = 1> <Delay = 2.18> <IPBlock> <Opcode : 'add' 'sub'> <InPorts = 3> <OutPorts = 1> <Sync> <CReg>

State 3 <SV = 2> <Delay = 4.98>
ST_3 : Operation 91 [1/1] (0.00ns)   --->   "%dot_products_15_V = phi i32 [ 0, %.preheader194.preheader.i ], [ %dot_products_15_V_1, %.preheader194.1.i ]"   --->   Operation 91 'phi' 'dot_products_15_V' <Predicate = true> <Delay = 0.00>
ST_3 : Operation 92 [1/1] (0.00ns)   --->   "%dot_products_14_V = phi i32 [ 0, %.preheader194.preheader.i ], [ %dot_products_14_V_1, %.preheader194.1.i ]"   --->   Operation 92 'phi' 'dot_products_14_V' <Predicate = true> <Delay = 0.00>
ST_3 : Operation 93 [1/1] (0.00ns)   --->   "%dot_products_13_V = phi i32 [ 0, %.preheader194.preheader.i ], [ %dot_products_13_V_1, %.preheader194.1.i ]"   --->   Operation 93 'phi' 'dot_products_13_V' <Predicate = true> <Delay = 0.00>
ST_3 : Operation 94 [1/1] (0.00ns)   --->   "%dot_products_12_V = phi i32 [ 0, %.preheader194.preheader.i ], [ %dot_products_12_V_1, %.preheader194.1.i ]"   --->   Operation 94 'phi' 'dot_products_12_V' <Predicate = true> <Delay = 0.00>
ST_3 : Operation 95 [1/1] (0.00ns)   --->   "%dot_products_11_V = phi i32 [ 0, %.preheader194.preheader.i ], [ %dot_products_11_V_1, %.preheader194.1.i ]"   --->   Operation 95 'phi' 'dot_products_11_V' <Predicate = true> <Delay = 0.00>
ST_3 : Operation 96 [1/1] (0.00ns)   --->   "%dot_products_10_V = phi i32 [ 0, %.preheader194.preheader.i ], [ %dot_products_10_V_1, %.preheader194.1.i ]"   --->   Operation 96 'phi' 'dot_products_10_V' <Predicate = true> <Delay = 0.00>
ST_3 : Operation 97 [1/1] (0.00ns)   --->   "%dot_products_9_V = phi i32 [ 0, %.preheader194.preheader.i ], [ %dot_products_9_V_1, %.preheader194.1.i ]"   --->   Operation 97 'phi' 'dot_products_9_V' <Predicate = true> <Delay = 0.00>
ST_3 : Operation 98 [1/1] (0.00ns)   --->   "%dot_products_8_V = phi i32 [ 0, %.preheader194.preheader.i ], [ %dot_products_8_V_1, %.preheader194.1.i ]"   --->   Operation 98 'phi' 'dot_products_8_V' <Predicate = true> <Delay = 0.00>
ST_3 : Operation 99 [1/1] (0.00ns)   --->   "%dot_products_7_V = phi i32 [ 0, %.preheader194.preheader.i ], [ %dot_products_7_V_1, %.preheader194.1.i ]"   --->   Operation 99 'phi' 'dot_products_7_V' <Predicate = true> <Delay = 0.00>
ST_3 : Operation 100 [1/1] (0.00ns)   --->   "%dot_products_6_V = phi i32 [ 0, %.preheader194.preheader.i ], [ %dot_products_6_V_1, %.preheader194.1.i ]"   --->   Operation 100 'phi' 'dot_products_6_V' <Predicate = true> <Delay = 0.00>
ST_3 : Operation 101 [1/1] (0.00ns)   --->   "%dot_products_5_V = phi i32 [ 0, %.preheader194.preheader.i ], [ %dot_products_5_V_1, %.preheader194.1.i ]"   --->   Operation 101 'phi' 'dot_products_5_V' <Predicate = true> <Delay = 0.00>
ST_3 : Operation 102 [1/1] (0.00ns)   --->   "%dot_products_4_V = phi i32 [ 0, %.preheader194.preheader.i ], [ %dot_products_4_V_1, %.preheader194.1.i ]"   --->   Operation 102 'phi' 'dot_products_4_V' <Predicate = true> <Delay = 0.00>
ST_3 : Operation 103 [1/1] (0.00ns)   --->   "%dot_products_3_V = phi i32 [ 0, %.preheader194.preheader.i ], [ %dot_products_3_V_1, %.preheader194.1.i ]"   --->   Operation 103 'phi' 'dot_products_3_V' <Predicate = true> <Delay = 0.00>
ST_3 : Operation 104 [1/1] (0.00ns)   --->   "%dot_products_2_V = phi i32 [ 0, %.preheader194.preheader.i ], [ %dot_products_2_V_1, %.preheader194.1.i ]"   --->   Operation 104 'phi' 'dot_products_2_V' <Predicate = true> <Delay = 0.00>
ST_3 : Operation 105 [1/1] (0.00ns)   --->   "%dot_products_1_V = phi i32 [ 0, %.preheader194.preheader.i ], [ %dot_products_1_V_1, %.preheader194.1.i ]"   --->   Operation 105 'phi' 'dot_products_1_V' <Predicate = true> <Delay = 0.00>
ST_3 : Operation 106 [1/1] (0.00ns)   --->   "%dot_products_0_V = phi i32 [ 0, %.preheader194.preheader.i ], [ %dot_products_0_V_1, %.preheader194.1.i ]"   --->   Operation 106 'phi' 'dot_products_0_V' <Predicate = true> <Delay = 0.00>
ST_3 : Operation 107 [1/1] (0.00ns)   --->   "%j_i = phi i10 [ 0, %.preheader194.preheader.i ], [ %j_1_i, %.preheader194.1.i ]" [ADSD/Classifier.cpp:62->ADSD/Classifier.cpp:133]   --->   Operation 107 'phi' 'j_i' <Predicate = true> <Delay = 0.00>
ST_3 : Operation 108 [1/1] (0.00ns)   --->   "%empty_36 = call i32 (...)* @_ssdm_op_SpecLoopTripCount(i64 49, i64 49, i64 49)"   --->   Operation 108 'speclooptripcount' 'empty_36' <Predicate = true> <Delay = 0.00>
ST_3 : Operation 109 [1/1] (1.77ns)   --->   "%exitcond4_i = icmp eq i10 %j_i, -240" [ADSD/Classifier.cpp:62->ADSD/Classifier.cpp:133]   --->   Operation 109 'icmp' 'exitcond4_i' <Predicate = true> <Delay = 1.77> <Core = "Cmp">   --->   Core 25 'Cmp' <Latency = 0> <II = 1> <Delay = 1.55> <FuncUnit> <Opcode : 'icmp'> <InPorts = 2> <OutPorts = 1>
ST_3 : Operation 110 [1/1] (0.00ns)   --->   "br i1 %exitcond4_i, label %.preheader193.i.preheader, label %.preheader194.1.i" [ADSD/Classifier.cpp:62->ADSD/Classifier.cpp:133]   --->   Operation 110 'br' <Predicate = true> <Delay = 0.00>
ST_3 : Operation 111 [1/1] (0.00ns)   --->   "%newIndex2_i = call i6 @_ssdm_op_PartSelect.i6.i10.i32.i32(i10 %j_i, i32 4, i32 9)" [ADSD/Classifier.cpp:62->ADSD/Classifier.cpp:133]   --->   Operation 111 'partselect' 'newIndex2_i' <Predicate = (!exitcond4_i)> <Delay = 0.00>
ST_3 : Operation 112 [1/1] (0.00ns)   --->   "%newIndex3_i = zext i6 %newIndex2_i to i64" [ADSD/Classifier.cpp:62->ADSD/Classifier.cpp:133]   --->   Operation 112 'zext' 'newIndex3_i' <Predicate = (!exitcond4_i)> <Delay = 0.00>
ST_3 : Operation 113 [1/1] (0.00ns)   --->   "%newIndex3_i_cast = zext i6 %newIndex2_i to i10" [ADSD/Classifier.cpp:62->ADSD/Classifier.cpp:133]   --->   Operation 113 'zext' 'newIndex3_i_cast' <Predicate = (!exitcond4_i)> <Delay = 0.00>
ST_3 : Operation 114 [1/1] (1.73ns)   --->   "%tmp_37 = add i10 %tmp_1, %newIndex3_i_cast" [ADSD/Classifier.cpp:53->ADSD/Classifier.cpp:133]   --->   Operation 114 'add' 'tmp_37' <Predicate = (!exitcond4_i)> <Delay = 1.73> <Core = "AddSub">   --->   Core 14 'AddSub' <Latency = 0> <II = 1> <Delay = 2.55> <FuncUnit> <Opcode : 'add' 'sub'> <InPorts = 2> <OutPorts = 1>
ST_3 : Operation 115 [1/1] (0.00ns)   --->   "%tmp_257_cast = zext i10 %tmp_37 to i64" [ADSD/Classifier.cpp:53->ADSD/Classifier.cpp:133]   --->   Operation 115 'zext' 'tmp_257_cast' <Predicate = (!exitcond4_i)> <Delay = 0.00>
ST_3 : Operation 116 [1/1] (0.00ns)   --->   "%svs_V_0_addr = getelementptr [539 x i125]* @svs_V_0, i64 0, i64 %tmp_257_cast" [ADSD/Classifier.cpp:53->ADSD/Classifier.cpp:133]   --->   Operation 116 'getelementptr' 'svs_V_0_addr' <Predicate = (!exitcond4_i)> <Delay = 0.00>
ST_3 : Operation 117 [1/1] (0.00ns)   --->   "%svs_V_1_addr = getelementptr [539 x i125]* @svs_V_1, i64 0, i64 %tmp_257_cast" [ADSD/Classifier.cpp:53->ADSD/Classifier.cpp:133]   --->   Operation 117 'getelementptr' 'svs_V_1_addr' <Predicate = (!exitcond4_i)> <Delay = 0.00>
ST_3 : Operation 118 [1/1] (0.00ns)   --->   "%svs_V_10_addr = getelementptr [539 x i125]* @svs_V_10, i64 0, i64 %tmp_257_cast" [ADSD/Classifier.cpp:53->ADSD/Classifier.cpp:133]   --->   Operation 118 'getelementptr' 'svs_V_10_addr' <Predicate = (!exitcond4_i)> <Delay = 0.00>
ST_3 : Operation 119 [1/1] (0.00ns)   --->   "%svs_V_11_addr = getelementptr [539 x i125]* @svs_V_11, i64 0, i64 %tmp_257_cast" [ADSD/Classifier.cpp:53->ADSD/Classifier.cpp:133]   --->   Operation 119 'getelementptr' 'svs_V_11_addr' <Predicate = (!exitcond4_i)> <Delay = 0.00>
ST_3 : Operation 120 [1/1] (0.00ns)   --->   "%svs_V_12_addr = getelementptr [539 x i126]* @svs_V_12, i64 0, i64 %tmp_257_cast" [ADSD/Classifier.cpp:53->ADSD/Classifier.cpp:133]   --->   Operation 120 'getelementptr' 'svs_V_12_addr' <Predicate = (!exitcond4_i)> <Delay = 0.00>
ST_3 : Operation 121 [1/1] (0.00ns)   --->   "%svs_V_13_addr = getelementptr [539 x i127]* @svs_V_13, i64 0, i64 %tmp_257_cast" [ADSD/Classifier.cpp:53->ADSD/Classifier.cpp:133]   --->   Operation 121 'getelementptr' 'svs_V_13_addr' <Predicate = (!exitcond4_i)> <Delay = 0.00>
ST_3 : Operation 122 [1/1] (0.00ns)   --->   "%svs_V_14_addr = getelementptr [539 x i126]* @svs_V_14, i64 0, i64 %tmp_257_cast" [ADSD/Classifier.cpp:53->ADSD/Classifier.cpp:133]   --->   Operation 122 'getelementptr' 'svs_V_14_addr' <Predicate = (!exitcond4_i)> <Delay = 0.00>
ST_3 : Operation 123 [1/1] (0.00ns)   --->   "%svs_V_15_addr = getelementptr [539 x i128]* @svs_V_15, i64 0, i64 %tmp_257_cast" [ADSD/Classifier.cpp:53->ADSD/Classifier.cpp:133]   --->   Operation 123 'getelementptr' 'svs_V_15_addr' <Predicate = (!exitcond4_i)> <Delay = 0.00>
ST_3 : Operation 124 [1/1] (0.00ns)   --->   "%svs_V_2_addr = getelementptr [539 x i125]* @svs_V_2, i64 0, i64 %tmp_257_cast" [ADSD/Classifier.cpp:53->ADSD/Classifier.cpp:133]   --->   Operation 124 'getelementptr' 'svs_V_2_addr' <Predicate = (!exitcond4_i)> <Delay = 0.00>
ST_3 : Operation 125 [1/1] (0.00ns)   --->   "%svs_V_3_addr = getelementptr [539 x i128]* @svs_V_3, i64 0, i64 %tmp_257_cast" [ADSD/Classifier.cpp:53->ADSD/Classifier.cpp:133]   --->   Operation 125 'getelementptr' 'svs_V_3_addr' <Predicate = (!exitcond4_i)> <Delay = 0.00>
ST_3 : Operation 126 [1/1] (0.00ns)   --->   "%svs_V_4_addr = getelementptr [539 x i125]* @svs_V_4, i64 0, i64 %tmp_257_cast" [ADSD/Classifier.cpp:53->ADSD/Classifier.cpp:133]   --->   Operation 126 'getelementptr' 'svs_V_4_addr' <Predicate = (!exitcond4_i)> <Delay = 0.00>
ST_3 : Operation 127 [1/1] (0.00ns)   --->   "%svs_V_5_addr = getelementptr [539 x i125]* @svs_V_5, i64 0, i64 %tmp_257_cast" [ADSD/Classifier.cpp:53->ADSD/Classifier.cpp:133]   --->   Operation 127 'getelementptr' 'svs_V_5_addr' <Predicate = (!exitcond4_i)> <Delay = 0.00>
ST_3 : Operation 128 [1/1] (0.00ns)   --->   "%svs_V_6_addr = getelementptr [539 x i126]* @svs_V_6, i64 0, i64 %tmp_257_cast" [ADSD/Classifier.cpp:53->ADSD/Classifier.cpp:133]   --->   Operation 128 'getelementptr' 'svs_V_6_addr' <Predicate = (!exitcond4_i)> <Delay = 0.00>
ST_3 : Operation 129 [1/1] (0.00ns)   --->   "%svs_V_7_addr = getelementptr [539 x i125]* @svs_V_7, i64 0, i64 %tmp_257_cast" [ADSD/Classifier.cpp:53->ADSD/Classifier.cpp:133]   --->   Operation 129 'getelementptr' 'svs_V_7_addr' <Predicate = (!exitcond4_i)> <Delay = 0.00>
ST_3 : Operation 130 [1/1] (0.00ns)   --->   "%svs_V_8_addr = getelementptr [539 x i128]* @svs_V_8, i64 0, i64 %tmp_257_cast" [ADSD/Classifier.cpp:53->ADSD/Classifier.cpp:133]   --->   Operation 130 'getelementptr' 'svs_V_8_addr' <Predicate = (!exitcond4_i)> <Delay = 0.00>
ST_3 : Operation 131 [1/1] (0.00ns)   --->   "%svs_V_9_addr = getelementptr [539 x i126]* @svs_V_9, i64 0, i64 %tmp_257_cast" [ADSD/Classifier.cpp:53->ADSD/Classifier.cpp:133]   --->   Operation 131 'getelementptr' 'svs_V_9_addr' <Predicate = (!exitcond4_i)> <Delay = 0.00>
ST_3 : Operation 132 [1/1] (0.00ns)   --->   "%x_local_0_V_addr = getelementptr [49 x i8]* %x_local_0_V, i64 0, i64 %newIndex3_i" [ADSD/Classifier.cpp:62->ADSD/Classifier.cpp:133]   --->   Operation 132 'getelementptr' 'x_local_0_V_addr' <Predicate = (!exitcond4_i)> <Delay = 0.00>
ST_3 : Operation 133 [2/2] (3.25ns)   --->   "%svs_V_0_load = load i125* %svs_V_0_addr, align 16" [ADSD/Classifier.cpp:68->ADSD/Classifier.cpp:133]   --->   Operation 133 'load' 'svs_V_0_load' <Predicate = (!exitcond4_i)> <Delay = 3.25> <Core = "ROM_nP">   --->   Core 48 'ROM_nP' <Latency = 1> <II = 1> <Delay = 3.25> <Storage> <Opcode : 'load'> <Ports = 0> <Width = 5> <Depth = 11> <ROM>
ST_3 : Operation 134 [2/2] (2.32ns)   --->   "%x_local_0_V_load = load i8* %x_local_0_V_addr, align 1" [ADSD/Classifier.cpp:69->ADSD/Classifier.cpp:133]   --->   Operation 134 'load' 'x_local_0_V_load' <Predicate = (!exitcond4_i)> <Delay = 2.32> <Core = "RAM">   --->   Core 37 'RAM' <Latency = 1> <II = 1> <Delay = 2.32> <Storage> <Opcode : 'load' 'store'> <Ports = 2> <Width = 8> <Depth = 49> <RAM>
ST_3 : Operation 135 [2/2] (3.25ns)   --->   "%svs_V_1_load = load i125* %svs_V_1_addr, align 16" [ADSD/Classifier.cpp:68->ADSD/Classifier.cpp:133]   --->   Operation 135 'load' 'svs_V_1_load' <Predicate = (!exitcond4_i)> <Delay = 3.25> <Core = "ROM_nP">   --->   Core 48 'ROM_nP' <Latency = 1> <II = 1> <Delay = 3.25> <Storage> <Opcode : 'load'> <Ports = 0> <Width = 5> <Depth = 11> <ROM>
ST_3 : Operation 136 [2/2] (3.25ns)   --->   "%svs_V_2_load = load i125* %svs_V_2_addr, align 16" [ADSD/Classifier.cpp:68->ADSD/Classifier.cpp:133]   --->   Operation 136 'load' 'svs_V_2_load' <Predicate = (!exitcond4_i)> <Delay = 3.25> <Core = "ROM_nP">   --->   Core 48 'ROM_nP' <Latency = 1> <II = 1> <Delay = 3.25> <Storage> <Opcode : 'load'> <Ports = 0> <Width = 5> <Depth = 11> <ROM>
ST_3 : Operation 137 [2/2] (3.25ns)   --->   "%svs_V_3_load = load i128* %svs_V_3_addr, align 16" [ADSD/Classifier.cpp:68->ADSD/Classifier.cpp:133]   --->   Operation 137 'load' 'svs_V_3_load' <Predicate = (!exitcond4_i)> <Delay = 3.25> <Core = "ROM_nP">   --->   Core 48 'ROM_nP' <Latency = 1> <II = 1> <Delay = 3.25> <Storage> <Opcode : 'load'> <Ports = 0> <Width = 5> <Depth = 11> <ROM>
ST_3 : Operation 138 [2/2] (3.25ns)   --->   "%svs_V_4_load = load i125* %svs_V_4_addr, align 16" [ADSD/Classifier.cpp:68->ADSD/Classifier.cpp:133]   --->   Operation 138 'load' 'svs_V_4_load' <Predicate = (!exitcond4_i)> <Delay = 3.25> <Core = "ROM_nP">   --->   Core 48 'ROM_nP' <Latency = 1> <II = 1> <Delay = 3.25> <Storage> <Opcode : 'load'> <Ports = 0> <Width = 5> <Depth = 11> <ROM>
ST_3 : Operation 139 [2/2] (3.25ns)   --->   "%svs_V_5_load = load i125* %svs_V_5_addr, align 16" [ADSD/Classifier.cpp:68->ADSD/Classifier.cpp:133]   --->   Operation 139 'load' 'svs_V_5_load' <Predicate = (!exitcond4_i)> <Delay = 3.25> <Core = "ROM_nP">   --->   Core 48 'ROM_nP' <Latency = 1> <II = 1> <Delay = 3.25> <Storage> <Opcode : 'load'> <Ports = 0> <Width = 5> <Depth = 11> <ROM>
ST_3 : Operation 140 [2/2] (3.25ns)   --->   "%svs_V_6_load = load i126* %svs_V_6_addr, align 16" [ADSD/Classifier.cpp:68->ADSD/Classifier.cpp:133]   --->   Operation 140 'load' 'svs_V_6_load' <Predicate = (!exitcond4_i)> <Delay = 3.25> <Core = "ROM_nP">   --->   Core 48 'ROM_nP' <Latency = 1> <II = 1> <Delay = 3.25> <Storage> <Opcode : 'load'> <Ports = 0> <Width = 5> <Depth = 11> <ROM>
ST_3 : Operation 141 [2/2] (3.25ns)   --->   "%svs_V_7_load = load i125* %svs_V_7_addr, align 16" [ADSD/Classifier.cpp:68->ADSD/Classifier.cpp:133]   --->   Operation 141 'load' 'svs_V_7_load' <Predicate = (!exitcond4_i)> <Delay = 3.25> <Core = "ROM_nP">   --->   Core 48 'ROM_nP' <Latency = 1> <II = 1> <Delay = 3.25> <Storage> <Opcode : 'load'> <Ports = 0> <Width = 5> <Depth = 11> <ROM>
ST_3 : Operation 142 [2/2] (3.25ns)   --->   "%svs_V_8_load = load i128* %svs_V_8_addr, align 16" [ADSD/Classifier.cpp:68->ADSD/Classifier.cpp:133]   --->   Operation 142 'load' 'svs_V_8_load' <Predicate = (!exitcond4_i)> <Delay = 3.25> <Core = "ROM_nP">   --->   Core 48 'ROM_nP' <Latency = 1> <II = 1> <Delay = 3.25> <Storage> <Opcode : 'load'> <Ports = 0> <Width = 5> <Depth = 11> <ROM>
ST_3 : Operation 143 [2/2] (3.25ns)   --->   "%svs_V_9_load = load i126* %svs_V_9_addr, align 16" [ADSD/Classifier.cpp:68->ADSD/Classifier.cpp:133]   --->   Operation 143 'load' 'svs_V_9_load' <Predicate = (!exitcond4_i)> <Delay = 3.25> <Core = "ROM_nP">   --->   Core 48 'ROM_nP' <Latency = 1> <II = 1> <Delay = 3.25> <Storage> <Opcode : 'load'> <Ports = 0> <Width = 5> <Depth = 11> <ROM>
ST_3 : Operation 144 [2/2] (3.25ns)   --->   "%svs_V_10_load = load i125* %svs_V_10_addr, align 16" [ADSD/Classifier.cpp:68->ADSD/Classifier.cpp:133]   --->   Operation 144 'load' 'svs_V_10_load' <Predicate = (!exitcond4_i)> <Delay = 3.25> <Core = "ROM_nP">   --->   Core 48 'ROM_nP' <Latency = 1> <II = 1> <Delay = 3.25> <Storage> <Opcode : 'load'> <Ports = 0> <Width = 5> <Depth = 11> <ROM>
ST_3 : Operation 145 [2/2] (3.25ns)   --->   "%svs_V_11_load = load i125* %svs_V_11_addr, align 16" [ADSD/Classifier.cpp:68->ADSD/Classifier.cpp:133]   --->   Operation 145 'load' 'svs_V_11_load' <Predicate = (!exitcond4_i)> <Delay = 3.25> <Core = "ROM_nP">   --->   Core 48 'ROM_nP' <Latency = 1> <II = 1> <Delay = 3.25> <Storage> <Opcode : 'load'> <Ports = 0> <Width = 5> <Depth = 11> <ROM>
ST_3 : Operation 146 [2/2] (3.25ns)   --->   "%svs_V_12_load = load i126* %svs_V_12_addr, align 16" [ADSD/Classifier.cpp:68->ADSD/Classifier.cpp:133]   --->   Operation 146 'load' 'svs_V_12_load' <Predicate = (!exitcond4_i)> <Delay = 3.25> <Core = "ROM_nP">   --->   Core 48 'ROM_nP' <Latency = 1> <II = 1> <Delay = 3.25> <Storage> <Opcode : 'load'> <Ports = 0> <Width = 5> <Depth = 11> <ROM>
ST_3 : Operation 147 [2/2] (3.25ns)   --->   "%svs_V_13_load = load i127* %svs_V_13_addr, align 16" [ADSD/Classifier.cpp:68->ADSD/Classifier.cpp:133]   --->   Operation 147 'load' 'svs_V_13_load' <Predicate = (!exitcond4_i)> <Delay = 3.25> <Core = "ROM_nP">   --->   Core 48 'ROM_nP' <Latency = 1> <II = 1> <Delay = 3.25> <Storage> <Opcode : 'load'> <Ports = 0> <Width = 5> <Depth = 11> <ROM>
ST_3 : Operation 148 [2/2] (3.25ns)   --->   "%svs_V_14_load = load i126* %svs_V_14_addr, align 16" [ADSD/Classifier.cpp:68->ADSD/Classifier.cpp:133]   --->   Operation 148 'load' 'svs_V_14_load' <Predicate = (!exitcond4_i)> <Delay = 3.25> <Core = "ROM_nP">   --->   Core 48 'ROM_nP' <Latency = 1> <II = 1> <Delay = 3.25> <Storage> <Opcode : 'load'> <Ports = 0> <Width = 5> <Depth = 11> <ROM>
ST_3 : Operation 149 [2/2] (3.25ns)   --->   "%svs_V_15_load = load i128* %svs_V_15_addr, align 16" [ADSD/Classifier.cpp:68->ADSD/Classifier.cpp:133]   --->   Operation 149 'load' 'svs_V_15_load' <Predicate = (!exitcond4_i)> <Delay = 3.25> <Core = "ROM_nP">   --->   Core 48 'ROM_nP' <Latency = 1> <II = 1> <Delay = 3.25> <Storage> <Opcode : 'load'> <Ports = 0> <Width = 5> <Depth = 11> <ROM>
ST_3 : Operation 150 [1/1] (0.00ns)   --->   "%x_local_1_V_addr = getelementptr [49 x i8]* %x_local_1_V, i64 0, i64 %newIndex3_i" [ADSD/Classifier.cpp:62->ADSD/Classifier.cpp:133]   --->   Operation 150 'getelementptr' 'x_local_1_V_addr' <Predicate = (!exitcond4_i)> <Delay = 0.00>
ST_3 : Operation 151 [2/2] (2.32ns)   --->   "%x_local_1_V_load = load i8* %x_local_1_V_addr, align 1" [ADSD/Classifier.cpp:69->ADSD/Classifier.cpp:133]   --->   Operation 151 'load' 'x_local_1_V_load' <Predicate = (!exitcond4_i)> <Delay = 2.32> <Core = "RAM">   --->   Core 37 'RAM' <Latency = 1> <II = 1> <Delay = 2.32> <Storage> <Opcode : 'load' 'store'> <Ports = 2> <Width = 8> <Depth = 49> <RAM>
ST_3 : Operation 152 [1/1] (0.00ns)   --->   "%x_local_2_V_addr = getelementptr [49 x i8]* %x_local_2_V, i64 0, i64 %newIndex3_i" [ADSD/Classifier.cpp:62->ADSD/Classifier.cpp:133]   --->   Operation 152 'getelementptr' 'x_local_2_V_addr' <Predicate = (!exitcond4_i)> <Delay = 0.00>
ST_3 : Operation 153 [2/2] (2.32ns)   --->   "%x_local_2_V_load = load i8* %x_local_2_V_addr, align 1" [ADSD/Classifier.cpp:69->ADSD/Classifier.cpp:133]   --->   Operation 153 'load' 'x_local_2_V_load' <Predicate = (!exitcond4_i)> <Delay = 2.32> <Core = "RAM">   --->   Core 37 'RAM' <Latency = 1> <II = 1> <Delay = 2.32> <Storage> <Opcode : 'load' 'store'> <Ports = 2> <Width = 8> <Depth = 49> <RAM>
ST_3 : Operation 154 [1/1] (0.00ns)   --->   "%x_local_3_V_addr = getelementptr [49 x i8]* %x_local_3_V, i64 0, i64 %newIndex3_i" [ADSD/Classifier.cpp:62->ADSD/Classifier.cpp:133]   --->   Operation 154 'getelementptr' 'x_local_3_V_addr' <Predicate = (!exitcond4_i)> <Delay = 0.00>
ST_3 : Operation 155 [2/2] (2.32ns)   --->   "%x_local_3_V_load = load i8* %x_local_3_V_addr, align 1" [ADSD/Classifier.cpp:69->ADSD/Classifier.cpp:133]   --->   Operation 155 'load' 'x_local_3_V_load' <Predicate = (!exitcond4_i)> <Delay = 2.32> <Core = "RAM">   --->   Core 37 'RAM' <Latency = 1> <II = 1> <Delay = 2.32> <Storage> <Opcode : 'load' 'store'> <Ports = 2> <Width = 8> <Depth = 49> <RAM>
ST_3 : Operation 156 [1/1] (0.00ns)   --->   "%x_local_4_V_addr = getelementptr [49 x i8]* %x_local_4_V, i64 0, i64 %newIndex3_i" [ADSD/Classifier.cpp:62->ADSD/Classifier.cpp:133]   --->   Operation 156 'getelementptr' 'x_local_4_V_addr' <Predicate = (!exitcond4_i)> <Delay = 0.00>
ST_3 : Operation 157 [2/2] (2.32ns)   --->   "%x_local_4_V_load = load i8* %x_local_4_V_addr, align 1" [ADSD/Classifier.cpp:69->ADSD/Classifier.cpp:133]   --->   Operation 157 'load' 'x_local_4_V_load' <Predicate = (!exitcond4_i)> <Delay = 2.32> <Core = "RAM">   --->   Core 37 'RAM' <Latency = 1> <II = 1> <Delay = 2.32> <Storage> <Opcode : 'load' 'store'> <Ports = 2> <Width = 8> <Depth = 49> <RAM>
ST_3 : Operation 158 [1/1] (0.00ns)   --->   "%x_local_5_V_addr = getelementptr [49 x i8]* %x_local_5_V, i64 0, i64 %newIndex3_i" [ADSD/Classifier.cpp:62->ADSD/Classifier.cpp:133]   --->   Operation 158 'getelementptr' 'x_local_5_V_addr' <Predicate = (!exitcond4_i)> <Delay = 0.00>
ST_3 : Operation 159 [2/2] (2.32ns)   --->   "%x_local_5_V_load = load i8* %x_local_5_V_addr, align 1" [ADSD/Classifier.cpp:69->ADSD/Classifier.cpp:133]   --->   Operation 159 'load' 'x_local_5_V_load' <Predicate = (!exitcond4_i)> <Delay = 2.32> <Core = "RAM">   --->   Core 37 'RAM' <Latency = 1> <II = 1> <Delay = 2.32> <Storage> <Opcode : 'load' 'store'> <Ports = 2> <Width = 8> <Depth = 49> <RAM>
ST_3 : Operation 160 [1/1] (0.00ns)   --->   "%x_local_6_V_addr = getelementptr [49 x i8]* %x_local_6_V, i64 0, i64 %newIndex3_i" [ADSD/Classifier.cpp:62->ADSD/Classifier.cpp:133]   --->   Operation 160 'getelementptr' 'x_local_6_V_addr' <Predicate = (!exitcond4_i)> <Delay = 0.00>
ST_3 : Operation 161 [2/2] (2.32ns)   --->   "%x_local_6_V_load = load i8* %x_local_6_V_addr, align 1" [ADSD/Classifier.cpp:69->ADSD/Classifier.cpp:133]   --->   Operation 161 'load' 'x_local_6_V_load' <Predicate = (!exitcond4_i)> <Delay = 2.32> <Core = "RAM">   --->   Core 37 'RAM' <Latency = 1> <II = 1> <Delay = 2.32> <Storage> <Opcode : 'load' 'store'> <Ports = 2> <Width = 8> <Depth = 49> <RAM>
ST_3 : Operation 162 [1/1] (0.00ns)   --->   "%x_local_7_V_addr = getelementptr [49 x i8]* %x_local_7_V, i64 0, i64 %newIndex3_i" [ADSD/Classifier.cpp:62->ADSD/Classifier.cpp:133]   --->   Operation 162 'getelementptr' 'x_local_7_V_addr' <Predicate = (!exitcond4_i)> <Delay = 0.00>
ST_3 : Operation 163 [2/2] (2.32ns)   --->   "%x_local_7_V_load = load i8* %x_local_7_V_addr, align 1" [ADSD/Classifier.cpp:69->ADSD/Classifier.cpp:133]   --->   Operation 163 'load' 'x_local_7_V_load' <Predicate = (!exitcond4_i)> <Delay = 2.32> <Core = "RAM">   --->   Core 37 'RAM' <Latency = 1> <II = 1> <Delay = 2.32> <Storage> <Opcode : 'load' 'store'> <Ports = 2> <Width = 8> <Depth = 49> <RAM>
ST_3 : Operation 164 [1/1] (0.00ns)   --->   "%x_local_8_V_addr = getelementptr [49 x i8]* %x_local_8_V, i64 0, i64 %newIndex3_i" [ADSD/Classifier.cpp:62->ADSD/Classifier.cpp:133]   --->   Operation 164 'getelementptr' 'x_local_8_V_addr' <Predicate = (!exitcond4_i)> <Delay = 0.00>
ST_3 : Operation 165 [2/2] (2.32ns)   --->   "%x_local_8_V_load = load i8* %x_local_8_V_addr, align 1" [ADSD/Classifier.cpp:69->ADSD/Classifier.cpp:133]   --->   Operation 165 'load' 'x_local_8_V_load' <Predicate = (!exitcond4_i)> <Delay = 2.32> <Core = "RAM">   --->   Core 37 'RAM' <Latency = 1> <II = 1> <Delay = 2.32> <Storage> <Opcode : 'load' 'store'> <Ports = 2> <Width = 8> <Depth = 49> <RAM>
ST_3 : Operation 166 [1/1] (0.00ns)   --->   "%x_local_9_V_addr = getelementptr [49 x i8]* %x_local_9_V, i64 0, i64 %newIndex3_i" [ADSD/Classifier.cpp:62->ADSD/Classifier.cpp:133]   --->   Operation 166 'getelementptr' 'x_local_9_V_addr' <Predicate = (!exitcond4_i)> <Delay = 0.00>
ST_3 : Operation 167 [2/2] (2.32ns)   --->   "%x_local_9_V_load = load i8* %x_local_9_V_addr, align 1" [ADSD/Classifier.cpp:69->ADSD/Classifier.cpp:133]   --->   Operation 167 'load' 'x_local_9_V_load' <Predicate = (!exitcond4_i)> <Delay = 2.32> <Core = "RAM">   --->   Core 37 'RAM' <Latency = 1> <II = 1> <Delay = 2.32> <Storage> <Opcode : 'load' 'store'> <Ports = 2> <Width = 8> <Depth = 49> <RAM>
ST_3 : Operation 168 [1/1] (0.00ns)   --->   "%x_local_10_V_addr = getelementptr [49 x i8]* %x_local_10_V, i64 0, i64 %newIndex3_i" [ADSD/Classifier.cpp:62->ADSD/Classifier.cpp:133]   --->   Operation 168 'getelementptr' 'x_local_10_V_addr' <Predicate = (!exitcond4_i)> <Delay = 0.00>
ST_3 : Operation 169 [2/2] (2.32ns)   --->   "%x_local_10_V_load = load i8* %x_local_10_V_addr, align 1" [ADSD/Classifier.cpp:69->ADSD/Classifier.cpp:133]   --->   Operation 169 'load' 'x_local_10_V_load' <Predicate = (!exitcond4_i)> <Delay = 2.32> <Core = "RAM">   --->   Core 37 'RAM' <Latency = 1> <II = 1> <Delay = 2.32> <Storage> <Opcode : 'load' 'store'> <Ports = 2> <Width = 8> <Depth = 49> <RAM>
ST_3 : Operation 170 [1/1] (0.00ns)   --->   "%x_local_11_V_addr = getelementptr [49 x i8]* %x_local_11_V, i64 0, i64 %newIndex3_i" [ADSD/Classifier.cpp:62->ADSD/Classifier.cpp:133]   --->   Operation 170 'getelementptr' 'x_local_11_V_addr' <Predicate = (!exitcond4_i)> <Delay = 0.00>
ST_3 : Operation 171 [2/2] (2.32ns)   --->   "%x_local_11_V_load = load i8* %x_local_11_V_addr, align 1" [ADSD/Classifier.cpp:69->ADSD/Classifier.cpp:133]   --->   Operation 171 'load' 'x_local_11_V_load' <Predicate = (!exitcond4_i)> <Delay = 2.32> <Core = "RAM">   --->   Core 37 'RAM' <Latency = 1> <II = 1> <Delay = 2.32> <Storage> <Opcode : 'load' 'store'> <Ports = 2> <Width = 8> <Depth = 49> <RAM>
ST_3 : Operation 172 [1/1] (0.00ns)   --->   "%x_local_12_V_addr = getelementptr [49 x i8]* %x_local_12_V, i64 0, i64 %newIndex3_i" [ADSD/Classifier.cpp:62->ADSD/Classifier.cpp:133]   --->   Operation 172 'getelementptr' 'x_local_12_V_addr' <Predicate = (!exitcond4_i)> <Delay = 0.00>
ST_3 : Operation 173 [2/2] (2.32ns)   --->   "%x_local_12_V_load = load i8* %x_local_12_V_addr, align 1" [ADSD/Classifier.cpp:69->ADSD/Classifier.cpp:133]   --->   Operation 173 'load' 'x_local_12_V_load' <Predicate = (!exitcond4_i)> <Delay = 2.32> <Core = "RAM">   --->   Core 37 'RAM' <Latency = 1> <II = 1> <Delay = 2.32> <Storage> <Opcode : 'load' 'store'> <Ports = 2> <Width = 8> <Depth = 49> <RAM>
ST_3 : Operation 174 [1/1] (0.00ns)   --->   "%x_local_13_V_addr = getelementptr [49 x i8]* %x_local_13_V, i64 0, i64 %newIndex3_i" [ADSD/Classifier.cpp:62->ADSD/Classifier.cpp:133]   --->   Operation 174 'getelementptr' 'x_local_13_V_addr' <Predicate = (!exitcond4_i)> <Delay = 0.00>
ST_3 : Operation 175 [2/2] (2.32ns)   --->   "%x_local_13_V_load = load i8* %x_local_13_V_addr, align 1" [ADSD/Classifier.cpp:69->ADSD/Classifier.cpp:133]   --->   Operation 175 'load' 'x_local_13_V_load' <Predicate = (!exitcond4_i)> <Delay = 2.32> <Core = "RAM">   --->   Core 37 'RAM' <Latency = 1> <II = 1> <Delay = 2.32> <Storage> <Opcode : 'load' 'store'> <Ports = 2> <Width = 8> <Depth = 49> <RAM>
ST_3 : Operation 176 [1/1] (0.00ns)   --->   "%x_local_14_V_addr = getelementptr [49 x i8]* %x_local_14_V, i64 0, i64 %newIndex3_i" [ADSD/Classifier.cpp:62->ADSD/Classifier.cpp:133]   --->   Operation 176 'getelementptr' 'x_local_14_V_addr' <Predicate = (!exitcond4_i)> <Delay = 0.00>
ST_3 : Operation 177 [2/2] (2.32ns)   --->   "%x_local_14_V_load = load i8* %x_local_14_V_addr, align 1" [ADSD/Classifier.cpp:69->ADSD/Classifier.cpp:133]   --->   Operation 177 'load' 'x_local_14_V_load' <Predicate = (!exitcond4_i)> <Delay = 2.32> <Core = "RAM">   --->   Core 37 'RAM' <Latency = 1> <II = 1> <Delay = 2.32> <Storage> <Opcode : 'load' 'store'> <Ports = 2> <Width = 8> <Depth = 49> <RAM>
ST_3 : Operation 178 [1/1] (0.00ns)   --->   "%x_local_15_V_addr = getelementptr [49 x i8]* %x_local_15_V, i64 0, i64 %newIndex3_i" [ADSD/Classifier.cpp:62->ADSD/Classifier.cpp:133]   --->   Operation 178 'getelementptr' 'x_local_15_V_addr' <Predicate = (!exitcond4_i)> <Delay = 0.00>
ST_3 : Operation 179 [2/2] (2.32ns)   --->   "%x_local_15_V_load = load i8* %x_local_15_V_addr, align 1" [ADSD/Classifier.cpp:69->ADSD/Classifier.cpp:133]   --->   Operation 179 'load' 'x_local_15_V_load' <Predicate = (!exitcond4_i)> <Delay = 2.32> <Core = "RAM">   --->   Core 37 'RAM' <Latency = 1> <II = 1> <Delay = 2.32> <Storage> <Opcode : 'load' 'store'> <Ports = 2> <Width = 8> <Depth = 49> <RAM>
ST_3 : Operation 180 [1/1] (1.73ns)   --->   "%j_1_i = add i10 16, %j_i" [ADSD/Classifier.cpp:62->ADSD/Classifier.cpp:133]   --->   Operation 180 'add' 'j_1_i' <Predicate = (!exitcond4_i)> <Delay = 1.73> <Core = "AddSub">   --->   Core 14 'AddSub' <Latency = 0> <II = 1> <Delay = 2.55> <FuncUnit> <Opcode : 'add' 'sub'> <InPorts = 2> <OutPorts = 1>

State 4 <SV = 3> <Delay = 7.42>
ST_4 : Operation 181 [1/2] (3.25ns)   --->   "%svs_V_0_load = load i125* %svs_V_0_addr, align 16" [ADSD/Classifier.cpp:68->ADSD/Classifier.cpp:133]   --->   Operation 181 'load' 'svs_V_0_load' <Predicate = (!exitcond4_i)> <Delay = 3.25> <Core = "ROM_nP">   --->   Core 48 'ROM_nP' <Latency = 1> <II = 1> <Delay = 3.25> <Storage> <Opcode : 'load'> <Ports = 0> <Width = 5> <Depth = 11> <ROM>
ST_4 : Operation 182 [1/1] (0.00ns)   --->   "%tmp_240 = trunc i125 %svs_V_0_load to i8" [ADSD/Classifier.cpp:68->ADSD/Classifier.cpp:133]   --->   Operation 182 'trunc' 'tmp_240' <Predicate = (!exitcond4_i)> <Delay = 0.00>
ST_4 : Operation 183 [1/2] (2.32ns)   --->   "%x_local_0_V_load = load i8* %x_local_0_V_addr, align 1" [ADSD/Classifier.cpp:69->ADSD/Classifier.cpp:133]   --->   Operation 183 'load' 'x_local_0_V_load' <Predicate = (!exitcond4_i)> <Delay = 2.32> <Core = "RAM">   --->   Core 37 'RAM' <Latency = 1> <II = 1> <Delay = 2.32> <Storage> <Opcode : 'load' 'store'> <Ports = 2> <Width = 8> <Depth = 49> <RAM>
ST_4 : Operation 184 [1/1] (0.00ns)   --->   "%OP1_V_0_i = sext i8 %tmp_240 to i16" [ADSD/Classifier.cpp:70->ADSD/Classifier.cpp:133]   --->   Operation 184 'sext' 'OP1_V_0_i' <Predicate = (!exitcond4_i)> <Delay = 0.00>
ST_4 : Operation 185 [1/1] (0.00ns)   --->   "%OP2_V_0_i = sext i8 %x_local_0_V_load to i16" [ADSD/Classifier.cpp:70->ADSD/Classifier.cpp:133]   --->   Operation 185 'sext' 'OP2_V_0_i' <Predicate = (!exitcond4_i)> <Delay = 0.00>
ST_4 : Operation 186 [1/1] (4.17ns)   --->   "%r_V_0_i = mul i16 %OP2_V_0_i, %OP1_V_0_i" [ADSD/Classifier.cpp:70->ADSD/Classifier.cpp:133]   --->   Operation 186 'mul' 'r_V_0_i' <Predicate = (!exitcond4_i)> <Delay = 4.17> <Core = "Mul">   --->   Core 16 'Mul' <Latency = 0> <II = 1> <Delay = 3.74> <FuncUnit> <Opcode : 'mul'> <InPorts = 2> <OutPorts = 1>
ST_4 : Operation 187 [1/2] (3.25ns)   --->   "%svs_V_1_load = load i125* %svs_V_1_addr, align 16" [ADSD/Classifier.cpp:68->ADSD/Classifier.cpp:133]   --->   Operation 187 'load' 'svs_V_1_load' <Predicate = (!exitcond4_i)> <Delay = 3.25> <Core = "ROM_nP">   --->   Core 48 'ROM_nP' <Latency = 1> <II = 1> <Delay = 3.25> <Storage> <Opcode : 'load'> <Ports = 0> <Width = 5> <Depth = 11> <ROM>
ST_4 : Operation 188 [1/1] (0.00ns)   --->   "%tmp_241 = trunc i125 %svs_V_1_load to i8" [ADSD/Classifier.cpp:68->ADSD/Classifier.cpp:133]   --->   Operation 188 'trunc' 'tmp_241' <Predicate = (!exitcond4_i)> <Delay = 0.00>
ST_4 : Operation 189 [1/1] (0.00ns)   --->   "%OP1_V_0_1_i = sext i8 %tmp_241 to i16" [ADSD/Classifier.cpp:70->ADSD/Classifier.cpp:133]   --->   Operation 189 'sext' 'OP1_V_0_1_i' <Predicate = (!exitcond4_i)> <Delay = 0.00>
ST_4 : Operation 190 [1/1] (4.17ns)   --->   "%r_V_0_1_i = mul i16 %OP2_V_0_i, %OP1_V_0_1_i" [ADSD/Classifier.cpp:70->ADSD/Classifier.cpp:133]   --->   Operation 190 'mul' 'r_V_0_1_i' <Predicate = (!exitcond4_i)> <Delay = 4.17> <Core = "Mul">   --->   Core 16 'Mul' <Latency = 0> <II = 1> <Delay = 3.74> <FuncUnit> <Opcode : 'mul'> <InPorts = 2> <OutPorts = 1>
ST_4 : Operation 191 [1/2] (3.25ns)   --->   "%svs_V_2_load = load i125* %svs_V_2_addr, align 16" [ADSD/Classifier.cpp:68->ADSD/Classifier.cpp:133]   --->   Operation 191 'load' 'svs_V_2_load' <Predicate = (!exitcond4_i)> <Delay = 3.25> <Core = "ROM_nP">   --->   Core 48 'ROM_nP' <Latency = 1> <II = 1> <Delay = 3.25> <Storage> <Opcode : 'load'> <Ports = 0> <Width = 5> <Depth = 11> <ROM>
ST_4 : Operation 192 [1/1] (0.00ns)   --->   "%tmp_242 = trunc i125 %svs_V_2_load to i8" [ADSD/Classifier.cpp:68->ADSD/Classifier.cpp:133]   --->   Operation 192 'trunc' 'tmp_242' <Predicate = (!exitcond4_i)> <Delay = 0.00>
ST_4 : Operation 193 [1/1] (0.00ns)   --->   "%OP1_V_0_2_i = sext i8 %tmp_242 to i16" [ADSD/Classifier.cpp:70->ADSD/Classifier.cpp:133]   --->   Operation 193 'sext' 'OP1_V_0_2_i' <Predicate = (!exitcond4_i)> <Delay = 0.00>
ST_4 : Operation 194 [1/1] (4.17ns)   --->   "%r_V_0_2_i = mul i16 %OP2_V_0_i, %OP1_V_0_2_i" [ADSD/Classifier.cpp:70->ADSD/Classifier.cpp:133]   --->   Operation 194 'mul' 'r_V_0_2_i' <Predicate = (!exitcond4_i)> <Delay = 4.17> <Core = "Mul">   --->   Core 16 'Mul' <Latency = 0> <II = 1> <Delay = 3.74> <FuncUnit> <Opcode : 'mul'> <InPorts = 2> <OutPorts = 1>
ST_4 : Operation 195 [1/2] (3.25ns)   --->   "%svs_V_3_load = load i128* %svs_V_3_addr, align 16" [ADSD/Classifier.cpp:68->ADSD/Classifier.cpp:133]   --->   Operation 195 'load' 'svs_V_3_load' <Predicate = (!exitcond4_i)> <Delay = 3.25> <Core = "ROM_nP">   --->   Core 48 'ROM_nP' <Latency = 1> <II = 1> <Delay = 3.25> <Storage> <Opcode : 'load'> <Ports = 0> <Width = 5> <Depth = 11> <ROM>
ST_4 : Operation 196 [1/1] (0.00ns)   --->   "%tmp_243 = trunc i128 %svs_V_3_load to i8" [ADSD/Classifier.cpp:68->ADSD/Classifier.cpp:133]   --->   Operation 196 'trunc' 'tmp_243' <Predicate = (!exitcond4_i)> <Delay = 0.00>
ST_4 : Operation 197 [1/1] (0.00ns)   --->   "%OP1_V_0_3_i = sext i8 %tmp_243 to i16" [ADSD/Classifier.cpp:70->ADSD/Classifier.cpp:133]   --->   Operation 197 'sext' 'OP1_V_0_3_i' <Predicate = (!exitcond4_i)> <Delay = 0.00>
ST_4 : Operation 198 [1/1] (4.17ns)   --->   "%r_V_0_3_i = mul i16 %OP2_V_0_i, %OP1_V_0_3_i" [ADSD/Classifier.cpp:70->ADSD/Classifier.cpp:133]   --->   Operation 198 'mul' 'r_V_0_3_i' <Predicate = (!exitcond4_i)> <Delay = 4.17> <Core = "Mul">   --->   Core 16 'Mul' <Latency = 0> <II = 1> <Delay = 3.74> <FuncUnit> <Opcode : 'mul'> <InPorts = 2> <OutPorts = 1>
ST_4 : Operation 199 [1/2] (3.25ns)   --->   "%svs_V_4_load = load i125* %svs_V_4_addr, align 16" [ADSD/Classifier.cpp:68->ADSD/Classifier.cpp:133]   --->   Operation 199 'load' 'svs_V_4_load' <Predicate = (!exitcond4_i)> <Delay = 3.25> <Core = "ROM_nP">   --->   Core 48 'ROM_nP' <Latency = 1> <II = 1> <Delay = 3.25> <Storage> <Opcode : 'load'> <Ports = 0> <Width = 5> <Depth = 11> <ROM>
ST_4 : Operation 200 [1/1] (0.00ns)   --->   "%tmp_244 = trunc i125 %svs_V_4_load to i8" [ADSD/Classifier.cpp:68->ADSD/Classifier.cpp:133]   --->   Operation 200 'trunc' 'tmp_244' <Predicate = (!exitcond4_i)> <Delay = 0.00>
ST_4 : Operation 201 [1/1] (0.00ns)   --->   "%OP1_V_0_4_i = sext i8 %tmp_244 to i16" [ADSD/Classifier.cpp:70->ADSD/Classifier.cpp:133]   --->   Operation 201 'sext' 'OP1_V_0_4_i' <Predicate = (!exitcond4_i)> <Delay = 0.00>
ST_4 : Operation 202 [1/1] (4.17ns)   --->   "%r_V_0_4_i = mul i16 %OP2_V_0_i, %OP1_V_0_4_i" [ADSD/Classifier.cpp:70->ADSD/Classifier.cpp:133]   --->   Operation 202 'mul' 'r_V_0_4_i' <Predicate = (!exitcond4_i)> <Delay = 4.17> <Core = "Mul">   --->   Core 16 'Mul' <Latency = 0> <II = 1> <Delay = 3.74> <FuncUnit> <Opcode : 'mul'> <InPorts = 2> <OutPorts = 1>
ST_4 : Operation 203 [1/2] (3.25ns)   --->   "%svs_V_5_load = load i125* %svs_V_5_addr, align 16" [ADSD/Classifier.cpp:68->ADSD/Classifier.cpp:133]   --->   Operation 203 'load' 'svs_V_5_load' <Predicate = (!exitcond4_i)> <Delay = 3.25> <Core = "ROM_nP">   --->   Core 48 'ROM_nP' <Latency = 1> <II = 1> <Delay = 3.25> <Storage> <Opcode : 'load'> <Ports = 0> <Width = 5> <Depth = 11> <ROM>
ST_4 : Operation 204 [1/1] (0.00ns)   --->   "%tmp_245 = trunc i125 %svs_V_5_load to i8" [ADSD/Classifier.cpp:68->ADSD/Classifier.cpp:133]   --->   Operation 204 'trunc' 'tmp_245' <Predicate = (!exitcond4_i)> <Delay = 0.00>
ST_4 : Operation 205 [1/1] (0.00ns)   --->   "%OP1_V_0_5_i = sext i8 %tmp_245 to i16" [ADSD/Classifier.cpp:70->ADSD/Classifier.cpp:133]   --->   Operation 205 'sext' 'OP1_V_0_5_i' <Predicate = (!exitcond4_i)> <Delay = 0.00>
ST_4 : Operation 206 [1/1] (4.17ns)   --->   "%r_V_0_5_i = mul i16 %OP2_V_0_i, %OP1_V_0_5_i" [ADSD/Classifier.cpp:70->ADSD/Classifier.cpp:133]   --->   Operation 206 'mul' 'r_V_0_5_i' <Predicate = (!exitcond4_i)> <Delay = 4.17> <Core = "Mul">   --->   Core 16 'Mul' <Latency = 0> <II = 1> <Delay = 3.74> <FuncUnit> <Opcode : 'mul'> <InPorts = 2> <OutPorts = 1>
ST_4 : Operation 207 [1/2] (3.25ns)   --->   "%svs_V_6_load = load i126* %svs_V_6_addr, align 16" [ADSD/Classifier.cpp:68->ADSD/Classifier.cpp:133]   --->   Operation 207 'load' 'svs_V_6_load' <Predicate = (!exitcond4_i)> <Delay = 3.25> <Core = "ROM_nP">   --->   Core 48 'ROM_nP' <Latency = 1> <II = 1> <Delay = 3.25> <Storage> <Opcode : 'load'> <Ports = 0> <Width = 5> <Depth = 11> <ROM>
ST_4 : Operation 208 [1/1] (0.00ns)   --->   "%tmp_246 = trunc i126 %svs_V_6_load to i8" [ADSD/Classifier.cpp:68->ADSD/Classifier.cpp:133]   --->   Operation 208 'trunc' 'tmp_246' <Predicate = (!exitcond4_i)> <Delay = 0.00>
ST_4 : Operation 209 [1/1] (0.00ns)   --->   "%OP1_V_0_6_i = sext i8 %tmp_246 to i16" [ADSD/Classifier.cpp:70->ADSD/Classifier.cpp:133]   --->   Operation 209 'sext' 'OP1_V_0_6_i' <Predicate = (!exitcond4_i)> <Delay = 0.00>
ST_4 : Operation 210 [1/1] (4.17ns)   --->   "%r_V_0_6_i = mul i16 %OP2_V_0_i, %OP1_V_0_6_i" [ADSD/Classifier.cpp:70->ADSD/Classifier.cpp:133]   --->   Operation 210 'mul' 'r_V_0_6_i' <Predicate = (!exitcond4_i)> <Delay = 4.17> <Core = "Mul">   --->   Core 16 'Mul' <Latency = 0> <II = 1> <Delay = 3.74> <FuncUnit> <Opcode : 'mul'> <InPorts = 2> <OutPorts = 1>
ST_4 : Operation 211 [1/2] (3.25ns)   --->   "%svs_V_7_load = load i125* %svs_V_7_addr, align 16" [ADSD/Classifier.cpp:68->ADSD/Classifier.cpp:133]   --->   Operation 211 'load' 'svs_V_7_load' <Predicate = (!exitcond4_i)> <Delay = 3.25> <Core = "ROM_nP">   --->   Core 48 'ROM_nP' <Latency = 1> <II = 1> <Delay = 3.25> <Storage> <Opcode : 'load'> <Ports = 0> <Width = 5> <Depth = 11> <ROM>
ST_4 : Operation 212 [1/1] (0.00ns)   --->   "%tmp_247 = trunc i125 %svs_V_7_load to i8" [ADSD/Classifier.cpp:68->ADSD/Classifier.cpp:133]   --->   Operation 212 'trunc' 'tmp_247' <Predicate = (!exitcond4_i)> <Delay = 0.00>
ST_4 : Operation 213 [1/1] (0.00ns)   --->   "%OP1_V_0_7_i = sext i8 %tmp_247 to i16" [ADSD/Classifier.cpp:70->ADSD/Classifier.cpp:133]   --->   Operation 213 'sext' 'OP1_V_0_7_i' <Predicate = (!exitcond4_i)> <Delay = 0.00>
ST_4 : Operation 214 [1/1] (4.17ns)   --->   "%r_V_0_7_i = mul i16 %OP2_V_0_i, %OP1_V_0_7_i" [ADSD/Classifier.cpp:70->ADSD/Classifier.cpp:133]   --->   Operation 214 'mul' 'r_V_0_7_i' <Predicate = (!exitcond4_i)> <Delay = 4.17> <Core = "Mul">   --->   Core 16 'Mul' <Latency = 0> <II = 1> <Delay = 3.74> <FuncUnit> <Opcode : 'mul'> <InPorts = 2> <OutPorts = 1>
ST_4 : Operation 215 [1/2] (3.25ns)   --->   "%svs_V_8_load = load i128* %svs_V_8_addr, align 16" [ADSD/Classifier.cpp:68->ADSD/Classifier.cpp:133]   --->   Operation 215 'load' 'svs_V_8_load' <Predicate = (!exitcond4_i)> <Delay = 3.25> <Core = "ROM_nP">   --->   Core 48 'ROM_nP' <Latency = 1> <II = 1> <Delay = 3.25> <Storage> <Opcode : 'load'> <Ports = 0> <Width = 5> <Depth = 11> <ROM>
ST_4 : Operation 216 [1/1] (0.00ns)   --->   "%tmp_248 = trunc i128 %svs_V_8_load to i8" [ADSD/Classifier.cpp:68->ADSD/Classifier.cpp:133]   --->   Operation 216 'trunc' 'tmp_248' <Predicate = (!exitcond4_i)> <Delay = 0.00>
ST_4 : Operation 217 [1/1] (0.00ns)   --->   "%OP1_V_0_8_i = sext i8 %tmp_248 to i16" [ADSD/Classifier.cpp:70->ADSD/Classifier.cpp:133]   --->   Operation 217 'sext' 'OP1_V_0_8_i' <Predicate = (!exitcond4_i)> <Delay = 0.00>
ST_4 : Operation 218 [1/1] (4.17ns)   --->   "%r_V_0_8_i = mul i16 %OP2_V_0_i, %OP1_V_0_8_i" [ADSD/Classifier.cpp:70->ADSD/Classifier.cpp:133]   --->   Operation 218 'mul' 'r_V_0_8_i' <Predicate = (!exitcond4_i)> <Delay = 4.17> <Core = "Mul">   --->   Core 16 'Mul' <Latency = 0> <II = 1> <Delay = 3.74> <FuncUnit> <Opcode : 'mul'> <InPorts = 2> <OutPorts = 1>
ST_4 : Operation 219 [1/2] (3.25ns)   --->   "%svs_V_9_load = load i126* %svs_V_9_addr, align 16" [ADSD/Classifier.cpp:68->ADSD/Classifier.cpp:133]   --->   Operation 219 'load' 'svs_V_9_load' <Predicate = (!exitcond4_i)> <Delay = 3.25> <Core = "ROM_nP">   --->   Core 48 'ROM_nP' <Latency = 1> <II = 1> <Delay = 3.25> <Storage> <Opcode : 'load'> <Ports = 0> <Width = 5> <Depth = 11> <ROM>
ST_4 : Operation 220 [1/1] (0.00ns)   --->   "%tmp_249 = trunc i126 %svs_V_9_load to i8" [ADSD/Classifier.cpp:68->ADSD/Classifier.cpp:133]   --->   Operation 220 'trunc' 'tmp_249' <Predicate = (!exitcond4_i)> <Delay = 0.00>
ST_4 : Operation 221 [1/1] (0.00ns)   --->   "%OP1_V_0_9_i = sext i8 %tmp_249 to i16" [ADSD/Classifier.cpp:70->ADSD/Classifier.cpp:133]   --->   Operation 221 'sext' 'OP1_V_0_9_i' <Predicate = (!exitcond4_i)> <Delay = 0.00>
ST_4 : Operation 222 [1/1] (4.17ns)   --->   "%r_V_0_9_i = mul i16 %OP2_V_0_i, %OP1_V_0_9_i" [ADSD/Classifier.cpp:70->ADSD/Classifier.cpp:133]   --->   Operation 222 'mul' 'r_V_0_9_i' <Predicate = (!exitcond4_i)> <Delay = 4.17> <Core = "Mul">   --->   Core 16 'Mul' <Latency = 0> <II = 1> <Delay = 3.74> <FuncUnit> <Opcode : 'mul'> <InPorts = 2> <OutPorts = 1>
ST_4 : Operation 223 [1/2] (3.25ns)   --->   "%svs_V_10_load = load i125* %svs_V_10_addr, align 16" [ADSD/Classifier.cpp:68->ADSD/Classifier.cpp:133]   --->   Operation 223 'load' 'svs_V_10_load' <Predicate = (!exitcond4_i)> <Delay = 3.25> <Core = "ROM_nP">   --->   Core 48 'ROM_nP' <Latency = 1> <II = 1> <Delay = 3.25> <Storage> <Opcode : 'load'> <Ports = 0> <Width = 5> <Depth = 11> <ROM>
ST_4 : Operation 224 [1/1] (0.00ns)   --->   "%tmp_250 = trunc i125 %svs_V_10_load to i8" [ADSD/Classifier.cpp:68->ADSD/Classifier.cpp:133]   --->   Operation 224 'trunc' 'tmp_250' <Predicate = (!exitcond4_i)> <Delay = 0.00>
ST_4 : Operation 225 [1/1] (0.00ns)   --->   "%OP1_V_0_i_37 = sext i8 %tmp_250 to i16" [ADSD/Classifier.cpp:70->ADSD/Classifier.cpp:133]   --->   Operation 225 'sext' 'OP1_V_0_i_37' <Predicate = (!exitcond4_i)> <Delay = 0.00>
ST_4 : Operation 226 [1/1] (4.17ns)   --->   "%r_V_0_i_38 = mul i16 %OP2_V_0_i, %OP1_V_0_i_37" [ADSD/Classifier.cpp:70->ADSD/Classifier.cpp:133]   --->   Operation 226 'mul' 'r_V_0_i_38' <Predicate = (!exitcond4_i)> <Delay = 4.17> <Core = "Mul">   --->   Core 16 'Mul' <Latency = 0> <II = 1> <Delay = 3.74> <FuncUnit> <Opcode : 'mul'> <InPorts = 2> <OutPorts = 1>
ST_4 : Operation 227 [1/2] (3.25ns)   --->   "%svs_V_11_load = load i125* %svs_V_11_addr, align 16" [ADSD/Classifier.cpp:68->ADSD/Classifier.cpp:133]   --->   Operation 227 'load' 'svs_V_11_load' <Predicate = (!exitcond4_i)> <Delay = 3.25> <Core = "ROM_nP">   --->   Core 48 'ROM_nP' <Latency = 1> <II = 1> <Delay = 3.25> <Storage> <Opcode : 'load'> <Ports = 0> <Width = 5> <Depth = 11> <ROM>
ST_4 : Operation 228 [1/1] (0.00ns)   --->   "%tmp_251 = trunc i125 %svs_V_11_load to i8" [ADSD/Classifier.cpp:68->ADSD/Classifier.cpp:133]   --->   Operation 228 'trunc' 'tmp_251' <Predicate = (!exitcond4_i)> <Delay = 0.00>
ST_4 : Operation 229 [1/1] (0.00ns)   --->   "%OP1_V_0_10_i = sext i8 %tmp_251 to i16" [ADSD/Classifier.cpp:70->ADSD/Classifier.cpp:133]   --->   Operation 229 'sext' 'OP1_V_0_10_i' <Predicate = (!exitcond4_i)> <Delay = 0.00>
ST_4 : Operation 230 [1/1] (4.17ns)   --->   "%r_V_0_10_i = mul i16 %OP2_V_0_i, %OP1_V_0_10_i" [ADSD/Classifier.cpp:70->ADSD/Classifier.cpp:133]   --->   Operation 230 'mul' 'r_V_0_10_i' <Predicate = (!exitcond4_i)> <Delay = 4.17> <Core = "Mul">   --->   Core 16 'Mul' <Latency = 0> <II = 1> <Delay = 3.74> <FuncUnit> <Opcode : 'mul'> <InPorts = 2> <OutPorts = 1>
ST_4 : Operation 231 [1/2] (3.25ns)   --->   "%svs_V_12_load = load i126* %svs_V_12_addr, align 16" [ADSD/Classifier.cpp:68->ADSD/Classifier.cpp:133]   --->   Operation 231 'load' 'svs_V_12_load' <Predicate = (!exitcond4_i)> <Delay = 3.25> <Core = "ROM_nP">   --->   Core 48 'ROM_nP' <Latency = 1> <II = 1> <Delay = 3.25> <Storage> <Opcode : 'load'> <Ports = 0> <Width = 5> <Depth = 11> <ROM>
ST_4 : Operation 232 [1/1] (0.00ns)   --->   "%tmp_252 = trunc i126 %svs_V_12_load to i8" [ADSD/Classifier.cpp:68->ADSD/Classifier.cpp:133]   --->   Operation 232 'trunc' 'tmp_252' <Predicate = (!exitcond4_i)> <Delay = 0.00>
ST_4 : Operation 233 [1/1] (0.00ns)   --->   "%OP1_V_0_11_i = sext i8 %tmp_252 to i16" [ADSD/Classifier.cpp:70->ADSD/Classifier.cpp:133]   --->   Operation 233 'sext' 'OP1_V_0_11_i' <Predicate = (!exitcond4_i)> <Delay = 0.00>
ST_4 : Operation 234 [1/1] (4.17ns)   --->   "%r_V_0_11_i = mul i16 %OP2_V_0_i, %OP1_V_0_11_i" [ADSD/Classifier.cpp:70->ADSD/Classifier.cpp:133]   --->   Operation 234 'mul' 'r_V_0_11_i' <Predicate = (!exitcond4_i)> <Delay = 4.17> <Core = "Mul">   --->   Core 16 'Mul' <Latency = 0> <II = 1> <Delay = 3.74> <FuncUnit> <Opcode : 'mul'> <InPorts = 2> <OutPorts = 1>
ST_4 : Operation 235 [1/2] (3.25ns)   --->   "%svs_V_13_load = load i127* %svs_V_13_addr, align 16" [ADSD/Classifier.cpp:68->ADSD/Classifier.cpp:133]   --->   Operation 235 'load' 'svs_V_13_load' <Predicate = (!exitcond4_i)> <Delay = 3.25> <Core = "ROM_nP">   --->   Core 48 'ROM_nP' <Latency = 1> <II = 1> <Delay = 3.25> <Storage> <Opcode : 'load'> <Ports = 0> <Width = 5> <Depth = 11> <ROM>
ST_4 : Operation 236 [1/1] (0.00ns)   --->   "%tmp_253 = trunc i127 %svs_V_13_load to i8" [ADSD/Classifier.cpp:68->ADSD/Classifier.cpp:133]   --->   Operation 236 'trunc' 'tmp_253' <Predicate = (!exitcond4_i)> <Delay = 0.00>
ST_4 : Operation 237 [1/1] (0.00ns)   --->   "%OP1_V_0_12_i = sext i8 %tmp_253 to i16" [ADSD/Classifier.cpp:70->ADSD/Classifier.cpp:133]   --->   Operation 237 'sext' 'OP1_V_0_12_i' <Predicate = (!exitcond4_i)> <Delay = 0.00>
ST_4 : Operation 238 [1/1] (4.17ns)   --->   "%r_V_0_12_i = mul i16 %OP2_V_0_i, %OP1_V_0_12_i" [ADSD/Classifier.cpp:70->ADSD/Classifier.cpp:133]   --->   Operation 238 'mul' 'r_V_0_12_i' <Predicate = (!exitcond4_i)> <Delay = 4.17> <Core = "Mul">   --->   Core 16 'Mul' <Latency = 0> <II = 1> <Delay = 3.74> <FuncUnit> <Opcode : 'mul'> <InPorts = 2> <OutPorts = 1>
ST_4 : Operation 239 [1/2] (3.25ns)   --->   "%svs_V_14_load = load i126* %svs_V_14_addr, align 16" [ADSD/Classifier.cpp:68->ADSD/Classifier.cpp:133]   --->   Operation 239 'load' 'svs_V_14_load' <Predicate = (!exitcond4_i)> <Delay = 3.25> <Core = "ROM_nP">   --->   Core 48 'ROM_nP' <Latency = 1> <II = 1> <Delay = 3.25> <Storage> <Opcode : 'load'> <Ports = 0> <Width = 5> <Depth = 11> <ROM>
ST_4 : Operation 240 [1/1] (0.00ns)   --->   "%tmp_254 = trunc i126 %svs_V_14_load to i8" [ADSD/Classifier.cpp:68->ADSD/Classifier.cpp:133]   --->   Operation 240 'trunc' 'tmp_254' <Predicate = (!exitcond4_i)> <Delay = 0.00>
ST_4 : Operation 241 [1/1] (0.00ns)   --->   "%OP1_V_0_13_i = sext i8 %tmp_254 to i16" [ADSD/Classifier.cpp:70->ADSD/Classifier.cpp:133]   --->   Operation 241 'sext' 'OP1_V_0_13_i' <Predicate = (!exitcond4_i)> <Delay = 0.00>
ST_4 : Operation 242 [1/1] (4.17ns)   --->   "%r_V_0_13_i = mul i16 %OP2_V_0_i, %OP1_V_0_13_i" [ADSD/Classifier.cpp:70->ADSD/Classifier.cpp:133]   --->   Operation 242 'mul' 'r_V_0_13_i' <Predicate = (!exitcond4_i)> <Delay = 4.17> <Core = "Mul">   --->   Core 16 'Mul' <Latency = 0> <II = 1> <Delay = 3.74> <FuncUnit> <Opcode : 'mul'> <InPorts = 2> <OutPorts = 1>
ST_4 : Operation 243 [1/2] (3.25ns)   --->   "%svs_V_15_load = load i128* %svs_V_15_addr, align 16" [ADSD/Classifier.cpp:68->ADSD/Classifier.cpp:133]   --->   Operation 243 'load' 'svs_V_15_load' <Predicate = (!exitcond4_i)> <Delay = 3.25> <Core = "ROM_nP">   --->   Core 48 'ROM_nP' <Latency = 1> <II = 1> <Delay = 3.25> <Storage> <Opcode : 'load'> <Ports = 0> <Width = 5> <Depth = 11> <ROM>
ST_4 : Operation 244 [1/1] (0.00ns)   --->   "%tmp_255 = trunc i128 %svs_V_15_load to i8" [ADSD/Classifier.cpp:68->ADSD/Classifier.cpp:133]   --->   Operation 244 'trunc' 'tmp_255' <Predicate = (!exitcond4_i)> <Delay = 0.00>
ST_4 : Operation 245 [1/1] (0.00ns)   --->   "%OP1_V_0_14_i = sext i8 %tmp_255 to i16" [ADSD/Classifier.cpp:70->ADSD/Classifier.cpp:133]   --->   Operation 245 'sext' 'OP1_V_0_14_i' <Predicate = (!exitcond4_i)> <Delay = 0.00>
ST_4 : Operation 246 [1/1] (4.17ns)   --->   "%r_V_0_14_i = mul i16 %OP2_V_0_i, %OP1_V_0_14_i" [ADSD/Classifier.cpp:70->ADSD/Classifier.cpp:133]   --->   Operation 246 'mul' 'r_V_0_14_i' <Predicate = (!exitcond4_i)> <Delay = 4.17> <Core = "Mul">   --->   Core 16 'Mul' <Latency = 0> <II = 1> <Delay = 3.74> <FuncUnit> <Opcode : 'mul'> <InPorts = 2> <OutPorts = 1>
ST_4 : Operation 247 [1/1] (0.00ns)   --->   "%tmp_27_i = call i8 @_ssdm_op_PartSelect.i8.i125.i32.i32(i125 %svs_V_0_load, i32 8, i32 15)" [ADSD/Classifier.cpp:68->ADSD/Classifier.cpp:133]   --->   Operation 247 'partselect' 'tmp_27_i' <Predicate = (!exitcond4_i)> <Delay = 0.00>
ST_4 : Operation 248 [1/2] (2.32ns)   --->   "%x_local_1_V_load = load i8* %x_local_1_V_addr, align 1" [ADSD/Classifier.cpp:69->ADSD/Classifier.cpp:133]   --->   Operation 248 'load' 'x_local_1_V_load' <Predicate = (!exitcond4_i)> <Delay = 2.32> <Core = "RAM">   --->   Core 37 'RAM' <Latency = 1> <II = 1> <Delay = 2.32> <Storage> <Opcode : 'load' 'store'> <Ports = 2> <Width = 8> <Depth = 49> <RAM>
ST_4 : Operation 249 [1/1] (0.00ns)   --->   "%OP1_V_1_i = sext i8 %tmp_27_i to i16" [ADSD/Classifier.cpp:70->ADSD/Classifier.cpp:133]   --->   Operation 249 'sext' 'OP1_V_1_i' <Predicate = (!exitcond4_i)> <Delay = 0.00>
ST_4 : Operation 250 [1/1] (0.00ns)   --->   "%OP2_V_1183_i = sext i8 %x_local_1_V_load to i16" [ADSD/Classifier.cpp:70->ADSD/Classifier.cpp:133]   --->   Operation 250 'sext' 'OP2_V_1183_i' <Predicate = (!exitcond4_i)> <Delay = 0.00>
ST_4 : Operation 251 [1/1] (4.17ns)   --->   "%r_V_1_i = mul i16 %OP2_V_1183_i, %OP1_V_1_i" [ADSD/Classifier.cpp:70->ADSD/Classifier.cpp:133]   --->   Operation 251 'mul' 'r_V_1_i' <Predicate = (!exitcond4_i)> <Delay = 4.17> <Core = "Mul">   --->   Core 16 'Mul' <Latency = 0> <II = 1> <Delay = 3.74> <FuncUnit> <Opcode : 'mul'> <InPorts = 2> <OutPorts = 1>
ST_4 : Operation 252 [1/1] (0.00ns)   --->   "%tmp_29_i = call i8 @_ssdm_op_PartSelect.i8.i125.i32.i32(i125 %svs_V_1_load, i32 8, i32 15)" [ADSD/Classifier.cpp:68->ADSD/Classifier.cpp:133]   --->   Operation 252 'partselect' 'tmp_29_i' <Predicate = (!exitcond4_i)> <Delay = 0.00>
ST_4 : Operation 253 [1/1] (0.00ns)   --->   "%OP1_V_1_1_i = sext i8 %tmp_29_i to i16" [ADSD/Classifier.cpp:70->ADSD/Classifier.cpp:133]   --->   Operation 253 'sext' 'OP1_V_1_1_i' <Predicate = (!exitcond4_i)> <Delay = 0.00>
ST_4 : Operation 254 [1/1] (4.17ns)   --->   "%r_V_1_1_i = mul i16 %OP2_V_1183_i, %OP1_V_1_1_i" [ADSD/Classifier.cpp:70->ADSD/Classifier.cpp:133]   --->   Operation 254 'mul' 'r_V_1_1_i' <Predicate = (!exitcond4_i)> <Delay = 4.17> <Core = "Mul">   --->   Core 16 'Mul' <Latency = 0> <II = 1> <Delay = 3.74> <FuncUnit> <Opcode : 'mul'> <InPorts = 2> <OutPorts = 1>
ST_4 : Operation 255 [1/1] (0.00ns)   --->   "%tmp_30_i = call i8 @_ssdm_op_PartSelect.i8.i125.i32.i32(i125 %svs_V_2_load, i32 8, i32 15)" [ADSD/Classifier.cpp:68->ADSD/Classifier.cpp:133]   --->   Operation 255 'partselect' 'tmp_30_i' <Predicate = (!exitcond4_i)> <Delay = 0.00>
ST_4 : Operation 256 [1/1] (0.00ns)   --->   "%OP1_V_1_2_i = sext i8 %tmp_30_i to i16" [ADSD/Classifier.cpp:70->ADSD/Classifier.cpp:133]   --->   Operation 256 'sext' 'OP1_V_1_2_i' <Predicate = (!exitcond4_i)> <Delay = 0.00>
ST_4 : Operation 257 [1/1] (4.17ns)   --->   "%r_V_1_2_i = mul i16 %OP2_V_1183_i, %OP1_V_1_2_i" [ADSD/Classifier.cpp:70->ADSD/Classifier.cpp:133]   --->   Operation 257 'mul' 'r_V_1_2_i' <Predicate = (!exitcond4_i)> <Delay = 4.17> <Core = "Mul">   --->   Core 16 'Mul' <Latency = 0> <II = 1> <Delay = 3.74> <FuncUnit> <Opcode : 'mul'> <InPorts = 2> <OutPorts = 1>
ST_4 : Operation 258 [1/1] (0.00ns)   --->   "%tmp_43_i = call i8 @_ssdm_op_PartSelect.i8.i128.i32.i32(i128 %svs_V_3_load, i32 8, i32 15)" [ADSD/Classifier.cpp:68->ADSD/Classifier.cpp:133]   --->   Operation 258 'partselect' 'tmp_43_i' <Predicate = (!exitcond4_i)> <Delay = 0.00>
ST_4 : Operation 259 [1/1] (0.00ns)   --->   "%OP1_V_1_3_i = sext i8 %tmp_43_i to i16" [ADSD/Classifier.cpp:70->ADSD/Classifier.cpp:133]   --->   Operation 259 'sext' 'OP1_V_1_3_i' <Predicate = (!exitcond4_i)> <Delay = 0.00>
ST_4 : Operation 260 [1/1] (4.17ns)   --->   "%r_V_1_3_i = mul i16 %OP2_V_1183_i, %OP1_V_1_3_i" [ADSD/Classifier.cpp:70->ADSD/Classifier.cpp:133]   --->   Operation 260 'mul' 'r_V_1_3_i' <Predicate = (!exitcond4_i)> <Delay = 4.17> <Core = "Mul">   --->   Core 16 'Mul' <Latency = 0> <II = 1> <Delay = 3.74> <FuncUnit> <Opcode : 'mul'> <InPorts = 2> <OutPorts = 1>
ST_4 : Operation 261 [1/1] (0.00ns)   --->   "%tmp_44_i = call i8 @_ssdm_op_PartSelect.i8.i125.i32.i32(i125 %svs_V_4_load, i32 8, i32 15)" [ADSD/Classifier.cpp:68->ADSD/Classifier.cpp:133]   --->   Operation 261 'partselect' 'tmp_44_i' <Predicate = (!exitcond4_i)> <Delay = 0.00>
ST_4 : Operation 262 [1/1] (0.00ns)   --->   "%OP1_V_1_4_i = sext i8 %tmp_44_i to i16" [ADSD/Classifier.cpp:70->ADSD/Classifier.cpp:133]   --->   Operation 262 'sext' 'OP1_V_1_4_i' <Predicate = (!exitcond4_i)> <Delay = 0.00>
ST_4 : Operation 263 [1/1] (4.17ns)   --->   "%r_V_1_4_i = mul i16 %OP2_V_1183_i, %OP1_V_1_4_i" [ADSD/Classifier.cpp:70->ADSD/Classifier.cpp:133]   --->   Operation 263 'mul' 'r_V_1_4_i' <Predicate = (!exitcond4_i)> <Delay = 4.17> <Core = "Mul">   --->   Core 16 'Mul' <Latency = 0> <II = 1> <Delay = 3.74> <FuncUnit> <Opcode : 'mul'> <InPorts = 2> <OutPorts = 1>
ST_4 : Operation 264 [1/1] (0.00ns)   --->   "%tmp_45_i = call i8 @_ssdm_op_PartSelect.i8.i125.i32.i32(i125 %svs_V_5_load, i32 8, i32 15)" [ADSD/Classifier.cpp:68->ADSD/Classifier.cpp:133]   --->   Operation 264 'partselect' 'tmp_45_i' <Predicate = (!exitcond4_i)> <Delay = 0.00>
ST_4 : Operation 265 [1/1] (0.00ns)   --->   "%OP1_V_1_5_i = sext i8 %tmp_45_i to i16" [ADSD/Classifier.cpp:70->ADSD/Classifier.cpp:133]   --->   Operation 265 'sext' 'OP1_V_1_5_i' <Predicate = (!exitcond4_i)> <Delay = 0.00>
ST_4 : Operation 266 [1/1] (4.17ns)   --->   "%r_V_1_5_i = mul i16 %OP2_V_1183_i, %OP1_V_1_5_i" [ADSD/Classifier.cpp:70->ADSD/Classifier.cpp:133]   --->   Operation 266 'mul' 'r_V_1_5_i' <Predicate = (!exitcond4_i)> <Delay = 4.17> <Core = "Mul">   --->   Core 16 'Mul' <Latency = 0> <II = 1> <Delay = 3.74> <FuncUnit> <Opcode : 'mul'> <InPorts = 2> <OutPorts = 1>
ST_4 : Operation 267 [1/1] (0.00ns)   --->   "%tmp_48_i = call i8 @_ssdm_op_PartSelect.i8.i126.i32.i32(i126 %svs_V_6_load, i32 8, i32 15)" [ADSD/Classifier.cpp:68->ADSD/Classifier.cpp:133]   --->   Operation 267 'partselect' 'tmp_48_i' <Predicate = (!exitcond4_i)> <Delay = 0.00>
ST_4 : Operation 268 [1/1] (0.00ns)   --->   "%OP1_V_1_6_i = sext i8 %tmp_48_i to i16" [ADSD/Classifier.cpp:70->ADSD/Classifier.cpp:133]   --->   Operation 268 'sext' 'OP1_V_1_6_i' <Predicate = (!exitcond4_i)> <Delay = 0.00>
ST_4 : Operation 269 [1/1] (4.17ns)   --->   "%r_V_1_6_i = mul i16 %OP2_V_1183_i, %OP1_V_1_6_i" [ADSD/Classifier.cpp:70->ADSD/Classifier.cpp:133]   --->   Operation 269 'mul' 'r_V_1_6_i' <Predicate = (!exitcond4_i)> <Delay = 4.17> <Core = "Mul">   --->   Core 16 'Mul' <Latency = 0> <II = 1> <Delay = 3.74> <FuncUnit> <Opcode : 'mul'> <InPorts = 2> <OutPorts = 1>
ST_4 : Operation 270 [1/1] (0.00ns)   --->   "%tmp_49_i = call i8 @_ssdm_op_PartSelect.i8.i125.i32.i32(i125 %svs_V_7_load, i32 8, i32 15)" [ADSD/Classifier.cpp:68->ADSD/Classifier.cpp:133]   --->   Operation 270 'partselect' 'tmp_49_i' <Predicate = (!exitcond4_i)> <Delay = 0.00>
ST_4 : Operation 271 [1/1] (0.00ns)   --->   "%OP1_V_1_7_i = sext i8 %tmp_49_i to i16" [ADSD/Classifier.cpp:70->ADSD/Classifier.cpp:133]   --->   Operation 271 'sext' 'OP1_V_1_7_i' <Predicate = (!exitcond4_i)> <Delay = 0.00>
ST_4 : Operation 272 [1/1] (4.17ns)   --->   "%r_V_1_7_i = mul i16 %OP2_V_1183_i, %OP1_V_1_7_i" [ADSD/Classifier.cpp:70->ADSD/Classifier.cpp:133]   --->   Operation 272 'mul' 'r_V_1_7_i' <Predicate = (!exitcond4_i)> <Delay = 4.17> <Core = "Mul">   --->   Core 16 'Mul' <Latency = 0> <II = 1> <Delay = 3.74> <FuncUnit> <Opcode : 'mul'> <InPorts = 2> <OutPorts = 1>
ST_4 : Operation 273 [1/1] (0.00ns)   --->   "%tmp_50_i = call i8 @_ssdm_op_PartSelect.i8.i128.i32.i32(i128 %svs_V_8_load, i32 8, i32 15)" [ADSD/Classifier.cpp:68->ADSD/Classifier.cpp:133]   --->   Operation 273 'partselect' 'tmp_50_i' <Predicate = (!exitcond4_i)> <Delay = 0.00>
ST_4 : Operation 274 [1/1] (0.00ns)   --->   "%OP1_V_1_8_i = sext i8 %tmp_50_i to i16" [ADSD/Classifier.cpp:70->ADSD/Classifier.cpp:133]   --->   Operation 274 'sext' 'OP1_V_1_8_i' <Predicate = (!exitcond4_i)> <Delay = 0.00>
ST_4 : Operation 275 [1/1] (4.17ns)   --->   "%r_V_1_8_i = mul i16 %OP2_V_1183_i, %OP1_V_1_8_i" [ADSD/Classifier.cpp:70->ADSD/Classifier.cpp:133]   --->   Operation 275 'mul' 'r_V_1_8_i' <Predicate = (!exitcond4_i)> <Delay = 4.17> <Core = "Mul">   --->   Core 16 'Mul' <Latency = 0> <II = 1> <Delay = 3.74> <FuncUnit> <Opcode : 'mul'> <InPorts = 2> <OutPorts = 1>
ST_4 : Operation 276 [1/1] (0.00ns)   --->   "%tmp_53_i = call i8 @_ssdm_op_PartSelect.i8.i126.i32.i32(i126 %svs_V_9_load, i32 8, i32 15)" [ADSD/Classifier.cpp:68->ADSD/Classifier.cpp:133]   --->   Operation 276 'partselect' 'tmp_53_i' <Predicate = (!exitcond4_i)> <Delay = 0.00>
ST_4 : Operation 277 [1/1] (0.00ns)   --->   "%OP1_V_1_9_i = sext i8 %tmp_53_i to i16" [ADSD/Classifier.cpp:70->ADSD/Classifier.cpp:133]   --->   Operation 277 'sext' 'OP1_V_1_9_i' <Predicate = (!exitcond4_i)> <Delay = 0.00>
ST_4 : Operation 278 [1/1] (4.17ns)   --->   "%r_V_1_9_i = mul i16 %OP2_V_1183_i, %OP1_V_1_9_i" [ADSD/Classifier.cpp:70->ADSD/Classifier.cpp:133]   --->   Operation 278 'mul' 'r_V_1_9_i' <Predicate = (!exitcond4_i)> <Delay = 4.17> <Core = "Mul">   --->   Core 16 'Mul' <Latency = 0> <II = 1> <Delay = 3.74> <FuncUnit> <Opcode : 'mul'> <InPorts = 2> <OutPorts = 1>
ST_4 : Operation 279 [1/1] (0.00ns)   --->   "%tmp_54_i = call i8 @_ssdm_op_PartSelect.i8.i125.i32.i32(i125 %svs_V_10_load, i32 8, i32 15)" [ADSD/Classifier.cpp:68->ADSD/Classifier.cpp:133]   --->   Operation 279 'partselect' 'tmp_54_i' <Predicate = (!exitcond4_i)> <Delay = 0.00>
ST_4 : Operation 280 [1/1] (0.00ns)   --->   "%OP1_V_1_i_41 = sext i8 %tmp_54_i to i16" [ADSD/Classifier.cpp:70->ADSD/Classifier.cpp:133]   --->   Operation 280 'sext' 'OP1_V_1_i_41' <Predicate = (!exitcond4_i)> <Delay = 0.00>
ST_4 : Operation 281 [1/1] (4.17ns)   --->   "%r_V_1_i_42 = mul i16 %OP2_V_1183_i, %OP1_V_1_i_41" [ADSD/Classifier.cpp:70->ADSD/Classifier.cpp:133]   --->   Operation 281 'mul' 'r_V_1_i_42' <Predicate = (!exitcond4_i)> <Delay = 4.17> <Core = "Mul">   --->   Core 16 'Mul' <Latency = 0> <II = 1> <Delay = 3.74> <FuncUnit> <Opcode : 'mul'> <InPorts = 2> <OutPorts = 1>
ST_4 : Operation 282 [1/1] (0.00ns)   --->   "%tmp_55_i = call i8 @_ssdm_op_PartSelect.i8.i125.i32.i32(i125 %svs_V_11_load, i32 8, i32 15)" [ADSD/Classifier.cpp:68->ADSD/Classifier.cpp:133]   --->   Operation 282 'partselect' 'tmp_55_i' <Predicate = (!exitcond4_i)> <Delay = 0.00>
ST_4 : Operation 283 [1/1] (0.00ns)   --->   "%OP1_V_1_10_i = sext i8 %tmp_55_i to i16" [ADSD/Classifier.cpp:70->ADSD/Classifier.cpp:133]   --->   Operation 283 'sext' 'OP1_V_1_10_i' <Predicate = (!exitcond4_i)> <Delay = 0.00>
ST_4 : Operation 284 [1/1] (4.17ns)   --->   "%r_V_1_10_i = mul i16 %OP2_V_1183_i, %OP1_V_1_10_i" [ADSD/Classifier.cpp:70->ADSD/Classifier.cpp:133]   --->   Operation 284 'mul' 'r_V_1_10_i' <Predicate = (!exitcond4_i)> <Delay = 4.17> <Core = "Mul">   --->   Core 16 'Mul' <Latency = 0> <II = 1> <Delay = 3.74> <FuncUnit> <Opcode : 'mul'> <InPorts = 2> <OutPorts = 1>
ST_4 : Operation 285 [1/1] (0.00ns)   --->   "%tmp_56_i = call i8 @_ssdm_op_PartSelect.i8.i126.i32.i32(i126 %svs_V_12_load, i32 8, i32 15)" [ADSD/Classifier.cpp:68->ADSD/Classifier.cpp:133]   --->   Operation 285 'partselect' 'tmp_56_i' <Predicate = (!exitcond4_i)> <Delay = 0.00>
ST_4 : Operation 286 [1/1] (0.00ns)   --->   "%OP1_V_1_11_i = sext i8 %tmp_56_i to i16" [ADSD/Classifier.cpp:70->ADSD/Classifier.cpp:133]   --->   Operation 286 'sext' 'OP1_V_1_11_i' <Predicate = (!exitcond4_i)> <Delay = 0.00>
ST_4 : Operation 287 [1/1] (4.17ns)   --->   "%r_V_1_11_i = mul i16 %OP2_V_1183_i, %OP1_V_1_11_i" [ADSD/Classifier.cpp:70->ADSD/Classifier.cpp:133]   --->   Operation 287 'mul' 'r_V_1_11_i' <Predicate = (!exitcond4_i)> <Delay = 4.17> <Core = "Mul">   --->   Core 16 'Mul' <Latency = 0> <II = 1> <Delay = 3.74> <FuncUnit> <Opcode : 'mul'> <InPorts = 2> <OutPorts = 1>
ST_4 : Operation 288 [1/1] (0.00ns)   --->   "%tmp_57_i = call i8 @_ssdm_op_PartSelect.i8.i127.i32.i32(i127 %svs_V_13_load, i32 8, i32 15)" [ADSD/Classifier.cpp:68->ADSD/Classifier.cpp:133]   --->   Operation 288 'partselect' 'tmp_57_i' <Predicate = (!exitcond4_i)> <Delay = 0.00>
ST_4 : Operation 289 [1/1] (0.00ns)   --->   "%OP1_V_1_12_i = sext i8 %tmp_57_i to i16" [ADSD/Classifier.cpp:70->ADSD/Classifier.cpp:133]   --->   Operation 289 'sext' 'OP1_V_1_12_i' <Predicate = (!exitcond4_i)> <Delay = 0.00>
ST_4 : Operation 290 [1/1] (4.17ns)   --->   "%r_V_1_12_i = mul i16 %OP2_V_1183_i, %OP1_V_1_12_i" [ADSD/Classifier.cpp:70->ADSD/Classifier.cpp:133]   --->   Operation 290 'mul' 'r_V_1_12_i' <Predicate = (!exitcond4_i)> <Delay = 4.17> <Core = "Mul">   --->   Core 16 'Mul' <Latency = 0> <II = 1> <Delay = 3.74> <FuncUnit> <Opcode : 'mul'> <InPorts = 2> <OutPorts = 1>
ST_4 : Operation 291 [1/1] (0.00ns)   --->   "%tmp_58_i = call i8 @_ssdm_op_PartSelect.i8.i126.i32.i32(i126 %svs_V_14_load, i32 8, i32 15)" [ADSD/Classifier.cpp:68->ADSD/Classifier.cpp:133]   --->   Operation 291 'partselect' 'tmp_58_i' <Predicate = (!exitcond4_i)> <Delay = 0.00>
ST_4 : Operation 292 [1/1] (0.00ns)   --->   "%OP1_V_1_13_i = sext i8 %tmp_58_i to i16" [ADSD/Classifier.cpp:70->ADSD/Classifier.cpp:133]   --->   Operation 292 'sext' 'OP1_V_1_13_i' <Predicate = (!exitcond4_i)> <Delay = 0.00>
ST_4 : Operation 293 [1/1] (4.17ns)   --->   "%r_V_1_13_i = mul i16 %OP2_V_1183_i, %OP1_V_1_13_i" [ADSD/Classifier.cpp:70->ADSD/Classifier.cpp:133]   --->   Operation 293 'mul' 'r_V_1_13_i' <Predicate = (!exitcond4_i)> <Delay = 4.17> <Core = "Mul">   --->   Core 16 'Mul' <Latency = 0> <II = 1> <Delay = 3.74> <FuncUnit> <Opcode : 'mul'> <InPorts = 2> <OutPorts = 1>
ST_4 : Operation 294 [1/1] (0.00ns)   --->   "%tmp_59_i = call i8 @_ssdm_op_PartSelect.i8.i128.i32.i32(i128 %svs_V_15_load, i32 8, i32 15)" [ADSD/Classifier.cpp:68->ADSD/Classifier.cpp:133]   --->   Operation 294 'partselect' 'tmp_59_i' <Predicate = (!exitcond4_i)> <Delay = 0.00>
ST_4 : Operation 295 [1/1] (0.00ns)   --->   "%OP1_V_1_14_i = sext i8 %tmp_59_i to i16" [ADSD/Classifier.cpp:70->ADSD/Classifier.cpp:133]   --->   Operation 295 'sext' 'OP1_V_1_14_i' <Predicate = (!exitcond4_i)> <Delay = 0.00>
ST_4 : Operation 296 [1/1] (4.17ns)   --->   "%r_V_1_14_i = mul i16 %OP2_V_1183_i, %OP1_V_1_14_i" [ADSD/Classifier.cpp:70->ADSD/Classifier.cpp:133]   --->   Operation 296 'mul' 'r_V_1_14_i' <Predicate = (!exitcond4_i)> <Delay = 4.17> <Core = "Mul">   --->   Core 16 'Mul' <Latency = 0> <II = 1> <Delay = 3.74> <FuncUnit> <Opcode : 'mul'> <InPorts = 2> <OutPorts = 1>
ST_4 : Operation 297 [1/1] (0.00ns)   --->   "%tmp_60_i = call i8 @_ssdm_op_PartSelect.i8.i125.i32.i32(i125 %svs_V_0_load, i32 16, i32 23)" [ADSD/Classifier.cpp:68->ADSD/Classifier.cpp:133]   --->   Operation 297 'partselect' 'tmp_60_i' <Predicate = (!exitcond4_i)> <Delay = 0.00>
ST_4 : Operation 298 [1/2] (2.32ns)   --->   "%x_local_2_V_load = load i8* %x_local_2_V_addr, align 1" [ADSD/Classifier.cpp:69->ADSD/Classifier.cpp:133]   --->   Operation 298 'load' 'x_local_2_V_load' <Predicate = (!exitcond4_i)> <Delay = 2.32> <Core = "RAM">   --->   Core 37 'RAM' <Latency = 1> <II = 1> <Delay = 2.32> <Storage> <Opcode : 'load' 'store'> <Ports = 2> <Width = 8> <Depth = 49> <RAM>
ST_4 : Operation 299 [1/1] (0.00ns)   --->   "%OP1_V_2184_i = sext i8 %tmp_60_i to i16" [ADSD/Classifier.cpp:70->ADSD/Classifier.cpp:133]   --->   Operation 299 'sext' 'OP1_V_2184_i' <Predicate = (!exitcond4_i)> <Delay = 0.00>
ST_4 : Operation 300 [1/1] (0.00ns)   --->   "%OP2_V_2185_i = sext i8 %x_local_2_V_load to i16" [ADSD/Classifier.cpp:70->ADSD/Classifier.cpp:133]   --->   Operation 300 'sext' 'OP2_V_2185_i' <Predicate = (!exitcond4_i)> <Delay = 0.00>
ST_4 : Operation 301 [1/1] (4.17ns)   --->   "%r_V_2_i = mul i16 %OP2_V_2185_i, %OP1_V_2184_i" [ADSD/Classifier.cpp:70->ADSD/Classifier.cpp:133]   --->   Operation 301 'mul' 'r_V_2_i' <Predicate = (!exitcond4_i)> <Delay = 4.17> <Core = "Mul">   --->   Core 16 'Mul' <Latency = 0> <II = 1> <Delay = 3.74> <FuncUnit> <Opcode : 'mul'> <InPorts = 2> <OutPorts = 1>
ST_4 : Operation 302 [1/1] (0.00ns)   --->   "%tmp_61_i = call i8 @_ssdm_op_PartSelect.i8.i125.i32.i32(i125 %svs_V_1_load, i32 16, i32 23)" [ADSD/Classifier.cpp:68->ADSD/Classifier.cpp:133]   --->   Operation 302 'partselect' 'tmp_61_i' <Predicate = (!exitcond4_i)> <Delay = 0.00>
ST_4 : Operation 303 [1/1] (0.00ns)   --->   "%OP1_V_2184_1_i = sext i8 %tmp_61_i to i16" [ADSD/Classifier.cpp:70->ADSD/Classifier.cpp:133]   --->   Operation 303 'sext' 'OP1_V_2184_1_i' <Predicate = (!exitcond4_i)> <Delay = 0.00>
ST_4 : Operation 304 [1/1] (4.17ns)   --->   "%r_V_2_1_i = mul i16 %OP2_V_2185_i, %OP1_V_2184_1_i" [ADSD/Classifier.cpp:70->ADSD/Classifier.cpp:133]   --->   Operation 304 'mul' 'r_V_2_1_i' <Predicate = (!exitcond4_i)> <Delay = 4.17> <Core = "Mul">   --->   Core 16 'Mul' <Latency = 0> <II = 1> <Delay = 3.74> <FuncUnit> <Opcode : 'mul'> <InPorts = 2> <OutPorts = 1>
ST_4 : Operation 305 [1/1] (0.00ns)   --->   "%tmp_62_i = call i8 @_ssdm_op_PartSelect.i8.i125.i32.i32(i125 %svs_V_2_load, i32 16, i32 23)" [ADSD/Classifier.cpp:68->ADSD/Classifier.cpp:133]   --->   Operation 305 'partselect' 'tmp_62_i' <Predicate = (!exitcond4_i)> <Delay = 0.00>
ST_4 : Operation 306 [1/1] (0.00ns)   --->   "%OP1_V_2184_2_i = sext i8 %tmp_62_i to i16" [ADSD/Classifier.cpp:70->ADSD/Classifier.cpp:133]   --->   Operation 306 'sext' 'OP1_V_2184_2_i' <Predicate = (!exitcond4_i)> <Delay = 0.00>
ST_4 : Operation 307 [1/1] (4.17ns)   --->   "%r_V_2_2_i = mul i16 %OP2_V_2185_i, %OP1_V_2184_2_i" [ADSD/Classifier.cpp:70->ADSD/Classifier.cpp:133]   --->   Operation 307 'mul' 'r_V_2_2_i' <Predicate = (!exitcond4_i)> <Delay = 4.17> <Core = "Mul">   --->   Core 16 'Mul' <Latency = 0> <II = 1> <Delay = 3.74> <FuncUnit> <Opcode : 'mul'> <InPorts = 2> <OutPorts = 1>
ST_4 : Operation 308 [1/1] (0.00ns)   --->   "%tmp_63_i = call i8 @_ssdm_op_PartSelect.i8.i128.i32.i32(i128 %svs_V_3_load, i32 16, i32 23)" [ADSD/Classifier.cpp:68->ADSD/Classifier.cpp:133]   --->   Operation 308 'partselect' 'tmp_63_i' <Predicate = (!exitcond4_i)> <Delay = 0.00>
ST_4 : Operation 309 [1/1] (0.00ns)   --->   "%OP1_V_2184_3_i = sext i8 %tmp_63_i to i16" [ADSD/Classifier.cpp:70->ADSD/Classifier.cpp:133]   --->   Operation 309 'sext' 'OP1_V_2184_3_i' <Predicate = (!exitcond4_i)> <Delay = 0.00>
ST_4 : Operation 310 [1/1] (4.17ns)   --->   "%r_V_2_3_i = mul i16 %OP2_V_2185_i, %OP1_V_2184_3_i" [ADSD/Classifier.cpp:70->ADSD/Classifier.cpp:133]   --->   Operation 310 'mul' 'r_V_2_3_i' <Predicate = (!exitcond4_i)> <Delay = 4.17> <Core = "Mul">   --->   Core 16 'Mul' <Latency = 0> <II = 1> <Delay = 3.74> <FuncUnit> <Opcode : 'mul'> <InPorts = 2> <OutPorts = 1>
ST_4 : Operation 311 [1/1] (0.00ns)   --->   "%tmp_64_i = call i8 @_ssdm_op_PartSelect.i8.i125.i32.i32(i125 %svs_V_4_load, i32 16, i32 23)" [ADSD/Classifier.cpp:68->ADSD/Classifier.cpp:133]   --->   Operation 311 'partselect' 'tmp_64_i' <Predicate = (!exitcond4_i)> <Delay = 0.00>
ST_4 : Operation 312 [1/1] (0.00ns)   --->   "%OP1_V_2184_4_i = sext i8 %tmp_64_i to i16" [ADSD/Classifier.cpp:70->ADSD/Classifier.cpp:133]   --->   Operation 312 'sext' 'OP1_V_2184_4_i' <Predicate = (!exitcond4_i)> <Delay = 0.00>
ST_4 : Operation 313 [1/1] (4.17ns)   --->   "%r_V_2_4_i = mul i16 %OP2_V_2185_i, %OP1_V_2184_4_i" [ADSD/Classifier.cpp:70->ADSD/Classifier.cpp:133]   --->   Operation 313 'mul' 'r_V_2_4_i' <Predicate = (!exitcond4_i)> <Delay = 4.17> <Core = "Mul">   --->   Core 16 'Mul' <Latency = 0> <II = 1> <Delay = 3.74> <FuncUnit> <Opcode : 'mul'> <InPorts = 2> <OutPorts = 1>
ST_4 : Operation 314 [1/1] (0.00ns)   --->   "%tmp_65_i = call i8 @_ssdm_op_PartSelect.i8.i125.i32.i32(i125 %svs_V_5_load, i32 16, i32 23)" [ADSD/Classifier.cpp:68->ADSD/Classifier.cpp:133]   --->   Operation 314 'partselect' 'tmp_65_i' <Predicate = (!exitcond4_i)> <Delay = 0.00>
ST_4 : Operation 315 [1/1] (0.00ns)   --->   "%OP1_V_2184_5_i = sext i8 %tmp_65_i to i16" [ADSD/Classifier.cpp:70->ADSD/Classifier.cpp:133]   --->   Operation 315 'sext' 'OP1_V_2184_5_i' <Predicate = (!exitcond4_i)> <Delay = 0.00>
ST_4 : Operation 316 [1/1] (4.17ns)   --->   "%r_V_2_5_i = mul i16 %OP2_V_2185_i, %OP1_V_2184_5_i" [ADSD/Classifier.cpp:70->ADSD/Classifier.cpp:133]   --->   Operation 316 'mul' 'r_V_2_5_i' <Predicate = (!exitcond4_i)> <Delay = 4.17> <Core = "Mul">   --->   Core 16 'Mul' <Latency = 0> <II = 1> <Delay = 3.74> <FuncUnit> <Opcode : 'mul'> <InPorts = 2> <OutPorts = 1>
ST_4 : Operation 317 [1/1] (0.00ns)   --->   "%tmp_68_i = call i8 @_ssdm_op_PartSelect.i8.i126.i32.i32(i126 %svs_V_6_load, i32 16, i32 23)" [ADSD/Classifier.cpp:68->ADSD/Classifier.cpp:133]   --->   Operation 317 'partselect' 'tmp_68_i' <Predicate = (!exitcond4_i)> <Delay = 0.00>
ST_4 : Operation 318 [1/1] (0.00ns)   --->   "%OP1_V_2184_6_i = sext i8 %tmp_68_i to i16" [ADSD/Classifier.cpp:70->ADSD/Classifier.cpp:133]   --->   Operation 318 'sext' 'OP1_V_2184_6_i' <Predicate = (!exitcond4_i)> <Delay = 0.00>
ST_4 : Operation 319 [1/1] (4.17ns)   --->   "%r_V_2_6_i = mul i16 %OP2_V_2185_i, %OP1_V_2184_6_i" [ADSD/Classifier.cpp:70->ADSD/Classifier.cpp:133]   --->   Operation 319 'mul' 'r_V_2_6_i' <Predicate = (!exitcond4_i)> <Delay = 4.17> <Core = "Mul">   --->   Core 16 'Mul' <Latency = 0> <II = 1> <Delay = 3.74> <FuncUnit> <Opcode : 'mul'> <InPorts = 2> <OutPorts = 1>
ST_4 : Operation 320 [1/1] (0.00ns)   --->   "%tmp_69_i = call i8 @_ssdm_op_PartSelect.i8.i125.i32.i32(i125 %svs_V_7_load, i32 16, i32 23)" [ADSD/Classifier.cpp:68->ADSD/Classifier.cpp:133]   --->   Operation 320 'partselect' 'tmp_69_i' <Predicate = (!exitcond4_i)> <Delay = 0.00>
ST_4 : Operation 321 [1/1] (0.00ns)   --->   "%OP1_V_2184_7_i = sext i8 %tmp_69_i to i16" [ADSD/Classifier.cpp:70->ADSD/Classifier.cpp:133]   --->   Operation 321 'sext' 'OP1_V_2184_7_i' <Predicate = (!exitcond4_i)> <Delay = 0.00>
ST_4 : Operation 322 [1/1] (4.17ns)   --->   "%r_V_2_7_i = mul i16 %OP2_V_2185_i, %OP1_V_2184_7_i" [ADSD/Classifier.cpp:70->ADSD/Classifier.cpp:133]   --->   Operation 322 'mul' 'r_V_2_7_i' <Predicate = (!exitcond4_i)> <Delay = 4.17> <Core = "Mul">   --->   Core 16 'Mul' <Latency = 0> <II = 1> <Delay = 3.74> <FuncUnit> <Opcode : 'mul'> <InPorts = 2> <OutPorts = 1>
ST_4 : Operation 323 [1/1] (0.00ns)   --->   "%tmp_70_i = call i8 @_ssdm_op_PartSelect.i8.i128.i32.i32(i128 %svs_V_8_load, i32 16, i32 23)" [ADSD/Classifier.cpp:68->ADSD/Classifier.cpp:133]   --->   Operation 323 'partselect' 'tmp_70_i' <Predicate = (!exitcond4_i)> <Delay = 0.00>
ST_4 : Operation 324 [1/1] (0.00ns)   --->   "%OP1_V_2184_8_i = sext i8 %tmp_70_i to i16" [ADSD/Classifier.cpp:70->ADSD/Classifier.cpp:133]   --->   Operation 324 'sext' 'OP1_V_2184_8_i' <Predicate = (!exitcond4_i)> <Delay = 0.00>
ST_4 : Operation 325 [1/1] (4.17ns)   --->   "%r_V_2_8_i = mul i16 %OP2_V_2185_i, %OP1_V_2184_8_i" [ADSD/Classifier.cpp:70->ADSD/Classifier.cpp:133]   --->   Operation 325 'mul' 'r_V_2_8_i' <Predicate = (!exitcond4_i)> <Delay = 4.17> <Core = "Mul">   --->   Core 16 'Mul' <Latency = 0> <II = 1> <Delay = 3.74> <FuncUnit> <Opcode : 'mul'> <InPorts = 2> <OutPorts = 1>
ST_4 : Operation 326 [1/1] (0.00ns)   --->   "%tmp_71_i = call i8 @_ssdm_op_PartSelect.i8.i126.i32.i32(i126 %svs_V_9_load, i32 16, i32 23)" [ADSD/Classifier.cpp:68->ADSD/Classifier.cpp:133]   --->   Operation 326 'partselect' 'tmp_71_i' <Predicate = (!exitcond4_i)> <Delay = 0.00>
ST_4 : Operation 327 [1/1] (0.00ns)   --->   "%OP1_V_2184_9_i = sext i8 %tmp_71_i to i16" [ADSD/Classifier.cpp:70->ADSD/Classifier.cpp:133]   --->   Operation 327 'sext' 'OP1_V_2184_9_i' <Predicate = (!exitcond4_i)> <Delay = 0.00>
ST_4 : Operation 328 [1/1] (4.17ns)   --->   "%r_V_2_9_i = mul i16 %OP2_V_2185_i, %OP1_V_2184_9_i" [ADSD/Classifier.cpp:70->ADSD/Classifier.cpp:133]   --->   Operation 328 'mul' 'r_V_2_9_i' <Predicate = (!exitcond4_i)> <Delay = 4.17> <Core = "Mul">   --->   Core 16 'Mul' <Latency = 0> <II = 1> <Delay = 3.74> <FuncUnit> <Opcode : 'mul'> <InPorts = 2> <OutPorts = 1>
ST_4 : Operation 329 [1/1] (0.00ns)   --->   "%tmp_72_i = call i8 @_ssdm_op_PartSelect.i8.i125.i32.i32(i125 %svs_V_10_load, i32 16, i32 23)" [ADSD/Classifier.cpp:68->ADSD/Classifier.cpp:133]   --->   Operation 329 'partselect' 'tmp_72_i' <Predicate = (!exitcond4_i)> <Delay = 0.00>
ST_4 : Operation 330 [1/1] (0.00ns)   --->   "%OP1_V_2184_i_44 = sext i8 %tmp_72_i to i16" [ADSD/Classifier.cpp:70->ADSD/Classifier.cpp:133]   --->   Operation 330 'sext' 'OP1_V_2184_i_44' <Predicate = (!exitcond4_i)> <Delay = 0.00>
ST_4 : Operation 331 [1/1] (4.17ns)   --->   "%r_V_2_i_45 = mul i16 %OP2_V_2185_i, %OP1_V_2184_i_44" [ADSD/Classifier.cpp:70->ADSD/Classifier.cpp:133]   --->   Operation 331 'mul' 'r_V_2_i_45' <Predicate = (!exitcond4_i)> <Delay = 4.17> <Core = "Mul">   --->   Core 16 'Mul' <Latency = 0> <II = 1> <Delay = 3.74> <FuncUnit> <Opcode : 'mul'> <InPorts = 2> <OutPorts = 1>
ST_4 : Operation 332 [1/1] (0.00ns)   --->   "%tmp_73_i = call i8 @_ssdm_op_PartSelect.i8.i125.i32.i32(i125 %svs_V_11_load, i32 16, i32 23)" [ADSD/Classifier.cpp:68->ADSD/Classifier.cpp:133]   --->   Operation 332 'partselect' 'tmp_73_i' <Predicate = (!exitcond4_i)> <Delay = 0.00>
ST_4 : Operation 333 [1/1] (0.00ns)   --->   "%OP1_V_2184_10_i = sext i8 %tmp_73_i to i16" [ADSD/Classifier.cpp:70->ADSD/Classifier.cpp:133]   --->   Operation 333 'sext' 'OP1_V_2184_10_i' <Predicate = (!exitcond4_i)> <Delay = 0.00>
ST_4 : Operation 334 [1/1] (4.17ns)   --->   "%r_V_2_10_i = mul i16 %OP2_V_2185_i, %OP1_V_2184_10_i" [ADSD/Classifier.cpp:70->ADSD/Classifier.cpp:133]   --->   Operation 334 'mul' 'r_V_2_10_i' <Predicate = (!exitcond4_i)> <Delay = 4.17> <Core = "Mul">   --->   Core 16 'Mul' <Latency = 0> <II = 1> <Delay = 3.74> <FuncUnit> <Opcode : 'mul'> <InPorts = 2> <OutPorts = 1>
ST_4 : Operation 335 [1/1] (0.00ns)   --->   "%tmp_74_i = call i8 @_ssdm_op_PartSelect.i8.i126.i32.i32(i126 %svs_V_12_load, i32 16, i32 23)" [ADSD/Classifier.cpp:68->ADSD/Classifier.cpp:133]   --->   Operation 335 'partselect' 'tmp_74_i' <Predicate = (!exitcond4_i)> <Delay = 0.00>
ST_4 : Operation 336 [1/1] (0.00ns)   --->   "%OP1_V_2184_11_i = sext i8 %tmp_74_i to i16" [ADSD/Classifier.cpp:70->ADSD/Classifier.cpp:133]   --->   Operation 336 'sext' 'OP1_V_2184_11_i' <Predicate = (!exitcond4_i)> <Delay = 0.00>
ST_4 : Operation 337 [1/1] (4.17ns)   --->   "%r_V_2_11_i = mul i16 %OP2_V_2185_i, %OP1_V_2184_11_i" [ADSD/Classifier.cpp:70->ADSD/Classifier.cpp:133]   --->   Operation 337 'mul' 'r_V_2_11_i' <Predicate = (!exitcond4_i)> <Delay = 4.17> <Core = "Mul">   --->   Core 16 'Mul' <Latency = 0> <II = 1> <Delay = 3.74> <FuncUnit> <Opcode : 'mul'> <InPorts = 2> <OutPorts = 1>
ST_4 : Operation 338 [1/1] (0.00ns)   --->   "%tmp_75_i = call i8 @_ssdm_op_PartSelect.i8.i127.i32.i32(i127 %svs_V_13_load, i32 16, i32 23)" [ADSD/Classifier.cpp:68->ADSD/Classifier.cpp:133]   --->   Operation 338 'partselect' 'tmp_75_i' <Predicate = (!exitcond4_i)> <Delay = 0.00>
ST_4 : Operation 339 [1/1] (0.00ns)   --->   "%OP1_V_2184_12_i = sext i8 %tmp_75_i to i16" [ADSD/Classifier.cpp:70->ADSD/Classifier.cpp:133]   --->   Operation 339 'sext' 'OP1_V_2184_12_i' <Predicate = (!exitcond4_i)> <Delay = 0.00>
ST_4 : Operation 340 [1/1] (4.17ns)   --->   "%r_V_2_12_i = mul i16 %OP2_V_2185_i, %OP1_V_2184_12_i" [ADSD/Classifier.cpp:70->ADSD/Classifier.cpp:133]   --->   Operation 340 'mul' 'r_V_2_12_i' <Predicate = (!exitcond4_i)> <Delay = 4.17> <Core = "Mul">   --->   Core 16 'Mul' <Latency = 0> <II = 1> <Delay = 3.74> <FuncUnit> <Opcode : 'mul'> <InPorts = 2> <OutPorts = 1>
ST_4 : Operation 341 [1/1] (0.00ns)   --->   "%tmp_76_i = call i8 @_ssdm_op_PartSelect.i8.i126.i32.i32(i126 %svs_V_14_load, i32 16, i32 23)" [ADSD/Classifier.cpp:68->ADSD/Classifier.cpp:133]   --->   Operation 341 'partselect' 'tmp_76_i' <Predicate = (!exitcond4_i)> <Delay = 0.00>
ST_4 : Operation 342 [1/1] (0.00ns)   --->   "%OP1_V_2184_13_i = sext i8 %tmp_76_i to i16" [ADSD/Classifier.cpp:70->ADSD/Classifier.cpp:133]   --->   Operation 342 'sext' 'OP1_V_2184_13_i' <Predicate = (!exitcond4_i)> <Delay = 0.00>
ST_4 : Operation 343 [1/1] (4.17ns)   --->   "%r_V_2_13_i = mul i16 %OP2_V_2185_i, %OP1_V_2184_13_i" [ADSD/Classifier.cpp:70->ADSD/Classifier.cpp:133]   --->   Operation 343 'mul' 'r_V_2_13_i' <Predicate = (!exitcond4_i)> <Delay = 4.17> <Core = "Mul">   --->   Core 16 'Mul' <Latency = 0> <II = 1> <Delay = 3.74> <FuncUnit> <Opcode : 'mul'> <InPorts = 2> <OutPorts = 1>
ST_4 : Operation 344 [1/1] (0.00ns)   --->   "%tmp_79_i = call i8 @_ssdm_op_PartSelect.i8.i128.i32.i32(i128 %svs_V_15_load, i32 16, i32 23)" [ADSD/Classifier.cpp:68->ADSD/Classifier.cpp:133]   --->   Operation 344 'partselect' 'tmp_79_i' <Predicate = (!exitcond4_i)> <Delay = 0.00>
ST_4 : Operation 345 [1/1] (0.00ns)   --->   "%OP1_V_2184_14_i = sext i8 %tmp_79_i to i16" [ADSD/Classifier.cpp:70->ADSD/Classifier.cpp:133]   --->   Operation 345 'sext' 'OP1_V_2184_14_i' <Predicate = (!exitcond4_i)> <Delay = 0.00>
ST_4 : Operation 346 [1/1] (4.17ns)   --->   "%r_V_2_14_i = mul i16 %OP2_V_2185_i, %OP1_V_2184_14_i" [ADSD/Classifier.cpp:70->ADSD/Classifier.cpp:133]   --->   Operation 346 'mul' 'r_V_2_14_i' <Predicate = (!exitcond4_i)> <Delay = 4.17> <Core = "Mul">   --->   Core 16 'Mul' <Latency = 0> <II = 1> <Delay = 3.74> <FuncUnit> <Opcode : 'mul'> <InPorts = 2> <OutPorts = 1>
ST_4 : Operation 347 [1/1] (0.00ns)   --->   "%tmp_80_i = call i8 @_ssdm_op_PartSelect.i8.i125.i32.i32(i125 %svs_V_0_load, i32 24, i32 31)" [ADSD/Classifier.cpp:68->ADSD/Classifier.cpp:133]   --->   Operation 347 'partselect' 'tmp_80_i' <Predicate = (!exitcond4_i)> <Delay = 0.00>
ST_4 : Operation 348 [1/2] (2.32ns)   --->   "%x_local_3_V_load = load i8* %x_local_3_V_addr, align 1" [ADSD/Classifier.cpp:69->ADSD/Classifier.cpp:133]   --->   Operation 348 'load' 'x_local_3_V_load' <Predicate = (!exitcond4_i)> <Delay = 2.32> <Core = "RAM">   --->   Core 37 'RAM' <Latency = 1> <II = 1> <Delay = 2.32> <Storage> <Opcode : 'load' 'store'> <Ports = 2> <Width = 8> <Depth = 49> <RAM>
ST_4 : Operation 349 [1/1] (0.00ns)   --->   "%OP1_V_3_i = sext i8 %tmp_80_i to i16" [ADSD/Classifier.cpp:70->ADSD/Classifier.cpp:133]   --->   Operation 349 'sext' 'OP1_V_3_i' <Predicate = (!exitcond4_i)> <Delay = 0.00>
ST_4 : Operation 350 [1/1] (0.00ns)   --->   "%OP2_V_3_i = sext i8 %x_local_3_V_load to i16" [ADSD/Classifier.cpp:70->ADSD/Classifier.cpp:133]   --->   Operation 350 'sext' 'OP2_V_3_i' <Predicate = (!exitcond4_i)> <Delay = 0.00>
ST_4 : Operation 351 [1/1] (4.17ns)   --->   "%r_V_3_i = mul i16 %OP2_V_3_i, %OP1_V_3_i" [ADSD/Classifier.cpp:70->ADSD/Classifier.cpp:133]   --->   Operation 351 'mul' 'r_V_3_i' <Predicate = (!exitcond4_i)> <Delay = 4.17> <Core = "Mul">   --->   Core 16 'Mul' <Latency = 0> <II = 1> <Delay = 3.74> <FuncUnit> <Opcode : 'mul'> <InPorts = 2> <OutPorts = 1>
ST_4 : Operation 352 [1/1] (0.00ns)   --->   "%tmp_81_i = call i8 @_ssdm_op_PartSelect.i8.i125.i32.i32(i125 %svs_V_1_load, i32 24, i32 31)" [ADSD/Classifier.cpp:68->ADSD/Classifier.cpp:133]   --->   Operation 352 'partselect' 'tmp_81_i' <Predicate = (!exitcond4_i)> <Delay = 0.00>
ST_4 : Operation 353 [1/1] (0.00ns)   --->   "%OP1_V_3_1_i = sext i8 %tmp_81_i to i16" [ADSD/Classifier.cpp:70->ADSD/Classifier.cpp:133]   --->   Operation 353 'sext' 'OP1_V_3_1_i' <Predicate = (!exitcond4_i)> <Delay = 0.00>
ST_4 : Operation 354 [1/1] (4.17ns)   --->   "%r_V_3_1_i = mul i16 %OP2_V_3_i, %OP1_V_3_1_i" [ADSD/Classifier.cpp:70->ADSD/Classifier.cpp:133]   --->   Operation 354 'mul' 'r_V_3_1_i' <Predicate = (!exitcond4_i)> <Delay = 4.17> <Core = "Mul">   --->   Core 16 'Mul' <Latency = 0> <II = 1> <Delay = 3.74> <FuncUnit> <Opcode : 'mul'> <InPorts = 2> <OutPorts = 1>
ST_4 : Operation 355 [1/1] (0.00ns)   --->   "%tmp_82_i = call i8 @_ssdm_op_PartSelect.i8.i125.i32.i32(i125 %svs_V_2_load, i32 24, i32 31)" [ADSD/Classifier.cpp:68->ADSD/Classifier.cpp:133]   --->   Operation 355 'partselect' 'tmp_82_i' <Predicate = (!exitcond4_i)> <Delay = 0.00>
ST_4 : Operation 356 [1/1] (0.00ns)   --->   "%OP1_V_3_2_i = sext i8 %tmp_82_i to i16" [ADSD/Classifier.cpp:70->ADSD/Classifier.cpp:133]   --->   Operation 356 'sext' 'OP1_V_3_2_i' <Predicate = (!exitcond4_i)> <Delay = 0.00>
ST_4 : Operation 357 [1/1] (4.17ns)   --->   "%r_V_3_2_i = mul i16 %OP2_V_3_i, %OP1_V_3_2_i" [ADSD/Classifier.cpp:70->ADSD/Classifier.cpp:133]   --->   Operation 357 'mul' 'r_V_3_2_i' <Predicate = (!exitcond4_i)> <Delay = 4.17> <Core = "Mul">   --->   Core 16 'Mul' <Latency = 0> <II = 1> <Delay = 3.74> <FuncUnit> <Opcode : 'mul'> <InPorts = 2> <OutPorts = 1>
ST_4 : Operation 358 [1/1] (0.00ns)   --->   "%tmp_83_i = call i8 @_ssdm_op_PartSelect.i8.i128.i32.i32(i128 %svs_V_3_load, i32 24, i32 31)" [ADSD/Classifier.cpp:68->ADSD/Classifier.cpp:133]   --->   Operation 358 'partselect' 'tmp_83_i' <Predicate = (!exitcond4_i)> <Delay = 0.00>
ST_4 : Operation 359 [1/1] (0.00ns)   --->   "%OP1_V_3_3_i = sext i8 %tmp_83_i to i16" [ADSD/Classifier.cpp:70->ADSD/Classifier.cpp:133]   --->   Operation 359 'sext' 'OP1_V_3_3_i' <Predicate = (!exitcond4_i)> <Delay = 0.00>
ST_4 : Operation 360 [1/1] (4.17ns)   --->   "%r_V_3_3_i = mul i16 %OP2_V_3_i, %OP1_V_3_3_i" [ADSD/Classifier.cpp:70->ADSD/Classifier.cpp:133]   --->   Operation 360 'mul' 'r_V_3_3_i' <Predicate = (!exitcond4_i)> <Delay = 4.17> <Core = "Mul">   --->   Core 16 'Mul' <Latency = 0> <II = 1> <Delay = 3.74> <FuncUnit> <Opcode : 'mul'> <InPorts = 2> <OutPorts = 1>
ST_4 : Operation 361 [1/1] (0.00ns)   --->   "%tmp_84_i = call i8 @_ssdm_op_PartSelect.i8.i125.i32.i32(i125 %svs_V_4_load, i32 24, i32 31)" [ADSD/Classifier.cpp:68->ADSD/Classifier.cpp:133]   --->   Operation 361 'partselect' 'tmp_84_i' <Predicate = (!exitcond4_i)> <Delay = 0.00>
ST_4 : Operation 362 [1/1] (0.00ns)   --->   "%OP1_V_3_4_i = sext i8 %tmp_84_i to i16" [ADSD/Classifier.cpp:70->ADSD/Classifier.cpp:133]   --->   Operation 362 'sext' 'OP1_V_3_4_i' <Predicate = (!exitcond4_i)> <Delay = 0.00>
ST_4 : Operation 363 [1/1] (4.17ns)   --->   "%r_V_3_4_i = mul i16 %OP2_V_3_i, %OP1_V_3_4_i" [ADSD/Classifier.cpp:70->ADSD/Classifier.cpp:133]   --->   Operation 363 'mul' 'r_V_3_4_i' <Predicate = (!exitcond4_i)> <Delay = 4.17> <Core = "Mul">   --->   Core 16 'Mul' <Latency = 0> <II = 1> <Delay = 3.74> <FuncUnit> <Opcode : 'mul'> <InPorts = 2> <OutPorts = 1>
ST_4 : Operation 364 [1/1] (0.00ns)   --->   "%tmp_85_i = call i8 @_ssdm_op_PartSelect.i8.i125.i32.i32(i125 %svs_V_5_load, i32 24, i32 31)" [ADSD/Classifier.cpp:68->ADSD/Classifier.cpp:133]   --->   Operation 364 'partselect' 'tmp_85_i' <Predicate = (!exitcond4_i)> <Delay = 0.00>
ST_4 : Operation 365 [1/1] (0.00ns)   --->   "%OP1_V_3_5_i = sext i8 %tmp_85_i to i16" [ADSD/Classifier.cpp:70->ADSD/Classifier.cpp:133]   --->   Operation 365 'sext' 'OP1_V_3_5_i' <Predicate = (!exitcond4_i)> <Delay = 0.00>
ST_4 : Operation 366 [1/1] (4.17ns)   --->   "%r_V_3_5_i = mul i16 %OP2_V_3_i, %OP1_V_3_5_i" [ADSD/Classifier.cpp:70->ADSD/Classifier.cpp:133]   --->   Operation 366 'mul' 'r_V_3_5_i' <Predicate = (!exitcond4_i)> <Delay = 4.17> <Core = "Mul">   --->   Core 16 'Mul' <Latency = 0> <II = 1> <Delay = 3.74> <FuncUnit> <Opcode : 'mul'> <InPorts = 2> <OutPorts = 1>
ST_4 : Operation 367 [1/1] (0.00ns)   --->   "%tmp_86_i = call i8 @_ssdm_op_PartSelect.i8.i126.i32.i32(i126 %svs_V_6_load, i32 24, i32 31)" [ADSD/Classifier.cpp:68->ADSD/Classifier.cpp:133]   --->   Operation 367 'partselect' 'tmp_86_i' <Predicate = (!exitcond4_i)> <Delay = 0.00>
ST_4 : Operation 368 [1/1] (0.00ns)   --->   "%OP1_V_3_6_i = sext i8 %tmp_86_i to i16" [ADSD/Classifier.cpp:70->ADSD/Classifier.cpp:133]   --->   Operation 368 'sext' 'OP1_V_3_6_i' <Predicate = (!exitcond4_i)> <Delay = 0.00>
ST_4 : Operation 369 [1/1] (4.17ns)   --->   "%r_V_3_6_i = mul i16 %OP2_V_3_i, %OP1_V_3_6_i" [ADSD/Classifier.cpp:70->ADSD/Classifier.cpp:133]   --->   Operation 369 'mul' 'r_V_3_6_i' <Predicate = (!exitcond4_i)> <Delay = 4.17> <Core = "Mul">   --->   Core 16 'Mul' <Latency = 0> <II = 1> <Delay = 3.74> <FuncUnit> <Opcode : 'mul'> <InPorts = 2> <OutPorts = 1>
ST_4 : Operation 370 [1/1] (0.00ns)   --->   "%tmp_87_i = call i8 @_ssdm_op_PartSelect.i8.i125.i32.i32(i125 %svs_V_7_load, i32 24, i32 31)" [ADSD/Classifier.cpp:68->ADSD/Classifier.cpp:133]   --->   Operation 370 'partselect' 'tmp_87_i' <Predicate = (!exitcond4_i)> <Delay = 0.00>
ST_4 : Operation 371 [1/1] (0.00ns)   --->   "%OP1_V_3_7_i = sext i8 %tmp_87_i to i16" [ADSD/Classifier.cpp:70->ADSD/Classifier.cpp:133]   --->   Operation 371 'sext' 'OP1_V_3_7_i' <Predicate = (!exitcond4_i)> <Delay = 0.00>
ST_4 : Operation 372 [1/1] (4.17ns)   --->   "%r_V_3_7_i = mul i16 %OP2_V_3_i, %OP1_V_3_7_i" [ADSD/Classifier.cpp:70->ADSD/Classifier.cpp:133]   --->   Operation 372 'mul' 'r_V_3_7_i' <Predicate = (!exitcond4_i)> <Delay = 4.17> <Core = "Mul">   --->   Core 16 'Mul' <Latency = 0> <II = 1> <Delay = 3.74> <FuncUnit> <Opcode : 'mul'> <InPorts = 2> <OutPorts = 1>
ST_4 : Operation 373 [1/1] (0.00ns)   --->   "%tmp_88_i = call i8 @_ssdm_op_PartSelect.i8.i128.i32.i32(i128 %svs_V_8_load, i32 24, i32 31)" [ADSD/Classifier.cpp:68->ADSD/Classifier.cpp:133]   --->   Operation 373 'partselect' 'tmp_88_i' <Predicate = (!exitcond4_i)> <Delay = 0.00>
ST_4 : Operation 374 [1/1] (0.00ns)   --->   "%OP1_V_3_8_i = sext i8 %tmp_88_i to i16" [ADSD/Classifier.cpp:70->ADSD/Classifier.cpp:133]   --->   Operation 374 'sext' 'OP1_V_3_8_i' <Predicate = (!exitcond4_i)> <Delay = 0.00>
ST_4 : Operation 375 [1/1] (4.17ns)   --->   "%r_V_3_8_i = mul i16 %OP2_V_3_i, %OP1_V_3_8_i" [ADSD/Classifier.cpp:70->ADSD/Classifier.cpp:133]   --->   Operation 375 'mul' 'r_V_3_8_i' <Predicate = (!exitcond4_i)> <Delay = 4.17> <Core = "Mul">   --->   Core 16 'Mul' <Latency = 0> <II = 1> <Delay = 3.74> <FuncUnit> <Opcode : 'mul'> <InPorts = 2> <OutPorts = 1>
ST_4 : Operation 376 [1/1] (0.00ns)   --->   "%tmp_89_i = call i8 @_ssdm_op_PartSelect.i8.i126.i32.i32(i126 %svs_V_9_load, i32 24, i32 31)" [ADSD/Classifier.cpp:68->ADSD/Classifier.cpp:133]   --->   Operation 376 'partselect' 'tmp_89_i' <Predicate = (!exitcond4_i)> <Delay = 0.00>
ST_4 : Operation 377 [1/1] (0.00ns)   --->   "%OP1_V_3_9_i = sext i8 %tmp_89_i to i16" [ADSD/Classifier.cpp:70->ADSD/Classifier.cpp:133]   --->   Operation 377 'sext' 'OP1_V_3_9_i' <Predicate = (!exitcond4_i)> <Delay = 0.00>
ST_4 : Operation 378 [1/1] (4.17ns)   --->   "%r_V_3_9_i = mul i16 %OP2_V_3_i, %OP1_V_3_9_i" [ADSD/Classifier.cpp:70->ADSD/Classifier.cpp:133]   --->   Operation 378 'mul' 'r_V_3_9_i' <Predicate = (!exitcond4_i)> <Delay = 4.17> <Core = "Mul">   --->   Core 16 'Mul' <Latency = 0> <II = 1> <Delay = 3.74> <FuncUnit> <Opcode : 'mul'> <InPorts = 2> <OutPorts = 1>
ST_4 : Operation 379 [1/1] (0.00ns)   --->   "%tmp_90_i = call i8 @_ssdm_op_PartSelect.i8.i125.i32.i32(i125 %svs_V_10_load, i32 24, i32 31)" [ADSD/Classifier.cpp:68->ADSD/Classifier.cpp:133]   --->   Operation 379 'partselect' 'tmp_90_i' <Predicate = (!exitcond4_i)> <Delay = 0.00>
ST_4 : Operation 380 [1/1] (0.00ns)   --->   "%OP1_V_3_i_47 = sext i8 %tmp_90_i to i16" [ADSD/Classifier.cpp:70->ADSD/Classifier.cpp:133]   --->   Operation 380 'sext' 'OP1_V_3_i_47' <Predicate = (!exitcond4_i)> <Delay = 0.00>
ST_4 : Operation 381 [1/1] (4.17ns)   --->   "%r_V_3_i_48 = mul i16 %OP2_V_3_i, %OP1_V_3_i_47" [ADSD/Classifier.cpp:70->ADSD/Classifier.cpp:133]   --->   Operation 381 'mul' 'r_V_3_i_48' <Predicate = (!exitcond4_i)> <Delay = 4.17> <Core = "Mul">   --->   Core 16 'Mul' <Latency = 0> <II = 1> <Delay = 3.74> <FuncUnit> <Opcode : 'mul'> <InPorts = 2> <OutPorts = 1>
ST_4 : Operation 382 [1/1] (0.00ns)   --->   "%tmp_91_i = call i8 @_ssdm_op_PartSelect.i8.i125.i32.i32(i125 %svs_V_11_load, i32 24, i32 31)" [ADSD/Classifier.cpp:68->ADSD/Classifier.cpp:133]   --->   Operation 382 'partselect' 'tmp_91_i' <Predicate = (!exitcond4_i)> <Delay = 0.00>
ST_4 : Operation 383 [1/1] (0.00ns)   --->   "%OP1_V_3_10_i = sext i8 %tmp_91_i to i16" [ADSD/Classifier.cpp:70->ADSD/Classifier.cpp:133]   --->   Operation 383 'sext' 'OP1_V_3_10_i' <Predicate = (!exitcond4_i)> <Delay = 0.00>
ST_4 : Operation 384 [1/1] (4.17ns)   --->   "%r_V_3_10_i = mul i16 %OP2_V_3_i, %OP1_V_3_10_i" [ADSD/Classifier.cpp:70->ADSD/Classifier.cpp:133]   --->   Operation 384 'mul' 'r_V_3_10_i' <Predicate = (!exitcond4_i)> <Delay = 4.17> <Core = "Mul">   --->   Core 16 'Mul' <Latency = 0> <II = 1> <Delay = 3.74> <FuncUnit> <Opcode : 'mul'> <InPorts = 2> <OutPorts = 1>
ST_4 : Operation 385 [1/1] (0.00ns)   --->   "%tmp_94_i = call i8 @_ssdm_op_PartSelect.i8.i126.i32.i32(i126 %svs_V_12_load, i32 24, i32 31)" [ADSD/Classifier.cpp:68->ADSD/Classifier.cpp:133]   --->   Operation 385 'partselect' 'tmp_94_i' <Predicate = (!exitcond4_i)> <Delay = 0.00>
ST_4 : Operation 386 [1/1] (0.00ns)   --->   "%OP1_V_3_11_i = sext i8 %tmp_94_i to i16" [ADSD/Classifier.cpp:70->ADSD/Classifier.cpp:133]   --->   Operation 386 'sext' 'OP1_V_3_11_i' <Predicate = (!exitcond4_i)> <Delay = 0.00>
ST_4 : Operation 387 [1/1] (4.17ns)   --->   "%r_V_3_11_i = mul i16 %OP2_V_3_i, %OP1_V_3_11_i" [ADSD/Classifier.cpp:70->ADSD/Classifier.cpp:133]   --->   Operation 387 'mul' 'r_V_3_11_i' <Predicate = (!exitcond4_i)> <Delay = 4.17> <Core = "Mul">   --->   Core 16 'Mul' <Latency = 0> <II = 1> <Delay = 3.74> <FuncUnit> <Opcode : 'mul'> <InPorts = 2> <OutPorts = 1>
ST_4 : Operation 388 [1/1] (0.00ns)   --->   "%tmp_95_i = call i8 @_ssdm_op_PartSelect.i8.i127.i32.i32(i127 %svs_V_13_load, i32 24, i32 31)" [ADSD/Classifier.cpp:68->ADSD/Classifier.cpp:133]   --->   Operation 388 'partselect' 'tmp_95_i' <Predicate = (!exitcond4_i)> <Delay = 0.00>
ST_4 : Operation 389 [1/1] (0.00ns)   --->   "%OP1_V_3_12_i = sext i8 %tmp_95_i to i16" [ADSD/Classifier.cpp:70->ADSD/Classifier.cpp:133]   --->   Operation 389 'sext' 'OP1_V_3_12_i' <Predicate = (!exitcond4_i)> <Delay = 0.00>
ST_4 : Operation 390 [1/1] (4.17ns)   --->   "%r_V_3_12_i = mul i16 %OP2_V_3_i, %OP1_V_3_12_i" [ADSD/Classifier.cpp:70->ADSD/Classifier.cpp:133]   --->   Operation 390 'mul' 'r_V_3_12_i' <Predicate = (!exitcond4_i)> <Delay = 4.17> <Core = "Mul">   --->   Core 16 'Mul' <Latency = 0> <II = 1> <Delay = 3.74> <FuncUnit> <Opcode : 'mul'> <InPorts = 2> <OutPorts = 1>
ST_4 : Operation 391 [1/1] (0.00ns)   --->   "%tmp_96_i = call i8 @_ssdm_op_PartSelect.i8.i126.i32.i32(i126 %svs_V_14_load, i32 24, i32 31)" [ADSD/Classifier.cpp:68->ADSD/Classifier.cpp:133]   --->   Operation 391 'partselect' 'tmp_96_i' <Predicate = (!exitcond4_i)> <Delay = 0.00>
ST_4 : Operation 392 [1/1] (0.00ns)   --->   "%OP1_V_3_13_i = sext i8 %tmp_96_i to i16" [ADSD/Classifier.cpp:70->ADSD/Classifier.cpp:133]   --->   Operation 392 'sext' 'OP1_V_3_13_i' <Predicate = (!exitcond4_i)> <Delay = 0.00>
ST_4 : Operation 393 [1/1] (4.17ns)   --->   "%r_V_3_13_i = mul i16 %OP2_V_3_i, %OP1_V_3_13_i" [ADSD/Classifier.cpp:70->ADSD/Classifier.cpp:133]   --->   Operation 393 'mul' 'r_V_3_13_i' <Predicate = (!exitcond4_i)> <Delay = 4.17> <Core = "Mul">   --->   Core 16 'Mul' <Latency = 0> <II = 1> <Delay = 3.74> <FuncUnit> <Opcode : 'mul'> <InPorts = 2> <OutPorts = 1>
ST_4 : Operation 394 [1/1] (0.00ns)   --->   "%tmp_97_i = call i8 @_ssdm_op_PartSelect.i8.i128.i32.i32(i128 %svs_V_15_load, i32 24, i32 31)" [ADSD/Classifier.cpp:68->ADSD/Classifier.cpp:133]   --->   Operation 394 'partselect' 'tmp_97_i' <Predicate = (!exitcond4_i)> <Delay = 0.00>
ST_4 : Operation 395 [1/1] (0.00ns)   --->   "%OP1_V_3_14_i = sext i8 %tmp_97_i to i16" [ADSD/Classifier.cpp:70->ADSD/Classifier.cpp:133]   --->   Operation 395 'sext' 'OP1_V_3_14_i' <Predicate = (!exitcond4_i)> <Delay = 0.00>
ST_4 : Operation 396 [1/1] (4.17ns)   --->   "%r_V_3_14_i = mul i16 %OP2_V_3_i, %OP1_V_3_14_i" [ADSD/Classifier.cpp:70->ADSD/Classifier.cpp:133]   --->   Operation 396 'mul' 'r_V_3_14_i' <Predicate = (!exitcond4_i)> <Delay = 4.17> <Core = "Mul">   --->   Core 16 'Mul' <Latency = 0> <II = 1> <Delay = 3.74> <FuncUnit> <Opcode : 'mul'> <InPorts = 2> <OutPorts = 1>
ST_4 : Operation 397 [1/1] (0.00ns)   --->   "%tmp_98_i = call i8 @_ssdm_op_PartSelect.i8.i125.i32.i32(i125 %svs_V_0_load, i32 32, i32 39)" [ADSD/Classifier.cpp:68->ADSD/Classifier.cpp:133]   --->   Operation 397 'partselect' 'tmp_98_i' <Predicate = (!exitcond4_i)> <Delay = 0.00>
ST_4 : Operation 398 [1/2] (2.32ns)   --->   "%x_local_4_V_load = load i8* %x_local_4_V_addr, align 1" [ADSD/Classifier.cpp:69->ADSD/Classifier.cpp:133]   --->   Operation 398 'load' 'x_local_4_V_load' <Predicate = (!exitcond4_i)> <Delay = 2.32> <Core = "RAM">   --->   Core 37 'RAM' <Latency = 1> <II = 1> <Delay = 2.32> <Storage> <Opcode : 'load' 'store'> <Ports = 2> <Width = 8> <Depth = 49> <RAM>
ST_4 : Operation 399 [1/1] (0.00ns)   --->   "%tmp_99_i = call i8 @_ssdm_op_PartSelect.i8.i125.i32.i32(i125 %svs_V_1_load, i32 32, i32 39)" [ADSD/Classifier.cpp:68->ADSD/Classifier.cpp:133]   --->   Operation 399 'partselect' 'tmp_99_i' <Predicate = (!exitcond4_i)> <Delay = 0.00>
ST_4 : Operation 400 [1/1] (0.00ns)   --->   "%tmp_100_i = call i8 @_ssdm_op_PartSelect.i8.i125.i32.i32(i125 %svs_V_2_load, i32 32, i32 39)" [ADSD/Classifier.cpp:68->ADSD/Classifier.cpp:133]   --->   Operation 400 'partselect' 'tmp_100_i' <Predicate = (!exitcond4_i)> <Delay = 0.00>
ST_4 : Operation 401 [1/1] (0.00ns)   --->   "%tmp_101_i = call i8 @_ssdm_op_PartSelect.i8.i128.i32.i32(i128 %svs_V_3_load, i32 32, i32 39)" [ADSD/Classifier.cpp:68->ADSD/Classifier.cpp:133]   --->   Operation 401 'partselect' 'tmp_101_i' <Predicate = (!exitcond4_i)> <Delay = 0.00>
ST_4 : Operation 402 [1/1] (0.00ns)   --->   "%tmp_102_i = call i8 @_ssdm_op_PartSelect.i8.i125.i32.i32(i125 %svs_V_4_load, i32 32, i32 39)" [ADSD/Classifier.cpp:68->ADSD/Classifier.cpp:133]   --->   Operation 402 'partselect' 'tmp_102_i' <Predicate = (!exitcond4_i)> <Delay = 0.00>
ST_4 : Operation 403 [1/1] (0.00ns)   --->   "%tmp_105_i = call i8 @_ssdm_op_PartSelect.i8.i125.i32.i32(i125 %svs_V_5_load, i32 32, i32 39)" [ADSD/Classifier.cpp:68->ADSD/Classifier.cpp:133]   --->   Operation 403 'partselect' 'tmp_105_i' <Predicate = (!exitcond4_i)> <Delay = 0.00>
ST_4 : Operation 404 [1/1] (0.00ns)   --->   "%tmp_106_i = call i8 @_ssdm_op_PartSelect.i8.i126.i32.i32(i126 %svs_V_6_load, i32 32, i32 39)" [ADSD/Classifier.cpp:68->ADSD/Classifier.cpp:133]   --->   Operation 404 'partselect' 'tmp_106_i' <Predicate = (!exitcond4_i)> <Delay = 0.00>
ST_4 : Operation 405 [1/1] (0.00ns)   --->   "%tmp_107_i = call i8 @_ssdm_op_PartSelect.i8.i125.i32.i32(i125 %svs_V_7_load, i32 32, i32 39)" [ADSD/Classifier.cpp:68->ADSD/Classifier.cpp:133]   --->   Operation 405 'partselect' 'tmp_107_i' <Predicate = (!exitcond4_i)> <Delay = 0.00>
ST_4 : Operation 406 [1/1] (0.00ns)   --->   "%tmp_108_i = call i8 @_ssdm_op_PartSelect.i8.i128.i32.i32(i128 %svs_V_8_load, i32 32, i32 39)" [ADSD/Classifier.cpp:68->ADSD/Classifier.cpp:133]   --->   Operation 406 'partselect' 'tmp_108_i' <Predicate = (!exitcond4_i)> <Delay = 0.00>
ST_4 : Operation 407 [1/1] (0.00ns)   --->   "%tmp_109_i = call i8 @_ssdm_op_PartSelect.i8.i126.i32.i32(i126 %svs_V_9_load, i32 32, i32 39)" [ADSD/Classifier.cpp:68->ADSD/Classifier.cpp:133]   --->   Operation 407 'partselect' 'tmp_109_i' <Predicate = (!exitcond4_i)> <Delay = 0.00>
ST_4 : Operation 408 [1/1] (0.00ns)   --->   "%tmp_110_i = call i8 @_ssdm_op_PartSelect.i8.i125.i32.i32(i125 %svs_V_10_load, i32 32, i32 39)" [ADSD/Classifier.cpp:68->ADSD/Classifier.cpp:133]   --->   Operation 408 'partselect' 'tmp_110_i' <Predicate = (!exitcond4_i)> <Delay = 0.00>
ST_4 : Operation 409 [1/1] (0.00ns)   --->   "%tmp_111_i = call i8 @_ssdm_op_PartSelect.i8.i125.i32.i32(i125 %svs_V_11_load, i32 32, i32 39)" [ADSD/Classifier.cpp:68->ADSD/Classifier.cpp:133]   --->   Operation 409 'partselect' 'tmp_111_i' <Predicate = (!exitcond4_i)> <Delay = 0.00>
ST_4 : Operation 410 [1/1] (0.00ns)   --->   "%tmp_112_i = call i8 @_ssdm_op_PartSelect.i8.i126.i32.i32(i126 %svs_V_12_load, i32 32, i32 39)" [ADSD/Classifier.cpp:68->ADSD/Classifier.cpp:133]   --->   Operation 410 'partselect' 'tmp_112_i' <Predicate = (!exitcond4_i)> <Delay = 0.00>
ST_4 : Operation 411 [1/1] (0.00ns)   --->   "%tmp_113_i = call i8 @_ssdm_op_PartSelect.i8.i127.i32.i32(i127 %svs_V_13_load, i32 32, i32 39)" [ADSD/Classifier.cpp:68->ADSD/Classifier.cpp:133]   --->   Operation 411 'partselect' 'tmp_113_i' <Predicate = (!exitcond4_i)> <Delay = 0.00>
ST_4 : Operation 412 [1/1] (0.00ns)   --->   "%tmp_114_i = call i8 @_ssdm_op_PartSelect.i8.i126.i32.i32(i126 %svs_V_14_load, i32 32, i32 39)" [ADSD/Classifier.cpp:68->ADSD/Classifier.cpp:133]   --->   Operation 412 'partselect' 'tmp_114_i' <Predicate = (!exitcond4_i)> <Delay = 0.00>
ST_4 : Operation 413 [1/1] (0.00ns)   --->   "%tmp_115_i = call i8 @_ssdm_op_PartSelect.i8.i128.i32.i32(i128 %svs_V_15_load, i32 32, i32 39)" [ADSD/Classifier.cpp:68->ADSD/Classifier.cpp:133]   --->   Operation 413 'partselect' 'tmp_115_i' <Predicate = (!exitcond4_i)> <Delay = 0.00>
ST_4 : Operation 414 [1/1] (0.00ns)   --->   "%tmp_116_i = call i8 @_ssdm_op_PartSelect.i8.i125.i32.i32(i125 %svs_V_0_load, i32 40, i32 47)" [ADSD/Classifier.cpp:68->ADSD/Classifier.cpp:133]   --->   Operation 414 'partselect' 'tmp_116_i' <Predicate = (!exitcond4_i)> <Delay = 0.00>
ST_4 : Operation 415 [1/2] (2.32ns)   --->   "%x_local_5_V_load = load i8* %x_local_5_V_addr, align 1" [ADSD/Classifier.cpp:69->ADSD/Classifier.cpp:133]   --->   Operation 415 'load' 'x_local_5_V_load' <Predicate = (!exitcond4_i)> <Delay = 2.32> <Core = "RAM">   --->   Core 37 'RAM' <Latency = 1> <II = 1> <Delay = 2.32> <Storage> <Opcode : 'load' 'store'> <Ports = 2> <Width = 8> <Depth = 49> <RAM>
ST_4 : Operation 416 [1/1] (0.00ns)   --->   "%tmp_117_i = call i8 @_ssdm_op_PartSelect.i8.i125.i32.i32(i125 %svs_V_1_load, i32 40, i32 47)" [ADSD/Classifier.cpp:68->ADSD/Classifier.cpp:133]   --->   Operation 416 'partselect' 'tmp_117_i' <Predicate = (!exitcond4_i)> <Delay = 0.00>
ST_4 : Operation 417 [1/1] (0.00ns)   --->   "%tmp_120_i = call i8 @_ssdm_op_PartSelect.i8.i125.i32.i32(i125 %svs_V_2_load, i32 40, i32 47)" [ADSD/Classifier.cpp:68->ADSD/Classifier.cpp:133]   --->   Operation 417 'partselect' 'tmp_120_i' <Predicate = (!exitcond4_i)> <Delay = 0.00>
ST_4 : Operation 418 [1/1] (0.00ns)   --->   "%tmp_121_i = call i8 @_ssdm_op_PartSelect.i8.i128.i32.i32(i128 %svs_V_3_load, i32 40, i32 47)" [ADSD/Classifier.cpp:68->ADSD/Classifier.cpp:133]   --->   Operation 418 'partselect' 'tmp_121_i' <Predicate = (!exitcond4_i)> <Delay = 0.00>
ST_4 : Operation 419 [1/1] (0.00ns)   --->   "%tmp_122_i = call i8 @_ssdm_op_PartSelect.i8.i125.i32.i32(i125 %svs_V_4_load, i32 40, i32 47)" [ADSD/Classifier.cpp:68->ADSD/Classifier.cpp:133]   --->   Operation 419 'partselect' 'tmp_122_i' <Predicate = (!exitcond4_i)> <Delay = 0.00>
ST_4 : Operation 420 [1/1] (0.00ns)   --->   "%tmp_123_i = call i8 @_ssdm_op_PartSelect.i8.i125.i32.i32(i125 %svs_V_5_load, i32 40, i32 47)" [ADSD/Classifier.cpp:68->ADSD/Classifier.cpp:133]   --->   Operation 420 'partselect' 'tmp_123_i' <Predicate = (!exitcond4_i)> <Delay = 0.00>
ST_4 : Operation 421 [1/1] (0.00ns)   --->   "%tmp_124_i = call i8 @_ssdm_op_PartSelect.i8.i126.i32.i32(i126 %svs_V_6_load, i32 40, i32 47)" [ADSD/Classifier.cpp:68->ADSD/Classifier.cpp:133]   --->   Operation 421 'partselect' 'tmp_124_i' <Predicate = (!exitcond4_i)> <Delay = 0.00>
ST_4 : Operation 422 [1/1] (0.00ns)   --->   "%tmp_125_i = call i8 @_ssdm_op_PartSelect.i8.i125.i32.i32(i125 %svs_V_7_load, i32 40, i32 47)" [ADSD/Classifier.cpp:68->ADSD/Classifier.cpp:133]   --->   Operation 422 'partselect' 'tmp_125_i' <Predicate = (!exitcond4_i)> <Delay = 0.00>
ST_4 : Operation 423 [1/1] (0.00ns)   --->   "%tmp_126_i = call i8 @_ssdm_op_PartSelect.i8.i128.i32.i32(i128 %svs_V_8_load, i32 40, i32 47)" [ADSD/Classifier.cpp:68->ADSD/Classifier.cpp:133]   --->   Operation 423 'partselect' 'tmp_126_i' <Predicate = (!exitcond4_i)> <Delay = 0.00>
ST_4 : Operation 424 [1/1] (0.00ns)   --->   "%tmp_127_i = call i8 @_ssdm_op_PartSelect.i8.i126.i32.i32(i126 %svs_V_9_load, i32 40, i32 47)" [ADSD/Classifier.cpp:68->ADSD/Classifier.cpp:133]   --->   Operation 424 'partselect' 'tmp_127_i' <Predicate = (!exitcond4_i)> <Delay = 0.00>
ST_4 : Operation 425 [1/1] (0.00ns)   --->   "%tmp_128_i = call i8 @_ssdm_op_PartSelect.i8.i125.i32.i32(i125 %svs_V_10_load, i32 40, i32 47)" [ADSD/Classifier.cpp:68->ADSD/Classifier.cpp:133]   --->   Operation 425 'partselect' 'tmp_128_i' <Predicate = (!exitcond4_i)> <Delay = 0.00>
ST_4 : Operation 426 [1/1] (0.00ns)   --->   "%tmp_131_i = call i8 @_ssdm_op_PartSelect.i8.i125.i32.i32(i125 %svs_V_11_load, i32 40, i32 47)" [ADSD/Classifier.cpp:68->ADSD/Classifier.cpp:133]   --->   Operation 426 'partselect' 'tmp_131_i' <Predicate = (!exitcond4_i)> <Delay = 0.00>
ST_4 : Operation 427 [1/1] (0.00ns)   --->   "%tmp_132_i = call i8 @_ssdm_op_PartSelect.i8.i126.i32.i32(i126 %svs_V_12_load, i32 40, i32 47)" [ADSD/Classifier.cpp:68->ADSD/Classifier.cpp:133]   --->   Operation 427 'partselect' 'tmp_132_i' <Predicate = (!exitcond4_i)> <Delay = 0.00>
ST_4 : Operation 428 [1/1] (0.00ns)   --->   "%tmp_133_i = call i8 @_ssdm_op_PartSelect.i8.i127.i32.i32(i127 %svs_V_13_load, i32 40, i32 47)" [ADSD/Classifier.cpp:68->ADSD/Classifier.cpp:133]   --->   Operation 428 'partselect' 'tmp_133_i' <Predicate = (!exitcond4_i)> <Delay = 0.00>
ST_4 : Operation 429 [1/1] (0.00ns)   --->   "%tmp_134_i = call i8 @_ssdm_op_PartSelect.i8.i126.i32.i32(i126 %svs_V_14_load, i32 40, i32 47)" [ADSD/Classifier.cpp:68->ADSD/Classifier.cpp:133]   --->   Operation 429 'partselect' 'tmp_134_i' <Predicate = (!exitcond4_i)> <Delay = 0.00>
ST_4 : Operation 430 [1/1] (0.00ns)   --->   "%tmp_135_i = call i8 @_ssdm_op_PartSelect.i8.i128.i32.i32(i128 %svs_V_15_load, i32 40, i32 47)" [ADSD/Classifier.cpp:68->ADSD/Classifier.cpp:133]   --->   Operation 430 'partselect' 'tmp_135_i' <Predicate = (!exitcond4_i)> <Delay = 0.00>
ST_4 : Operation 431 [1/1] (0.00ns)   --->   "%tmp_136_i = call i8 @_ssdm_op_PartSelect.i8.i125.i32.i32(i125 %svs_V_0_load, i32 48, i32 55)" [ADSD/Classifier.cpp:68->ADSD/Classifier.cpp:133]   --->   Operation 431 'partselect' 'tmp_136_i' <Predicate = (!exitcond4_i)> <Delay = 0.00>
ST_4 : Operation 432 [1/2] (2.32ns)   --->   "%x_local_6_V_load = load i8* %x_local_6_V_addr, align 1" [ADSD/Classifier.cpp:69->ADSD/Classifier.cpp:133]   --->   Operation 432 'load' 'x_local_6_V_load' <Predicate = (!exitcond4_i)> <Delay = 2.32> <Core = "RAM">   --->   Core 37 'RAM' <Latency = 1> <II = 1> <Delay = 2.32> <Storage> <Opcode : 'load' 'store'> <Ports = 2> <Width = 8> <Depth = 49> <RAM>
ST_4 : Operation 433 [1/1] (0.00ns)   --->   "%tmp_137_i = call i8 @_ssdm_op_PartSelect.i8.i125.i32.i32(i125 %svs_V_1_load, i32 48, i32 55)" [ADSD/Classifier.cpp:68->ADSD/Classifier.cpp:133]   --->   Operation 433 'partselect' 'tmp_137_i' <Predicate = (!exitcond4_i)> <Delay = 0.00>
ST_4 : Operation 434 [1/1] (0.00ns)   --->   "%tmp_138_i = call i8 @_ssdm_op_PartSelect.i8.i125.i32.i32(i125 %svs_V_2_load, i32 48, i32 55)" [ADSD/Classifier.cpp:68->ADSD/Classifier.cpp:133]   --->   Operation 434 'partselect' 'tmp_138_i' <Predicate = (!exitcond4_i)> <Delay = 0.00>
ST_4 : Operation 435 [1/1] (0.00ns)   --->   "%tmp_139_i = call i8 @_ssdm_op_PartSelect.i8.i128.i32.i32(i128 %svs_V_3_load, i32 48, i32 55)" [ADSD/Classifier.cpp:68->ADSD/Classifier.cpp:133]   --->   Operation 435 'partselect' 'tmp_139_i' <Predicate = (!exitcond4_i)> <Delay = 0.00>
ST_4 : Operation 436 [1/1] (0.00ns)   --->   "%tmp_140_i = call i8 @_ssdm_op_PartSelect.i8.i125.i32.i32(i125 %svs_V_4_load, i32 48, i32 55)" [ADSD/Classifier.cpp:68->ADSD/Classifier.cpp:133]   --->   Operation 436 'partselect' 'tmp_140_i' <Predicate = (!exitcond4_i)> <Delay = 0.00>
ST_4 : Operation 437 [1/1] (0.00ns)   --->   "%tmp_141_i = call i8 @_ssdm_op_PartSelect.i8.i125.i32.i32(i125 %svs_V_5_load, i32 48, i32 55)" [ADSD/Classifier.cpp:68->ADSD/Classifier.cpp:133]   --->   Operation 437 'partselect' 'tmp_141_i' <Predicate = (!exitcond4_i)> <Delay = 0.00>
ST_4 : Operation 438 [1/1] (0.00ns)   --->   "%tmp_142_i = call i8 @_ssdm_op_PartSelect.i8.i126.i32.i32(i126 %svs_V_6_load, i32 48, i32 55)" [ADSD/Classifier.cpp:68->ADSD/Classifier.cpp:133]   --->   Operation 438 'partselect' 'tmp_142_i' <Predicate = (!exitcond4_i)> <Delay = 0.00>
ST_4 : Operation 439 [1/1] (0.00ns)   --->   "%tmp_143_i = call i8 @_ssdm_op_PartSelect.i8.i125.i32.i32(i125 %svs_V_7_load, i32 48, i32 55)" [ADSD/Classifier.cpp:68->ADSD/Classifier.cpp:133]   --->   Operation 439 'partselect' 'tmp_143_i' <Predicate = (!exitcond4_i)> <Delay = 0.00>
ST_4 : Operation 440 [1/1] (0.00ns)   --->   "%tmp_146_i = call i8 @_ssdm_op_PartSelect.i8.i128.i32.i32(i128 %svs_V_8_load, i32 48, i32 55)" [ADSD/Classifier.cpp:68->ADSD/Classifier.cpp:133]   --->   Operation 440 'partselect' 'tmp_146_i' <Predicate = (!exitcond4_i)> <Delay = 0.00>
ST_4 : Operation 441 [1/1] (0.00ns)   --->   "%tmp_147_i = call i8 @_ssdm_op_PartSelect.i8.i126.i32.i32(i126 %svs_V_9_load, i32 48, i32 55)" [ADSD/Classifier.cpp:68->ADSD/Classifier.cpp:133]   --->   Operation 441 'partselect' 'tmp_147_i' <Predicate = (!exitcond4_i)> <Delay = 0.00>
ST_4 : Operation 442 [1/1] (0.00ns)   --->   "%tmp_148_i = call i8 @_ssdm_op_PartSelect.i8.i125.i32.i32(i125 %svs_V_10_load, i32 48, i32 55)" [ADSD/Classifier.cpp:68->ADSD/Classifier.cpp:133]   --->   Operation 442 'partselect' 'tmp_148_i' <Predicate = (!exitcond4_i)> <Delay = 0.00>
ST_4 : Operation 443 [1/1] (0.00ns)   --->   "%tmp_149_i = call i8 @_ssdm_op_PartSelect.i8.i125.i32.i32(i125 %svs_V_11_load, i32 48, i32 55)" [ADSD/Classifier.cpp:68->ADSD/Classifier.cpp:133]   --->   Operation 443 'partselect' 'tmp_149_i' <Predicate = (!exitcond4_i)> <Delay = 0.00>
ST_4 : Operation 444 [1/1] (0.00ns)   --->   "%tmp_150_i = call i8 @_ssdm_op_PartSelect.i8.i126.i32.i32(i126 %svs_V_12_load, i32 48, i32 55)" [ADSD/Classifier.cpp:68->ADSD/Classifier.cpp:133]   --->   Operation 444 'partselect' 'tmp_150_i' <Predicate = (!exitcond4_i)> <Delay = 0.00>
ST_4 : Operation 445 [1/1] (0.00ns)   --->   "%tmp_151_i = call i8 @_ssdm_op_PartSelect.i8.i127.i32.i32(i127 %svs_V_13_load, i32 48, i32 55)" [ADSD/Classifier.cpp:68->ADSD/Classifier.cpp:133]   --->   Operation 445 'partselect' 'tmp_151_i' <Predicate = (!exitcond4_i)> <Delay = 0.00>
ST_4 : Operation 446 [1/1] (0.00ns)   --->   "%tmp_152_i = call i8 @_ssdm_op_PartSelect.i8.i126.i32.i32(i126 %svs_V_14_load, i32 48, i32 55)" [ADSD/Classifier.cpp:68->ADSD/Classifier.cpp:133]   --->   Operation 446 'partselect' 'tmp_152_i' <Predicate = (!exitcond4_i)> <Delay = 0.00>
ST_4 : Operation 447 [1/1] (0.00ns)   --->   "%tmp_153_i = call i8 @_ssdm_op_PartSelect.i8.i128.i32.i32(i128 %svs_V_15_load, i32 48, i32 55)" [ADSD/Classifier.cpp:68->ADSD/Classifier.cpp:133]   --->   Operation 447 'partselect' 'tmp_153_i' <Predicate = (!exitcond4_i)> <Delay = 0.00>
ST_4 : Operation 448 [1/1] (0.00ns)   --->   "%tmp_154_i = call i8 @_ssdm_op_PartSelect.i8.i125.i32.i32(i125 %svs_V_0_load, i32 56, i32 63)" [ADSD/Classifier.cpp:68->ADSD/Classifier.cpp:133]   --->   Operation 448 'partselect' 'tmp_154_i' <Predicate = (!exitcond4_i)> <Delay = 0.00>
ST_4 : Operation 449 [1/2] (2.32ns)   --->   "%x_local_7_V_load = load i8* %x_local_7_V_addr, align 1" [ADSD/Classifier.cpp:69->ADSD/Classifier.cpp:133]   --->   Operation 449 'load' 'x_local_7_V_load' <Predicate = (!exitcond4_i)> <Delay = 2.32> <Core = "RAM">   --->   Core 37 'RAM' <Latency = 1> <II = 1> <Delay = 2.32> <Storage> <Opcode : 'load' 'store'> <Ports = 2> <Width = 8> <Depth = 49> <RAM>
ST_4 : Operation 450 [1/1] (0.00ns)   --->   "%tmp_157_i = call i8 @_ssdm_op_PartSelect.i8.i125.i32.i32(i125 %svs_V_1_load, i32 56, i32 63)" [ADSD/Classifier.cpp:68->ADSD/Classifier.cpp:133]   --->   Operation 450 'partselect' 'tmp_157_i' <Predicate = (!exitcond4_i)> <Delay = 0.00>
ST_4 : Operation 451 [1/1] (0.00ns)   --->   "%tmp_158_i = call i8 @_ssdm_op_PartSelect.i8.i125.i32.i32(i125 %svs_V_2_load, i32 56, i32 63)" [ADSD/Classifier.cpp:68->ADSD/Classifier.cpp:133]   --->   Operation 451 'partselect' 'tmp_158_i' <Predicate = (!exitcond4_i)> <Delay = 0.00>
ST_4 : Operation 452 [1/1] (0.00ns)   --->   "%tmp_159_i = call i8 @_ssdm_op_PartSelect.i8.i128.i32.i32(i128 %svs_V_3_load, i32 56, i32 63)" [ADSD/Classifier.cpp:68->ADSD/Classifier.cpp:133]   --->   Operation 452 'partselect' 'tmp_159_i' <Predicate = (!exitcond4_i)> <Delay = 0.00>
ST_4 : Operation 453 [1/1] (0.00ns)   --->   "%tmp_160_i = call i8 @_ssdm_op_PartSelect.i8.i125.i32.i32(i125 %svs_V_4_load, i32 56, i32 63)" [ADSD/Classifier.cpp:68->ADSD/Classifier.cpp:133]   --->   Operation 453 'partselect' 'tmp_160_i' <Predicate = (!exitcond4_i)> <Delay = 0.00>
ST_4 : Operation 454 [1/1] (0.00ns)   --->   "%tmp_161_i = call i8 @_ssdm_op_PartSelect.i8.i125.i32.i32(i125 %svs_V_5_load, i32 56, i32 63)" [ADSD/Classifier.cpp:68->ADSD/Classifier.cpp:133]   --->   Operation 454 'partselect' 'tmp_161_i' <Predicate = (!exitcond4_i)> <Delay = 0.00>
ST_4 : Operation 455 [1/1] (0.00ns)   --->   "%tmp_162_i = call i8 @_ssdm_op_PartSelect.i8.i126.i32.i32(i126 %svs_V_6_load, i32 56, i32 63)" [ADSD/Classifier.cpp:68->ADSD/Classifier.cpp:133]   --->   Operation 455 'partselect' 'tmp_162_i' <Predicate = (!exitcond4_i)> <Delay = 0.00>
ST_4 : Operation 456 [1/1] (0.00ns)   --->   "%tmp_163_i = call i8 @_ssdm_op_PartSelect.i8.i125.i32.i32(i125 %svs_V_7_load, i32 56, i32 63)" [ADSD/Classifier.cpp:68->ADSD/Classifier.cpp:133]   --->   Operation 456 'partselect' 'tmp_163_i' <Predicate = (!exitcond4_i)> <Delay = 0.00>
ST_4 : Operation 457 [1/1] (0.00ns)   --->   "%tmp_164_i = call i8 @_ssdm_op_PartSelect.i8.i128.i32.i32(i128 %svs_V_8_load, i32 56, i32 63)" [ADSD/Classifier.cpp:68->ADSD/Classifier.cpp:133]   --->   Operation 457 'partselect' 'tmp_164_i' <Predicate = (!exitcond4_i)> <Delay = 0.00>
ST_4 : Operation 458 [1/1] (0.00ns)   --->   "%tmp_165_i = call i8 @_ssdm_op_PartSelect.i8.i126.i32.i32(i126 %svs_V_9_load, i32 56, i32 63)" [ADSD/Classifier.cpp:68->ADSD/Classifier.cpp:133]   --->   Operation 458 'partselect' 'tmp_165_i' <Predicate = (!exitcond4_i)> <Delay = 0.00>
ST_4 : Operation 459 [1/1] (0.00ns)   --->   "%tmp_166_i = call i8 @_ssdm_op_PartSelect.i8.i125.i32.i32(i125 %svs_V_10_load, i32 56, i32 63)" [ADSD/Classifier.cpp:68->ADSD/Classifier.cpp:133]   --->   Operation 459 'partselect' 'tmp_166_i' <Predicate = (!exitcond4_i)> <Delay = 0.00>
ST_4 : Operation 460 [1/1] (0.00ns)   --->   "%tmp_167_i = call i8 @_ssdm_op_PartSelect.i8.i125.i32.i32(i125 %svs_V_11_load, i32 56, i32 63)" [ADSD/Classifier.cpp:68->ADSD/Classifier.cpp:133]   --->   Operation 460 'partselect' 'tmp_167_i' <Predicate = (!exitcond4_i)> <Delay = 0.00>
ST_4 : Operation 461 [1/1] (0.00ns)   --->   "%tmp_168_i = call i8 @_ssdm_op_PartSelect.i8.i126.i32.i32(i126 %svs_V_12_load, i32 56, i32 63)" [ADSD/Classifier.cpp:68->ADSD/Classifier.cpp:133]   --->   Operation 461 'partselect' 'tmp_168_i' <Predicate = (!exitcond4_i)> <Delay = 0.00>
ST_4 : Operation 462 [1/1] (0.00ns)   --->   "%tmp_169_i = call i8 @_ssdm_op_PartSelect.i8.i127.i32.i32(i127 %svs_V_13_load, i32 56, i32 63)" [ADSD/Classifier.cpp:68->ADSD/Classifier.cpp:133]   --->   Operation 462 'partselect' 'tmp_169_i' <Predicate = (!exitcond4_i)> <Delay = 0.00>
ST_4 : Operation 463 [1/1] (0.00ns)   --->   "%tmp_172_i = call i8 @_ssdm_op_PartSelect.i8.i126.i32.i32(i126 %svs_V_14_load, i32 56, i32 63)" [ADSD/Classifier.cpp:68->ADSD/Classifier.cpp:133]   --->   Operation 463 'partselect' 'tmp_172_i' <Predicate = (!exitcond4_i)> <Delay = 0.00>
ST_4 : Operation 464 [1/1] (0.00ns)   --->   "%tmp_173_i = call i8 @_ssdm_op_PartSelect.i8.i128.i32.i32(i128 %svs_V_15_load, i32 56, i32 63)" [ADSD/Classifier.cpp:68->ADSD/Classifier.cpp:133]   --->   Operation 464 'partselect' 'tmp_173_i' <Predicate = (!exitcond4_i)> <Delay = 0.00>
ST_4 : Operation 465 [1/1] (0.00ns)   --->   "%tmp_174_i = call i8 @_ssdm_op_PartSelect.i8.i125.i32.i32(i125 %svs_V_0_load, i32 64, i32 71)" [ADSD/Classifier.cpp:68->ADSD/Classifier.cpp:133]   --->   Operation 465 'partselect' 'tmp_174_i' <Predicate = (!exitcond4_i)> <Delay = 0.00>
ST_4 : Operation 466 [1/2] (2.32ns)   --->   "%x_local_8_V_load = load i8* %x_local_8_V_addr, align 1" [ADSD/Classifier.cpp:69->ADSD/Classifier.cpp:133]   --->   Operation 466 'load' 'x_local_8_V_load' <Predicate = (!exitcond4_i)> <Delay = 2.32> <Core = "RAM">   --->   Core 37 'RAM' <Latency = 1> <II = 1> <Delay = 2.32> <Storage> <Opcode : 'load' 'store'> <Ports = 2> <Width = 8> <Depth = 49> <RAM>
ST_4 : Operation 467 [1/1] (0.00ns)   --->   "%OP1_V_8_i = sext i8 %tmp_174_i to i16" [ADSD/Classifier.cpp:70->ADSD/Classifier.cpp:133]   --->   Operation 467 'sext' 'OP1_V_8_i' <Predicate = (!exitcond4_i)> <Delay = 0.00>
ST_4 : Operation 468 [1/1] (0.00ns)   --->   "%OP2_V_8_i = sext i8 %x_local_8_V_load to i16" [ADSD/Classifier.cpp:70->ADSD/Classifier.cpp:133]   --->   Operation 468 'sext' 'OP2_V_8_i' <Predicate = (!exitcond4_i)> <Delay = 0.00>
ST_4 : Operation 469 [1/1] (4.17ns)   --->   "%r_V_8_i = mul i16 %OP2_V_8_i, %OP1_V_8_i" [ADSD/Classifier.cpp:70->ADSD/Classifier.cpp:133]   --->   Operation 469 'mul' 'r_V_8_i' <Predicate = (!exitcond4_i)> <Delay = 4.17> <Core = "Mul">   --->   Core 16 'Mul' <Latency = 0> <II = 1> <Delay = 3.74> <FuncUnit> <Opcode : 'mul'> <InPorts = 2> <OutPorts = 1>
ST_4 : Operation 470 [1/1] (0.00ns)   --->   "%tmp_175_i = call i8 @_ssdm_op_PartSelect.i8.i125.i32.i32(i125 %svs_V_1_load, i32 64, i32 71)" [ADSD/Classifier.cpp:68->ADSD/Classifier.cpp:133]   --->   Operation 470 'partselect' 'tmp_175_i' <Predicate = (!exitcond4_i)> <Delay = 0.00>
ST_4 : Operation 471 [1/1] (0.00ns)   --->   "%OP1_V_8_1_i = sext i8 %tmp_175_i to i16" [ADSD/Classifier.cpp:70->ADSD/Classifier.cpp:133]   --->   Operation 471 'sext' 'OP1_V_8_1_i' <Predicate = (!exitcond4_i)> <Delay = 0.00>
ST_4 : Operation 472 [1/1] (4.17ns)   --->   "%r_V_8_1_i = mul i16 %OP2_V_8_i, %OP1_V_8_1_i" [ADSD/Classifier.cpp:70->ADSD/Classifier.cpp:133]   --->   Operation 472 'mul' 'r_V_8_1_i' <Predicate = (!exitcond4_i)> <Delay = 4.17> <Core = "Mul">   --->   Core 16 'Mul' <Latency = 0> <II = 1> <Delay = 3.74> <FuncUnit> <Opcode : 'mul'> <InPorts = 2> <OutPorts = 1>
ST_4 : Operation 473 [1/1] (0.00ns)   --->   "%tmp_176_i = call i8 @_ssdm_op_PartSelect.i8.i125.i32.i32(i125 %svs_V_2_load, i32 64, i32 71)" [ADSD/Classifier.cpp:68->ADSD/Classifier.cpp:133]   --->   Operation 473 'partselect' 'tmp_176_i' <Predicate = (!exitcond4_i)> <Delay = 0.00>
ST_4 : Operation 474 [1/1] (0.00ns)   --->   "%OP1_V_8_2_i = sext i8 %tmp_176_i to i16" [ADSD/Classifier.cpp:70->ADSD/Classifier.cpp:133]   --->   Operation 474 'sext' 'OP1_V_8_2_i' <Predicate = (!exitcond4_i)> <Delay = 0.00>
ST_4 : Operation 475 [1/1] (4.17ns)   --->   "%r_V_8_2_i = mul i16 %OP2_V_8_i, %OP1_V_8_2_i" [ADSD/Classifier.cpp:70->ADSD/Classifier.cpp:133]   --->   Operation 475 'mul' 'r_V_8_2_i' <Predicate = (!exitcond4_i)> <Delay = 4.17> <Core = "Mul">   --->   Core 16 'Mul' <Latency = 0> <II = 1> <Delay = 3.74> <FuncUnit> <Opcode : 'mul'> <InPorts = 2> <OutPorts = 1>
ST_4 : Operation 476 [1/1] (0.00ns)   --->   "%tmp_177_i = call i8 @_ssdm_op_PartSelect.i8.i128.i32.i32(i128 %svs_V_3_load, i32 64, i32 71)" [ADSD/Classifier.cpp:68->ADSD/Classifier.cpp:133]   --->   Operation 476 'partselect' 'tmp_177_i' <Predicate = (!exitcond4_i)> <Delay = 0.00>
ST_4 : Operation 477 [1/1] (0.00ns)   --->   "%OP1_V_8_3_i = sext i8 %tmp_177_i to i16" [ADSD/Classifier.cpp:70->ADSD/Classifier.cpp:133]   --->   Operation 477 'sext' 'OP1_V_8_3_i' <Predicate = (!exitcond4_i)> <Delay = 0.00>
ST_4 : Operation 478 [1/1] (4.17ns)   --->   "%r_V_8_3_i = mul i16 %OP2_V_8_i, %OP1_V_8_3_i" [ADSD/Classifier.cpp:70->ADSD/Classifier.cpp:133]   --->   Operation 478 'mul' 'r_V_8_3_i' <Predicate = (!exitcond4_i)> <Delay = 4.17> <Core = "Mul">   --->   Core 16 'Mul' <Latency = 0> <II = 1> <Delay = 3.74> <FuncUnit> <Opcode : 'mul'> <InPorts = 2> <OutPorts = 1>
ST_4 : Operation 479 [1/1] (0.00ns)   --->   "%tmp_178_i = call i8 @_ssdm_op_PartSelect.i8.i125.i32.i32(i125 %svs_V_4_load, i32 64, i32 71)" [ADSD/Classifier.cpp:68->ADSD/Classifier.cpp:133]   --->   Operation 479 'partselect' 'tmp_178_i' <Predicate = (!exitcond4_i)> <Delay = 0.00>
ST_4 : Operation 480 [1/1] (0.00ns)   --->   "%OP1_V_8_4_i = sext i8 %tmp_178_i to i16" [ADSD/Classifier.cpp:70->ADSD/Classifier.cpp:133]   --->   Operation 480 'sext' 'OP1_V_8_4_i' <Predicate = (!exitcond4_i)> <Delay = 0.00>
ST_4 : Operation 481 [1/1] (4.17ns)   --->   "%r_V_8_4_i = mul i16 %OP2_V_8_i, %OP1_V_8_4_i" [ADSD/Classifier.cpp:70->ADSD/Classifier.cpp:133]   --->   Operation 481 'mul' 'r_V_8_4_i' <Predicate = (!exitcond4_i)> <Delay = 4.17> <Core = "Mul">   --->   Core 16 'Mul' <Latency = 0> <II = 1> <Delay = 3.74> <FuncUnit> <Opcode : 'mul'> <InPorts = 2> <OutPorts = 1>
ST_4 : Operation 482 [1/1] (0.00ns)   --->   "%tmp_179_i = call i8 @_ssdm_op_PartSelect.i8.i125.i32.i32(i125 %svs_V_5_load, i32 64, i32 71)" [ADSD/Classifier.cpp:68->ADSD/Classifier.cpp:133]   --->   Operation 482 'partselect' 'tmp_179_i' <Predicate = (!exitcond4_i)> <Delay = 0.00>
ST_4 : Operation 483 [1/1] (0.00ns)   --->   "%OP1_V_8_5_i = sext i8 %tmp_179_i to i16" [ADSD/Classifier.cpp:70->ADSD/Classifier.cpp:133]   --->   Operation 483 'sext' 'OP1_V_8_5_i' <Predicate = (!exitcond4_i)> <Delay = 0.00>
ST_4 : Operation 484 [1/1] (4.17ns)   --->   "%r_V_8_5_i = mul i16 %OP2_V_8_i, %OP1_V_8_5_i" [ADSD/Classifier.cpp:70->ADSD/Classifier.cpp:133]   --->   Operation 484 'mul' 'r_V_8_5_i' <Predicate = (!exitcond4_i)> <Delay = 4.17> <Core = "Mul">   --->   Core 16 'Mul' <Latency = 0> <II = 1> <Delay = 3.74> <FuncUnit> <Opcode : 'mul'> <InPorts = 2> <OutPorts = 1>
ST_4 : Operation 485 [1/1] (0.00ns)   --->   "%tmp_180_i = call i8 @_ssdm_op_PartSelect.i8.i126.i32.i32(i126 %svs_V_6_load, i32 64, i32 71)" [ADSD/Classifier.cpp:68->ADSD/Classifier.cpp:133]   --->   Operation 485 'partselect' 'tmp_180_i' <Predicate = (!exitcond4_i)> <Delay = 0.00>
ST_4 : Operation 486 [1/1] (0.00ns)   --->   "%OP1_V_8_6_i = sext i8 %tmp_180_i to i16" [ADSD/Classifier.cpp:70->ADSD/Classifier.cpp:133]   --->   Operation 486 'sext' 'OP1_V_8_6_i' <Predicate = (!exitcond4_i)> <Delay = 0.00>
ST_4 : Operation 487 [1/1] (4.17ns)   --->   "%r_V_8_6_i = mul i16 %OP2_V_8_i, %OP1_V_8_6_i" [ADSD/Classifier.cpp:70->ADSD/Classifier.cpp:133]   --->   Operation 487 'mul' 'r_V_8_6_i' <Predicate = (!exitcond4_i)> <Delay = 4.17> <Core = "Mul">   --->   Core 16 'Mul' <Latency = 0> <II = 1> <Delay = 3.74> <FuncUnit> <Opcode : 'mul'> <InPorts = 2> <OutPorts = 1>
ST_4 : Operation 488 [1/1] (0.00ns)   --->   "%tmp_183_i = call i8 @_ssdm_op_PartSelect.i8.i125.i32.i32(i125 %svs_V_7_load, i32 64, i32 71)" [ADSD/Classifier.cpp:68->ADSD/Classifier.cpp:133]   --->   Operation 488 'partselect' 'tmp_183_i' <Predicate = (!exitcond4_i)> <Delay = 0.00>
ST_4 : Operation 489 [1/1] (0.00ns)   --->   "%OP1_V_8_7_i = sext i8 %tmp_183_i to i16" [ADSD/Classifier.cpp:70->ADSD/Classifier.cpp:133]   --->   Operation 489 'sext' 'OP1_V_8_7_i' <Predicate = (!exitcond4_i)> <Delay = 0.00>
ST_4 : Operation 490 [1/1] (4.17ns)   --->   "%r_V_8_7_i = mul i16 %OP2_V_8_i, %OP1_V_8_7_i" [ADSD/Classifier.cpp:70->ADSD/Classifier.cpp:133]   --->   Operation 490 'mul' 'r_V_8_7_i' <Predicate = (!exitcond4_i)> <Delay = 4.17> <Core = "Mul">   --->   Core 16 'Mul' <Latency = 0> <II = 1> <Delay = 3.74> <FuncUnit> <Opcode : 'mul'> <InPorts = 2> <OutPorts = 1>
ST_4 : Operation 491 [1/1] (0.00ns)   --->   "%tmp_184_i = call i8 @_ssdm_op_PartSelect.i8.i128.i32.i32(i128 %svs_V_8_load, i32 64, i32 71)" [ADSD/Classifier.cpp:68->ADSD/Classifier.cpp:133]   --->   Operation 491 'partselect' 'tmp_184_i' <Predicate = (!exitcond4_i)> <Delay = 0.00>
ST_4 : Operation 492 [1/1] (0.00ns)   --->   "%OP1_V_8_8_i = sext i8 %tmp_184_i to i16" [ADSD/Classifier.cpp:70->ADSD/Classifier.cpp:133]   --->   Operation 492 'sext' 'OP1_V_8_8_i' <Predicate = (!exitcond4_i)> <Delay = 0.00>
ST_4 : Operation 493 [1/1] (4.17ns)   --->   "%r_V_8_8_i = mul i16 %OP2_V_8_i, %OP1_V_8_8_i" [ADSD/Classifier.cpp:70->ADSD/Classifier.cpp:133]   --->   Operation 493 'mul' 'r_V_8_8_i' <Predicate = (!exitcond4_i)> <Delay = 4.17> <Core = "Mul">   --->   Core 16 'Mul' <Latency = 0> <II = 1> <Delay = 3.74> <FuncUnit> <Opcode : 'mul'> <InPorts = 2> <OutPorts = 1>
ST_4 : Operation 494 [1/1] (0.00ns)   --->   "%tmp_185_i = call i8 @_ssdm_op_PartSelect.i8.i126.i32.i32(i126 %svs_V_9_load, i32 64, i32 71)" [ADSD/Classifier.cpp:68->ADSD/Classifier.cpp:133]   --->   Operation 494 'partselect' 'tmp_185_i' <Predicate = (!exitcond4_i)> <Delay = 0.00>
ST_4 : Operation 495 [1/1] (0.00ns)   --->   "%OP1_V_8_9_i = sext i8 %tmp_185_i to i16" [ADSD/Classifier.cpp:70->ADSD/Classifier.cpp:133]   --->   Operation 495 'sext' 'OP1_V_8_9_i' <Predicate = (!exitcond4_i)> <Delay = 0.00>
ST_4 : Operation 496 [1/1] (4.17ns)   --->   "%r_V_8_9_i = mul i16 %OP2_V_8_i, %OP1_V_8_9_i" [ADSD/Classifier.cpp:70->ADSD/Classifier.cpp:133]   --->   Operation 496 'mul' 'r_V_8_9_i' <Predicate = (!exitcond4_i)> <Delay = 4.17> <Core = "Mul">   --->   Core 16 'Mul' <Latency = 0> <II = 1> <Delay = 3.74> <FuncUnit> <Opcode : 'mul'> <InPorts = 2> <OutPorts = 1>
ST_4 : Operation 497 [1/1] (0.00ns)   --->   "%tmp_186_i = call i8 @_ssdm_op_PartSelect.i8.i125.i32.i32(i125 %svs_V_10_load, i32 64, i32 71)" [ADSD/Classifier.cpp:68->ADSD/Classifier.cpp:133]   --->   Operation 497 'partselect' 'tmp_186_i' <Predicate = (!exitcond4_i)> <Delay = 0.00>
ST_4 : Operation 498 [1/1] (0.00ns)   --->   "%OP1_V_8_i_62 = sext i8 %tmp_186_i to i16" [ADSD/Classifier.cpp:70->ADSD/Classifier.cpp:133]   --->   Operation 498 'sext' 'OP1_V_8_i_62' <Predicate = (!exitcond4_i)> <Delay = 0.00>
ST_4 : Operation 499 [1/1] (4.17ns)   --->   "%r_V_8_i_63 = mul i16 %OP2_V_8_i, %OP1_V_8_i_62" [ADSD/Classifier.cpp:70->ADSD/Classifier.cpp:133]   --->   Operation 499 'mul' 'r_V_8_i_63' <Predicate = (!exitcond4_i)> <Delay = 4.17> <Core = "Mul">   --->   Core 16 'Mul' <Latency = 0> <II = 1> <Delay = 3.74> <FuncUnit> <Opcode : 'mul'> <InPorts = 2> <OutPorts = 1>
ST_4 : Operation 500 [1/1] (0.00ns)   --->   "%tmp_187_i = call i8 @_ssdm_op_PartSelect.i8.i125.i32.i32(i125 %svs_V_11_load, i32 64, i32 71)" [ADSD/Classifier.cpp:68->ADSD/Classifier.cpp:133]   --->   Operation 500 'partselect' 'tmp_187_i' <Predicate = (!exitcond4_i)> <Delay = 0.00>
ST_4 : Operation 501 [1/1] (0.00ns)   --->   "%OP1_V_8_10_i = sext i8 %tmp_187_i to i16" [ADSD/Classifier.cpp:70->ADSD/Classifier.cpp:133]   --->   Operation 501 'sext' 'OP1_V_8_10_i' <Predicate = (!exitcond4_i)> <Delay = 0.00>
ST_4 : Operation 502 [1/1] (4.17ns)   --->   "%r_V_8_10_i = mul i16 %OP2_V_8_i, %OP1_V_8_10_i" [ADSD/Classifier.cpp:70->ADSD/Classifier.cpp:133]   --->   Operation 502 'mul' 'r_V_8_10_i' <Predicate = (!exitcond4_i)> <Delay = 4.17> <Core = "Mul">   --->   Core 16 'Mul' <Latency = 0> <II = 1> <Delay = 3.74> <FuncUnit> <Opcode : 'mul'> <InPorts = 2> <OutPorts = 1>
ST_4 : Operation 503 [1/1] (0.00ns)   --->   "%tmp_188_i = call i8 @_ssdm_op_PartSelect.i8.i126.i32.i32(i126 %svs_V_12_load, i32 64, i32 71)" [ADSD/Classifier.cpp:68->ADSD/Classifier.cpp:133]   --->   Operation 503 'partselect' 'tmp_188_i' <Predicate = (!exitcond4_i)> <Delay = 0.00>
ST_4 : Operation 504 [1/1] (0.00ns)   --->   "%OP1_V_8_11_i = sext i8 %tmp_188_i to i16" [ADSD/Classifier.cpp:70->ADSD/Classifier.cpp:133]   --->   Operation 504 'sext' 'OP1_V_8_11_i' <Predicate = (!exitcond4_i)> <Delay = 0.00>
ST_4 : Operation 505 [1/1] (4.17ns)   --->   "%r_V_8_11_i = mul i16 %OP2_V_8_i, %OP1_V_8_11_i" [ADSD/Classifier.cpp:70->ADSD/Classifier.cpp:133]   --->   Operation 505 'mul' 'r_V_8_11_i' <Predicate = (!exitcond4_i)> <Delay = 4.17> <Core = "Mul">   --->   Core 16 'Mul' <Latency = 0> <II = 1> <Delay = 3.74> <FuncUnit> <Opcode : 'mul'> <InPorts = 2> <OutPorts = 1>
ST_4 : Operation 506 [1/1] (0.00ns)   --->   "%tmp_189_i = call i8 @_ssdm_op_PartSelect.i8.i127.i32.i32(i127 %svs_V_13_load, i32 64, i32 71)" [ADSD/Classifier.cpp:68->ADSD/Classifier.cpp:133]   --->   Operation 506 'partselect' 'tmp_189_i' <Predicate = (!exitcond4_i)> <Delay = 0.00>
ST_4 : Operation 507 [1/1] (0.00ns)   --->   "%OP1_V_8_12_i = sext i8 %tmp_189_i to i16" [ADSD/Classifier.cpp:70->ADSD/Classifier.cpp:133]   --->   Operation 507 'sext' 'OP1_V_8_12_i' <Predicate = (!exitcond4_i)> <Delay = 0.00>
ST_4 : Operation 508 [1/1] (4.17ns)   --->   "%r_V_8_12_i = mul i16 %OP2_V_8_i, %OP1_V_8_12_i" [ADSD/Classifier.cpp:70->ADSD/Classifier.cpp:133]   --->   Operation 508 'mul' 'r_V_8_12_i' <Predicate = (!exitcond4_i)> <Delay = 4.17> <Core = "Mul">   --->   Core 16 'Mul' <Latency = 0> <II = 1> <Delay = 3.74> <FuncUnit> <Opcode : 'mul'> <InPorts = 2> <OutPorts = 1>
ST_4 : Operation 509 [1/1] (0.00ns)   --->   "%tmp_190_i = call i8 @_ssdm_op_PartSelect.i8.i126.i32.i32(i126 %svs_V_14_load, i32 64, i32 71)" [ADSD/Classifier.cpp:68->ADSD/Classifier.cpp:133]   --->   Operation 509 'partselect' 'tmp_190_i' <Predicate = (!exitcond4_i)> <Delay = 0.00>
ST_4 : Operation 510 [1/1] (0.00ns)   --->   "%OP1_V_8_13_i = sext i8 %tmp_190_i to i16" [ADSD/Classifier.cpp:70->ADSD/Classifier.cpp:133]   --->   Operation 510 'sext' 'OP1_V_8_13_i' <Predicate = (!exitcond4_i)> <Delay = 0.00>
ST_4 : Operation 511 [1/1] (4.17ns)   --->   "%r_V_8_13_i = mul i16 %OP2_V_8_i, %OP1_V_8_13_i" [ADSD/Classifier.cpp:70->ADSD/Classifier.cpp:133]   --->   Operation 511 'mul' 'r_V_8_13_i' <Predicate = (!exitcond4_i)> <Delay = 4.17> <Core = "Mul">   --->   Core 16 'Mul' <Latency = 0> <II = 1> <Delay = 3.74> <FuncUnit> <Opcode : 'mul'> <InPorts = 2> <OutPorts = 1>
ST_4 : Operation 512 [1/1] (0.00ns)   --->   "%tmp_191_i = call i8 @_ssdm_op_PartSelect.i8.i128.i32.i32(i128 %svs_V_15_load, i32 64, i32 71)" [ADSD/Classifier.cpp:68->ADSD/Classifier.cpp:133]   --->   Operation 512 'partselect' 'tmp_191_i' <Predicate = (!exitcond4_i)> <Delay = 0.00>
ST_4 : Operation 513 [1/1] (0.00ns)   --->   "%OP1_V_8_14_i = sext i8 %tmp_191_i to i16" [ADSD/Classifier.cpp:70->ADSD/Classifier.cpp:133]   --->   Operation 513 'sext' 'OP1_V_8_14_i' <Predicate = (!exitcond4_i)> <Delay = 0.00>
ST_4 : Operation 514 [1/1] (4.17ns)   --->   "%r_V_8_14_i = mul i16 %OP2_V_8_i, %OP1_V_8_14_i" [ADSD/Classifier.cpp:70->ADSD/Classifier.cpp:133]   --->   Operation 514 'mul' 'r_V_8_14_i' <Predicate = (!exitcond4_i)> <Delay = 4.17> <Core = "Mul">   --->   Core 16 'Mul' <Latency = 0> <II = 1> <Delay = 3.74> <FuncUnit> <Opcode : 'mul'> <InPorts = 2> <OutPorts = 1>
ST_4 : Operation 515 [1/1] (0.00ns)   --->   "%tmp_192_i = call i8 @_ssdm_op_PartSelect.i8.i125.i32.i32(i125 %svs_V_0_load, i32 72, i32 79)" [ADSD/Classifier.cpp:68->ADSD/Classifier.cpp:133]   --->   Operation 515 'partselect' 'tmp_192_i' <Predicate = (!exitcond4_i)> <Delay = 0.00>
ST_4 : Operation 516 [1/2] (2.32ns)   --->   "%x_local_9_V_load = load i8* %x_local_9_V_addr, align 1" [ADSD/Classifier.cpp:69->ADSD/Classifier.cpp:133]   --->   Operation 516 'load' 'x_local_9_V_load' <Predicate = (!exitcond4_i)> <Delay = 2.32> <Core = "RAM">   --->   Core 37 'RAM' <Latency = 1> <II = 1> <Delay = 2.32> <Storage> <Opcode : 'load' 'store'> <Ports = 2> <Width = 8> <Depth = 49> <RAM>
ST_4 : Operation 517 [1/1] (0.00ns)   --->   "%OP1_V_9_i = sext i8 %tmp_192_i to i16" [ADSD/Classifier.cpp:70->ADSD/Classifier.cpp:133]   --->   Operation 517 'sext' 'OP1_V_9_i' <Predicate = (!exitcond4_i)> <Delay = 0.00>
ST_4 : Operation 518 [1/1] (0.00ns)   --->   "%OP2_V_9_i = sext i8 %x_local_9_V_load to i16" [ADSD/Classifier.cpp:70->ADSD/Classifier.cpp:133]   --->   Operation 518 'sext' 'OP2_V_9_i' <Predicate = (!exitcond4_i)> <Delay = 0.00>
ST_4 : Operation 519 [1/1] (4.17ns)   --->   "%r_V_9_i = mul i16 %OP2_V_9_i, %OP1_V_9_i" [ADSD/Classifier.cpp:70->ADSD/Classifier.cpp:133]   --->   Operation 519 'mul' 'r_V_9_i' <Predicate = (!exitcond4_i)> <Delay = 4.17> <Core = "Mul">   --->   Core 16 'Mul' <Latency = 0> <II = 1> <Delay = 3.74> <FuncUnit> <Opcode : 'mul'> <InPorts = 2> <OutPorts = 1>
ST_4 : Operation 520 [1/1] (0.00ns)   --->   "%tmp_193_i = call i8 @_ssdm_op_PartSelect.i8.i125.i32.i32(i125 %svs_V_1_load, i32 72, i32 79)" [ADSD/Classifier.cpp:68->ADSD/Classifier.cpp:133]   --->   Operation 520 'partselect' 'tmp_193_i' <Predicate = (!exitcond4_i)> <Delay = 0.00>
ST_4 : Operation 521 [1/1] (0.00ns)   --->   "%OP1_V_9_1_i = sext i8 %tmp_193_i to i16" [ADSD/Classifier.cpp:70->ADSD/Classifier.cpp:133]   --->   Operation 521 'sext' 'OP1_V_9_1_i' <Predicate = (!exitcond4_i)> <Delay = 0.00>
ST_4 : Operation 522 [1/1] (4.17ns)   --->   "%r_V_9_1_i = mul i16 %OP2_V_9_i, %OP1_V_9_1_i" [ADSD/Classifier.cpp:70->ADSD/Classifier.cpp:133]   --->   Operation 522 'mul' 'r_V_9_1_i' <Predicate = (!exitcond4_i)> <Delay = 4.17> <Core = "Mul">   --->   Core 16 'Mul' <Latency = 0> <II = 1> <Delay = 3.74> <FuncUnit> <Opcode : 'mul'> <InPorts = 2> <OutPorts = 1>
ST_4 : Operation 523 [1/1] (0.00ns)   --->   "%tmp_194_i = call i8 @_ssdm_op_PartSelect.i8.i125.i32.i32(i125 %svs_V_2_load, i32 72, i32 79)" [ADSD/Classifier.cpp:68->ADSD/Classifier.cpp:133]   --->   Operation 523 'partselect' 'tmp_194_i' <Predicate = (!exitcond4_i)> <Delay = 0.00>
ST_4 : Operation 524 [1/1] (0.00ns)   --->   "%OP1_V_9_2_i = sext i8 %tmp_194_i to i16" [ADSD/Classifier.cpp:70->ADSD/Classifier.cpp:133]   --->   Operation 524 'sext' 'OP1_V_9_2_i' <Predicate = (!exitcond4_i)> <Delay = 0.00>
ST_4 : Operation 525 [1/1] (4.17ns)   --->   "%r_V_9_2_i = mul i16 %OP2_V_9_i, %OP1_V_9_2_i" [ADSD/Classifier.cpp:70->ADSD/Classifier.cpp:133]   --->   Operation 525 'mul' 'r_V_9_2_i' <Predicate = (!exitcond4_i)> <Delay = 4.17> <Core = "Mul">   --->   Core 16 'Mul' <Latency = 0> <II = 1> <Delay = 3.74> <FuncUnit> <Opcode : 'mul'> <InPorts = 2> <OutPorts = 1>
ST_4 : Operation 526 [1/1] (0.00ns)   --->   "%tmp_195_i = call i8 @_ssdm_op_PartSelect.i8.i128.i32.i32(i128 %svs_V_3_load, i32 72, i32 79)" [ADSD/Classifier.cpp:68->ADSD/Classifier.cpp:133]   --->   Operation 526 'partselect' 'tmp_195_i' <Predicate = (!exitcond4_i)> <Delay = 0.00>
ST_4 : Operation 527 [1/1] (0.00ns)   --->   "%OP1_V_9_3_i = sext i8 %tmp_195_i to i16" [ADSD/Classifier.cpp:70->ADSD/Classifier.cpp:133]   --->   Operation 527 'sext' 'OP1_V_9_3_i' <Predicate = (!exitcond4_i)> <Delay = 0.00>
ST_4 : Operation 528 [1/1] (4.17ns)   --->   "%r_V_9_3_i = mul i16 %OP2_V_9_i, %OP1_V_9_3_i" [ADSD/Classifier.cpp:70->ADSD/Classifier.cpp:133]   --->   Operation 528 'mul' 'r_V_9_3_i' <Predicate = (!exitcond4_i)> <Delay = 4.17> <Core = "Mul">   --->   Core 16 'Mul' <Latency = 0> <II = 1> <Delay = 3.74> <FuncUnit> <Opcode : 'mul'> <InPorts = 2> <OutPorts = 1>
ST_4 : Operation 529 [1/1] (0.00ns)   --->   "%tmp_198_i = call i8 @_ssdm_op_PartSelect.i8.i125.i32.i32(i125 %svs_V_4_load, i32 72, i32 79)" [ADSD/Classifier.cpp:68->ADSD/Classifier.cpp:133]   --->   Operation 529 'partselect' 'tmp_198_i' <Predicate = (!exitcond4_i)> <Delay = 0.00>
ST_4 : Operation 530 [1/1] (0.00ns)   --->   "%OP1_V_9_4_i = sext i8 %tmp_198_i to i16" [ADSD/Classifier.cpp:70->ADSD/Classifier.cpp:133]   --->   Operation 530 'sext' 'OP1_V_9_4_i' <Predicate = (!exitcond4_i)> <Delay = 0.00>
ST_4 : Operation 531 [1/1] (4.17ns)   --->   "%r_V_9_4_i = mul i16 %OP2_V_9_i, %OP1_V_9_4_i" [ADSD/Classifier.cpp:70->ADSD/Classifier.cpp:133]   --->   Operation 531 'mul' 'r_V_9_4_i' <Predicate = (!exitcond4_i)> <Delay = 4.17> <Core = "Mul">   --->   Core 16 'Mul' <Latency = 0> <II = 1> <Delay = 3.74> <FuncUnit> <Opcode : 'mul'> <InPorts = 2> <OutPorts = 1>
ST_4 : Operation 532 [1/1] (0.00ns)   --->   "%tmp_199_i = call i8 @_ssdm_op_PartSelect.i8.i125.i32.i32(i125 %svs_V_5_load, i32 72, i32 79)" [ADSD/Classifier.cpp:68->ADSD/Classifier.cpp:133]   --->   Operation 532 'partselect' 'tmp_199_i' <Predicate = (!exitcond4_i)> <Delay = 0.00>
ST_4 : Operation 533 [1/1] (0.00ns)   --->   "%OP1_V_9_5_i = sext i8 %tmp_199_i to i16" [ADSD/Classifier.cpp:70->ADSD/Classifier.cpp:133]   --->   Operation 533 'sext' 'OP1_V_9_5_i' <Predicate = (!exitcond4_i)> <Delay = 0.00>
ST_4 : Operation 534 [1/1] (4.17ns)   --->   "%r_V_9_5_i = mul i16 %OP2_V_9_i, %OP1_V_9_5_i" [ADSD/Classifier.cpp:70->ADSD/Classifier.cpp:133]   --->   Operation 534 'mul' 'r_V_9_5_i' <Predicate = (!exitcond4_i)> <Delay = 4.17> <Core = "Mul">   --->   Core 16 'Mul' <Latency = 0> <II = 1> <Delay = 3.74> <FuncUnit> <Opcode : 'mul'> <InPorts = 2> <OutPorts = 1>
ST_4 : Operation 535 [1/1] (0.00ns)   --->   "%tmp_200_i = call i8 @_ssdm_op_PartSelect.i8.i126.i32.i32(i126 %svs_V_6_load, i32 72, i32 79)" [ADSD/Classifier.cpp:68->ADSD/Classifier.cpp:133]   --->   Operation 535 'partselect' 'tmp_200_i' <Predicate = (!exitcond4_i)> <Delay = 0.00>
ST_4 : Operation 536 [1/1] (0.00ns)   --->   "%OP1_V_9_6_i = sext i8 %tmp_200_i to i16" [ADSD/Classifier.cpp:70->ADSD/Classifier.cpp:133]   --->   Operation 536 'sext' 'OP1_V_9_6_i' <Predicate = (!exitcond4_i)> <Delay = 0.00>
ST_4 : Operation 537 [1/1] (4.17ns)   --->   "%r_V_9_6_i = mul i16 %OP2_V_9_i, %OP1_V_9_6_i" [ADSD/Classifier.cpp:70->ADSD/Classifier.cpp:133]   --->   Operation 537 'mul' 'r_V_9_6_i' <Predicate = (!exitcond4_i)> <Delay = 4.17> <Core = "Mul">   --->   Core 16 'Mul' <Latency = 0> <II = 1> <Delay = 3.74> <FuncUnit> <Opcode : 'mul'> <InPorts = 2> <OutPorts = 1>
ST_4 : Operation 538 [1/1] (0.00ns)   --->   "%tmp_201_i = call i8 @_ssdm_op_PartSelect.i8.i125.i32.i32(i125 %svs_V_7_load, i32 72, i32 79)" [ADSD/Classifier.cpp:68->ADSD/Classifier.cpp:133]   --->   Operation 538 'partselect' 'tmp_201_i' <Predicate = (!exitcond4_i)> <Delay = 0.00>
ST_4 : Operation 539 [1/1] (0.00ns)   --->   "%OP1_V_9_7_i = sext i8 %tmp_201_i to i16" [ADSD/Classifier.cpp:70->ADSD/Classifier.cpp:133]   --->   Operation 539 'sext' 'OP1_V_9_7_i' <Predicate = (!exitcond4_i)> <Delay = 0.00>
ST_4 : Operation 540 [1/1] (4.17ns)   --->   "%r_V_9_7_i = mul i16 %OP2_V_9_i, %OP1_V_9_7_i" [ADSD/Classifier.cpp:70->ADSD/Classifier.cpp:133]   --->   Operation 540 'mul' 'r_V_9_7_i' <Predicate = (!exitcond4_i)> <Delay = 4.17> <Core = "Mul">   --->   Core 16 'Mul' <Latency = 0> <II = 1> <Delay = 3.74> <FuncUnit> <Opcode : 'mul'> <InPorts = 2> <OutPorts = 1>
ST_4 : Operation 541 [1/1] (0.00ns)   --->   "%tmp_202_i = call i8 @_ssdm_op_PartSelect.i8.i128.i32.i32(i128 %svs_V_8_load, i32 72, i32 79)" [ADSD/Classifier.cpp:68->ADSD/Classifier.cpp:133]   --->   Operation 541 'partselect' 'tmp_202_i' <Predicate = (!exitcond4_i)> <Delay = 0.00>
ST_4 : Operation 542 [1/1] (0.00ns)   --->   "%OP1_V_9_8_i = sext i8 %tmp_202_i to i16" [ADSD/Classifier.cpp:70->ADSD/Classifier.cpp:133]   --->   Operation 542 'sext' 'OP1_V_9_8_i' <Predicate = (!exitcond4_i)> <Delay = 0.00>
ST_4 : Operation 543 [1/1] (4.17ns)   --->   "%r_V_9_8_i = mul i16 %OP2_V_9_i, %OP1_V_9_8_i" [ADSD/Classifier.cpp:70->ADSD/Classifier.cpp:133]   --->   Operation 543 'mul' 'r_V_9_8_i' <Predicate = (!exitcond4_i)> <Delay = 4.17> <Core = "Mul">   --->   Core 16 'Mul' <Latency = 0> <II = 1> <Delay = 3.74> <FuncUnit> <Opcode : 'mul'> <InPorts = 2> <OutPorts = 1>
ST_4 : Operation 544 [1/1] (0.00ns)   --->   "%tmp_203_i = call i8 @_ssdm_op_PartSelect.i8.i126.i32.i32(i126 %svs_V_9_load, i32 72, i32 79)" [ADSD/Classifier.cpp:68->ADSD/Classifier.cpp:133]   --->   Operation 544 'partselect' 'tmp_203_i' <Predicate = (!exitcond4_i)> <Delay = 0.00>
ST_4 : Operation 545 [1/1] (0.00ns)   --->   "%OP1_V_9_9_i = sext i8 %tmp_203_i to i16" [ADSD/Classifier.cpp:70->ADSD/Classifier.cpp:133]   --->   Operation 545 'sext' 'OP1_V_9_9_i' <Predicate = (!exitcond4_i)> <Delay = 0.00>
ST_4 : Operation 546 [1/1] (4.17ns)   --->   "%r_V_9_9_i = mul i16 %OP2_V_9_i, %OP1_V_9_9_i" [ADSD/Classifier.cpp:70->ADSD/Classifier.cpp:133]   --->   Operation 546 'mul' 'r_V_9_9_i' <Predicate = (!exitcond4_i)> <Delay = 4.17> <Core = "Mul">   --->   Core 16 'Mul' <Latency = 0> <II = 1> <Delay = 3.74> <FuncUnit> <Opcode : 'mul'> <InPorts = 2> <OutPorts = 1>
ST_4 : Operation 547 [1/1] (0.00ns)   --->   "%tmp_204_i = call i8 @_ssdm_op_PartSelect.i8.i125.i32.i32(i125 %svs_V_10_load, i32 72, i32 79)" [ADSD/Classifier.cpp:68->ADSD/Classifier.cpp:133]   --->   Operation 547 'partselect' 'tmp_204_i' <Predicate = (!exitcond4_i)> <Delay = 0.00>
ST_4 : Operation 548 [1/1] (0.00ns)   --->   "%OP1_V_9_i_65 = sext i8 %tmp_204_i to i16" [ADSD/Classifier.cpp:70->ADSD/Classifier.cpp:133]   --->   Operation 548 'sext' 'OP1_V_9_i_65' <Predicate = (!exitcond4_i)> <Delay = 0.00>
ST_4 : Operation 549 [1/1] (4.17ns)   --->   "%r_V_9_i_66 = mul i16 %OP2_V_9_i, %OP1_V_9_i_65" [ADSD/Classifier.cpp:70->ADSD/Classifier.cpp:133]   --->   Operation 549 'mul' 'r_V_9_i_66' <Predicate = (!exitcond4_i)> <Delay = 4.17> <Core = "Mul">   --->   Core 16 'Mul' <Latency = 0> <II = 1> <Delay = 3.74> <FuncUnit> <Opcode : 'mul'> <InPorts = 2> <OutPorts = 1>
ST_4 : Operation 550 [1/1] (0.00ns)   --->   "%tmp_205_i = call i8 @_ssdm_op_PartSelect.i8.i125.i32.i32(i125 %svs_V_11_load, i32 72, i32 79)" [ADSD/Classifier.cpp:68->ADSD/Classifier.cpp:133]   --->   Operation 550 'partselect' 'tmp_205_i' <Predicate = (!exitcond4_i)> <Delay = 0.00>
ST_4 : Operation 551 [1/1] (0.00ns)   --->   "%OP1_V_9_10_i = sext i8 %tmp_205_i to i16" [ADSD/Classifier.cpp:70->ADSD/Classifier.cpp:133]   --->   Operation 551 'sext' 'OP1_V_9_10_i' <Predicate = (!exitcond4_i)> <Delay = 0.00>
ST_4 : Operation 552 [1/1] (4.17ns)   --->   "%r_V_9_10_i = mul i16 %OP2_V_9_i, %OP1_V_9_10_i" [ADSD/Classifier.cpp:70->ADSD/Classifier.cpp:133]   --->   Operation 552 'mul' 'r_V_9_10_i' <Predicate = (!exitcond4_i)> <Delay = 4.17> <Core = "Mul">   --->   Core 16 'Mul' <Latency = 0> <II = 1> <Delay = 3.74> <FuncUnit> <Opcode : 'mul'> <InPorts = 2> <OutPorts = 1>
ST_4 : Operation 553 [1/1] (0.00ns)   --->   "%tmp_206_i = call i8 @_ssdm_op_PartSelect.i8.i126.i32.i32(i126 %svs_V_12_load, i32 72, i32 79)" [ADSD/Classifier.cpp:68->ADSD/Classifier.cpp:133]   --->   Operation 553 'partselect' 'tmp_206_i' <Predicate = (!exitcond4_i)> <Delay = 0.00>
ST_4 : Operation 554 [1/1] (0.00ns)   --->   "%OP1_V_9_11_i = sext i8 %tmp_206_i to i16" [ADSD/Classifier.cpp:70->ADSD/Classifier.cpp:133]   --->   Operation 554 'sext' 'OP1_V_9_11_i' <Predicate = (!exitcond4_i)> <Delay = 0.00>
ST_4 : Operation 555 [1/1] (4.17ns)   --->   "%r_V_9_11_i = mul i16 %OP2_V_9_i, %OP1_V_9_11_i" [ADSD/Classifier.cpp:70->ADSD/Classifier.cpp:133]   --->   Operation 555 'mul' 'r_V_9_11_i' <Predicate = (!exitcond4_i)> <Delay = 4.17> <Core = "Mul">   --->   Core 16 'Mul' <Latency = 0> <II = 1> <Delay = 3.74> <FuncUnit> <Opcode : 'mul'> <InPorts = 2> <OutPorts = 1>
ST_4 : Operation 556 [1/1] (0.00ns)   --->   "%tmp_209_i = call i8 @_ssdm_op_PartSelect.i8.i127.i32.i32(i127 %svs_V_13_load, i32 72, i32 79)" [ADSD/Classifier.cpp:68->ADSD/Classifier.cpp:133]   --->   Operation 556 'partselect' 'tmp_209_i' <Predicate = (!exitcond4_i)> <Delay = 0.00>
ST_4 : Operation 557 [1/1] (0.00ns)   --->   "%OP1_V_9_12_i = sext i8 %tmp_209_i to i16" [ADSD/Classifier.cpp:70->ADSD/Classifier.cpp:133]   --->   Operation 557 'sext' 'OP1_V_9_12_i' <Predicate = (!exitcond4_i)> <Delay = 0.00>
ST_4 : Operation 558 [1/1] (4.17ns)   --->   "%r_V_9_12_i = mul i16 %OP2_V_9_i, %OP1_V_9_12_i" [ADSD/Classifier.cpp:70->ADSD/Classifier.cpp:133]   --->   Operation 558 'mul' 'r_V_9_12_i' <Predicate = (!exitcond4_i)> <Delay = 4.17> <Core = "Mul">   --->   Core 16 'Mul' <Latency = 0> <II = 1> <Delay = 3.74> <FuncUnit> <Opcode : 'mul'> <InPorts = 2> <OutPorts = 1>
ST_4 : Operation 559 [1/1] (0.00ns)   --->   "%tmp_210_i = call i8 @_ssdm_op_PartSelect.i8.i126.i32.i32(i126 %svs_V_14_load, i32 72, i32 79)" [ADSD/Classifier.cpp:68->ADSD/Classifier.cpp:133]   --->   Operation 559 'partselect' 'tmp_210_i' <Predicate = (!exitcond4_i)> <Delay = 0.00>
ST_4 : Operation 560 [1/1] (0.00ns)   --->   "%OP1_V_9_13_i = sext i8 %tmp_210_i to i16" [ADSD/Classifier.cpp:70->ADSD/Classifier.cpp:133]   --->   Operation 560 'sext' 'OP1_V_9_13_i' <Predicate = (!exitcond4_i)> <Delay = 0.00>
ST_4 : Operation 561 [1/1] (4.17ns)   --->   "%r_V_9_13_i = mul i16 %OP2_V_9_i, %OP1_V_9_13_i" [ADSD/Classifier.cpp:70->ADSD/Classifier.cpp:133]   --->   Operation 561 'mul' 'r_V_9_13_i' <Predicate = (!exitcond4_i)> <Delay = 4.17> <Core = "Mul">   --->   Core 16 'Mul' <Latency = 0> <II = 1> <Delay = 3.74> <FuncUnit> <Opcode : 'mul'> <InPorts = 2> <OutPorts = 1>
ST_4 : Operation 562 [1/1] (0.00ns)   --->   "%tmp_211_i = call i8 @_ssdm_op_PartSelect.i8.i128.i32.i32(i128 %svs_V_15_load, i32 72, i32 79)" [ADSD/Classifier.cpp:68->ADSD/Classifier.cpp:133]   --->   Operation 562 'partselect' 'tmp_211_i' <Predicate = (!exitcond4_i)> <Delay = 0.00>
ST_4 : Operation 563 [1/1] (0.00ns)   --->   "%OP1_V_9_14_i = sext i8 %tmp_211_i to i16" [ADSD/Classifier.cpp:70->ADSD/Classifier.cpp:133]   --->   Operation 563 'sext' 'OP1_V_9_14_i' <Predicate = (!exitcond4_i)> <Delay = 0.00>
ST_4 : Operation 564 [1/1] (4.17ns)   --->   "%r_V_9_14_i = mul i16 %OP2_V_9_i, %OP1_V_9_14_i" [ADSD/Classifier.cpp:70->ADSD/Classifier.cpp:133]   --->   Operation 564 'mul' 'r_V_9_14_i' <Predicate = (!exitcond4_i)> <Delay = 4.17> <Core = "Mul">   --->   Core 16 'Mul' <Latency = 0> <II = 1> <Delay = 3.74> <FuncUnit> <Opcode : 'mul'> <InPorts = 2> <OutPorts = 1>
ST_4 : Operation 565 [1/1] (0.00ns)   --->   "%tmp_212_i = call i8 @_ssdm_op_PartSelect.i8.i125.i32.i32(i125 %svs_V_0_load, i32 80, i32 87)" [ADSD/Classifier.cpp:68->ADSD/Classifier.cpp:133]   --->   Operation 565 'partselect' 'tmp_212_i' <Predicate = (!exitcond4_i)> <Delay = 0.00>
ST_4 : Operation 566 [1/2] (2.32ns)   --->   "%x_local_10_V_load = load i8* %x_local_10_V_addr, align 1" [ADSD/Classifier.cpp:69->ADSD/Classifier.cpp:133]   --->   Operation 566 'load' 'x_local_10_V_load' <Predicate = (!exitcond4_i)> <Delay = 2.32> <Core = "RAM">   --->   Core 37 'RAM' <Latency = 1> <II = 1> <Delay = 2.32> <Storage> <Opcode : 'load' 'store'> <Ports = 2> <Width = 8> <Depth = 49> <RAM>
ST_4 : Operation 567 [1/1] (0.00ns)   --->   "%OP1_V_10_i = sext i8 %tmp_212_i to i16" [ADSD/Classifier.cpp:70->ADSD/Classifier.cpp:133]   --->   Operation 567 'sext' 'OP1_V_10_i' <Predicate = (!exitcond4_i)> <Delay = 0.00>
ST_4 : Operation 568 [1/1] (0.00ns)   --->   "%OP2_V_10_i = sext i8 %x_local_10_V_load to i16" [ADSD/Classifier.cpp:70->ADSD/Classifier.cpp:133]   --->   Operation 568 'sext' 'OP2_V_10_i' <Predicate = (!exitcond4_i)> <Delay = 0.00>
ST_4 : Operation 569 [1/1] (4.17ns)   --->   "%r_V_10_i = mul i16 %OP2_V_10_i, %OP1_V_10_i" [ADSD/Classifier.cpp:70->ADSD/Classifier.cpp:133]   --->   Operation 569 'mul' 'r_V_10_i' <Predicate = (!exitcond4_i)> <Delay = 4.17> <Core = "Mul">   --->   Core 16 'Mul' <Latency = 0> <II = 1> <Delay = 3.74> <FuncUnit> <Opcode : 'mul'> <InPorts = 2> <OutPorts = 1>
ST_4 : Operation 570 [1/1] (0.00ns)   --->   "%tmp_213_i = call i8 @_ssdm_op_PartSelect.i8.i125.i32.i32(i125 %svs_V_1_load, i32 80, i32 87)" [ADSD/Classifier.cpp:68->ADSD/Classifier.cpp:133]   --->   Operation 570 'partselect' 'tmp_213_i' <Predicate = (!exitcond4_i)> <Delay = 0.00>
ST_4 : Operation 571 [1/1] (0.00ns)   --->   "%OP1_V_10_1_i = sext i8 %tmp_213_i to i16" [ADSD/Classifier.cpp:70->ADSD/Classifier.cpp:133]   --->   Operation 571 'sext' 'OP1_V_10_1_i' <Predicate = (!exitcond4_i)> <Delay = 0.00>
ST_4 : Operation 572 [1/1] (4.17ns)   --->   "%r_V_10_1_i = mul i16 %OP2_V_10_i, %OP1_V_10_1_i" [ADSD/Classifier.cpp:70->ADSD/Classifier.cpp:133]   --->   Operation 572 'mul' 'r_V_10_1_i' <Predicate = (!exitcond4_i)> <Delay = 4.17> <Core = "Mul">   --->   Core 16 'Mul' <Latency = 0> <II = 1> <Delay = 3.74> <FuncUnit> <Opcode : 'mul'> <InPorts = 2> <OutPorts = 1>
ST_4 : Operation 573 [1/1] (0.00ns)   --->   "%tmp_214_i = call i8 @_ssdm_op_PartSelect.i8.i125.i32.i32(i125 %svs_V_2_load, i32 80, i32 87)" [ADSD/Classifier.cpp:68->ADSD/Classifier.cpp:133]   --->   Operation 573 'partselect' 'tmp_214_i' <Predicate = (!exitcond4_i)> <Delay = 0.00>
ST_4 : Operation 574 [1/1] (0.00ns)   --->   "%OP1_V_10_2_i = sext i8 %tmp_214_i to i16" [ADSD/Classifier.cpp:70->ADSD/Classifier.cpp:133]   --->   Operation 574 'sext' 'OP1_V_10_2_i' <Predicate = (!exitcond4_i)> <Delay = 0.00>
ST_4 : Operation 575 [1/1] (4.17ns)   --->   "%r_V_10_2_i = mul i16 %OP2_V_10_i, %OP1_V_10_2_i" [ADSD/Classifier.cpp:70->ADSD/Classifier.cpp:133]   --->   Operation 575 'mul' 'r_V_10_2_i' <Predicate = (!exitcond4_i)> <Delay = 4.17> <Core = "Mul">   --->   Core 16 'Mul' <Latency = 0> <II = 1> <Delay = 3.74> <FuncUnit> <Opcode : 'mul'> <InPorts = 2> <OutPorts = 1>
ST_4 : Operation 576 [1/1] (0.00ns)   --->   "%tmp_215_i = call i8 @_ssdm_op_PartSelect.i8.i128.i32.i32(i128 %svs_V_3_load, i32 80, i32 87)" [ADSD/Classifier.cpp:68->ADSD/Classifier.cpp:133]   --->   Operation 576 'partselect' 'tmp_215_i' <Predicate = (!exitcond4_i)> <Delay = 0.00>
ST_4 : Operation 577 [1/1] (0.00ns)   --->   "%OP1_V_10_3_i = sext i8 %tmp_215_i to i16" [ADSD/Classifier.cpp:70->ADSD/Classifier.cpp:133]   --->   Operation 577 'sext' 'OP1_V_10_3_i' <Predicate = (!exitcond4_i)> <Delay = 0.00>
ST_4 : Operation 578 [1/1] (4.17ns)   --->   "%r_V_10_3_i = mul i16 %OP2_V_10_i, %OP1_V_10_3_i" [ADSD/Classifier.cpp:70->ADSD/Classifier.cpp:133]   --->   Operation 578 'mul' 'r_V_10_3_i' <Predicate = (!exitcond4_i)> <Delay = 4.17> <Core = "Mul">   --->   Core 16 'Mul' <Latency = 0> <II = 1> <Delay = 3.74> <FuncUnit> <Opcode : 'mul'> <InPorts = 2> <OutPorts = 1>
ST_4 : Operation 579 [1/1] (0.00ns)   --->   "%tmp_216_i = call i8 @_ssdm_op_PartSelect.i8.i125.i32.i32(i125 %svs_V_4_load, i32 80, i32 87)" [ADSD/Classifier.cpp:68->ADSD/Classifier.cpp:133]   --->   Operation 579 'partselect' 'tmp_216_i' <Predicate = (!exitcond4_i)> <Delay = 0.00>
ST_4 : Operation 580 [1/1] (0.00ns)   --->   "%OP1_V_10_4_i = sext i8 %tmp_216_i to i16" [ADSD/Classifier.cpp:70->ADSD/Classifier.cpp:133]   --->   Operation 580 'sext' 'OP1_V_10_4_i' <Predicate = (!exitcond4_i)> <Delay = 0.00>
ST_4 : Operation 581 [1/1] (4.17ns)   --->   "%r_V_10_4_i = mul i16 %OP2_V_10_i, %OP1_V_10_4_i" [ADSD/Classifier.cpp:70->ADSD/Classifier.cpp:133]   --->   Operation 581 'mul' 'r_V_10_4_i' <Predicate = (!exitcond4_i)> <Delay = 4.17> <Core = "Mul">   --->   Core 16 'Mul' <Latency = 0> <II = 1> <Delay = 3.74> <FuncUnit> <Opcode : 'mul'> <InPorts = 2> <OutPorts = 1>
ST_4 : Operation 582 [1/1] (0.00ns)   --->   "%tmp_217_i = call i8 @_ssdm_op_PartSelect.i8.i125.i32.i32(i125 %svs_V_5_load, i32 80, i32 87)" [ADSD/Classifier.cpp:68->ADSD/Classifier.cpp:133]   --->   Operation 582 'partselect' 'tmp_217_i' <Predicate = (!exitcond4_i)> <Delay = 0.00>
ST_4 : Operation 583 [1/1] (0.00ns)   --->   "%OP1_V_10_5_i = sext i8 %tmp_217_i to i16" [ADSD/Classifier.cpp:70->ADSD/Classifier.cpp:133]   --->   Operation 583 'sext' 'OP1_V_10_5_i' <Predicate = (!exitcond4_i)> <Delay = 0.00>
ST_4 : Operation 584 [1/1] (4.17ns)   --->   "%r_V_10_5_i = mul i16 %OP2_V_10_i, %OP1_V_10_5_i" [ADSD/Classifier.cpp:70->ADSD/Classifier.cpp:133]   --->   Operation 584 'mul' 'r_V_10_5_i' <Predicate = (!exitcond4_i)> <Delay = 4.17> <Core = "Mul">   --->   Core 16 'Mul' <Latency = 0> <II = 1> <Delay = 3.74> <FuncUnit> <Opcode : 'mul'> <InPorts = 2> <OutPorts = 1>
ST_4 : Operation 585 [1/1] (0.00ns)   --->   "%tmp_218_i = call i8 @_ssdm_op_PartSelect.i8.i126.i32.i32(i126 %svs_V_6_load, i32 80, i32 87)" [ADSD/Classifier.cpp:68->ADSD/Classifier.cpp:133]   --->   Operation 585 'partselect' 'tmp_218_i' <Predicate = (!exitcond4_i)> <Delay = 0.00>
ST_4 : Operation 586 [1/1] (0.00ns)   --->   "%OP1_V_10_6_i = sext i8 %tmp_218_i to i16" [ADSD/Classifier.cpp:70->ADSD/Classifier.cpp:133]   --->   Operation 586 'sext' 'OP1_V_10_6_i' <Predicate = (!exitcond4_i)> <Delay = 0.00>
ST_4 : Operation 587 [1/1] (4.17ns)   --->   "%r_V_10_6_i = mul i16 %OP2_V_10_i, %OP1_V_10_6_i" [ADSD/Classifier.cpp:70->ADSD/Classifier.cpp:133]   --->   Operation 587 'mul' 'r_V_10_6_i' <Predicate = (!exitcond4_i)> <Delay = 4.17> <Core = "Mul">   --->   Core 16 'Mul' <Latency = 0> <II = 1> <Delay = 3.74> <FuncUnit> <Opcode : 'mul'> <InPorts = 2> <OutPorts = 1>
ST_4 : Operation 588 [1/1] (0.00ns)   --->   "%tmp_219_i = call i8 @_ssdm_op_PartSelect.i8.i125.i32.i32(i125 %svs_V_7_load, i32 80, i32 87)" [ADSD/Classifier.cpp:68->ADSD/Classifier.cpp:133]   --->   Operation 588 'partselect' 'tmp_219_i' <Predicate = (!exitcond4_i)> <Delay = 0.00>
ST_4 : Operation 589 [1/1] (0.00ns)   --->   "%OP1_V_10_7_i = sext i8 %tmp_219_i to i16" [ADSD/Classifier.cpp:70->ADSD/Classifier.cpp:133]   --->   Operation 589 'sext' 'OP1_V_10_7_i' <Predicate = (!exitcond4_i)> <Delay = 0.00>
ST_4 : Operation 590 [1/1] (4.17ns)   --->   "%r_V_10_7_i = mul i16 %OP2_V_10_i, %OP1_V_10_7_i" [ADSD/Classifier.cpp:70->ADSD/Classifier.cpp:133]   --->   Operation 590 'mul' 'r_V_10_7_i' <Predicate = (!exitcond4_i)> <Delay = 4.17> <Core = "Mul">   --->   Core 16 'Mul' <Latency = 0> <II = 1> <Delay = 3.74> <FuncUnit> <Opcode : 'mul'> <InPorts = 2> <OutPorts = 1>
ST_4 : Operation 591 [1/1] (0.00ns)   --->   "%tmp_220_i = call i8 @_ssdm_op_PartSelect.i8.i128.i32.i32(i128 %svs_V_8_load, i32 80, i32 87)" [ADSD/Classifier.cpp:68->ADSD/Classifier.cpp:133]   --->   Operation 591 'partselect' 'tmp_220_i' <Predicate = (!exitcond4_i)> <Delay = 0.00>
ST_4 : Operation 592 [1/1] (0.00ns)   --->   "%OP1_V_10_8_i = sext i8 %tmp_220_i to i16" [ADSD/Classifier.cpp:70->ADSD/Classifier.cpp:133]   --->   Operation 592 'sext' 'OP1_V_10_8_i' <Predicate = (!exitcond4_i)> <Delay = 0.00>
ST_4 : Operation 593 [1/1] (4.17ns)   --->   "%r_V_10_8_i = mul i16 %OP2_V_10_i, %OP1_V_10_8_i" [ADSD/Classifier.cpp:70->ADSD/Classifier.cpp:133]   --->   Operation 593 'mul' 'r_V_10_8_i' <Predicate = (!exitcond4_i)> <Delay = 4.17> <Core = "Mul">   --->   Core 16 'Mul' <Latency = 0> <II = 1> <Delay = 3.74> <FuncUnit> <Opcode : 'mul'> <InPorts = 2> <OutPorts = 1>
ST_4 : Operation 594 [1/1] (0.00ns)   --->   "%tmp_221_i = call i8 @_ssdm_op_PartSelect.i8.i126.i32.i32(i126 %svs_V_9_load, i32 80, i32 87)" [ADSD/Classifier.cpp:68->ADSD/Classifier.cpp:133]   --->   Operation 594 'partselect' 'tmp_221_i' <Predicate = (!exitcond4_i)> <Delay = 0.00>
ST_4 : Operation 595 [1/1] (0.00ns)   --->   "%OP1_V_10_9_i = sext i8 %tmp_221_i to i16" [ADSD/Classifier.cpp:70->ADSD/Classifier.cpp:133]   --->   Operation 595 'sext' 'OP1_V_10_9_i' <Predicate = (!exitcond4_i)> <Delay = 0.00>
ST_4 : Operation 596 [1/1] (4.17ns)   --->   "%r_V_10_9_i = mul i16 %OP2_V_10_i, %OP1_V_10_9_i" [ADSD/Classifier.cpp:70->ADSD/Classifier.cpp:133]   --->   Operation 596 'mul' 'r_V_10_9_i' <Predicate = (!exitcond4_i)> <Delay = 4.17> <Core = "Mul">   --->   Core 16 'Mul' <Latency = 0> <II = 1> <Delay = 3.74> <FuncUnit> <Opcode : 'mul'> <InPorts = 2> <OutPorts = 1>
ST_4 : Operation 597 [1/1] (0.00ns)   --->   "%tmp_224_i = call i8 @_ssdm_op_PartSelect.i8.i125.i32.i32(i125 %svs_V_10_load, i32 80, i32 87)" [ADSD/Classifier.cpp:68->ADSD/Classifier.cpp:133]   --->   Operation 597 'partselect' 'tmp_224_i' <Predicate = (!exitcond4_i)> <Delay = 0.00>
ST_4 : Operation 598 [1/1] (0.00ns)   --->   "%OP1_V_10_i_68 = sext i8 %tmp_224_i to i16" [ADSD/Classifier.cpp:70->ADSD/Classifier.cpp:133]   --->   Operation 598 'sext' 'OP1_V_10_i_68' <Predicate = (!exitcond4_i)> <Delay = 0.00>
ST_4 : Operation 599 [1/1] (4.17ns)   --->   "%r_V_10_i_69 = mul i16 %OP2_V_10_i, %OP1_V_10_i_68" [ADSD/Classifier.cpp:70->ADSD/Classifier.cpp:133]   --->   Operation 599 'mul' 'r_V_10_i_69' <Predicate = (!exitcond4_i)> <Delay = 4.17> <Core = "Mul">   --->   Core 16 'Mul' <Latency = 0> <II = 1> <Delay = 3.74> <FuncUnit> <Opcode : 'mul'> <InPorts = 2> <OutPorts = 1>
ST_4 : Operation 600 [1/1] (0.00ns)   --->   "%tmp_225_i = call i8 @_ssdm_op_PartSelect.i8.i125.i32.i32(i125 %svs_V_11_load, i32 80, i32 87)" [ADSD/Classifier.cpp:68->ADSD/Classifier.cpp:133]   --->   Operation 600 'partselect' 'tmp_225_i' <Predicate = (!exitcond4_i)> <Delay = 0.00>
ST_4 : Operation 601 [1/1] (0.00ns)   --->   "%OP1_V_10_10_i = sext i8 %tmp_225_i to i16" [ADSD/Classifier.cpp:70->ADSD/Classifier.cpp:133]   --->   Operation 601 'sext' 'OP1_V_10_10_i' <Predicate = (!exitcond4_i)> <Delay = 0.00>
ST_4 : Operation 602 [1/1] (4.17ns)   --->   "%r_V_10_10_i = mul i16 %OP2_V_10_i, %OP1_V_10_10_i" [ADSD/Classifier.cpp:70->ADSD/Classifier.cpp:133]   --->   Operation 602 'mul' 'r_V_10_10_i' <Predicate = (!exitcond4_i)> <Delay = 4.17> <Core = "Mul">   --->   Core 16 'Mul' <Latency = 0> <II = 1> <Delay = 3.74> <FuncUnit> <Opcode : 'mul'> <InPorts = 2> <OutPorts = 1>
ST_4 : Operation 603 [1/1] (0.00ns)   --->   "%tmp_226_i = call i8 @_ssdm_op_PartSelect.i8.i126.i32.i32(i126 %svs_V_12_load, i32 80, i32 87)" [ADSD/Classifier.cpp:68->ADSD/Classifier.cpp:133]   --->   Operation 603 'partselect' 'tmp_226_i' <Predicate = (!exitcond4_i)> <Delay = 0.00>
ST_4 : Operation 604 [1/1] (0.00ns)   --->   "%OP1_V_10_11_i = sext i8 %tmp_226_i to i16" [ADSD/Classifier.cpp:70->ADSD/Classifier.cpp:133]   --->   Operation 604 'sext' 'OP1_V_10_11_i' <Predicate = (!exitcond4_i)> <Delay = 0.00>
ST_4 : Operation 605 [1/1] (4.17ns)   --->   "%r_V_10_11_i = mul i16 %OP2_V_10_i, %OP1_V_10_11_i" [ADSD/Classifier.cpp:70->ADSD/Classifier.cpp:133]   --->   Operation 605 'mul' 'r_V_10_11_i' <Predicate = (!exitcond4_i)> <Delay = 4.17> <Core = "Mul">   --->   Core 16 'Mul' <Latency = 0> <II = 1> <Delay = 3.74> <FuncUnit> <Opcode : 'mul'> <InPorts = 2> <OutPorts = 1>
ST_4 : Operation 606 [1/1] (0.00ns)   --->   "%tmp_227_i = call i8 @_ssdm_op_PartSelect.i8.i127.i32.i32(i127 %svs_V_13_load, i32 80, i32 87)" [ADSD/Classifier.cpp:68->ADSD/Classifier.cpp:133]   --->   Operation 606 'partselect' 'tmp_227_i' <Predicate = (!exitcond4_i)> <Delay = 0.00>
ST_4 : Operation 607 [1/1] (0.00ns)   --->   "%OP1_V_10_12_i = sext i8 %tmp_227_i to i16" [ADSD/Classifier.cpp:70->ADSD/Classifier.cpp:133]   --->   Operation 607 'sext' 'OP1_V_10_12_i' <Predicate = (!exitcond4_i)> <Delay = 0.00>
ST_4 : Operation 608 [1/1] (4.17ns)   --->   "%r_V_10_12_i = mul i16 %OP2_V_10_i, %OP1_V_10_12_i" [ADSD/Classifier.cpp:70->ADSD/Classifier.cpp:133]   --->   Operation 608 'mul' 'r_V_10_12_i' <Predicate = (!exitcond4_i)> <Delay = 4.17> <Core = "Mul">   --->   Core 16 'Mul' <Latency = 0> <II = 1> <Delay = 3.74> <FuncUnit> <Opcode : 'mul'> <InPorts = 2> <OutPorts = 1>
ST_4 : Operation 609 [1/1] (0.00ns)   --->   "%tmp_228_i = call i8 @_ssdm_op_PartSelect.i8.i126.i32.i32(i126 %svs_V_14_load, i32 80, i32 87)" [ADSD/Classifier.cpp:68->ADSD/Classifier.cpp:133]   --->   Operation 609 'partselect' 'tmp_228_i' <Predicate = (!exitcond4_i)> <Delay = 0.00>
ST_4 : Operation 610 [1/1] (0.00ns)   --->   "%OP1_V_10_13_i = sext i8 %tmp_228_i to i16" [ADSD/Classifier.cpp:70->ADSD/Classifier.cpp:133]   --->   Operation 610 'sext' 'OP1_V_10_13_i' <Predicate = (!exitcond4_i)> <Delay = 0.00>
ST_4 : Operation 611 [1/1] (4.17ns)   --->   "%r_V_10_13_i = mul i16 %OP2_V_10_i, %OP1_V_10_13_i" [ADSD/Classifier.cpp:70->ADSD/Classifier.cpp:133]   --->   Operation 611 'mul' 'r_V_10_13_i' <Predicate = (!exitcond4_i)> <Delay = 4.17> <Core = "Mul">   --->   Core 16 'Mul' <Latency = 0> <II = 1> <Delay = 3.74> <FuncUnit> <Opcode : 'mul'> <InPorts = 2> <OutPorts = 1>
ST_4 : Operation 612 [1/1] (0.00ns)   --->   "%tmp_229_i = call i8 @_ssdm_op_PartSelect.i8.i128.i32.i32(i128 %svs_V_15_load, i32 80, i32 87)" [ADSD/Classifier.cpp:68->ADSD/Classifier.cpp:133]   --->   Operation 612 'partselect' 'tmp_229_i' <Predicate = (!exitcond4_i)> <Delay = 0.00>
ST_4 : Operation 613 [1/1] (0.00ns)   --->   "%OP1_V_10_14_i = sext i8 %tmp_229_i to i16" [ADSD/Classifier.cpp:70->ADSD/Classifier.cpp:133]   --->   Operation 613 'sext' 'OP1_V_10_14_i' <Predicate = (!exitcond4_i)> <Delay = 0.00>
ST_4 : Operation 614 [1/1] (4.17ns)   --->   "%r_V_10_14_i = mul i16 %OP2_V_10_i, %OP1_V_10_14_i" [ADSD/Classifier.cpp:70->ADSD/Classifier.cpp:133]   --->   Operation 614 'mul' 'r_V_10_14_i' <Predicate = (!exitcond4_i)> <Delay = 4.17> <Core = "Mul">   --->   Core 16 'Mul' <Latency = 0> <II = 1> <Delay = 3.74> <FuncUnit> <Opcode : 'mul'> <InPorts = 2> <OutPorts = 1>
ST_4 : Operation 615 [1/1] (0.00ns)   --->   "%tmp_230_i = call i8 @_ssdm_op_PartSelect.i8.i125.i32.i32(i125 %svs_V_0_load, i32 88, i32 95)" [ADSD/Classifier.cpp:68->ADSD/Classifier.cpp:133]   --->   Operation 615 'partselect' 'tmp_230_i' <Predicate = (!exitcond4_i)> <Delay = 0.00>
ST_4 : Operation 616 [1/2] (2.32ns)   --->   "%x_local_11_V_load = load i8* %x_local_11_V_addr, align 1" [ADSD/Classifier.cpp:69->ADSD/Classifier.cpp:133]   --->   Operation 616 'load' 'x_local_11_V_load' <Predicate = (!exitcond4_i)> <Delay = 2.32> <Core = "RAM">   --->   Core 37 'RAM' <Latency = 1> <II = 1> <Delay = 2.32> <Storage> <Opcode : 'load' 'store'> <Ports = 2> <Width = 8> <Depth = 49> <RAM>
ST_4 : Operation 617 [1/1] (0.00ns)   --->   "%OP1_V_11_i = sext i8 %tmp_230_i to i16" [ADSD/Classifier.cpp:70->ADSD/Classifier.cpp:133]   --->   Operation 617 'sext' 'OP1_V_11_i' <Predicate = (!exitcond4_i)> <Delay = 0.00>
ST_4 : Operation 618 [1/1] (0.00ns)   --->   "%OP2_V_11_i = sext i8 %x_local_11_V_load to i16" [ADSD/Classifier.cpp:70->ADSD/Classifier.cpp:133]   --->   Operation 618 'sext' 'OP2_V_11_i' <Predicate = (!exitcond4_i)> <Delay = 0.00>
ST_4 : Operation 619 [1/1] (4.17ns)   --->   "%r_V_11_i = mul i16 %OP2_V_11_i, %OP1_V_11_i" [ADSD/Classifier.cpp:70->ADSD/Classifier.cpp:133]   --->   Operation 619 'mul' 'r_V_11_i' <Predicate = (!exitcond4_i)> <Delay = 4.17> <Core = "Mul">   --->   Core 16 'Mul' <Latency = 0> <II = 1> <Delay = 3.74> <FuncUnit> <Opcode : 'mul'> <InPorts = 2> <OutPorts = 1>
ST_4 : Operation 620 [1/1] (0.00ns)   --->   "%tmp_231_i = call i8 @_ssdm_op_PartSelect.i8.i125.i32.i32(i125 %svs_V_1_load, i32 88, i32 95)" [ADSD/Classifier.cpp:68->ADSD/Classifier.cpp:133]   --->   Operation 620 'partselect' 'tmp_231_i' <Predicate = (!exitcond4_i)> <Delay = 0.00>
ST_4 : Operation 621 [1/1] (0.00ns)   --->   "%OP1_V_11_1_i = sext i8 %tmp_231_i to i16" [ADSD/Classifier.cpp:70->ADSD/Classifier.cpp:133]   --->   Operation 621 'sext' 'OP1_V_11_1_i' <Predicate = (!exitcond4_i)> <Delay = 0.00>
ST_4 : Operation 622 [1/1] (4.17ns)   --->   "%r_V_11_1_i = mul i16 %OP2_V_11_i, %OP1_V_11_1_i" [ADSD/Classifier.cpp:70->ADSD/Classifier.cpp:133]   --->   Operation 622 'mul' 'r_V_11_1_i' <Predicate = (!exitcond4_i)> <Delay = 4.17> <Core = "Mul">   --->   Core 16 'Mul' <Latency = 0> <II = 1> <Delay = 3.74> <FuncUnit> <Opcode : 'mul'> <InPorts = 2> <OutPorts = 1>
ST_4 : Operation 623 [1/1] (0.00ns)   --->   "%tmp_232_i = call i8 @_ssdm_op_PartSelect.i8.i125.i32.i32(i125 %svs_V_2_load, i32 88, i32 95)" [ADSD/Classifier.cpp:68->ADSD/Classifier.cpp:133]   --->   Operation 623 'partselect' 'tmp_232_i' <Predicate = (!exitcond4_i)> <Delay = 0.00>
ST_4 : Operation 624 [1/1] (0.00ns)   --->   "%OP1_V_11_2_i = sext i8 %tmp_232_i to i16" [ADSD/Classifier.cpp:70->ADSD/Classifier.cpp:133]   --->   Operation 624 'sext' 'OP1_V_11_2_i' <Predicate = (!exitcond4_i)> <Delay = 0.00>
ST_4 : Operation 625 [1/1] (4.17ns)   --->   "%r_V_11_2_i = mul i16 %OP2_V_11_i, %OP1_V_11_2_i" [ADSD/Classifier.cpp:70->ADSD/Classifier.cpp:133]   --->   Operation 625 'mul' 'r_V_11_2_i' <Predicate = (!exitcond4_i)> <Delay = 4.17> <Core = "Mul">   --->   Core 16 'Mul' <Latency = 0> <II = 1> <Delay = 3.74> <FuncUnit> <Opcode : 'mul'> <InPorts = 2> <OutPorts = 1>
ST_4 : Operation 626 [1/1] (0.00ns)   --->   "%tmp_235_i = call i8 @_ssdm_op_PartSelect.i8.i128.i32.i32(i128 %svs_V_3_load, i32 88, i32 95)" [ADSD/Classifier.cpp:68->ADSD/Classifier.cpp:133]   --->   Operation 626 'partselect' 'tmp_235_i' <Predicate = (!exitcond4_i)> <Delay = 0.00>
ST_4 : Operation 627 [1/1] (0.00ns)   --->   "%OP1_V_11_3_i = sext i8 %tmp_235_i to i16" [ADSD/Classifier.cpp:70->ADSD/Classifier.cpp:133]   --->   Operation 627 'sext' 'OP1_V_11_3_i' <Predicate = (!exitcond4_i)> <Delay = 0.00>
ST_4 : Operation 628 [1/1] (4.17ns)   --->   "%r_V_11_3_i = mul i16 %OP2_V_11_i, %OP1_V_11_3_i" [ADSD/Classifier.cpp:70->ADSD/Classifier.cpp:133]   --->   Operation 628 'mul' 'r_V_11_3_i' <Predicate = (!exitcond4_i)> <Delay = 4.17> <Core = "Mul">   --->   Core 16 'Mul' <Latency = 0> <II = 1> <Delay = 3.74> <FuncUnit> <Opcode : 'mul'> <InPorts = 2> <OutPorts = 1>
ST_4 : Operation 629 [1/1] (0.00ns)   --->   "%tmp_236_i = call i8 @_ssdm_op_PartSelect.i8.i125.i32.i32(i125 %svs_V_4_load, i32 88, i32 95)" [ADSD/Classifier.cpp:68->ADSD/Classifier.cpp:133]   --->   Operation 629 'partselect' 'tmp_236_i' <Predicate = (!exitcond4_i)> <Delay = 0.00>
ST_4 : Operation 630 [1/1] (0.00ns)   --->   "%OP1_V_11_4_i = sext i8 %tmp_236_i to i16" [ADSD/Classifier.cpp:70->ADSD/Classifier.cpp:133]   --->   Operation 630 'sext' 'OP1_V_11_4_i' <Predicate = (!exitcond4_i)> <Delay = 0.00>
ST_4 : Operation 631 [1/1] (4.17ns)   --->   "%r_V_11_4_i = mul i16 %OP2_V_11_i, %OP1_V_11_4_i" [ADSD/Classifier.cpp:70->ADSD/Classifier.cpp:133]   --->   Operation 631 'mul' 'r_V_11_4_i' <Predicate = (!exitcond4_i)> <Delay = 4.17> <Core = "Mul">   --->   Core 16 'Mul' <Latency = 0> <II = 1> <Delay = 3.74> <FuncUnit> <Opcode : 'mul'> <InPorts = 2> <OutPorts = 1>
ST_4 : Operation 632 [1/1] (0.00ns)   --->   "%tmp_237_i = call i8 @_ssdm_op_PartSelect.i8.i125.i32.i32(i125 %svs_V_5_load, i32 88, i32 95)" [ADSD/Classifier.cpp:68->ADSD/Classifier.cpp:133]   --->   Operation 632 'partselect' 'tmp_237_i' <Predicate = (!exitcond4_i)> <Delay = 0.00>
ST_4 : Operation 633 [1/1] (0.00ns)   --->   "%OP1_V_11_5_i = sext i8 %tmp_237_i to i16" [ADSD/Classifier.cpp:70->ADSD/Classifier.cpp:133]   --->   Operation 633 'sext' 'OP1_V_11_5_i' <Predicate = (!exitcond4_i)> <Delay = 0.00>
ST_4 : Operation 634 [1/1] (4.17ns)   --->   "%r_V_11_5_i = mul i16 %OP2_V_11_i, %OP1_V_11_5_i" [ADSD/Classifier.cpp:70->ADSD/Classifier.cpp:133]   --->   Operation 634 'mul' 'r_V_11_5_i' <Predicate = (!exitcond4_i)> <Delay = 4.17> <Core = "Mul">   --->   Core 16 'Mul' <Latency = 0> <II = 1> <Delay = 3.74> <FuncUnit> <Opcode : 'mul'> <InPorts = 2> <OutPorts = 1>
ST_4 : Operation 635 [1/1] (0.00ns)   --->   "%tmp_238_i = call i8 @_ssdm_op_PartSelect.i8.i126.i32.i32(i126 %svs_V_6_load, i32 88, i32 95)" [ADSD/Classifier.cpp:68->ADSD/Classifier.cpp:133]   --->   Operation 635 'partselect' 'tmp_238_i' <Predicate = (!exitcond4_i)> <Delay = 0.00>
ST_4 : Operation 636 [1/1] (0.00ns)   --->   "%OP1_V_11_6_i = sext i8 %tmp_238_i to i16" [ADSD/Classifier.cpp:70->ADSD/Classifier.cpp:133]   --->   Operation 636 'sext' 'OP1_V_11_6_i' <Predicate = (!exitcond4_i)> <Delay = 0.00>
ST_4 : Operation 637 [1/1] (4.17ns)   --->   "%r_V_11_6_i = mul i16 %OP2_V_11_i, %OP1_V_11_6_i" [ADSD/Classifier.cpp:70->ADSD/Classifier.cpp:133]   --->   Operation 637 'mul' 'r_V_11_6_i' <Predicate = (!exitcond4_i)> <Delay = 4.17> <Core = "Mul">   --->   Core 16 'Mul' <Latency = 0> <II = 1> <Delay = 3.74> <FuncUnit> <Opcode : 'mul'> <InPorts = 2> <OutPorts = 1>
ST_4 : Operation 638 [1/1] (0.00ns)   --->   "%tmp_239_i = call i8 @_ssdm_op_PartSelect.i8.i125.i32.i32(i125 %svs_V_7_load, i32 88, i32 95)" [ADSD/Classifier.cpp:68->ADSD/Classifier.cpp:133]   --->   Operation 638 'partselect' 'tmp_239_i' <Predicate = (!exitcond4_i)> <Delay = 0.00>
ST_4 : Operation 639 [1/1] (0.00ns)   --->   "%OP1_V_11_7_i = sext i8 %tmp_239_i to i16" [ADSD/Classifier.cpp:70->ADSD/Classifier.cpp:133]   --->   Operation 639 'sext' 'OP1_V_11_7_i' <Predicate = (!exitcond4_i)> <Delay = 0.00>
ST_4 : Operation 640 [1/1] (4.17ns)   --->   "%r_V_11_7_i = mul i16 %OP2_V_11_i, %OP1_V_11_7_i" [ADSD/Classifier.cpp:70->ADSD/Classifier.cpp:133]   --->   Operation 640 'mul' 'r_V_11_7_i' <Predicate = (!exitcond4_i)> <Delay = 4.17> <Core = "Mul">   --->   Core 16 'Mul' <Latency = 0> <II = 1> <Delay = 3.74> <FuncUnit> <Opcode : 'mul'> <InPorts = 2> <OutPorts = 1>
ST_4 : Operation 641 [1/1] (0.00ns)   --->   "%tmp_240_i = call i8 @_ssdm_op_PartSelect.i8.i128.i32.i32(i128 %svs_V_8_load, i32 88, i32 95)" [ADSD/Classifier.cpp:68->ADSD/Classifier.cpp:133]   --->   Operation 641 'partselect' 'tmp_240_i' <Predicate = (!exitcond4_i)> <Delay = 0.00>
ST_4 : Operation 642 [1/1] (0.00ns)   --->   "%OP1_V_11_8_i = sext i8 %tmp_240_i to i16" [ADSD/Classifier.cpp:70->ADSD/Classifier.cpp:133]   --->   Operation 642 'sext' 'OP1_V_11_8_i' <Predicate = (!exitcond4_i)> <Delay = 0.00>
ST_4 : Operation 643 [1/1] (4.17ns)   --->   "%r_V_11_8_i = mul i16 %OP2_V_11_i, %OP1_V_11_8_i" [ADSD/Classifier.cpp:70->ADSD/Classifier.cpp:133]   --->   Operation 643 'mul' 'r_V_11_8_i' <Predicate = (!exitcond4_i)> <Delay = 4.17> <Core = "Mul">   --->   Core 16 'Mul' <Latency = 0> <II = 1> <Delay = 3.74> <FuncUnit> <Opcode : 'mul'> <InPorts = 2> <OutPorts = 1>
ST_4 : Operation 644 [1/1] (0.00ns)   --->   "%tmp_241_i = call i8 @_ssdm_op_PartSelect.i8.i126.i32.i32(i126 %svs_V_9_load, i32 88, i32 95)" [ADSD/Classifier.cpp:68->ADSD/Classifier.cpp:133]   --->   Operation 644 'partselect' 'tmp_241_i' <Predicate = (!exitcond4_i)> <Delay = 0.00>
ST_4 : Operation 645 [1/1] (0.00ns)   --->   "%OP1_V_11_9_i = sext i8 %tmp_241_i to i16" [ADSD/Classifier.cpp:70->ADSD/Classifier.cpp:133]   --->   Operation 645 'sext' 'OP1_V_11_9_i' <Predicate = (!exitcond4_i)> <Delay = 0.00>
ST_4 : Operation 646 [1/1] (4.17ns)   --->   "%r_V_11_9_i = mul i16 %OP2_V_11_i, %OP1_V_11_9_i" [ADSD/Classifier.cpp:70->ADSD/Classifier.cpp:133]   --->   Operation 646 'mul' 'r_V_11_9_i' <Predicate = (!exitcond4_i)> <Delay = 4.17> <Core = "Mul">   --->   Core 16 'Mul' <Latency = 0> <II = 1> <Delay = 3.74> <FuncUnit> <Opcode : 'mul'> <InPorts = 2> <OutPorts = 1>
ST_4 : Operation 647 [1/1] (0.00ns)   --->   "%tmp_242_i = call i8 @_ssdm_op_PartSelect.i8.i125.i32.i32(i125 %svs_V_10_load, i32 88, i32 95)" [ADSD/Classifier.cpp:68->ADSD/Classifier.cpp:133]   --->   Operation 647 'partselect' 'tmp_242_i' <Predicate = (!exitcond4_i)> <Delay = 0.00>
ST_4 : Operation 648 [1/1] (0.00ns)   --->   "%OP1_V_11_i_71 = sext i8 %tmp_242_i to i16" [ADSD/Classifier.cpp:70->ADSD/Classifier.cpp:133]   --->   Operation 648 'sext' 'OP1_V_11_i_71' <Predicate = (!exitcond4_i)> <Delay = 0.00>
ST_4 : Operation 649 [1/1] (4.17ns)   --->   "%r_V_11_i_72 = mul i16 %OP2_V_11_i, %OP1_V_11_i_71" [ADSD/Classifier.cpp:70->ADSD/Classifier.cpp:133]   --->   Operation 649 'mul' 'r_V_11_i_72' <Predicate = (!exitcond4_i)> <Delay = 4.17> <Core = "Mul">   --->   Core 16 'Mul' <Latency = 0> <II = 1> <Delay = 3.74> <FuncUnit> <Opcode : 'mul'> <InPorts = 2> <OutPorts = 1>
ST_4 : Operation 650 [1/1] (0.00ns)   --->   "%tmp_243_i = call i8 @_ssdm_op_PartSelect.i8.i125.i32.i32(i125 %svs_V_11_load, i32 88, i32 95)" [ADSD/Classifier.cpp:68->ADSD/Classifier.cpp:133]   --->   Operation 650 'partselect' 'tmp_243_i' <Predicate = (!exitcond4_i)> <Delay = 0.00>
ST_4 : Operation 651 [1/1] (0.00ns)   --->   "%OP1_V_11_10_i = sext i8 %tmp_243_i to i16" [ADSD/Classifier.cpp:70->ADSD/Classifier.cpp:133]   --->   Operation 651 'sext' 'OP1_V_11_10_i' <Predicate = (!exitcond4_i)> <Delay = 0.00>
ST_4 : Operation 652 [1/1] (4.17ns)   --->   "%r_V_11_10_i = mul i16 %OP2_V_11_i, %OP1_V_11_10_i" [ADSD/Classifier.cpp:70->ADSD/Classifier.cpp:133]   --->   Operation 652 'mul' 'r_V_11_10_i' <Predicate = (!exitcond4_i)> <Delay = 4.17> <Core = "Mul">   --->   Core 16 'Mul' <Latency = 0> <II = 1> <Delay = 3.74> <FuncUnit> <Opcode : 'mul'> <InPorts = 2> <OutPorts = 1>
ST_4 : Operation 653 [1/1] (0.00ns)   --->   "%tmp_244_i = call i8 @_ssdm_op_PartSelect.i8.i126.i32.i32(i126 %svs_V_12_load, i32 88, i32 95)" [ADSD/Classifier.cpp:68->ADSD/Classifier.cpp:133]   --->   Operation 653 'partselect' 'tmp_244_i' <Predicate = (!exitcond4_i)> <Delay = 0.00>
ST_4 : Operation 654 [1/1] (0.00ns)   --->   "%OP1_V_11_11_i = sext i8 %tmp_244_i to i16" [ADSD/Classifier.cpp:70->ADSD/Classifier.cpp:133]   --->   Operation 654 'sext' 'OP1_V_11_11_i' <Predicate = (!exitcond4_i)> <Delay = 0.00>
ST_4 : Operation 655 [1/1] (4.17ns)   --->   "%r_V_11_11_i = mul i16 %OP2_V_11_i, %OP1_V_11_11_i" [ADSD/Classifier.cpp:70->ADSD/Classifier.cpp:133]   --->   Operation 655 'mul' 'r_V_11_11_i' <Predicate = (!exitcond4_i)> <Delay = 4.17> <Core = "Mul">   --->   Core 16 'Mul' <Latency = 0> <II = 1> <Delay = 3.74> <FuncUnit> <Opcode : 'mul'> <InPorts = 2> <OutPorts = 1>
ST_4 : Operation 656 [1/1] (0.00ns)   --->   "%tmp_245_i = call i8 @_ssdm_op_PartSelect.i8.i127.i32.i32(i127 %svs_V_13_load, i32 88, i32 95)" [ADSD/Classifier.cpp:68->ADSD/Classifier.cpp:133]   --->   Operation 656 'partselect' 'tmp_245_i' <Predicate = (!exitcond4_i)> <Delay = 0.00>
ST_4 : Operation 657 [1/1] (0.00ns)   --->   "%OP1_V_11_12_i = sext i8 %tmp_245_i to i16" [ADSD/Classifier.cpp:70->ADSD/Classifier.cpp:133]   --->   Operation 657 'sext' 'OP1_V_11_12_i' <Predicate = (!exitcond4_i)> <Delay = 0.00>
ST_4 : Operation 658 [1/1] (4.17ns)   --->   "%r_V_11_12_i = mul i16 %OP2_V_11_i, %OP1_V_11_12_i" [ADSD/Classifier.cpp:70->ADSD/Classifier.cpp:133]   --->   Operation 658 'mul' 'r_V_11_12_i' <Predicate = (!exitcond4_i)> <Delay = 4.17> <Core = "Mul">   --->   Core 16 'Mul' <Latency = 0> <II = 1> <Delay = 3.74> <FuncUnit> <Opcode : 'mul'> <InPorts = 2> <OutPorts = 1>
ST_4 : Operation 659 [1/1] (0.00ns)   --->   "%tmp_246_i = call i8 @_ssdm_op_PartSelect.i8.i126.i32.i32(i126 %svs_V_14_load, i32 88, i32 95)" [ADSD/Classifier.cpp:68->ADSD/Classifier.cpp:133]   --->   Operation 659 'partselect' 'tmp_246_i' <Predicate = (!exitcond4_i)> <Delay = 0.00>
ST_4 : Operation 660 [1/1] (0.00ns)   --->   "%OP1_V_11_13_i = sext i8 %tmp_246_i to i16" [ADSD/Classifier.cpp:70->ADSD/Classifier.cpp:133]   --->   Operation 660 'sext' 'OP1_V_11_13_i' <Predicate = (!exitcond4_i)> <Delay = 0.00>
ST_4 : Operation 661 [1/1] (4.17ns)   --->   "%r_V_11_13_i = mul i16 %OP2_V_11_i, %OP1_V_11_13_i" [ADSD/Classifier.cpp:70->ADSD/Classifier.cpp:133]   --->   Operation 661 'mul' 'r_V_11_13_i' <Predicate = (!exitcond4_i)> <Delay = 4.17> <Core = "Mul">   --->   Core 16 'Mul' <Latency = 0> <II = 1> <Delay = 3.74> <FuncUnit> <Opcode : 'mul'> <InPorts = 2> <OutPorts = 1>
ST_4 : Operation 662 [1/1] (0.00ns)   --->   "%tmp_247_i = call i8 @_ssdm_op_PartSelect.i8.i128.i32.i32(i128 %svs_V_15_load, i32 88, i32 95)" [ADSD/Classifier.cpp:68->ADSD/Classifier.cpp:133]   --->   Operation 662 'partselect' 'tmp_247_i' <Predicate = (!exitcond4_i)> <Delay = 0.00>
ST_4 : Operation 663 [1/1] (0.00ns)   --->   "%OP1_V_11_14_i = sext i8 %tmp_247_i to i16" [ADSD/Classifier.cpp:70->ADSD/Classifier.cpp:133]   --->   Operation 663 'sext' 'OP1_V_11_14_i' <Predicate = (!exitcond4_i)> <Delay = 0.00>
ST_4 : Operation 664 [1/1] (4.17ns)   --->   "%r_V_11_14_i = mul i16 %OP2_V_11_i, %OP1_V_11_14_i" [ADSD/Classifier.cpp:70->ADSD/Classifier.cpp:133]   --->   Operation 664 'mul' 'r_V_11_14_i' <Predicate = (!exitcond4_i)> <Delay = 4.17> <Core = "Mul">   --->   Core 16 'Mul' <Latency = 0> <II = 1> <Delay = 3.74> <FuncUnit> <Opcode : 'mul'> <InPorts = 2> <OutPorts = 1>
ST_4 : Operation 665 [1/1] (0.00ns)   --->   "%tmp_250_i = call i8 @_ssdm_op_PartSelect.i8.i125.i32.i32(i125 %svs_V_0_load, i32 96, i32 103)" [ADSD/Classifier.cpp:68->ADSD/Classifier.cpp:133]   --->   Operation 665 'partselect' 'tmp_250_i' <Predicate = (!exitcond4_i)> <Delay = 0.00>
ST_4 : Operation 666 [1/2] (2.32ns)   --->   "%x_local_12_V_load = load i8* %x_local_12_V_addr, align 1" [ADSD/Classifier.cpp:69->ADSD/Classifier.cpp:133]   --->   Operation 666 'load' 'x_local_12_V_load' <Predicate = (!exitcond4_i)> <Delay = 2.32> <Core = "RAM">   --->   Core 37 'RAM' <Latency = 1> <II = 1> <Delay = 2.32> <Storage> <Opcode : 'load' 'store'> <Ports = 2> <Width = 8> <Depth = 49> <RAM>
ST_4 : Operation 667 [1/1] (0.00ns)   --->   "%tmp_251_i = call i8 @_ssdm_op_PartSelect.i8.i125.i32.i32(i125 %svs_V_1_load, i32 96, i32 103)" [ADSD/Classifier.cpp:68->ADSD/Classifier.cpp:133]   --->   Operation 667 'partselect' 'tmp_251_i' <Predicate = (!exitcond4_i)> <Delay = 0.00>
ST_4 : Operation 668 [1/1] (0.00ns)   --->   "%tmp_252_i = call i8 @_ssdm_op_PartSelect.i8.i125.i32.i32(i125 %svs_V_2_load, i32 96, i32 103)" [ADSD/Classifier.cpp:68->ADSD/Classifier.cpp:133]   --->   Operation 668 'partselect' 'tmp_252_i' <Predicate = (!exitcond4_i)> <Delay = 0.00>
ST_4 : Operation 669 [1/1] (0.00ns)   --->   "%tmp_253_i = call i8 @_ssdm_op_PartSelect.i8.i128.i32.i32(i128 %svs_V_3_load, i32 96, i32 103)" [ADSD/Classifier.cpp:68->ADSD/Classifier.cpp:133]   --->   Operation 669 'partselect' 'tmp_253_i' <Predicate = (!exitcond4_i)> <Delay = 0.00>
ST_4 : Operation 670 [1/1] (0.00ns)   --->   "%tmp_254_i = call i8 @_ssdm_op_PartSelect.i8.i125.i32.i32(i125 %svs_V_4_load, i32 96, i32 103)" [ADSD/Classifier.cpp:68->ADSD/Classifier.cpp:133]   --->   Operation 670 'partselect' 'tmp_254_i' <Predicate = (!exitcond4_i)> <Delay = 0.00>
ST_4 : Operation 671 [1/1] (0.00ns)   --->   "%tmp_255_i = call i8 @_ssdm_op_PartSelect.i8.i125.i32.i32(i125 %svs_V_5_load, i32 96, i32 103)" [ADSD/Classifier.cpp:68->ADSD/Classifier.cpp:133]   --->   Operation 671 'partselect' 'tmp_255_i' <Predicate = (!exitcond4_i)> <Delay = 0.00>
ST_4 : Operation 672 [1/1] (0.00ns)   --->   "%tmp_256_i = call i8 @_ssdm_op_PartSelect.i8.i126.i32.i32(i126 %svs_V_6_load, i32 96, i32 103)" [ADSD/Classifier.cpp:68->ADSD/Classifier.cpp:133]   --->   Operation 672 'partselect' 'tmp_256_i' <Predicate = (!exitcond4_i)> <Delay = 0.00>
ST_4 : Operation 673 [1/1] (0.00ns)   --->   "%tmp_257_i = call i8 @_ssdm_op_PartSelect.i8.i125.i32.i32(i125 %svs_V_7_load, i32 96, i32 103)" [ADSD/Classifier.cpp:68->ADSD/Classifier.cpp:133]   --->   Operation 673 'partselect' 'tmp_257_i' <Predicate = (!exitcond4_i)> <Delay = 0.00>
ST_4 : Operation 674 [1/1] (0.00ns)   --->   "%tmp_258_i = call i8 @_ssdm_op_PartSelect.i8.i128.i32.i32(i128 %svs_V_8_load, i32 96, i32 103)" [ADSD/Classifier.cpp:68->ADSD/Classifier.cpp:133]   --->   Operation 674 'partselect' 'tmp_258_i' <Predicate = (!exitcond4_i)> <Delay = 0.00>
ST_4 : Operation 675 [1/1] (0.00ns)   --->   "%tmp_261_i = call i8 @_ssdm_op_PartSelect.i8.i126.i32.i32(i126 %svs_V_9_load, i32 96, i32 103)" [ADSD/Classifier.cpp:68->ADSD/Classifier.cpp:133]   --->   Operation 675 'partselect' 'tmp_261_i' <Predicate = (!exitcond4_i)> <Delay = 0.00>
ST_4 : Operation 676 [1/1] (0.00ns)   --->   "%tmp_262_i = call i8 @_ssdm_op_PartSelect.i8.i125.i32.i32(i125 %svs_V_10_load, i32 96, i32 103)" [ADSD/Classifier.cpp:68->ADSD/Classifier.cpp:133]   --->   Operation 676 'partselect' 'tmp_262_i' <Predicate = (!exitcond4_i)> <Delay = 0.00>
ST_4 : Operation 677 [1/1] (0.00ns)   --->   "%tmp_263_i = call i8 @_ssdm_op_PartSelect.i8.i125.i32.i32(i125 %svs_V_11_load, i32 96, i32 103)" [ADSD/Classifier.cpp:68->ADSD/Classifier.cpp:133]   --->   Operation 677 'partselect' 'tmp_263_i' <Predicate = (!exitcond4_i)> <Delay = 0.00>
ST_4 : Operation 678 [1/1] (0.00ns)   --->   "%tmp_264_i = call i8 @_ssdm_op_PartSelect.i8.i126.i32.i32(i126 %svs_V_12_load, i32 96, i32 103)" [ADSD/Classifier.cpp:68->ADSD/Classifier.cpp:133]   --->   Operation 678 'partselect' 'tmp_264_i' <Predicate = (!exitcond4_i)> <Delay = 0.00>
ST_4 : Operation 679 [1/1] (0.00ns)   --->   "%tmp_265_i = call i8 @_ssdm_op_PartSelect.i8.i127.i32.i32(i127 %svs_V_13_load, i32 96, i32 103)" [ADSD/Classifier.cpp:68->ADSD/Classifier.cpp:133]   --->   Operation 679 'partselect' 'tmp_265_i' <Predicate = (!exitcond4_i)> <Delay = 0.00>
ST_4 : Operation 680 [1/1] (0.00ns)   --->   "%tmp_266_i = call i8 @_ssdm_op_PartSelect.i8.i126.i32.i32(i126 %svs_V_14_load, i32 96, i32 103)" [ADSD/Classifier.cpp:68->ADSD/Classifier.cpp:133]   --->   Operation 680 'partselect' 'tmp_266_i' <Predicate = (!exitcond4_i)> <Delay = 0.00>
ST_4 : Operation 681 [1/1] (0.00ns)   --->   "%tmp_267_i = call i8 @_ssdm_op_PartSelect.i8.i128.i32.i32(i128 %svs_V_15_load, i32 96, i32 103)" [ADSD/Classifier.cpp:68->ADSD/Classifier.cpp:133]   --->   Operation 681 'partselect' 'tmp_267_i' <Predicate = (!exitcond4_i)> <Delay = 0.00>
ST_4 : Operation 682 [1/1] (0.00ns)   --->   "%tmp_268_i = call i8 @_ssdm_op_PartSelect.i8.i125.i32.i32(i125 %svs_V_0_load, i32 104, i32 111)" [ADSD/Classifier.cpp:68->ADSD/Classifier.cpp:133]   --->   Operation 682 'partselect' 'tmp_268_i' <Predicate = (!exitcond4_i)> <Delay = 0.00>
ST_4 : Operation 683 [1/2] (2.32ns)   --->   "%x_local_13_V_load = load i8* %x_local_13_V_addr, align 1" [ADSD/Classifier.cpp:69->ADSD/Classifier.cpp:133]   --->   Operation 683 'load' 'x_local_13_V_load' <Predicate = (!exitcond4_i)> <Delay = 2.32> <Core = "RAM">   --->   Core 37 'RAM' <Latency = 1> <II = 1> <Delay = 2.32> <Storage> <Opcode : 'load' 'store'> <Ports = 2> <Width = 8> <Depth = 49> <RAM>
ST_4 : Operation 684 [1/1] (0.00ns)   --->   "%tmp_269_i = call i8 @_ssdm_op_PartSelect.i8.i125.i32.i32(i125 %svs_V_1_load, i32 104, i32 111)" [ADSD/Classifier.cpp:68->ADSD/Classifier.cpp:133]   --->   Operation 684 'partselect' 'tmp_269_i' <Predicate = (!exitcond4_i)> <Delay = 0.00>
ST_4 : Operation 685 [1/1] (0.00ns)   --->   "%tmp_270_i = call i8 @_ssdm_op_PartSelect.i8.i125.i32.i32(i125 %svs_V_2_load, i32 104, i32 111)" [ADSD/Classifier.cpp:68->ADSD/Classifier.cpp:133]   --->   Operation 685 'partselect' 'tmp_270_i' <Predicate = (!exitcond4_i)> <Delay = 0.00>
ST_4 : Operation 686 [1/1] (0.00ns)   --->   "%tmp_271_i = call i8 @_ssdm_op_PartSelect.i8.i128.i32.i32(i128 %svs_V_3_load, i32 104, i32 111)" [ADSD/Classifier.cpp:68->ADSD/Classifier.cpp:133]   --->   Operation 686 'partselect' 'tmp_271_i' <Predicate = (!exitcond4_i)> <Delay = 0.00>
ST_4 : Operation 687 [1/1] (0.00ns)   --->   "%tmp_272_i = call i8 @_ssdm_op_PartSelect.i8.i125.i32.i32(i125 %svs_V_4_load, i32 104, i32 111)" [ADSD/Classifier.cpp:68->ADSD/Classifier.cpp:133]   --->   Operation 687 'partselect' 'tmp_272_i' <Predicate = (!exitcond4_i)> <Delay = 0.00>
ST_4 : Operation 688 [1/1] (0.00ns)   --->   "%tmp_273_i = call i8 @_ssdm_op_PartSelect.i8.i125.i32.i32(i125 %svs_V_5_load, i32 104, i32 111)" [ADSD/Classifier.cpp:68->ADSD/Classifier.cpp:133]   --->   Operation 688 'partselect' 'tmp_273_i' <Predicate = (!exitcond4_i)> <Delay = 0.00>
ST_4 : Operation 689 [1/1] (0.00ns)   --->   "%tmp_276_i = call i8 @_ssdm_op_PartSelect.i8.i126.i32.i32(i126 %svs_V_6_load, i32 104, i32 111)" [ADSD/Classifier.cpp:68->ADSD/Classifier.cpp:133]   --->   Operation 689 'partselect' 'tmp_276_i' <Predicate = (!exitcond4_i)> <Delay = 0.00>
ST_4 : Operation 690 [1/1] (0.00ns)   --->   "%tmp_277_i = call i8 @_ssdm_op_PartSelect.i8.i125.i32.i32(i125 %svs_V_7_load, i32 104, i32 111)" [ADSD/Classifier.cpp:68->ADSD/Classifier.cpp:133]   --->   Operation 690 'partselect' 'tmp_277_i' <Predicate = (!exitcond4_i)> <Delay = 0.00>
ST_4 : Operation 691 [1/1] (0.00ns)   --->   "%tmp_278_i = call i8 @_ssdm_op_PartSelect.i8.i128.i32.i32(i128 %svs_V_8_load, i32 104, i32 111)" [ADSD/Classifier.cpp:68->ADSD/Classifier.cpp:133]   --->   Operation 691 'partselect' 'tmp_278_i' <Predicate = (!exitcond4_i)> <Delay = 0.00>
ST_4 : Operation 692 [1/1] (0.00ns)   --->   "%tmp_279_i = call i8 @_ssdm_op_PartSelect.i8.i126.i32.i32(i126 %svs_V_9_load, i32 104, i32 111)" [ADSD/Classifier.cpp:68->ADSD/Classifier.cpp:133]   --->   Operation 692 'partselect' 'tmp_279_i' <Predicate = (!exitcond4_i)> <Delay = 0.00>
ST_4 : Operation 693 [1/1] (0.00ns)   --->   "%tmp_280_i = call i8 @_ssdm_op_PartSelect.i8.i125.i32.i32(i125 %svs_V_10_load, i32 104, i32 111)" [ADSD/Classifier.cpp:68->ADSD/Classifier.cpp:133]   --->   Operation 693 'partselect' 'tmp_280_i' <Predicate = (!exitcond4_i)> <Delay = 0.00>
ST_4 : Operation 694 [1/1] (0.00ns)   --->   "%tmp_281_i = call i8 @_ssdm_op_PartSelect.i8.i125.i32.i32(i125 %svs_V_11_load, i32 104, i32 111)" [ADSD/Classifier.cpp:68->ADSD/Classifier.cpp:133]   --->   Operation 694 'partselect' 'tmp_281_i' <Predicate = (!exitcond4_i)> <Delay = 0.00>
ST_4 : Operation 695 [1/1] (0.00ns)   --->   "%tmp_282_i = call i8 @_ssdm_op_PartSelect.i8.i126.i32.i32(i126 %svs_V_12_load, i32 104, i32 111)" [ADSD/Classifier.cpp:68->ADSD/Classifier.cpp:133]   --->   Operation 695 'partselect' 'tmp_282_i' <Predicate = (!exitcond4_i)> <Delay = 0.00>
ST_4 : Operation 696 [1/1] (0.00ns)   --->   "%tmp_283_i = call i8 @_ssdm_op_PartSelect.i8.i127.i32.i32(i127 %svs_V_13_load, i32 104, i32 111)" [ADSD/Classifier.cpp:68->ADSD/Classifier.cpp:133]   --->   Operation 696 'partselect' 'tmp_283_i' <Predicate = (!exitcond4_i)> <Delay = 0.00>
ST_4 : Operation 697 [1/1] (0.00ns)   --->   "%tmp_284_i = call i8 @_ssdm_op_PartSelect.i8.i126.i32.i32(i126 %svs_V_14_load, i32 104, i32 111)" [ADSD/Classifier.cpp:68->ADSD/Classifier.cpp:133]   --->   Operation 697 'partselect' 'tmp_284_i' <Predicate = (!exitcond4_i)> <Delay = 0.00>
ST_4 : Operation 698 [1/1] (0.00ns)   --->   "%tmp_287_i = call i8 @_ssdm_op_PartSelect.i8.i128.i32.i32(i128 %svs_V_15_load, i32 104, i32 111)" [ADSD/Classifier.cpp:68->ADSD/Classifier.cpp:133]   --->   Operation 698 'partselect' 'tmp_287_i' <Predicate = (!exitcond4_i)> <Delay = 0.00>
ST_4 : Operation 699 [1/1] (0.00ns)   --->   "%tmp_288_i = call i8 @_ssdm_op_PartSelect.i8.i125.i32.i32(i125 %svs_V_0_load, i32 112, i32 119)" [ADSD/Classifier.cpp:68->ADSD/Classifier.cpp:133]   --->   Operation 699 'partselect' 'tmp_288_i' <Predicate = (!exitcond4_i)> <Delay = 0.00>
ST_4 : Operation 700 [1/2] (2.32ns)   --->   "%x_local_14_V_load = load i8* %x_local_14_V_addr, align 1" [ADSD/Classifier.cpp:69->ADSD/Classifier.cpp:133]   --->   Operation 700 'load' 'x_local_14_V_load' <Predicate = (!exitcond4_i)> <Delay = 2.32> <Core = "RAM">   --->   Core 37 'RAM' <Latency = 1> <II = 1> <Delay = 2.32> <Storage> <Opcode : 'load' 'store'> <Ports = 2> <Width = 8> <Depth = 49> <RAM>
ST_4 : Operation 701 [1/1] (0.00ns)   --->   "%tmp_289_i = call i8 @_ssdm_op_PartSelect.i8.i125.i32.i32(i125 %svs_V_1_load, i32 112, i32 119)" [ADSD/Classifier.cpp:68->ADSD/Classifier.cpp:133]   --->   Operation 701 'partselect' 'tmp_289_i' <Predicate = (!exitcond4_i)> <Delay = 0.00>
ST_4 : Operation 702 [1/1] (0.00ns)   --->   "%tmp_290_i = call i8 @_ssdm_op_PartSelect.i8.i125.i32.i32(i125 %svs_V_2_load, i32 112, i32 119)" [ADSD/Classifier.cpp:68->ADSD/Classifier.cpp:133]   --->   Operation 702 'partselect' 'tmp_290_i' <Predicate = (!exitcond4_i)> <Delay = 0.00>
ST_4 : Operation 703 [1/1] (0.00ns)   --->   "%tmp_291_i = call i8 @_ssdm_op_PartSelect.i8.i128.i32.i32(i128 %svs_V_3_load, i32 112, i32 119)" [ADSD/Classifier.cpp:68->ADSD/Classifier.cpp:133]   --->   Operation 703 'partselect' 'tmp_291_i' <Predicate = (!exitcond4_i)> <Delay = 0.00>
ST_4 : Operation 704 [1/1] (0.00ns)   --->   "%tmp_292_i = call i8 @_ssdm_op_PartSelect.i8.i125.i32.i32(i125 %svs_V_4_load, i32 112, i32 119)" [ADSD/Classifier.cpp:68->ADSD/Classifier.cpp:133]   --->   Operation 704 'partselect' 'tmp_292_i' <Predicate = (!exitcond4_i)> <Delay = 0.00>
ST_4 : Operation 705 [1/1] (0.00ns)   --->   "%tmp_293_i = call i8 @_ssdm_op_PartSelect.i8.i125.i32.i32(i125 %svs_V_5_load, i32 112, i32 119)" [ADSD/Classifier.cpp:68->ADSD/Classifier.cpp:133]   --->   Operation 705 'partselect' 'tmp_293_i' <Predicate = (!exitcond4_i)> <Delay = 0.00>
ST_4 : Operation 706 [1/1] (0.00ns)   --->   "%tmp_294_i = call i8 @_ssdm_op_PartSelect.i8.i126.i32.i32(i126 %svs_V_6_load, i32 112, i32 119)" [ADSD/Classifier.cpp:68->ADSD/Classifier.cpp:133]   --->   Operation 706 'partselect' 'tmp_294_i' <Predicate = (!exitcond4_i)> <Delay = 0.00>
ST_4 : Operation 707 [1/1] (0.00ns)   --->   "%tmp_295_i = call i8 @_ssdm_op_PartSelect.i8.i125.i32.i32(i125 %svs_V_7_load, i32 112, i32 119)" [ADSD/Classifier.cpp:68->ADSD/Classifier.cpp:133]   --->   Operation 707 'partselect' 'tmp_295_i' <Predicate = (!exitcond4_i)> <Delay = 0.00>
ST_4 : Operation 708 [1/1] (0.00ns)   --->   "%tmp_296_i = call i8 @_ssdm_op_PartSelect.i8.i128.i32.i32(i128 %svs_V_8_load, i32 112, i32 119)" [ADSD/Classifier.cpp:68->ADSD/Classifier.cpp:133]   --->   Operation 708 'partselect' 'tmp_296_i' <Predicate = (!exitcond4_i)> <Delay = 0.00>
ST_4 : Operation 709 [1/1] (0.00ns)   --->   "%tmp_297_i = call i8 @_ssdm_op_PartSelect.i8.i126.i32.i32(i126 %svs_V_9_load, i32 112, i32 119)" [ADSD/Classifier.cpp:68->ADSD/Classifier.cpp:133]   --->   Operation 709 'partselect' 'tmp_297_i' <Predicate = (!exitcond4_i)> <Delay = 0.00>
ST_4 : Operation 710 [1/1] (0.00ns)   --->   "%tmp_298_i = call i8 @_ssdm_op_PartSelect.i8.i125.i32.i32(i125 %svs_V_10_load, i32 112, i32 119)" [ADSD/Classifier.cpp:68->ADSD/Classifier.cpp:133]   --->   Operation 710 'partselect' 'tmp_298_i' <Predicate = (!exitcond4_i)> <Delay = 0.00>
ST_4 : Operation 711 [1/1] (0.00ns)   --->   "%tmp_299_i = call i8 @_ssdm_op_PartSelect.i8.i125.i32.i32(i125 %svs_V_11_load, i32 112, i32 119)" [ADSD/Classifier.cpp:68->ADSD/Classifier.cpp:133]   --->   Operation 711 'partselect' 'tmp_299_i' <Predicate = (!exitcond4_i)> <Delay = 0.00>
ST_4 : Operation 712 [1/1] (0.00ns)   --->   "%tmp_302_i = call i8 @_ssdm_op_PartSelect.i8.i126.i32.i32(i126 %svs_V_12_load, i32 112, i32 119)" [ADSD/Classifier.cpp:68->ADSD/Classifier.cpp:133]   --->   Operation 712 'partselect' 'tmp_302_i' <Predicate = (!exitcond4_i)> <Delay = 0.00>
ST_4 : Operation 713 [1/1] (0.00ns)   --->   "%tmp_303_i = call i8 @_ssdm_op_PartSelect.i8.i127.i32.i32(i127 %svs_V_13_load, i32 112, i32 119)" [ADSD/Classifier.cpp:68->ADSD/Classifier.cpp:133]   --->   Operation 713 'partselect' 'tmp_303_i' <Predicate = (!exitcond4_i)> <Delay = 0.00>
ST_4 : Operation 714 [1/1] (0.00ns)   --->   "%tmp_304_i = call i8 @_ssdm_op_PartSelect.i8.i126.i32.i32(i126 %svs_V_14_load, i32 112, i32 119)" [ADSD/Classifier.cpp:68->ADSD/Classifier.cpp:133]   --->   Operation 714 'partselect' 'tmp_304_i' <Predicate = (!exitcond4_i)> <Delay = 0.00>
ST_4 : Operation 715 [1/1] (0.00ns)   --->   "%tmp_305_i = call i8 @_ssdm_op_PartSelect.i8.i128.i32.i32(i128 %svs_V_15_load, i32 112, i32 119)" [ADSD/Classifier.cpp:68->ADSD/Classifier.cpp:133]   --->   Operation 715 'partselect' 'tmp_305_i' <Predicate = (!exitcond4_i)> <Delay = 0.00>
ST_4 : Operation 716 [1/1] (0.00ns)   --->   "%tmp_256 = call i5 @_ssdm_op_PartSelect.i5.i125.i32.i32(i125 %svs_V_0_load, i32 120, i32 124)" [ADSD/Classifier.cpp:68->ADSD/Classifier.cpp:133]   --->   Operation 716 'partselect' 'tmp_256' <Predicate = (!exitcond4_i)> <Delay = 0.00>
ST_4 : Operation 717 [1/2] (2.32ns)   --->   "%x_local_15_V_load = load i8* %x_local_15_V_addr, align 1" [ADSD/Classifier.cpp:69->ADSD/Classifier.cpp:133]   --->   Operation 717 'load' 'x_local_15_V_load' <Predicate = (!exitcond4_i)> <Delay = 2.32> <Core = "RAM">   --->   Core 37 'RAM' <Latency = 1> <II = 1> <Delay = 2.32> <Storage> <Opcode : 'load' 'store'> <Ports = 2> <Width = 8> <Depth = 49> <RAM>
ST_4 : Operation 718 [1/1] (0.00ns)   --->   "%tmp_257 = call i5 @_ssdm_op_PartSelect.i5.i125.i32.i32(i125 %svs_V_1_load, i32 120, i32 124)" [ADSD/Classifier.cpp:68->ADSD/Classifier.cpp:133]   --->   Operation 718 'partselect' 'tmp_257' <Predicate = (!exitcond4_i)> <Delay = 0.00>
ST_4 : Operation 719 [1/1] (0.00ns)   --->   "%tmp_258 = call i5 @_ssdm_op_PartSelect.i5.i125.i32.i32(i125 %svs_V_2_load, i32 120, i32 124)" [ADSD/Classifier.cpp:68->ADSD/Classifier.cpp:133]   --->   Operation 719 'partselect' 'tmp_258' <Predicate = (!exitcond4_i)> <Delay = 0.00>
ST_4 : Operation 720 [1/1] (0.00ns)   --->   "%tmp_309_i = call i8 @_ssdm_op_PartSelect.i8.i128.i32.i32(i128 %svs_V_3_load, i32 120, i32 127)" [ADSD/Classifier.cpp:68->ADSD/Classifier.cpp:133]   --->   Operation 720 'partselect' 'tmp_309_i' <Predicate = (!exitcond4_i)> <Delay = 0.00>
ST_4 : Operation 721 [1/1] (0.00ns)   --->   "%tmp_259 = call i5 @_ssdm_op_PartSelect.i5.i125.i32.i32(i125 %svs_V_4_load, i32 120, i32 124)" [ADSD/Classifier.cpp:68->ADSD/Classifier.cpp:133]   --->   Operation 721 'partselect' 'tmp_259' <Predicate = (!exitcond4_i)> <Delay = 0.00>
ST_4 : Operation 722 [1/1] (0.00ns)   --->   "%tmp_260 = call i5 @_ssdm_op_PartSelect.i5.i125.i32.i32(i125 %svs_V_5_load, i32 120, i32 124)" [ADSD/Classifier.cpp:68->ADSD/Classifier.cpp:133]   --->   Operation 722 'partselect' 'tmp_260' <Predicate = (!exitcond4_i)> <Delay = 0.00>
ST_4 : Operation 723 [1/1] (0.00ns)   --->   "%tmp_262 = call i6 @_ssdm_op_PartSelect.i6.i126.i32.i32(i126 %svs_V_6_load, i32 120, i32 125)" [ADSD/Classifier.cpp:68->ADSD/Classifier.cpp:133]   --->   Operation 723 'partselect' 'tmp_262' <Predicate = (!exitcond4_i)> <Delay = 0.00>
ST_4 : Operation 724 [1/1] (0.00ns)   --->   "%tmp_263 = call i5 @_ssdm_op_PartSelect.i5.i125.i32.i32(i125 %svs_V_7_load, i32 120, i32 124)" [ADSD/Classifier.cpp:68->ADSD/Classifier.cpp:133]   --->   Operation 724 'partselect' 'tmp_263' <Predicate = (!exitcond4_i)> <Delay = 0.00>
ST_4 : Operation 725 [1/1] (0.00ns)   --->   "%tmp_316_i = call i8 @_ssdm_op_PartSelect.i8.i128.i32.i32(i128 %svs_V_8_load, i32 120, i32 127)" [ADSD/Classifier.cpp:68->ADSD/Classifier.cpp:133]   --->   Operation 725 'partselect' 'tmp_316_i' <Predicate = (!exitcond4_i)> <Delay = 0.00>
ST_4 : Operation 726 [1/1] (0.00ns)   --->   "%tmp_264 = call i6 @_ssdm_op_PartSelect.i6.i126.i32.i32(i126 %svs_V_9_load, i32 120, i32 125)" [ADSD/Classifier.cpp:68->ADSD/Classifier.cpp:133]   --->   Operation 726 'partselect' 'tmp_264' <Predicate = (!exitcond4_i)> <Delay = 0.00>
ST_4 : Operation 727 [1/1] (0.00ns)   --->   "%tmp_265 = call i5 @_ssdm_op_PartSelect.i5.i125.i32.i32(i125 %svs_V_10_load, i32 120, i32 124)" [ADSD/Classifier.cpp:68->ADSD/Classifier.cpp:133]   --->   Operation 727 'partselect' 'tmp_265' <Predicate = (!exitcond4_i)> <Delay = 0.00>
ST_4 : Operation 728 [1/1] (0.00ns)   --->   "%tmp_266 = call i5 @_ssdm_op_PartSelect.i5.i125.i32.i32(i125 %svs_V_11_load, i32 120, i32 124)" [ADSD/Classifier.cpp:68->ADSD/Classifier.cpp:133]   --->   Operation 728 'partselect' 'tmp_266' <Predicate = (!exitcond4_i)> <Delay = 0.00>
ST_4 : Operation 729 [1/1] (0.00ns)   --->   "%tmp_267 = call i6 @_ssdm_op_PartSelect.i6.i126.i32.i32(i126 %svs_V_12_load, i32 120, i32 125)" [ADSD/Classifier.cpp:68->ADSD/Classifier.cpp:133]   --->   Operation 729 'partselect' 'tmp_267' <Predicate = (!exitcond4_i)> <Delay = 0.00>
ST_4 : Operation 730 [1/1] (0.00ns)   --->   "%tmp_268 = call i7 @_ssdm_op_PartSelect.i7.i127.i32.i32(i127 %svs_V_13_load, i32 120, i32 126)" [ADSD/Classifier.cpp:68->ADSD/Classifier.cpp:133]   --->   Operation 730 'partselect' 'tmp_268' <Predicate = (!exitcond4_i)> <Delay = 0.00>
ST_4 : Operation 731 [1/1] (0.00ns)   --->   "%tmp_270 = call i6 @_ssdm_op_PartSelect.i6.i126.i32.i32(i126 %svs_V_14_load, i32 120, i32 125)" [ADSD/Classifier.cpp:68->ADSD/Classifier.cpp:133]   --->   Operation 731 'partselect' 'tmp_270' <Predicate = (!exitcond4_i)> <Delay = 0.00>
ST_4 : Operation 732 [1/1] (0.00ns)   --->   "%tmp_323_i = call i8 @_ssdm_op_PartSelect.i8.i128.i32.i32(i128 %svs_V_15_load, i32 120, i32 127)" [ADSD/Classifier.cpp:68->ADSD/Classifier.cpp:133]   --->   Operation 732 'partselect' 'tmp_323_i' <Predicate = (!exitcond4_i)> <Delay = 0.00>

State 5 <SV = 4> <Delay = 6.66>
ST_5 : Operation 733 [1/1] (0.00ns)   --->   "%tmp_24_0_i = call i30 @_ssdm_op_BitConcatenate.i30.i16.i14(i16 %r_V_0_i, i14 0)" [ADSD/Classifier.cpp:71->ADSD/Classifier.cpp:133]   --->   Operation 733 'bitconcatenate' 'tmp_24_0_i' <Predicate = (!exitcond4_i)> <Delay = 0.00>
ST_5 : Operation 734 [1/1] (0.00ns)   --->   "%tmp_24_0_cast_i_cast = sext i30 %tmp_24_0_i to i31" [ADSD/Classifier.cpp:71->ADSD/Classifier.cpp:133]   --->   Operation 734 'sext' 'tmp_24_0_cast_i_cast' <Predicate = (!exitcond4_i)> <Delay = 0.00>
ST_5 : Operation 735 [1/1] (0.00ns)   --->   "%tmp_24_0_1_i = call i30 @_ssdm_op_BitConcatenate.i30.i16.i14(i16 %r_V_0_1_i, i14 0)" [ADSD/Classifier.cpp:71->ADSD/Classifier.cpp:133]   --->   Operation 735 'bitconcatenate' 'tmp_24_0_1_i' <Predicate = (!exitcond4_i)> <Delay = 0.00>
ST_5 : Operation 736 [1/1] (0.00ns)   --->   "%tmp_24_0_1_cast_i_ca = sext i30 %tmp_24_0_1_i to i31" [ADSD/Classifier.cpp:71->ADSD/Classifier.cpp:133]   --->   Operation 736 'sext' 'tmp_24_0_1_cast_i_ca' <Predicate = (!exitcond4_i)> <Delay = 0.00>
ST_5 : Operation 737 [1/1] (0.00ns)   --->   "%tmp_24_0_2_i = call i30 @_ssdm_op_BitConcatenate.i30.i16.i14(i16 %r_V_0_2_i, i14 0)" [ADSD/Classifier.cpp:71->ADSD/Classifier.cpp:133]   --->   Operation 737 'bitconcatenate' 'tmp_24_0_2_i' <Predicate = (!exitcond4_i)> <Delay = 0.00>
ST_5 : Operation 738 [1/1] (0.00ns)   --->   "%tmp_24_0_2_cast_i_ca = sext i30 %tmp_24_0_2_i to i31" [ADSD/Classifier.cpp:71->ADSD/Classifier.cpp:133]   --->   Operation 738 'sext' 'tmp_24_0_2_cast_i_ca' <Predicate = (!exitcond4_i)> <Delay = 0.00>
ST_5 : Operation 739 [1/1] (0.00ns)   --->   "%tmp_24_0_3_i = call i30 @_ssdm_op_BitConcatenate.i30.i16.i14(i16 %r_V_0_3_i, i14 0)" [ADSD/Classifier.cpp:71->ADSD/Classifier.cpp:133]   --->   Operation 739 'bitconcatenate' 'tmp_24_0_3_i' <Predicate = (!exitcond4_i)> <Delay = 0.00>
ST_5 : Operation 740 [1/1] (0.00ns)   --->   "%tmp_24_0_3_cast_i_ca = sext i30 %tmp_24_0_3_i to i31" [ADSD/Classifier.cpp:71->ADSD/Classifier.cpp:133]   --->   Operation 740 'sext' 'tmp_24_0_3_cast_i_ca' <Predicate = (!exitcond4_i)> <Delay = 0.00>
ST_5 : Operation 741 [1/1] (0.00ns)   --->   "%tmp_24_0_4_i = call i30 @_ssdm_op_BitConcatenate.i30.i16.i14(i16 %r_V_0_4_i, i14 0)" [ADSD/Classifier.cpp:71->ADSD/Classifier.cpp:133]   --->   Operation 741 'bitconcatenate' 'tmp_24_0_4_i' <Predicate = (!exitcond4_i)> <Delay = 0.00>
ST_5 : Operation 742 [1/1] (0.00ns)   --->   "%tmp_24_0_4_cast_i_ca = sext i30 %tmp_24_0_4_i to i31" [ADSD/Classifier.cpp:71->ADSD/Classifier.cpp:133]   --->   Operation 742 'sext' 'tmp_24_0_4_cast_i_ca' <Predicate = (!exitcond4_i)> <Delay = 0.00>
ST_5 : Operation 743 [1/1] (0.00ns)   --->   "%tmp_24_0_5_i = call i30 @_ssdm_op_BitConcatenate.i30.i16.i14(i16 %r_V_0_5_i, i14 0)" [ADSD/Classifier.cpp:71->ADSD/Classifier.cpp:133]   --->   Operation 743 'bitconcatenate' 'tmp_24_0_5_i' <Predicate = (!exitcond4_i)> <Delay = 0.00>
ST_5 : Operation 744 [1/1] (0.00ns)   --->   "%tmp_24_0_5_cast_i_ca = sext i30 %tmp_24_0_5_i to i31" [ADSD/Classifier.cpp:71->ADSD/Classifier.cpp:133]   --->   Operation 744 'sext' 'tmp_24_0_5_cast_i_ca' <Predicate = (!exitcond4_i)> <Delay = 0.00>
ST_5 : Operation 745 [1/1] (0.00ns)   --->   "%tmp_24_0_6_i = call i30 @_ssdm_op_BitConcatenate.i30.i16.i14(i16 %r_V_0_6_i, i14 0)" [ADSD/Classifier.cpp:71->ADSD/Classifier.cpp:133]   --->   Operation 745 'bitconcatenate' 'tmp_24_0_6_i' <Predicate = (!exitcond4_i)> <Delay = 0.00>
ST_5 : Operation 746 [1/1] (0.00ns)   --->   "%tmp_24_0_6_cast_i_ca = sext i30 %tmp_24_0_6_i to i31" [ADSD/Classifier.cpp:71->ADSD/Classifier.cpp:133]   --->   Operation 746 'sext' 'tmp_24_0_6_cast_i_ca' <Predicate = (!exitcond4_i)> <Delay = 0.00>
ST_5 : Operation 747 [1/1] (0.00ns)   --->   "%tmp_24_0_7_i = call i30 @_ssdm_op_BitConcatenate.i30.i16.i14(i16 %r_V_0_7_i, i14 0)" [ADSD/Classifier.cpp:71->ADSD/Classifier.cpp:133]   --->   Operation 747 'bitconcatenate' 'tmp_24_0_7_i' <Predicate = (!exitcond4_i)> <Delay = 0.00>
ST_5 : Operation 748 [1/1] (0.00ns)   --->   "%tmp_24_0_7_cast_i_ca = sext i30 %tmp_24_0_7_i to i31" [ADSD/Classifier.cpp:71->ADSD/Classifier.cpp:133]   --->   Operation 748 'sext' 'tmp_24_0_7_cast_i_ca' <Predicate = (!exitcond4_i)> <Delay = 0.00>
ST_5 : Operation 749 [1/1] (0.00ns)   --->   "%tmp_24_0_8_i = call i30 @_ssdm_op_BitConcatenate.i30.i16.i14(i16 %r_V_0_8_i, i14 0)" [ADSD/Classifier.cpp:71->ADSD/Classifier.cpp:133]   --->   Operation 749 'bitconcatenate' 'tmp_24_0_8_i' <Predicate = (!exitcond4_i)> <Delay = 0.00>
ST_5 : Operation 750 [1/1] (0.00ns)   --->   "%tmp_24_0_8_cast_i_ca = sext i30 %tmp_24_0_8_i to i31" [ADSD/Classifier.cpp:71->ADSD/Classifier.cpp:133]   --->   Operation 750 'sext' 'tmp_24_0_8_cast_i_ca' <Predicate = (!exitcond4_i)> <Delay = 0.00>
ST_5 : Operation 751 [1/1] (0.00ns)   --->   "%tmp_24_0_9_i = call i30 @_ssdm_op_BitConcatenate.i30.i16.i14(i16 %r_V_0_9_i, i14 0)" [ADSD/Classifier.cpp:71->ADSD/Classifier.cpp:133]   --->   Operation 751 'bitconcatenate' 'tmp_24_0_9_i' <Predicate = (!exitcond4_i)> <Delay = 0.00>
ST_5 : Operation 752 [1/1] (0.00ns)   --->   "%tmp_24_0_9_cast_i_ca = sext i30 %tmp_24_0_9_i to i31" [ADSD/Classifier.cpp:71->ADSD/Classifier.cpp:133]   --->   Operation 752 'sext' 'tmp_24_0_9_cast_i_ca' <Predicate = (!exitcond4_i)> <Delay = 0.00>
ST_5 : Operation 753 [1/1] (0.00ns)   --->   "%tmp_24_0_i_39 = call i30 @_ssdm_op_BitConcatenate.i30.i16.i14(i16 %r_V_0_i_38, i14 0)" [ADSD/Classifier.cpp:71->ADSD/Classifier.cpp:133]   --->   Operation 753 'bitconcatenate' 'tmp_24_0_i_39' <Predicate = (!exitcond4_i)> <Delay = 0.00>
ST_5 : Operation 754 [1/1] (0.00ns)   --->   "%tmp_24_0_cast_i_cas = sext i30 %tmp_24_0_i_39 to i31" [ADSD/Classifier.cpp:71->ADSD/Classifier.cpp:133]   --->   Operation 754 'sext' 'tmp_24_0_cast_i_cas' <Predicate = (!exitcond4_i)> <Delay = 0.00>
ST_5 : Operation 755 [1/1] (0.00ns)   --->   "%tmp_24_0_10_i = call i30 @_ssdm_op_BitConcatenate.i30.i16.i14(i16 %r_V_0_10_i, i14 0)" [ADSD/Classifier.cpp:71->ADSD/Classifier.cpp:133]   --->   Operation 755 'bitconcatenate' 'tmp_24_0_10_i' <Predicate = (!exitcond4_i)> <Delay = 0.00>
ST_5 : Operation 756 [1/1] (0.00ns)   --->   "%tmp_24_0_10_cast_i_c = sext i30 %tmp_24_0_10_i to i31" [ADSD/Classifier.cpp:71->ADSD/Classifier.cpp:133]   --->   Operation 756 'sext' 'tmp_24_0_10_cast_i_c' <Predicate = (!exitcond4_i)> <Delay = 0.00>
ST_5 : Operation 757 [1/1] (0.00ns)   --->   "%tmp_24_0_11_i = call i30 @_ssdm_op_BitConcatenate.i30.i16.i14(i16 %r_V_0_11_i, i14 0)" [ADSD/Classifier.cpp:71->ADSD/Classifier.cpp:133]   --->   Operation 757 'bitconcatenate' 'tmp_24_0_11_i' <Predicate = (!exitcond4_i)> <Delay = 0.00>
ST_5 : Operation 758 [1/1] (0.00ns)   --->   "%tmp_24_0_11_cast_i_c = sext i30 %tmp_24_0_11_i to i31" [ADSD/Classifier.cpp:71->ADSD/Classifier.cpp:133]   --->   Operation 758 'sext' 'tmp_24_0_11_cast_i_c' <Predicate = (!exitcond4_i)> <Delay = 0.00>
ST_5 : Operation 759 [1/1] (0.00ns)   --->   "%tmp_24_0_12_i = call i30 @_ssdm_op_BitConcatenate.i30.i16.i14(i16 %r_V_0_12_i, i14 0)" [ADSD/Classifier.cpp:71->ADSD/Classifier.cpp:133]   --->   Operation 759 'bitconcatenate' 'tmp_24_0_12_i' <Predicate = (!exitcond4_i)> <Delay = 0.00>
ST_5 : Operation 760 [1/1] (0.00ns)   --->   "%tmp_24_0_12_cast_i_c = sext i30 %tmp_24_0_12_i to i31" [ADSD/Classifier.cpp:71->ADSD/Classifier.cpp:133]   --->   Operation 760 'sext' 'tmp_24_0_12_cast_i_c' <Predicate = (!exitcond4_i)> <Delay = 0.00>
ST_5 : Operation 761 [1/1] (0.00ns)   --->   "%tmp_24_0_13_i = call i30 @_ssdm_op_BitConcatenate.i30.i16.i14(i16 %r_V_0_13_i, i14 0)" [ADSD/Classifier.cpp:71->ADSD/Classifier.cpp:133]   --->   Operation 761 'bitconcatenate' 'tmp_24_0_13_i' <Predicate = (!exitcond4_i)> <Delay = 0.00>
ST_5 : Operation 762 [1/1] (0.00ns)   --->   "%tmp_24_0_13_cast_i_c = sext i30 %tmp_24_0_13_i to i31" [ADSD/Classifier.cpp:71->ADSD/Classifier.cpp:133]   --->   Operation 762 'sext' 'tmp_24_0_13_cast_i_c' <Predicate = (!exitcond4_i)> <Delay = 0.00>
ST_5 : Operation 763 [1/1] (0.00ns)   --->   "%tmp_24_0_14_i = call i30 @_ssdm_op_BitConcatenate.i30.i16.i14(i16 %r_V_0_14_i, i14 0)" [ADSD/Classifier.cpp:71->ADSD/Classifier.cpp:133]   --->   Operation 763 'bitconcatenate' 'tmp_24_0_14_i' <Predicate = (!exitcond4_i)> <Delay = 0.00>
ST_5 : Operation 764 [1/1] (0.00ns)   --->   "%tmp_24_0_14_cast_i_c = sext i30 %tmp_24_0_14_i to i31" [ADSD/Classifier.cpp:73->ADSD/Classifier.cpp:133]   --->   Operation 764 'sext' 'tmp_24_0_14_cast_i_c' <Predicate = (!exitcond4_i)> <Delay = 0.00>
ST_5 : Operation 765 [1/1] (0.00ns)   --->   "%tmp_24_1_i = call i30 @_ssdm_op_BitConcatenate.i30.i16.i14(i16 %r_V_1_i, i14 0)" [ADSD/Classifier.cpp:71->ADSD/Classifier.cpp:133]   --->   Operation 765 'bitconcatenate' 'tmp_24_1_i' <Predicate = (!exitcond4_i)> <Delay = 0.00>
ST_5 : Operation 766 [1/1] (0.00ns)   --->   "%tmp_24_1_cast_i_cast = sext i30 %tmp_24_1_i to i31" [ADSD/Classifier.cpp:68->ADSD/Classifier.cpp:133]   --->   Operation 766 'sext' 'tmp_24_1_cast_i_cast' <Predicate = (!exitcond4_i)> <Delay = 0.00>
ST_5 : Operation 767 [1/1] (0.00ns)   --->   "%tmp_24_1_1_i = call i30 @_ssdm_op_BitConcatenate.i30.i16.i14(i16 %r_V_1_1_i, i14 0)" [ADSD/Classifier.cpp:71->ADSD/Classifier.cpp:133]   --->   Operation 767 'bitconcatenate' 'tmp_24_1_1_i' <Predicate = (!exitcond4_i)> <Delay = 0.00>
ST_5 : Operation 768 [1/1] (0.00ns)   --->   "%tmp_24_1_1_cast_i_ca = sext i30 %tmp_24_1_1_i to i31" [ADSD/Classifier.cpp:68->ADSD/Classifier.cpp:133]   --->   Operation 768 'sext' 'tmp_24_1_1_cast_i_ca' <Predicate = (!exitcond4_i)> <Delay = 0.00>
ST_5 : Operation 769 [1/1] (0.00ns)   --->   "%tmp_24_1_2_i = call i30 @_ssdm_op_BitConcatenate.i30.i16.i14(i16 %r_V_1_2_i, i14 0)" [ADSD/Classifier.cpp:71->ADSD/Classifier.cpp:133]   --->   Operation 769 'bitconcatenate' 'tmp_24_1_2_i' <Predicate = (!exitcond4_i)> <Delay = 0.00>
ST_5 : Operation 770 [1/1] (0.00ns)   --->   "%tmp_24_1_2_cast_i_ca = sext i30 %tmp_24_1_2_i to i31" [ADSD/Classifier.cpp:68->ADSD/Classifier.cpp:133]   --->   Operation 770 'sext' 'tmp_24_1_2_cast_i_ca' <Predicate = (!exitcond4_i)> <Delay = 0.00>
ST_5 : Operation 771 [1/1] (0.00ns)   --->   "%tmp_24_1_3_i = call i30 @_ssdm_op_BitConcatenate.i30.i16.i14(i16 %r_V_1_3_i, i14 0)" [ADSD/Classifier.cpp:71->ADSD/Classifier.cpp:133]   --->   Operation 771 'bitconcatenate' 'tmp_24_1_3_i' <Predicate = (!exitcond4_i)> <Delay = 0.00>
ST_5 : Operation 772 [1/1] (0.00ns)   --->   "%tmp_24_1_3_cast_i_ca = sext i30 %tmp_24_1_3_i to i31" [ADSD/Classifier.cpp:68->ADSD/Classifier.cpp:133]   --->   Operation 772 'sext' 'tmp_24_1_3_cast_i_ca' <Predicate = (!exitcond4_i)> <Delay = 0.00>
ST_5 : Operation 773 [1/1] (0.00ns)   --->   "%tmp_24_1_4_i = call i30 @_ssdm_op_BitConcatenate.i30.i16.i14(i16 %r_V_1_4_i, i14 0)" [ADSD/Classifier.cpp:71->ADSD/Classifier.cpp:133]   --->   Operation 773 'bitconcatenate' 'tmp_24_1_4_i' <Predicate = (!exitcond4_i)> <Delay = 0.00>
ST_5 : Operation 774 [1/1] (0.00ns)   --->   "%tmp_24_1_4_cast_i_ca = sext i30 %tmp_24_1_4_i to i31" [ADSD/Classifier.cpp:68->ADSD/Classifier.cpp:133]   --->   Operation 774 'sext' 'tmp_24_1_4_cast_i_ca' <Predicate = (!exitcond4_i)> <Delay = 0.00>
ST_5 : Operation 775 [1/1] (0.00ns)   --->   "%tmp_24_1_5_i = call i30 @_ssdm_op_BitConcatenate.i30.i16.i14(i16 %r_V_1_5_i, i14 0)" [ADSD/Classifier.cpp:71->ADSD/Classifier.cpp:133]   --->   Operation 775 'bitconcatenate' 'tmp_24_1_5_i' <Predicate = (!exitcond4_i)> <Delay = 0.00>
ST_5 : Operation 776 [1/1] (0.00ns)   --->   "%tmp_24_1_5_cast_i_ca = sext i30 %tmp_24_1_5_i to i31" [ADSD/Classifier.cpp:68->ADSD/Classifier.cpp:133]   --->   Operation 776 'sext' 'tmp_24_1_5_cast_i_ca' <Predicate = (!exitcond4_i)> <Delay = 0.00>
ST_5 : Operation 777 [1/1] (0.00ns)   --->   "%tmp_24_1_6_i = call i30 @_ssdm_op_BitConcatenate.i30.i16.i14(i16 %r_V_1_6_i, i14 0)" [ADSD/Classifier.cpp:71->ADSD/Classifier.cpp:133]   --->   Operation 777 'bitconcatenate' 'tmp_24_1_6_i' <Predicate = (!exitcond4_i)> <Delay = 0.00>
ST_5 : Operation 778 [1/1] (0.00ns)   --->   "%tmp_24_1_6_cast_i_ca = sext i30 %tmp_24_1_6_i to i31" [ADSD/Classifier.cpp:68->ADSD/Classifier.cpp:133]   --->   Operation 778 'sext' 'tmp_24_1_6_cast_i_ca' <Predicate = (!exitcond4_i)> <Delay = 0.00>
ST_5 : Operation 779 [1/1] (0.00ns)   --->   "%tmp_24_1_7_i = call i30 @_ssdm_op_BitConcatenate.i30.i16.i14(i16 %r_V_1_7_i, i14 0)" [ADSD/Classifier.cpp:71->ADSD/Classifier.cpp:133]   --->   Operation 779 'bitconcatenate' 'tmp_24_1_7_i' <Predicate = (!exitcond4_i)> <Delay = 0.00>
ST_5 : Operation 780 [1/1] (0.00ns)   --->   "%tmp_24_1_7_cast_i_ca = sext i30 %tmp_24_1_7_i to i31" [ADSD/Classifier.cpp:68->ADSD/Classifier.cpp:133]   --->   Operation 780 'sext' 'tmp_24_1_7_cast_i_ca' <Predicate = (!exitcond4_i)> <Delay = 0.00>
ST_5 : Operation 781 [1/1] (0.00ns)   --->   "%tmp_24_1_8_i = call i30 @_ssdm_op_BitConcatenate.i30.i16.i14(i16 %r_V_1_8_i, i14 0)" [ADSD/Classifier.cpp:71->ADSD/Classifier.cpp:133]   --->   Operation 781 'bitconcatenate' 'tmp_24_1_8_i' <Predicate = (!exitcond4_i)> <Delay = 0.00>
ST_5 : Operation 782 [1/1] (0.00ns)   --->   "%tmp_24_1_8_cast_i_ca = sext i30 %tmp_24_1_8_i to i31" [ADSD/Classifier.cpp:68->ADSD/Classifier.cpp:133]   --->   Operation 782 'sext' 'tmp_24_1_8_cast_i_ca' <Predicate = (!exitcond4_i)> <Delay = 0.00>
ST_5 : Operation 783 [1/1] (0.00ns)   --->   "%tmp_24_1_9_i = call i30 @_ssdm_op_BitConcatenate.i30.i16.i14(i16 %r_V_1_9_i, i14 0)" [ADSD/Classifier.cpp:71->ADSD/Classifier.cpp:133]   --->   Operation 783 'bitconcatenate' 'tmp_24_1_9_i' <Predicate = (!exitcond4_i)> <Delay = 0.00>
ST_5 : Operation 784 [1/1] (0.00ns)   --->   "%tmp_24_1_9_cast_i_ca = sext i30 %tmp_24_1_9_i to i31" [ADSD/Classifier.cpp:68->ADSD/Classifier.cpp:133]   --->   Operation 784 'sext' 'tmp_24_1_9_cast_i_ca' <Predicate = (!exitcond4_i)> <Delay = 0.00>
ST_5 : Operation 785 [1/1] (0.00ns)   --->   "%tmp_24_1_i_43 = call i30 @_ssdm_op_BitConcatenate.i30.i16.i14(i16 %r_V_1_i_42, i14 0)" [ADSD/Classifier.cpp:71->ADSD/Classifier.cpp:133]   --->   Operation 785 'bitconcatenate' 'tmp_24_1_i_43' <Predicate = (!exitcond4_i)> <Delay = 0.00>
ST_5 : Operation 786 [1/1] (0.00ns)   --->   "%tmp_24_1_cast_i_cas = sext i30 %tmp_24_1_i_43 to i31" [ADSD/Classifier.cpp:68->ADSD/Classifier.cpp:133]   --->   Operation 786 'sext' 'tmp_24_1_cast_i_cas' <Predicate = (!exitcond4_i)> <Delay = 0.00>
ST_5 : Operation 787 [1/1] (0.00ns)   --->   "%tmp_24_1_10_i = call i30 @_ssdm_op_BitConcatenate.i30.i16.i14(i16 %r_V_1_10_i, i14 0)" [ADSD/Classifier.cpp:71->ADSD/Classifier.cpp:133]   --->   Operation 787 'bitconcatenate' 'tmp_24_1_10_i' <Predicate = (!exitcond4_i)> <Delay = 0.00>
ST_5 : Operation 788 [1/1] (0.00ns)   --->   "%tmp_24_1_10_cast_i_c = sext i30 %tmp_24_1_10_i to i31" [ADSD/Classifier.cpp:68->ADSD/Classifier.cpp:133]   --->   Operation 788 'sext' 'tmp_24_1_10_cast_i_c' <Predicate = (!exitcond4_i)> <Delay = 0.00>
ST_5 : Operation 789 [1/1] (0.00ns)   --->   "%tmp_24_1_11_i = call i30 @_ssdm_op_BitConcatenate.i30.i16.i14(i16 %r_V_1_11_i, i14 0)" [ADSD/Classifier.cpp:71->ADSD/Classifier.cpp:133]   --->   Operation 789 'bitconcatenate' 'tmp_24_1_11_i' <Predicate = (!exitcond4_i)> <Delay = 0.00>
ST_5 : Operation 790 [1/1] (0.00ns)   --->   "%tmp_24_1_11_cast_i_c = sext i30 %tmp_24_1_11_i to i31" [ADSD/Classifier.cpp:68->ADSD/Classifier.cpp:133]   --->   Operation 790 'sext' 'tmp_24_1_11_cast_i_c' <Predicate = (!exitcond4_i)> <Delay = 0.00>
ST_5 : Operation 791 [1/1] (0.00ns)   --->   "%tmp_24_1_12_i = call i30 @_ssdm_op_BitConcatenate.i30.i16.i14(i16 %r_V_1_12_i, i14 0)" [ADSD/Classifier.cpp:71->ADSD/Classifier.cpp:133]   --->   Operation 791 'bitconcatenate' 'tmp_24_1_12_i' <Predicate = (!exitcond4_i)> <Delay = 0.00>
ST_5 : Operation 792 [1/1] (0.00ns)   --->   "%tmp_24_1_12_cast_i_c = sext i30 %tmp_24_1_12_i to i31" [ADSD/Classifier.cpp:68->ADSD/Classifier.cpp:133]   --->   Operation 792 'sext' 'tmp_24_1_12_cast_i_c' <Predicate = (!exitcond4_i)> <Delay = 0.00>
ST_5 : Operation 793 [1/1] (0.00ns)   --->   "%tmp_24_1_13_i = call i30 @_ssdm_op_BitConcatenate.i30.i16.i14(i16 %r_V_1_13_i, i14 0)" [ADSD/Classifier.cpp:71->ADSD/Classifier.cpp:133]   --->   Operation 793 'bitconcatenate' 'tmp_24_1_13_i' <Predicate = (!exitcond4_i)> <Delay = 0.00>
ST_5 : Operation 794 [1/1] (0.00ns)   --->   "%tmp_24_1_13_cast_i_c = sext i30 %tmp_24_1_13_i to i31" [ADSD/Classifier.cpp:68->ADSD/Classifier.cpp:133]   --->   Operation 794 'sext' 'tmp_24_1_13_cast_i_c' <Predicate = (!exitcond4_i)> <Delay = 0.00>
ST_5 : Operation 795 [1/1] (0.00ns)   --->   "%tmp_24_1_14_i = call i30 @_ssdm_op_BitConcatenate.i30.i16.i14(i16 %r_V_1_14_i, i14 0)" [ADSD/Classifier.cpp:71->ADSD/Classifier.cpp:133]   --->   Operation 795 'bitconcatenate' 'tmp_24_1_14_i' <Predicate = (!exitcond4_i)> <Delay = 0.00>
ST_5 : Operation 796 [1/1] (0.00ns)   --->   "%tmp_24_1_14_cast_i_c = sext i30 %tmp_24_1_14_i to i31" [ADSD/Classifier.cpp:71->ADSD/Classifier.cpp:133]   --->   Operation 796 'sext' 'tmp_24_1_14_cast_i_c' <Predicate = (!exitcond4_i)> <Delay = 0.00>
ST_5 : Operation 797 [1/1] (0.00ns)   --->   "%tmp_24_2_i = call i30 @_ssdm_op_BitConcatenate.i30.i16.i14(i16 %r_V_2_i, i14 0)" [ADSD/Classifier.cpp:71->ADSD/Classifier.cpp:133]   --->   Operation 797 'bitconcatenate' 'tmp_24_2_i' <Predicate = (!exitcond4_i)> <Delay = 0.00>
ST_5 : Operation 798 [1/1] (0.00ns)   --->   "%tmp_24_2_cast_i_cast = sext i30 %tmp_24_2_i to i31" [ADSD/Classifier.cpp:68->ADSD/Classifier.cpp:133]   --->   Operation 798 'sext' 'tmp_24_2_cast_i_cast' <Predicate = (!exitcond4_i)> <Delay = 0.00>
ST_5 : Operation 799 [1/1] (0.00ns)   --->   "%tmp_24_2_1_i = call i30 @_ssdm_op_BitConcatenate.i30.i16.i14(i16 %r_V_2_1_i, i14 0)" [ADSD/Classifier.cpp:71->ADSD/Classifier.cpp:133]   --->   Operation 799 'bitconcatenate' 'tmp_24_2_1_i' <Predicate = (!exitcond4_i)> <Delay = 0.00>
ST_5 : Operation 800 [1/1] (0.00ns)   --->   "%tmp_24_2_1_cast_i_ca = sext i30 %tmp_24_2_1_i to i31" [ADSD/Classifier.cpp:68->ADSD/Classifier.cpp:133]   --->   Operation 800 'sext' 'tmp_24_2_1_cast_i_ca' <Predicate = (!exitcond4_i)> <Delay = 0.00>
ST_5 : Operation 801 [1/1] (0.00ns)   --->   "%tmp_24_2_2_i = call i30 @_ssdm_op_BitConcatenate.i30.i16.i14(i16 %r_V_2_2_i, i14 0)" [ADSD/Classifier.cpp:71->ADSD/Classifier.cpp:133]   --->   Operation 801 'bitconcatenate' 'tmp_24_2_2_i' <Predicate = (!exitcond4_i)> <Delay = 0.00>
ST_5 : Operation 802 [1/1] (0.00ns)   --->   "%tmp_24_2_2_cast_i_ca = sext i30 %tmp_24_2_2_i to i31" [ADSD/Classifier.cpp:68->ADSD/Classifier.cpp:133]   --->   Operation 802 'sext' 'tmp_24_2_2_cast_i_ca' <Predicate = (!exitcond4_i)> <Delay = 0.00>
ST_5 : Operation 803 [1/1] (0.00ns)   --->   "%tmp_24_2_3_i = call i30 @_ssdm_op_BitConcatenate.i30.i16.i14(i16 %r_V_2_3_i, i14 0)" [ADSD/Classifier.cpp:71->ADSD/Classifier.cpp:133]   --->   Operation 803 'bitconcatenate' 'tmp_24_2_3_i' <Predicate = (!exitcond4_i)> <Delay = 0.00>
ST_5 : Operation 804 [1/1] (0.00ns)   --->   "%tmp_24_2_3_cast_i_ca = sext i30 %tmp_24_2_3_i to i31" [ADSD/Classifier.cpp:68->ADSD/Classifier.cpp:133]   --->   Operation 804 'sext' 'tmp_24_2_3_cast_i_ca' <Predicate = (!exitcond4_i)> <Delay = 0.00>
ST_5 : Operation 805 [1/1] (0.00ns)   --->   "%tmp_24_2_4_i = call i30 @_ssdm_op_BitConcatenate.i30.i16.i14(i16 %r_V_2_4_i, i14 0)" [ADSD/Classifier.cpp:71->ADSD/Classifier.cpp:133]   --->   Operation 805 'bitconcatenate' 'tmp_24_2_4_i' <Predicate = (!exitcond4_i)> <Delay = 0.00>
ST_5 : Operation 806 [1/1] (0.00ns)   --->   "%tmp_24_2_4_cast_i_ca = sext i30 %tmp_24_2_4_i to i31" [ADSD/Classifier.cpp:68->ADSD/Classifier.cpp:133]   --->   Operation 806 'sext' 'tmp_24_2_4_cast_i_ca' <Predicate = (!exitcond4_i)> <Delay = 0.00>
ST_5 : Operation 807 [1/1] (0.00ns)   --->   "%tmp_24_2_5_i = call i30 @_ssdm_op_BitConcatenate.i30.i16.i14(i16 %r_V_2_5_i, i14 0)" [ADSD/Classifier.cpp:71->ADSD/Classifier.cpp:133]   --->   Operation 807 'bitconcatenate' 'tmp_24_2_5_i' <Predicate = (!exitcond4_i)> <Delay = 0.00>
ST_5 : Operation 808 [1/1] (0.00ns)   --->   "%tmp_24_2_5_cast_i_ca = sext i30 %tmp_24_2_5_i to i31" [ADSD/Classifier.cpp:68->ADSD/Classifier.cpp:133]   --->   Operation 808 'sext' 'tmp_24_2_5_cast_i_ca' <Predicate = (!exitcond4_i)> <Delay = 0.00>
ST_5 : Operation 809 [1/1] (0.00ns)   --->   "%tmp_24_2_6_i = call i30 @_ssdm_op_BitConcatenate.i30.i16.i14(i16 %r_V_2_6_i, i14 0)" [ADSD/Classifier.cpp:71->ADSD/Classifier.cpp:133]   --->   Operation 809 'bitconcatenate' 'tmp_24_2_6_i' <Predicate = (!exitcond4_i)> <Delay = 0.00>
ST_5 : Operation 810 [1/1] (0.00ns)   --->   "%tmp_24_2_6_cast_i_ca = sext i30 %tmp_24_2_6_i to i31" [ADSD/Classifier.cpp:68->ADSD/Classifier.cpp:133]   --->   Operation 810 'sext' 'tmp_24_2_6_cast_i_ca' <Predicate = (!exitcond4_i)> <Delay = 0.00>
ST_5 : Operation 811 [1/1] (0.00ns)   --->   "%tmp_24_2_7_i = call i30 @_ssdm_op_BitConcatenate.i30.i16.i14(i16 %r_V_2_7_i, i14 0)" [ADSD/Classifier.cpp:71->ADSD/Classifier.cpp:133]   --->   Operation 811 'bitconcatenate' 'tmp_24_2_7_i' <Predicate = (!exitcond4_i)> <Delay = 0.00>
ST_5 : Operation 812 [1/1] (0.00ns)   --->   "%tmp_24_2_7_cast_i_ca = sext i30 %tmp_24_2_7_i to i31" [ADSD/Classifier.cpp:68->ADSD/Classifier.cpp:133]   --->   Operation 812 'sext' 'tmp_24_2_7_cast_i_ca' <Predicate = (!exitcond4_i)> <Delay = 0.00>
ST_5 : Operation 813 [1/1] (0.00ns)   --->   "%tmp_24_2_8_i = call i30 @_ssdm_op_BitConcatenate.i30.i16.i14(i16 %r_V_2_8_i, i14 0)" [ADSD/Classifier.cpp:71->ADSD/Classifier.cpp:133]   --->   Operation 813 'bitconcatenate' 'tmp_24_2_8_i' <Predicate = (!exitcond4_i)> <Delay = 0.00>
ST_5 : Operation 814 [1/1] (0.00ns)   --->   "%tmp_24_2_8_cast_i_ca = sext i30 %tmp_24_2_8_i to i31" [ADSD/Classifier.cpp:68->ADSD/Classifier.cpp:133]   --->   Operation 814 'sext' 'tmp_24_2_8_cast_i_ca' <Predicate = (!exitcond4_i)> <Delay = 0.00>
ST_5 : Operation 815 [1/1] (0.00ns)   --->   "%tmp_24_2_9_i = call i30 @_ssdm_op_BitConcatenate.i30.i16.i14(i16 %r_V_2_9_i, i14 0)" [ADSD/Classifier.cpp:71->ADSD/Classifier.cpp:133]   --->   Operation 815 'bitconcatenate' 'tmp_24_2_9_i' <Predicate = (!exitcond4_i)> <Delay = 0.00>
ST_5 : Operation 816 [1/1] (0.00ns)   --->   "%tmp_24_2_9_cast_i_ca = sext i30 %tmp_24_2_9_i to i31" [ADSD/Classifier.cpp:68->ADSD/Classifier.cpp:133]   --->   Operation 816 'sext' 'tmp_24_2_9_cast_i_ca' <Predicate = (!exitcond4_i)> <Delay = 0.00>
ST_5 : Operation 817 [1/1] (0.00ns)   --->   "%tmp_24_2_i_46 = call i30 @_ssdm_op_BitConcatenate.i30.i16.i14(i16 %r_V_2_i_45, i14 0)" [ADSD/Classifier.cpp:71->ADSD/Classifier.cpp:133]   --->   Operation 817 'bitconcatenate' 'tmp_24_2_i_46' <Predicate = (!exitcond4_i)> <Delay = 0.00>
ST_5 : Operation 818 [1/1] (0.00ns)   --->   "%tmp_24_2_cast_i_cas = sext i30 %tmp_24_2_i_46 to i31" [ADSD/Classifier.cpp:68->ADSD/Classifier.cpp:133]   --->   Operation 818 'sext' 'tmp_24_2_cast_i_cas' <Predicate = (!exitcond4_i)> <Delay = 0.00>
ST_5 : Operation 819 [1/1] (0.00ns)   --->   "%tmp_24_2_10_i = call i30 @_ssdm_op_BitConcatenate.i30.i16.i14(i16 %r_V_2_10_i, i14 0)" [ADSD/Classifier.cpp:71->ADSD/Classifier.cpp:133]   --->   Operation 819 'bitconcatenate' 'tmp_24_2_10_i' <Predicate = (!exitcond4_i)> <Delay = 0.00>
ST_5 : Operation 820 [1/1] (0.00ns)   --->   "%tmp_24_2_10_cast_i_c = sext i30 %tmp_24_2_10_i to i31" [ADSD/Classifier.cpp:68->ADSD/Classifier.cpp:133]   --->   Operation 820 'sext' 'tmp_24_2_10_cast_i_c' <Predicate = (!exitcond4_i)> <Delay = 0.00>
ST_5 : Operation 821 [1/1] (0.00ns)   --->   "%tmp_24_2_11_i = call i30 @_ssdm_op_BitConcatenate.i30.i16.i14(i16 %r_V_2_11_i, i14 0)" [ADSD/Classifier.cpp:71->ADSD/Classifier.cpp:133]   --->   Operation 821 'bitconcatenate' 'tmp_24_2_11_i' <Predicate = (!exitcond4_i)> <Delay = 0.00>
ST_5 : Operation 822 [1/1] (0.00ns)   --->   "%tmp_24_2_11_cast_i_c = sext i30 %tmp_24_2_11_i to i31" [ADSD/Classifier.cpp:68->ADSD/Classifier.cpp:133]   --->   Operation 822 'sext' 'tmp_24_2_11_cast_i_c' <Predicate = (!exitcond4_i)> <Delay = 0.00>
ST_5 : Operation 823 [1/1] (0.00ns)   --->   "%tmp_24_2_12_i = call i30 @_ssdm_op_BitConcatenate.i30.i16.i14(i16 %r_V_2_12_i, i14 0)" [ADSD/Classifier.cpp:71->ADSD/Classifier.cpp:133]   --->   Operation 823 'bitconcatenate' 'tmp_24_2_12_i' <Predicate = (!exitcond4_i)> <Delay = 0.00>
ST_5 : Operation 824 [1/1] (0.00ns)   --->   "%tmp_24_2_12_cast_i_c = sext i30 %tmp_24_2_12_i to i31" [ADSD/Classifier.cpp:68->ADSD/Classifier.cpp:133]   --->   Operation 824 'sext' 'tmp_24_2_12_cast_i_c' <Predicate = (!exitcond4_i)> <Delay = 0.00>
ST_5 : Operation 825 [1/1] (0.00ns)   --->   "%tmp_24_2_13_i = call i30 @_ssdm_op_BitConcatenate.i30.i16.i14(i16 %r_V_2_13_i, i14 0)" [ADSD/Classifier.cpp:71->ADSD/Classifier.cpp:133]   --->   Operation 825 'bitconcatenate' 'tmp_24_2_13_i' <Predicate = (!exitcond4_i)> <Delay = 0.00>
ST_5 : Operation 826 [1/1] (0.00ns)   --->   "%tmp_24_2_13_cast_i_c = sext i30 %tmp_24_2_13_i to i31" [ADSD/Classifier.cpp:68->ADSD/Classifier.cpp:133]   --->   Operation 826 'sext' 'tmp_24_2_13_cast_i_c' <Predicate = (!exitcond4_i)> <Delay = 0.00>
ST_5 : Operation 827 [1/1] (0.00ns)   --->   "%tmp_24_2_14_i = call i30 @_ssdm_op_BitConcatenate.i30.i16.i14(i16 %r_V_2_14_i, i14 0)" [ADSD/Classifier.cpp:71->ADSD/Classifier.cpp:133]   --->   Operation 827 'bitconcatenate' 'tmp_24_2_14_i' <Predicate = (!exitcond4_i)> <Delay = 0.00>
ST_5 : Operation 828 [1/1] (0.00ns)   --->   "%tmp_24_2_14_cast_i_c = sext i30 %tmp_24_2_14_i to i31" [ADSD/Classifier.cpp:71->ADSD/Classifier.cpp:133]   --->   Operation 828 'sext' 'tmp_24_2_14_cast_i_c' <Predicate = (!exitcond4_i)> <Delay = 0.00>
ST_5 : Operation 829 [1/1] (0.00ns)   --->   "%tmp_24_3_i = call i30 @_ssdm_op_BitConcatenate.i30.i16.i14(i16 %r_V_3_i, i14 0)" [ADSD/Classifier.cpp:71->ADSD/Classifier.cpp:133]   --->   Operation 829 'bitconcatenate' 'tmp_24_3_i' <Predicate = (!exitcond4_i)> <Delay = 0.00>
ST_5 : Operation 830 [1/1] (0.00ns)   --->   "%tmp_24_3_cast_i_cast = sext i30 %tmp_24_3_i to i31" [ADSD/Classifier.cpp:68->ADSD/Classifier.cpp:133]   --->   Operation 830 'sext' 'tmp_24_3_cast_i_cast' <Predicate = (!exitcond4_i)> <Delay = 0.00>
ST_5 : Operation 831 [1/1] (0.00ns)   --->   "%tmp_24_3_1_i = call i30 @_ssdm_op_BitConcatenate.i30.i16.i14(i16 %r_V_3_1_i, i14 0)" [ADSD/Classifier.cpp:71->ADSD/Classifier.cpp:133]   --->   Operation 831 'bitconcatenate' 'tmp_24_3_1_i' <Predicate = (!exitcond4_i)> <Delay = 0.00>
ST_5 : Operation 832 [1/1] (0.00ns)   --->   "%tmp_24_3_1_cast_i_ca = sext i30 %tmp_24_3_1_i to i31" [ADSD/Classifier.cpp:68->ADSD/Classifier.cpp:133]   --->   Operation 832 'sext' 'tmp_24_3_1_cast_i_ca' <Predicate = (!exitcond4_i)> <Delay = 0.00>
ST_5 : Operation 833 [1/1] (0.00ns)   --->   "%tmp_24_3_2_i = call i30 @_ssdm_op_BitConcatenate.i30.i16.i14(i16 %r_V_3_2_i, i14 0)" [ADSD/Classifier.cpp:71->ADSD/Classifier.cpp:133]   --->   Operation 833 'bitconcatenate' 'tmp_24_3_2_i' <Predicate = (!exitcond4_i)> <Delay = 0.00>
ST_5 : Operation 834 [1/1] (0.00ns)   --->   "%tmp_24_3_2_cast_i_ca = sext i30 %tmp_24_3_2_i to i31" [ADSD/Classifier.cpp:68->ADSD/Classifier.cpp:133]   --->   Operation 834 'sext' 'tmp_24_3_2_cast_i_ca' <Predicate = (!exitcond4_i)> <Delay = 0.00>
ST_5 : Operation 835 [1/1] (0.00ns)   --->   "%tmp_24_3_3_i = call i30 @_ssdm_op_BitConcatenate.i30.i16.i14(i16 %r_V_3_3_i, i14 0)" [ADSD/Classifier.cpp:71->ADSD/Classifier.cpp:133]   --->   Operation 835 'bitconcatenate' 'tmp_24_3_3_i' <Predicate = (!exitcond4_i)> <Delay = 0.00>
ST_5 : Operation 836 [1/1] (0.00ns)   --->   "%tmp_24_3_3_cast_i_ca = sext i30 %tmp_24_3_3_i to i31" [ADSD/Classifier.cpp:68->ADSD/Classifier.cpp:133]   --->   Operation 836 'sext' 'tmp_24_3_3_cast_i_ca' <Predicate = (!exitcond4_i)> <Delay = 0.00>
ST_5 : Operation 837 [1/1] (0.00ns)   --->   "%tmp_24_3_4_i = call i30 @_ssdm_op_BitConcatenate.i30.i16.i14(i16 %r_V_3_4_i, i14 0)" [ADSD/Classifier.cpp:71->ADSD/Classifier.cpp:133]   --->   Operation 837 'bitconcatenate' 'tmp_24_3_4_i' <Predicate = (!exitcond4_i)> <Delay = 0.00>
ST_5 : Operation 838 [1/1] (0.00ns)   --->   "%tmp_24_3_4_cast_i_ca = sext i30 %tmp_24_3_4_i to i31" [ADSD/Classifier.cpp:68->ADSD/Classifier.cpp:133]   --->   Operation 838 'sext' 'tmp_24_3_4_cast_i_ca' <Predicate = (!exitcond4_i)> <Delay = 0.00>
ST_5 : Operation 839 [1/1] (0.00ns)   --->   "%tmp_24_3_5_i = call i30 @_ssdm_op_BitConcatenate.i30.i16.i14(i16 %r_V_3_5_i, i14 0)" [ADSD/Classifier.cpp:71->ADSD/Classifier.cpp:133]   --->   Operation 839 'bitconcatenate' 'tmp_24_3_5_i' <Predicate = (!exitcond4_i)> <Delay = 0.00>
ST_5 : Operation 840 [1/1] (0.00ns)   --->   "%tmp_24_3_5_cast_i_ca = sext i30 %tmp_24_3_5_i to i31" [ADSD/Classifier.cpp:68->ADSD/Classifier.cpp:133]   --->   Operation 840 'sext' 'tmp_24_3_5_cast_i_ca' <Predicate = (!exitcond4_i)> <Delay = 0.00>
ST_5 : Operation 841 [1/1] (0.00ns)   --->   "%tmp_24_3_6_i = call i30 @_ssdm_op_BitConcatenate.i30.i16.i14(i16 %r_V_3_6_i, i14 0)" [ADSD/Classifier.cpp:71->ADSD/Classifier.cpp:133]   --->   Operation 841 'bitconcatenate' 'tmp_24_3_6_i' <Predicate = (!exitcond4_i)> <Delay = 0.00>
ST_5 : Operation 842 [1/1] (0.00ns)   --->   "%tmp_24_3_6_cast_i_ca = sext i30 %tmp_24_3_6_i to i31" [ADSD/Classifier.cpp:68->ADSD/Classifier.cpp:133]   --->   Operation 842 'sext' 'tmp_24_3_6_cast_i_ca' <Predicate = (!exitcond4_i)> <Delay = 0.00>
ST_5 : Operation 843 [1/1] (0.00ns)   --->   "%tmp_24_3_7_i = call i30 @_ssdm_op_BitConcatenate.i30.i16.i14(i16 %r_V_3_7_i, i14 0)" [ADSD/Classifier.cpp:71->ADSD/Classifier.cpp:133]   --->   Operation 843 'bitconcatenate' 'tmp_24_3_7_i' <Predicate = (!exitcond4_i)> <Delay = 0.00>
ST_5 : Operation 844 [1/1] (0.00ns)   --->   "%tmp_24_3_7_cast_i_ca = sext i30 %tmp_24_3_7_i to i31" [ADSD/Classifier.cpp:68->ADSD/Classifier.cpp:133]   --->   Operation 844 'sext' 'tmp_24_3_7_cast_i_ca' <Predicate = (!exitcond4_i)> <Delay = 0.00>
ST_5 : Operation 845 [1/1] (0.00ns)   --->   "%tmp_24_3_8_i = call i30 @_ssdm_op_BitConcatenate.i30.i16.i14(i16 %r_V_3_8_i, i14 0)" [ADSD/Classifier.cpp:71->ADSD/Classifier.cpp:133]   --->   Operation 845 'bitconcatenate' 'tmp_24_3_8_i' <Predicate = (!exitcond4_i)> <Delay = 0.00>
ST_5 : Operation 846 [1/1] (0.00ns)   --->   "%tmp_24_3_8_cast_i_ca = sext i30 %tmp_24_3_8_i to i31" [ADSD/Classifier.cpp:68->ADSD/Classifier.cpp:133]   --->   Operation 846 'sext' 'tmp_24_3_8_cast_i_ca' <Predicate = (!exitcond4_i)> <Delay = 0.00>
ST_5 : Operation 847 [1/1] (0.00ns)   --->   "%tmp_24_3_9_i = call i30 @_ssdm_op_BitConcatenate.i30.i16.i14(i16 %r_V_3_9_i, i14 0)" [ADSD/Classifier.cpp:71->ADSD/Classifier.cpp:133]   --->   Operation 847 'bitconcatenate' 'tmp_24_3_9_i' <Predicate = (!exitcond4_i)> <Delay = 0.00>
ST_5 : Operation 848 [1/1] (0.00ns)   --->   "%tmp_24_3_9_cast_i_ca = sext i30 %tmp_24_3_9_i to i31" [ADSD/Classifier.cpp:68->ADSD/Classifier.cpp:133]   --->   Operation 848 'sext' 'tmp_24_3_9_cast_i_ca' <Predicate = (!exitcond4_i)> <Delay = 0.00>
ST_5 : Operation 849 [1/1] (0.00ns)   --->   "%tmp_24_3_i_49 = call i30 @_ssdm_op_BitConcatenate.i30.i16.i14(i16 %r_V_3_i_48, i14 0)" [ADSD/Classifier.cpp:71->ADSD/Classifier.cpp:133]   --->   Operation 849 'bitconcatenate' 'tmp_24_3_i_49' <Predicate = (!exitcond4_i)> <Delay = 0.00>
ST_5 : Operation 850 [1/1] (0.00ns)   --->   "%tmp_24_3_cast_i_cas = sext i30 %tmp_24_3_i_49 to i31" [ADSD/Classifier.cpp:68->ADSD/Classifier.cpp:133]   --->   Operation 850 'sext' 'tmp_24_3_cast_i_cas' <Predicate = (!exitcond4_i)> <Delay = 0.00>
ST_5 : Operation 851 [1/1] (0.00ns)   --->   "%tmp_24_3_10_i = call i30 @_ssdm_op_BitConcatenate.i30.i16.i14(i16 %r_V_3_10_i, i14 0)" [ADSD/Classifier.cpp:71->ADSD/Classifier.cpp:133]   --->   Operation 851 'bitconcatenate' 'tmp_24_3_10_i' <Predicate = (!exitcond4_i)> <Delay = 0.00>
ST_5 : Operation 852 [1/1] (0.00ns)   --->   "%tmp_24_3_10_cast_i_c = sext i30 %tmp_24_3_10_i to i31" [ADSD/Classifier.cpp:68->ADSD/Classifier.cpp:133]   --->   Operation 852 'sext' 'tmp_24_3_10_cast_i_c' <Predicate = (!exitcond4_i)> <Delay = 0.00>
ST_5 : Operation 853 [1/1] (0.00ns)   --->   "%tmp_24_3_11_i = call i30 @_ssdm_op_BitConcatenate.i30.i16.i14(i16 %r_V_3_11_i, i14 0)" [ADSD/Classifier.cpp:71->ADSD/Classifier.cpp:133]   --->   Operation 853 'bitconcatenate' 'tmp_24_3_11_i' <Predicate = (!exitcond4_i)> <Delay = 0.00>
ST_5 : Operation 854 [1/1] (0.00ns)   --->   "%tmp_24_3_11_cast_i_c = sext i30 %tmp_24_3_11_i to i31" [ADSD/Classifier.cpp:68->ADSD/Classifier.cpp:133]   --->   Operation 854 'sext' 'tmp_24_3_11_cast_i_c' <Predicate = (!exitcond4_i)> <Delay = 0.00>
ST_5 : Operation 855 [1/1] (0.00ns)   --->   "%tmp_24_3_12_i = call i30 @_ssdm_op_BitConcatenate.i30.i16.i14(i16 %r_V_3_12_i, i14 0)" [ADSD/Classifier.cpp:71->ADSD/Classifier.cpp:133]   --->   Operation 855 'bitconcatenate' 'tmp_24_3_12_i' <Predicate = (!exitcond4_i)> <Delay = 0.00>
ST_5 : Operation 856 [1/1] (0.00ns)   --->   "%tmp_24_3_12_cast_i_c = sext i30 %tmp_24_3_12_i to i31" [ADSD/Classifier.cpp:68->ADSD/Classifier.cpp:133]   --->   Operation 856 'sext' 'tmp_24_3_12_cast_i_c' <Predicate = (!exitcond4_i)> <Delay = 0.00>
ST_5 : Operation 857 [1/1] (0.00ns)   --->   "%tmp_24_3_13_i = call i30 @_ssdm_op_BitConcatenate.i30.i16.i14(i16 %r_V_3_13_i, i14 0)" [ADSD/Classifier.cpp:71->ADSD/Classifier.cpp:133]   --->   Operation 857 'bitconcatenate' 'tmp_24_3_13_i' <Predicate = (!exitcond4_i)> <Delay = 0.00>
ST_5 : Operation 858 [1/1] (0.00ns)   --->   "%tmp_24_3_13_cast_i_c = sext i30 %tmp_24_3_13_i to i31" [ADSD/Classifier.cpp:68->ADSD/Classifier.cpp:133]   --->   Operation 858 'sext' 'tmp_24_3_13_cast_i_c' <Predicate = (!exitcond4_i)> <Delay = 0.00>
ST_5 : Operation 859 [1/1] (0.00ns)   --->   "%tmp_24_3_14_i = call i30 @_ssdm_op_BitConcatenate.i30.i16.i14(i16 %r_V_3_14_i, i14 0)" [ADSD/Classifier.cpp:71->ADSD/Classifier.cpp:133]   --->   Operation 859 'bitconcatenate' 'tmp_24_3_14_i' <Predicate = (!exitcond4_i)> <Delay = 0.00>
ST_5 : Operation 860 [1/1] (0.00ns)   --->   "%tmp_24_3_14_cast_i_c = sext i30 %tmp_24_3_14_i to i31" [ADSD/Classifier.cpp:71->ADSD/Classifier.cpp:133]   --->   Operation 860 'sext' 'tmp_24_3_14_cast_i_c' <Predicate = (!exitcond4_i)> <Delay = 0.00>
ST_5 : Operation 861 [1/1] (0.00ns)   --->   "%OP1_V_4_i = sext i8 %tmp_98_i to i16" [ADSD/Classifier.cpp:70->ADSD/Classifier.cpp:133]   --->   Operation 861 'sext' 'OP1_V_4_i' <Predicate = (!exitcond4_i)> <Delay = 0.00>
ST_5 : Operation 862 [1/1] (0.00ns)   --->   "%OP2_V_4_i = sext i8 %x_local_4_V_load to i16" [ADSD/Classifier.cpp:70->ADSD/Classifier.cpp:133]   --->   Operation 862 'sext' 'OP2_V_4_i' <Predicate = (!exitcond4_i)> <Delay = 0.00>
ST_5 : Operation 863 [1/1] (4.17ns)   --->   "%r_V_4_i = mul i16 %OP2_V_4_i, %OP1_V_4_i" [ADSD/Classifier.cpp:70->ADSD/Classifier.cpp:133]   --->   Operation 863 'mul' 'r_V_4_i' <Predicate = (!exitcond4_i)> <Delay = 4.17> <Core = "Mul">   --->   Core 16 'Mul' <Latency = 0> <II = 1> <Delay = 3.74> <FuncUnit> <Opcode : 'mul'> <InPorts = 2> <OutPorts = 1>
ST_5 : Operation 864 [1/1] (0.00ns)   --->   "%tmp_24_4_i = call i30 @_ssdm_op_BitConcatenate.i30.i16.i14(i16 %r_V_4_i, i14 0)" [ADSD/Classifier.cpp:71->ADSD/Classifier.cpp:133]   --->   Operation 864 'bitconcatenate' 'tmp_24_4_i' <Predicate = (!exitcond4_i)> <Delay = 0.00>
ST_5 : Operation 865 [1/1] (0.00ns)   --->   "%tmp_24_4_cast_i_cast = sext i30 %tmp_24_4_i to i31" [ADSD/Classifier.cpp:68->ADSD/Classifier.cpp:133]   --->   Operation 865 'sext' 'tmp_24_4_cast_i_cast' <Predicate = (!exitcond4_i)> <Delay = 0.00>
ST_5 : Operation 866 [1/1] (0.00ns)   --->   "%OP1_V_4_1_i = sext i8 %tmp_99_i to i16" [ADSD/Classifier.cpp:70->ADSD/Classifier.cpp:133]   --->   Operation 866 'sext' 'OP1_V_4_1_i' <Predicate = (!exitcond4_i)> <Delay = 0.00>
ST_5 : Operation 867 [1/1] (4.17ns)   --->   "%r_V_4_1_i = mul i16 %OP2_V_4_i, %OP1_V_4_1_i" [ADSD/Classifier.cpp:70->ADSD/Classifier.cpp:133]   --->   Operation 867 'mul' 'r_V_4_1_i' <Predicate = (!exitcond4_i)> <Delay = 4.17> <Core = "Mul">   --->   Core 16 'Mul' <Latency = 0> <II = 1> <Delay = 3.74> <FuncUnit> <Opcode : 'mul'> <InPorts = 2> <OutPorts = 1>
ST_5 : Operation 868 [1/1] (0.00ns)   --->   "%tmp_24_4_1_i = call i30 @_ssdm_op_BitConcatenate.i30.i16.i14(i16 %r_V_4_1_i, i14 0)" [ADSD/Classifier.cpp:71->ADSD/Classifier.cpp:133]   --->   Operation 868 'bitconcatenate' 'tmp_24_4_1_i' <Predicate = (!exitcond4_i)> <Delay = 0.00>
ST_5 : Operation 869 [1/1] (0.00ns)   --->   "%tmp_24_4_1_cast_i_ca = sext i30 %tmp_24_4_1_i to i31" [ADSD/Classifier.cpp:68->ADSD/Classifier.cpp:133]   --->   Operation 869 'sext' 'tmp_24_4_1_cast_i_ca' <Predicate = (!exitcond4_i)> <Delay = 0.00>
ST_5 : Operation 870 [1/1] (0.00ns)   --->   "%OP1_V_4_2_i = sext i8 %tmp_100_i to i16" [ADSD/Classifier.cpp:70->ADSD/Classifier.cpp:133]   --->   Operation 870 'sext' 'OP1_V_4_2_i' <Predicate = (!exitcond4_i)> <Delay = 0.00>
ST_5 : Operation 871 [1/1] (4.17ns)   --->   "%r_V_4_2_i = mul i16 %OP2_V_4_i, %OP1_V_4_2_i" [ADSD/Classifier.cpp:70->ADSD/Classifier.cpp:133]   --->   Operation 871 'mul' 'r_V_4_2_i' <Predicate = (!exitcond4_i)> <Delay = 4.17> <Core = "Mul">   --->   Core 16 'Mul' <Latency = 0> <II = 1> <Delay = 3.74> <FuncUnit> <Opcode : 'mul'> <InPorts = 2> <OutPorts = 1>
ST_5 : Operation 872 [1/1] (0.00ns)   --->   "%tmp_24_4_2_i = call i30 @_ssdm_op_BitConcatenate.i30.i16.i14(i16 %r_V_4_2_i, i14 0)" [ADSD/Classifier.cpp:71->ADSD/Classifier.cpp:133]   --->   Operation 872 'bitconcatenate' 'tmp_24_4_2_i' <Predicate = (!exitcond4_i)> <Delay = 0.00>
ST_5 : Operation 873 [1/1] (0.00ns)   --->   "%tmp_24_4_2_cast_i_ca = sext i30 %tmp_24_4_2_i to i31" [ADSD/Classifier.cpp:68->ADSD/Classifier.cpp:133]   --->   Operation 873 'sext' 'tmp_24_4_2_cast_i_ca' <Predicate = (!exitcond4_i)> <Delay = 0.00>
ST_5 : Operation 874 [1/1] (0.00ns)   --->   "%OP1_V_4_3_i = sext i8 %tmp_101_i to i16" [ADSD/Classifier.cpp:70->ADSD/Classifier.cpp:133]   --->   Operation 874 'sext' 'OP1_V_4_3_i' <Predicate = (!exitcond4_i)> <Delay = 0.00>
ST_5 : Operation 875 [1/1] (4.17ns)   --->   "%r_V_4_3_i = mul i16 %OP2_V_4_i, %OP1_V_4_3_i" [ADSD/Classifier.cpp:70->ADSD/Classifier.cpp:133]   --->   Operation 875 'mul' 'r_V_4_3_i' <Predicate = (!exitcond4_i)> <Delay = 4.17> <Core = "Mul">   --->   Core 16 'Mul' <Latency = 0> <II = 1> <Delay = 3.74> <FuncUnit> <Opcode : 'mul'> <InPorts = 2> <OutPorts = 1>
ST_5 : Operation 876 [1/1] (0.00ns)   --->   "%tmp_24_4_3_i = call i30 @_ssdm_op_BitConcatenate.i30.i16.i14(i16 %r_V_4_3_i, i14 0)" [ADSD/Classifier.cpp:71->ADSD/Classifier.cpp:133]   --->   Operation 876 'bitconcatenate' 'tmp_24_4_3_i' <Predicate = (!exitcond4_i)> <Delay = 0.00>
ST_5 : Operation 877 [1/1] (0.00ns)   --->   "%tmp_24_4_3_cast_i_ca = sext i30 %tmp_24_4_3_i to i31" [ADSD/Classifier.cpp:68->ADSD/Classifier.cpp:133]   --->   Operation 877 'sext' 'tmp_24_4_3_cast_i_ca' <Predicate = (!exitcond4_i)> <Delay = 0.00>
ST_5 : Operation 878 [1/1] (0.00ns)   --->   "%OP1_V_4_4_i = sext i8 %tmp_102_i to i16" [ADSD/Classifier.cpp:70->ADSD/Classifier.cpp:133]   --->   Operation 878 'sext' 'OP1_V_4_4_i' <Predicate = (!exitcond4_i)> <Delay = 0.00>
ST_5 : Operation 879 [1/1] (4.17ns)   --->   "%r_V_4_4_i = mul i16 %OP2_V_4_i, %OP1_V_4_4_i" [ADSD/Classifier.cpp:70->ADSD/Classifier.cpp:133]   --->   Operation 879 'mul' 'r_V_4_4_i' <Predicate = (!exitcond4_i)> <Delay = 4.17> <Core = "Mul">   --->   Core 16 'Mul' <Latency = 0> <II = 1> <Delay = 3.74> <FuncUnit> <Opcode : 'mul'> <InPorts = 2> <OutPorts = 1>
ST_5 : Operation 880 [1/1] (0.00ns)   --->   "%tmp_24_4_4_i = call i30 @_ssdm_op_BitConcatenate.i30.i16.i14(i16 %r_V_4_4_i, i14 0)" [ADSD/Classifier.cpp:71->ADSD/Classifier.cpp:133]   --->   Operation 880 'bitconcatenate' 'tmp_24_4_4_i' <Predicate = (!exitcond4_i)> <Delay = 0.00>
ST_5 : Operation 881 [1/1] (0.00ns)   --->   "%tmp_24_4_4_cast_i_ca = sext i30 %tmp_24_4_4_i to i31" [ADSD/Classifier.cpp:68->ADSD/Classifier.cpp:133]   --->   Operation 881 'sext' 'tmp_24_4_4_cast_i_ca' <Predicate = (!exitcond4_i)> <Delay = 0.00>
ST_5 : Operation 882 [1/1] (0.00ns)   --->   "%OP1_V_4_5_i = sext i8 %tmp_105_i to i16" [ADSD/Classifier.cpp:70->ADSD/Classifier.cpp:133]   --->   Operation 882 'sext' 'OP1_V_4_5_i' <Predicate = (!exitcond4_i)> <Delay = 0.00>
ST_5 : Operation 883 [1/1] (4.17ns)   --->   "%r_V_4_5_i = mul i16 %OP2_V_4_i, %OP1_V_4_5_i" [ADSD/Classifier.cpp:70->ADSD/Classifier.cpp:133]   --->   Operation 883 'mul' 'r_V_4_5_i' <Predicate = (!exitcond4_i)> <Delay = 4.17> <Core = "Mul">   --->   Core 16 'Mul' <Latency = 0> <II = 1> <Delay = 3.74> <FuncUnit> <Opcode : 'mul'> <InPorts = 2> <OutPorts = 1>
ST_5 : Operation 884 [1/1] (0.00ns)   --->   "%tmp_24_4_5_i = call i30 @_ssdm_op_BitConcatenate.i30.i16.i14(i16 %r_V_4_5_i, i14 0)" [ADSD/Classifier.cpp:71->ADSD/Classifier.cpp:133]   --->   Operation 884 'bitconcatenate' 'tmp_24_4_5_i' <Predicate = (!exitcond4_i)> <Delay = 0.00>
ST_5 : Operation 885 [1/1] (0.00ns)   --->   "%tmp_24_4_5_cast_i_ca = sext i30 %tmp_24_4_5_i to i31" [ADSD/Classifier.cpp:68->ADSD/Classifier.cpp:133]   --->   Operation 885 'sext' 'tmp_24_4_5_cast_i_ca' <Predicate = (!exitcond4_i)> <Delay = 0.00>
ST_5 : Operation 886 [1/1] (0.00ns)   --->   "%OP1_V_4_6_i = sext i8 %tmp_106_i to i16" [ADSD/Classifier.cpp:70->ADSD/Classifier.cpp:133]   --->   Operation 886 'sext' 'OP1_V_4_6_i' <Predicate = (!exitcond4_i)> <Delay = 0.00>
ST_5 : Operation 887 [1/1] (4.17ns)   --->   "%r_V_4_6_i = mul i16 %OP2_V_4_i, %OP1_V_4_6_i" [ADSD/Classifier.cpp:70->ADSD/Classifier.cpp:133]   --->   Operation 887 'mul' 'r_V_4_6_i' <Predicate = (!exitcond4_i)> <Delay = 4.17> <Core = "Mul">   --->   Core 16 'Mul' <Latency = 0> <II = 1> <Delay = 3.74> <FuncUnit> <Opcode : 'mul'> <InPorts = 2> <OutPorts = 1>
ST_5 : Operation 888 [1/1] (0.00ns)   --->   "%tmp_24_4_6_i = call i30 @_ssdm_op_BitConcatenate.i30.i16.i14(i16 %r_V_4_6_i, i14 0)" [ADSD/Classifier.cpp:71->ADSD/Classifier.cpp:133]   --->   Operation 888 'bitconcatenate' 'tmp_24_4_6_i' <Predicate = (!exitcond4_i)> <Delay = 0.00>
ST_5 : Operation 889 [1/1] (0.00ns)   --->   "%tmp_24_4_6_cast_i_ca = sext i30 %tmp_24_4_6_i to i31" [ADSD/Classifier.cpp:68->ADSD/Classifier.cpp:133]   --->   Operation 889 'sext' 'tmp_24_4_6_cast_i_ca' <Predicate = (!exitcond4_i)> <Delay = 0.00>
ST_5 : Operation 890 [1/1] (0.00ns)   --->   "%OP1_V_4_7_i = sext i8 %tmp_107_i to i16" [ADSD/Classifier.cpp:70->ADSD/Classifier.cpp:133]   --->   Operation 890 'sext' 'OP1_V_4_7_i' <Predicate = (!exitcond4_i)> <Delay = 0.00>
ST_5 : Operation 891 [1/1] (4.17ns)   --->   "%r_V_4_7_i = mul i16 %OP2_V_4_i, %OP1_V_4_7_i" [ADSD/Classifier.cpp:70->ADSD/Classifier.cpp:133]   --->   Operation 891 'mul' 'r_V_4_7_i' <Predicate = (!exitcond4_i)> <Delay = 4.17> <Core = "Mul">   --->   Core 16 'Mul' <Latency = 0> <II = 1> <Delay = 3.74> <FuncUnit> <Opcode : 'mul'> <InPorts = 2> <OutPorts = 1>
ST_5 : Operation 892 [1/1] (0.00ns)   --->   "%tmp_24_4_7_i = call i30 @_ssdm_op_BitConcatenate.i30.i16.i14(i16 %r_V_4_7_i, i14 0)" [ADSD/Classifier.cpp:71->ADSD/Classifier.cpp:133]   --->   Operation 892 'bitconcatenate' 'tmp_24_4_7_i' <Predicate = (!exitcond4_i)> <Delay = 0.00>
ST_5 : Operation 893 [1/1] (0.00ns)   --->   "%tmp_24_4_7_cast_i_ca = sext i30 %tmp_24_4_7_i to i31" [ADSD/Classifier.cpp:68->ADSD/Classifier.cpp:133]   --->   Operation 893 'sext' 'tmp_24_4_7_cast_i_ca' <Predicate = (!exitcond4_i)> <Delay = 0.00>
ST_5 : Operation 894 [1/1] (0.00ns)   --->   "%OP1_V_4_8_i = sext i8 %tmp_108_i to i16" [ADSD/Classifier.cpp:70->ADSD/Classifier.cpp:133]   --->   Operation 894 'sext' 'OP1_V_4_8_i' <Predicate = (!exitcond4_i)> <Delay = 0.00>
ST_5 : Operation 895 [1/1] (4.17ns)   --->   "%r_V_4_8_i = mul i16 %OP2_V_4_i, %OP1_V_4_8_i" [ADSD/Classifier.cpp:70->ADSD/Classifier.cpp:133]   --->   Operation 895 'mul' 'r_V_4_8_i' <Predicate = (!exitcond4_i)> <Delay = 4.17> <Core = "Mul">   --->   Core 16 'Mul' <Latency = 0> <II = 1> <Delay = 3.74> <FuncUnit> <Opcode : 'mul'> <InPorts = 2> <OutPorts = 1>
ST_5 : Operation 896 [1/1] (0.00ns)   --->   "%tmp_24_4_8_i = call i30 @_ssdm_op_BitConcatenate.i30.i16.i14(i16 %r_V_4_8_i, i14 0)" [ADSD/Classifier.cpp:71->ADSD/Classifier.cpp:133]   --->   Operation 896 'bitconcatenate' 'tmp_24_4_8_i' <Predicate = (!exitcond4_i)> <Delay = 0.00>
ST_5 : Operation 897 [1/1] (0.00ns)   --->   "%tmp_24_4_8_cast_i_ca = sext i30 %tmp_24_4_8_i to i31" [ADSD/Classifier.cpp:68->ADSD/Classifier.cpp:133]   --->   Operation 897 'sext' 'tmp_24_4_8_cast_i_ca' <Predicate = (!exitcond4_i)> <Delay = 0.00>
ST_5 : Operation 898 [1/1] (0.00ns)   --->   "%OP1_V_4_9_i = sext i8 %tmp_109_i to i16" [ADSD/Classifier.cpp:70->ADSD/Classifier.cpp:133]   --->   Operation 898 'sext' 'OP1_V_4_9_i' <Predicate = (!exitcond4_i)> <Delay = 0.00>
ST_5 : Operation 899 [1/1] (4.17ns)   --->   "%r_V_4_9_i = mul i16 %OP2_V_4_i, %OP1_V_4_9_i" [ADSD/Classifier.cpp:70->ADSD/Classifier.cpp:133]   --->   Operation 899 'mul' 'r_V_4_9_i' <Predicate = (!exitcond4_i)> <Delay = 4.17> <Core = "Mul">   --->   Core 16 'Mul' <Latency = 0> <II = 1> <Delay = 3.74> <FuncUnit> <Opcode : 'mul'> <InPorts = 2> <OutPorts = 1>
ST_5 : Operation 900 [1/1] (0.00ns)   --->   "%tmp_24_4_9_i = call i30 @_ssdm_op_BitConcatenate.i30.i16.i14(i16 %r_V_4_9_i, i14 0)" [ADSD/Classifier.cpp:71->ADSD/Classifier.cpp:133]   --->   Operation 900 'bitconcatenate' 'tmp_24_4_9_i' <Predicate = (!exitcond4_i)> <Delay = 0.00>
ST_5 : Operation 901 [1/1] (0.00ns)   --->   "%tmp_24_4_9_cast_i_ca = sext i30 %tmp_24_4_9_i to i31" [ADSD/Classifier.cpp:68->ADSD/Classifier.cpp:133]   --->   Operation 901 'sext' 'tmp_24_4_9_cast_i_ca' <Predicate = (!exitcond4_i)> <Delay = 0.00>
ST_5 : Operation 902 [1/1] (0.00ns)   --->   "%OP1_V_4_i_50 = sext i8 %tmp_110_i to i16" [ADSD/Classifier.cpp:70->ADSD/Classifier.cpp:133]   --->   Operation 902 'sext' 'OP1_V_4_i_50' <Predicate = (!exitcond4_i)> <Delay = 0.00>
ST_5 : Operation 903 [1/1] (4.17ns)   --->   "%r_V_4_i_51 = mul i16 %OP2_V_4_i, %OP1_V_4_i_50" [ADSD/Classifier.cpp:70->ADSD/Classifier.cpp:133]   --->   Operation 903 'mul' 'r_V_4_i_51' <Predicate = (!exitcond4_i)> <Delay = 4.17> <Core = "Mul">   --->   Core 16 'Mul' <Latency = 0> <II = 1> <Delay = 3.74> <FuncUnit> <Opcode : 'mul'> <InPorts = 2> <OutPorts = 1>
ST_5 : Operation 904 [1/1] (0.00ns)   --->   "%tmp_24_4_i_52 = call i30 @_ssdm_op_BitConcatenate.i30.i16.i14(i16 %r_V_4_i_51, i14 0)" [ADSD/Classifier.cpp:71->ADSD/Classifier.cpp:133]   --->   Operation 904 'bitconcatenate' 'tmp_24_4_i_52' <Predicate = (!exitcond4_i)> <Delay = 0.00>
ST_5 : Operation 905 [1/1] (0.00ns)   --->   "%tmp_24_4_cast_i_cas = sext i30 %tmp_24_4_i_52 to i31" [ADSD/Classifier.cpp:68->ADSD/Classifier.cpp:133]   --->   Operation 905 'sext' 'tmp_24_4_cast_i_cas' <Predicate = (!exitcond4_i)> <Delay = 0.00>
ST_5 : Operation 906 [1/1] (0.00ns)   --->   "%OP1_V_4_10_i = sext i8 %tmp_111_i to i16" [ADSD/Classifier.cpp:70->ADSD/Classifier.cpp:133]   --->   Operation 906 'sext' 'OP1_V_4_10_i' <Predicate = (!exitcond4_i)> <Delay = 0.00>
ST_5 : Operation 907 [1/1] (4.17ns)   --->   "%r_V_4_10_i = mul i16 %OP2_V_4_i, %OP1_V_4_10_i" [ADSD/Classifier.cpp:70->ADSD/Classifier.cpp:133]   --->   Operation 907 'mul' 'r_V_4_10_i' <Predicate = (!exitcond4_i)> <Delay = 4.17> <Core = "Mul">   --->   Core 16 'Mul' <Latency = 0> <II = 1> <Delay = 3.74> <FuncUnit> <Opcode : 'mul'> <InPorts = 2> <OutPorts = 1>
ST_5 : Operation 908 [1/1] (0.00ns)   --->   "%tmp_24_4_10_i = call i30 @_ssdm_op_BitConcatenate.i30.i16.i14(i16 %r_V_4_10_i, i14 0)" [ADSD/Classifier.cpp:71->ADSD/Classifier.cpp:133]   --->   Operation 908 'bitconcatenate' 'tmp_24_4_10_i' <Predicate = (!exitcond4_i)> <Delay = 0.00>
ST_5 : Operation 909 [1/1] (0.00ns)   --->   "%tmp_24_4_10_cast_i_c = sext i30 %tmp_24_4_10_i to i31" [ADSD/Classifier.cpp:68->ADSD/Classifier.cpp:133]   --->   Operation 909 'sext' 'tmp_24_4_10_cast_i_c' <Predicate = (!exitcond4_i)> <Delay = 0.00>
ST_5 : Operation 910 [1/1] (0.00ns)   --->   "%OP1_V_4_11_i = sext i8 %tmp_112_i to i16" [ADSD/Classifier.cpp:70->ADSD/Classifier.cpp:133]   --->   Operation 910 'sext' 'OP1_V_4_11_i' <Predicate = (!exitcond4_i)> <Delay = 0.00>
ST_5 : Operation 911 [1/1] (4.17ns)   --->   "%r_V_4_11_i = mul i16 %OP2_V_4_i, %OP1_V_4_11_i" [ADSD/Classifier.cpp:70->ADSD/Classifier.cpp:133]   --->   Operation 911 'mul' 'r_V_4_11_i' <Predicate = (!exitcond4_i)> <Delay = 4.17> <Core = "Mul">   --->   Core 16 'Mul' <Latency = 0> <II = 1> <Delay = 3.74> <FuncUnit> <Opcode : 'mul'> <InPorts = 2> <OutPorts = 1>
ST_5 : Operation 912 [1/1] (0.00ns)   --->   "%tmp_24_4_11_i = call i30 @_ssdm_op_BitConcatenate.i30.i16.i14(i16 %r_V_4_11_i, i14 0)" [ADSD/Classifier.cpp:71->ADSD/Classifier.cpp:133]   --->   Operation 912 'bitconcatenate' 'tmp_24_4_11_i' <Predicate = (!exitcond4_i)> <Delay = 0.00>
ST_5 : Operation 913 [1/1] (0.00ns)   --->   "%tmp_24_4_11_cast_i_c = sext i30 %tmp_24_4_11_i to i31" [ADSD/Classifier.cpp:68->ADSD/Classifier.cpp:133]   --->   Operation 913 'sext' 'tmp_24_4_11_cast_i_c' <Predicate = (!exitcond4_i)> <Delay = 0.00>
ST_5 : Operation 914 [1/1] (0.00ns)   --->   "%OP1_V_4_12_i = sext i8 %tmp_113_i to i16" [ADSD/Classifier.cpp:70->ADSD/Classifier.cpp:133]   --->   Operation 914 'sext' 'OP1_V_4_12_i' <Predicate = (!exitcond4_i)> <Delay = 0.00>
ST_5 : Operation 915 [1/1] (4.17ns)   --->   "%r_V_4_12_i = mul i16 %OP2_V_4_i, %OP1_V_4_12_i" [ADSD/Classifier.cpp:70->ADSD/Classifier.cpp:133]   --->   Operation 915 'mul' 'r_V_4_12_i' <Predicate = (!exitcond4_i)> <Delay = 4.17> <Core = "Mul">   --->   Core 16 'Mul' <Latency = 0> <II = 1> <Delay = 3.74> <FuncUnit> <Opcode : 'mul'> <InPorts = 2> <OutPorts = 1>
ST_5 : Operation 916 [1/1] (0.00ns)   --->   "%tmp_24_4_12_i = call i30 @_ssdm_op_BitConcatenate.i30.i16.i14(i16 %r_V_4_12_i, i14 0)" [ADSD/Classifier.cpp:71->ADSD/Classifier.cpp:133]   --->   Operation 916 'bitconcatenate' 'tmp_24_4_12_i' <Predicate = (!exitcond4_i)> <Delay = 0.00>
ST_5 : Operation 917 [1/1] (0.00ns)   --->   "%tmp_24_4_12_cast_i_c = sext i30 %tmp_24_4_12_i to i31" [ADSD/Classifier.cpp:68->ADSD/Classifier.cpp:133]   --->   Operation 917 'sext' 'tmp_24_4_12_cast_i_c' <Predicate = (!exitcond4_i)> <Delay = 0.00>
ST_5 : Operation 918 [1/1] (0.00ns)   --->   "%OP1_V_4_13_i = sext i8 %tmp_114_i to i16" [ADSD/Classifier.cpp:70->ADSD/Classifier.cpp:133]   --->   Operation 918 'sext' 'OP1_V_4_13_i' <Predicate = (!exitcond4_i)> <Delay = 0.00>
ST_5 : Operation 919 [1/1] (4.17ns)   --->   "%r_V_4_13_i = mul i16 %OP2_V_4_i, %OP1_V_4_13_i" [ADSD/Classifier.cpp:70->ADSD/Classifier.cpp:133]   --->   Operation 919 'mul' 'r_V_4_13_i' <Predicate = (!exitcond4_i)> <Delay = 4.17> <Core = "Mul">   --->   Core 16 'Mul' <Latency = 0> <II = 1> <Delay = 3.74> <FuncUnit> <Opcode : 'mul'> <InPorts = 2> <OutPorts = 1>
ST_5 : Operation 920 [1/1] (0.00ns)   --->   "%tmp_24_4_13_i = call i30 @_ssdm_op_BitConcatenate.i30.i16.i14(i16 %r_V_4_13_i, i14 0)" [ADSD/Classifier.cpp:71->ADSD/Classifier.cpp:133]   --->   Operation 920 'bitconcatenate' 'tmp_24_4_13_i' <Predicate = (!exitcond4_i)> <Delay = 0.00>
ST_5 : Operation 921 [1/1] (0.00ns)   --->   "%tmp_24_4_13_cast_i_c = sext i30 %tmp_24_4_13_i to i31" [ADSD/Classifier.cpp:68->ADSD/Classifier.cpp:133]   --->   Operation 921 'sext' 'tmp_24_4_13_cast_i_c' <Predicate = (!exitcond4_i)> <Delay = 0.00>
ST_5 : Operation 922 [1/1] (0.00ns)   --->   "%OP1_V_4_14_i = sext i8 %tmp_115_i to i16" [ADSD/Classifier.cpp:70->ADSD/Classifier.cpp:133]   --->   Operation 922 'sext' 'OP1_V_4_14_i' <Predicate = (!exitcond4_i)> <Delay = 0.00>
ST_5 : Operation 923 [1/1] (4.17ns)   --->   "%r_V_4_14_i = mul i16 %OP2_V_4_i, %OP1_V_4_14_i" [ADSD/Classifier.cpp:70->ADSD/Classifier.cpp:133]   --->   Operation 923 'mul' 'r_V_4_14_i' <Predicate = (!exitcond4_i)> <Delay = 4.17> <Core = "Mul">   --->   Core 16 'Mul' <Latency = 0> <II = 1> <Delay = 3.74> <FuncUnit> <Opcode : 'mul'> <InPorts = 2> <OutPorts = 1>
ST_5 : Operation 924 [1/1] (0.00ns)   --->   "%tmp_24_4_14_i = call i30 @_ssdm_op_BitConcatenate.i30.i16.i14(i16 %r_V_4_14_i, i14 0)" [ADSD/Classifier.cpp:71->ADSD/Classifier.cpp:133]   --->   Operation 924 'bitconcatenate' 'tmp_24_4_14_i' <Predicate = (!exitcond4_i)> <Delay = 0.00>
ST_5 : Operation 925 [1/1] (0.00ns)   --->   "%tmp_24_4_14_cast_i_c = sext i30 %tmp_24_4_14_i to i31" [ADSD/Classifier.cpp:71->ADSD/Classifier.cpp:133]   --->   Operation 925 'sext' 'tmp_24_4_14_cast_i_c' <Predicate = (!exitcond4_i)> <Delay = 0.00>
ST_5 : Operation 926 [1/1] (0.00ns)   --->   "%OP1_V_5_i = sext i8 %tmp_116_i to i16" [ADSD/Classifier.cpp:70->ADSD/Classifier.cpp:133]   --->   Operation 926 'sext' 'OP1_V_5_i' <Predicate = (!exitcond4_i)> <Delay = 0.00>
ST_5 : Operation 927 [1/1] (0.00ns)   --->   "%OP2_V_5_i = sext i8 %x_local_5_V_load to i16" [ADSD/Classifier.cpp:70->ADSD/Classifier.cpp:133]   --->   Operation 927 'sext' 'OP2_V_5_i' <Predicate = (!exitcond4_i)> <Delay = 0.00>
ST_5 : Operation 928 [1/1] (4.17ns)   --->   "%r_V_5_i = mul i16 %OP2_V_5_i, %OP1_V_5_i" [ADSD/Classifier.cpp:70->ADSD/Classifier.cpp:133]   --->   Operation 928 'mul' 'r_V_5_i' <Predicate = (!exitcond4_i)> <Delay = 4.17> <Core = "Mul">   --->   Core 16 'Mul' <Latency = 0> <II = 1> <Delay = 3.74> <FuncUnit> <Opcode : 'mul'> <InPorts = 2> <OutPorts = 1>
ST_5 : Operation 929 [1/1] (0.00ns)   --->   "%tmp_24_5_i = call i30 @_ssdm_op_BitConcatenate.i30.i16.i14(i16 %r_V_5_i, i14 0)" [ADSD/Classifier.cpp:71->ADSD/Classifier.cpp:133]   --->   Operation 929 'bitconcatenate' 'tmp_24_5_i' <Predicate = (!exitcond4_i)> <Delay = 0.00>
ST_5 : Operation 930 [1/1] (0.00ns)   --->   "%tmp_24_5_cast_i_cast = sext i30 %tmp_24_5_i to i31" [ADSD/Classifier.cpp:68->ADSD/Classifier.cpp:133]   --->   Operation 930 'sext' 'tmp_24_5_cast_i_cast' <Predicate = (!exitcond4_i)> <Delay = 0.00>
ST_5 : Operation 931 [1/1] (0.00ns)   --->   "%OP1_V_5_1_i = sext i8 %tmp_117_i to i16" [ADSD/Classifier.cpp:70->ADSD/Classifier.cpp:133]   --->   Operation 931 'sext' 'OP1_V_5_1_i' <Predicate = (!exitcond4_i)> <Delay = 0.00>
ST_5 : Operation 932 [1/1] (4.17ns)   --->   "%r_V_5_1_i = mul i16 %OP2_V_5_i, %OP1_V_5_1_i" [ADSD/Classifier.cpp:70->ADSD/Classifier.cpp:133]   --->   Operation 932 'mul' 'r_V_5_1_i' <Predicate = (!exitcond4_i)> <Delay = 4.17> <Core = "Mul">   --->   Core 16 'Mul' <Latency = 0> <II = 1> <Delay = 3.74> <FuncUnit> <Opcode : 'mul'> <InPorts = 2> <OutPorts = 1>
ST_5 : Operation 933 [1/1] (0.00ns)   --->   "%tmp_24_5_1_i = call i30 @_ssdm_op_BitConcatenate.i30.i16.i14(i16 %r_V_5_1_i, i14 0)" [ADSD/Classifier.cpp:71->ADSD/Classifier.cpp:133]   --->   Operation 933 'bitconcatenate' 'tmp_24_5_1_i' <Predicate = (!exitcond4_i)> <Delay = 0.00>
ST_5 : Operation 934 [1/1] (0.00ns)   --->   "%tmp_24_5_1_cast_i_ca = sext i30 %tmp_24_5_1_i to i31" [ADSD/Classifier.cpp:68->ADSD/Classifier.cpp:133]   --->   Operation 934 'sext' 'tmp_24_5_1_cast_i_ca' <Predicate = (!exitcond4_i)> <Delay = 0.00>
ST_5 : Operation 935 [1/1] (0.00ns)   --->   "%OP1_V_5_2_i = sext i8 %tmp_120_i to i16" [ADSD/Classifier.cpp:70->ADSD/Classifier.cpp:133]   --->   Operation 935 'sext' 'OP1_V_5_2_i' <Predicate = (!exitcond4_i)> <Delay = 0.00>
ST_5 : Operation 936 [1/1] (4.17ns)   --->   "%r_V_5_2_i = mul i16 %OP2_V_5_i, %OP1_V_5_2_i" [ADSD/Classifier.cpp:70->ADSD/Classifier.cpp:133]   --->   Operation 936 'mul' 'r_V_5_2_i' <Predicate = (!exitcond4_i)> <Delay = 4.17> <Core = "Mul">   --->   Core 16 'Mul' <Latency = 0> <II = 1> <Delay = 3.74> <FuncUnit> <Opcode : 'mul'> <InPorts = 2> <OutPorts = 1>
ST_5 : Operation 937 [1/1] (0.00ns)   --->   "%tmp_24_5_2_i = call i30 @_ssdm_op_BitConcatenate.i30.i16.i14(i16 %r_V_5_2_i, i14 0)" [ADSD/Classifier.cpp:71->ADSD/Classifier.cpp:133]   --->   Operation 937 'bitconcatenate' 'tmp_24_5_2_i' <Predicate = (!exitcond4_i)> <Delay = 0.00>
ST_5 : Operation 938 [1/1] (0.00ns)   --->   "%tmp_24_5_2_cast_i_ca = sext i30 %tmp_24_5_2_i to i31" [ADSD/Classifier.cpp:68->ADSD/Classifier.cpp:133]   --->   Operation 938 'sext' 'tmp_24_5_2_cast_i_ca' <Predicate = (!exitcond4_i)> <Delay = 0.00>
ST_5 : Operation 939 [1/1] (0.00ns)   --->   "%OP1_V_5_3_i = sext i8 %tmp_121_i to i16" [ADSD/Classifier.cpp:70->ADSD/Classifier.cpp:133]   --->   Operation 939 'sext' 'OP1_V_5_3_i' <Predicate = (!exitcond4_i)> <Delay = 0.00>
ST_5 : Operation 940 [1/1] (4.17ns)   --->   "%r_V_5_3_i = mul i16 %OP2_V_5_i, %OP1_V_5_3_i" [ADSD/Classifier.cpp:70->ADSD/Classifier.cpp:133]   --->   Operation 940 'mul' 'r_V_5_3_i' <Predicate = (!exitcond4_i)> <Delay = 4.17> <Core = "Mul">   --->   Core 16 'Mul' <Latency = 0> <II = 1> <Delay = 3.74> <FuncUnit> <Opcode : 'mul'> <InPorts = 2> <OutPorts = 1>
ST_5 : Operation 941 [1/1] (0.00ns)   --->   "%tmp_24_5_3_i = call i30 @_ssdm_op_BitConcatenate.i30.i16.i14(i16 %r_V_5_3_i, i14 0)" [ADSD/Classifier.cpp:71->ADSD/Classifier.cpp:133]   --->   Operation 941 'bitconcatenate' 'tmp_24_5_3_i' <Predicate = (!exitcond4_i)> <Delay = 0.00>
ST_5 : Operation 942 [1/1] (0.00ns)   --->   "%tmp_24_5_3_cast_i_ca = sext i30 %tmp_24_5_3_i to i31" [ADSD/Classifier.cpp:68->ADSD/Classifier.cpp:133]   --->   Operation 942 'sext' 'tmp_24_5_3_cast_i_ca' <Predicate = (!exitcond4_i)> <Delay = 0.00>
ST_5 : Operation 943 [1/1] (0.00ns)   --->   "%OP1_V_5_4_i = sext i8 %tmp_122_i to i16" [ADSD/Classifier.cpp:70->ADSD/Classifier.cpp:133]   --->   Operation 943 'sext' 'OP1_V_5_4_i' <Predicate = (!exitcond4_i)> <Delay = 0.00>
ST_5 : Operation 944 [1/1] (4.17ns)   --->   "%r_V_5_4_i = mul i16 %OP2_V_5_i, %OP1_V_5_4_i" [ADSD/Classifier.cpp:70->ADSD/Classifier.cpp:133]   --->   Operation 944 'mul' 'r_V_5_4_i' <Predicate = (!exitcond4_i)> <Delay = 4.17> <Core = "Mul">   --->   Core 16 'Mul' <Latency = 0> <II = 1> <Delay = 3.74> <FuncUnit> <Opcode : 'mul'> <InPorts = 2> <OutPorts = 1>
ST_5 : Operation 945 [1/1] (0.00ns)   --->   "%tmp_24_5_4_i = call i30 @_ssdm_op_BitConcatenate.i30.i16.i14(i16 %r_V_5_4_i, i14 0)" [ADSD/Classifier.cpp:71->ADSD/Classifier.cpp:133]   --->   Operation 945 'bitconcatenate' 'tmp_24_5_4_i' <Predicate = (!exitcond4_i)> <Delay = 0.00>
ST_5 : Operation 946 [1/1] (0.00ns)   --->   "%tmp_24_5_4_cast_i_ca = sext i30 %tmp_24_5_4_i to i31" [ADSD/Classifier.cpp:68->ADSD/Classifier.cpp:133]   --->   Operation 946 'sext' 'tmp_24_5_4_cast_i_ca' <Predicate = (!exitcond4_i)> <Delay = 0.00>
ST_5 : Operation 947 [1/1] (0.00ns)   --->   "%OP1_V_5_5_i = sext i8 %tmp_123_i to i16" [ADSD/Classifier.cpp:70->ADSD/Classifier.cpp:133]   --->   Operation 947 'sext' 'OP1_V_5_5_i' <Predicate = (!exitcond4_i)> <Delay = 0.00>
ST_5 : Operation 948 [1/1] (4.17ns)   --->   "%r_V_5_5_i = mul i16 %OP2_V_5_i, %OP1_V_5_5_i" [ADSD/Classifier.cpp:70->ADSD/Classifier.cpp:133]   --->   Operation 948 'mul' 'r_V_5_5_i' <Predicate = (!exitcond4_i)> <Delay = 4.17> <Core = "Mul">   --->   Core 16 'Mul' <Latency = 0> <II = 1> <Delay = 3.74> <FuncUnit> <Opcode : 'mul'> <InPorts = 2> <OutPorts = 1>
ST_5 : Operation 949 [1/1] (0.00ns)   --->   "%tmp_24_5_5_i = call i30 @_ssdm_op_BitConcatenate.i30.i16.i14(i16 %r_V_5_5_i, i14 0)" [ADSD/Classifier.cpp:71->ADSD/Classifier.cpp:133]   --->   Operation 949 'bitconcatenate' 'tmp_24_5_5_i' <Predicate = (!exitcond4_i)> <Delay = 0.00>
ST_5 : Operation 950 [1/1] (0.00ns)   --->   "%tmp_24_5_5_cast_i_ca = sext i30 %tmp_24_5_5_i to i31" [ADSD/Classifier.cpp:68->ADSD/Classifier.cpp:133]   --->   Operation 950 'sext' 'tmp_24_5_5_cast_i_ca' <Predicate = (!exitcond4_i)> <Delay = 0.00>
ST_5 : Operation 951 [1/1] (0.00ns)   --->   "%OP1_V_5_6_i = sext i8 %tmp_124_i to i16" [ADSD/Classifier.cpp:70->ADSD/Classifier.cpp:133]   --->   Operation 951 'sext' 'OP1_V_5_6_i' <Predicate = (!exitcond4_i)> <Delay = 0.00>
ST_5 : Operation 952 [1/1] (4.17ns)   --->   "%r_V_5_6_i = mul i16 %OP2_V_5_i, %OP1_V_5_6_i" [ADSD/Classifier.cpp:70->ADSD/Classifier.cpp:133]   --->   Operation 952 'mul' 'r_V_5_6_i' <Predicate = (!exitcond4_i)> <Delay = 4.17> <Core = "Mul">   --->   Core 16 'Mul' <Latency = 0> <II = 1> <Delay = 3.74> <FuncUnit> <Opcode : 'mul'> <InPorts = 2> <OutPorts = 1>
ST_5 : Operation 953 [1/1] (0.00ns)   --->   "%tmp_24_5_6_i = call i30 @_ssdm_op_BitConcatenate.i30.i16.i14(i16 %r_V_5_6_i, i14 0)" [ADSD/Classifier.cpp:71->ADSD/Classifier.cpp:133]   --->   Operation 953 'bitconcatenate' 'tmp_24_5_6_i' <Predicate = (!exitcond4_i)> <Delay = 0.00>
ST_5 : Operation 954 [1/1] (0.00ns)   --->   "%tmp_24_5_6_cast_i_ca = sext i30 %tmp_24_5_6_i to i31" [ADSD/Classifier.cpp:68->ADSD/Classifier.cpp:133]   --->   Operation 954 'sext' 'tmp_24_5_6_cast_i_ca' <Predicate = (!exitcond4_i)> <Delay = 0.00>
ST_5 : Operation 955 [1/1] (0.00ns)   --->   "%OP1_V_5_7_i = sext i8 %tmp_125_i to i16" [ADSD/Classifier.cpp:70->ADSD/Classifier.cpp:133]   --->   Operation 955 'sext' 'OP1_V_5_7_i' <Predicate = (!exitcond4_i)> <Delay = 0.00>
ST_5 : Operation 956 [1/1] (4.17ns)   --->   "%r_V_5_7_i = mul i16 %OP2_V_5_i, %OP1_V_5_7_i" [ADSD/Classifier.cpp:70->ADSD/Classifier.cpp:133]   --->   Operation 956 'mul' 'r_V_5_7_i' <Predicate = (!exitcond4_i)> <Delay = 4.17> <Core = "Mul">   --->   Core 16 'Mul' <Latency = 0> <II = 1> <Delay = 3.74> <FuncUnit> <Opcode : 'mul'> <InPorts = 2> <OutPorts = 1>
ST_5 : Operation 957 [1/1] (0.00ns)   --->   "%tmp_24_5_7_i = call i30 @_ssdm_op_BitConcatenate.i30.i16.i14(i16 %r_V_5_7_i, i14 0)" [ADSD/Classifier.cpp:71->ADSD/Classifier.cpp:133]   --->   Operation 957 'bitconcatenate' 'tmp_24_5_7_i' <Predicate = (!exitcond4_i)> <Delay = 0.00>
ST_5 : Operation 958 [1/1] (0.00ns)   --->   "%tmp_24_5_7_cast_i_ca = sext i30 %tmp_24_5_7_i to i31" [ADSD/Classifier.cpp:68->ADSD/Classifier.cpp:133]   --->   Operation 958 'sext' 'tmp_24_5_7_cast_i_ca' <Predicate = (!exitcond4_i)> <Delay = 0.00>
ST_5 : Operation 959 [1/1] (0.00ns)   --->   "%OP1_V_5_8_i = sext i8 %tmp_126_i to i16" [ADSD/Classifier.cpp:70->ADSD/Classifier.cpp:133]   --->   Operation 959 'sext' 'OP1_V_5_8_i' <Predicate = (!exitcond4_i)> <Delay = 0.00>
ST_5 : Operation 960 [1/1] (4.17ns)   --->   "%r_V_5_8_i = mul i16 %OP2_V_5_i, %OP1_V_5_8_i" [ADSD/Classifier.cpp:70->ADSD/Classifier.cpp:133]   --->   Operation 960 'mul' 'r_V_5_8_i' <Predicate = (!exitcond4_i)> <Delay = 4.17> <Core = "Mul">   --->   Core 16 'Mul' <Latency = 0> <II = 1> <Delay = 3.74> <FuncUnit> <Opcode : 'mul'> <InPorts = 2> <OutPorts = 1>
ST_5 : Operation 961 [1/1] (0.00ns)   --->   "%tmp_24_5_8_i = call i30 @_ssdm_op_BitConcatenate.i30.i16.i14(i16 %r_V_5_8_i, i14 0)" [ADSD/Classifier.cpp:71->ADSD/Classifier.cpp:133]   --->   Operation 961 'bitconcatenate' 'tmp_24_5_8_i' <Predicate = (!exitcond4_i)> <Delay = 0.00>
ST_5 : Operation 962 [1/1] (0.00ns)   --->   "%tmp_24_5_8_cast_i_ca = sext i30 %tmp_24_5_8_i to i31" [ADSD/Classifier.cpp:68->ADSD/Classifier.cpp:133]   --->   Operation 962 'sext' 'tmp_24_5_8_cast_i_ca' <Predicate = (!exitcond4_i)> <Delay = 0.00>
ST_5 : Operation 963 [1/1] (0.00ns)   --->   "%OP1_V_5_9_i = sext i8 %tmp_127_i to i16" [ADSD/Classifier.cpp:70->ADSD/Classifier.cpp:133]   --->   Operation 963 'sext' 'OP1_V_5_9_i' <Predicate = (!exitcond4_i)> <Delay = 0.00>
ST_5 : Operation 964 [1/1] (4.17ns)   --->   "%r_V_5_9_i = mul i16 %OP2_V_5_i, %OP1_V_5_9_i" [ADSD/Classifier.cpp:70->ADSD/Classifier.cpp:133]   --->   Operation 964 'mul' 'r_V_5_9_i' <Predicate = (!exitcond4_i)> <Delay = 4.17> <Core = "Mul">   --->   Core 16 'Mul' <Latency = 0> <II = 1> <Delay = 3.74> <FuncUnit> <Opcode : 'mul'> <InPorts = 2> <OutPorts = 1>
ST_5 : Operation 965 [1/1] (0.00ns)   --->   "%tmp_24_5_9_i = call i30 @_ssdm_op_BitConcatenate.i30.i16.i14(i16 %r_V_5_9_i, i14 0)" [ADSD/Classifier.cpp:71->ADSD/Classifier.cpp:133]   --->   Operation 965 'bitconcatenate' 'tmp_24_5_9_i' <Predicate = (!exitcond4_i)> <Delay = 0.00>
ST_5 : Operation 966 [1/1] (0.00ns)   --->   "%tmp_24_5_9_cast_i_ca = sext i30 %tmp_24_5_9_i to i31" [ADSD/Classifier.cpp:68->ADSD/Classifier.cpp:133]   --->   Operation 966 'sext' 'tmp_24_5_9_cast_i_ca' <Predicate = (!exitcond4_i)> <Delay = 0.00>
ST_5 : Operation 967 [1/1] (0.00ns)   --->   "%OP1_V_5_i_53 = sext i8 %tmp_128_i to i16" [ADSD/Classifier.cpp:70->ADSD/Classifier.cpp:133]   --->   Operation 967 'sext' 'OP1_V_5_i_53' <Predicate = (!exitcond4_i)> <Delay = 0.00>
ST_5 : Operation 968 [1/1] (4.17ns)   --->   "%r_V_5_i_54 = mul i16 %OP2_V_5_i, %OP1_V_5_i_53" [ADSD/Classifier.cpp:70->ADSD/Classifier.cpp:133]   --->   Operation 968 'mul' 'r_V_5_i_54' <Predicate = (!exitcond4_i)> <Delay = 4.17> <Core = "Mul">   --->   Core 16 'Mul' <Latency = 0> <II = 1> <Delay = 3.74> <FuncUnit> <Opcode : 'mul'> <InPorts = 2> <OutPorts = 1>
ST_5 : Operation 969 [1/1] (0.00ns)   --->   "%tmp_24_5_i_55 = call i30 @_ssdm_op_BitConcatenate.i30.i16.i14(i16 %r_V_5_i_54, i14 0)" [ADSD/Classifier.cpp:71->ADSD/Classifier.cpp:133]   --->   Operation 969 'bitconcatenate' 'tmp_24_5_i_55' <Predicate = (!exitcond4_i)> <Delay = 0.00>
ST_5 : Operation 970 [1/1] (0.00ns)   --->   "%tmp_24_5_cast_i_cas = sext i30 %tmp_24_5_i_55 to i31" [ADSD/Classifier.cpp:68->ADSD/Classifier.cpp:133]   --->   Operation 970 'sext' 'tmp_24_5_cast_i_cas' <Predicate = (!exitcond4_i)> <Delay = 0.00>
ST_5 : Operation 971 [1/1] (0.00ns)   --->   "%OP1_V_5_10_i = sext i8 %tmp_131_i to i16" [ADSD/Classifier.cpp:70->ADSD/Classifier.cpp:133]   --->   Operation 971 'sext' 'OP1_V_5_10_i' <Predicate = (!exitcond4_i)> <Delay = 0.00>
ST_5 : Operation 972 [1/1] (4.17ns)   --->   "%r_V_5_10_i = mul i16 %OP2_V_5_i, %OP1_V_5_10_i" [ADSD/Classifier.cpp:70->ADSD/Classifier.cpp:133]   --->   Operation 972 'mul' 'r_V_5_10_i' <Predicate = (!exitcond4_i)> <Delay = 4.17> <Core = "Mul">   --->   Core 16 'Mul' <Latency = 0> <II = 1> <Delay = 3.74> <FuncUnit> <Opcode : 'mul'> <InPorts = 2> <OutPorts = 1>
ST_5 : Operation 973 [1/1] (0.00ns)   --->   "%tmp_24_5_10_i = call i30 @_ssdm_op_BitConcatenate.i30.i16.i14(i16 %r_V_5_10_i, i14 0)" [ADSD/Classifier.cpp:71->ADSD/Classifier.cpp:133]   --->   Operation 973 'bitconcatenate' 'tmp_24_5_10_i' <Predicate = (!exitcond4_i)> <Delay = 0.00>
ST_5 : Operation 974 [1/1] (0.00ns)   --->   "%tmp_24_5_10_cast_i_c = sext i30 %tmp_24_5_10_i to i31" [ADSD/Classifier.cpp:68->ADSD/Classifier.cpp:133]   --->   Operation 974 'sext' 'tmp_24_5_10_cast_i_c' <Predicate = (!exitcond4_i)> <Delay = 0.00>
ST_5 : Operation 975 [1/1] (0.00ns)   --->   "%OP1_V_5_11_i = sext i8 %tmp_132_i to i16" [ADSD/Classifier.cpp:70->ADSD/Classifier.cpp:133]   --->   Operation 975 'sext' 'OP1_V_5_11_i' <Predicate = (!exitcond4_i)> <Delay = 0.00>
ST_5 : Operation 976 [1/1] (4.17ns)   --->   "%r_V_5_11_i = mul i16 %OP2_V_5_i, %OP1_V_5_11_i" [ADSD/Classifier.cpp:70->ADSD/Classifier.cpp:133]   --->   Operation 976 'mul' 'r_V_5_11_i' <Predicate = (!exitcond4_i)> <Delay = 4.17> <Core = "Mul">   --->   Core 16 'Mul' <Latency = 0> <II = 1> <Delay = 3.74> <FuncUnit> <Opcode : 'mul'> <InPorts = 2> <OutPorts = 1>
ST_5 : Operation 977 [1/1] (0.00ns)   --->   "%tmp_24_5_11_i = call i30 @_ssdm_op_BitConcatenate.i30.i16.i14(i16 %r_V_5_11_i, i14 0)" [ADSD/Classifier.cpp:71->ADSD/Classifier.cpp:133]   --->   Operation 977 'bitconcatenate' 'tmp_24_5_11_i' <Predicate = (!exitcond4_i)> <Delay = 0.00>
ST_5 : Operation 978 [1/1] (0.00ns)   --->   "%tmp_24_5_11_cast_i_c = sext i30 %tmp_24_5_11_i to i31" [ADSD/Classifier.cpp:68->ADSD/Classifier.cpp:133]   --->   Operation 978 'sext' 'tmp_24_5_11_cast_i_c' <Predicate = (!exitcond4_i)> <Delay = 0.00>
ST_5 : Operation 979 [1/1] (0.00ns)   --->   "%OP1_V_5_12_i = sext i8 %tmp_133_i to i16" [ADSD/Classifier.cpp:70->ADSD/Classifier.cpp:133]   --->   Operation 979 'sext' 'OP1_V_5_12_i' <Predicate = (!exitcond4_i)> <Delay = 0.00>
ST_5 : Operation 980 [1/1] (4.17ns)   --->   "%r_V_5_12_i = mul i16 %OP2_V_5_i, %OP1_V_5_12_i" [ADSD/Classifier.cpp:70->ADSD/Classifier.cpp:133]   --->   Operation 980 'mul' 'r_V_5_12_i' <Predicate = (!exitcond4_i)> <Delay = 4.17> <Core = "Mul">   --->   Core 16 'Mul' <Latency = 0> <II = 1> <Delay = 3.74> <FuncUnit> <Opcode : 'mul'> <InPorts = 2> <OutPorts = 1>
ST_5 : Operation 981 [1/1] (0.00ns)   --->   "%tmp_24_5_12_i = call i30 @_ssdm_op_BitConcatenate.i30.i16.i14(i16 %r_V_5_12_i, i14 0)" [ADSD/Classifier.cpp:71->ADSD/Classifier.cpp:133]   --->   Operation 981 'bitconcatenate' 'tmp_24_5_12_i' <Predicate = (!exitcond4_i)> <Delay = 0.00>
ST_5 : Operation 982 [1/1] (0.00ns)   --->   "%tmp_24_5_12_cast_i_c = sext i30 %tmp_24_5_12_i to i31" [ADSD/Classifier.cpp:68->ADSD/Classifier.cpp:133]   --->   Operation 982 'sext' 'tmp_24_5_12_cast_i_c' <Predicate = (!exitcond4_i)> <Delay = 0.00>
ST_5 : Operation 983 [1/1] (0.00ns)   --->   "%OP1_V_5_13_i = sext i8 %tmp_134_i to i16" [ADSD/Classifier.cpp:70->ADSD/Classifier.cpp:133]   --->   Operation 983 'sext' 'OP1_V_5_13_i' <Predicate = (!exitcond4_i)> <Delay = 0.00>
ST_5 : Operation 984 [1/1] (4.17ns)   --->   "%r_V_5_13_i = mul i16 %OP2_V_5_i, %OP1_V_5_13_i" [ADSD/Classifier.cpp:70->ADSD/Classifier.cpp:133]   --->   Operation 984 'mul' 'r_V_5_13_i' <Predicate = (!exitcond4_i)> <Delay = 4.17> <Core = "Mul">   --->   Core 16 'Mul' <Latency = 0> <II = 1> <Delay = 3.74> <FuncUnit> <Opcode : 'mul'> <InPorts = 2> <OutPorts = 1>
ST_5 : Operation 985 [1/1] (0.00ns)   --->   "%tmp_24_5_13_i = call i30 @_ssdm_op_BitConcatenate.i30.i16.i14(i16 %r_V_5_13_i, i14 0)" [ADSD/Classifier.cpp:71->ADSD/Classifier.cpp:133]   --->   Operation 985 'bitconcatenate' 'tmp_24_5_13_i' <Predicate = (!exitcond4_i)> <Delay = 0.00>
ST_5 : Operation 986 [1/1] (0.00ns)   --->   "%tmp_24_5_13_cast_i_c = sext i30 %tmp_24_5_13_i to i31" [ADSD/Classifier.cpp:68->ADSD/Classifier.cpp:133]   --->   Operation 986 'sext' 'tmp_24_5_13_cast_i_c' <Predicate = (!exitcond4_i)> <Delay = 0.00>
ST_5 : Operation 987 [1/1] (0.00ns)   --->   "%OP1_V_5_14_i = sext i8 %tmp_135_i to i16" [ADSD/Classifier.cpp:70->ADSD/Classifier.cpp:133]   --->   Operation 987 'sext' 'OP1_V_5_14_i' <Predicate = (!exitcond4_i)> <Delay = 0.00>
ST_5 : Operation 988 [1/1] (4.17ns)   --->   "%r_V_5_14_i = mul i16 %OP2_V_5_i, %OP1_V_5_14_i" [ADSD/Classifier.cpp:70->ADSD/Classifier.cpp:133]   --->   Operation 988 'mul' 'r_V_5_14_i' <Predicate = (!exitcond4_i)> <Delay = 4.17> <Core = "Mul">   --->   Core 16 'Mul' <Latency = 0> <II = 1> <Delay = 3.74> <FuncUnit> <Opcode : 'mul'> <InPorts = 2> <OutPorts = 1>
ST_5 : Operation 989 [1/1] (0.00ns)   --->   "%tmp_24_5_14_i = call i30 @_ssdm_op_BitConcatenate.i30.i16.i14(i16 %r_V_5_14_i, i14 0)" [ADSD/Classifier.cpp:71->ADSD/Classifier.cpp:133]   --->   Operation 989 'bitconcatenate' 'tmp_24_5_14_i' <Predicate = (!exitcond4_i)> <Delay = 0.00>
ST_5 : Operation 990 [1/1] (0.00ns)   --->   "%tmp_24_5_14_cast_i_c = sext i30 %tmp_24_5_14_i to i31" [ADSD/Classifier.cpp:71->ADSD/Classifier.cpp:133]   --->   Operation 990 'sext' 'tmp_24_5_14_cast_i_c' <Predicate = (!exitcond4_i)> <Delay = 0.00>
ST_5 : Operation 991 [1/1] (0.00ns)   --->   "%OP1_V_6_i = sext i8 %tmp_136_i to i16" [ADSD/Classifier.cpp:70->ADSD/Classifier.cpp:133]   --->   Operation 991 'sext' 'OP1_V_6_i' <Predicate = (!exitcond4_i)> <Delay = 0.00>
ST_5 : Operation 992 [1/1] (0.00ns)   --->   "%OP2_V_6_i = sext i8 %x_local_6_V_load to i16" [ADSD/Classifier.cpp:70->ADSD/Classifier.cpp:133]   --->   Operation 992 'sext' 'OP2_V_6_i' <Predicate = (!exitcond4_i)> <Delay = 0.00>
ST_5 : Operation 993 [1/1] (4.17ns)   --->   "%r_V_6_i = mul i16 %OP2_V_6_i, %OP1_V_6_i" [ADSD/Classifier.cpp:70->ADSD/Classifier.cpp:133]   --->   Operation 993 'mul' 'r_V_6_i' <Predicate = (!exitcond4_i)> <Delay = 4.17> <Core = "Mul">   --->   Core 16 'Mul' <Latency = 0> <II = 1> <Delay = 3.74> <FuncUnit> <Opcode : 'mul'> <InPorts = 2> <OutPorts = 1>
ST_5 : Operation 994 [1/1] (0.00ns)   --->   "%tmp_24_6_i = call i30 @_ssdm_op_BitConcatenate.i30.i16.i14(i16 %r_V_6_i, i14 0)" [ADSD/Classifier.cpp:71->ADSD/Classifier.cpp:133]   --->   Operation 994 'bitconcatenate' 'tmp_24_6_i' <Predicate = (!exitcond4_i)> <Delay = 0.00>
ST_5 : Operation 995 [1/1] (0.00ns)   --->   "%tmp_24_6_cast_i_cast = sext i30 %tmp_24_6_i to i31" [ADSD/Classifier.cpp:68->ADSD/Classifier.cpp:133]   --->   Operation 995 'sext' 'tmp_24_6_cast_i_cast' <Predicate = (!exitcond4_i)> <Delay = 0.00>
ST_5 : Operation 996 [1/1] (0.00ns)   --->   "%OP1_V_6_1_i = sext i8 %tmp_137_i to i16" [ADSD/Classifier.cpp:70->ADSD/Classifier.cpp:133]   --->   Operation 996 'sext' 'OP1_V_6_1_i' <Predicate = (!exitcond4_i)> <Delay = 0.00>
ST_5 : Operation 997 [1/1] (4.17ns)   --->   "%r_V_6_1_i = mul i16 %OP2_V_6_i, %OP1_V_6_1_i" [ADSD/Classifier.cpp:70->ADSD/Classifier.cpp:133]   --->   Operation 997 'mul' 'r_V_6_1_i' <Predicate = (!exitcond4_i)> <Delay = 4.17> <Core = "Mul">   --->   Core 16 'Mul' <Latency = 0> <II = 1> <Delay = 3.74> <FuncUnit> <Opcode : 'mul'> <InPorts = 2> <OutPorts = 1>
ST_5 : Operation 998 [1/1] (0.00ns)   --->   "%tmp_24_6_1_i = call i30 @_ssdm_op_BitConcatenate.i30.i16.i14(i16 %r_V_6_1_i, i14 0)" [ADSD/Classifier.cpp:71->ADSD/Classifier.cpp:133]   --->   Operation 998 'bitconcatenate' 'tmp_24_6_1_i' <Predicate = (!exitcond4_i)> <Delay = 0.00>
ST_5 : Operation 999 [1/1] (0.00ns)   --->   "%tmp_24_6_1_cast_i_ca = sext i30 %tmp_24_6_1_i to i31" [ADSD/Classifier.cpp:68->ADSD/Classifier.cpp:133]   --->   Operation 999 'sext' 'tmp_24_6_1_cast_i_ca' <Predicate = (!exitcond4_i)> <Delay = 0.00>
ST_5 : Operation 1000 [1/1] (0.00ns)   --->   "%OP1_V_6_2_i = sext i8 %tmp_138_i to i16" [ADSD/Classifier.cpp:70->ADSD/Classifier.cpp:133]   --->   Operation 1000 'sext' 'OP1_V_6_2_i' <Predicate = (!exitcond4_i)> <Delay = 0.00>
ST_5 : Operation 1001 [1/1] (4.17ns)   --->   "%r_V_6_2_i = mul i16 %OP2_V_6_i, %OP1_V_6_2_i" [ADSD/Classifier.cpp:70->ADSD/Classifier.cpp:133]   --->   Operation 1001 'mul' 'r_V_6_2_i' <Predicate = (!exitcond4_i)> <Delay = 4.17> <Core = "Mul">   --->   Core 16 'Mul' <Latency = 0> <II = 1> <Delay = 3.74> <FuncUnit> <Opcode : 'mul'> <InPorts = 2> <OutPorts = 1>
ST_5 : Operation 1002 [1/1] (0.00ns)   --->   "%tmp_24_6_2_i = call i30 @_ssdm_op_BitConcatenate.i30.i16.i14(i16 %r_V_6_2_i, i14 0)" [ADSD/Classifier.cpp:71->ADSD/Classifier.cpp:133]   --->   Operation 1002 'bitconcatenate' 'tmp_24_6_2_i' <Predicate = (!exitcond4_i)> <Delay = 0.00>
ST_5 : Operation 1003 [1/1] (0.00ns)   --->   "%tmp_24_6_2_cast_i_ca = sext i30 %tmp_24_6_2_i to i31" [ADSD/Classifier.cpp:68->ADSD/Classifier.cpp:133]   --->   Operation 1003 'sext' 'tmp_24_6_2_cast_i_ca' <Predicate = (!exitcond4_i)> <Delay = 0.00>
ST_5 : Operation 1004 [1/1] (0.00ns)   --->   "%OP1_V_6_3_i = sext i8 %tmp_139_i to i16" [ADSD/Classifier.cpp:70->ADSD/Classifier.cpp:133]   --->   Operation 1004 'sext' 'OP1_V_6_3_i' <Predicate = (!exitcond4_i)> <Delay = 0.00>
ST_5 : Operation 1005 [1/1] (4.17ns)   --->   "%r_V_6_3_i = mul i16 %OP2_V_6_i, %OP1_V_6_3_i" [ADSD/Classifier.cpp:70->ADSD/Classifier.cpp:133]   --->   Operation 1005 'mul' 'r_V_6_3_i' <Predicate = (!exitcond4_i)> <Delay = 4.17> <Core = "Mul">   --->   Core 16 'Mul' <Latency = 0> <II = 1> <Delay = 3.74> <FuncUnit> <Opcode : 'mul'> <InPorts = 2> <OutPorts = 1>
ST_5 : Operation 1006 [1/1] (0.00ns)   --->   "%tmp_24_6_3_i = call i30 @_ssdm_op_BitConcatenate.i30.i16.i14(i16 %r_V_6_3_i, i14 0)" [ADSD/Classifier.cpp:71->ADSD/Classifier.cpp:133]   --->   Operation 1006 'bitconcatenate' 'tmp_24_6_3_i' <Predicate = (!exitcond4_i)> <Delay = 0.00>
ST_5 : Operation 1007 [1/1] (0.00ns)   --->   "%tmp_24_6_3_cast_i_ca = sext i30 %tmp_24_6_3_i to i31" [ADSD/Classifier.cpp:68->ADSD/Classifier.cpp:133]   --->   Operation 1007 'sext' 'tmp_24_6_3_cast_i_ca' <Predicate = (!exitcond4_i)> <Delay = 0.00>
ST_5 : Operation 1008 [1/1] (0.00ns)   --->   "%OP1_V_6_4_i = sext i8 %tmp_140_i to i16" [ADSD/Classifier.cpp:70->ADSD/Classifier.cpp:133]   --->   Operation 1008 'sext' 'OP1_V_6_4_i' <Predicate = (!exitcond4_i)> <Delay = 0.00>
ST_5 : Operation 1009 [1/1] (4.17ns)   --->   "%r_V_6_4_i = mul i16 %OP2_V_6_i, %OP1_V_6_4_i" [ADSD/Classifier.cpp:70->ADSD/Classifier.cpp:133]   --->   Operation 1009 'mul' 'r_V_6_4_i' <Predicate = (!exitcond4_i)> <Delay = 4.17> <Core = "Mul">   --->   Core 16 'Mul' <Latency = 0> <II = 1> <Delay = 3.74> <FuncUnit> <Opcode : 'mul'> <InPorts = 2> <OutPorts = 1>
ST_5 : Operation 1010 [1/1] (0.00ns)   --->   "%tmp_24_6_4_i = call i30 @_ssdm_op_BitConcatenate.i30.i16.i14(i16 %r_V_6_4_i, i14 0)" [ADSD/Classifier.cpp:71->ADSD/Classifier.cpp:133]   --->   Operation 1010 'bitconcatenate' 'tmp_24_6_4_i' <Predicate = (!exitcond4_i)> <Delay = 0.00>
ST_5 : Operation 1011 [1/1] (0.00ns)   --->   "%tmp_24_6_4_cast_i_ca = sext i30 %tmp_24_6_4_i to i31" [ADSD/Classifier.cpp:68->ADSD/Classifier.cpp:133]   --->   Operation 1011 'sext' 'tmp_24_6_4_cast_i_ca' <Predicate = (!exitcond4_i)> <Delay = 0.00>
ST_5 : Operation 1012 [1/1] (0.00ns)   --->   "%OP1_V_6_5_i = sext i8 %tmp_141_i to i16" [ADSD/Classifier.cpp:70->ADSD/Classifier.cpp:133]   --->   Operation 1012 'sext' 'OP1_V_6_5_i' <Predicate = (!exitcond4_i)> <Delay = 0.00>
ST_5 : Operation 1013 [1/1] (4.17ns)   --->   "%r_V_6_5_i = mul i16 %OP2_V_6_i, %OP1_V_6_5_i" [ADSD/Classifier.cpp:70->ADSD/Classifier.cpp:133]   --->   Operation 1013 'mul' 'r_V_6_5_i' <Predicate = (!exitcond4_i)> <Delay = 4.17> <Core = "Mul">   --->   Core 16 'Mul' <Latency = 0> <II = 1> <Delay = 3.74> <FuncUnit> <Opcode : 'mul'> <InPorts = 2> <OutPorts = 1>
ST_5 : Operation 1014 [1/1] (0.00ns)   --->   "%tmp_24_6_5_i = call i30 @_ssdm_op_BitConcatenate.i30.i16.i14(i16 %r_V_6_5_i, i14 0)" [ADSD/Classifier.cpp:71->ADSD/Classifier.cpp:133]   --->   Operation 1014 'bitconcatenate' 'tmp_24_6_5_i' <Predicate = (!exitcond4_i)> <Delay = 0.00>
ST_5 : Operation 1015 [1/1] (0.00ns)   --->   "%tmp_24_6_5_cast_i_ca = sext i30 %tmp_24_6_5_i to i31" [ADSD/Classifier.cpp:68->ADSD/Classifier.cpp:133]   --->   Operation 1015 'sext' 'tmp_24_6_5_cast_i_ca' <Predicate = (!exitcond4_i)> <Delay = 0.00>
ST_5 : Operation 1016 [1/1] (0.00ns)   --->   "%OP1_V_6_6_i = sext i8 %tmp_142_i to i16" [ADSD/Classifier.cpp:70->ADSD/Classifier.cpp:133]   --->   Operation 1016 'sext' 'OP1_V_6_6_i' <Predicate = (!exitcond4_i)> <Delay = 0.00>
ST_5 : Operation 1017 [1/1] (4.17ns)   --->   "%r_V_6_6_i = mul i16 %OP2_V_6_i, %OP1_V_6_6_i" [ADSD/Classifier.cpp:70->ADSD/Classifier.cpp:133]   --->   Operation 1017 'mul' 'r_V_6_6_i' <Predicate = (!exitcond4_i)> <Delay = 4.17> <Core = "Mul">   --->   Core 16 'Mul' <Latency = 0> <II = 1> <Delay = 3.74> <FuncUnit> <Opcode : 'mul'> <InPorts = 2> <OutPorts = 1>
ST_5 : Operation 1018 [1/1] (0.00ns)   --->   "%tmp_24_6_6_i = call i30 @_ssdm_op_BitConcatenate.i30.i16.i14(i16 %r_V_6_6_i, i14 0)" [ADSD/Classifier.cpp:71->ADSD/Classifier.cpp:133]   --->   Operation 1018 'bitconcatenate' 'tmp_24_6_6_i' <Predicate = (!exitcond4_i)> <Delay = 0.00>
ST_5 : Operation 1019 [1/1] (0.00ns)   --->   "%tmp_24_6_6_cast_i_ca = sext i30 %tmp_24_6_6_i to i31" [ADSD/Classifier.cpp:68->ADSD/Classifier.cpp:133]   --->   Operation 1019 'sext' 'tmp_24_6_6_cast_i_ca' <Predicate = (!exitcond4_i)> <Delay = 0.00>
ST_5 : Operation 1020 [1/1] (0.00ns)   --->   "%OP1_V_6_7_i = sext i8 %tmp_143_i to i16" [ADSD/Classifier.cpp:70->ADSD/Classifier.cpp:133]   --->   Operation 1020 'sext' 'OP1_V_6_7_i' <Predicate = (!exitcond4_i)> <Delay = 0.00>
ST_5 : Operation 1021 [1/1] (4.17ns)   --->   "%r_V_6_7_i = mul i16 %OP2_V_6_i, %OP1_V_6_7_i" [ADSD/Classifier.cpp:70->ADSD/Classifier.cpp:133]   --->   Operation 1021 'mul' 'r_V_6_7_i' <Predicate = (!exitcond4_i)> <Delay = 4.17> <Core = "Mul">   --->   Core 16 'Mul' <Latency = 0> <II = 1> <Delay = 3.74> <FuncUnit> <Opcode : 'mul'> <InPorts = 2> <OutPorts = 1>
ST_5 : Operation 1022 [1/1] (0.00ns)   --->   "%tmp_24_6_7_i = call i30 @_ssdm_op_BitConcatenate.i30.i16.i14(i16 %r_V_6_7_i, i14 0)" [ADSD/Classifier.cpp:71->ADSD/Classifier.cpp:133]   --->   Operation 1022 'bitconcatenate' 'tmp_24_6_7_i' <Predicate = (!exitcond4_i)> <Delay = 0.00>
ST_5 : Operation 1023 [1/1] (0.00ns)   --->   "%tmp_24_6_7_cast_i_ca = sext i30 %tmp_24_6_7_i to i31" [ADSD/Classifier.cpp:68->ADSD/Classifier.cpp:133]   --->   Operation 1023 'sext' 'tmp_24_6_7_cast_i_ca' <Predicate = (!exitcond4_i)> <Delay = 0.00>
ST_5 : Operation 1024 [1/1] (0.00ns)   --->   "%OP1_V_6_8_i = sext i8 %tmp_146_i to i16" [ADSD/Classifier.cpp:70->ADSD/Classifier.cpp:133]   --->   Operation 1024 'sext' 'OP1_V_6_8_i' <Predicate = (!exitcond4_i)> <Delay = 0.00>
ST_5 : Operation 1025 [1/1] (4.17ns)   --->   "%r_V_6_8_i = mul i16 %OP2_V_6_i, %OP1_V_6_8_i" [ADSD/Classifier.cpp:70->ADSD/Classifier.cpp:133]   --->   Operation 1025 'mul' 'r_V_6_8_i' <Predicate = (!exitcond4_i)> <Delay = 4.17> <Core = "Mul">   --->   Core 16 'Mul' <Latency = 0> <II = 1> <Delay = 3.74> <FuncUnit> <Opcode : 'mul'> <InPorts = 2> <OutPorts = 1>
ST_5 : Operation 1026 [1/1] (0.00ns)   --->   "%tmp_24_6_8_i = call i30 @_ssdm_op_BitConcatenate.i30.i16.i14(i16 %r_V_6_8_i, i14 0)" [ADSD/Classifier.cpp:71->ADSD/Classifier.cpp:133]   --->   Operation 1026 'bitconcatenate' 'tmp_24_6_8_i' <Predicate = (!exitcond4_i)> <Delay = 0.00>
ST_5 : Operation 1027 [1/1] (0.00ns)   --->   "%tmp_24_6_8_cast_i_ca = sext i30 %tmp_24_6_8_i to i31" [ADSD/Classifier.cpp:68->ADSD/Classifier.cpp:133]   --->   Operation 1027 'sext' 'tmp_24_6_8_cast_i_ca' <Predicate = (!exitcond4_i)> <Delay = 0.00>
ST_5 : Operation 1028 [1/1] (0.00ns)   --->   "%OP1_V_6_9_i = sext i8 %tmp_147_i to i16" [ADSD/Classifier.cpp:70->ADSD/Classifier.cpp:133]   --->   Operation 1028 'sext' 'OP1_V_6_9_i' <Predicate = (!exitcond4_i)> <Delay = 0.00>
ST_5 : Operation 1029 [1/1] (4.17ns)   --->   "%r_V_6_9_i = mul i16 %OP2_V_6_i, %OP1_V_6_9_i" [ADSD/Classifier.cpp:70->ADSD/Classifier.cpp:133]   --->   Operation 1029 'mul' 'r_V_6_9_i' <Predicate = (!exitcond4_i)> <Delay = 4.17> <Core = "Mul">   --->   Core 16 'Mul' <Latency = 0> <II = 1> <Delay = 3.74> <FuncUnit> <Opcode : 'mul'> <InPorts = 2> <OutPorts = 1>
ST_5 : Operation 1030 [1/1] (0.00ns)   --->   "%tmp_24_6_9_i = call i30 @_ssdm_op_BitConcatenate.i30.i16.i14(i16 %r_V_6_9_i, i14 0)" [ADSD/Classifier.cpp:71->ADSD/Classifier.cpp:133]   --->   Operation 1030 'bitconcatenate' 'tmp_24_6_9_i' <Predicate = (!exitcond4_i)> <Delay = 0.00>
ST_5 : Operation 1031 [1/1] (0.00ns)   --->   "%tmp_24_6_9_cast_i_ca = sext i30 %tmp_24_6_9_i to i31" [ADSD/Classifier.cpp:68->ADSD/Classifier.cpp:133]   --->   Operation 1031 'sext' 'tmp_24_6_9_cast_i_ca' <Predicate = (!exitcond4_i)> <Delay = 0.00>
ST_5 : Operation 1032 [1/1] (0.00ns)   --->   "%OP1_V_6_i_56 = sext i8 %tmp_148_i to i16" [ADSD/Classifier.cpp:70->ADSD/Classifier.cpp:133]   --->   Operation 1032 'sext' 'OP1_V_6_i_56' <Predicate = (!exitcond4_i)> <Delay = 0.00>
ST_5 : Operation 1033 [1/1] (4.17ns)   --->   "%r_V_6_i_57 = mul i16 %OP2_V_6_i, %OP1_V_6_i_56" [ADSD/Classifier.cpp:70->ADSD/Classifier.cpp:133]   --->   Operation 1033 'mul' 'r_V_6_i_57' <Predicate = (!exitcond4_i)> <Delay = 4.17> <Core = "Mul">   --->   Core 16 'Mul' <Latency = 0> <II = 1> <Delay = 3.74> <FuncUnit> <Opcode : 'mul'> <InPorts = 2> <OutPorts = 1>
ST_5 : Operation 1034 [1/1] (0.00ns)   --->   "%tmp_24_6_i_58 = call i30 @_ssdm_op_BitConcatenate.i30.i16.i14(i16 %r_V_6_i_57, i14 0)" [ADSD/Classifier.cpp:71->ADSD/Classifier.cpp:133]   --->   Operation 1034 'bitconcatenate' 'tmp_24_6_i_58' <Predicate = (!exitcond4_i)> <Delay = 0.00>
ST_5 : Operation 1035 [1/1] (0.00ns)   --->   "%tmp_24_6_cast_i_cas = sext i30 %tmp_24_6_i_58 to i31" [ADSD/Classifier.cpp:68->ADSD/Classifier.cpp:133]   --->   Operation 1035 'sext' 'tmp_24_6_cast_i_cas' <Predicate = (!exitcond4_i)> <Delay = 0.00>
ST_5 : Operation 1036 [1/1] (0.00ns)   --->   "%OP1_V_6_10_i = sext i8 %tmp_149_i to i16" [ADSD/Classifier.cpp:70->ADSD/Classifier.cpp:133]   --->   Operation 1036 'sext' 'OP1_V_6_10_i' <Predicate = (!exitcond4_i)> <Delay = 0.00>
ST_5 : Operation 1037 [1/1] (4.17ns)   --->   "%r_V_6_10_i = mul i16 %OP2_V_6_i, %OP1_V_6_10_i" [ADSD/Classifier.cpp:70->ADSD/Classifier.cpp:133]   --->   Operation 1037 'mul' 'r_V_6_10_i' <Predicate = (!exitcond4_i)> <Delay = 4.17> <Core = "Mul">   --->   Core 16 'Mul' <Latency = 0> <II = 1> <Delay = 3.74> <FuncUnit> <Opcode : 'mul'> <InPorts = 2> <OutPorts = 1>
ST_5 : Operation 1038 [1/1] (0.00ns)   --->   "%tmp_24_6_10_i = call i30 @_ssdm_op_BitConcatenate.i30.i16.i14(i16 %r_V_6_10_i, i14 0)" [ADSD/Classifier.cpp:71->ADSD/Classifier.cpp:133]   --->   Operation 1038 'bitconcatenate' 'tmp_24_6_10_i' <Predicate = (!exitcond4_i)> <Delay = 0.00>
ST_5 : Operation 1039 [1/1] (0.00ns)   --->   "%tmp_24_6_10_cast_i_c = sext i30 %tmp_24_6_10_i to i31" [ADSD/Classifier.cpp:68->ADSD/Classifier.cpp:133]   --->   Operation 1039 'sext' 'tmp_24_6_10_cast_i_c' <Predicate = (!exitcond4_i)> <Delay = 0.00>
ST_5 : Operation 1040 [1/1] (0.00ns)   --->   "%OP1_V_6_11_i = sext i8 %tmp_150_i to i16" [ADSD/Classifier.cpp:70->ADSD/Classifier.cpp:133]   --->   Operation 1040 'sext' 'OP1_V_6_11_i' <Predicate = (!exitcond4_i)> <Delay = 0.00>
ST_5 : Operation 1041 [1/1] (4.17ns)   --->   "%r_V_6_11_i = mul i16 %OP2_V_6_i, %OP1_V_6_11_i" [ADSD/Classifier.cpp:70->ADSD/Classifier.cpp:133]   --->   Operation 1041 'mul' 'r_V_6_11_i' <Predicate = (!exitcond4_i)> <Delay = 4.17> <Core = "Mul">   --->   Core 16 'Mul' <Latency = 0> <II = 1> <Delay = 3.74> <FuncUnit> <Opcode : 'mul'> <InPorts = 2> <OutPorts = 1>
ST_5 : Operation 1042 [1/1] (0.00ns)   --->   "%tmp_24_6_11_i = call i30 @_ssdm_op_BitConcatenate.i30.i16.i14(i16 %r_V_6_11_i, i14 0)" [ADSD/Classifier.cpp:71->ADSD/Classifier.cpp:133]   --->   Operation 1042 'bitconcatenate' 'tmp_24_6_11_i' <Predicate = (!exitcond4_i)> <Delay = 0.00>
ST_5 : Operation 1043 [1/1] (0.00ns)   --->   "%tmp_24_6_11_cast_i_c = sext i30 %tmp_24_6_11_i to i31" [ADSD/Classifier.cpp:68->ADSD/Classifier.cpp:133]   --->   Operation 1043 'sext' 'tmp_24_6_11_cast_i_c' <Predicate = (!exitcond4_i)> <Delay = 0.00>
ST_5 : Operation 1044 [1/1] (0.00ns)   --->   "%OP1_V_6_12_i = sext i8 %tmp_151_i to i16" [ADSD/Classifier.cpp:70->ADSD/Classifier.cpp:133]   --->   Operation 1044 'sext' 'OP1_V_6_12_i' <Predicate = (!exitcond4_i)> <Delay = 0.00>
ST_5 : Operation 1045 [1/1] (4.17ns)   --->   "%r_V_6_12_i = mul i16 %OP2_V_6_i, %OP1_V_6_12_i" [ADSD/Classifier.cpp:70->ADSD/Classifier.cpp:133]   --->   Operation 1045 'mul' 'r_V_6_12_i' <Predicate = (!exitcond4_i)> <Delay = 4.17> <Core = "Mul">   --->   Core 16 'Mul' <Latency = 0> <II = 1> <Delay = 3.74> <FuncUnit> <Opcode : 'mul'> <InPorts = 2> <OutPorts = 1>
ST_5 : Operation 1046 [1/1] (0.00ns)   --->   "%tmp_24_6_12_i = call i30 @_ssdm_op_BitConcatenate.i30.i16.i14(i16 %r_V_6_12_i, i14 0)" [ADSD/Classifier.cpp:71->ADSD/Classifier.cpp:133]   --->   Operation 1046 'bitconcatenate' 'tmp_24_6_12_i' <Predicate = (!exitcond4_i)> <Delay = 0.00>
ST_5 : Operation 1047 [1/1] (0.00ns)   --->   "%tmp_24_6_12_cast_i_c = sext i30 %tmp_24_6_12_i to i31" [ADSD/Classifier.cpp:68->ADSD/Classifier.cpp:133]   --->   Operation 1047 'sext' 'tmp_24_6_12_cast_i_c' <Predicate = (!exitcond4_i)> <Delay = 0.00>
ST_5 : Operation 1048 [1/1] (0.00ns)   --->   "%OP1_V_6_13_i = sext i8 %tmp_152_i to i16" [ADSD/Classifier.cpp:70->ADSD/Classifier.cpp:133]   --->   Operation 1048 'sext' 'OP1_V_6_13_i' <Predicate = (!exitcond4_i)> <Delay = 0.00>
ST_5 : Operation 1049 [1/1] (4.17ns)   --->   "%r_V_6_13_i = mul i16 %OP2_V_6_i, %OP1_V_6_13_i" [ADSD/Classifier.cpp:70->ADSD/Classifier.cpp:133]   --->   Operation 1049 'mul' 'r_V_6_13_i' <Predicate = (!exitcond4_i)> <Delay = 4.17> <Core = "Mul">   --->   Core 16 'Mul' <Latency = 0> <II = 1> <Delay = 3.74> <FuncUnit> <Opcode : 'mul'> <InPorts = 2> <OutPorts = 1>
ST_5 : Operation 1050 [1/1] (0.00ns)   --->   "%tmp_24_6_13_i = call i30 @_ssdm_op_BitConcatenate.i30.i16.i14(i16 %r_V_6_13_i, i14 0)" [ADSD/Classifier.cpp:71->ADSD/Classifier.cpp:133]   --->   Operation 1050 'bitconcatenate' 'tmp_24_6_13_i' <Predicate = (!exitcond4_i)> <Delay = 0.00>
ST_5 : Operation 1051 [1/1] (0.00ns)   --->   "%tmp_24_6_13_cast_i_c = sext i30 %tmp_24_6_13_i to i31" [ADSD/Classifier.cpp:68->ADSD/Classifier.cpp:133]   --->   Operation 1051 'sext' 'tmp_24_6_13_cast_i_c' <Predicate = (!exitcond4_i)> <Delay = 0.00>
ST_5 : Operation 1052 [1/1] (0.00ns)   --->   "%OP1_V_6_14_i = sext i8 %tmp_153_i to i16" [ADSD/Classifier.cpp:70->ADSD/Classifier.cpp:133]   --->   Operation 1052 'sext' 'OP1_V_6_14_i' <Predicate = (!exitcond4_i)> <Delay = 0.00>
ST_5 : Operation 1053 [1/1] (4.17ns)   --->   "%r_V_6_14_i = mul i16 %OP2_V_6_i, %OP1_V_6_14_i" [ADSD/Classifier.cpp:70->ADSD/Classifier.cpp:133]   --->   Operation 1053 'mul' 'r_V_6_14_i' <Predicate = (!exitcond4_i)> <Delay = 4.17> <Core = "Mul">   --->   Core 16 'Mul' <Latency = 0> <II = 1> <Delay = 3.74> <FuncUnit> <Opcode : 'mul'> <InPorts = 2> <OutPorts = 1>
ST_5 : Operation 1054 [1/1] (0.00ns)   --->   "%tmp_24_6_14_i = call i30 @_ssdm_op_BitConcatenate.i30.i16.i14(i16 %r_V_6_14_i, i14 0)" [ADSD/Classifier.cpp:71->ADSD/Classifier.cpp:133]   --->   Operation 1054 'bitconcatenate' 'tmp_24_6_14_i' <Predicate = (!exitcond4_i)> <Delay = 0.00>
ST_5 : Operation 1055 [1/1] (0.00ns)   --->   "%tmp_24_6_14_cast_i_c = sext i30 %tmp_24_6_14_i to i31" [ADSD/Classifier.cpp:71->ADSD/Classifier.cpp:133]   --->   Operation 1055 'sext' 'tmp_24_6_14_cast_i_c' <Predicate = (!exitcond4_i)> <Delay = 0.00>
ST_5 : Operation 1056 [1/1] (0.00ns)   --->   "%OP1_V_7_i = sext i8 %tmp_154_i to i16" [ADSD/Classifier.cpp:70->ADSD/Classifier.cpp:133]   --->   Operation 1056 'sext' 'OP1_V_7_i' <Predicate = (!exitcond4_i)> <Delay = 0.00>
ST_5 : Operation 1057 [1/1] (0.00ns)   --->   "%OP2_V_7_i = sext i8 %x_local_7_V_load to i16" [ADSD/Classifier.cpp:70->ADSD/Classifier.cpp:133]   --->   Operation 1057 'sext' 'OP2_V_7_i' <Predicate = (!exitcond4_i)> <Delay = 0.00>
ST_5 : Operation 1058 [1/1] (4.17ns)   --->   "%r_V_7_i = mul i16 %OP2_V_7_i, %OP1_V_7_i" [ADSD/Classifier.cpp:70->ADSD/Classifier.cpp:133]   --->   Operation 1058 'mul' 'r_V_7_i' <Predicate = (!exitcond4_i)> <Delay = 4.17> <Core = "Mul">   --->   Core 16 'Mul' <Latency = 0> <II = 1> <Delay = 3.74> <FuncUnit> <Opcode : 'mul'> <InPorts = 2> <OutPorts = 1>
ST_5 : Operation 1059 [1/1] (0.00ns)   --->   "%tmp_24_7_i = call i30 @_ssdm_op_BitConcatenate.i30.i16.i14(i16 %r_V_7_i, i14 0)" [ADSD/Classifier.cpp:71->ADSD/Classifier.cpp:133]   --->   Operation 1059 'bitconcatenate' 'tmp_24_7_i' <Predicate = (!exitcond4_i)> <Delay = 0.00>
ST_5 : Operation 1060 [1/1] (0.00ns)   --->   "%tmp_24_7_cast_i_cast = sext i30 %tmp_24_7_i to i31" [ADSD/Classifier.cpp:68->ADSD/Classifier.cpp:133]   --->   Operation 1060 'sext' 'tmp_24_7_cast_i_cast' <Predicate = (!exitcond4_i)> <Delay = 0.00>
ST_5 : Operation 1061 [1/1] (0.00ns)   --->   "%OP1_V_7_1_i = sext i8 %tmp_157_i to i16" [ADSD/Classifier.cpp:70->ADSD/Classifier.cpp:133]   --->   Operation 1061 'sext' 'OP1_V_7_1_i' <Predicate = (!exitcond4_i)> <Delay = 0.00>
ST_5 : Operation 1062 [1/1] (4.17ns)   --->   "%r_V_7_1_i = mul i16 %OP2_V_7_i, %OP1_V_7_1_i" [ADSD/Classifier.cpp:70->ADSD/Classifier.cpp:133]   --->   Operation 1062 'mul' 'r_V_7_1_i' <Predicate = (!exitcond4_i)> <Delay = 4.17> <Core = "Mul">   --->   Core 16 'Mul' <Latency = 0> <II = 1> <Delay = 3.74> <FuncUnit> <Opcode : 'mul'> <InPorts = 2> <OutPorts = 1>
ST_5 : Operation 1063 [1/1] (0.00ns)   --->   "%tmp_24_7_1_i = call i30 @_ssdm_op_BitConcatenate.i30.i16.i14(i16 %r_V_7_1_i, i14 0)" [ADSD/Classifier.cpp:71->ADSD/Classifier.cpp:133]   --->   Operation 1063 'bitconcatenate' 'tmp_24_7_1_i' <Predicate = (!exitcond4_i)> <Delay = 0.00>
ST_5 : Operation 1064 [1/1] (0.00ns)   --->   "%tmp_24_7_1_cast_i_ca = sext i30 %tmp_24_7_1_i to i31" [ADSD/Classifier.cpp:68->ADSD/Classifier.cpp:133]   --->   Operation 1064 'sext' 'tmp_24_7_1_cast_i_ca' <Predicate = (!exitcond4_i)> <Delay = 0.00>
ST_5 : Operation 1065 [1/1] (0.00ns)   --->   "%OP1_V_7_2_i = sext i8 %tmp_158_i to i16" [ADSD/Classifier.cpp:70->ADSD/Classifier.cpp:133]   --->   Operation 1065 'sext' 'OP1_V_7_2_i' <Predicate = (!exitcond4_i)> <Delay = 0.00>
ST_5 : Operation 1066 [1/1] (4.17ns)   --->   "%r_V_7_2_i = mul i16 %OP2_V_7_i, %OP1_V_7_2_i" [ADSD/Classifier.cpp:70->ADSD/Classifier.cpp:133]   --->   Operation 1066 'mul' 'r_V_7_2_i' <Predicate = (!exitcond4_i)> <Delay = 4.17> <Core = "Mul">   --->   Core 16 'Mul' <Latency = 0> <II = 1> <Delay = 3.74> <FuncUnit> <Opcode : 'mul'> <InPorts = 2> <OutPorts = 1>
ST_5 : Operation 1067 [1/1] (0.00ns)   --->   "%tmp_24_7_2_i = call i30 @_ssdm_op_BitConcatenate.i30.i16.i14(i16 %r_V_7_2_i, i14 0)" [ADSD/Classifier.cpp:71->ADSD/Classifier.cpp:133]   --->   Operation 1067 'bitconcatenate' 'tmp_24_7_2_i' <Predicate = (!exitcond4_i)> <Delay = 0.00>
ST_5 : Operation 1068 [1/1] (0.00ns)   --->   "%tmp_24_7_2_cast_i_ca = sext i30 %tmp_24_7_2_i to i31" [ADSD/Classifier.cpp:68->ADSD/Classifier.cpp:133]   --->   Operation 1068 'sext' 'tmp_24_7_2_cast_i_ca' <Predicate = (!exitcond4_i)> <Delay = 0.00>
ST_5 : Operation 1069 [1/1] (0.00ns)   --->   "%OP1_V_7_3_i = sext i8 %tmp_159_i to i16" [ADSD/Classifier.cpp:70->ADSD/Classifier.cpp:133]   --->   Operation 1069 'sext' 'OP1_V_7_3_i' <Predicate = (!exitcond4_i)> <Delay = 0.00>
ST_5 : Operation 1070 [1/1] (4.17ns)   --->   "%r_V_7_3_i = mul i16 %OP2_V_7_i, %OP1_V_7_3_i" [ADSD/Classifier.cpp:70->ADSD/Classifier.cpp:133]   --->   Operation 1070 'mul' 'r_V_7_3_i' <Predicate = (!exitcond4_i)> <Delay = 4.17> <Core = "Mul">   --->   Core 16 'Mul' <Latency = 0> <II = 1> <Delay = 3.74> <FuncUnit> <Opcode : 'mul'> <InPorts = 2> <OutPorts = 1>
ST_5 : Operation 1071 [1/1] (0.00ns)   --->   "%tmp_24_7_3_i = call i30 @_ssdm_op_BitConcatenate.i30.i16.i14(i16 %r_V_7_3_i, i14 0)" [ADSD/Classifier.cpp:71->ADSD/Classifier.cpp:133]   --->   Operation 1071 'bitconcatenate' 'tmp_24_7_3_i' <Predicate = (!exitcond4_i)> <Delay = 0.00>
ST_5 : Operation 1072 [1/1] (0.00ns)   --->   "%tmp_24_7_3_cast_i_ca = sext i30 %tmp_24_7_3_i to i31" [ADSD/Classifier.cpp:68->ADSD/Classifier.cpp:133]   --->   Operation 1072 'sext' 'tmp_24_7_3_cast_i_ca' <Predicate = (!exitcond4_i)> <Delay = 0.00>
ST_5 : Operation 1073 [1/1] (0.00ns)   --->   "%OP1_V_7_4_i = sext i8 %tmp_160_i to i16" [ADSD/Classifier.cpp:70->ADSD/Classifier.cpp:133]   --->   Operation 1073 'sext' 'OP1_V_7_4_i' <Predicate = (!exitcond4_i)> <Delay = 0.00>
ST_5 : Operation 1074 [1/1] (4.17ns)   --->   "%r_V_7_4_i = mul i16 %OP2_V_7_i, %OP1_V_7_4_i" [ADSD/Classifier.cpp:70->ADSD/Classifier.cpp:133]   --->   Operation 1074 'mul' 'r_V_7_4_i' <Predicate = (!exitcond4_i)> <Delay = 4.17> <Core = "Mul">   --->   Core 16 'Mul' <Latency = 0> <II = 1> <Delay = 3.74> <FuncUnit> <Opcode : 'mul'> <InPorts = 2> <OutPorts = 1>
ST_5 : Operation 1075 [1/1] (0.00ns)   --->   "%tmp_24_7_4_i = call i30 @_ssdm_op_BitConcatenate.i30.i16.i14(i16 %r_V_7_4_i, i14 0)" [ADSD/Classifier.cpp:71->ADSD/Classifier.cpp:133]   --->   Operation 1075 'bitconcatenate' 'tmp_24_7_4_i' <Predicate = (!exitcond4_i)> <Delay = 0.00>
ST_5 : Operation 1076 [1/1] (0.00ns)   --->   "%tmp_24_7_4_cast_i_ca = sext i30 %tmp_24_7_4_i to i31" [ADSD/Classifier.cpp:68->ADSD/Classifier.cpp:133]   --->   Operation 1076 'sext' 'tmp_24_7_4_cast_i_ca' <Predicate = (!exitcond4_i)> <Delay = 0.00>
ST_5 : Operation 1077 [1/1] (0.00ns)   --->   "%OP1_V_7_5_i = sext i8 %tmp_161_i to i16" [ADSD/Classifier.cpp:70->ADSD/Classifier.cpp:133]   --->   Operation 1077 'sext' 'OP1_V_7_5_i' <Predicate = (!exitcond4_i)> <Delay = 0.00>
ST_5 : Operation 1078 [1/1] (4.17ns)   --->   "%r_V_7_5_i = mul i16 %OP2_V_7_i, %OP1_V_7_5_i" [ADSD/Classifier.cpp:70->ADSD/Classifier.cpp:133]   --->   Operation 1078 'mul' 'r_V_7_5_i' <Predicate = (!exitcond4_i)> <Delay = 4.17> <Core = "Mul">   --->   Core 16 'Mul' <Latency = 0> <II = 1> <Delay = 3.74> <FuncUnit> <Opcode : 'mul'> <InPorts = 2> <OutPorts = 1>
ST_5 : Operation 1079 [1/1] (0.00ns)   --->   "%tmp_24_7_5_i = call i30 @_ssdm_op_BitConcatenate.i30.i16.i14(i16 %r_V_7_5_i, i14 0)" [ADSD/Classifier.cpp:71->ADSD/Classifier.cpp:133]   --->   Operation 1079 'bitconcatenate' 'tmp_24_7_5_i' <Predicate = (!exitcond4_i)> <Delay = 0.00>
ST_5 : Operation 1080 [1/1] (0.00ns)   --->   "%tmp_24_7_5_cast_i_ca = sext i30 %tmp_24_7_5_i to i31" [ADSD/Classifier.cpp:68->ADSD/Classifier.cpp:133]   --->   Operation 1080 'sext' 'tmp_24_7_5_cast_i_ca' <Predicate = (!exitcond4_i)> <Delay = 0.00>
ST_5 : Operation 1081 [1/1] (0.00ns)   --->   "%OP1_V_7_6_i = sext i8 %tmp_162_i to i16" [ADSD/Classifier.cpp:70->ADSD/Classifier.cpp:133]   --->   Operation 1081 'sext' 'OP1_V_7_6_i' <Predicate = (!exitcond4_i)> <Delay = 0.00>
ST_5 : Operation 1082 [1/1] (4.17ns)   --->   "%r_V_7_6_i = mul i16 %OP2_V_7_i, %OP1_V_7_6_i" [ADSD/Classifier.cpp:70->ADSD/Classifier.cpp:133]   --->   Operation 1082 'mul' 'r_V_7_6_i' <Predicate = (!exitcond4_i)> <Delay = 4.17> <Core = "Mul">   --->   Core 16 'Mul' <Latency = 0> <II = 1> <Delay = 3.74> <FuncUnit> <Opcode : 'mul'> <InPorts = 2> <OutPorts = 1>
ST_5 : Operation 1083 [1/1] (0.00ns)   --->   "%tmp_24_7_6_i = call i30 @_ssdm_op_BitConcatenate.i30.i16.i14(i16 %r_V_7_6_i, i14 0)" [ADSD/Classifier.cpp:71->ADSD/Classifier.cpp:133]   --->   Operation 1083 'bitconcatenate' 'tmp_24_7_6_i' <Predicate = (!exitcond4_i)> <Delay = 0.00>
ST_5 : Operation 1084 [1/1] (0.00ns)   --->   "%tmp_24_7_6_cast_i_ca = sext i30 %tmp_24_7_6_i to i31" [ADSD/Classifier.cpp:68->ADSD/Classifier.cpp:133]   --->   Operation 1084 'sext' 'tmp_24_7_6_cast_i_ca' <Predicate = (!exitcond4_i)> <Delay = 0.00>
ST_5 : Operation 1085 [1/1] (0.00ns)   --->   "%OP1_V_7_7_i = sext i8 %tmp_163_i to i16" [ADSD/Classifier.cpp:70->ADSD/Classifier.cpp:133]   --->   Operation 1085 'sext' 'OP1_V_7_7_i' <Predicate = (!exitcond4_i)> <Delay = 0.00>
ST_5 : Operation 1086 [1/1] (4.17ns)   --->   "%r_V_7_7_i = mul i16 %OP2_V_7_i, %OP1_V_7_7_i" [ADSD/Classifier.cpp:70->ADSD/Classifier.cpp:133]   --->   Operation 1086 'mul' 'r_V_7_7_i' <Predicate = (!exitcond4_i)> <Delay = 4.17> <Core = "Mul">   --->   Core 16 'Mul' <Latency = 0> <II = 1> <Delay = 3.74> <FuncUnit> <Opcode : 'mul'> <InPorts = 2> <OutPorts = 1>
ST_5 : Operation 1087 [1/1] (0.00ns)   --->   "%tmp_24_7_7_i = call i30 @_ssdm_op_BitConcatenate.i30.i16.i14(i16 %r_V_7_7_i, i14 0)" [ADSD/Classifier.cpp:71->ADSD/Classifier.cpp:133]   --->   Operation 1087 'bitconcatenate' 'tmp_24_7_7_i' <Predicate = (!exitcond4_i)> <Delay = 0.00>
ST_5 : Operation 1088 [1/1] (0.00ns)   --->   "%tmp_24_7_7_cast_i_ca = sext i30 %tmp_24_7_7_i to i31" [ADSD/Classifier.cpp:68->ADSD/Classifier.cpp:133]   --->   Operation 1088 'sext' 'tmp_24_7_7_cast_i_ca' <Predicate = (!exitcond4_i)> <Delay = 0.00>
ST_5 : Operation 1089 [1/1] (0.00ns)   --->   "%OP1_V_7_8_i = sext i8 %tmp_164_i to i16" [ADSD/Classifier.cpp:70->ADSD/Classifier.cpp:133]   --->   Operation 1089 'sext' 'OP1_V_7_8_i' <Predicate = (!exitcond4_i)> <Delay = 0.00>
ST_5 : Operation 1090 [1/1] (4.17ns)   --->   "%r_V_7_8_i = mul i16 %OP2_V_7_i, %OP1_V_7_8_i" [ADSD/Classifier.cpp:70->ADSD/Classifier.cpp:133]   --->   Operation 1090 'mul' 'r_V_7_8_i' <Predicate = (!exitcond4_i)> <Delay = 4.17> <Core = "Mul">   --->   Core 16 'Mul' <Latency = 0> <II = 1> <Delay = 3.74> <FuncUnit> <Opcode : 'mul'> <InPorts = 2> <OutPorts = 1>
ST_5 : Operation 1091 [1/1] (0.00ns)   --->   "%tmp_24_7_8_i = call i30 @_ssdm_op_BitConcatenate.i30.i16.i14(i16 %r_V_7_8_i, i14 0)" [ADSD/Classifier.cpp:71->ADSD/Classifier.cpp:133]   --->   Operation 1091 'bitconcatenate' 'tmp_24_7_8_i' <Predicate = (!exitcond4_i)> <Delay = 0.00>
ST_5 : Operation 1092 [1/1] (0.00ns)   --->   "%tmp_24_7_8_cast_i_ca = sext i30 %tmp_24_7_8_i to i31" [ADSD/Classifier.cpp:68->ADSD/Classifier.cpp:133]   --->   Operation 1092 'sext' 'tmp_24_7_8_cast_i_ca' <Predicate = (!exitcond4_i)> <Delay = 0.00>
ST_5 : Operation 1093 [1/1] (0.00ns)   --->   "%OP1_V_7_9_i = sext i8 %tmp_165_i to i16" [ADSD/Classifier.cpp:70->ADSD/Classifier.cpp:133]   --->   Operation 1093 'sext' 'OP1_V_7_9_i' <Predicate = (!exitcond4_i)> <Delay = 0.00>
ST_5 : Operation 1094 [1/1] (4.17ns)   --->   "%r_V_7_9_i = mul i16 %OP2_V_7_i, %OP1_V_7_9_i" [ADSD/Classifier.cpp:70->ADSD/Classifier.cpp:133]   --->   Operation 1094 'mul' 'r_V_7_9_i' <Predicate = (!exitcond4_i)> <Delay = 4.17> <Core = "Mul">   --->   Core 16 'Mul' <Latency = 0> <II = 1> <Delay = 3.74> <FuncUnit> <Opcode : 'mul'> <InPorts = 2> <OutPorts = 1>
ST_5 : Operation 1095 [1/1] (0.00ns)   --->   "%tmp_24_7_9_i = call i30 @_ssdm_op_BitConcatenate.i30.i16.i14(i16 %r_V_7_9_i, i14 0)" [ADSD/Classifier.cpp:71->ADSD/Classifier.cpp:133]   --->   Operation 1095 'bitconcatenate' 'tmp_24_7_9_i' <Predicate = (!exitcond4_i)> <Delay = 0.00>
ST_5 : Operation 1096 [1/1] (0.00ns)   --->   "%tmp_24_7_9_cast_i_ca = sext i30 %tmp_24_7_9_i to i31" [ADSD/Classifier.cpp:68->ADSD/Classifier.cpp:133]   --->   Operation 1096 'sext' 'tmp_24_7_9_cast_i_ca' <Predicate = (!exitcond4_i)> <Delay = 0.00>
ST_5 : Operation 1097 [1/1] (0.00ns)   --->   "%OP1_V_7_i_59 = sext i8 %tmp_166_i to i16" [ADSD/Classifier.cpp:70->ADSD/Classifier.cpp:133]   --->   Operation 1097 'sext' 'OP1_V_7_i_59' <Predicate = (!exitcond4_i)> <Delay = 0.00>
ST_5 : Operation 1098 [1/1] (4.17ns)   --->   "%r_V_7_i_60 = mul i16 %OP2_V_7_i, %OP1_V_7_i_59" [ADSD/Classifier.cpp:70->ADSD/Classifier.cpp:133]   --->   Operation 1098 'mul' 'r_V_7_i_60' <Predicate = (!exitcond4_i)> <Delay = 4.17> <Core = "Mul">   --->   Core 16 'Mul' <Latency = 0> <II = 1> <Delay = 3.74> <FuncUnit> <Opcode : 'mul'> <InPorts = 2> <OutPorts = 1>
ST_5 : Operation 1099 [1/1] (0.00ns)   --->   "%tmp_24_7_i_61 = call i30 @_ssdm_op_BitConcatenate.i30.i16.i14(i16 %r_V_7_i_60, i14 0)" [ADSD/Classifier.cpp:71->ADSD/Classifier.cpp:133]   --->   Operation 1099 'bitconcatenate' 'tmp_24_7_i_61' <Predicate = (!exitcond4_i)> <Delay = 0.00>
ST_5 : Operation 1100 [1/1] (0.00ns)   --->   "%tmp_24_7_cast_i_cas = sext i30 %tmp_24_7_i_61 to i31" [ADSD/Classifier.cpp:68->ADSD/Classifier.cpp:133]   --->   Operation 1100 'sext' 'tmp_24_7_cast_i_cas' <Predicate = (!exitcond4_i)> <Delay = 0.00>
ST_5 : Operation 1101 [1/1] (0.00ns)   --->   "%OP1_V_7_10_i = sext i8 %tmp_167_i to i16" [ADSD/Classifier.cpp:70->ADSD/Classifier.cpp:133]   --->   Operation 1101 'sext' 'OP1_V_7_10_i' <Predicate = (!exitcond4_i)> <Delay = 0.00>
ST_5 : Operation 1102 [1/1] (4.17ns)   --->   "%r_V_7_10_i = mul i16 %OP2_V_7_i, %OP1_V_7_10_i" [ADSD/Classifier.cpp:70->ADSD/Classifier.cpp:133]   --->   Operation 1102 'mul' 'r_V_7_10_i' <Predicate = (!exitcond4_i)> <Delay = 4.17> <Core = "Mul">   --->   Core 16 'Mul' <Latency = 0> <II = 1> <Delay = 3.74> <FuncUnit> <Opcode : 'mul'> <InPorts = 2> <OutPorts = 1>
ST_5 : Operation 1103 [1/1] (0.00ns)   --->   "%tmp_24_7_10_i = call i30 @_ssdm_op_BitConcatenate.i30.i16.i14(i16 %r_V_7_10_i, i14 0)" [ADSD/Classifier.cpp:71->ADSD/Classifier.cpp:133]   --->   Operation 1103 'bitconcatenate' 'tmp_24_7_10_i' <Predicate = (!exitcond4_i)> <Delay = 0.00>
ST_5 : Operation 1104 [1/1] (0.00ns)   --->   "%tmp_24_7_10_cast_i_c = sext i30 %tmp_24_7_10_i to i31" [ADSD/Classifier.cpp:68->ADSD/Classifier.cpp:133]   --->   Operation 1104 'sext' 'tmp_24_7_10_cast_i_c' <Predicate = (!exitcond4_i)> <Delay = 0.00>
ST_5 : Operation 1105 [1/1] (0.00ns)   --->   "%OP1_V_7_11_i = sext i8 %tmp_168_i to i16" [ADSD/Classifier.cpp:70->ADSD/Classifier.cpp:133]   --->   Operation 1105 'sext' 'OP1_V_7_11_i' <Predicate = (!exitcond4_i)> <Delay = 0.00>
ST_5 : Operation 1106 [1/1] (4.17ns)   --->   "%r_V_7_11_i = mul i16 %OP2_V_7_i, %OP1_V_7_11_i" [ADSD/Classifier.cpp:70->ADSD/Classifier.cpp:133]   --->   Operation 1106 'mul' 'r_V_7_11_i' <Predicate = (!exitcond4_i)> <Delay = 4.17> <Core = "Mul">   --->   Core 16 'Mul' <Latency = 0> <II = 1> <Delay = 3.74> <FuncUnit> <Opcode : 'mul'> <InPorts = 2> <OutPorts = 1>
ST_5 : Operation 1107 [1/1] (0.00ns)   --->   "%tmp_24_7_11_i = call i30 @_ssdm_op_BitConcatenate.i30.i16.i14(i16 %r_V_7_11_i, i14 0)" [ADSD/Classifier.cpp:71->ADSD/Classifier.cpp:133]   --->   Operation 1107 'bitconcatenate' 'tmp_24_7_11_i' <Predicate = (!exitcond4_i)> <Delay = 0.00>
ST_5 : Operation 1108 [1/1] (0.00ns)   --->   "%tmp_24_7_11_cast_i_c = sext i30 %tmp_24_7_11_i to i31" [ADSD/Classifier.cpp:68->ADSD/Classifier.cpp:133]   --->   Operation 1108 'sext' 'tmp_24_7_11_cast_i_c' <Predicate = (!exitcond4_i)> <Delay = 0.00>
ST_5 : Operation 1109 [1/1] (0.00ns)   --->   "%OP1_V_7_12_i = sext i8 %tmp_169_i to i16" [ADSD/Classifier.cpp:70->ADSD/Classifier.cpp:133]   --->   Operation 1109 'sext' 'OP1_V_7_12_i' <Predicate = (!exitcond4_i)> <Delay = 0.00>
ST_5 : Operation 1110 [1/1] (4.17ns)   --->   "%r_V_7_12_i = mul i16 %OP2_V_7_i, %OP1_V_7_12_i" [ADSD/Classifier.cpp:70->ADSD/Classifier.cpp:133]   --->   Operation 1110 'mul' 'r_V_7_12_i' <Predicate = (!exitcond4_i)> <Delay = 4.17> <Core = "Mul">   --->   Core 16 'Mul' <Latency = 0> <II = 1> <Delay = 3.74> <FuncUnit> <Opcode : 'mul'> <InPorts = 2> <OutPorts = 1>
ST_5 : Operation 1111 [1/1] (0.00ns)   --->   "%tmp_24_7_12_i = call i30 @_ssdm_op_BitConcatenate.i30.i16.i14(i16 %r_V_7_12_i, i14 0)" [ADSD/Classifier.cpp:71->ADSD/Classifier.cpp:133]   --->   Operation 1111 'bitconcatenate' 'tmp_24_7_12_i' <Predicate = (!exitcond4_i)> <Delay = 0.00>
ST_5 : Operation 1112 [1/1] (0.00ns)   --->   "%tmp_24_7_12_cast_i_c = sext i30 %tmp_24_7_12_i to i31" [ADSD/Classifier.cpp:68->ADSD/Classifier.cpp:133]   --->   Operation 1112 'sext' 'tmp_24_7_12_cast_i_c' <Predicate = (!exitcond4_i)> <Delay = 0.00>
ST_5 : Operation 1113 [1/1] (0.00ns)   --->   "%OP1_V_7_13_i = sext i8 %tmp_172_i to i16" [ADSD/Classifier.cpp:70->ADSD/Classifier.cpp:133]   --->   Operation 1113 'sext' 'OP1_V_7_13_i' <Predicate = (!exitcond4_i)> <Delay = 0.00>
ST_5 : Operation 1114 [1/1] (4.17ns)   --->   "%r_V_7_13_i = mul i16 %OP2_V_7_i, %OP1_V_7_13_i" [ADSD/Classifier.cpp:70->ADSD/Classifier.cpp:133]   --->   Operation 1114 'mul' 'r_V_7_13_i' <Predicate = (!exitcond4_i)> <Delay = 4.17> <Core = "Mul">   --->   Core 16 'Mul' <Latency = 0> <II = 1> <Delay = 3.74> <FuncUnit> <Opcode : 'mul'> <InPorts = 2> <OutPorts = 1>
ST_5 : Operation 1115 [1/1] (0.00ns)   --->   "%tmp_24_7_13_i = call i30 @_ssdm_op_BitConcatenate.i30.i16.i14(i16 %r_V_7_13_i, i14 0)" [ADSD/Classifier.cpp:71->ADSD/Classifier.cpp:133]   --->   Operation 1115 'bitconcatenate' 'tmp_24_7_13_i' <Predicate = (!exitcond4_i)> <Delay = 0.00>
ST_5 : Operation 1116 [1/1] (0.00ns)   --->   "%tmp_24_7_13_cast_i_c = sext i30 %tmp_24_7_13_i to i31" [ADSD/Classifier.cpp:68->ADSD/Classifier.cpp:133]   --->   Operation 1116 'sext' 'tmp_24_7_13_cast_i_c' <Predicate = (!exitcond4_i)> <Delay = 0.00>
ST_5 : Operation 1117 [1/1] (0.00ns)   --->   "%OP1_V_7_14_i = sext i8 %tmp_173_i to i16" [ADSD/Classifier.cpp:70->ADSD/Classifier.cpp:133]   --->   Operation 1117 'sext' 'OP1_V_7_14_i' <Predicate = (!exitcond4_i)> <Delay = 0.00>
ST_5 : Operation 1118 [1/1] (4.17ns)   --->   "%r_V_7_14_i = mul i16 %OP2_V_7_i, %OP1_V_7_14_i" [ADSD/Classifier.cpp:70->ADSD/Classifier.cpp:133]   --->   Operation 1118 'mul' 'r_V_7_14_i' <Predicate = (!exitcond4_i)> <Delay = 4.17> <Core = "Mul">   --->   Core 16 'Mul' <Latency = 0> <II = 1> <Delay = 3.74> <FuncUnit> <Opcode : 'mul'> <InPorts = 2> <OutPorts = 1>
ST_5 : Operation 1119 [1/1] (0.00ns)   --->   "%tmp_24_7_14_i = call i30 @_ssdm_op_BitConcatenate.i30.i16.i14(i16 %r_V_7_14_i, i14 0)" [ADSD/Classifier.cpp:71->ADSD/Classifier.cpp:133]   --->   Operation 1119 'bitconcatenate' 'tmp_24_7_14_i' <Predicate = (!exitcond4_i)> <Delay = 0.00>
ST_5 : Operation 1120 [1/1] (0.00ns)   --->   "%tmp_24_7_14_cast_i_c = sext i30 %tmp_24_7_14_i to i31" [ADSD/Classifier.cpp:71->ADSD/Classifier.cpp:133]   --->   Operation 1120 'sext' 'tmp_24_7_14_cast_i_c' <Predicate = (!exitcond4_i)> <Delay = 0.00>
ST_5 : Operation 1121 [1/1] (0.00ns)   --->   "%tmp_24_8_i = call i30 @_ssdm_op_BitConcatenate.i30.i16.i14(i16 %r_V_8_i, i14 0)" [ADSD/Classifier.cpp:71->ADSD/Classifier.cpp:133]   --->   Operation 1121 'bitconcatenate' 'tmp_24_8_i' <Predicate = (!exitcond4_i)> <Delay = 0.00>
ST_5 : Operation 1122 [1/1] (0.00ns)   --->   "%tmp_24_8_cast_i_cast = sext i30 %tmp_24_8_i to i31" [ADSD/Classifier.cpp:68->ADSD/Classifier.cpp:133]   --->   Operation 1122 'sext' 'tmp_24_8_cast_i_cast' <Predicate = (!exitcond4_i)> <Delay = 0.00>
ST_5 : Operation 1123 [1/1] (0.00ns)   --->   "%tmp_24_8_1_i = call i30 @_ssdm_op_BitConcatenate.i30.i16.i14(i16 %r_V_8_1_i, i14 0)" [ADSD/Classifier.cpp:71->ADSD/Classifier.cpp:133]   --->   Operation 1123 'bitconcatenate' 'tmp_24_8_1_i' <Predicate = (!exitcond4_i)> <Delay = 0.00>
ST_5 : Operation 1124 [1/1] (0.00ns)   --->   "%tmp_24_8_1_cast_i_ca = sext i30 %tmp_24_8_1_i to i31" [ADSD/Classifier.cpp:68->ADSD/Classifier.cpp:133]   --->   Operation 1124 'sext' 'tmp_24_8_1_cast_i_ca' <Predicate = (!exitcond4_i)> <Delay = 0.00>
ST_5 : Operation 1125 [1/1] (0.00ns)   --->   "%tmp_24_8_2_i = call i30 @_ssdm_op_BitConcatenate.i30.i16.i14(i16 %r_V_8_2_i, i14 0)" [ADSD/Classifier.cpp:71->ADSD/Classifier.cpp:133]   --->   Operation 1125 'bitconcatenate' 'tmp_24_8_2_i' <Predicate = (!exitcond4_i)> <Delay = 0.00>
ST_5 : Operation 1126 [1/1] (0.00ns)   --->   "%tmp_24_8_2_cast_i_ca = sext i30 %tmp_24_8_2_i to i31" [ADSD/Classifier.cpp:68->ADSD/Classifier.cpp:133]   --->   Operation 1126 'sext' 'tmp_24_8_2_cast_i_ca' <Predicate = (!exitcond4_i)> <Delay = 0.00>
ST_5 : Operation 1127 [1/1] (0.00ns)   --->   "%tmp_24_8_3_i = call i30 @_ssdm_op_BitConcatenate.i30.i16.i14(i16 %r_V_8_3_i, i14 0)" [ADSD/Classifier.cpp:71->ADSD/Classifier.cpp:133]   --->   Operation 1127 'bitconcatenate' 'tmp_24_8_3_i' <Predicate = (!exitcond4_i)> <Delay = 0.00>
ST_5 : Operation 1128 [1/1] (0.00ns)   --->   "%tmp_24_8_3_cast_i_ca = sext i30 %tmp_24_8_3_i to i31" [ADSD/Classifier.cpp:68->ADSD/Classifier.cpp:133]   --->   Operation 1128 'sext' 'tmp_24_8_3_cast_i_ca' <Predicate = (!exitcond4_i)> <Delay = 0.00>
ST_5 : Operation 1129 [1/1] (0.00ns)   --->   "%tmp_24_8_4_i = call i30 @_ssdm_op_BitConcatenate.i30.i16.i14(i16 %r_V_8_4_i, i14 0)" [ADSD/Classifier.cpp:71->ADSD/Classifier.cpp:133]   --->   Operation 1129 'bitconcatenate' 'tmp_24_8_4_i' <Predicate = (!exitcond4_i)> <Delay = 0.00>
ST_5 : Operation 1130 [1/1] (0.00ns)   --->   "%tmp_24_8_4_cast_i_ca = sext i30 %tmp_24_8_4_i to i31" [ADSD/Classifier.cpp:68->ADSD/Classifier.cpp:133]   --->   Operation 1130 'sext' 'tmp_24_8_4_cast_i_ca' <Predicate = (!exitcond4_i)> <Delay = 0.00>
ST_5 : Operation 1131 [1/1] (0.00ns)   --->   "%tmp_24_8_5_i = call i30 @_ssdm_op_BitConcatenate.i30.i16.i14(i16 %r_V_8_5_i, i14 0)" [ADSD/Classifier.cpp:71->ADSD/Classifier.cpp:133]   --->   Operation 1131 'bitconcatenate' 'tmp_24_8_5_i' <Predicate = (!exitcond4_i)> <Delay = 0.00>
ST_5 : Operation 1132 [1/1] (0.00ns)   --->   "%tmp_24_8_5_cast_i_ca = sext i30 %tmp_24_8_5_i to i31" [ADSD/Classifier.cpp:68->ADSD/Classifier.cpp:133]   --->   Operation 1132 'sext' 'tmp_24_8_5_cast_i_ca' <Predicate = (!exitcond4_i)> <Delay = 0.00>
ST_5 : Operation 1133 [1/1] (0.00ns)   --->   "%tmp_24_8_6_i = call i30 @_ssdm_op_BitConcatenate.i30.i16.i14(i16 %r_V_8_6_i, i14 0)" [ADSD/Classifier.cpp:71->ADSD/Classifier.cpp:133]   --->   Operation 1133 'bitconcatenate' 'tmp_24_8_6_i' <Predicate = (!exitcond4_i)> <Delay = 0.00>
ST_5 : Operation 1134 [1/1] (0.00ns)   --->   "%tmp_24_8_6_cast_i_ca = sext i30 %tmp_24_8_6_i to i31" [ADSD/Classifier.cpp:68->ADSD/Classifier.cpp:133]   --->   Operation 1134 'sext' 'tmp_24_8_6_cast_i_ca' <Predicate = (!exitcond4_i)> <Delay = 0.00>
ST_5 : Operation 1135 [1/1] (0.00ns)   --->   "%tmp_24_8_7_i = call i30 @_ssdm_op_BitConcatenate.i30.i16.i14(i16 %r_V_8_7_i, i14 0)" [ADSD/Classifier.cpp:71->ADSD/Classifier.cpp:133]   --->   Operation 1135 'bitconcatenate' 'tmp_24_8_7_i' <Predicate = (!exitcond4_i)> <Delay = 0.00>
ST_5 : Operation 1136 [1/1] (0.00ns)   --->   "%tmp_24_8_7_cast_i_ca = sext i30 %tmp_24_8_7_i to i31" [ADSD/Classifier.cpp:68->ADSD/Classifier.cpp:133]   --->   Operation 1136 'sext' 'tmp_24_8_7_cast_i_ca' <Predicate = (!exitcond4_i)> <Delay = 0.00>
ST_5 : Operation 1137 [1/1] (0.00ns)   --->   "%tmp_24_8_8_i = call i30 @_ssdm_op_BitConcatenate.i30.i16.i14(i16 %r_V_8_8_i, i14 0)" [ADSD/Classifier.cpp:71->ADSD/Classifier.cpp:133]   --->   Operation 1137 'bitconcatenate' 'tmp_24_8_8_i' <Predicate = (!exitcond4_i)> <Delay = 0.00>
ST_5 : Operation 1138 [1/1] (0.00ns)   --->   "%tmp_24_8_8_cast_i_ca = sext i30 %tmp_24_8_8_i to i31" [ADSD/Classifier.cpp:68->ADSD/Classifier.cpp:133]   --->   Operation 1138 'sext' 'tmp_24_8_8_cast_i_ca' <Predicate = (!exitcond4_i)> <Delay = 0.00>
ST_5 : Operation 1139 [1/1] (0.00ns)   --->   "%tmp_24_8_9_i = call i30 @_ssdm_op_BitConcatenate.i30.i16.i14(i16 %r_V_8_9_i, i14 0)" [ADSD/Classifier.cpp:71->ADSD/Classifier.cpp:133]   --->   Operation 1139 'bitconcatenate' 'tmp_24_8_9_i' <Predicate = (!exitcond4_i)> <Delay = 0.00>
ST_5 : Operation 1140 [1/1] (0.00ns)   --->   "%tmp_24_8_9_cast_i_ca = sext i30 %tmp_24_8_9_i to i31" [ADSD/Classifier.cpp:68->ADSD/Classifier.cpp:133]   --->   Operation 1140 'sext' 'tmp_24_8_9_cast_i_ca' <Predicate = (!exitcond4_i)> <Delay = 0.00>
ST_5 : Operation 1141 [1/1] (0.00ns)   --->   "%tmp_24_8_i_64 = call i30 @_ssdm_op_BitConcatenate.i30.i16.i14(i16 %r_V_8_i_63, i14 0)" [ADSD/Classifier.cpp:71->ADSD/Classifier.cpp:133]   --->   Operation 1141 'bitconcatenate' 'tmp_24_8_i_64' <Predicate = (!exitcond4_i)> <Delay = 0.00>
ST_5 : Operation 1142 [1/1] (0.00ns)   --->   "%tmp_24_8_cast_i_cas = sext i30 %tmp_24_8_i_64 to i31" [ADSD/Classifier.cpp:68->ADSD/Classifier.cpp:133]   --->   Operation 1142 'sext' 'tmp_24_8_cast_i_cas' <Predicate = (!exitcond4_i)> <Delay = 0.00>
ST_5 : Operation 1143 [1/1] (0.00ns)   --->   "%tmp_24_8_10_i = call i30 @_ssdm_op_BitConcatenate.i30.i16.i14(i16 %r_V_8_10_i, i14 0)" [ADSD/Classifier.cpp:71->ADSD/Classifier.cpp:133]   --->   Operation 1143 'bitconcatenate' 'tmp_24_8_10_i' <Predicate = (!exitcond4_i)> <Delay = 0.00>
ST_5 : Operation 1144 [1/1] (0.00ns)   --->   "%tmp_24_8_10_cast_i_c = sext i30 %tmp_24_8_10_i to i31" [ADSD/Classifier.cpp:68->ADSD/Classifier.cpp:133]   --->   Operation 1144 'sext' 'tmp_24_8_10_cast_i_c' <Predicate = (!exitcond4_i)> <Delay = 0.00>
ST_5 : Operation 1145 [1/1] (0.00ns)   --->   "%tmp_24_8_11_i = call i30 @_ssdm_op_BitConcatenate.i30.i16.i14(i16 %r_V_8_11_i, i14 0)" [ADSD/Classifier.cpp:71->ADSD/Classifier.cpp:133]   --->   Operation 1145 'bitconcatenate' 'tmp_24_8_11_i' <Predicate = (!exitcond4_i)> <Delay = 0.00>
ST_5 : Operation 1146 [1/1] (0.00ns)   --->   "%tmp_24_8_11_cast_i_c = sext i30 %tmp_24_8_11_i to i31" [ADSD/Classifier.cpp:68->ADSD/Classifier.cpp:133]   --->   Operation 1146 'sext' 'tmp_24_8_11_cast_i_c' <Predicate = (!exitcond4_i)> <Delay = 0.00>
ST_5 : Operation 1147 [1/1] (0.00ns)   --->   "%tmp_24_8_12_i = call i30 @_ssdm_op_BitConcatenate.i30.i16.i14(i16 %r_V_8_12_i, i14 0)" [ADSD/Classifier.cpp:71->ADSD/Classifier.cpp:133]   --->   Operation 1147 'bitconcatenate' 'tmp_24_8_12_i' <Predicate = (!exitcond4_i)> <Delay = 0.00>
ST_5 : Operation 1148 [1/1] (0.00ns)   --->   "%tmp_24_8_12_cast_i_c = sext i30 %tmp_24_8_12_i to i31" [ADSD/Classifier.cpp:68->ADSD/Classifier.cpp:133]   --->   Operation 1148 'sext' 'tmp_24_8_12_cast_i_c' <Predicate = (!exitcond4_i)> <Delay = 0.00>
ST_5 : Operation 1149 [1/1] (0.00ns)   --->   "%tmp_24_8_13_i = call i30 @_ssdm_op_BitConcatenate.i30.i16.i14(i16 %r_V_8_13_i, i14 0)" [ADSD/Classifier.cpp:71->ADSD/Classifier.cpp:133]   --->   Operation 1149 'bitconcatenate' 'tmp_24_8_13_i' <Predicate = (!exitcond4_i)> <Delay = 0.00>
ST_5 : Operation 1150 [1/1] (0.00ns)   --->   "%tmp_24_8_13_cast_i_c = sext i30 %tmp_24_8_13_i to i31" [ADSD/Classifier.cpp:68->ADSD/Classifier.cpp:133]   --->   Operation 1150 'sext' 'tmp_24_8_13_cast_i_c' <Predicate = (!exitcond4_i)> <Delay = 0.00>
ST_5 : Operation 1151 [1/1] (0.00ns)   --->   "%tmp_24_8_14_i = call i30 @_ssdm_op_BitConcatenate.i30.i16.i14(i16 %r_V_8_14_i, i14 0)" [ADSD/Classifier.cpp:71->ADSD/Classifier.cpp:133]   --->   Operation 1151 'bitconcatenate' 'tmp_24_8_14_i' <Predicate = (!exitcond4_i)> <Delay = 0.00>
ST_5 : Operation 1152 [1/1] (0.00ns)   --->   "%tmp_24_8_14_cast_i_c = sext i30 %tmp_24_8_14_i to i31" [ADSD/Classifier.cpp:71->ADSD/Classifier.cpp:133]   --->   Operation 1152 'sext' 'tmp_24_8_14_cast_i_c' <Predicate = (!exitcond4_i)> <Delay = 0.00>
ST_5 : Operation 1153 [1/1] (0.00ns)   --->   "%tmp_24_9_i = call i30 @_ssdm_op_BitConcatenate.i30.i16.i14(i16 %r_V_9_i, i14 0)" [ADSD/Classifier.cpp:71->ADSD/Classifier.cpp:133]   --->   Operation 1153 'bitconcatenate' 'tmp_24_9_i' <Predicate = (!exitcond4_i)> <Delay = 0.00>
ST_5 : Operation 1154 [1/1] (0.00ns)   --->   "%tmp_24_9_cast_i_cast = sext i30 %tmp_24_9_i to i31" [ADSD/Classifier.cpp:68->ADSD/Classifier.cpp:133]   --->   Operation 1154 'sext' 'tmp_24_9_cast_i_cast' <Predicate = (!exitcond4_i)> <Delay = 0.00>
ST_5 : Operation 1155 [1/1] (0.00ns)   --->   "%tmp_24_9_1_i = call i30 @_ssdm_op_BitConcatenate.i30.i16.i14(i16 %r_V_9_1_i, i14 0)" [ADSD/Classifier.cpp:71->ADSD/Classifier.cpp:133]   --->   Operation 1155 'bitconcatenate' 'tmp_24_9_1_i' <Predicate = (!exitcond4_i)> <Delay = 0.00>
ST_5 : Operation 1156 [1/1] (0.00ns)   --->   "%tmp_24_9_1_cast_i_ca = sext i30 %tmp_24_9_1_i to i31" [ADSD/Classifier.cpp:68->ADSD/Classifier.cpp:133]   --->   Operation 1156 'sext' 'tmp_24_9_1_cast_i_ca' <Predicate = (!exitcond4_i)> <Delay = 0.00>
ST_5 : Operation 1157 [1/1] (0.00ns)   --->   "%tmp_24_9_2_i = call i30 @_ssdm_op_BitConcatenate.i30.i16.i14(i16 %r_V_9_2_i, i14 0)" [ADSD/Classifier.cpp:71->ADSD/Classifier.cpp:133]   --->   Operation 1157 'bitconcatenate' 'tmp_24_9_2_i' <Predicate = (!exitcond4_i)> <Delay = 0.00>
ST_5 : Operation 1158 [1/1] (0.00ns)   --->   "%tmp_24_9_2_cast_i_ca = sext i30 %tmp_24_9_2_i to i31" [ADSD/Classifier.cpp:68->ADSD/Classifier.cpp:133]   --->   Operation 1158 'sext' 'tmp_24_9_2_cast_i_ca' <Predicate = (!exitcond4_i)> <Delay = 0.00>
ST_5 : Operation 1159 [1/1] (0.00ns)   --->   "%tmp_24_9_3_i = call i30 @_ssdm_op_BitConcatenate.i30.i16.i14(i16 %r_V_9_3_i, i14 0)" [ADSD/Classifier.cpp:71->ADSD/Classifier.cpp:133]   --->   Operation 1159 'bitconcatenate' 'tmp_24_9_3_i' <Predicate = (!exitcond4_i)> <Delay = 0.00>
ST_5 : Operation 1160 [1/1] (0.00ns)   --->   "%tmp_24_9_3_cast_i_ca = sext i30 %tmp_24_9_3_i to i31" [ADSD/Classifier.cpp:68->ADSD/Classifier.cpp:133]   --->   Operation 1160 'sext' 'tmp_24_9_3_cast_i_ca' <Predicate = (!exitcond4_i)> <Delay = 0.00>
ST_5 : Operation 1161 [1/1] (0.00ns)   --->   "%tmp_24_9_4_i = call i30 @_ssdm_op_BitConcatenate.i30.i16.i14(i16 %r_V_9_4_i, i14 0)" [ADSD/Classifier.cpp:71->ADSD/Classifier.cpp:133]   --->   Operation 1161 'bitconcatenate' 'tmp_24_9_4_i' <Predicate = (!exitcond4_i)> <Delay = 0.00>
ST_5 : Operation 1162 [1/1] (0.00ns)   --->   "%tmp_24_9_4_cast_i_ca = sext i30 %tmp_24_9_4_i to i31" [ADSD/Classifier.cpp:68->ADSD/Classifier.cpp:133]   --->   Operation 1162 'sext' 'tmp_24_9_4_cast_i_ca' <Predicate = (!exitcond4_i)> <Delay = 0.00>
ST_5 : Operation 1163 [1/1] (0.00ns)   --->   "%tmp_24_9_5_i = call i30 @_ssdm_op_BitConcatenate.i30.i16.i14(i16 %r_V_9_5_i, i14 0)" [ADSD/Classifier.cpp:71->ADSD/Classifier.cpp:133]   --->   Operation 1163 'bitconcatenate' 'tmp_24_9_5_i' <Predicate = (!exitcond4_i)> <Delay = 0.00>
ST_5 : Operation 1164 [1/1] (0.00ns)   --->   "%tmp_24_9_5_cast_i_ca = sext i30 %tmp_24_9_5_i to i31" [ADSD/Classifier.cpp:68->ADSD/Classifier.cpp:133]   --->   Operation 1164 'sext' 'tmp_24_9_5_cast_i_ca' <Predicate = (!exitcond4_i)> <Delay = 0.00>
ST_5 : Operation 1165 [1/1] (0.00ns)   --->   "%tmp_24_9_6_i = call i30 @_ssdm_op_BitConcatenate.i30.i16.i14(i16 %r_V_9_6_i, i14 0)" [ADSD/Classifier.cpp:71->ADSD/Classifier.cpp:133]   --->   Operation 1165 'bitconcatenate' 'tmp_24_9_6_i' <Predicate = (!exitcond4_i)> <Delay = 0.00>
ST_5 : Operation 1166 [1/1] (0.00ns)   --->   "%tmp_24_9_6_cast_i_ca = sext i30 %tmp_24_9_6_i to i31" [ADSD/Classifier.cpp:68->ADSD/Classifier.cpp:133]   --->   Operation 1166 'sext' 'tmp_24_9_6_cast_i_ca' <Predicate = (!exitcond4_i)> <Delay = 0.00>
ST_5 : Operation 1167 [1/1] (0.00ns)   --->   "%tmp_24_9_7_i = call i30 @_ssdm_op_BitConcatenate.i30.i16.i14(i16 %r_V_9_7_i, i14 0)" [ADSD/Classifier.cpp:71->ADSD/Classifier.cpp:133]   --->   Operation 1167 'bitconcatenate' 'tmp_24_9_7_i' <Predicate = (!exitcond4_i)> <Delay = 0.00>
ST_5 : Operation 1168 [1/1] (0.00ns)   --->   "%tmp_24_9_7_cast_i_ca = sext i30 %tmp_24_9_7_i to i31" [ADSD/Classifier.cpp:68->ADSD/Classifier.cpp:133]   --->   Operation 1168 'sext' 'tmp_24_9_7_cast_i_ca' <Predicate = (!exitcond4_i)> <Delay = 0.00>
ST_5 : Operation 1169 [1/1] (0.00ns)   --->   "%tmp_24_9_8_i = call i30 @_ssdm_op_BitConcatenate.i30.i16.i14(i16 %r_V_9_8_i, i14 0)" [ADSD/Classifier.cpp:71->ADSD/Classifier.cpp:133]   --->   Operation 1169 'bitconcatenate' 'tmp_24_9_8_i' <Predicate = (!exitcond4_i)> <Delay = 0.00>
ST_5 : Operation 1170 [1/1] (0.00ns)   --->   "%tmp_24_9_8_cast_i_ca = sext i30 %tmp_24_9_8_i to i31" [ADSD/Classifier.cpp:68->ADSD/Classifier.cpp:133]   --->   Operation 1170 'sext' 'tmp_24_9_8_cast_i_ca' <Predicate = (!exitcond4_i)> <Delay = 0.00>
ST_5 : Operation 1171 [1/1] (0.00ns)   --->   "%tmp_24_9_9_i = call i30 @_ssdm_op_BitConcatenate.i30.i16.i14(i16 %r_V_9_9_i, i14 0)" [ADSD/Classifier.cpp:71->ADSD/Classifier.cpp:133]   --->   Operation 1171 'bitconcatenate' 'tmp_24_9_9_i' <Predicate = (!exitcond4_i)> <Delay = 0.00>
ST_5 : Operation 1172 [1/1] (0.00ns)   --->   "%tmp_24_9_9_cast_i_ca = sext i30 %tmp_24_9_9_i to i31" [ADSD/Classifier.cpp:68->ADSD/Classifier.cpp:133]   --->   Operation 1172 'sext' 'tmp_24_9_9_cast_i_ca' <Predicate = (!exitcond4_i)> <Delay = 0.00>
ST_5 : Operation 1173 [1/1] (0.00ns)   --->   "%tmp_24_9_i_67 = call i30 @_ssdm_op_BitConcatenate.i30.i16.i14(i16 %r_V_9_i_66, i14 0)" [ADSD/Classifier.cpp:71->ADSD/Classifier.cpp:133]   --->   Operation 1173 'bitconcatenate' 'tmp_24_9_i_67' <Predicate = (!exitcond4_i)> <Delay = 0.00>
ST_5 : Operation 1174 [1/1] (0.00ns)   --->   "%tmp_24_9_cast_i_cas = sext i30 %tmp_24_9_i_67 to i31" [ADSD/Classifier.cpp:68->ADSD/Classifier.cpp:133]   --->   Operation 1174 'sext' 'tmp_24_9_cast_i_cas' <Predicate = (!exitcond4_i)> <Delay = 0.00>
ST_5 : Operation 1175 [1/1] (0.00ns)   --->   "%tmp_24_9_10_i = call i30 @_ssdm_op_BitConcatenate.i30.i16.i14(i16 %r_V_9_10_i, i14 0)" [ADSD/Classifier.cpp:71->ADSD/Classifier.cpp:133]   --->   Operation 1175 'bitconcatenate' 'tmp_24_9_10_i' <Predicate = (!exitcond4_i)> <Delay = 0.00>
ST_5 : Operation 1176 [1/1] (0.00ns)   --->   "%tmp_24_9_10_cast_i_c = sext i30 %tmp_24_9_10_i to i31" [ADSD/Classifier.cpp:68->ADSD/Classifier.cpp:133]   --->   Operation 1176 'sext' 'tmp_24_9_10_cast_i_c' <Predicate = (!exitcond4_i)> <Delay = 0.00>
ST_5 : Operation 1177 [1/1] (0.00ns)   --->   "%tmp_24_9_11_i = call i30 @_ssdm_op_BitConcatenate.i30.i16.i14(i16 %r_V_9_11_i, i14 0)" [ADSD/Classifier.cpp:71->ADSD/Classifier.cpp:133]   --->   Operation 1177 'bitconcatenate' 'tmp_24_9_11_i' <Predicate = (!exitcond4_i)> <Delay = 0.00>
ST_5 : Operation 1178 [1/1] (0.00ns)   --->   "%tmp_24_9_11_cast_i_c = sext i30 %tmp_24_9_11_i to i31" [ADSD/Classifier.cpp:68->ADSD/Classifier.cpp:133]   --->   Operation 1178 'sext' 'tmp_24_9_11_cast_i_c' <Predicate = (!exitcond4_i)> <Delay = 0.00>
ST_5 : Operation 1179 [1/1] (0.00ns)   --->   "%tmp_24_9_12_i = call i30 @_ssdm_op_BitConcatenate.i30.i16.i14(i16 %r_V_9_12_i, i14 0)" [ADSD/Classifier.cpp:71->ADSD/Classifier.cpp:133]   --->   Operation 1179 'bitconcatenate' 'tmp_24_9_12_i' <Predicate = (!exitcond4_i)> <Delay = 0.00>
ST_5 : Operation 1180 [1/1] (0.00ns)   --->   "%tmp_24_9_12_cast_i_c = sext i30 %tmp_24_9_12_i to i31" [ADSD/Classifier.cpp:68->ADSD/Classifier.cpp:133]   --->   Operation 1180 'sext' 'tmp_24_9_12_cast_i_c' <Predicate = (!exitcond4_i)> <Delay = 0.00>
ST_5 : Operation 1181 [1/1] (0.00ns)   --->   "%tmp_24_9_13_i = call i30 @_ssdm_op_BitConcatenate.i30.i16.i14(i16 %r_V_9_13_i, i14 0)" [ADSD/Classifier.cpp:71->ADSD/Classifier.cpp:133]   --->   Operation 1181 'bitconcatenate' 'tmp_24_9_13_i' <Predicate = (!exitcond4_i)> <Delay = 0.00>
ST_5 : Operation 1182 [1/1] (0.00ns)   --->   "%tmp_24_9_13_cast_i_c = sext i30 %tmp_24_9_13_i to i31" [ADSD/Classifier.cpp:68->ADSD/Classifier.cpp:133]   --->   Operation 1182 'sext' 'tmp_24_9_13_cast_i_c' <Predicate = (!exitcond4_i)> <Delay = 0.00>
ST_5 : Operation 1183 [1/1] (0.00ns)   --->   "%tmp_24_9_14_i = call i30 @_ssdm_op_BitConcatenate.i30.i16.i14(i16 %r_V_9_14_i, i14 0)" [ADSD/Classifier.cpp:71->ADSD/Classifier.cpp:133]   --->   Operation 1183 'bitconcatenate' 'tmp_24_9_14_i' <Predicate = (!exitcond4_i)> <Delay = 0.00>
ST_5 : Operation 1184 [1/1] (0.00ns)   --->   "%tmp_24_9_14_cast_i_c = sext i30 %tmp_24_9_14_i to i31" [ADSD/Classifier.cpp:71->ADSD/Classifier.cpp:133]   --->   Operation 1184 'sext' 'tmp_24_9_14_cast_i_c' <Predicate = (!exitcond4_i)> <Delay = 0.00>
ST_5 : Operation 1185 [1/1] (0.00ns)   --->   "%tmp_24_10_i = call i30 @_ssdm_op_BitConcatenate.i30.i16.i14(i16 %r_V_10_i, i14 0)" [ADSD/Classifier.cpp:71->ADSD/Classifier.cpp:133]   --->   Operation 1185 'bitconcatenate' 'tmp_24_10_i' <Predicate = (!exitcond4_i)> <Delay = 0.00>
ST_5 : Operation 1186 [1/1] (0.00ns)   --->   "%tmp_24_10_cast_i_cas = sext i30 %tmp_24_10_i to i31" [ADSD/Classifier.cpp:68->ADSD/Classifier.cpp:133]   --->   Operation 1186 'sext' 'tmp_24_10_cast_i_cas' <Predicate = (!exitcond4_i)> <Delay = 0.00>
ST_5 : Operation 1187 [1/1] (0.00ns)   --->   "%tmp_24_10_1_i = call i30 @_ssdm_op_BitConcatenate.i30.i16.i14(i16 %r_V_10_1_i, i14 0)" [ADSD/Classifier.cpp:71->ADSD/Classifier.cpp:133]   --->   Operation 1187 'bitconcatenate' 'tmp_24_10_1_i' <Predicate = (!exitcond4_i)> <Delay = 0.00>
ST_5 : Operation 1188 [1/1] (0.00ns)   --->   "%tmp_24_10_1_cast_i_c = sext i30 %tmp_24_10_1_i to i31" [ADSD/Classifier.cpp:68->ADSD/Classifier.cpp:133]   --->   Operation 1188 'sext' 'tmp_24_10_1_cast_i_c' <Predicate = (!exitcond4_i)> <Delay = 0.00>
ST_5 : Operation 1189 [1/1] (0.00ns)   --->   "%tmp_24_10_2_i = call i30 @_ssdm_op_BitConcatenate.i30.i16.i14(i16 %r_V_10_2_i, i14 0)" [ADSD/Classifier.cpp:71->ADSD/Classifier.cpp:133]   --->   Operation 1189 'bitconcatenate' 'tmp_24_10_2_i' <Predicate = (!exitcond4_i)> <Delay = 0.00>
ST_5 : Operation 1190 [1/1] (0.00ns)   --->   "%tmp_24_10_2_cast_i_c = sext i30 %tmp_24_10_2_i to i31" [ADSD/Classifier.cpp:68->ADSD/Classifier.cpp:133]   --->   Operation 1190 'sext' 'tmp_24_10_2_cast_i_c' <Predicate = (!exitcond4_i)> <Delay = 0.00>
ST_5 : Operation 1191 [1/1] (0.00ns)   --->   "%tmp_24_10_3_i = call i30 @_ssdm_op_BitConcatenate.i30.i16.i14(i16 %r_V_10_3_i, i14 0)" [ADSD/Classifier.cpp:71->ADSD/Classifier.cpp:133]   --->   Operation 1191 'bitconcatenate' 'tmp_24_10_3_i' <Predicate = (!exitcond4_i)> <Delay = 0.00>
ST_5 : Operation 1192 [1/1] (0.00ns)   --->   "%tmp_24_10_3_cast_i_c = sext i30 %tmp_24_10_3_i to i31" [ADSD/Classifier.cpp:68->ADSD/Classifier.cpp:133]   --->   Operation 1192 'sext' 'tmp_24_10_3_cast_i_c' <Predicate = (!exitcond4_i)> <Delay = 0.00>
ST_5 : Operation 1193 [1/1] (0.00ns)   --->   "%tmp_24_10_4_i = call i30 @_ssdm_op_BitConcatenate.i30.i16.i14(i16 %r_V_10_4_i, i14 0)" [ADSD/Classifier.cpp:71->ADSD/Classifier.cpp:133]   --->   Operation 1193 'bitconcatenate' 'tmp_24_10_4_i' <Predicate = (!exitcond4_i)> <Delay = 0.00>
ST_5 : Operation 1194 [1/1] (0.00ns)   --->   "%tmp_24_10_4_cast_i_c = sext i30 %tmp_24_10_4_i to i31" [ADSD/Classifier.cpp:68->ADSD/Classifier.cpp:133]   --->   Operation 1194 'sext' 'tmp_24_10_4_cast_i_c' <Predicate = (!exitcond4_i)> <Delay = 0.00>
ST_5 : Operation 1195 [1/1] (0.00ns)   --->   "%tmp_24_10_5_i = call i30 @_ssdm_op_BitConcatenate.i30.i16.i14(i16 %r_V_10_5_i, i14 0)" [ADSD/Classifier.cpp:71->ADSD/Classifier.cpp:133]   --->   Operation 1195 'bitconcatenate' 'tmp_24_10_5_i' <Predicate = (!exitcond4_i)> <Delay = 0.00>
ST_5 : Operation 1196 [1/1] (0.00ns)   --->   "%tmp_24_10_5_cast_i_c = sext i30 %tmp_24_10_5_i to i31" [ADSD/Classifier.cpp:68->ADSD/Classifier.cpp:133]   --->   Operation 1196 'sext' 'tmp_24_10_5_cast_i_c' <Predicate = (!exitcond4_i)> <Delay = 0.00>
ST_5 : Operation 1197 [1/1] (0.00ns)   --->   "%tmp_24_10_6_i = call i30 @_ssdm_op_BitConcatenate.i30.i16.i14(i16 %r_V_10_6_i, i14 0)" [ADSD/Classifier.cpp:71->ADSD/Classifier.cpp:133]   --->   Operation 1197 'bitconcatenate' 'tmp_24_10_6_i' <Predicate = (!exitcond4_i)> <Delay = 0.00>
ST_5 : Operation 1198 [1/1] (0.00ns)   --->   "%tmp_24_10_6_cast_i_c = sext i30 %tmp_24_10_6_i to i31" [ADSD/Classifier.cpp:68->ADSD/Classifier.cpp:133]   --->   Operation 1198 'sext' 'tmp_24_10_6_cast_i_c' <Predicate = (!exitcond4_i)> <Delay = 0.00>
ST_5 : Operation 1199 [1/1] (0.00ns)   --->   "%tmp_24_10_7_i = call i30 @_ssdm_op_BitConcatenate.i30.i16.i14(i16 %r_V_10_7_i, i14 0)" [ADSD/Classifier.cpp:71->ADSD/Classifier.cpp:133]   --->   Operation 1199 'bitconcatenate' 'tmp_24_10_7_i' <Predicate = (!exitcond4_i)> <Delay = 0.00>
ST_5 : Operation 1200 [1/1] (0.00ns)   --->   "%tmp_24_10_7_cast_i_c = sext i30 %tmp_24_10_7_i to i31" [ADSD/Classifier.cpp:68->ADSD/Classifier.cpp:133]   --->   Operation 1200 'sext' 'tmp_24_10_7_cast_i_c' <Predicate = (!exitcond4_i)> <Delay = 0.00>
ST_5 : Operation 1201 [1/1] (0.00ns)   --->   "%tmp_24_10_8_i = call i30 @_ssdm_op_BitConcatenate.i30.i16.i14(i16 %r_V_10_8_i, i14 0)" [ADSD/Classifier.cpp:71->ADSD/Classifier.cpp:133]   --->   Operation 1201 'bitconcatenate' 'tmp_24_10_8_i' <Predicate = (!exitcond4_i)> <Delay = 0.00>
ST_5 : Operation 1202 [1/1] (0.00ns)   --->   "%tmp_24_10_8_cast_i_c = sext i30 %tmp_24_10_8_i to i31" [ADSD/Classifier.cpp:68->ADSD/Classifier.cpp:133]   --->   Operation 1202 'sext' 'tmp_24_10_8_cast_i_c' <Predicate = (!exitcond4_i)> <Delay = 0.00>
ST_5 : Operation 1203 [1/1] (0.00ns)   --->   "%tmp_24_10_9_i = call i30 @_ssdm_op_BitConcatenate.i30.i16.i14(i16 %r_V_10_9_i, i14 0)" [ADSD/Classifier.cpp:71->ADSD/Classifier.cpp:133]   --->   Operation 1203 'bitconcatenate' 'tmp_24_10_9_i' <Predicate = (!exitcond4_i)> <Delay = 0.00>
ST_5 : Operation 1204 [1/1] (0.00ns)   --->   "%tmp_24_10_9_cast_i_c = sext i30 %tmp_24_10_9_i to i31" [ADSD/Classifier.cpp:68->ADSD/Classifier.cpp:133]   --->   Operation 1204 'sext' 'tmp_24_10_9_cast_i_c' <Predicate = (!exitcond4_i)> <Delay = 0.00>
ST_5 : Operation 1205 [1/1] (0.00ns)   --->   "%tmp_24_10_i_70 = call i30 @_ssdm_op_BitConcatenate.i30.i16.i14(i16 %r_V_10_i_69, i14 0)" [ADSD/Classifier.cpp:71->ADSD/Classifier.cpp:133]   --->   Operation 1205 'bitconcatenate' 'tmp_24_10_i_70' <Predicate = (!exitcond4_i)> <Delay = 0.00>
ST_5 : Operation 1206 [1/1] (0.00ns)   --->   "%tmp_24_10_cast_i_ca = sext i30 %tmp_24_10_i_70 to i31" [ADSD/Classifier.cpp:68->ADSD/Classifier.cpp:133]   --->   Operation 1206 'sext' 'tmp_24_10_cast_i_ca' <Predicate = (!exitcond4_i)> <Delay = 0.00>
ST_5 : Operation 1207 [1/1] (0.00ns)   --->   "%tmp_24_10_10_i = call i30 @_ssdm_op_BitConcatenate.i30.i16.i14(i16 %r_V_10_10_i, i14 0)" [ADSD/Classifier.cpp:71->ADSD/Classifier.cpp:133]   --->   Operation 1207 'bitconcatenate' 'tmp_24_10_10_i' <Predicate = (!exitcond4_i)> <Delay = 0.00>
ST_5 : Operation 1208 [1/1] (0.00ns)   --->   "%tmp_24_10_10_cast_i_s = sext i30 %tmp_24_10_10_i to i31" [ADSD/Classifier.cpp:68->ADSD/Classifier.cpp:133]   --->   Operation 1208 'sext' 'tmp_24_10_10_cast_i_s' <Predicate = (!exitcond4_i)> <Delay = 0.00>
ST_5 : Operation 1209 [1/1] (0.00ns)   --->   "%tmp_24_10_11_i = call i30 @_ssdm_op_BitConcatenate.i30.i16.i14(i16 %r_V_10_11_i, i14 0)" [ADSD/Classifier.cpp:71->ADSD/Classifier.cpp:133]   --->   Operation 1209 'bitconcatenate' 'tmp_24_10_11_i' <Predicate = (!exitcond4_i)> <Delay = 0.00>
ST_5 : Operation 1210 [1/1] (0.00ns)   --->   "%tmp_24_10_11_cast_i_s = sext i30 %tmp_24_10_11_i to i31" [ADSD/Classifier.cpp:68->ADSD/Classifier.cpp:133]   --->   Operation 1210 'sext' 'tmp_24_10_11_cast_i_s' <Predicate = (!exitcond4_i)> <Delay = 0.00>
ST_5 : Operation 1211 [1/1] (0.00ns)   --->   "%tmp_24_10_12_i = call i30 @_ssdm_op_BitConcatenate.i30.i16.i14(i16 %r_V_10_12_i, i14 0)" [ADSD/Classifier.cpp:71->ADSD/Classifier.cpp:133]   --->   Operation 1211 'bitconcatenate' 'tmp_24_10_12_i' <Predicate = (!exitcond4_i)> <Delay = 0.00>
ST_5 : Operation 1212 [1/1] (0.00ns)   --->   "%tmp_24_10_12_cast_i_s = sext i30 %tmp_24_10_12_i to i31" [ADSD/Classifier.cpp:68->ADSD/Classifier.cpp:133]   --->   Operation 1212 'sext' 'tmp_24_10_12_cast_i_s' <Predicate = (!exitcond4_i)> <Delay = 0.00>
ST_5 : Operation 1213 [1/1] (0.00ns)   --->   "%tmp_24_10_13_i = call i30 @_ssdm_op_BitConcatenate.i30.i16.i14(i16 %r_V_10_13_i, i14 0)" [ADSD/Classifier.cpp:71->ADSD/Classifier.cpp:133]   --->   Operation 1213 'bitconcatenate' 'tmp_24_10_13_i' <Predicate = (!exitcond4_i)> <Delay = 0.00>
ST_5 : Operation 1214 [1/1] (0.00ns)   --->   "%tmp_24_10_13_cast_i_s = sext i30 %tmp_24_10_13_i to i31" [ADSD/Classifier.cpp:68->ADSD/Classifier.cpp:133]   --->   Operation 1214 'sext' 'tmp_24_10_13_cast_i_s' <Predicate = (!exitcond4_i)> <Delay = 0.00>
ST_5 : Operation 1215 [1/1] (0.00ns)   --->   "%tmp_24_10_14_i = call i30 @_ssdm_op_BitConcatenate.i30.i16.i14(i16 %r_V_10_14_i, i14 0)" [ADSD/Classifier.cpp:71->ADSD/Classifier.cpp:133]   --->   Operation 1215 'bitconcatenate' 'tmp_24_10_14_i' <Predicate = (!exitcond4_i)> <Delay = 0.00>
ST_5 : Operation 1216 [1/1] (0.00ns)   --->   "%tmp_24_10_14_cast_i_s = sext i30 %tmp_24_10_14_i to i31" [ADSD/Classifier.cpp:71->ADSD/Classifier.cpp:133]   --->   Operation 1216 'sext' 'tmp_24_10_14_cast_i_s' <Predicate = (!exitcond4_i)> <Delay = 0.00>
ST_5 : Operation 1217 [1/1] (0.00ns)   --->   "%tmp_24_11_i = call i30 @_ssdm_op_BitConcatenate.i30.i16.i14(i16 %r_V_11_i, i14 0)" [ADSD/Classifier.cpp:71->ADSD/Classifier.cpp:133]   --->   Operation 1217 'bitconcatenate' 'tmp_24_11_i' <Predicate = (!exitcond4_i)> <Delay = 0.00>
ST_5 : Operation 1218 [1/1] (0.00ns)   --->   "%tmp_24_11_cast_i_cas = sext i30 %tmp_24_11_i to i31" [ADSD/Classifier.cpp:68->ADSD/Classifier.cpp:133]   --->   Operation 1218 'sext' 'tmp_24_11_cast_i_cas' <Predicate = (!exitcond4_i)> <Delay = 0.00>
ST_5 : Operation 1219 [1/1] (0.00ns)   --->   "%tmp_24_11_1_i = call i30 @_ssdm_op_BitConcatenate.i30.i16.i14(i16 %r_V_11_1_i, i14 0)" [ADSD/Classifier.cpp:71->ADSD/Classifier.cpp:133]   --->   Operation 1219 'bitconcatenate' 'tmp_24_11_1_i' <Predicate = (!exitcond4_i)> <Delay = 0.00>
ST_5 : Operation 1220 [1/1] (0.00ns)   --->   "%tmp_24_11_1_cast_i_c = sext i30 %tmp_24_11_1_i to i31" [ADSD/Classifier.cpp:68->ADSD/Classifier.cpp:133]   --->   Operation 1220 'sext' 'tmp_24_11_1_cast_i_c' <Predicate = (!exitcond4_i)> <Delay = 0.00>
ST_5 : Operation 1221 [1/1] (0.00ns)   --->   "%tmp_24_11_2_i = call i30 @_ssdm_op_BitConcatenate.i30.i16.i14(i16 %r_V_11_2_i, i14 0)" [ADSD/Classifier.cpp:71->ADSD/Classifier.cpp:133]   --->   Operation 1221 'bitconcatenate' 'tmp_24_11_2_i' <Predicate = (!exitcond4_i)> <Delay = 0.00>
ST_5 : Operation 1222 [1/1] (0.00ns)   --->   "%tmp_24_11_2_cast_i_c = sext i30 %tmp_24_11_2_i to i31" [ADSD/Classifier.cpp:68->ADSD/Classifier.cpp:133]   --->   Operation 1222 'sext' 'tmp_24_11_2_cast_i_c' <Predicate = (!exitcond4_i)> <Delay = 0.00>
ST_5 : Operation 1223 [1/1] (0.00ns)   --->   "%tmp_24_11_3_i = call i30 @_ssdm_op_BitConcatenate.i30.i16.i14(i16 %r_V_11_3_i, i14 0)" [ADSD/Classifier.cpp:71->ADSD/Classifier.cpp:133]   --->   Operation 1223 'bitconcatenate' 'tmp_24_11_3_i' <Predicate = (!exitcond4_i)> <Delay = 0.00>
ST_5 : Operation 1224 [1/1] (0.00ns)   --->   "%tmp_24_11_3_cast_i_c = sext i30 %tmp_24_11_3_i to i31" [ADSD/Classifier.cpp:68->ADSD/Classifier.cpp:133]   --->   Operation 1224 'sext' 'tmp_24_11_3_cast_i_c' <Predicate = (!exitcond4_i)> <Delay = 0.00>
ST_5 : Operation 1225 [1/1] (0.00ns)   --->   "%tmp_24_11_4_i = call i30 @_ssdm_op_BitConcatenate.i30.i16.i14(i16 %r_V_11_4_i, i14 0)" [ADSD/Classifier.cpp:71->ADSD/Classifier.cpp:133]   --->   Operation 1225 'bitconcatenate' 'tmp_24_11_4_i' <Predicate = (!exitcond4_i)> <Delay = 0.00>
ST_5 : Operation 1226 [1/1] (0.00ns)   --->   "%tmp_24_11_4_cast_i_c = sext i30 %tmp_24_11_4_i to i31" [ADSD/Classifier.cpp:68->ADSD/Classifier.cpp:133]   --->   Operation 1226 'sext' 'tmp_24_11_4_cast_i_c' <Predicate = (!exitcond4_i)> <Delay = 0.00>
ST_5 : Operation 1227 [1/1] (0.00ns)   --->   "%tmp_24_11_5_i = call i30 @_ssdm_op_BitConcatenate.i30.i16.i14(i16 %r_V_11_5_i, i14 0)" [ADSD/Classifier.cpp:71->ADSD/Classifier.cpp:133]   --->   Operation 1227 'bitconcatenate' 'tmp_24_11_5_i' <Predicate = (!exitcond4_i)> <Delay = 0.00>
ST_5 : Operation 1228 [1/1] (0.00ns)   --->   "%tmp_24_11_5_cast_i_c = sext i30 %tmp_24_11_5_i to i31" [ADSD/Classifier.cpp:68->ADSD/Classifier.cpp:133]   --->   Operation 1228 'sext' 'tmp_24_11_5_cast_i_c' <Predicate = (!exitcond4_i)> <Delay = 0.00>
ST_5 : Operation 1229 [1/1] (0.00ns)   --->   "%tmp_24_11_6_i = call i30 @_ssdm_op_BitConcatenate.i30.i16.i14(i16 %r_V_11_6_i, i14 0)" [ADSD/Classifier.cpp:71->ADSD/Classifier.cpp:133]   --->   Operation 1229 'bitconcatenate' 'tmp_24_11_6_i' <Predicate = (!exitcond4_i)> <Delay = 0.00>
ST_5 : Operation 1230 [1/1] (0.00ns)   --->   "%tmp_24_11_6_cast_i_c = sext i30 %tmp_24_11_6_i to i31" [ADSD/Classifier.cpp:68->ADSD/Classifier.cpp:133]   --->   Operation 1230 'sext' 'tmp_24_11_6_cast_i_c' <Predicate = (!exitcond4_i)> <Delay = 0.00>
ST_5 : Operation 1231 [1/1] (0.00ns)   --->   "%tmp_24_11_7_i = call i30 @_ssdm_op_BitConcatenate.i30.i16.i14(i16 %r_V_11_7_i, i14 0)" [ADSD/Classifier.cpp:71->ADSD/Classifier.cpp:133]   --->   Operation 1231 'bitconcatenate' 'tmp_24_11_7_i' <Predicate = (!exitcond4_i)> <Delay = 0.00>
ST_5 : Operation 1232 [1/1] (0.00ns)   --->   "%tmp_24_11_7_cast_i_c = sext i30 %tmp_24_11_7_i to i31" [ADSD/Classifier.cpp:68->ADSD/Classifier.cpp:133]   --->   Operation 1232 'sext' 'tmp_24_11_7_cast_i_c' <Predicate = (!exitcond4_i)> <Delay = 0.00>
ST_5 : Operation 1233 [1/1] (0.00ns)   --->   "%tmp_24_11_8_i = call i30 @_ssdm_op_BitConcatenate.i30.i16.i14(i16 %r_V_11_8_i, i14 0)" [ADSD/Classifier.cpp:71->ADSD/Classifier.cpp:133]   --->   Operation 1233 'bitconcatenate' 'tmp_24_11_8_i' <Predicate = (!exitcond4_i)> <Delay = 0.00>
ST_5 : Operation 1234 [1/1] (0.00ns)   --->   "%tmp_24_11_8_cast_i_c = sext i30 %tmp_24_11_8_i to i31" [ADSD/Classifier.cpp:68->ADSD/Classifier.cpp:133]   --->   Operation 1234 'sext' 'tmp_24_11_8_cast_i_c' <Predicate = (!exitcond4_i)> <Delay = 0.00>
ST_5 : Operation 1235 [1/1] (0.00ns)   --->   "%tmp_24_11_9_i = call i30 @_ssdm_op_BitConcatenate.i30.i16.i14(i16 %r_V_11_9_i, i14 0)" [ADSD/Classifier.cpp:71->ADSD/Classifier.cpp:133]   --->   Operation 1235 'bitconcatenate' 'tmp_24_11_9_i' <Predicate = (!exitcond4_i)> <Delay = 0.00>
ST_5 : Operation 1236 [1/1] (0.00ns)   --->   "%tmp_24_11_9_cast_i_c = sext i30 %tmp_24_11_9_i to i31" [ADSD/Classifier.cpp:68->ADSD/Classifier.cpp:133]   --->   Operation 1236 'sext' 'tmp_24_11_9_cast_i_c' <Predicate = (!exitcond4_i)> <Delay = 0.00>
ST_5 : Operation 1237 [1/1] (0.00ns)   --->   "%tmp_24_11_i_73 = call i30 @_ssdm_op_BitConcatenate.i30.i16.i14(i16 %r_V_11_i_72, i14 0)" [ADSD/Classifier.cpp:71->ADSD/Classifier.cpp:133]   --->   Operation 1237 'bitconcatenate' 'tmp_24_11_i_73' <Predicate = (!exitcond4_i)> <Delay = 0.00>
ST_5 : Operation 1238 [1/1] (0.00ns)   --->   "%tmp_24_11_cast_i_ca = sext i30 %tmp_24_11_i_73 to i31" [ADSD/Classifier.cpp:68->ADSD/Classifier.cpp:133]   --->   Operation 1238 'sext' 'tmp_24_11_cast_i_ca' <Predicate = (!exitcond4_i)> <Delay = 0.00>
ST_5 : Operation 1239 [1/1] (0.00ns)   --->   "%tmp_24_11_10_i = call i30 @_ssdm_op_BitConcatenate.i30.i16.i14(i16 %r_V_11_10_i, i14 0)" [ADSD/Classifier.cpp:71->ADSD/Classifier.cpp:133]   --->   Operation 1239 'bitconcatenate' 'tmp_24_11_10_i' <Predicate = (!exitcond4_i)> <Delay = 0.00>
ST_5 : Operation 1240 [1/1] (0.00ns)   --->   "%tmp_24_11_10_cast_i_s = sext i30 %tmp_24_11_10_i to i31" [ADSD/Classifier.cpp:68->ADSD/Classifier.cpp:133]   --->   Operation 1240 'sext' 'tmp_24_11_10_cast_i_s' <Predicate = (!exitcond4_i)> <Delay = 0.00>
ST_5 : Operation 1241 [1/1] (0.00ns)   --->   "%tmp_24_11_11_i = call i30 @_ssdm_op_BitConcatenate.i30.i16.i14(i16 %r_V_11_11_i, i14 0)" [ADSD/Classifier.cpp:71->ADSD/Classifier.cpp:133]   --->   Operation 1241 'bitconcatenate' 'tmp_24_11_11_i' <Predicate = (!exitcond4_i)> <Delay = 0.00>
ST_5 : Operation 1242 [1/1] (0.00ns)   --->   "%tmp_24_11_11_cast_i_s = sext i30 %tmp_24_11_11_i to i31" [ADSD/Classifier.cpp:68->ADSD/Classifier.cpp:133]   --->   Operation 1242 'sext' 'tmp_24_11_11_cast_i_s' <Predicate = (!exitcond4_i)> <Delay = 0.00>
ST_5 : Operation 1243 [1/1] (0.00ns)   --->   "%tmp_24_11_12_i = call i30 @_ssdm_op_BitConcatenate.i30.i16.i14(i16 %r_V_11_12_i, i14 0)" [ADSD/Classifier.cpp:71->ADSD/Classifier.cpp:133]   --->   Operation 1243 'bitconcatenate' 'tmp_24_11_12_i' <Predicate = (!exitcond4_i)> <Delay = 0.00>
ST_5 : Operation 1244 [1/1] (0.00ns)   --->   "%tmp_24_11_12_cast_i_s = sext i30 %tmp_24_11_12_i to i31" [ADSD/Classifier.cpp:68->ADSD/Classifier.cpp:133]   --->   Operation 1244 'sext' 'tmp_24_11_12_cast_i_s' <Predicate = (!exitcond4_i)> <Delay = 0.00>
ST_5 : Operation 1245 [1/1] (0.00ns)   --->   "%tmp_24_11_13_i = call i30 @_ssdm_op_BitConcatenate.i30.i16.i14(i16 %r_V_11_13_i, i14 0)" [ADSD/Classifier.cpp:71->ADSD/Classifier.cpp:133]   --->   Operation 1245 'bitconcatenate' 'tmp_24_11_13_i' <Predicate = (!exitcond4_i)> <Delay = 0.00>
ST_5 : Operation 1246 [1/1] (0.00ns)   --->   "%tmp_24_11_13_cast_i_s = sext i30 %tmp_24_11_13_i to i31" [ADSD/Classifier.cpp:68->ADSD/Classifier.cpp:133]   --->   Operation 1246 'sext' 'tmp_24_11_13_cast_i_s' <Predicate = (!exitcond4_i)> <Delay = 0.00>
ST_5 : Operation 1247 [1/1] (0.00ns)   --->   "%tmp_24_11_14_i = call i30 @_ssdm_op_BitConcatenate.i30.i16.i14(i16 %r_V_11_14_i, i14 0)" [ADSD/Classifier.cpp:71->ADSD/Classifier.cpp:133]   --->   Operation 1247 'bitconcatenate' 'tmp_24_11_14_i' <Predicate = (!exitcond4_i)> <Delay = 0.00>
ST_5 : Operation 1248 [1/1] (0.00ns)   --->   "%tmp_24_11_14_cast_i_s = sext i30 %tmp_24_11_14_i to i31" [ADSD/Classifier.cpp:71->ADSD/Classifier.cpp:133]   --->   Operation 1248 'sext' 'tmp_24_11_14_cast_i_s' <Predicate = (!exitcond4_i)> <Delay = 0.00>
ST_5 : Operation 1249 [1/1] (0.00ns)   --->   "%OP1_V_12_i = sext i8 %tmp_250_i to i16" [ADSD/Classifier.cpp:70->ADSD/Classifier.cpp:133]   --->   Operation 1249 'sext' 'OP1_V_12_i' <Predicate = (!exitcond4_i)> <Delay = 0.00>
ST_5 : Operation 1250 [1/1] (0.00ns)   --->   "%OP2_V_12_i = sext i8 %x_local_12_V_load to i16" [ADSD/Classifier.cpp:70->ADSD/Classifier.cpp:133]   --->   Operation 1250 'sext' 'OP2_V_12_i' <Predicate = (!exitcond4_i)> <Delay = 0.00>
ST_5 : Operation 1251 [1/1] (4.17ns)   --->   "%r_V_12_i = mul i16 %OP2_V_12_i, %OP1_V_12_i" [ADSD/Classifier.cpp:70->ADSD/Classifier.cpp:133]   --->   Operation 1251 'mul' 'r_V_12_i' <Predicate = (!exitcond4_i)> <Delay = 4.17> <Core = "Mul">   --->   Core 16 'Mul' <Latency = 0> <II = 1> <Delay = 3.74> <FuncUnit> <Opcode : 'mul'> <InPorts = 2> <OutPorts = 1>
ST_5 : Operation 1252 [1/1] (0.00ns)   --->   "%tmp_24_12_i = call i30 @_ssdm_op_BitConcatenate.i30.i16.i14(i16 %r_V_12_i, i14 0)" [ADSD/Classifier.cpp:71->ADSD/Classifier.cpp:133]   --->   Operation 1252 'bitconcatenate' 'tmp_24_12_i' <Predicate = (!exitcond4_i)> <Delay = 0.00>
ST_5 : Operation 1253 [1/1] (0.00ns)   --->   "%tmp_24_12_cast_i_cas = sext i30 %tmp_24_12_i to i31" [ADSD/Classifier.cpp:68->ADSD/Classifier.cpp:133]   --->   Operation 1253 'sext' 'tmp_24_12_cast_i_cas' <Predicate = (!exitcond4_i)> <Delay = 0.00>
ST_5 : Operation 1254 [1/1] (0.00ns)   --->   "%OP1_V_12_1_i = sext i8 %tmp_251_i to i16" [ADSD/Classifier.cpp:70->ADSD/Classifier.cpp:133]   --->   Operation 1254 'sext' 'OP1_V_12_1_i' <Predicate = (!exitcond4_i)> <Delay = 0.00>
ST_5 : Operation 1255 [1/1] (4.17ns)   --->   "%r_V_12_1_i = mul i16 %OP2_V_12_i, %OP1_V_12_1_i" [ADSD/Classifier.cpp:70->ADSD/Classifier.cpp:133]   --->   Operation 1255 'mul' 'r_V_12_1_i' <Predicate = (!exitcond4_i)> <Delay = 4.17> <Core = "Mul">   --->   Core 16 'Mul' <Latency = 0> <II = 1> <Delay = 3.74> <FuncUnit> <Opcode : 'mul'> <InPorts = 2> <OutPorts = 1>
ST_5 : Operation 1256 [1/1] (0.00ns)   --->   "%tmp_24_12_1_i = call i30 @_ssdm_op_BitConcatenate.i30.i16.i14(i16 %r_V_12_1_i, i14 0)" [ADSD/Classifier.cpp:71->ADSD/Classifier.cpp:133]   --->   Operation 1256 'bitconcatenate' 'tmp_24_12_1_i' <Predicate = (!exitcond4_i)> <Delay = 0.00>
ST_5 : Operation 1257 [1/1] (0.00ns)   --->   "%tmp_24_12_1_cast_i_c = sext i30 %tmp_24_12_1_i to i31" [ADSD/Classifier.cpp:68->ADSD/Classifier.cpp:133]   --->   Operation 1257 'sext' 'tmp_24_12_1_cast_i_c' <Predicate = (!exitcond4_i)> <Delay = 0.00>
ST_5 : Operation 1258 [1/1] (0.00ns)   --->   "%OP1_V_12_2_i = sext i8 %tmp_252_i to i16" [ADSD/Classifier.cpp:70->ADSD/Classifier.cpp:133]   --->   Operation 1258 'sext' 'OP1_V_12_2_i' <Predicate = (!exitcond4_i)> <Delay = 0.00>
ST_5 : Operation 1259 [1/1] (4.17ns)   --->   "%r_V_12_2_i = mul i16 %OP2_V_12_i, %OP1_V_12_2_i" [ADSD/Classifier.cpp:70->ADSD/Classifier.cpp:133]   --->   Operation 1259 'mul' 'r_V_12_2_i' <Predicate = (!exitcond4_i)> <Delay = 4.17> <Core = "Mul">   --->   Core 16 'Mul' <Latency = 0> <II = 1> <Delay = 3.74> <FuncUnit> <Opcode : 'mul'> <InPorts = 2> <OutPorts = 1>
ST_5 : Operation 1260 [1/1] (0.00ns)   --->   "%tmp_24_12_2_i = call i30 @_ssdm_op_BitConcatenate.i30.i16.i14(i16 %r_V_12_2_i, i14 0)" [ADSD/Classifier.cpp:71->ADSD/Classifier.cpp:133]   --->   Operation 1260 'bitconcatenate' 'tmp_24_12_2_i' <Predicate = (!exitcond4_i)> <Delay = 0.00>
ST_5 : Operation 1261 [1/1] (0.00ns)   --->   "%tmp_24_12_2_cast_i_c = sext i30 %tmp_24_12_2_i to i31" [ADSD/Classifier.cpp:68->ADSD/Classifier.cpp:133]   --->   Operation 1261 'sext' 'tmp_24_12_2_cast_i_c' <Predicate = (!exitcond4_i)> <Delay = 0.00>
ST_5 : Operation 1262 [1/1] (0.00ns)   --->   "%OP1_V_12_3_i = sext i8 %tmp_253_i to i16" [ADSD/Classifier.cpp:70->ADSD/Classifier.cpp:133]   --->   Operation 1262 'sext' 'OP1_V_12_3_i' <Predicate = (!exitcond4_i)> <Delay = 0.00>
ST_5 : Operation 1263 [1/1] (4.17ns)   --->   "%r_V_12_3_i = mul i16 %OP2_V_12_i, %OP1_V_12_3_i" [ADSD/Classifier.cpp:70->ADSD/Classifier.cpp:133]   --->   Operation 1263 'mul' 'r_V_12_3_i' <Predicate = (!exitcond4_i)> <Delay = 4.17> <Core = "Mul">   --->   Core 16 'Mul' <Latency = 0> <II = 1> <Delay = 3.74> <FuncUnit> <Opcode : 'mul'> <InPorts = 2> <OutPorts = 1>
ST_5 : Operation 1264 [1/1] (0.00ns)   --->   "%tmp_24_12_3_i = call i30 @_ssdm_op_BitConcatenate.i30.i16.i14(i16 %r_V_12_3_i, i14 0)" [ADSD/Classifier.cpp:71->ADSD/Classifier.cpp:133]   --->   Operation 1264 'bitconcatenate' 'tmp_24_12_3_i' <Predicate = (!exitcond4_i)> <Delay = 0.00>
ST_5 : Operation 1265 [1/1] (0.00ns)   --->   "%tmp_24_12_3_cast_i_c = sext i30 %tmp_24_12_3_i to i31" [ADSD/Classifier.cpp:68->ADSD/Classifier.cpp:133]   --->   Operation 1265 'sext' 'tmp_24_12_3_cast_i_c' <Predicate = (!exitcond4_i)> <Delay = 0.00>
ST_5 : Operation 1266 [1/1] (0.00ns)   --->   "%OP1_V_12_4_i = sext i8 %tmp_254_i to i16" [ADSD/Classifier.cpp:70->ADSD/Classifier.cpp:133]   --->   Operation 1266 'sext' 'OP1_V_12_4_i' <Predicate = (!exitcond4_i)> <Delay = 0.00>
ST_5 : Operation 1267 [1/1] (4.17ns)   --->   "%r_V_12_4_i = mul i16 %OP2_V_12_i, %OP1_V_12_4_i" [ADSD/Classifier.cpp:70->ADSD/Classifier.cpp:133]   --->   Operation 1267 'mul' 'r_V_12_4_i' <Predicate = (!exitcond4_i)> <Delay = 4.17> <Core = "Mul">   --->   Core 16 'Mul' <Latency = 0> <II = 1> <Delay = 3.74> <FuncUnit> <Opcode : 'mul'> <InPorts = 2> <OutPorts = 1>
ST_5 : Operation 1268 [1/1] (0.00ns)   --->   "%tmp_24_12_4_i = call i30 @_ssdm_op_BitConcatenate.i30.i16.i14(i16 %r_V_12_4_i, i14 0)" [ADSD/Classifier.cpp:71->ADSD/Classifier.cpp:133]   --->   Operation 1268 'bitconcatenate' 'tmp_24_12_4_i' <Predicate = (!exitcond4_i)> <Delay = 0.00>
ST_5 : Operation 1269 [1/1] (0.00ns)   --->   "%tmp_24_12_4_cast_i_c = sext i30 %tmp_24_12_4_i to i31" [ADSD/Classifier.cpp:68->ADSD/Classifier.cpp:133]   --->   Operation 1269 'sext' 'tmp_24_12_4_cast_i_c' <Predicate = (!exitcond4_i)> <Delay = 0.00>
ST_5 : Operation 1270 [1/1] (0.00ns)   --->   "%OP1_V_12_5_i = sext i8 %tmp_255_i to i16" [ADSD/Classifier.cpp:70->ADSD/Classifier.cpp:133]   --->   Operation 1270 'sext' 'OP1_V_12_5_i' <Predicate = (!exitcond4_i)> <Delay = 0.00>
ST_5 : Operation 1271 [1/1] (4.17ns)   --->   "%r_V_12_5_i = mul i16 %OP2_V_12_i, %OP1_V_12_5_i" [ADSD/Classifier.cpp:70->ADSD/Classifier.cpp:133]   --->   Operation 1271 'mul' 'r_V_12_5_i' <Predicate = (!exitcond4_i)> <Delay = 4.17> <Core = "Mul">   --->   Core 16 'Mul' <Latency = 0> <II = 1> <Delay = 3.74> <FuncUnit> <Opcode : 'mul'> <InPorts = 2> <OutPorts = 1>
ST_5 : Operation 1272 [1/1] (0.00ns)   --->   "%tmp_24_12_5_i = call i30 @_ssdm_op_BitConcatenate.i30.i16.i14(i16 %r_V_12_5_i, i14 0)" [ADSD/Classifier.cpp:71->ADSD/Classifier.cpp:133]   --->   Operation 1272 'bitconcatenate' 'tmp_24_12_5_i' <Predicate = (!exitcond4_i)> <Delay = 0.00>
ST_5 : Operation 1273 [1/1] (0.00ns)   --->   "%tmp_24_12_5_cast_i_c = sext i30 %tmp_24_12_5_i to i31" [ADSD/Classifier.cpp:68->ADSD/Classifier.cpp:133]   --->   Operation 1273 'sext' 'tmp_24_12_5_cast_i_c' <Predicate = (!exitcond4_i)> <Delay = 0.00>
ST_5 : Operation 1274 [1/1] (0.00ns)   --->   "%OP1_V_12_6_i = sext i8 %tmp_256_i to i16" [ADSD/Classifier.cpp:70->ADSD/Classifier.cpp:133]   --->   Operation 1274 'sext' 'OP1_V_12_6_i' <Predicate = (!exitcond4_i)> <Delay = 0.00>
ST_5 : Operation 1275 [1/1] (4.17ns)   --->   "%r_V_12_6_i = mul i16 %OP2_V_12_i, %OP1_V_12_6_i" [ADSD/Classifier.cpp:70->ADSD/Classifier.cpp:133]   --->   Operation 1275 'mul' 'r_V_12_6_i' <Predicate = (!exitcond4_i)> <Delay = 4.17> <Core = "Mul">   --->   Core 16 'Mul' <Latency = 0> <II = 1> <Delay = 3.74> <FuncUnit> <Opcode : 'mul'> <InPorts = 2> <OutPorts = 1>
ST_5 : Operation 1276 [1/1] (0.00ns)   --->   "%tmp_24_12_6_i = call i30 @_ssdm_op_BitConcatenate.i30.i16.i14(i16 %r_V_12_6_i, i14 0)" [ADSD/Classifier.cpp:71->ADSD/Classifier.cpp:133]   --->   Operation 1276 'bitconcatenate' 'tmp_24_12_6_i' <Predicate = (!exitcond4_i)> <Delay = 0.00>
ST_5 : Operation 1277 [1/1] (0.00ns)   --->   "%tmp_24_12_6_cast_i_c = sext i30 %tmp_24_12_6_i to i31" [ADSD/Classifier.cpp:68->ADSD/Classifier.cpp:133]   --->   Operation 1277 'sext' 'tmp_24_12_6_cast_i_c' <Predicate = (!exitcond4_i)> <Delay = 0.00>
ST_5 : Operation 1278 [1/1] (0.00ns)   --->   "%OP1_V_12_7_i = sext i8 %tmp_257_i to i16" [ADSD/Classifier.cpp:70->ADSD/Classifier.cpp:133]   --->   Operation 1278 'sext' 'OP1_V_12_7_i' <Predicate = (!exitcond4_i)> <Delay = 0.00>
ST_5 : Operation 1279 [1/1] (4.17ns)   --->   "%r_V_12_7_i = mul i16 %OP2_V_12_i, %OP1_V_12_7_i" [ADSD/Classifier.cpp:70->ADSD/Classifier.cpp:133]   --->   Operation 1279 'mul' 'r_V_12_7_i' <Predicate = (!exitcond4_i)> <Delay = 4.17> <Core = "Mul">   --->   Core 16 'Mul' <Latency = 0> <II = 1> <Delay = 3.74> <FuncUnit> <Opcode : 'mul'> <InPorts = 2> <OutPorts = 1>
ST_5 : Operation 1280 [1/1] (0.00ns)   --->   "%tmp_24_12_7_i = call i30 @_ssdm_op_BitConcatenate.i30.i16.i14(i16 %r_V_12_7_i, i14 0)" [ADSD/Classifier.cpp:71->ADSD/Classifier.cpp:133]   --->   Operation 1280 'bitconcatenate' 'tmp_24_12_7_i' <Predicate = (!exitcond4_i)> <Delay = 0.00>
ST_5 : Operation 1281 [1/1] (0.00ns)   --->   "%tmp_24_12_7_cast_i_c = sext i30 %tmp_24_12_7_i to i31" [ADSD/Classifier.cpp:68->ADSD/Classifier.cpp:133]   --->   Operation 1281 'sext' 'tmp_24_12_7_cast_i_c' <Predicate = (!exitcond4_i)> <Delay = 0.00>
ST_5 : Operation 1282 [1/1] (0.00ns)   --->   "%OP1_V_12_8_i = sext i8 %tmp_258_i to i16" [ADSD/Classifier.cpp:70->ADSD/Classifier.cpp:133]   --->   Operation 1282 'sext' 'OP1_V_12_8_i' <Predicate = (!exitcond4_i)> <Delay = 0.00>
ST_5 : Operation 1283 [1/1] (4.17ns)   --->   "%r_V_12_8_i = mul i16 %OP2_V_12_i, %OP1_V_12_8_i" [ADSD/Classifier.cpp:70->ADSD/Classifier.cpp:133]   --->   Operation 1283 'mul' 'r_V_12_8_i' <Predicate = (!exitcond4_i)> <Delay = 4.17> <Core = "Mul">   --->   Core 16 'Mul' <Latency = 0> <II = 1> <Delay = 3.74> <FuncUnit> <Opcode : 'mul'> <InPorts = 2> <OutPorts = 1>
ST_5 : Operation 1284 [1/1] (0.00ns)   --->   "%tmp_24_12_8_i = call i30 @_ssdm_op_BitConcatenate.i30.i16.i14(i16 %r_V_12_8_i, i14 0)" [ADSD/Classifier.cpp:71->ADSD/Classifier.cpp:133]   --->   Operation 1284 'bitconcatenate' 'tmp_24_12_8_i' <Predicate = (!exitcond4_i)> <Delay = 0.00>
ST_5 : Operation 1285 [1/1] (0.00ns)   --->   "%tmp_24_12_8_cast_i_c = sext i30 %tmp_24_12_8_i to i31" [ADSD/Classifier.cpp:68->ADSD/Classifier.cpp:133]   --->   Operation 1285 'sext' 'tmp_24_12_8_cast_i_c' <Predicate = (!exitcond4_i)> <Delay = 0.00>
ST_5 : Operation 1286 [1/1] (0.00ns)   --->   "%OP1_V_12_9_i = sext i8 %tmp_261_i to i16" [ADSD/Classifier.cpp:70->ADSD/Classifier.cpp:133]   --->   Operation 1286 'sext' 'OP1_V_12_9_i' <Predicate = (!exitcond4_i)> <Delay = 0.00>
ST_5 : Operation 1287 [1/1] (4.17ns)   --->   "%r_V_12_9_i = mul i16 %OP2_V_12_i, %OP1_V_12_9_i" [ADSD/Classifier.cpp:70->ADSD/Classifier.cpp:133]   --->   Operation 1287 'mul' 'r_V_12_9_i' <Predicate = (!exitcond4_i)> <Delay = 4.17> <Core = "Mul">   --->   Core 16 'Mul' <Latency = 0> <II = 1> <Delay = 3.74> <FuncUnit> <Opcode : 'mul'> <InPorts = 2> <OutPorts = 1>
ST_5 : Operation 1288 [1/1] (0.00ns)   --->   "%tmp_24_12_9_i = call i30 @_ssdm_op_BitConcatenate.i30.i16.i14(i16 %r_V_12_9_i, i14 0)" [ADSD/Classifier.cpp:71->ADSD/Classifier.cpp:133]   --->   Operation 1288 'bitconcatenate' 'tmp_24_12_9_i' <Predicate = (!exitcond4_i)> <Delay = 0.00>
ST_5 : Operation 1289 [1/1] (0.00ns)   --->   "%tmp_24_12_9_cast_i_c = sext i30 %tmp_24_12_9_i to i31" [ADSD/Classifier.cpp:68->ADSD/Classifier.cpp:133]   --->   Operation 1289 'sext' 'tmp_24_12_9_cast_i_c' <Predicate = (!exitcond4_i)> <Delay = 0.00>
ST_5 : Operation 1290 [1/1] (0.00ns)   --->   "%OP1_V_12_i_74 = sext i8 %tmp_262_i to i16" [ADSD/Classifier.cpp:70->ADSD/Classifier.cpp:133]   --->   Operation 1290 'sext' 'OP1_V_12_i_74' <Predicate = (!exitcond4_i)> <Delay = 0.00>
ST_5 : Operation 1291 [1/1] (4.17ns)   --->   "%r_V_12_i_75 = mul i16 %OP2_V_12_i, %OP1_V_12_i_74" [ADSD/Classifier.cpp:70->ADSD/Classifier.cpp:133]   --->   Operation 1291 'mul' 'r_V_12_i_75' <Predicate = (!exitcond4_i)> <Delay = 4.17> <Core = "Mul">   --->   Core 16 'Mul' <Latency = 0> <II = 1> <Delay = 3.74> <FuncUnit> <Opcode : 'mul'> <InPorts = 2> <OutPorts = 1>
ST_5 : Operation 1292 [1/1] (0.00ns)   --->   "%tmp_24_12_i_76 = call i30 @_ssdm_op_BitConcatenate.i30.i16.i14(i16 %r_V_12_i_75, i14 0)" [ADSD/Classifier.cpp:71->ADSD/Classifier.cpp:133]   --->   Operation 1292 'bitconcatenate' 'tmp_24_12_i_76' <Predicate = (!exitcond4_i)> <Delay = 0.00>
ST_5 : Operation 1293 [1/1] (0.00ns)   --->   "%tmp_24_12_cast_i_ca = sext i30 %tmp_24_12_i_76 to i31" [ADSD/Classifier.cpp:68->ADSD/Classifier.cpp:133]   --->   Operation 1293 'sext' 'tmp_24_12_cast_i_ca' <Predicate = (!exitcond4_i)> <Delay = 0.00>
ST_5 : Operation 1294 [1/1] (0.00ns)   --->   "%OP1_V_12_10_i = sext i8 %tmp_263_i to i16" [ADSD/Classifier.cpp:70->ADSD/Classifier.cpp:133]   --->   Operation 1294 'sext' 'OP1_V_12_10_i' <Predicate = (!exitcond4_i)> <Delay = 0.00>
ST_5 : Operation 1295 [1/1] (4.17ns)   --->   "%r_V_12_10_i = mul i16 %OP2_V_12_i, %OP1_V_12_10_i" [ADSD/Classifier.cpp:70->ADSD/Classifier.cpp:133]   --->   Operation 1295 'mul' 'r_V_12_10_i' <Predicate = (!exitcond4_i)> <Delay = 4.17> <Core = "Mul">   --->   Core 16 'Mul' <Latency = 0> <II = 1> <Delay = 3.74> <FuncUnit> <Opcode : 'mul'> <InPorts = 2> <OutPorts = 1>
ST_5 : Operation 1296 [1/1] (0.00ns)   --->   "%tmp_24_12_10_i = call i30 @_ssdm_op_BitConcatenate.i30.i16.i14(i16 %r_V_12_10_i, i14 0)" [ADSD/Classifier.cpp:71->ADSD/Classifier.cpp:133]   --->   Operation 1296 'bitconcatenate' 'tmp_24_12_10_i' <Predicate = (!exitcond4_i)> <Delay = 0.00>
ST_5 : Operation 1297 [1/1] (0.00ns)   --->   "%tmp_24_12_10_cast_i_s = sext i30 %tmp_24_12_10_i to i31" [ADSD/Classifier.cpp:68->ADSD/Classifier.cpp:133]   --->   Operation 1297 'sext' 'tmp_24_12_10_cast_i_s' <Predicate = (!exitcond4_i)> <Delay = 0.00>
ST_5 : Operation 1298 [1/1] (0.00ns)   --->   "%OP1_V_12_11_i = sext i8 %tmp_264_i to i16" [ADSD/Classifier.cpp:70->ADSD/Classifier.cpp:133]   --->   Operation 1298 'sext' 'OP1_V_12_11_i' <Predicate = (!exitcond4_i)> <Delay = 0.00>
ST_5 : Operation 1299 [1/1] (4.17ns)   --->   "%r_V_12_11_i = mul i16 %OP2_V_12_i, %OP1_V_12_11_i" [ADSD/Classifier.cpp:70->ADSD/Classifier.cpp:133]   --->   Operation 1299 'mul' 'r_V_12_11_i' <Predicate = (!exitcond4_i)> <Delay = 4.17> <Core = "Mul">   --->   Core 16 'Mul' <Latency = 0> <II = 1> <Delay = 3.74> <FuncUnit> <Opcode : 'mul'> <InPorts = 2> <OutPorts = 1>
ST_5 : Operation 1300 [1/1] (0.00ns)   --->   "%tmp_24_12_11_i = call i30 @_ssdm_op_BitConcatenate.i30.i16.i14(i16 %r_V_12_11_i, i14 0)" [ADSD/Classifier.cpp:71->ADSD/Classifier.cpp:133]   --->   Operation 1300 'bitconcatenate' 'tmp_24_12_11_i' <Predicate = (!exitcond4_i)> <Delay = 0.00>
ST_5 : Operation 1301 [1/1] (0.00ns)   --->   "%tmp_24_12_11_cast_i_s = sext i30 %tmp_24_12_11_i to i31" [ADSD/Classifier.cpp:68->ADSD/Classifier.cpp:133]   --->   Operation 1301 'sext' 'tmp_24_12_11_cast_i_s' <Predicate = (!exitcond4_i)> <Delay = 0.00>
ST_5 : Operation 1302 [1/1] (0.00ns)   --->   "%OP1_V_12_12_i = sext i8 %tmp_265_i to i16" [ADSD/Classifier.cpp:70->ADSD/Classifier.cpp:133]   --->   Operation 1302 'sext' 'OP1_V_12_12_i' <Predicate = (!exitcond4_i)> <Delay = 0.00>
ST_5 : Operation 1303 [1/1] (4.17ns)   --->   "%r_V_12_12_i = mul i16 %OP2_V_12_i, %OP1_V_12_12_i" [ADSD/Classifier.cpp:70->ADSD/Classifier.cpp:133]   --->   Operation 1303 'mul' 'r_V_12_12_i' <Predicate = (!exitcond4_i)> <Delay = 4.17> <Core = "Mul">   --->   Core 16 'Mul' <Latency = 0> <II = 1> <Delay = 3.74> <FuncUnit> <Opcode : 'mul'> <InPorts = 2> <OutPorts = 1>
ST_5 : Operation 1304 [1/1] (0.00ns)   --->   "%tmp_24_12_12_i = call i30 @_ssdm_op_BitConcatenate.i30.i16.i14(i16 %r_V_12_12_i, i14 0)" [ADSD/Classifier.cpp:71->ADSD/Classifier.cpp:133]   --->   Operation 1304 'bitconcatenate' 'tmp_24_12_12_i' <Predicate = (!exitcond4_i)> <Delay = 0.00>
ST_5 : Operation 1305 [1/1] (0.00ns)   --->   "%tmp_24_12_12_cast_i_s = sext i30 %tmp_24_12_12_i to i31" [ADSD/Classifier.cpp:68->ADSD/Classifier.cpp:133]   --->   Operation 1305 'sext' 'tmp_24_12_12_cast_i_s' <Predicate = (!exitcond4_i)> <Delay = 0.00>
ST_5 : Operation 1306 [1/1] (0.00ns)   --->   "%OP1_V_12_13_i = sext i8 %tmp_266_i to i16" [ADSD/Classifier.cpp:70->ADSD/Classifier.cpp:133]   --->   Operation 1306 'sext' 'OP1_V_12_13_i' <Predicate = (!exitcond4_i)> <Delay = 0.00>
ST_5 : Operation 1307 [1/1] (4.17ns)   --->   "%r_V_12_13_i = mul i16 %OP2_V_12_i, %OP1_V_12_13_i" [ADSD/Classifier.cpp:70->ADSD/Classifier.cpp:133]   --->   Operation 1307 'mul' 'r_V_12_13_i' <Predicate = (!exitcond4_i)> <Delay = 4.17> <Core = "Mul">   --->   Core 16 'Mul' <Latency = 0> <II = 1> <Delay = 3.74> <FuncUnit> <Opcode : 'mul'> <InPorts = 2> <OutPorts = 1>
ST_5 : Operation 1308 [1/1] (0.00ns)   --->   "%tmp_24_12_13_i = call i30 @_ssdm_op_BitConcatenate.i30.i16.i14(i16 %r_V_12_13_i, i14 0)" [ADSD/Classifier.cpp:71->ADSD/Classifier.cpp:133]   --->   Operation 1308 'bitconcatenate' 'tmp_24_12_13_i' <Predicate = (!exitcond4_i)> <Delay = 0.00>
ST_5 : Operation 1309 [1/1] (0.00ns)   --->   "%tmp_24_12_13_cast_i_s = sext i30 %tmp_24_12_13_i to i31" [ADSD/Classifier.cpp:68->ADSD/Classifier.cpp:133]   --->   Operation 1309 'sext' 'tmp_24_12_13_cast_i_s' <Predicate = (!exitcond4_i)> <Delay = 0.00>
ST_5 : Operation 1310 [1/1] (0.00ns)   --->   "%OP1_V_12_14_i = sext i8 %tmp_267_i to i16" [ADSD/Classifier.cpp:70->ADSD/Classifier.cpp:133]   --->   Operation 1310 'sext' 'OP1_V_12_14_i' <Predicate = (!exitcond4_i)> <Delay = 0.00>
ST_5 : Operation 1311 [1/1] (4.17ns)   --->   "%r_V_12_14_i = mul i16 %OP2_V_12_i, %OP1_V_12_14_i" [ADSD/Classifier.cpp:70->ADSD/Classifier.cpp:133]   --->   Operation 1311 'mul' 'r_V_12_14_i' <Predicate = (!exitcond4_i)> <Delay = 4.17> <Core = "Mul">   --->   Core 16 'Mul' <Latency = 0> <II = 1> <Delay = 3.74> <FuncUnit> <Opcode : 'mul'> <InPorts = 2> <OutPorts = 1>
ST_5 : Operation 1312 [1/1] (0.00ns)   --->   "%tmp_24_12_14_i = call i30 @_ssdm_op_BitConcatenate.i30.i16.i14(i16 %r_V_12_14_i, i14 0)" [ADSD/Classifier.cpp:71->ADSD/Classifier.cpp:133]   --->   Operation 1312 'bitconcatenate' 'tmp_24_12_14_i' <Predicate = (!exitcond4_i)> <Delay = 0.00>
ST_5 : Operation 1313 [1/1] (0.00ns)   --->   "%tmp_24_12_14_cast_i_s = sext i30 %tmp_24_12_14_i to i31" [ADSD/Classifier.cpp:71->ADSD/Classifier.cpp:133]   --->   Operation 1313 'sext' 'tmp_24_12_14_cast_i_s' <Predicate = (!exitcond4_i)> <Delay = 0.00>
ST_5 : Operation 1314 [1/1] (0.00ns)   --->   "%OP1_V_13_i = sext i8 %tmp_268_i to i16" [ADSD/Classifier.cpp:70->ADSD/Classifier.cpp:133]   --->   Operation 1314 'sext' 'OP1_V_13_i' <Predicate = (!exitcond4_i)> <Delay = 0.00>
ST_5 : Operation 1315 [1/1] (0.00ns)   --->   "%OP2_V_13_i = sext i8 %x_local_13_V_load to i16" [ADSD/Classifier.cpp:70->ADSD/Classifier.cpp:133]   --->   Operation 1315 'sext' 'OP2_V_13_i' <Predicate = (!exitcond4_i)> <Delay = 0.00>
ST_5 : Operation 1316 [1/1] (4.17ns)   --->   "%r_V_13_i = mul i16 %OP2_V_13_i, %OP1_V_13_i" [ADSD/Classifier.cpp:70->ADSD/Classifier.cpp:133]   --->   Operation 1316 'mul' 'r_V_13_i' <Predicate = (!exitcond4_i)> <Delay = 4.17> <Core = "Mul">   --->   Core 16 'Mul' <Latency = 0> <II = 1> <Delay = 3.74> <FuncUnit> <Opcode : 'mul'> <InPorts = 2> <OutPorts = 1>
ST_5 : Operation 1317 [1/1] (0.00ns)   --->   "%tmp_24_13_i = call i30 @_ssdm_op_BitConcatenate.i30.i16.i14(i16 %r_V_13_i, i14 0)" [ADSD/Classifier.cpp:71->ADSD/Classifier.cpp:133]   --->   Operation 1317 'bitconcatenate' 'tmp_24_13_i' <Predicate = (!exitcond4_i)> <Delay = 0.00>
ST_5 : Operation 1318 [1/1] (0.00ns)   --->   "%tmp_24_13_cast_i_cas = sext i30 %tmp_24_13_i to i31" [ADSD/Classifier.cpp:68->ADSD/Classifier.cpp:133]   --->   Operation 1318 'sext' 'tmp_24_13_cast_i_cas' <Predicate = (!exitcond4_i)> <Delay = 0.00>
ST_5 : Operation 1319 [1/1] (0.00ns)   --->   "%OP1_V_13_1_i = sext i8 %tmp_269_i to i16" [ADSD/Classifier.cpp:70->ADSD/Classifier.cpp:133]   --->   Operation 1319 'sext' 'OP1_V_13_1_i' <Predicate = (!exitcond4_i)> <Delay = 0.00>
ST_5 : Operation 1320 [1/1] (4.17ns)   --->   "%r_V_13_1_i = mul i16 %OP2_V_13_i, %OP1_V_13_1_i" [ADSD/Classifier.cpp:70->ADSD/Classifier.cpp:133]   --->   Operation 1320 'mul' 'r_V_13_1_i' <Predicate = (!exitcond4_i)> <Delay = 4.17> <Core = "Mul">   --->   Core 16 'Mul' <Latency = 0> <II = 1> <Delay = 3.74> <FuncUnit> <Opcode : 'mul'> <InPorts = 2> <OutPorts = 1>
ST_5 : Operation 1321 [1/1] (0.00ns)   --->   "%tmp_24_13_1_i = call i30 @_ssdm_op_BitConcatenate.i30.i16.i14(i16 %r_V_13_1_i, i14 0)" [ADSD/Classifier.cpp:71->ADSD/Classifier.cpp:133]   --->   Operation 1321 'bitconcatenate' 'tmp_24_13_1_i' <Predicate = (!exitcond4_i)> <Delay = 0.00>
ST_5 : Operation 1322 [1/1] (0.00ns)   --->   "%tmp_24_13_1_cast_i_c = sext i30 %tmp_24_13_1_i to i31" [ADSD/Classifier.cpp:68->ADSD/Classifier.cpp:133]   --->   Operation 1322 'sext' 'tmp_24_13_1_cast_i_c' <Predicate = (!exitcond4_i)> <Delay = 0.00>
ST_5 : Operation 1323 [1/1] (0.00ns)   --->   "%OP1_V_13_2_i = sext i8 %tmp_270_i to i16" [ADSD/Classifier.cpp:70->ADSD/Classifier.cpp:133]   --->   Operation 1323 'sext' 'OP1_V_13_2_i' <Predicate = (!exitcond4_i)> <Delay = 0.00>
ST_5 : Operation 1324 [1/1] (4.17ns)   --->   "%r_V_13_2_i = mul i16 %OP2_V_13_i, %OP1_V_13_2_i" [ADSD/Classifier.cpp:70->ADSD/Classifier.cpp:133]   --->   Operation 1324 'mul' 'r_V_13_2_i' <Predicate = (!exitcond4_i)> <Delay = 4.17> <Core = "Mul">   --->   Core 16 'Mul' <Latency = 0> <II = 1> <Delay = 3.74> <FuncUnit> <Opcode : 'mul'> <InPorts = 2> <OutPorts = 1>
ST_5 : Operation 1325 [1/1] (0.00ns)   --->   "%tmp_24_13_2_i = call i30 @_ssdm_op_BitConcatenate.i30.i16.i14(i16 %r_V_13_2_i, i14 0)" [ADSD/Classifier.cpp:71->ADSD/Classifier.cpp:133]   --->   Operation 1325 'bitconcatenate' 'tmp_24_13_2_i' <Predicate = (!exitcond4_i)> <Delay = 0.00>
ST_5 : Operation 1326 [1/1] (0.00ns)   --->   "%tmp_24_13_2_cast_i_c = sext i30 %tmp_24_13_2_i to i31" [ADSD/Classifier.cpp:68->ADSD/Classifier.cpp:133]   --->   Operation 1326 'sext' 'tmp_24_13_2_cast_i_c' <Predicate = (!exitcond4_i)> <Delay = 0.00>
ST_5 : Operation 1327 [1/1] (0.00ns)   --->   "%OP1_V_13_3_i = sext i8 %tmp_271_i to i16" [ADSD/Classifier.cpp:70->ADSD/Classifier.cpp:133]   --->   Operation 1327 'sext' 'OP1_V_13_3_i' <Predicate = (!exitcond4_i)> <Delay = 0.00>
ST_5 : Operation 1328 [1/1] (4.17ns)   --->   "%r_V_13_3_i = mul i16 %OP2_V_13_i, %OP1_V_13_3_i" [ADSD/Classifier.cpp:70->ADSD/Classifier.cpp:133]   --->   Operation 1328 'mul' 'r_V_13_3_i' <Predicate = (!exitcond4_i)> <Delay = 4.17> <Core = "Mul">   --->   Core 16 'Mul' <Latency = 0> <II = 1> <Delay = 3.74> <FuncUnit> <Opcode : 'mul'> <InPorts = 2> <OutPorts = 1>
ST_5 : Operation 1329 [1/1] (0.00ns)   --->   "%tmp_24_13_3_i = call i30 @_ssdm_op_BitConcatenate.i30.i16.i14(i16 %r_V_13_3_i, i14 0)" [ADSD/Classifier.cpp:71->ADSD/Classifier.cpp:133]   --->   Operation 1329 'bitconcatenate' 'tmp_24_13_3_i' <Predicate = (!exitcond4_i)> <Delay = 0.00>
ST_5 : Operation 1330 [1/1] (0.00ns)   --->   "%tmp_24_13_3_cast_i_c = sext i30 %tmp_24_13_3_i to i31" [ADSD/Classifier.cpp:68->ADSD/Classifier.cpp:133]   --->   Operation 1330 'sext' 'tmp_24_13_3_cast_i_c' <Predicate = (!exitcond4_i)> <Delay = 0.00>
ST_5 : Operation 1331 [1/1] (0.00ns)   --->   "%OP1_V_13_4_i = sext i8 %tmp_272_i to i16" [ADSD/Classifier.cpp:70->ADSD/Classifier.cpp:133]   --->   Operation 1331 'sext' 'OP1_V_13_4_i' <Predicate = (!exitcond4_i)> <Delay = 0.00>
ST_5 : Operation 1332 [1/1] (4.17ns)   --->   "%r_V_13_4_i = mul i16 %OP2_V_13_i, %OP1_V_13_4_i" [ADSD/Classifier.cpp:70->ADSD/Classifier.cpp:133]   --->   Operation 1332 'mul' 'r_V_13_4_i' <Predicate = (!exitcond4_i)> <Delay = 4.17> <Core = "Mul">   --->   Core 16 'Mul' <Latency = 0> <II = 1> <Delay = 3.74> <FuncUnit> <Opcode : 'mul'> <InPorts = 2> <OutPorts = 1>
ST_5 : Operation 1333 [1/1] (0.00ns)   --->   "%tmp_24_13_4_i = call i30 @_ssdm_op_BitConcatenate.i30.i16.i14(i16 %r_V_13_4_i, i14 0)" [ADSD/Classifier.cpp:71->ADSD/Classifier.cpp:133]   --->   Operation 1333 'bitconcatenate' 'tmp_24_13_4_i' <Predicate = (!exitcond4_i)> <Delay = 0.00>
ST_5 : Operation 1334 [1/1] (0.00ns)   --->   "%tmp_24_13_4_cast_i_c = sext i30 %tmp_24_13_4_i to i31" [ADSD/Classifier.cpp:68->ADSD/Classifier.cpp:133]   --->   Operation 1334 'sext' 'tmp_24_13_4_cast_i_c' <Predicate = (!exitcond4_i)> <Delay = 0.00>
ST_5 : Operation 1335 [1/1] (0.00ns)   --->   "%OP1_V_13_5_i = sext i8 %tmp_273_i to i16" [ADSD/Classifier.cpp:70->ADSD/Classifier.cpp:133]   --->   Operation 1335 'sext' 'OP1_V_13_5_i' <Predicate = (!exitcond4_i)> <Delay = 0.00>
ST_5 : Operation 1336 [1/1] (4.17ns)   --->   "%r_V_13_5_i = mul i16 %OP2_V_13_i, %OP1_V_13_5_i" [ADSD/Classifier.cpp:70->ADSD/Classifier.cpp:133]   --->   Operation 1336 'mul' 'r_V_13_5_i' <Predicate = (!exitcond4_i)> <Delay = 4.17> <Core = "Mul">   --->   Core 16 'Mul' <Latency = 0> <II = 1> <Delay = 3.74> <FuncUnit> <Opcode : 'mul'> <InPorts = 2> <OutPorts = 1>
ST_5 : Operation 1337 [1/1] (0.00ns)   --->   "%tmp_24_13_5_i = call i30 @_ssdm_op_BitConcatenate.i30.i16.i14(i16 %r_V_13_5_i, i14 0)" [ADSD/Classifier.cpp:71->ADSD/Classifier.cpp:133]   --->   Operation 1337 'bitconcatenate' 'tmp_24_13_5_i' <Predicate = (!exitcond4_i)> <Delay = 0.00>
ST_5 : Operation 1338 [1/1] (0.00ns)   --->   "%tmp_24_13_5_cast_i_c = sext i30 %tmp_24_13_5_i to i31" [ADSD/Classifier.cpp:68->ADSD/Classifier.cpp:133]   --->   Operation 1338 'sext' 'tmp_24_13_5_cast_i_c' <Predicate = (!exitcond4_i)> <Delay = 0.00>
ST_5 : Operation 1339 [1/1] (0.00ns)   --->   "%OP1_V_13_6_i = sext i8 %tmp_276_i to i16" [ADSD/Classifier.cpp:70->ADSD/Classifier.cpp:133]   --->   Operation 1339 'sext' 'OP1_V_13_6_i' <Predicate = (!exitcond4_i)> <Delay = 0.00>
ST_5 : Operation 1340 [1/1] (4.17ns)   --->   "%r_V_13_6_i = mul i16 %OP2_V_13_i, %OP1_V_13_6_i" [ADSD/Classifier.cpp:70->ADSD/Classifier.cpp:133]   --->   Operation 1340 'mul' 'r_V_13_6_i' <Predicate = (!exitcond4_i)> <Delay = 4.17> <Core = "Mul">   --->   Core 16 'Mul' <Latency = 0> <II = 1> <Delay = 3.74> <FuncUnit> <Opcode : 'mul'> <InPorts = 2> <OutPorts = 1>
ST_5 : Operation 1341 [1/1] (0.00ns)   --->   "%tmp_24_13_6_i = call i30 @_ssdm_op_BitConcatenate.i30.i16.i14(i16 %r_V_13_6_i, i14 0)" [ADSD/Classifier.cpp:71->ADSD/Classifier.cpp:133]   --->   Operation 1341 'bitconcatenate' 'tmp_24_13_6_i' <Predicate = (!exitcond4_i)> <Delay = 0.00>
ST_5 : Operation 1342 [1/1] (0.00ns)   --->   "%tmp_24_13_6_cast_i_c = sext i30 %tmp_24_13_6_i to i31" [ADSD/Classifier.cpp:68->ADSD/Classifier.cpp:133]   --->   Operation 1342 'sext' 'tmp_24_13_6_cast_i_c' <Predicate = (!exitcond4_i)> <Delay = 0.00>
ST_5 : Operation 1343 [1/1] (0.00ns)   --->   "%OP1_V_13_7_i = sext i8 %tmp_277_i to i16" [ADSD/Classifier.cpp:70->ADSD/Classifier.cpp:133]   --->   Operation 1343 'sext' 'OP1_V_13_7_i' <Predicate = (!exitcond4_i)> <Delay = 0.00>
ST_5 : Operation 1344 [1/1] (4.17ns)   --->   "%r_V_13_7_i = mul i16 %OP2_V_13_i, %OP1_V_13_7_i" [ADSD/Classifier.cpp:70->ADSD/Classifier.cpp:133]   --->   Operation 1344 'mul' 'r_V_13_7_i' <Predicate = (!exitcond4_i)> <Delay = 4.17> <Core = "Mul">   --->   Core 16 'Mul' <Latency = 0> <II = 1> <Delay = 3.74> <FuncUnit> <Opcode : 'mul'> <InPorts = 2> <OutPorts = 1>
ST_5 : Operation 1345 [1/1] (0.00ns)   --->   "%tmp_24_13_7_i = call i30 @_ssdm_op_BitConcatenate.i30.i16.i14(i16 %r_V_13_7_i, i14 0)" [ADSD/Classifier.cpp:71->ADSD/Classifier.cpp:133]   --->   Operation 1345 'bitconcatenate' 'tmp_24_13_7_i' <Predicate = (!exitcond4_i)> <Delay = 0.00>
ST_5 : Operation 1346 [1/1] (0.00ns)   --->   "%tmp_24_13_7_cast_i_c = sext i30 %tmp_24_13_7_i to i31" [ADSD/Classifier.cpp:68->ADSD/Classifier.cpp:133]   --->   Operation 1346 'sext' 'tmp_24_13_7_cast_i_c' <Predicate = (!exitcond4_i)> <Delay = 0.00>
ST_5 : Operation 1347 [1/1] (0.00ns)   --->   "%OP1_V_13_8_i = sext i8 %tmp_278_i to i16" [ADSD/Classifier.cpp:70->ADSD/Classifier.cpp:133]   --->   Operation 1347 'sext' 'OP1_V_13_8_i' <Predicate = (!exitcond4_i)> <Delay = 0.00>
ST_5 : Operation 1348 [1/1] (4.17ns)   --->   "%r_V_13_8_i = mul i16 %OP2_V_13_i, %OP1_V_13_8_i" [ADSD/Classifier.cpp:70->ADSD/Classifier.cpp:133]   --->   Operation 1348 'mul' 'r_V_13_8_i' <Predicate = (!exitcond4_i)> <Delay = 4.17> <Core = "Mul">   --->   Core 16 'Mul' <Latency = 0> <II = 1> <Delay = 3.74> <FuncUnit> <Opcode : 'mul'> <InPorts = 2> <OutPorts = 1>
ST_5 : Operation 1349 [1/1] (0.00ns)   --->   "%tmp_24_13_8_i = call i30 @_ssdm_op_BitConcatenate.i30.i16.i14(i16 %r_V_13_8_i, i14 0)" [ADSD/Classifier.cpp:71->ADSD/Classifier.cpp:133]   --->   Operation 1349 'bitconcatenate' 'tmp_24_13_8_i' <Predicate = (!exitcond4_i)> <Delay = 0.00>
ST_5 : Operation 1350 [1/1] (0.00ns)   --->   "%tmp_24_13_8_cast_i_c = sext i30 %tmp_24_13_8_i to i31" [ADSD/Classifier.cpp:68->ADSD/Classifier.cpp:133]   --->   Operation 1350 'sext' 'tmp_24_13_8_cast_i_c' <Predicate = (!exitcond4_i)> <Delay = 0.00>
ST_5 : Operation 1351 [1/1] (0.00ns)   --->   "%OP1_V_13_9_i = sext i8 %tmp_279_i to i16" [ADSD/Classifier.cpp:70->ADSD/Classifier.cpp:133]   --->   Operation 1351 'sext' 'OP1_V_13_9_i' <Predicate = (!exitcond4_i)> <Delay = 0.00>
ST_5 : Operation 1352 [1/1] (4.17ns)   --->   "%r_V_13_9_i = mul i16 %OP2_V_13_i, %OP1_V_13_9_i" [ADSD/Classifier.cpp:70->ADSD/Classifier.cpp:133]   --->   Operation 1352 'mul' 'r_V_13_9_i' <Predicate = (!exitcond4_i)> <Delay = 4.17> <Core = "Mul">   --->   Core 16 'Mul' <Latency = 0> <II = 1> <Delay = 3.74> <FuncUnit> <Opcode : 'mul'> <InPorts = 2> <OutPorts = 1>
ST_5 : Operation 1353 [1/1] (0.00ns)   --->   "%tmp_24_13_9_i = call i30 @_ssdm_op_BitConcatenate.i30.i16.i14(i16 %r_V_13_9_i, i14 0)" [ADSD/Classifier.cpp:71->ADSD/Classifier.cpp:133]   --->   Operation 1353 'bitconcatenate' 'tmp_24_13_9_i' <Predicate = (!exitcond4_i)> <Delay = 0.00>
ST_5 : Operation 1354 [1/1] (0.00ns)   --->   "%tmp_24_13_9_cast_i_c = sext i30 %tmp_24_13_9_i to i31" [ADSD/Classifier.cpp:68->ADSD/Classifier.cpp:133]   --->   Operation 1354 'sext' 'tmp_24_13_9_cast_i_c' <Predicate = (!exitcond4_i)> <Delay = 0.00>
ST_5 : Operation 1355 [1/1] (0.00ns)   --->   "%OP1_V_13_i_77 = sext i8 %tmp_280_i to i16" [ADSD/Classifier.cpp:70->ADSD/Classifier.cpp:133]   --->   Operation 1355 'sext' 'OP1_V_13_i_77' <Predicate = (!exitcond4_i)> <Delay = 0.00>
ST_5 : Operation 1356 [1/1] (4.17ns)   --->   "%r_V_13_i_78 = mul i16 %OP2_V_13_i, %OP1_V_13_i_77" [ADSD/Classifier.cpp:70->ADSD/Classifier.cpp:133]   --->   Operation 1356 'mul' 'r_V_13_i_78' <Predicate = (!exitcond4_i)> <Delay = 4.17> <Core = "Mul">   --->   Core 16 'Mul' <Latency = 0> <II = 1> <Delay = 3.74> <FuncUnit> <Opcode : 'mul'> <InPorts = 2> <OutPorts = 1>
ST_5 : Operation 1357 [1/1] (0.00ns)   --->   "%tmp_24_13_i_79 = call i30 @_ssdm_op_BitConcatenate.i30.i16.i14(i16 %r_V_13_i_78, i14 0)" [ADSD/Classifier.cpp:71->ADSD/Classifier.cpp:133]   --->   Operation 1357 'bitconcatenate' 'tmp_24_13_i_79' <Predicate = (!exitcond4_i)> <Delay = 0.00>
ST_5 : Operation 1358 [1/1] (0.00ns)   --->   "%tmp_24_13_cast_i_ca = sext i30 %tmp_24_13_i_79 to i31" [ADSD/Classifier.cpp:68->ADSD/Classifier.cpp:133]   --->   Operation 1358 'sext' 'tmp_24_13_cast_i_ca' <Predicate = (!exitcond4_i)> <Delay = 0.00>
ST_5 : Operation 1359 [1/1] (0.00ns)   --->   "%OP1_V_13_10_i = sext i8 %tmp_281_i to i16" [ADSD/Classifier.cpp:70->ADSD/Classifier.cpp:133]   --->   Operation 1359 'sext' 'OP1_V_13_10_i' <Predicate = (!exitcond4_i)> <Delay = 0.00>
ST_5 : Operation 1360 [1/1] (4.17ns)   --->   "%r_V_13_10_i = mul i16 %OP2_V_13_i, %OP1_V_13_10_i" [ADSD/Classifier.cpp:70->ADSD/Classifier.cpp:133]   --->   Operation 1360 'mul' 'r_V_13_10_i' <Predicate = (!exitcond4_i)> <Delay = 4.17> <Core = "Mul">   --->   Core 16 'Mul' <Latency = 0> <II = 1> <Delay = 3.74> <FuncUnit> <Opcode : 'mul'> <InPorts = 2> <OutPorts = 1>
ST_5 : Operation 1361 [1/1] (0.00ns)   --->   "%tmp_24_13_10_i = call i30 @_ssdm_op_BitConcatenate.i30.i16.i14(i16 %r_V_13_10_i, i14 0)" [ADSD/Classifier.cpp:71->ADSD/Classifier.cpp:133]   --->   Operation 1361 'bitconcatenate' 'tmp_24_13_10_i' <Predicate = (!exitcond4_i)> <Delay = 0.00>
ST_5 : Operation 1362 [1/1] (0.00ns)   --->   "%tmp_24_13_10_cast_i_s = sext i30 %tmp_24_13_10_i to i31" [ADSD/Classifier.cpp:68->ADSD/Classifier.cpp:133]   --->   Operation 1362 'sext' 'tmp_24_13_10_cast_i_s' <Predicate = (!exitcond4_i)> <Delay = 0.00>
ST_5 : Operation 1363 [1/1] (0.00ns)   --->   "%OP1_V_13_11_i = sext i8 %tmp_282_i to i16" [ADSD/Classifier.cpp:70->ADSD/Classifier.cpp:133]   --->   Operation 1363 'sext' 'OP1_V_13_11_i' <Predicate = (!exitcond4_i)> <Delay = 0.00>
ST_5 : Operation 1364 [1/1] (4.17ns)   --->   "%r_V_13_11_i = mul i16 %OP2_V_13_i, %OP1_V_13_11_i" [ADSD/Classifier.cpp:70->ADSD/Classifier.cpp:133]   --->   Operation 1364 'mul' 'r_V_13_11_i' <Predicate = (!exitcond4_i)> <Delay = 4.17> <Core = "Mul">   --->   Core 16 'Mul' <Latency = 0> <II = 1> <Delay = 3.74> <FuncUnit> <Opcode : 'mul'> <InPorts = 2> <OutPorts = 1>
ST_5 : Operation 1365 [1/1] (0.00ns)   --->   "%tmp_24_13_11_i = call i30 @_ssdm_op_BitConcatenate.i30.i16.i14(i16 %r_V_13_11_i, i14 0)" [ADSD/Classifier.cpp:71->ADSD/Classifier.cpp:133]   --->   Operation 1365 'bitconcatenate' 'tmp_24_13_11_i' <Predicate = (!exitcond4_i)> <Delay = 0.00>
ST_5 : Operation 1366 [1/1] (0.00ns)   --->   "%tmp_24_13_11_cast_i_s = sext i30 %tmp_24_13_11_i to i31" [ADSD/Classifier.cpp:68->ADSD/Classifier.cpp:133]   --->   Operation 1366 'sext' 'tmp_24_13_11_cast_i_s' <Predicate = (!exitcond4_i)> <Delay = 0.00>
ST_5 : Operation 1367 [1/1] (0.00ns)   --->   "%OP1_V_13_12_i = sext i8 %tmp_283_i to i16" [ADSD/Classifier.cpp:70->ADSD/Classifier.cpp:133]   --->   Operation 1367 'sext' 'OP1_V_13_12_i' <Predicate = (!exitcond4_i)> <Delay = 0.00>
ST_5 : Operation 1368 [1/1] (4.17ns)   --->   "%r_V_13_12_i = mul i16 %OP2_V_13_i, %OP1_V_13_12_i" [ADSD/Classifier.cpp:70->ADSD/Classifier.cpp:133]   --->   Operation 1368 'mul' 'r_V_13_12_i' <Predicate = (!exitcond4_i)> <Delay = 4.17> <Core = "Mul">   --->   Core 16 'Mul' <Latency = 0> <II = 1> <Delay = 3.74> <FuncUnit> <Opcode : 'mul'> <InPorts = 2> <OutPorts = 1>
ST_5 : Operation 1369 [1/1] (0.00ns)   --->   "%tmp_24_13_12_i = call i30 @_ssdm_op_BitConcatenate.i30.i16.i14(i16 %r_V_13_12_i, i14 0)" [ADSD/Classifier.cpp:71->ADSD/Classifier.cpp:133]   --->   Operation 1369 'bitconcatenate' 'tmp_24_13_12_i' <Predicate = (!exitcond4_i)> <Delay = 0.00>
ST_5 : Operation 1370 [1/1] (0.00ns)   --->   "%tmp_24_13_12_cast_i_s = sext i30 %tmp_24_13_12_i to i31" [ADSD/Classifier.cpp:68->ADSD/Classifier.cpp:133]   --->   Operation 1370 'sext' 'tmp_24_13_12_cast_i_s' <Predicate = (!exitcond4_i)> <Delay = 0.00>
ST_5 : Operation 1371 [1/1] (0.00ns)   --->   "%OP1_V_13_13_i = sext i8 %tmp_284_i to i16" [ADSD/Classifier.cpp:70->ADSD/Classifier.cpp:133]   --->   Operation 1371 'sext' 'OP1_V_13_13_i' <Predicate = (!exitcond4_i)> <Delay = 0.00>
ST_5 : Operation 1372 [1/1] (4.17ns)   --->   "%r_V_13_13_i = mul i16 %OP2_V_13_i, %OP1_V_13_13_i" [ADSD/Classifier.cpp:70->ADSD/Classifier.cpp:133]   --->   Operation 1372 'mul' 'r_V_13_13_i' <Predicate = (!exitcond4_i)> <Delay = 4.17> <Core = "Mul">   --->   Core 16 'Mul' <Latency = 0> <II = 1> <Delay = 3.74> <FuncUnit> <Opcode : 'mul'> <InPorts = 2> <OutPorts = 1>
ST_5 : Operation 1373 [1/1] (0.00ns)   --->   "%tmp_24_13_13_i = call i30 @_ssdm_op_BitConcatenate.i30.i16.i14(i16 %r_V_13_13_i, i14 0)" [ADSD/Classifier.cpp:71->ADSD/Classifier.cpp:133]   --->   Operation 1373 'bitconcatenate' 'tmp_24_13_13_i' <Predicate = (!exitcond4_i)> <Delay = 0.00>
ST_5 : Operation 1374 [1/1] (0.00ns)   --->   "%tmp_24_13_13_cast_i_s = sext i30 %tmp_24_13_13_i to i31" [ADSD/Classifier.cpp:68->ADSD/Classifier.cpp:133]   --->   Operation 1374 'sext' 'tmp_24_13_13_cast_i_s' <Predicate = (!exitcond4_i)> <Delay = 0.00>
ST_5 : Operation 1375 [1/1] (0.00ns)   --->   "%OP1_V_13_14_i = sext i8 %tmp_287_i to i16" [ADSD/Classifier.cpp:70->ADSD/Classifier.cpp:133]   --->   Operation 1375 'sext' 'OP1_V_13_14_i' <Predicate = (!exitcond4_i)> <Delay = 0.00>
ST_5 : Operation 1376 [1/1] (4.17ns)   --->   "%r_V_13_14_i = mul i16 %OP2_V_13_i, %OP1_V_13_14_i" [ADSD/Classifier.cpp:70->ADSD/Classifier.cpp:133]   --->   Operation 1376 'mul' 'r_V_13_14_i' <Predicate = (!exitcond4_i)> <Delay = 4.17> <Core = "Mul">   --->   Core 16 'Mul' <Latency = 0> <II = 1> <Delay = 3.74> <FuncUnit> <Opcode : 'mul'> <InPorts = 2> <OutPorts = 1>
ST_5 : Operation 1377 [1/1] (0.00ns)   --->   "%tmp_24_13_14_i = call i30 @_ssdm_op_BitConcatenate.i30.i16.i14(i16 %r_V_13_14_i, i14 0)" [ADSD/Classifier.cpp:71->ADSD/Classifier.cpp:133]   --->   Operation 1377 'bitconcatenate' 'tmp_24_13_14_i' <Predicate = (!exitcond4_i)> <Delay = 0.00>
ST_5 : Operation 1378 [1/1] (0.00ns)   --->   "%tmp_24_13_14_cast_i_s = sext i30 %tmp_24_13_14_i to i31" [ADSD/Classifier.cpp:71->ADSD/Classifier.cpp:133]   --->   Operation 1378 'sext' 'tmp_24_13_14_cast_i_s' <Predicate = (!exitcond4_i)> <Delay = 0.00>
ST_5 : Operation 1379 [1/1] (0.00ns)   --->   "%OP1_V_14_i = sext i8 %tmp_288_i to i16" [ADSD/Classifier.cpp:70->ADSD/Classifier.cpp:133]   --->   Operation 1379 'sext' 'OP1_V_14_i' <Predicate = (!exitcond4_i)> <Delay = 0.00>
ST_5 : Operation 1380 [1/1] (0.00ns)   --->   "%OP2_V_14_i = sext i8 %x_local_14_V_load to i16" [ADSD/Classifier.cpp:70->ADSD/Classifier.cpp:133]   --->   Operation 1380 'sext' 'OP2_V_14_i' <Predicate = (!exitcond4_i)> <Delay = 0.00>
ST_5 : Operation 1381 [1/1] (4.17ns)   --->   "%r_V_14_i = mul i16 %OP2_V_14_i, %OP1_V_14_i" [ADSD/Classifier.cpp:70->ADSD/Classifier.cpp:133]   --->   Operation 1381 'mul' 'r_V_14_i' <Predicate = (!exitcond4_i)> <Delay = 4.17> <Core = "Mul">   --->   Core 16 'Mul' <Latency = 0> <II = 1> <Delay = 3.74> <FuncUnit> <Opcode : 'mul'> <InPorts = 2> <OutPorts = 1>
ST_5 : Operation 1382 [1/1] (0.00ns)   --->   "%tmp_24_14_i = call i30 @_ssdm_op_BitConcatenate.i30.i16.i14(i16 %r_V_14_i, i14 0)" [ADSD/Classifier.cpp:71->ADSD/Classifier.cpp:133]   --->   Operation 1382 'bitconcatenate' 'tmp_24_14_i' <Predicate = (!exitcond4_i)> <Delay = 0.00>
ST_5 : Operation 1383 [1/1] (0.00ns)   --->   "%tmp_24_14_cast_i_cas = sext i30 %tmp_24_14_i to i31" [ADSD/Classifier.cpp:68->ADSD/Classifier.cpp:133]   --->   Operation 1383 'sext' 'tmp_24_14_cast_i_cas' <Predicate = (!exitcond4_i)> <Delay = 0.00>
ST_5 : Operation 1384 [1/1] (0.00ns)   --->   "%OP1_V_14_1_i = sext i8 %tmp_289_i to i16" [ADSD/Classifier.cpp:70->ADSD/Classifier.cpp:133]   --->   Operation 1384 'sext' 'OP1_V_14_1_i' <Predicate = (!exitcond4_i)> <Delay = 0.00>
ST_5 : Operation 1385 [1/1] (4.17ns)   --->   "%r_V_14_1_i = mul i16 %OP2_V_14_i, %OP1_V_14_1_i" [ADSD/Classifier.cpp:70->ADSD/Classifier.cpp:133]   --->   Operation 1385 'mul' 'r_V_14_1_i' <Predicate = (!exitcond4_i)> <Delay = 4.17> <Core = "Mul">   --->   Core 16 'Mul' <Latency = 0> <II = 1> <Delay = 3.74> <FuncUnit> <Opcode : 'mul'> <InPorts = 2> <OutPorts = 1>
ST_5 : Operation 1386 [1/1] (0.00ns)   --->   "%tmp_24_14_1_i = call i30 @_ssdm_op_BitConcatenate.i30.i16.i14(i16 %r_V_14_1_i, i14 0)" [ADSD/Classifier.cpp:71->ADSD/Classifier.cpp:133]   --->   Operation 1386 'bitconcatenate' 'tmp_24_14_1_i' <Predicate = (!exitcond4_i)> <Delay = 0.00>
ST_5 : Operation 1387 [1/1] (0.00ns)   --->   "%tmp_24_14_1_cast_i_c = sext i30 %tmp_24_14_1_i to i31" [ADSD/Classifier.cpp:68->ADSD/Classifier.cpp:133]   --->   Operation 1387 'sext' 'tmp_24_14_1_cast_i_c' <Predicate = (!exitcond4_i)> <Delay = 0.00>
ST_5 : Operation 1388 [1/1] (0.00ns)   --->   "%OP1_V_14_2_i = sext i8 %tmp_290_i to i16" [ADSD/Classifier.cpp:70->ADSD/Classifier.cpp:133]   --->   Operation 1388 'sext' 'OP1_V_14_2_i' <Predicate = (!exitcond4_i)> <Delay = 0.00>
ST_5 : Operation 1389 [1/1] (4.17ns)   --->   "%r_V_14_2_i = mul i16 %OP2_V_14_i, %OP1_V_14_2_i" [ADSD/Classifier.cpp:70->ADSD/Classifier.cpp:133]   --->   Operation 1389 'mul' 'r_V_14_2_i' <Predicate = (!exitcond4_i)> <Delay = 4.17> <Core = "Mul">   --->   Core 16 'Mul' <Latency = 0> <II = 1> <Delay = 3.74> <FuncUnit> <Opcode : 'mul'> <InPorts = 2> <OutPorts = 1>
ST_5 : Operation 1390 [1/1] (0.00ns)   --->   "%tmp_24_14_2_i = call i30 @_ssdm_op_BitConcatenate.i30.i16.i14(i16 %r_V_14_2_i, i14 0)" [ADSD/Classifier.cpp:71->ADSD/Classifier.cpp:133]   --->   Operation 1390 'bitconcatenate' 'tmp_24_14_2_i' <Predicate = (!exitcond4_i)> <Delay = 0.00>
ST_5 : Operation 1391 [1/1] (0.00ns)   --->   "%tmp_24_14_2_cast_i_c = sext i30 %tmp_24_14_2_i to i31" [ADSD/Classifier.cpp:68->ADSD/Classifier.cpp:133]   --->   Operation 1391 'sext' 'tmp_24_14_2_cast_i_c' <Predicate = (!exitcond4_i)> <Delay = 0.00>
ST_5 : Operation 1392 [1/1] (0.00ns)   --->   "%OP1_V_14_3_i = sext i8 %tmp_291_i to i16" [ADSD/Classifier.cpp:70->ADSD/Classifier.cpp:133]   --->   Operation 1392 'sext' 'OP1_V_14_3_i' <Predicate = (!exitcond4_i)> <Delay = 0.00>
ST_5 : Operation 1393 [1/1] (4.17ns)   --->   "%r_V_14_3_i = mul i16 %OP2_V_14_i, %OP1_V_14_3_i" [ADSD/Classifier.cpp:70->ADSD/Classifier.cpp:133]   --->   Operation 1393 'mul' 'r_V_14_3_i' <Predicate = (!exitcond4_i)> <Delay = 4.17> <Core = "Mul">   --->   Core 16 'Mul' <Latency = 0> <II = 1> <Delay = 3.74> <FuncUnit> <Opcode : 'mul'> <InPorts = 2> <OutPorts = 1>
ST_5 : Operation 1394 [1/1] (0.00ns)   --->   "%tmp_24_14_3_i = call i30 @_ssdm_op_BitConcatenate.i30.i16.i14(i16 %r_V_14_3_i, i14 0)" [ADSD/Classifier.cpp:71->ADSD/Classifier.cpp:133]   --->   Operation 1394 'bitconcatenate' 'tmp_24_14_3_i' <Predicate = (!exitcond4_i)> <Delay = 0.00>
ST_5 : Operation 1395 [1/1] (0.00ns)   --->   "%tmp_24_14_3_cast_i_c = sext i30 %tmp_24_14_3_i to i31" [ADSD/Classifier.cpp:68->ADSD/Classifier.cpp:133]   --->   Operation 1395 'sext' 'tmp_24_14_3_cast_i_c' <Predicate = (!exitcond4_i)> <Delay = 0.00>
ST_5 : Operation 1396 [1/1] (0.00ns)   --->   "%OP1_V_14_4_i = sext i8 %tmp_292_i to i16" [ADSD/Classifier.cpp:70->ADSD/Classifier.cpp:133]   --->   Operation 1396 'sext' 'OP1_V_14_4_i' <Predicate = (!exitcond4_i)> <Delay = 0.00>
ST_5 : Operation 1397 [1/1] (4.17ns)   --->   "%r_V_14_4_i = mul i16 %OP2_V_14_i, %OP1_V_14_4_i" [ADSD/Classifier.cpp:70->ADSD/Classifier.cpp:133]   --->   Operation 1397 'mul' 'r_V_14_4_i' <Predicate = (!exitcond4_i)> <Delay = 4.17> <Core = "Mul">   --->   Core 16 'Mul' <Latency = 0> <II = 1> <Delay = 3.74> <FuncUnit> <Opcode : 'mul'> <InPorts = 2> <OutPorts = 1>
ST_5 : Operation 1398 [1/1] (0.00ns)   --->   "%tmp_24_14_4_i = call i30 @_ssdm_op_BitConcatenate.i30.i16.i14(i16 %r_V_14_4_i, i14 0)" [ADSD/Classifier.cpp:71->ADSD/Classifier.cpp:133]   --->   Operation 1398 'bitconcatenate' 'tmp_24_14_4_i' <Predicate = (!exitcond4_i)> <Delay = 0.00>
ST_5 : Operation 1399 [1/1] (0.00ns)   --->   "%tmp_24_14_4_cast_i_c = sext i30 %tmp_24_14_4_i to i31" [ADSD/Classifier.cpp:68->ADSD/Classifier.cpp:133]   --->   Operation 1399 'sext' 'tmp_24_14_4_cast_i_c' <Predicate = (!exitcond4_i)> <Delay = 0.00>
ST_5 : Operation 1400 [1/1] (0.00ns)   --->   "%OP1_V_14_5_i = sext i8 %tmp_293_i to i16" [ADSD/Classifier.cpp:70->ADSD/Classifier.cpp:133]   --->   Operation 1400 'sext' 'OP1_V_14_5_i' <Predicate = (!exitcond4_i)> <Delay = 0.00>
ST_5 : Operation 1401 [1/1] (4.17ns)   --->   "%r_V_14_5_i = mul i16 %OP2_V_14_i, %OP1_V_14_5_i" [ADSD/Classifier.cpp:70->ADSD/Classifier.cpp:133]   --->   Operation 1401 'mul' 'r_V_14_5_i' <Predicate = (!exitcond4_i)> <Delay = 4.17> <Core = "Mul">   --->   Core 16 'Mul' <Latency = 0> <II = 1> <Delay = 3.74> <FuncUnit> <Opcode : 'mul'> <InPorts = 2> <OutPorts = 1>
ST_5 : Operation 1402 [1/1] (0.00ns)   --->   "%tmp_24_14_5_i = call i30 @_ssdm_op_BitConcatenate.i30.i16.i14(i16 %r_V_14_5_i, i14 0)" [ADSD/Classifier.cpp:71->ADSD/Classifier.cpp:133]   --->   Operation 1402 'bitconcatenate' 'tmp_24_14_5_i' <Predicate = (!exitcond4_i)> <Delay = 0.00>
ST_5 : Operation 1403 [1/1] (0.00ns)   --->   "%tmp_24_14_5_cast_i_c = sext i30 %tmp_24_14_5_i to i31" [ADSD/Classifier.cpp:68->ADSD/Classifier.cpp:133]   --->   Operation 1403 'sext' 'tmp_24_14_5_cast_i_c' <Predicate = (!exitcond4_i)> <Delay = 0.00>
ST_5 : Operation 1404 [1/1] (0.00ns)   --->   "%OP1_V_14_6_i = sext i8 %tmp_294_i to i16" [ADSD/Classifier.cpp:70->ADSD/Classifier.cpp:133]   --->   Operation 1404 'sext' 'OP1_V_14_6_i' <Predicate = (!exitcond4_i)> <Delay = 0.00>
ST_5 : Operation 1405 [1/1] (4.17ns)   --->   "%r_V_14_6_i = mul i16 %OP2_V_14_i, %OP1_V_14_6_i" [ADSD/Classifier.cpp:70->ADSD/Classifier.cpp:133]   --->   Operation 1405 'mul' 'r_V_14_6_i' <Predicate = (!exitcond4_i)> <Delay = 4.17> <Core = "Mul">   --->   Core 16 'Mul' <Latency = 0> <II = 1> <Delay = 3.74> <FuncUnit> <Opcode : 'mul'> <InPorts = 2> <OutPorts = 1>
ST_5 : Operation 1406 [1/1] (0.00ns)   --->   "%tmp_24_14_6_i = call i30 @_ssdm_op_BitConcatenate.i30.i16.i14(i16 %r_V_14_6_i, i14 0)" [ADSD/Classifier.cpp:71->ADSD/Classifier.cpp:133]   --->   Operation 1406 'bitconcatenate' 'tmp_24_14_6_i' <Predicate = (!exitcond4_i)> <Delay = 0.00>
ST_5 : Operation 1407 [1/1] (0.00ns)   --->   "%tmp_24_14_6_cast_i_c = sext i30 %tmp_24_14_6_i to i31" [ADSD/Classifier.cpp:68->ADSD/Classifier.cpp:133]   --->   Operation 1407 'sext' 'tmp_24_14_6_cast_i_c' <Predicate = (!exitcond4_i)> <Delay = 0.00>
ST_5 : Operation 1408 [1/1] (0.00ns)   --->   "%OP1_V_14_7_i = sext i8 %tmp_295_i to i16" [ADSD/Classifier.cpp:70->ADSD/Classifier.cpp:133]   --->   Operation 1408 'sext' 'OP1_V_14_7_i' <Predicate = (!exitcond4_i)> <Delay = 0.00>
ST_5 : Operation 1409 [1/1] (4.17ns)   --->   "%r_V_14_7_i = mul i16 %OP2_V_14_i, %OP1_V_14_7_i" [ADSD/Classifier.cpp:70->ADSD/Classifier.cpp:133]   --->   Operation 1409 'mul' 'r_V_14_7_i' <Predicate = (!exitcond4_i)> <Delay = 4.17> <Core = "Mul">   --->   Core 16 'Mul' <Latency = 0> <II = 1> <Delay = 3.74> <FuncUnit> <Opcode : 'mul'> <InPorts = 2> <OutPorts = 1>
ST_5 : Operation 1410 [1/1] (0.00ns)   --->   "%tmp_24_14_7_i = call i30 @_ssdm_op_BitConcatenate.i30.i16.i14(i16 %r_V_14_7_i, i14 0)" [ADSD/Classifier.cpp:71->ADSD/Classifier.cpp:133]   --->   Operation 1410 'bitconcatenate' 'tmp_24_14_7_i' <Predicate = (!exitcond4_i)> <Delay = 0.00>
ST_5 : Operation 1411 [1/1] (0.00ns)   --->   "%tmp_24_14_7_cast_i_c = sext i30 %tmp_24_14_7_i to i31" [ADSD/Classifier.cpp:68->ADSD/Classifier.cpp:133]   --->   Operation 1411 'sext' 'tmp_24_14_7_cast_i_c' <Predicate = (!exitcond4_i)> <Delay = 0.00>
ST_5 : Operation 1412 [1/1] (0.00ns)   --->   "%OP1_V_14_8_i = sext i8 %tmp_296_i to i16" [ADSD/Classifier.cpp:70->ADSD/Classifier.cpp:133]   --->   Operation 1412 'sext' 'OP1_V_14_8_i' <Predicate = (!exitcond4_i)> <Delay = 0.00>
ST_5 : Operation 1413 [1/1] (4.17ns)   --->   "%r_V_14_8_i = mul i16 %OP2_V_14_i, %OP1_V_14_8_i" [ADSD/Classifier.cpp:70->ADSD/Classifier.cpp:133]   --->   Operation 1413 'mul' 'r_V_14_8_i' <Predicate = (!exitcond4_i)> <Delay = 4.17> <Core = "Mul">   --->   Core 16 'Mul' <Latency = 0> <II = 1> <Delay = 3.74> <FuncUnit> <Opcode : 'mul'> <InPorts = 2> <OutPorts = 1>
ST_5 : Operation 1414 [1/1] (0.00ns)   --->   "%tmp_24_14_8_i = call i30 @_ssdm_op_BitConcatenate.i30.i16.i14(i16 %r_V_14_8_i, i14 0)" [ADSD/Classifier.cpp:71->ADSD/Classifier.cpp:133]   --->   Operation 1414 'bitconcatenate' 'tmp_24_14_8_i' <Predicate = (!exitcond4_i)> <Delay = 0.00>
ST_5 : Operation 1415 [1/1] (0.00ns)   --->   "%tmp_24_14_8_cast_i_c = sext i30 %tmp_24_14_8_i to i31" [ADSD/Classifier.cpp:68->ADSD/Classifier.cpp:133]   --->   Operation 1415 'sext' 'tmp_24_14_8_cast_i_c' <Predicate = (!exitcond4_i)> <Delay = 0.00>
ST_5 : Operation 1416 [1/1] (0.00ns)   --->   "%OP1_V_14_9_i = sext i8 %tmp_297_i to i16" [ADSD/Classifier.cpp:70->ADSD/Classifier.cpp:133]   --->   Operation 1416 'sext' 'OP1_V_14_9_i' <Predicate = (!exitcond4_i)> <Delay = 0.00>
ST_5 : Operation 1417 [1/1] (4.17ns)   --->   "%r_V_14_9_i = mul i16 %OP2_V_14_i, %OP1_V_14_9_i" [ADSD/Classifier.cpp:70->ADSD/Classifier.cpp:133]   --->   Operation 1417 'mul' 'r_V_14_9_i' <Predicate = (!exitcond4_i)> <Delay = 4.17> <Core = "Mul">   --->   Core 16 'Mul' <Latency = 0> <II = 1> <Delay = 3.74> <FuncUnit> <Opcode : 'mul'> <InPorts = 2> <OutPorts = 1>
ST_5 : Operation 1418 [1/1] (0.00ns)   --->   "%tmp_24_14_9_i = call i30 @_ssdm_op_BitConcatenate.i30.i16.i14(i16 %r_V_14_9_i, i14 0)" [ADSD/Classifier.cpp:71->ADSD/Classifier.cpp:133]   --->   Operation 1418 'bitconcatenate' 'tmp_24_14_9_i' <Predicate = (!exitcond4_i)> <Delay = 0.00>
ST_5 : Operation 1419 [1/1] (0.00ns)   --->   "%tmp_24_14_9_cast_i_c = sext i30 %tmp_24_14_9_i to i31" [ADSD/Classifier.cpp:68->ADSD/Classifier.cpp:133]   --->   Operation 1419 'sext' 'tmp_24_14_9_cast_i_c' <Predicate = (!exitcond4_i)> <Delay = 0.00>
ST_5 : Operation 1420 [1/1] (0.00ns)   --->   "%OP1_V_14_i_80 = sext i8 %tmp_298_i to i16" [ADSD/Classifier.cpp:70->ADSD/Classifier.cpp:133]   --->   Operation 1420 'sext' 'OP1_V_14_i_80' <Predicate = (!exitcond4_i)> <Delay = 0.00>
ST_5 : Operation 1421 [1/1] (4.17ns)   --->   "%r_V_14_i_81 = mul i16 %OP2_V_14_i, %OP1_V_14_i_80" [ADSD/Classifier.cpp:70->ADSD/Classifier.cpp:133]   --->   Operation 1421 'mul' 'r_V_14_i_81' <Predicate = (!exitcond4_i)> <Delay = 4.17> <Core = "Mul">   --->   Core 16 'Mul' <Latency = 0> <II = 1> <Delay = 3.74> <FuncUnit> <Opcode : 'mul'> <InPorts = 2> <OutPorts = 1>
ST_5 : Operation 1422 [1/1] (0.00ns)   --->   "%tmp_24_14_i_82 = call i30 @_ssdm_op_BitConcatenate.i30.i16.i14(i16 %r_V_14_i_81, i14 0)" [ADSD/Classifier.cpp:71->ADSD/Classifier.cpp:133]   --->   Operation 1422 'bitconcatenate' 'tmp_24_14_i_82' <Predicate = (!exitcond4_i)> <Delay = 0.00>
ST_5 : Operation 1423 [1/1] (0.00ns)   --->   "%tmp_24_14_cast_i_ca = sext i30 %tmp_24_14_i_82 to i31" [ADSD/Classifier.cpp:68->ADSD/Classifier.cpp:133]   --->   Operation 1423 'sext' 'tmp_24_14_cast_i_ca' <Predicate = (!exitcond4_i)> <Delay = 0.00>
ST_5 : Operation 1424 [1/1] (0.00ns)   --->   "%OP1_V_14_10_i = sext i8 %tmp_299_i to i16" [ADSD/Classifier.cpp:70->ADSD/Classifier.cpp:133]   --->   Operation 1424 'sext' 'OP1_V_14_10_i' <Predicate = (!exitcond4_i)> <Delay = 0.00>
ST_5 : Operation 1425 [1/1] (4.17ns)   --->   "%r_V_14_10_i = mul i16 %OP2_V_14_i, %OP1_V_14_10_i" [ADSD/Classifier.cpp:70->ADSD/Classifier.cpp:133]   --->   Operation 1425 'mul' 'r_V_14_10_i' <Predicate = (!exitcond4_i)> <Delay = 4.17> <Core = "Mul">   --->   Core 16 'Mul' <Latency = 0> <II = 1> <Delay = 3.74> <FuncUnit> <Opcode : 'mul'> <InPorts = 2> <OutPorts = 1>
ST_5 : Operation 1426 [1/1] (0.00ns)   --->   "%tmp_24_14_10_i = call i30 @_ssdm_op_BitConcatenate.i30.i16.i14(i16 %r_V_14_10_i, i14 0)" [ADSD/Classifier.cpp:71->ADSD/Classifier.cpp:133]   --->   Operation 1426 'bitconcatenate' 'tmp_24_14_10_i' <Predicate = (!exitcond4_i)> <Delay = 0.00>
ST_5 : Operation 1427 [1/1] (0.00ns)   --->   "%tmp_24_14_10_cast_i_s = sext i30 %tmp_24_14_10_i to i31" [ADSD/Classifier.cpp:68->ADSD/Classifier.cpp:133]   --->   Operation 1427 'sext' 'tmp_24_14_10_cast_i_s' <Predicate = (!exitcond4_i)> <Delay = 0.00>
ST_5 : Operation 1428 [1/1] (0.00ns)   --->   "%OP1_V_14_11_i = sext i8 %tmp_302_i to i16" [ADSD/Classifier.cpp:70->ADSD/Classifier.cpp:133]   --->   Operation 1428 'sext' 'OP1_V_14_11_i' <Predicate = (!exitcond4_i)> <Delay = 0.00>
ST_5 : Operation 1429 [1/1] (4.17ns)   --->   "%r_V_14_11_i = mul i16 %OP2_V_14_i, %OP1_V_14_11_i" [ADSD/Classifier.cpp:70->ADSD/Classifier.cpp:133]   --->   Operation 1429 'mul' 'r_V_14_11_i' <Predicate = (!exitcond4_i)> <Delay = 4.17> <Core = "Mul">   --->   Core 16 'Mul' <Latency = 0> <II = 1> <Delay = 3.74> <FuncUnit> <Opcode : 'mul'> <InPorts = 2> <OutPorts = 1>
ST_5 : Operation 1430 [1/1] (0.00ns)   --->   "%tmp_24_14_11_i = call i30 @_ssdm_op_BitConcatenate.i30.i16.i14(i16 %r_V_14_11_i, i14 0)" [ADSD/Classifier.cpp:71->ADSD/Classifier.cpp:133]   --->   Operation 1430 'bitconcatenate' 'tmp_24_14_11_i' <Predicate = (!exitcond4_i)> <Delay = 0.00>
ST_5 : Operation 1431 [1/1] (0.00ns)   --->   "%tmp_24_14_11_cast_i_s = sext i30 %tmp_24_14_11_i to i31" [ADSD/Classifier.cpp:68->ADSD/Classifier.cpp:133]   --->   Operation 1431 'sext' 'tmp_24_14_11_cast_i_s' <Predicate = (!exitcond4_i)> <Delay = 0.00>
ST_5 : Operation 1432 [1/1] (0.00ns)   --->   "%OP1_V_14_12_i = sext i8 %tmp_303_i to i16" [ADSD/Classifier.cpp:70->ADSD/Classifier.cpp:133]   --->   Operation 1432 'sext' 'OP1_V_14_12_i' <Predicate = (!exitcond4_i)> <Delay = 0.00>
ST_5 : Operation 1433 [1/1] (4.17ns)   --->   "%r_V_14_12_i = mul i16 %OP2_V_14_i, %OP1_V_14_12_i" [ADSD/Classifier.cpp:70->ADSD/Classifier.cpp:133]   --->   Operation 1433 'mul' 'r_V_14_12_i' <Predicate = (!exitcond4_i)> <Delay = 4.17> <Core = "Mul">   --->   Core 16 'Mul' <Latency = 0> <II = 1> <Delay = 3.74> <FuncUnit> <Opcode : 'mul'> <InPorts = 2> <OutPorts = 1>
ST_5 : Operation 1434 [1/1] (0.00ns)   --->   "%tmp_24_14_12_i = call i30 @_ssdm_op_BitConcatenate.i30.i16.i14(i16 %r_V_14_12_i, i14 0)" [ADSD/Classifier.cpp:71->ADSD/Classifier.cpp:133]   --->   Operation 1434 'bitconcatenate' 'tmp_24_14_12_i' <Predicate = (!exitcond4_i)> <Delay = 0.00>
ST_5 : Operation 1435 [1/1] (0.00ns)   --->   "%tmp_24_14_12_cast_i_s = sext i30 %tmp_24_14_12_i to i31" [ADSD/Classifier.cpp:68->ADSD/Classifier.cpp:133]   --->   Operation 1435 'sext' 'tmp_24_14_12_cast_i_s' <Predicate = (!exitcond4_i)> <Delay = 0.00>
ST_5 : Operation 1436 [1/1] (0.00ns)   --->   "%OP1_V_14_13_i = sext i8 %tmp_304_i to i16" [ADSD/Classifier.cpp:70->ADSD/Classifier.cpp:133]   --->   Operation 1436 'sext' 'OP1_V_14_13_i' <Predicate = (!exitcond4_i)> <Delay = 0.00>
ST_5 : Operation 1437 [1/1] (4.17ns)   --->   "%r_V_14_13_i = mul i16 %OP2_V_14_i, %OP1_V_14_13_i" [ADSD/Classifier.cpp:70->ADSD/Classifier.cpp:133]   --->   Operation 1437 'mul' 'r_V_14_13_i' <Predicate = (!exitcond4_i)> <Delay = 4.17> <Core = "Mul">   --->   Core 16 'Mul' <Latency = 0> <II = 1> <Delay = 3.74> <FuncUnit> <Opcode : 'mul'> <InPorts = 2> <OutPorts = 1>
ST_5 : Operation 1438 [1/1] (0.00ns)   --->   "%tmp_24_14_13_i = call i30 @_ssdm_op_BitConcatenate.i30.i16.i14(i16 %r_V_14_13_i, i14 0)" [ADSD/Classifier.cpp:71->ADSD/Classifier.cpp:133]   --->   Operation 1438 'bitconcatenate' 'tmp_24_14_13_i' <Predicate = (!exitcond4_i)> <Delay = 0.00>
ST_5 : Operation 1439 [1/1] (0.00ns)   --->   "%tmp_24_14_13_cast_i_s = sext i30 %tmp_24_14_13_i to i31" [ADSD/Classifier.cpp:68->ADSD/Classifier.cpp:133]   --->   Operation 1439 'sext' 'tmp_24_14_13_cast_i_s' <Predicate = (!exitcond4_i)> <Delay = 0.00>
ST_5 : Operation 1440 [1/1] (0.00ns)   --->   "%OP1_V_14_14_i = sext i8 %tmp_305_i to i16" [ADSD/Classifier.cpp:70->ADSD/Classifier.cpp:133]   --->   Operation 1440 'sext' 'OP1_V_14_14_i' <Predicate = (!exitcond4_i)> <Delay = 0.00>
ST_5 : Operation 1441 [1/1] (4.17ns)   --->   "%r_V_14_14_i = mul i16 %OP2_V_14_i, %OP1_V_14_14_i" [ADSD/Classifier.cpp:70->ADSD/Classifier.cpp:133]   --->   Operation 1441 'mul' 'r_V_14_14_i' <Predicate = (!exitcond4_i)> <Delay = 4.17> <Core = "Mul">   --->   Core 16 'Mul' <Latency = 0> <II = 1> <Delay = 3.74> <FuncUnit> <Opcode : 'mul'> <InPorts = 2> <OutPorts = 1>
ST_5 : Operation 1442 [1/1] (0.00ns)   --->   "%tmp_24_14_14_i = call i30 @_ssdm_op_BitConcatenate.i30.i16.i14(i16 %r_V_14_14_i, i14 0)" [ADSD/Classifier.cpp:71->ADSD/Classifier.cpp:133]   --->   Operation 1442 'bitconcatenate' 'tmp_24_14_14_i' <Predicate = (!exitcond4_i)> <Delay = 0.00>
ST_5 : Operation 1443 [1/1] (0.00ns)   --->   "%tmp_24_14_14_cast_i_s = sext i30 %tmp_24_14_14_i to i31" [ADSD/Classifier.cpp:71->ADSD/Classifier.cpp:133]   --->   Operation 1443 'sext' 'tmp_24_14_14_cast_i_s' <Predicate = (!exitcond4_i)> <Delay = 0.00>
ST_5 : Operation 1444 [1/1] (0.00ns)   --->   "%OP1_V_15_i = sext i5 %tmp_256 to i16" [ADSD/Classifier.cpp:70->ADSD/Classifier.cpp:133]   --->   Operation 1444 'sext' 'OP1_V_15_i' <Predicate = (!exitcond4_i)> <Delay = 0.00>
ST_5 : Operation 1445 [1/1] (0.00ns)   --->   "%OP2_V_15_i = sext i8 %x_local_15_V_load to i16" [ADSD/Classifier.cpp:70->ADSD/Classifier.cpp:133]   --->   Operation 1445 'sext' 'OP2_V_15_i' <Predicate = (!exitcond4_i)> <Delay = 0.00>
ST_5 : Operation 1446 [1/1] (4.17ns)   --->   "%r_V_15_i = mul i16 %OP2_V_15_i, %OP1_V_15_i" [ADSD/Classifier.cpp:70->ADSD/Classifier.cpp:133]   --->   Operation 1446 'mul' 'r_V_15_i' <Predicate = (!exitcond4_i)> <Delay = 4.17> <Core = "Mul">   --->   Core 16 'Mul' <Latency = 0> <II = 1> <Delay = 3.74> <FuncUnit> <Opcode : 'mul'> <InPorts = 2> <OutPorts = 1>
ST_5 : Operation 1447 [1/1] (0.00ns)   --->   "%tmp_24_15_i = call i30 @_ssdm_op_BitConcatenate.i30.i16.i14(i16 %r_V_15_i, i14 0)" [ADSD/Classifier.cpp:71->ADSD/Classifier.cpp:133]   --->   Operation 1447 'bitconcatenate' 'tmp_24_15_i' <Predicate = (!exitcond4_i)> <Delay = 0.00>
ST_5 : Operation 1448 [1/1] (0.00ns)   --->   "%tmp_24_15_cast_i_cas = sext i30 %tmp_24_15_i to i31" [ADSD/Classifier.cpp:71->ADSD/Classifier.cpp:133]   --->   Operation 1448 'sext' 'tmp_24_15_cast_i_cas' <Predicate = (!exitcond4_i)> <Delay = 0.00>
ST_5 : Operation 1449 [1/1] (2.49ns)   --->   "%tmp3 = add i31 %tmp_24_1_cast_i_cast, %tmp_24_0_cast_i_cast" [ADSD/Classifier.cpp:71->ADSD/Classifier.cpp:133]   --->   Operation 1449 'add' 'tmp3' <Predicate = (!exitcond4_i)> <Delay = 2.49> <Core = "AddSub">   --->   Core 14 'AddSub' <Latency = 0> <II = 1> <Delay = 2.55> <FuncUnit> <Opcode : 'add' 'sub'> <InPorts = 2> <OutPorts = 1>
ST_5 : Operation 1450 [1/1] (0.00ns)   --->   "%tmp3_cast = sext i31 %tmp3 to i32" [ADSD/Classifier.cpp:71->ADSD/Classifier.cpp:133]   --->   Operation 1450 'sext' 'tmp3_cast' <Predicate = (!exitcond4_i)> <Delay = 0.00>
ST_5 : Operation 1451 [1/1] (2.49ns)   --->   "%tmp4 = add i31 %tmp_24_3_cast_i_cast, %tmp_24_2_cast_i_cast" [ADSD/Classifier.cpp:71->ADSD/Classifier.cpp:133]   --->   Operation 1451 'add' 'tmp4' <Predicate = (!exitcond4_i)> <Delay = 2.49> <Core = "AddSub">   --->   Core 14 'AddSub' <Latency = 0> <II = 1> <Delay = 2.55> <FuncUnit> <Opcode : 'add' 'sub'> <InPorts = 2> <OutPorts = 1>
ST_5 : Operation 1452 [1/1] (0.00ns)   --->   "%tmp4_cast = sext i31 %tmp4 to i32" [ADSD/Classifier.cpp:71->ADSD/Classifier.cpp:133]   --->   Operation 1452 'sext' 'tmp4_cast' <Predicate = (!exitcond4_i)> <Delay = 0.00>
ST_5 : Operation 1453 [1/1] (2.52ns)   --->   "%tmp2 = add i32 %tmp3_cast, %tmp4_cast" [ADSD/Classifier.cpp:71->ADSD/Classifier.cpp:133]   --->   Operation 1453 'add' 'tmp2' <Predicate = (!exitcond4_i)> <Delay = 2.52> <Core = "AddSub">   --->   Core 14 'AddSub' <Latency = 0> <II = 1> <Delay = 2.55> <FuncUnit> <Opcode : 'add' 'sub'> <InPorts = 2> <OutPorts = 1>
ST_5 : Operation 1454 [1/1] (2.49ns)   --->   "%tmp6 = add i31 %tmp_24_5_cast_i_cast, %tmp_24_4_cast_i_cast" [ADSD/Classifier.cpp:71->ADSD/Classifier.cpp:133]   --->   Operation 1454 'add' 'tmp6' <Predicate = (!exitcond4_i)> <Delay = 2.49> <Core = "AddSub">   --->   Core 14 'AddSub' <Latency = 0> <II = 1> <Delay = 2.55> <FuncUnit> <Opcode : 'add' 'sub'> <InPorts = 2> <OutPorts = 1>
ST_5 : Operation 1455 [1/1] (2.49ns)   --->   "%tmp7 = add i31 %tmp_24_7_cast_i_cast, %tmp_24_6_cast_i_cast" [ADSD/Classifier.cpp:71->ADSD/Classifier.cpp:133]   --->   Operation 1455 'add' 'tmp7' <Predicate = (!exitcond4_i)> <Delay = 2.49> <Core = "AddSub">   --->   Core 14 'AddSub' <Latency = 0> <II = 1> <Delay = 2.55> <FuncUnit> <Opcode : 'add' 'sub'> <InPorts = 2> <OutPorts = 1>
ST_5 : Operation 1456 [1/1] (2.49ns)   --->   "%tmp10 = add i31 %tmp_24_9_cast_i_cast, %tmp_24_8_cast_i_cast" [ADSD/Classifier.cpp:71->ADSD/Classifier.cpp:133]   --->   Operation 1456 'add' 'tmp10' <Predicate = (!exitcond4_i)> <Delay = 2.49> <Core = "AddSub">   --->   Core 14 'AddSub' <Latency = 0> <II = 1> <Delay = 2.55> <FuncUnit> <Opcode : 'add' 'sub'> <InPorts = 2> <OutPorts = 1>
ST_5 : Operation 1457 [1/1] (0.00ns)   --->   "%tmp10_cast = sext i31 %tmp10 to i32" [ADSD/Classifier.cpp:71->ADSD/Classifier.cpp:133]   --->   Operation 1457 'sext' 'tmp10_cast' <Predicate = (!exitcond4_i)> <Delay = 0.00>
ST_5 : Operation 1458 [1/1] (2.49ns)   --->   "%tmp11 = add i31 %tmp_24_11_cast_i_cas, %tmp_24_10_cast_i_cas" [ADSD/Classifier.cpp:71->ADSD/Classifier.cpp:133]   --->   Operation 1458 'add' 'tmp11' <Predicate = (!exitcond4_i)> <Delay = 2.49> <Core = "AddSub">   --->   Core 14 'AddSub' <Latency = 0> <II = 1> <Delay = 2.55> <FuncUnit> <Opcode : 'add' 'sub'> <InPorts = 2> <OutPorts = 1>
ST_5 : Operation 1459 [1/1] (0.00ns)   --->   "%tmp11_cast = sext i31 %tmp11 to i32" [ADSD/Classifier.cpp:71->ADSD/Classifier.cpp:133]   --->   Operation 1459 'sext' 'tmp11_cast' <Predicate = (!exitcond4_i)> <Delay = 0.00>
ST_5 : Operation 1460 [1/1] (2.52ns)   --->   "%tmp9 = add i32 %tmp10_cast, %tmp11_cast" [ADSD/Classifier.cpp:71->ADSD/Classifier.cpp:133]   --->   Operation 1460 'add' 'tmp9' <Predicate = (!exitcond4_i)> <Delay = 2.52> <Core = "AddSub">   --->   Core 14 'AddSub' <Latency = 0> <II = 1> <Delay = 2.55> <FuncUnit> <Opcode : 'add' 'sub'> <InPorts = 2> <OutPorts = 1>
ST_5 : Operation 1461 [1/1] (2.49ns)   --->   "%tmp13 = add i31 %tmp_24_13_cast_i_cas, %tmp_24_12_cast_i_cas" [ADSD/Classifier.cpp:71->ADSD/Classifier.cpp:133]   --->   Operation 1461 'add' 'tmp13' <Predicate = (!exitcond4_i)> <Delay = 2.49> <Core = "AddSub">   --->   Core 14 'AddSub' <Latency = 0> <II = 1> <Delay = 2.55> <FuncUnit> <Opcode : 'add' 'sub'> <InPorts = 2> <OutPorts = 1>
ST_5 : Operation 1462 [1/1] (2.49ns)   --->   "%tmp14 = add i31 %tmp_24_15_cast_i_cas, %tmp_24_14_cast_i_cas" [ADSD/Classifier.cpp:71->ADSD/Classifier.cpp:133]   --->   Operation 1462 'add' 'tmp14' <Predicate = (!exitcond4_i)> <Delay = 2.49> <Core = "AddSub">   --->   Core 14 'AddSub' <Latency = 0> <II = 1> <Delay = 2.55> <FuncUnit> <Opcode : 'add' 'sub'> <InPorts = 2> <OutPorts = 1>
ST_5 : Operation 1463 [1/1] (0.00ns)   --->   "%OP1_V_15_1_i = sext i5 %tmp_257 to i16" [ADSD/Classifier.cpp:70->ADSD/Classifier.cpp:133]   --->   Operation 1463 'sext' 'OP1_V_15_1_i' <Predicate = (!exitcond4_i)> <Delay = 0.00>
ST_5 : Operation 1464 [1/1] (4.17ns)   --->   "%r_V_15_1_i = mul i16 %OP2_V_15_i, %OP1_V_15_1_i" [ADSD/Classifier.cpp:70->ADSD/Classifier.cpp:133]   --->   Operation 1464 'mul' 'r_V_15_1_i' <Predicate = (!exitcond4_i)> <Delay = 4.17> <Core = "Mul">   --->   Core 16 'Mul' <Latency = 0> <II = 1> <Delay = 3.74> <FuncUnit> <Opcode : 'mul'> <InPorts = 2> <OutPorts = 1>
ST_5 : Operation 1465 [1/1] (0.00ns)   --->   "%tmp_24_15_1_i = call i30 @_ssdm_op_BitConcatenate.i30.i16.i14(i16 %r_V_15_1_i, i14 0)" [ADSD/Classifier.cpp:71->ADSD/Classifier.cpp:133]   --->   Operation 1465 'bitconcatenate' 'tmp_24_15_1_i' <Predicate = (!exitcond4_i)> <Delay = 0.00>
ST_5 : Operation 1466 [1/1] (0.00ns)   --->   "%tmp_24_15_1_cast_i_c = sext i30 %tmp_24_15_1_i to i31" [ADSD/Classifier.cpp:71->ADSD/Classifier.cpp:133]   --->   Operation 1466 'sext' 'tmp_24_15_1_cast_i_c' <Predicate = (!exitcond4_i)> <Delay = 0.00>
ST_5 : Operation 1467 [1/1] (2.49ns)   --->   "%tmp17 = add i31 %tmp_24_1_1_cast_i_ca, %tmp_24_0_1_cast_i_ca" [ADSD/Classifier.cpp:71->ADSD/Classifier.cpp:133]   --->   Operation 1467 'add' 'tmp17' <Predicate = (!exitcond4_i)> <Delay = 2.49> <Core = "AddSub">   --->   Core 14 'AddSub' <Latency = 0> <II = 1> <Delay = 2.55> <FuncUnit> <Opcode : 'add' 'sub'> <InPorts = 2> <OutPorts = 1>
ST_5 : Operation 1468 [1/1] (0.00ns)   --->   "%tmp17_cast = sext i31 %tmp17 to i32" [ADSD/Classifier.cpp:71->ADSD/Classifier.cpp:133]   --->   Operation 1468 'sext' 'tmp17_cast' <Predicate = (!exitcond4_i)> <Delay = 0.00>
ST_5 : Operation 1469 [1/1] (2.49ns)   --->   "%tmp18 = add i31 %tmp_24_3_1_cast_i_ca, %tmp_24_2_1_cast_i_ca" [ADSD/Classifier.cpp:71->ADSD/Classifier.cpp:133]   --->   Operation 1469 'add' 'tmp18' <Predicate = (!exitcond4_i)> <Delay = 2.49> <Core = "AddSub">   --->   Core 14 'AddSub' <Latency = 0> <II = 1> <Delay = 2.55> <FuncUnit> <Opcode : 'add' 'sub'> <InPorts = 2> <OutPorts = 1>
ST_5 : Operation 1470 [1/1] (0.00ns)   --->   "%tmp18_cast = sext i31 %tmp18 to i32" [ADSD/Classifier.cpp:71->ADSD/Classifier.cpp:133]   --->   Operation 1470 'sext' 'tmp18_cast' <Predicate = (!exitcond4_i)> <Delay = 0.00>
ST_5 : Operation 1471 [1/1] (2.52ns)   --->   "%tmp16 = add i32 %tmp17_cast, %tmp18_cast" [ADSD/Classifier.cpp:71->ADSD/Classifier.cpp:133]   --->   Operation 1471 'add' 'tmp16' <Predicate = (!exitcond4_i)> <Delay = 2.52> <Core = "AddSub">   --->   Core 14 'AddSub' <Latency = 0> <II = 1> <Delay = 2.55> <FuncUnit> <Opcode : 'add' 'sub'> <InPorts = 2> <OutPorts = 1>
ST_5 : Operation 1472 [1/1] (2.49ns)   --->   "%tmp20 = add i31 %tmp_24_5_1_cast_i_ca, %tmp_24_4_1_cast_i_ca" [ADSD/Classifier.cpp:71->ADSD/Classifier.cpp:133]   --->   Operation 1472 'add' 'tmp20' <Predicate = (!exitcond4_i)> <Delay = 2.49> <Core = "AddSub">   --->   Core 14 'AddSub' <Latency = 0> <II = 1> <Delay = 2.55> <FuncUnit> <Opcode : 'add' 'sub'> <InPorts = 2> <OutPorts = 1>
ST_5 : Operation 1473 [1/1] (2.49ns)   --->   "%tmp21 = add i31 %tmp_24_7_1_cast_i_ca, %tmp_24_6_1_cast_i_ca" [ADSD/Classifier.cpp:71->ADSD/Classifier.cpp:133]   --->   Operation 1473 'add' 'tmp21' <Predicate = (!exitcond4_i)> <Delay = 2.49> <Core = "AddSub">   --->   Core 14 'AddSub' <Latency = 0> <II = 1> <Delay = 2.55> <FuncUnit> <Opcode : 'add' 'sub'> <InPorts = 2> <OutPorts = 1>
ST_5 : Operation 1474 [1/1] (2.49ns)   --->   "%tmp24 = add i31 %tmp_24_9_1_cast_i_ca, %tmp_24_8_1_cast_i_ca" [ADSD/Classifier.cpp:71->ADSD/Classifier.cpp:133]   --->   Operation 1474 'add' 'tmp24' <Predicate = (!exitcond4_i)> <Delay = 2.49> <Core = "AddSub">   --->   Core 14 'AddSub' <Latency = 0> <II = 1> <Delay = 2.55> <FuncUnit> <Opcode : 'add' 'sub'> <InPorts = 2> <OutPorts = 1>
ST_5 : Operation 1475 [1/1] (0.00ns)   --->   "%tmp24_cast = sext i31 %tmp24 to i32" [ADSD/Classifier.cpp:71->ADSD/Classifier.cpp:133]   --->   Operation 1475 'sext' 'tmp24_cast' <Predicate = (!exitcond4_i)> <Delay = 0.00>
ST_5 : Operation 1476 [1/1] (2.49ns)   --->   "%tmp25 = add i31 %tmp_24_11_1_cast_i_c, %tmp_24_10_1_cast_i_c" [ADSD/Classifier.cpp:71->ADSD/Classifier.cpp:133]   --->   Operation 1476 'add' 'tmp25' <Predicate = (!exitcond4_i)> <Delay = 2.49> <Core = "AddSub">   --->   Core 14 'AddSub' <Latency = 0> <II = 1> <Delay = 2.55> <FuncUnit> <Opcode : 'add' 'sub'> <InPorts = 2> <OutPorts = 1>
ST_5 : Operation 1477 [1/1] (0.00ns)   --->   "%tmp25_cast = sext i31 %tmp25 to i32" [ADSD/Classifier.cpp:71->ADSD/Classifier.cpp:133]   --->   Operation 1477 'sext' 'tmp25_cast' <Predicate = (!exitcond4_i)> <Delay = 0.00>
ST_5 : Operation 1478 [1/1] (2.52ns)   --->   "%tmp23 = add i32 %tmp24_cast, %tmp25_cast" [ADSD/Classifier.cpp:71->ADSD/Classifier.cpp:133]   --->   Operation 1478 'add' 'tmp23' <Predicate = (!exitcond4_i)> <Delay = 2.52> <Core = "AddSub">   --->   Core 14 'AddSub' <Latency = 0> <II = 1> <Delay = 2.55> <FuncUnit> <Opcode : 'add' 'sub'> <InPorts = 2> <OutPorts = 1>
ST_5 : Operation 1479 [1/1] (2.49ns)   --->   "%tmp27 = add i31 %tmp_24_13_1_cast_i_c, %tmp_24_12_1_cast_i_c" [ADSD/Classifier.cpp:71->ADSD/Classifier.cpp:133]   --->   Operation 1479 'add' 'tmp27' <Predicate = (!exitcond4_i)> <Delay = 2.49> <Core = "AddSub">   --->   Core 14 'AddSub' <Latency = 0> <II = 1> <Delay = 2.55> <FuncUnit> <Opcode : 'add' 'sub'> <InPorts = 2> <OutPorts = 1>
ST_5 : Operation 1480 [1/1] (2.49ns)   --->   "%tmp28 = add i31 %tmp_24_15_1_cast_i_c, %tmp_24_14_1_cast_i_c" [ADSD/Classifier.cpp:71->ADSD/Classifier.cpp:133]   --->   Operation 1480 'add' 'tmp28' <Predicate = (!exitcond4_i)> <Delay = 2.49> <Core = "AddSub">   --->   Core 14 'AddSub' <Latency = 0> <II = 1> <Delay = 2.55> <FuncUnit> <Opcode : 'add' 'sub'> <InPorts = 2> <OutPorts = 1>
ST_5 : Operation 1481 [1/1] (0.00ns)   --->   "%OP1_V_15_2_i = sext i5 %tmp_258 to i16" [ADSD/Classifier.cpp:70->ADSD/Classifier.cpp:133]   --->   Operation 1481 'sext' 'OP1_V_15_2_i' <Predicate = (!exitcond4_i)> <Delay = 0.00>
ST_5 : Operation 1482 [1/1] (4.17ns)   --->   "%r_V_15_2_i = mul i16 %OP2_V_15_i, %OP1_V_15_2_i" [ADSD/Classifier.cpp:70->ADSD/Classifier.cpp:133]   --->   Operation 1482 'mul' 'r_V_15_2_i' <Predicate = (!exitcond4_i)> <Delay = 4.17> <Core = "Mul">   --->   Core 16 'Mul' <Latency = 0> <II = 1> <Delay = 3.74> <FuncUnit> <Opcode : 'mul'> <InPorts = 2> <OutPorts = 1>
ST_5 : Operation 1483 [1/1] (0.00ns)   --->   "%tmp_24_15_2_i = call i30 @_ssdm_op_BitConcatenate.i30.i16.i14(i16 %r_V_15_2_i, i14 0)" [ADSD/Classifier.cpp:71->ADSD/Classifier.cpp:133]   --->   Operation 1483 'bitconcatenate' 'tmp_24_15_2_i' <Predicate = (!exitcond4_i)> <Delay = 0.00>
ST_5 : Operation 1484 [1/1] (0.00ns)   --->   "%tmp_24_15_2_cast_i_c = sext i30 %tmp_24_15_2_i to i31" [ADSD/Classifier.cpp:71->ADSD/Classifier.cpp:133]   --->   Operation 1484 'sext' 'tmp_24_15_2_cast_i_c' <Predicate = (!exitcond4_i)> <Delay = 0.00>
ST_5 : Operation 1485 [1/1] (2.49ns)   --->   "%tmp31 = add i31 %tmp_24_1_2_cast_i_ca, %tmp_24_0_2_cast_i_ca" [ADSD/Classifier.cpp:71->ADSD/Classifier.cpp:133]   --->   Operation 1485 'add' 'tmp31' <Predicate = (!exitcond4_i)> <Delay = 2.49> <Core = "AddSub">   --->   Core 14 'AddSub' <Latency = 0> <II = 1> <Delay = 2.55> <FuncUnit> <Opcode : 'add' 'sub'> <InPorts = 2> <OutPorts = 1>
ST_5 : Operation 1486 [1/1] (0.00ns)   --->   "%tmp31_cast = sext i31 %tmp31 to i32" [ADSD/Classifier.cpp:71->ADSD/Classifier.cpp:133]   --->   Operation 1486 'sext' 'tmp31_cast' <Predicate = (!exitcond4_i)> <Delay = 0.00>
ST_5 : Operation 1487 [1/1] (2.49ns)   --->   "%tmp32 = add i31 %tmp_24_3_2_cast_i_ca, %tmp_24_2_2_cast_i_ca" [ADSD/Classifier.cpp:71->ADSD/Classifier.cpp:133]   --->   Operation 1487 'add' 'tmp32' <Predicate = (!exitcond4_i)> <Delay = 2.49> <Core = "AddSub">   --->   Core 14 'AddSub' <Latency = 0> <II = 1> <Delay = 2.55> <FuncUnit> <Opcode : 'add' 'sub'> <InPorts = 2> <OutPorts = 1>
ST_5 : Operation 1488 [1/1] (0.00ns)   --->   "%tmp32_cast = sext i31 %tmp32 to i32" [ADSD/Classifier.cpp:71->ADSD/Classifier.cpp:133]   --->   Operation 1488 'sext' 'tmp32_cast' <Predicate = (!exitcond4_i)> <Delay = 0.00>
ST_5 : Operation 1489 [1/1] (2.52ns)   --->   "%tmp30 = add i32 %tmp31_cast, %tmp32_cast" [ADSD/Classifier.cpp:71->ADSD/Classifier.cpp:133]   --->   Operation 1489 'add' 'tmp30' <Predicate = (!exitcond4_i)> <Delay = 2.52> <Core = "AddSub">   --->   Core 14 'AddSub' <Latency = 0> <II = 1> <Delay = 2.55> <FuncUnit> <Opcode : 'add' 'sub'> <InPorts = 2> <OutPorts = 1>
ST_5 : Operation 1490 [1/1] (2.49ns)   --->   "%tmp34 = add i31 %tmp_24_5_2_cast_i_ca, %tmp_24_4_2_cast_i_ca" [ADSD/Classifier.cpp:71->ADSD/Classifier.cpp:133]   --->   Operation 1490 'add' 'tmp34' <Predicate = (!exitcond4_i)> <Delay = 2.49> <Core = "AddSub">   --->   Core 14 'AddSub' <Latency = 0> <II = 1> <Delay = 2.55> <FuncUnit> <Opcode : 'add' 'sub'> <InPorts = 2> <OutPorts = 1>
ST_5 : Operation 1491 [1/1] (2.49ns)   --->   "%tmp35 = add i31 %tmp_24_7_2_cast_i_ca, %tmp_24_6_2_cast_i_ca" [ADSD/Classifier.cpp:71->ADSD/Classifier.cpp:133]   --->   Operation 1491 'add' 'tmp35' <Predicate = (!exitcond4_i)> <Delay = 2.49> <Core = "AddSub">   --->   Core 14 'AddSub' <Latency = 0> <II = 1> <Delay = 2.55> <FuncUnit> <Opcode : 'add' 'sub'> <InPorts = 2> <OutPorts = 1>
ST_5 : Operation 1492 [1/1] (2.49ns)   --->   "%tmp38 = add i31 %tmp_24_9_2_cast_i_ca, %tmp_24_8_2_cast_i_ca" [ADSD/Classifier.cpp:71->ADSD/Classifier.cpp:133]   --->   Operation 1492 'add' 'tmp38' <Predicate = (!exitcond4_i)> <Delay = 2.49> <Core = "AddSub">   --->   Core 14 'AddSub' <Latency = 0> <II = 1> <Delay = 2.55> <FuncUnit> <Opcode : 'add' 'sub'> <InPorts = 2> <OutPorts = 1>
ST_5 : Operation 1493 [1/1] (0.00ns)   --->   "%tmp38_cast = sext i31 %tmp38 to i32" [ADSD/Classifier.cpp:71->ADSD/Classifier.cpp:133]   --->   Operation 1493 'sext' 'tmp38_cast' <Predicate = (!exitcond4_i)> <Delay = 0.00>
ST_5 : Operation 1494 [1/1] (2.49ns)   --->   "%tmp39 = add i31 %tmp_24_11_2_cast_i_c, %tmp_24_10_2_cast_i_c" [ADSD/Classifier.cpp:71->ADSD/Classifier.cpp:133]   --->   Operation 1494 'add' 'tmp39' <Predicate = (!exitcond4_i)> <Delay = 2.49> <Core = "AddSub">   --->   Core 14 'AddSub' <Latency = 0> <II = 1> <Delay = 2.55> <FuncUnit> <Opcode : 'add' 'sub'> <InPorts = 2> <OutPorts = 1>
ST_5 : Operation 1495 [1/1] (0.00ns)   --->   "%tmp39_cast = sext i31 %tmp39 to i32" [ADSD/Classifier.cpp:71->ADSD/Classifier.cpp:133]   --->   Operation 1495 'sext' 'tmp39_cast' <Predicate = (!exitcond4_i)> <Delay = 0.00>
ST_5 : Operation 1496 [1/1] (2.52ns)   --->   "%tmp37 = add i32 %tmp38_cast, %tmp39_cast" [ADSD/Classifier.cpp:71->ADSD/Classifier.cpp:133]   --->   Operation 1496 'add' 'tmp37' <Predicate = (!exitcond4_i)> <Delay = 2.52> <Core = "AddSub">   --->   Core 14 'AddSub' <Latency = 0> <II = 1> <Delay = 2.55> <FuncUnit> <Opcode : 'add' 'sub'> <InPorts = 2> <OutPorts = 1>
ST_5 : Operation 1497 [1/1] (2.49ns)   --->   "%tmp41 = add i31 %tmp_24_13_2_cast_i_c, %tmp_24_12_2_cast_i_c" [ADSD/Classifier.cpp:71->ADSD/Classifier.cpp:133]   --->   Operation 1497 'add' 'tmp41' <Predicate = (!exitcond4_i)> <Delay = 2.49> <Core = "AddSub">   --->   Core 14 'AddSub' <Latency = 0> <II = 1> <Delay = 2.55> <FuncUnit> <Opcode : 'add' 'sub'> <InPorts = 2> <OutPorts = 1>
ST_5 : Operation 1498 [1/1] (2.49ns)   --->   "%tmp42 = add i31 %tmp_24_15_2_cast_i_c, %tmp_24_14_2_cast_i_c" [ADSD/Classifier.cpp:71->ADSD/Classifier.cpp:133]   --->   Operation 1498 'add' 'tmp42' <Predicate = (!exitcond4_i)> <Delay = 2.49> <Core = "AddSub">   --->   Core 14 'AddSub' <Latency = 0> <II = 1> <Delay = 2.55> <FuncUnit> <Opcode : 'add' 'sub'> <InPorts = 2> <OutPorts = 1>
ST_5 : Operation 1499 [1/1] (0.00ns)   --->   "%OP1_V_15_3_i = sext i8 %tmp_309_i to i16" [ADSD/Classifier.cpp:70->ADSD/Classifier.cpp:133]   --->   Operation 1499 'sext' 'OP1_V_15_3_i' <Predicate = (!exitcond4_i)> <Delay = 0.00>
ST_5 : Operation 1500 [1/1] (4.17ns)   --->   "%r_V_15_3_i = mul i16 %OP2_V_15_i, %OP1_V_15_3_i" [ADSD/Classifier.cpp:70->ADSD/Classifier.cpp:133]   --->   Operation 1500 'mul' 'r_V_15_3_i' <Predicate = (!exitcond4_i)> <Delay = 4.17> <Core = "Mul">   --->   Core 16 'Mul' <Latency = 0> <II = 1> <Delay = 3.74> <FuncUnit> <Opcode : 'mul'> <InPorts = 2> <OutPorts = 1>
ST_5 : Operation 1501 [1/1] (0.00ns)   --->   "%tmp_24_15_3_i = call i30 @_ssdm_op_BitConcatenate.i30.i16.i14(i16 %r_V_15_3_i, i14 0)" [ADSD/Classifier.cpp:71->ADSD/Classifier.cpp:133]   --->   Operation 1501 'bitconcatenate' 'tmp_24_15_3_i' <Predicate = (!exitcond4_i)> <Delay = 0.00>
ST_5 : Operation 1502 [1/1] (0.00ns)   --->   "%tmp_24_15_3_cast_i_c = sext i30 %tmp_24_15_3_i to i31" [ADSD/Classifier.cpp:71->ADSD/Classifier.cpp:133]   --->   Operation 1502 'sext' 'tmp_24_15_3_cast_i_c' <Predicate = (!exitcond4_i)> <Delay = 0.00>
ST_5 : Operation 1503 [1/1] (2.49ns)   --->   "%tmp45 = add i31 %tmp_24_1_3_cast_i_ca, %tmp_24_0_3_cast_i_ca" [ADSD/Classifier.cpp:71->ADSD/Classifier.cpp:133]   --->   Operation 1503 'add' 'tmp45' <Predicate = (!exitcond4_i)> <Delay = 2.49> <Core = "AddSub">   --->   Core 14 'AddSub' <Latency = 0> <II = 1> <Delay = 2.55> <FuncUnit> <Opcode : 'add' 'sub'> <InPorts = 2> <OutPorts = 1>
ST_5 : Operation 1504 [1/1] (0.00ns)   --->   "%tmp45_cast = sext i31 %tmp45 to i32" [ADSD/Classifier.cpp:71->ADSD/Classifier.cpp:133]   --->   Operation 1504 'sext' 'tmp45_cast' <Predicate = (!exitcond4_i)> <Delay = 0.00>
ST_5 : Operation 1505 [1/1] (2.49ns)   --->   "%tmp46 = add i31 %tmp_24_3_3_cast_i_ca, %tmp_24_2_3_cast_i_ca" [ADSD/Classifier.cpp:71->ADSD/Classifier.cpp:133]   --->   Operation 1505 'add' 'tmp46' <Predicate = (!exitcond4_i)> <Delay = 2.49> <Core = "AddSub">   --->   Core 14 'AddSub' <Latency = 0> <II = 1> <Delay = 2.55> <FuncUnit> <Opcode : 'add' 'sub'> <InPorts = 2> <OutPorts = 1>
ST_5 : Operation 1506 [1/1] (0.00ns)   --->   "%tmp46_cast = sext i31 %tmp46 to i32" [ADSD/Classifier.cpp:71->ADSD/Classifier.cpp:133]   --->   Operation 1506 'sext' 'tmp46_cast' <Predicate = (!exitcond4_i)> <Delay = 0.00>
ST_5 : Operation 1507 [1/1] (2.52ns)   --->   "%tmp44 = add i32 %tmp45_cast, %tmp46_cast" [ADSD/Classifier.cpp:71->ADSD/Classifier.cpp:133]   --->   Operation 1507 'add' 'tmp44' <Predicate = (!exitcond4_i)> <Delay = 2.52> <Core = "AddSub">   --->   Core 14 'AddSub' <Latency = 0> <II = 1> <Delay = 2.55> <FuncUnit> <Opcode : 'add' 'sub'> <InPorts = 2> <OutPorts = 1>
ST_5 : Operation 1508 [1/1] (2.49ns)   --->   "%tmp48 = add i31 %tmp_24_5_3_cast_i_ca, %tmp_24_4_3_cast_i_ca" [ADSD/Classifier.cpp:71->ADSD/Classifier.cpp:133]   --->   Operation 1508 'add' 'tmp48' <Predicate = (!exitcond4_i)> <Delay = 2.49> <Core = "AddSub">   --->   Core 14 'AddSub' <Latency = 0> <II = 1> <Delay = 2.55> <FuncUnit> <Opcode : 'add' 'sub'> <InPorts = 2> <OutPorts = 1>
ST_5 : Operation 1509 [1/1] (2.49ns)   --->   "%tmp49 = add i31 %tmp_24_7_3_cast_i_ca, %tmp_24_6_3_cast_i_ca" [ADSD/Classifier.cpp:71->ADSD/Classifier.cpp:133]   --->   Operation 1509 'add' 'tmp49' <Predicate = (!exitcond4_i)> <Delay = 2.49> <Core = "AddSub">   --->   Core 14 'AddSub' <Latency = 0> <II = 1> <Delay = 2.55> <FuncUnit> <Opcode : 'add' 'sub'> <InPorts = 2> <OutPorts = 1>
ST_5 : Operation 1510 [1/1] (2.49ns)   --->   "%tmp52 = add i31 %tmp_24_9_3_cast_i_ca, %tmp_24_8_3_cast_i_ca" [ADSD/Classifier.cpp:71->ADSD/Classifier.cpp:133]   --->   Operation 1510 'add' 'tmp52' <Predicate = (!exitcond4_i)> <Delay = 2.49> <Core = "AddSub">   --->   Core 14 'AddSub' <Latency = 0> <II = 1> <Delay = 2.55> <FuncUnit> <Opcode : 'add' 'sub'> <InPorts = 2> <OutPorts = 1>
ST_5 : Operation 1511 [1/1] (0.00ns)   --->   "%tmp52_cast = sext i31 %tmp52 to i32" [ADSD/Classifier.cpp:71->ADSD/Classifier.cpp:133]   --->   Operation 1511 'sext' 'tmp52_cast' <Predicate = (!exitcond4_i)> <Delay = 0.00>
ST_5 : Operation 1512 [1/1] (2.49ns)   --->   "%tmp53 = add i31 %tmp_24_11_3_cast_i_c, %tmp_24_10_3_cast_i_c" [ADSD/Classifier.cpp:71->ADSD/Classifier.cpp:133]   --->   Operation 1512 'add' 'tmp53' <Predicate = (!exitcond4_i)> <Delay = 2.49> <Core = "AddSub">   --->   Core 14 'AddSub' <Latency = 0> <II = 1> <Delay = 2.55> <FuncUnit> <Opcode : 'add' 'sub'> <InPorts = 2> <OutPorts = 1>
ST_5 : Operation 1513 [1/1] (0.00ns)   --->   "%tmp53_cast = sext i31 %tmp53 to i32" [ADSD/Classifier.cpp:71->ADSD/Classifier.cpp:133]   --->   Operation 1513 'sext' 'tmp53_cast' <Predicate = (!exitcond4_i)> <Delay = 0.00>
ST_5 : Operation 1514 [1/1] (2.52ns)   --->   "%tmp51 = add i32 %tmp52_cast, %tmp53_cast" [ADSD/Classifier.cpp:71->ADSD/Classifier.cpp:133]   --->   Operation 1514 'add' 'tmp51' <Predicate = (!exitcond4_i)> <Delay = 2.52> <Core = "AddSub">   --->   Core 14 'AddSub' <Latency = 0> <II = 1> <Delay = 2.55> <FuncUnit> <Opcode : 'add' 'sub'> <InPorts = 2> <OutPorts = 1>
ST_5 : Operation 1515 [1/1] (2.49ns)   --->   "%tmp55 = add i31 %tmp_24_13_3_cast_i_c, %tmp_24_12_3_cast_i_c" [ADSD/Classifier.cpp:71->ADSD/Classifier.cpp:133]   --->   Operation 1515 'add' 'tmp55' <Predicate = (!exitcond4_i)> <Delay = 2.49> <Core = "AddSub">   --->   Core 14 'AddSub' <Latency = 0> <II = 1> <Delay = 2.55> <FuncUnit> <Opcode : 'add' 'sub'> <InPorts = 2> <OutPorts = 1>
ST_5 : Operation 1516 [1/1] (2.49ns)   --->   "%tmp56 = add i31 %tmp_24_15_3_cast_i_c, %tmp_24_14_3_cast_i_c" [ADSD/Classifier.cpp:71->ADSD/Classifier.cpp:133]   --->   Operation 1516 'add' 'tmp56' <Predicate = (!exitcond4_i)> <Delay = 2.49> <Core = "AddSub">   --->   Core 14 'AddSub' <Latency = 0> <II = 1> <Delay = 2.55> <FuncUnit> <Opcode : 'add' 'sub'> <InPorts = 2> <OutPorts = 1>
ST_5 : Operation 1517 [1/1] (0.00ns)   --->   "%OP1_V_15_4_i = sext i5 %tmp_259 to i16" [ADSD/Classifier.cpp:70->ADSD/Classifier.cpp:133]   --->   Operation 1517 'sext' 'OP1_V_15_4_i' <Predicate = (!exitcond4_i)> <Delay = 0.00>
ST_5 : Operation 1518 [1/1] (4.17ns)   --->   "%r_V_15_4_i = mul i16 %OP2_V_15_i, %OP1_V_15_4_i" [ADSD/Classifier.cpp:70->ADSD/Classifier.cpp:133]   --->   Operation 1518 'mul' 'r_V_15_4_i' <Predicate = (!exitcond4_i)> <Delay = 4.17> <Core = "Mul">   --->   Core 16 'Mul' <Latency = 0> <II = 1> <Delay = 3.74> <FuncUnit> <Opcode : 'mul'> <InPorts = 2> <OutPorts = 1>
ST_5 : Operation 1519 [1/1] (0.00ns)   --->   "%tmp_24_15_4_i = call i30 @_ssdm_op_BitConcatenate.i30.i16.i14(i16 %r_V_15_4_i, i14 0)" [ADSD/Classifier.cpp:71->ADSD/Classifier.cpp:133]   --->   Operation 1519 'bitconcatenate' 'tmp_24_15_4_i' <Predicate = (!exitcond4_i)> <Delay = 0.00>
ST_5 : Operation 1520 [1/1] (0.00ns)   --->   "%tmp_24_15_4_cast_i_c = sext i30 %tmp_24_15_4_i to i31" [ADSD/Classifier.cpp:71->ADSD/Classifier.cpp:133]   --->   Operation 1520 'sext' 'tmp_24_15_4_cast_i_c' <Predicate = (!exitcond4_i)> <Delay = 0.00>
ST_5 : Operation 1521 [1/1] (2.49ns)   --->   "%tmp59 = add i31 %tmp_24_1_4_cast_i_ca, %tmp_24_0_4_cast_i_ca" [ADSD/Classifier.cpp:71->ADSD/Classifier.cpp:133]   --->   Operation 1521 'add' 'tmp59' <Predicate = (!exitcond4_i)> <Delay = 2.49> <Core = "AddSub">   --->   Core 14 'AddSub' <Latency = 0> <II = 1> <Delay = 2.55> <FuncUnit> <Opcode : 'add' 'sub'> <InPorts = 2> <OutPorts = 1>
ST_5 : Operation 1522 [1/1] (0.00ns)   --->   "%tmp59_cast = sext i31 %tmp59 to i32" [ADSD/Classifier.cpp:71->ADSD/Classifier.cpp:133]   --->   Operation 1522 'sext' 'tmp59_cast' <Predicate = (!exitcond4_i)> <Delay = 0.00>
ST_5 : Operation 1523 [1/1] (2.49ns)   --->   "%tmp60 = add i31 %tmp_24_3_4_cast_i_ca, %tmp_24_2_4_cast_i_ca" [ADSD/Classifier.cpp:71->ADSD/Classifier.cpp:133]   --->   Operation 1523 'add' 'tmp60' <Predicate = (!exitcond4_i)> <Delay = 2.49> <Core = "AddSub">   --->   Core 14 'AddSub' <Latency = 0> <II = 1> <Delay = 2.55> <FuncUnit> <Opcode : 'add' 'sub'> <InPorts = 2> <OutPorts = 1>
ST_5 : Operation 1524 [1/1] (0.00ns)   --->   "%tmp60_cast = sext i31 %tmp60 to i32" [ADSD/Classifier.cpp:71->ADSD/Classifier.cpp:133]   --->   Operation 1524 'sext' 'tmp60_cast' <Predicate = (!exitcond4_i)> <Delay = 0.00>
ST_5 : Operation 1525 [1/1] (2.52ns)   --->   "%tmp58 = add i32 %tmp59_cast, %tmp60_cast" [ADSD/Classifier.cpp:71->ADSD/Classifier.cpp:133]   --->   Operation 1525 'add' 'tmp58' <Predicate = (!exitcond4_i)> <Delay = 2.52> <Core = "AddSub">   --->   Core 14 'AddSub' <Latency = 0> <II = 1> <Delay = 2.55> <FuncUnit> <Opcode : 'add' 'sub'> <InPorts = 2> <OutPorts = 1>
ST_5 : Operation 1526 [1/1] (2.49ns)   --->   "%tmp62 = add i31 %tmp_24_5_4_cast_i_ca, %tmp_24_4_4_cast_i_ca" [ADSD/Classifier.cpp:71->ADSD/Classifier.cpp:133]   --->   Operation 1526 'add' 'tmp62' <Predicate = (!exitcond4_i)> <Delay = 2.49> <Core = "AddSub">   --->   Core 14 'AddSub' <Latency = 0> <II = 1> <Delay = 2.55> <FuncUnit> <Opcode : 'add' 'sub'> <InPorts = 2> <OutPorts = 1>
ST_5 : Operation 1527 [1/1] (2.49ns)   --->   "%tmp63 = add i31 %tmp_24_7_4_cast_i_ca, %tmp_24_6_4_cast_i_ca" [ADSD/Classifier.cpp:71->ADSD/Classifier.cpp:133]   --->   Operation 1527 'add' 'tmp63' <Predicate = (!exitcond4_i)> <Delay = 2.49> <Core = "AddSub">   --->   Core 14 'AddSub' <Latency = 0> <II = 1> <Delay = 2.55> <FuncUnit> <Opcode : 'add' 'sub'> <InPorts = 2> <OutPorts = 1>
ST_5 : Operation 1528 [1/1] (2.49ns)   --->   "%tmp66 = add i31 %tmp_24_9_4_cast_i_ca, %tmp_24_8_4_cast_i_ca" [ADSD/Classifier.cpp:71->ADSD/Classifier.cpp:133]   --->   Operation 1528 'add' 'tmp66' <Predicate = (!exitcond4_i)> <Delay = 2.49> <Core = "AddSub">   --->   Core 14 'AddSub' <Latency = 0> <II = 1> <Delay = 2.55> <FuncUnit> <Opcode : 'add' 'sub'> <InPorts = 2> <OutPorts = 1>
ST_5 : Operation 1529 [1/1] (0.00ns)   --->   "%tmp66_cast = sext i31 %tmp66 to i32" [ADSD/Classifier.cpp:71->ADSD/Classifier.cpp:133]   --->   Operation 1529 'sext' 'tmp66_cast' <Predicate = (!exitcond4_i)> <Delay = 0.00>
ST_5 : Operation 1530 [1/1] (2.49ns)   --->   "%tmp67 = add i31 %tmp_24_11_4_cast_i_c, %tmp_24_10_4_cast_i_c" [ADSD/Classifier.cpp:71->ADSD/Classifier.cpp:133]   --->   Operation 1530 'add' 'tmp67' <Predicate = (!exitcond4_i)> <Delay = 2.49> <Core = "AddSub">   --->   Core 14 'AddSub' <Latency = 0> <II = 1> <Delay = 2.55> <FuncUnit> <Opcode : 'add' 'sub'> <InPorts = 2> <OutPorts = 1>
ST_5 : Operation 1531 [1/1] (0.00ns)   --->   "%tmp67_cast = sext i31 %tmp67 to i32" [ADSD/Classifier.cpp:71->ADSD/Classifier.cpp:133]   --->   Operation 1531 'sext' 'tmp67_cast' <Predicate = (!exitcond4_i)> <Delay = 0.00>
ST_5 : Operation 1532 [1/1] (2.52ns)   --->   "%tmp65 = add i32 %tmp66_cast, %tmp67_cast" [ADSD/Classifier.cpp:71->ADSD/Classifier.cpp:133]   --->   Operation 1532 'add' 'tmp65' <Predicate = (!exitcond4_i)> <Delay = 2.52> <Core = "AddSub">   --->   Core 14 'AddSub' <Latency = 0> <II = 1> <Delay = 2.55> <FuncUnit> <Opcode : 'add' 'sub'> <InPorts = 2> <OutPorts = 1>
ST_5 : Operation 1533 [1/1] (2.49ns)   --->   "%tmp69 = add i31 %tmp_24_13_4_cast_i_c, %tmp_24_12_4_cast_i_c" [ADSD/Classifier.cpp:71->ADSD/Classifier.cpp:133]   --->   Operation 1533 'add' 'tmp69' <Predicate = (!exitcond4_i)> <Delay = 2.49> <Core = "AddSub">   --->   Core 14 'AddSub' <Latency = 0> <II = 1> <Delay = 2.55> <FuncUnit> <Opcode : 'add' 'sub'> <InPorts = 2> <OutPorts = 1>
ST_5 : Operation 1534 [1/1] (2.49ns)   --->   "%tmp70 = add i31 %tmp_24_15_4_cast_i_c, %tmp_24_14_4_cast_i_c" [ADSD/Classifier.cpp:71->ADSD/Classifier.cpp:133]   --->   Operation 1534 'add' 'tmp70' <Predicate = (!exitcond4_i)> <Delay = 2.49> <Core = "AddSub">   --->   Core 14 'AddSub' <Latency = 0> <II = 1> <Delay = 2.55> <FuncUnit> <Opcode : 'add' 'sub'> <InPorts = 2> <OutPorts = 1>
ST_5 : Operation 1535 [1/1] (0.00ns)   --->   "%OP1_V_15_5_i = sext i5 %tmp_260 to i16" [ADSD/Classifier.cpp:70->ADSD/Classifier.cpp:133]   --->   Operation 1535 'sext' 'OP1_V_15_5_i' <Predicate = (!exitcond4_i)> <Delay = 0.00>
ST_5 : Operation 1536 [1/1] (4.17ns)   --->   "%r_V_15_5_i = mul i16 %OP2_V_15_i, %OP1_V_15_5_i" [ADSD/Classifier.cpp:70->ADSD/Classifier.cpp:133]   --->   Operation 1536 'mul' 'r_V_15_5_i' <Predicate = (!exitcond4_i)> <Delay = 4.17> <Core = "Mul">   --->   Core 16 'Mul' <Latency = 0> <II = 1> <Delay = 3.74> <FuncUnit> <Opcode : 'mul'> <InPorts = 2> <OutPorts = 1>
ST_5 : Operation 1537 [1/1] (0.00ns)   --->   "%tmp_24_15_5_i = call i30 @_ssdm_op_BitConcatenate.i30.i16.i14(i16 %r_V_15_5_i, i14 0)" [ADSD/Classifier.cpp:71->ADSD/Classifier.cpp:133]   --->   Operation 1537 'bitconcatenate' 'tmp_24_15_5_i' <Predicate = (!exitcond4_i)> <Delay = 0.00>
ST_5 : Operation 1538 [1/1] (0.00ns)   --->   "%tmp_24_15_5_cast_i_c = sext i30 %tmp_24_15_5_i to i31" [ADSD/Classifier.cpp:71->ADSD/Classifier.cpp:133]   --->   Operation 1538 'sext' 'tmp_24_15_5_cast_i_c' <Predicate = (!exitcond4_i)> <Delay = 0.00>
ST_5 : Operation 1539 [1/1] (2.49ns)   --->   "%tmp73 = add i31 %tmp_24_1_5_cast_i_ca, %tmp_24_0_5_cast_i_ca" [ADSD/Classifier.cpp:71->ADSD/Classifier.cpp:133]   --->   Operation 1539 'add' 'tmp73' <Predicate = (!exitcond4_i)> <Delay = 2.49> <Core = "AddSub">   --->   Core 14 'AddSub' <Latency = 0> <II = 1> <Delay = 2.55> <FuncUnit> <Opcode : 'add' 'sub'> <InPorts = 2> <OutPorts = 1>
ST_5 : Operation 1540 [1/1] (0.00ns)   --->   "%tmp73_cast = sext i31 %tmp73 to i32" [ADSD/Classifier.cpp:71->ADSD/Classifier.cpp:133]   --->   Operation 1540 'sext' 'tmp73_cast' <Predicate = (!exitcond4_i)> <Delay = 0.00>
ST_5 : Operation 1541 [1/1] (2.49ns)   --->   "%tmp74 = add i31 %tmp_24_3_5_cast_i_ca, %tmp_24_2_5_cast_i_ca" [ADSD/Classifier.cpp:71->ADSD/Classifier.cpp:133]   --->   Operation 1541 'add' 'tmp74' <Predicate = (!exitcond4_i)> <Delay = 2.49> <Core = "AddSub">   --->   Core 14 'AddSub' <Latency = 0> <II = 1> <Delay = 2.55> <FuncUnit> <Opcode : 'add' 'sub'> <InPorts = 2> <OutPorts = 1>
ST_5 : Operation 1542 [1/1] (0.00ns)   --->   "%tmp74_cast = sext i31 %tmp74 to i32" [ADSD/Classifier.cpp:71->ADSD/Classifier.cpp:133]   --->   Operation 1542 'sext' 'tmp74_cast' <Predicate = (!exitcond4_i)> <Delay = 0.00>
ST_5 : Operation 1543 [1/1] (2.52ns)   --->   "%tmp72 = add i32 %tmp73_cast, %tmp74_cast" [ADSD/Classifier.cpp:71->ADSD/Classifier.cpp:133]   --->   Operation 1543 'add' 'tmp72' <Predicate = (!exitcond4_i)> <Delay = 2.52> <Core = "AddSub">   --->   Core 14 'AddSub' <Latency = 0> <II = 1> <Delay = 2.55> <FuncUnit> <Opcode : 'add' 'sub'> <InPorts = 2> <OutPorts = 1>
ST_5 : Operation 1544 [1/1] (2.49ns)   --->   "%tmp76 = add i31 %tmp_24_5_5_cast_i_ca, %tmp_24_4_5_cast_i_ca" [ADSD/Classifier.cpp:71->ADSD/Classifier.cpp:133]   --->   Operation 1544 'add' 'tmp76' <Predicate = (!exitcond4_i)> <Delay = 2.49> <Core = "AddSub">   --->   Core 14 'AddSub' <Latency = 0> <II = 1> <Delay = 2.55> <FuncUnit> <Opcode : 'add' 'sub'> <InPorts = 2> <OutPorts = 1>
ST_5 : Operation 1545 [1/1] (2.49ns)   --->   "%tmp77 = add i31 %tmp_24_7_5_cast_i_ca, %tmp_24_6_5_cast_i_ca" [ADSD/Classifier.cpp:71->ADSD/Classifier.cpp:133]   --->   Operation 1545 'add' 'tmp77' <Predicate = (!exitcond4_i)> <Delay = 2.49> <Core = "AddSub">   --->   Core 14 'AddSub' <Latency = 0> <II = 1> <Delay = 2.55> <FuncUnit> <Opcode : 'add' 'sub'> <InPorts = 2> <OutPorts = 1>
ST_5 : Operation 1546 [1/1] (2.49ns)   --->   "%tmp80 = add i31 %tmp_24_9_5_cast_i_ca, %tmp_24_8_5_cast_i_ca" [ADSD/Classifier.cpp:71->ADSD/Classifier.cpp:133]   --->   Operation 1546 'add' 'tmp80' <Predicate = (!exitcond4_i)> <Delay = 2.49> <Core = "AddSub">   --->   Core 14 'AddSub' <Latency = 0> <II = 1> <Delay = 2.55> <FuncUnit> <Opcode : 'add' 'sub'> <InPorts = 2> <OutPorts = 1>
ST_5 : Operation 1547 [1/1] (0.00ns)   --->   "%tmp80_cast = sext i31 %tmp80 to i32" [ADSD/Classifier.cpp:71->ADSD/Classifier.cpp:133]   --->   Operation 1547 'sext' 'tmp80_cast' <Predicate = (!exitcond4_i)> <Delay = 0.00>
ST_5 : Operation 1548 [1/1] (2.49ns)   --->   "%tmp81 = add i31 %tmp_24_11_5_cast_i_c, %tmp_24_10_5_cast_i_c" [ADSD/Classifier.cpp:71->ADSD/Classifier.cpp:133]   --->   Operation 1548 'add' 'tmp81' <Predicate = (!exitcond4_i)> <Delay = 2.49> <Core = "AddSub">   --->   Core 14 'AddSub' <Latency = 0> <II = 1> <Delay = 2.55> <FuncUnit> <Opcode : 'add' 'sub'> <InPorts = 2> <OutPorts = 1>
ST_5 : Operation 1549 [1/1] (0.00ns)   --->   "%tmp81_cast = sext i31 %tmp81 to i32" [ADSD/Classifier.cpp:71->ADSD/Classifier.cpp:133]   --->   Operation 1549 'sext' 'tmp81_cast' <Predicate = (!exitcond4_i)> <Delay = 0.00>
ST_5 : Operation 1550 [1/1] (2.52ns)   --->   "%tmp79 = add i32 %tmp80_cast, %tmp81_cast" [ADSD/Classifier.cpp:71->ADSD/Classifier.cpp:133]   --->   Operation 1550 'add' 'tmp79' <Predicate = (!exitcond4_i)> <Delay = 2.52> <Core = "AddSub">   --->   Core 14 'AddSub' <Latency = 0> <II = 1> <Delay = 2.55> <FuncUnit> <Opcode : 'add' 'sub'> <InPorts = 2> <OutPorts = 1>
ST_5 : Operation 1551 [1/1] (2.49ns)   --->   "%tmp83 = add i31 %tmp_24_13_5_cast_i_c, %tmp_24_12_5_cast_i_c" [ADSD/Classifier.cpp:71->ADSD/Classifier.cpp:133]   --->   Operation 1551 'add' 'tmp83' <Predicate = (!exitcond4_i)> <Delay = 2.49> <Core = "AddSub">   --->   Core 14 'AddSub' <Latency = 0> <II = 1> <Delay = 2.55> <FuncUnit> <Opcode : 'add' 'sub'> <InPorts = 2> <OutPorts = 1>
ST_5 : Operation 1552 [1/1] (2.49ns)   --->   "%tmp84 = add i31 %tmp_24_15_5_cast_i_c, %tmp_24_14_5_cast_i_c" [ADSD/Classifier.cpp:71->ADSD/Classifier.cpp:133]   --->   Operation 1552 'add' 'tmp84' <Predicate = (!exitcond4_i)> <Delay = 2.49> <Core = "AddSub">   --->   Core 14 'AddSub' <Latency = 0> <II = 1> <Delay = 2.55> <FuncUnit> <Opcode : 'add' 'sub'> <InPorts = 2> <OutPorts = 1>
ST_5 : Operation 1553 [1/1] (0.00ns)   --->   "%OP1_V_15_6_i = sext i6 %tmp_262 to i16" [ADSD/Classifier.cpp:70->ADSD/Classifier.cpp:133]   --->   Operation 1553 'sext' 'OP1_V_15_6_i' <Predicate = (!exitcond4_i)> <Delay = 0.00>
ST_5 : Operation 1554 [1/1] (4.17ns)   --->   "%r_V_15_6_i = mul i16 %OP2_V_15_i, %OP1_V_15_6_i" [ADSD/Classifier.cpp:70->ADSD/Classifier.cpp:133]   --->   Operation 1554 'mul' 'r_V_15_6_i' <Predicate = (!exitcond4_i)> <Delay = 4.17> <Core = "Mul">   --->   Core 16 'Mul' <Latency = 0> <II = 1> <Delay = 3.74> <FuncUnit> <Opcode : 'mul'> <InPorts = 2> <OutPorts = 1>
ST_5 : Operation 1555 [1/1] (0.00ns)   --->   "%tmp_24_15_6_i = call i30 @_ssdm_op_BitConcatenate.i30.i16.i14(i16 %r_V_15_6_i, i14 0)" [ADSD/Classifier.cpp:71->ADSD/Classifier.cpp:133]   --->   Operation 1555 'bitconcatenate' 'tmp_24_15_6_i' <Predicate = (!exitcond4_i)> <Delay = 0.00>
ST_5 : Operation 1556 [1/1] (0.00ns)   --->   "%tmp_24_15_6_cast_i_c = sext i30 %tmp_24_15_6_i to i31" [ADSD/Classifier.cpp:71->ADSD/Classifier.cpp:133]   --->   Operation 1556 'sext' 'tmp_24_15_6_cast_i_c' <Predicate = (!exitcond4_i)> <Delay = 0.00>
ST_5 : Operation 1557 [1/1] (2.49ns)   --->   "%tmp87 = add i31 %tmp_24_1_6_cast_i_ca, %tmp_24_0_6_cast_i_ca" [ADSD/Classifier.cpp:71->ADSD/Classifier.cpp:133]   --->   Operation 1557 'add' 'tmp87' <Predicate = (!exitcond4_i)> <Delay = 2.49> <Core = "AddSub">   --->   Core 14 'AddSub' <Latency = 0> <II = 1> <Delay = 2.55> <FuncUnit> <Opcode : 'add' 'sub'> <InPorts = 2> <OutPorts = 1>
ST_5 : Operation 1558 [1/1] (0.00ns)   --->   "%tmp87_cast = sext i31 %tmp87 to i32" [ADSD/Classifier.cpp:71->ADSD/Classifier.cpp:133]   --->   Operation 1558 'sext' 'tmp87_cast' <Predicate = (!exitcond4_i)> <Delay = 0.00>
ST_5 : Operation 1559 [1/1] (2.49ns)   --->   "%tmp88 = add i31 %tmp_24_3_6_cast_i_ca, %tmp_24_2_6_cast_i_ca" [ADSD/Classifier.cpp:71->ADSD/Classifier.cpp:133]   --->   Operation 1559 'add' 'tmp88' <Predicate = (!exitcond4_i)> <Delay = 2.49> <Core = "AddSub">   --->   Core 14 'AddSub' <Latency = 0> <II = 1> <Delay = 2.55> <FuncUnit> <Opcode : 'add' 'sub'> <InPorts = 2> <OutPorts = 1>
ST_5 : Operation 1560 [1/1] (0.00ns)   --->   "%tmp88_cast = sext i31 %tmp88 to i32" [ADSD/Classifier.cpp:71->ADSD/Classifier.cpp:133]   --->   Operation 1560 'sext' 'tmp88_cast' <Predicate = (!exitcond4_i)> <Delay = 0.00>
ST_5 : Operation 1561 [1/1] (2.52ns)   --->   "%tmp86 = add i32 %tmp87_cast, %tmp88_cast" [ADSD/Classifier.cpp:71->ADSD/Classifier.cpp:133]   --->   Operation 1561 'add' 'tmp86' <Predicate = (!exitcond4_i)> <Delay = 2.52> <Core = "AddSub">   --->   Core 14 'AddSub' <Latency = 0> <II = 1> <Delay = 2.55> <FuncUnit> <Opcode : 'add' 'sub'> <InPorts = 2> <OutPorts = 1>
ST_5 : Operation 1562 [1/1] (2.49ns)   --->   "%tmp90 = add i31 %tmp_24_5_6_cast_i_ca, %tmp_24_4_6_cast_i_ca" [ADSD/Classifier.cpp:71->ADSD/Classifier.cpp:133]   --->   Operation 1562 'add' 'tmp90' <Predicate = (!exitcond4_i)> <Delay = 2.49> <Core = "AddSub">   --->   Core 14 'AddSub' <Latency = 0> <II = 1> <Delay = 2.55> <FuncUnit> <Opcode : 'add' 'sub'> <InPorts = 2> <OutPorts = 1>
ST_5 : Operation 1563 [1/1] (2.49ns)   --->   "%tmp91 = add i31 %tmp_24_7_6_cast_i_ca, %tmp_24_6_6_cast_i_ca" [ADSD/Classifier.cpp:71->ADSD/Classifier.cpp:133]   --->   Operation 1563 'add' 'tmp91' <Predicate = (!exitcond4_i)> <Delay = 2.49> <Core = "AddSub">   --->   Core 14 'AddSub' <Latency = 0> <II = 1> <Delay = 2.55> <FuncUnit> <Opcode : 'add' 'sub'> <InPorts = 2> <OutPorts = 1>
ST_5 : Operation 1564 [1/1] (2.49ns)   --->   "%tmp94 = add i31 %tmp_24_9_6_cast_i_ca, %tmp_24_8_6_cast_i_ca" [ADSD/Classifier.cpp:71->ADSD/Classifier.cpp:133]   --->   Operation 1564 'add' 'tmp94' <Predicate = (!exitcond4_i)> <Delay = 2.49> <Core = "AddSub">   --->   Core 14 'AddSub' <Latency = 0> <II = 1> <Delay = 2.55> <FuncUnit> <Opcode : 'add' 'sub'> <InPorts = 2> <OutPorts = 1>
ST_5 : Operation 1565 [1/1] (0.00ns)   --->   "%tmp94_cast = sext i31 %tmp94 to i32" [ADSD/Classifier.cpp:71->ADSD/Classifier.cpp:133]   --->   Operation 1565 'sext' 'tmp94_cast' <Predicate = (!exitcond4_i)> <Delay = 0.00>
ST_5 : Operation 1566 [1/1] (2.49ns)   --->   "%tmp95 = add i31 %tmp_24_11_6_cast_i_c, %tmp_24_10_6_cast_i_c" [ADSD/Classifier.cpp:71->ADSD/Classifier.cpp:133]   --->   Operation 1566 'add' 'tmp95' <Predicate = (!exitcond4_i)> <Delay = 2.49> <Core = "AddSub">   --->   Core 14 'AddSub' <Latency = 0> <II = 1> <Delay = 2.55> <FuncUnit> <Opcode : 'add' 'sub'> <InPorts = 2> <OutPorts = 1>
ST_5 : Operation 1567 [1/1] (0.00ns)   --->   "%tmp95_cast = sext i31 %tmp95 to i32" [ADSD/Classifier.cpp:71->ADSD/Classifier.cpp:133]   --->   Operation 1567 'sext' 'tmp95_cast' <Predicate = (!exitcond4_i)> <Delay = 0.00>
ST_5 : Operation 1568 [1/1] (2.52ns)   --->   "%tmp93 = add i32 %tmp94_cast, %tmp95_cast" [ADSD/Classifier.cpp:71->ADSD/Classifier.cpp:133]   --->   Operation 1568 'add' 'tmp93' <Predicate = (!exitcond4_i)> <Delay = 2.52> <Core = "AddSub">   --->   Core 14 'AddSub' <Latency = 0> <II = 1> <Delay = 2.55> <FuncUnit> <Opcode : 'add' 'sub'> <InPorts = 2> <OutPorts = 1>
ST_5 : Operation 1569 [1/1] (2.49ns)   --->   "%tmp97 = add i31 %tmp_24_13_6_cast_i_c, %tmp_24_12_6_cast_i_c" [ADSD/Classifier.cpp:71->ADSD/Classifier.cpp:133]   --->   Operation 1569 'add' 'tmp97' <Predicate = (!exitcond4_i)> <Delay = 2.49> <Core = "AddSub">   --->   Core 14 'AddSub' <Latency = 0> <II = 1> <Delay = 2.55> <FuncUnit> <Opcode : 'add' 'sub'> <InPorts = 2> <OutPorts = 1>
ST_5 : Operation 1570 [1/1] (2.49ns)   --->   "%tmp98 = add i31 %tmp_24_15_6_cast_i_c, %tmp_24_14_6_cast_i_c" [ADSD/Classifier.cpp:71->ADSD/Classifier.cpp:133]   --->   Operation 1570 'add' 'tmp98' <Predicate = (!exitcond4_i)> <Delay = 2.49> <Core = "AddSub">   --->   Core 14 'AddSub' <Latency = 0> <II = 1> <Delay = 2.55> <FuncUnit> <Opcode : 'add' 'sub'> <InPorts = 2> <OutPorts = 1>
ST_5 : Operation 1571 [1/1] (0.00ns)   --->   "%OP1_V_15_7_i = sext i5 %tmp_263 to i16" [ADSD/Classifier.cpp:70->ADSD/Classifier.cpp:133]   --->   Operation 1571 'sext' 'OP1_V_15_7_i' <Predicate = (!exitcond4_i)> <Delay = 0.00>
ST_5 : Operation 1572 [1/1] (4.17ns)   --->   "%r_V_15_7_i = mul i16 %OP2_V_15_i, %OP1_V_15_7_i" [ADSD/Classifier.cpp:70->ADSD/Classifier.cpp:133]   --->   Operation 1572 'mul' 'r_V_15_7_i' <Predicate = (!exitcond4_i)> <Delay = 4.17> <Core = "Mul">   --->   Core 16 'Mul' <Latency = 0> <II = 1> <Delay = 3.74> <FuncUnit> <Opcode : 'mul'> <InPorts = 2> <OutPorts = 1>
ST_5 : Operation 1573 [1/1] (0.00ns)   --->   "%tmp_24_15_7_i = call i30 @_ssdm_op_BitConcatenate.i30.i16.i14(i16 %r_V_15_7_i, i14 0)" [ADSD/Classifier.cpp:71->ADSD/Classifier.cpp:133]   --->   Operation 1573 'bitconcatenate' 'tmp_24_15_7_i' <Predicate = (!exitcond4_i)> <Delay = 0.00>
ST_5 : Operation 1574 [1/1] (0.00ns)   --->   "%tmp_24_15_7_cast_i_c = sext i30 %tmp_24_15_7_i to i31" [ADSD/Classifier.cpp:71->ADSD/Classifier.cpp:133]   --->   Operation 1574 'sext' 'tmp_24_15_7_cast_i_c' <Predicate = (!exitcond4_i)> <Delay = 0.00>
ST_5 : Operation 1575 [1/1] (2.49ns)   --->   "%tmp101 = add i31 %tmp_24_1_7_cast_i_ca, %tmp_24_0_7_cast_i_ca" [ADSD/Classifier.cpp:71->ADSD/Classifier.cpp:133]   --->   Operation 1575 'add' 'tmp101' <Predicate = (!exitcond4_i)> <Delay = 2.49> <Core = "AddSub">   --->   Core 14 'AddSub' <Latency = 0> <II = 1> <Delay = 2.55> <FuncUnit> <Opcode : 'add' 'sub'> <InPorts = 2> <OutPorts = 1>
ST_5 : Operation 1576 [1/1] (0.00ns)   --->   "%tmp101_cast = sext i31 %tmp101 to i32" [ADSD/Classifier.cpp:71->ADSD/Classifier.cpp:133]   --->   Operation 1576 'sext' 'tmp101_cast' <Predicate = (!exitcond4_i)> <Delay = 0.00>
ST_5 : Operation 1577 [1/1] (2.49ns)   --->   "%tmp102 = add i31 %tmp_24_3_7_cast_i_ca, %tmp_24_2_7_cast_i_ca" [ADSD/Classifier.cpp:71->ADSD/Classifier.cpp:133]   --->   Operation 1577 'add' 'tmp102' <Predicate = (!exitcond4_i)> <Delay = 2.49> <Core = "AddSub">   --->   Core 14 'AddSub' <Latency = 0> <II = 1> <Delay = 2.55> <FuncUnit> <Opcode : 'add' 'sub'> <InPorts = 2> <OutPorts = 1>
ST_5 : Operation 1578 [1/1] (0.00ns)   --->   "%tmp102_cast = sext i31 %tmp102 to i32" [ADSD/Classifier.cpp:71->ADSD/Classifier.cpp:133]   --->   Operation 1578 'sext' 'tmp102_cast' <Predicate = (!exitcond4_i)> <Delay = 0.00>
ST_5 : Operation 1579 [1/1] (2.52ns)   --->   "%tmp100 = add i32 %tmp101_cast, %tmp102_cast" [ADSD/Classifier.cpp:71->ADSD/Classifier.cpp:133]   --->   Operation 1579 'add' 'tmp100' <Predicate = (!exitcond4_i)> <Delay = 2.52> <Core = "AddSub">   --->   Core 14 'AddSub' <Latency = 0> <II = 1> <Delay = 2.55> <FuncUnit> <Opcode : 'add' 'sub'> <InPorts = 2> <OutPorts = 1>
ST_5 : Operation 1580 [1/1] (2.49ns)   --->   "%tmp104 = add i31 %tmp_24_5_7_cast_i_ca, %tmp_24_4_7_cast_i_ca" [ADSD/Classifier.cpp:71->ADSD/Classifier.cpp:133]   --->   Operation 1580 'add' 'tmp104' <Predicate = (!exitcond4_i)> <Delay = 2.49> <Core = "AddSub">   --->   Core 14 'AddSub' <Latency = 0> <II = 1> <Delay = 2.55> <FuncUnit> <Opcode : 'add' 'sub'> <InPorts = 2> <OutPorts = 1>
ST_5 : Operation 1581 [1/1] (2.49ns)   --->   "%tmp105 = add i31 %tmp_24_7_7_cast_i_ca, %tmp_24_6_7_cast_i_ca" [ADSD/Classifier.cpp:71->ADSD/Classifier.cpp:133]   --->   Operation 1581 'add' 'tmp105' <Predicate = (!exitcond4_i)> <Delay = 2.49> <Core = "AddSub">   --->   Core 14 'AddSub' <Latency = 0> <II = 1> <Delay = 2.55> <FuncUnit> <Opcode : 'add' 'sub'> <InPorts = 2> <OutPorts = 1>
ST_5 : Operation 1582 [1/1] (2.49ns)   --->   "%tmp108 = add i31 %tmp_24_9_7_cast_i_ca, %tmp_24_8_7_cast_i_ca" [ADSD/Classifier.cpp:71->ADSD/Classifier.cpp:133]   --->   Operation 1582 'add' 'tmp108' <Predicate = (!exitcond4_i)> <Delay = 2.49> <Core = "AddSub">   --->   Core 14 'AddSub' <Latency = 0> <II = 1> <Delay = 2.55> <FuncUnit> <Opcode : 'add' 'sub'> <InPorts = 2> <OutPorts = 1>
ST_5 : Operation 1583 [1/1] (0.00ns)   --->   "%tmp108_cast = sext i31 %tmp108 to i32" [ADSD/Classifier.cpp:71->ADSD/Classifier.cpp:133]   --->   Operation 1583 'sext' 'tmp108_cast' <Predicate = (!exitcond4_i)> <Delay = 0.00>
ST_5 : Operation 1584 [1/1] (2.49ns)   --->   "%tmp109 = add i31 %tmp_24_11_7_cast_i_c, %tmp_24_10_7_cast_i_c" [ADSD/Classifier.cpp:71->ADSD/Classifier.cpp:133]   --->   Operation 1584 'add' 'tmp109' <Predicate = (!exitcond4_i)> <Delay = 2.49> <Core = "AddSub">   --->   Core 14 'AddSub' <Latency = 0> <II = 1> <Delay = 2.55> <FuncUnit> <Opcode : 'add' 'sub'> <InPorts = 2> <OutPorts = 1>
ST_5 : Operation 1585 [1/1] (0.00ns)   --->   "%tmp109_cast = sext i31 %tmp109 to i32" [ADSD/Classifier.cpp:71->ADSD/Classifier.cpp:133]   --->   Operation 1585 'sext' 'tmp109_cast' <Predicate = (!exitcond4_i)> <Delay = 0.00>
ST_5 : Operation 1586 [1/1] (2.52ns)   --->   "%tmp107 = add i32 %tmp108_cast, %tmp109_cast" [ADSD/Classifier.cpp:71->ADSD/Classifier.cpp:133]   --->   Operation 1586 'add' 'tmp107' <Predicate = (!exitcond4_i)> <Delay = 2.52> <Core = "AddSub">   --->   Core 14 'AddSub' <Latency = 0> <II = 1> <Delay = 2.55> <FuncUnit> <Opcode : 'add' 'sub'> <InPorts = 2> <OutPorts = 1>
ST_5 : Operation 1587 [1/1] (2.49ns)   --->   "%tmp111 = add i31 %tmp_24_13_7_cast_i_c, %tmp_24_12_7_cast_i_c" [ADSD/Classifier.cpp:71->ADSD/Classifier.cpp:133]   --->   Operation 1587 'add' 'tmp111' <Predicate = (!exitcond4_i)> <Delay = 2.49> <Core = "AddSub">   --->   Core 14 'AddSub' <Latency = 0> <II = 1> <Delay = 2.55> <FuncUnit> <Opcode : 'add' 'sub'> <InPorts = 2> <OutPorts = 1>
ST_5 : Operation 1588 [1/1] (2.49ns)   --->   "%tmp112 = add i31 %tmp_24_15_7_cast_i_c, %tmp_24_14_7_cast_i_c" [ADSD/Classifier.cpp:71->ADSD/Classifier.cpp:133]   --->   Operation 1588 'add' 'tmp112' <Predicate = (!exitcond4_i)> <Delay = 2.49> <Core = "AddSub">   --->   Core 14 'AddSub' <Latency = 0> <II = 1> <Delay = 2.55> <FuncUnit> <Opcode : 'add' 'sub'> <InPorts = 2> <OutPorts = 1>
ST_5 : Operation 1589 [1/1] (0.00ns)   --->   "%OP1_V_15_8_i = sext i8 %tmp_316_i to i16" [ADSD/Classifier.cpp:70->ADSD/Classifier.cpp:133]   --->   Operation 1589 'sext' 'OP1_V_15_8_i' <Predicate = (!exitcond4_i)> <Delay = 0.00>
ST_5 : Operation 1590 [1/1] (4.17ns)   --->   "%r_V_15_8_i = mul i16 %OP2_V_15_i, %OP1_V_15_8_i" [ADSD/Classifier.cpp:70->ADSD/Classifier.cpp:133]   --->   Operation 1590 'mul' 'r_V_15_8_i' <Predicate = (!exitcond4_i)> <Delay = 4.17> <Core = "Mul">   --->   Core 16 'Mul' <Latency = 0> <II = 1> <Delay = 3.74> <FuncUnit> <Opcode : 'mul'> <InPorts = 2> <OutPorts = 1>
ST_5 : Operation 1591 [1/1] (0.00ns)   --->   "%tmp_24_15_8_i = call i30 @_ssdm_op_BitConcatenate.i30.i16.i14(i16 %r_V_15_8_i, i14 0)" [ADSD/Classifier.cpp:71->ADSD/Classifier.cpp:133]   --->   Operation 1591 'bitconcatenate' 'tmp_24_15_8_i' <Predicate = (!exitcond4_i)> <Delay = 0.00>
ST_5 : Operation 1592 [1/1] (0.00ns)   --->   "%tmp_24_15_8_cast_i_c = sext i30 %tmp_24_15_8_i to i31" [ADSD/Classifier.cpp:71->ADSD/Classifier.cpp:133]   --->   Operation 1592 'sext' 'tmp_24_15_8_cast_i_c' <Predicate = (!exitcond4_i)> <Delay = 0.00>
ST_5 : Operation 1593 [1/1] (2.49ns)   --->   "%tmp115 = add i31 %tmp_24_1_8_cast_i_ca, %tmp_24_0_8_cast_i_ca" [ADSD/Classifier.cpp:71->ADSD/Classifier.cpp:133]   --->   Operation 1593 'add' 'tmp115' <Predicate = (!exitcond4_i)> <Delay = 2.49> <Core = "AddSub">   --->   Core 14 'AddSub' <Latency = 0> <II = 1> <Delay = 2.55> <FuncUnit> <Opcode : 'add' 'sub'> <InPorts = 2> <OutPorts = 1>
ST_5 : Operation 1594 [1/1] (0.00ns)   --->   "%tmp115_cast = sext i31 %tmp115 to i32" [ADSD/Classifier.cpp:71->ADSD/Classifier.cpp:133]   --->   Operation 1594 'sext' 'tmp115_cast' <Predicate = (!exitcond4_i)> <Delay = 0.00>
ST_5 : Operation 1595 [1/1] (2.49ns)   --->   "%tmp116 = add i31 %tmp_24_3_8_cast_i_ca, %tmp_24_2_8_cast_i_ca" [ADSD/Classifier.cpp:71->ADSD/Classifier.cpp:133]   --->   Operation 1595 'add' 'tmp116' <Predicate = (!exitcond4_i)> <Delay = 2.49> <Core = "AddSub">   --->   Core 14 'AddSub' <Latency = 0> <II = 1> <Delay = 2.55> <FuncUnit> <Opcode : 'add' 'sub'> <InPorts = 2> <OutPorts = 1>
ST_5 : Operation 1596 [1/1] (0.00ns)   --->   "%tmp116_cast = sext i31 %tmp116 to i32" [ADSD/Classifier.cpp:71->ADSD/Classifier.cpp:133]   --->   Operation 1596 'sext' 'tmp116_cast' <Predicate = (!exitcond4_i)> <Delay = 0.00>
ST_5 : Operation 1597 [1/1] (2.52ns)   --->   "%tmp114 = add i32 %tmp115_cast, %tmp116_cast" [ADSD/Classifier.cpp:71->ADSD/Classifier.cpp:133]   --->   Operation 1597 'add' 'tmp114' <Predicate = (!exitcond4_i)> <Delay = 2.52> <Core = "AddSub">   --->   Core 14 'AddSub' <Latency = 0> <II = 1> <Delay = 2.55> <FuncUnit> <Opcode : 'add' 'sub'> <InPorts = 2> <OutPorts = 1>
ST_5 : Operation 1598 [1/1] (2.49ns)   --->   "%tmp118 = add i31 %tmp_24_5_8_cast_i_ca, %tmp_24_4_8_cast_i_ca" [ADSD/Classifier.cpp:71->ADSD/Classifier.cpp:133]   --->   Operation 1598 'add' 'tmp118' <Predicate = (!exitcond4_i)> <Delay = 2.49> <Core = "AddSub">   --->   Core 14 'AddSub' <Latency = 0> <II = 1> <Delay = 2.55> <FuncUnit> <Opcode : 'add' 'sub'> <InPorts = 2> <OutPorts = 1>
ST_5 : Operation 1599 [1/1] (2.49ns)   --->   "%tmp119 = add i31 %tmp_24_7_8_cast_i_ca, %tmp_24_6_8_cast_i_ca" [ADSD/Classifier.cpp:71->ADSD/Classifier.cpp:133]   --->   Operation 1599 'add' 'tmp119' <Predicate = (!exitcond4_i)> <Delay = 2.49> <Core = "AddSub">   --->   Core 14 'AddSub' <Latency = 0> <II = 1> <Delay = 2.55> <FuncUnit> <Opcode : 'add' 'sub'> <InPorts = 2> <OutPorts = 1>
ST_5 : Operation 1600 [1/1] (2.49ns)   --->   "%tmp122 = add i31 %tmp_24_9_8_cast_i_ca, %tmp_24_8_8_cast_i_ca" [ADSD/Classifier.cpp:71->ADSD/Classifier.cpp:133]   --->   Operation 1600 'add' 'tmp122' <Predicate = (!exitcond4_i)> <Delay = 2.49> <Core = "AddSub">   --->   Core 14 'AddSub' <Latency = 0> <II = 1> <Delay = 2.55> <FuncUnit> <Opcode : 'add' 'sub'> <InPorts = 2> <OutPorts = 1>
ST_5 : Operation 1601 [1/1] (0.00ns)   --->   "%tmp122_cast = sext i31 %tmp122 to i32" [ADSD/Classifier.cpp:71->ADSD/Classifier.cpp:133]   --->   Operation 1601 'sext' 'tmp122_cast' <Predicate = (!exitcond4_i)> <Delay = 0.00>
ST_5 : Operation 1602 [1/1] (2.49ns)   --->   "%tmp123 = add i31 %tmp_24_11_8_cast_i_c, %tmp_24_10_8_cast_i_c" [ADSD/Classifier.cpp:71->ADSD/Classifier.cpp:133]   --->   Operation 1602 'add' 'tmp123' <Predicate = (!exitcond4_i)> <Delay = 2.49> <Core = "AddSub">   --->   Core 14 'AddSub' <Latency = 0> <II = 1> <Delay = 2.55> <FuncUnit> <Opcode : 'add' 'sub'> <InPorts = 2> <OutPorts = 1>
ST_5 : Operation 1603 [1/1] (0.00ns)   --->   "%tmp123_cast = sext i31 %tmp123 to i32" [ADSD/Classifier.cpp:71->ADSD/Classifier.cpp:133]   --->   Operation 1603 'sext' 'tmp123_cast' <Predicate = (!exitcond4_i)> <Delay = 0.00>
ST_5 : Operation 1604 [1/1] (2.52ns)   --->   "%tmp121 = add i32 %tmp122_cast, %tmp123_cast" [ADSD/Classifier.cpp:71->ADSD/Classifier.cpp:133]   --->   Operation 1604 'add' 'tmp121' <Predicate = (!exitcond4_i)> <Delay = 2.52> <Core = "AddSub">   --->   Core 14 'AddSub' <Latency = 0> <II = 1> <Delay = 2.55> <FuncUnit> <Opcode : 'add' 'sub'> <InPorts = 2> <OutPorts = 1>
ST_5 : Operation 1605 [1/1] (2.49ns)   --->   "%tmp125 = add i31 %tmp_24_13_8_cast_i_c, %tmp_24_12_8_cast_i_c" [ADSD/Classifier.cpp:71->ADSD/Classifier.cpp:133]   --->   Operation 1605 'add' 'tmp125' <Predicate = (!exitcond4_i)> <Delay = 2.49> <Core = "AddSub">   --->   Core 14 'AddSub' <Latency = 0> <II = 1> <Delay = 2.55> <FuncUnit> <Opcode : 'add' 'sub'> <InPorts = 2> <OutPorts = 1>
ST_5 : Operation 1606 [1/1] (2.49ns)   --->   "%tmp126 = add i31 %tmp_24_15_8_cast_i_c, %tmp_24_14_8_cast_i_c" [ADSD/Classifier.cpp:71->ADSD/Classifier.cpp:133]   --->   Operation 1606 'add' 'tmp126' <Predicate = (!exitcond4_i)> <Delay = 2.49> <Core = "AddSub">   --->   Core 14 'AddSub' <Latency = 0> <II = 1> <Delay = 2.55> <FuncUnit> <Opcode : 'add' 'sub'> <InPorts = 2> <OutPorts = 1>
ST_5 : Operation 1607 [1/1] (0.00ns)   --->   "%OP1_V_15_9_i = sext i6 %tmp_264 to i16" [ADSD/Classifier.cpp:70->ADSD/Classifier.cpp:133]   --->   Operation 1607 'sext' 'OP1_V_15_9_i' <Predicate = (!exitcond4_i)> <Delay = 0.00>
ST_5 : Operation 1608 [1/1] (4.17ns)   --->   "%r_V_15_9_i = mul i16 %OP2_V_15_i, %OP1_V_15_9_i" [ADSD/Classifier.cpp:70->ADSD/Classifier.cpp:133]   --->   Operation 1608 'mul' 'r_V_15_9_i' <Predicate = (!exitcond4_i)> <Delay = 4.17> <Core = "Mul">   --->   Core 16 'Mul' <Latency = 0> <II = 1> <Delay = 3.74> <FuncUnit> <Opcode : 'mul'> <InPorts = 2> <OutPorts = 1>
ST_5 : Operation 1609 [1/1] (0.00ns)   --->   "%tmp_24_15_9_i = call i30 @_ssdm_op_BitConcatenate.i30.i16.i14(i16 %r_V_15_9_i, i14 0)" [ADSD/Classifier.cpp:71->ADSD/Classifier.cpp:133]   --->   Operation 1609 'bitconcatenate' 'tmp_24_15_9_i' <Predicate = (!exitcond4_i)> <Delay = 0.00>
ST_5 : Operation 1610 [1/1] (0.00ns)   --->   "%tmp_24_15_9_cast_i_c = sext i30 %tmp_24_15_9_i to i31" [ADSD/Classifier.cpp:71->ADSD/Classifier.cpp:133]   --->   Operation 1610 'sext' 'tmp_24_15_9_cast_i_c' <Predicate = (!exitcond4_i)> <Delay = 0.00>
ST_5 : Operation 1611 [1/1] (2.49ns)   --->   "%tmp129 = add i31 %tmp_24_1_9_cast_i_ca, %tmp_24_0_9_cast_i_ca" [ADSD/Classifier.cpp:71->ADSD/Classifier.cpp:133]   --->   Operation 1611 'add' 'tmp129' <Predicate = (!exitcond4_i)> <Delay = 2.49> <Core = "AddSub">   --->   Core 14 'AddSub' <Latency = 0> <II = 1> <Delay = 2.55> <FuncUnit> <Opcode : 'add' 'sub'> <InPorts = 2> <OutPorts = 1>
ST_5 : Operation 1612 [1/1] (0.00ns)   --->   "%tmp129_cast = sext i31 %tmp129 to i32" [ADSD/Classifier.cpp:71->ADSD/Classifier.cpp:133]   --->   Operation 1612 'sext' 'tmp129_cast' <Predicate = (!exitcond4_i)> <Delay = 0.00>
ST_5 : Operation 1613 [1/1] (2.49ns)   --->   "%tmp130 = add i31 %tmp_24_3_9_cast_i_ca, %tmp_24_2_9_cast_i_ca" [ADSD/Classifier.cpp:71->ADSD/Classifier.cpp:133]   --->   Operation 1613 'add' 'tmp130' <Predicate = (!exitcond4_i)> <Delay = 2.49> <Core = "AddSub">   --->   Core 14 'AddSub' <Latency = 0> <II = 1> <Delay = 2.55> <FuncUnit> <Opcode : 'add' 'sub'> <InPorts = 2> <OutPorts = 1>
ST_5 : Operation 1614 [1/1] (0.00ns)   --->   "%tmp130_cast = sext i31 %tmp130 to i32" [ADSD/Classifier.cpp:71->ADSD/Classifier.cpp:133]   --->   Operation 1614 'sext' 'tmp130_cast' <Predicate = (!exitcond4_i)> <Delay = 0.00>
ST_5 : Operation 1615 [1/1] (2.52ns)   --->   "%tmp128 = add i32 %tmp129_cast, %tmp130_cast" [ADSD/Classifier.cpp:71->ADSD/Classifier.cpp:133]   --->   Operation 1615 'add' 'tmp128' <Predicate = (!exitcond4_i)> <Delay = 2.52> <Core = "AddSub">   --->   Core 14 'AddSub' <Latency = 0> <II = 1> <Delay = 2.55> <FuncUnit> <Opcode : 'add' 'sub'> <InPorts = 2> <OutPorts = 1>
ST_5 : Operation 1616 [1/1] (2.49ns)   --->   "%tmp132 = add i31 %tmp_24_5_9_cast_i_ca, %tmp_24_4_9_cast_i_ca" [ADSD/Classifier.cpp:71->ADSD/Classifier.cpp:133]   --->   Operation 1616 'add' 'tmp132' <Predicate = (!exitcond4_i)> <Delay = 2.49> <Core = "AddSub">   --->   Core 14 'AddSub' <Latency = 0> <II = 1> <Delay = 2.55> <FuncUnit> <Opcode : 'add' 'sub'> <InPorts = 2> <OutPorts = 1>
ST_5 : Operation 1617 [1/1] (2.49ns)   --->   "%tmp133 = add i31 %tmp_24_7_9_cast_i_ca, %tmp_24_6_9_cast_i_ca" [ADSD/Classifier.cpp:71->ADSD/Classifier.cpp:133]   --->   Operation 1617 'add' 'tmp133' <Predicate = (!exitcond4_i)> <Delay = 2.49> <Core = "AddSub">   --->   Core 14 'AddSub' <Latency = 0> <II = 1> <Delay = 2.55> <FuncUnit> <Opcode : 'add' 'sub'> <InPorts = 2> <OutPorts = 1>
ST_5 : Operation 1618 [1/1] (2.49ns)   --->   "%tmp136 = add i31 %tmp_24_9_9_cast_i_ca, %tmp_24_8_9_cast_i_ca" [ADSD/Classifier.cpp:71->ADSD/Classifier.cpp:133]   --->   Operation 1618 'add' 'tmp136' <Predicate = (!exitcond4_i)> <Delay = 2.49> <Core = "AddSub">   --->   Core 14 'AddSub' <Latency = 0> <II = 1> <Delay = 2.55> <FuncUnit> <Opcode : 'add' 'sub'> <InPorts = 2> <OutPorts = 1>
ST_5 : Operation 1619 [1/1] (0.00ns)   --->   "%tmp136_cast = sext i31 %tmp136 to i32" [ADSD/Classifier.cpp:71->ADSD/Classifier.cpp:133]   --->   Operation 1619 'sext' 'tmp136_cast' <Predicate = (!exitcond4_i)> <Delay = 0.00>
ST_5 : Operation 1620 [1/1] (2.49ns)   --->   "%tmp137 = add i31 %tmp_24_11_9_cast_i_c, %tmp_24_10_9_cast_i_c" [ADSD/Classifier.cpp:71->ADSD/Classifier.cpp:133]   --->   Operation 1620 'add' 'tmp137' <Predicate = (!exitcond4_i)> <Delay = 2.49> <Core = "AddSub">   --->   Core 14 'AddSub' <Latency = 0> <II = 1> <Delay = 2.55> <FuncUnit> <Opcode : 'add' 'sub'> <InPorts = 2> <OutPorts = 1>
ST_5 : Operation 1621 [1/1] (0.00ns)   --->   "%tmp137_cast = sext i31 %tmp137 to i32" [ADSD/Classifier.cpp:71->ADSD/Classifier.cpp:133]   --->   Operation 1621 'sext' 'tmp137_cast' <Predicate = (!exitcond4_i)> <Delay = 0.00>
ST_5 : Operation 1622 [1/1] (2.52ns)   --->   "%tmp135 = add i32 %tmp136_cast, %tmp137_cast" [ADSD/Classifier.cpp:71->ADSD/Classifier.cpp:133]   --->   Operation 1622 'add' 'tmp135' <Predicate = (!exitcond4_i)> <Delay = 2.52> <Core = "AddSub">   --->   Core 14 'AddSub' <Latency = 0> <II = 1> <Delay = 2.55> <FuncUnit> <Opcode : 'add' 'sub'> <InPorts = 2> <OutPorts = 1>
ST_5 : Operation 1623 [1/1] (2.49ns)   --->   "%tmp139 = add i31 %tmp_24_13_9_cast_i_c, %tmp_24_12_9_cast_i_c" [ADSD/Classifier.cpp:71->ADSD/Classifier.cpp:133]   --->   Operation 1623 'add' 'tmp139' <Predicate = (!exitcond4_i)> <Delay = 2.49> <Core = "AddSub">   --->   Core 14 'AddSub' <Latency = 0> <II = 1> <Delay = 2.55> <FuncUnit> <Opcode : 'add' 'sub'> <InPorts = 2> <OutPorts = 1>
ST_5 : Operation 1624 [1/1] (2.49ns)   --->   "%tmp140 = add i31 %tmp_24_15_9_cast_i_c, %tmp_24_14_9_cast_i_c" [ADSD/Classifier.cpp:71->ADSD/Classifier.cpp:133]   --->   Operation 1624 'add' 'tmp140' <Predicate = (!exitcond4_i)> <Delay = 2.49> <Core = "AddSub">   --->   Core 14 'AddSub' <Latency = 0> <II = 1> <Delay = 2.55> <FuncUnit> <Opcode : 'add' 'sub'> <InPorts = 2> <OutPorts = 1>
ST_5 : Operation 1625 [1/1] (0.00ns)   --->   "%OP1_V_15_i_83 = sext i5 %tmp_265 to i16" [ADSD/Classifier.cpp:70->ADSD/Classifier.cpp:133]   --->   Operation 1625 'sext' 'OP1_V_15_i_83' <Predicate = (!exitcond4_i)> <Delay = 0.00>
ST_5 : Operation 1626 [1/1] (4.17ns)   --->   "%r_V_15_i_84 = mul i16 %OP2_V_15_i, %OP1_V_15_i_83" [ADSD/Classifier.cpp:70->ADSD/Classifier.cpp:133]   --->   Operation 1626 'mul' 'r_V_15_i_84' <Predicate = (!exitcond4_i)> <Delay = 4.17> <Core = "Mul">   --->   Core 16 'Mul' <Latency = 0> <II = 1> <Delay = 3.74> <FuncUnit> <Opcode : 'mul'> <InPorts = 2> <OutPorts = 1>
ST_5 : Operation 1627 [1/1] (0.00ns)   --->   "%tmp_24_15_i_85 = call i30 @_ssdm_op_BitConcatenate.i30.i16.i14(i16 %r_V_15_i_84, i14 0)" [ADSD/Classifier.cpp:71->ADSD/Classifier.cpp:133]   --->   Operation 1627 'bitconcatenate' 'tmp_24_15_i_85' <Predicate = (!exitcond4_i)> <Delay = 0.00>
ST_5 : Operation 1628 [1/1] (0.00ns)   --->   "%tmp_24_15_cast_i_ca = sext i30 %tmp_24_15_i_85 to i31" [ADSD/Classifier.cpp:71->ADSD/Classifier.cpp:133]   --->   Operation 1628 'sext' 'tmp_24_15_cast_i_ca' <Predicate = (!exitcond4_i)> <Delay = 0.00>
ST_5 : Operation 1629 [1/1] (2.49ns)   --->   "%tmp143 = add i31 %tmp_24_1_cast_i_cas, %tmp_24_0_cast_i_cas" [ADSD/Classifier.cpp:71->ADSD/Classifier.cpp:133]   --->   Operation 1629 'add' 'tmp143' <Predicate = (!exitcond4_i)> <Delay = 2.49> <Core = "AddSub">   --->   Core 14 'AddSub' <Latency = 0> <II = 1> <Delay = 2.55> <FuncUnit> <Opcode : 'add' 'sub'> <InPorts = 2> <OutPorts = 1>
ST_5 : Operation 1630 [1/1] (0.00ns)   --->   "%tmp143_cast = sext i31 %tmp143 to i32" [ADSD/Classifier.cpp:71->ADSD/Classifier.cpp:133]   --->   Operation 1630 'sext' 'tmp143_cast' <Predicate = (!exitcond4_i)> <Delay = 0.00>
ST_5 : Operation 1631 [1/1] (2.49ns)   --->   "%tmp144 = add i31 %tmp_24_3_cast_i_cas, %tmp_24_2_cast_i_cas" [ADSD/Classifier.cpp:71->ADSD/Classifier.cpp:133]   --->   Operation 1631 'add' 'tmp144' <Predicate = (!exitcond4_i)> <Delay = 2.49> <Core = "AddSub">   --->   Core 14 'AddSub' <Latency = 0> <II = 1> <Delay = 2.55> <FuncUnit> <Opcode : 'add' 'sub'> <InPorts = 2> <OutPorts = 1>
ST_5 : Operation 1632 [1/1] (0.00ns)   --->   "%tmp144_cast = sext i31 %tmp144 to i32" [ADSD/Classifier.cpp:71->ADSD/Classifier.cpp:133]   --->   Operation 1632 'sext' 'tmp144_cast' <Predicate = (!exitcond4_i)> <Delay = 0.00>
ST_5 : Operation 1633 [1/1] (2.52ns)   --->   "%tmp142 = add i32 %tmp143_cast, %tmp144_cast" [ADSD/Classifier.cpp:71->ADSD/Classifier.cpp:133]   --->   Operation 1633 'add' 'tmp142' <Predicate = (!exitcond4_i)> <Delay = 2.52> <Core = "AddSub">   --->   Core 14 'AddSub' <Latency = 0> <II = 1> <Delay = 2.55> <FuncUnit> <Opcode : 'add' 'sub'> <InPorts = 2> <OutPorts = 1>
ST_5 : Operation 1634 [1/1] (2.49ns)   --->   "%tmp146 = add i31 %tmp_24_5_cast_i_cas, %tmp_24_4_cast_i_cas" [ADSD/Classifier.cpp:71->ADSD/Classifier.cpp:133]   --->   Operation 1634 'add' 'tmp146' <Predicate = (!exitcond4_i)> <Delay = 2.49> <Core = "AddSub">   --->   Core 14 'AddSub' <Latency = 0> <II = 1> <Delay = 2.55> <FuncUnit> <Opcode : 'add' 'sub'> <InPorts = 2> <OutPorts = 1>
ST_5 : Operation 1635 [1/1] (2.49ns)   --->   "%tmp147 = add i31 %tmp_24_7_cast_i_cas, %tmp_24_6_cast_i_cas" [ADSD/Classifier.cpp:71->ADSD/Classifier.cpp:133]   --->   Operation 1635 'add' 'tmp147' <Predicate = (!exitcond4_i)> <Delay = 2.49> <Core = "AddSub">   --->   Core 14 'AddSub' <Latency = 0> <II = 1> <Delay = 2.55> <FuncUnit> <Opcode : 'add' 'sub'> <InPorts = 2> <OutPorts = 1>
ST_5 : Operation 1636 [1/1] (2.49ns)   --->   "%tmp150 = add i31 %tmp_24_9_cast_i_cas, %tmp_24_8_cast_i_cas" [ADSD/Classifier.cpp:71->ADSD/Classifier.cpp:133]   --->   Operation 1636 'add' 'tmp150' <Predicate = (!exitcond4_i)> <Delay = 2.49> <Core = "AddSub">   --->   Core 14 'AddSub' <Latency = 0> <II = 1> <Delay = 2.55> <FuncUnit> <Opcode : 'add' 'sub'> <InPorts = 2> <OutPorts = 1>
ST_5 : Operation 1637 [1/1] (0.00ns)   --->   "%tmp150_cast = sext i31 %tmp150 to i32" [ADSD/Classifier.cpp:71->ADSD/Classifier.cpp:133]   --->   Operation 1637 'sext' 'tmp150_cast' <Predicate = (!exitcond4_i)> <Delay = 0.00>
ST_5 : Operation 1638 [1/1] (2.49ns)   --->   "%tmp151 = add i31 %tmp_24_11_cast_i_ca, %tmp_24_10_cast_i_ca" [ADSD/Classifier.cpp:71->ADSD/Classifier.cpp:133]   --->   Operation 1638 'add' 'tmp151' <Predicate = (!exitcond4_i)> <Delay = 2.49> <Core = "AddSub">   --->   Core 14 'AddSub' <Latency = 0> <II = 1> <Delay = 2.55> <FuncUnit> <Opcode : 'add' 'sub'> <InPorts = 2> <OutPorts = 1>
ST_5 : Operation 1639 [1/1] (0.00ns)   --->   "%tmp151_cast = sext i31 %tmp151 to i32" [ADSD/Classifier.cpp:71->ADSD/Classifier.cpp:133]   --->   Operation 1639 'sext' 'tmp151_cast' <Predicate = (!exitcond4_i)> <Delay = 0.00>
ST_5 : Operation 1640 [1/1] (2.52ns)   --->   "%tmp149 = add i32 %tmp150_cast, %tmp151_cast" [ADSD/Classifier.cpp:71->ADSD/Classifier.cpp:133]   --->   Operation 1640 'add' 'tmp149' <Predicate = (!exitcond4_i)> <Delay = 2.52> <Core = "AddSub">   --->   Core 14 'AddSub' <Latency = 0> <II = 1> <Delay = 2.55> <FuncUnit> <Opcode : 'add' 'sub'> <InPorts = 2> <OutPorts = 1>
ST_5 : Operation 1641 [1/1] (2.49ns)   --->   "%tmp153 = add i31 %tmp_24_13_cast_i_ca, %tmp_24_12_cast_i_ca" [ADSD/Classifier.cpp:71->ADSD/Classifier.cpp:133]   --->   Operation 1641 'add' 'tmp153' <Predicate = (!exitcond4_i)> <Delay = 2.49> <Core = "AddSub">   --->   Core 14 'AddSub' <Latency = 0> <II = 1> <Delay = 2.55> <FuncUnit> <Opcode : 'add' 'sub'> <InPorts = 2> <OutPorts = 1>
ST_5 : Operation 1642 [1/1] (2.49ns)   --->   "%tmp154 = add i31 %tmp_24_15_cast_i_ca, %tmp_24_14_cast_i_ca" [ADSD/Classifier.cpp:71->ADSD/Classifier.cpp:133]   --->   Operation 1642 'add' 'tmp154' <Predicate = (!exitcond4_i)> <Delay = 2.49> <Core = "AddSub">   --->   Core 14 'AddSub' <Latency = 0> <II = 1> <Delay = 2.55> <FuncUnit> <Opcode : 'add' 'sub'> <InPorts = 2> <OutPorts = 1>
ST_5 : Operation 1643 [1/1] (0.00ns)   --->   "%OP1_V_15_10_i = sext i5 %tmp_266 to i16" [ADSD/Classifier.cpp:70->ADSD/Classifier.cpp:133]   --->   Operation 1643 'sext' 'OP1_V_15_10_i' <Predicate = (!exitcond4_i)> <Delay = 0.00>
ST_5 : Operation 1644 [1/1] (4.17ns)   --->   "%r_V_15_10_i = mul i16 %OP2_V_15_i, %OP1_V_15_10_i" [ADSD/Classifier.cpp:70->ADSD/Classifier.cpp:133]   --->   Operation 1644 'mul' 'r_V_15_10_i' <Predicate = (!exitcond4_i)> <Delay = 4.17> <Core = "Mul">   --->   Core 16 'Mul' <Latency = 0> <II = 1> <Delay = 3.74> <FuncUnit> <Opcode : 'mul'> <InPorts = 2> <OutPorts = 1>
ST_5 : Operation 1645 [1/1] (0.00ns)   --->   "%tmp_24_15_10_i = call i30 @_ssdm_op_BitConcatenate.i30.i16.i14(i16 %r_V_15_10_i, i14 0)" [ADSD/Classifier.cpp:71->ADSD/Classifier.cpp:133]   --->   Operation 1645 'bitconcatenate' 'tmp_24_15_10_i' <Predicate = (!exitcond4_i)> <Delay = 0.00>
ST_5 : Operation 1646 [1/1] (0.00ns)   --->   "%tmp_24_15_10_cast_i_s = sext i30 %tmp_24_15_10_i to i31" [ADSD/Classifier.cpp:71->ADSD/Classifier.cpp:133]   --->   Operation 1646 'sext' 'tmp_24_15_10_cast_i_s' <Predicate = (!exitcond4_i)> <Delay = 0.00>
ST_5 : Operation 1647 [1/1] (2.49ns)   --->   "%tmp157 = add i31 %tmp_24_1_10_cast_i_c, %tmp_24_0_10_cast_i_c" [ADSD/Classifier.cpp:71->ADSD/Classifier.cpp:133]   --->   Operation 1647 'add' 'tmp157' <Predicate = (!exitcond4_i)> <Delay = 2.49> <Core = "AddSub">   --->   Core 14 'AddSub' <Latency = 0> <II = 1> <Delay = 2.55> <FuncUnit> <Opcode : 'add' 'sub'> <InPorts = 2> <OutPorts = 1>
ST_5 : Operation 1648 [1/1] (0.00ns)   --->   "%tmp157_cast = sext i31 %tmp157 to i32" [ADSD/Classifier.cpp:71->ADSD/Classifier.cpp:133]   --->   Operation 1648 'sext' 'tmp157_cast' <Predicate = (!exitcond4_i)> <Delay = 0.00>
ST_5 : Operation 1649 [1/1] (2.49ns)   --->   "%tmp158 = add i31 %tmp_24_3_10_cast_i_c, %tmp_24_2_10_cast_i_c" [ADSD/Classifier.cpp:71->ADSD/Classifier.cpp:133]   --->   Operation 1649 'add' 'tmp158' <Predicate = (!exitcond4_i)> <Delay = 2.49> <Core = "AddSub">   --->   Core 14 'AddSub' <Latency = 0> <II = 1> <Delay = 2.55> <FuncUnit> <Opcode : 'add' 'sub'> <InPorts = 2> <OutPorts = 1>
ST_5 : Operation 1650 [1/1] (0.00ns)   --->   "%tmp158_cast = sext i31 %tmp158 to i32" [ADSD/Classifier.cpp:71->ADSD/Classifier.cpp:133]   --->   Operation 1650 'sext' 'tmp158_cast' <Predicate = (!exitcond4_i)> <Delay = 0.00>
ST_5 : Operation 1651 [1/1] (2.52ns)   --->   "%tmp156 = add i32 %tmp157_cast, %tmp158_cast" [ADSD/Classifier.cpp:71->ADSD/Classifier.cpp:133]   --->   Operation 1651 'add' 'tmp156' <Predicate = (!exitcond4_i)> <Delay = 2.52> <Core = "AddSub">   --->   Core 14 'AddSub' <Latency = 0> <II = 1> <Delay = 2.55> <FuncUnit> <Opcode : 'add' 'sub'> <InPorts = 2> <OutPorts = 1>
ST_5 : Operation 1652 [1/1] (2.49ns)   --->   "%tmp160 = add i31 %tmp_24_5_10_cast_i_c, %tmp_24_4_10_cast_i_c" [ADSD/Classifier.cpp:71->ADSD/Classifier.cpp:133]   --->   Operation 1652 'add' 'tmp160' <Predicate = (!exitcond4_i)> <Delay = 2.49> <Core = "AddSub">   --->   Core 14 'AddSub' <Latency = 0> <II = 1> <Delay = 2.55> <FuncUnit> <Opcode : 'add' 'sub'> <InPorts = 2> <OutPorts = 1>
ST_5 : Operation 1653 [1/1] (2.49ns)   --->   "%tmp161 = add i31 %tmp_24_7_10_cast_i_c, %tmp_24_6_10_cast_i_c" [ADSD/Classifier.cpp:71->ADSD/Classifier.cpp:133]   --->   Operation 1653 'add' 'tmp161' <Predicate = (!exitcond4_i)> <Delay = 2.49> <Core = "AddSub">   --->   Core 14 'AddSub' <Latency = 0> <II = 1> <Delay = 2.55> <FuncUnit> <Opcode : 'add' 'sub'> <InPorts = 2> <OutPorts = 1>
ST_5 : Operation 1654 [1/1] (2.49ns)   --->   "%tmp164 = add i31 %tmp_24_9_10_cast_i_c, %tmp_24_8_10_cast_i_c" [ADSD/Classifier.cpp:71->ADSD/Classifier.cpp:133]   --->   Operation 1654 'add' 'tmp164' <Predicate = (!exitcond4_i)> <Delay = 2.49> <Core = "AddSub">   --->   Core 14 'AddSub' <Latency = 0> <II = 1> <Delay = 2.55> <FuncUnit> <Opcode : 'add' 'sub'> <InPorts = 2> <OutPorts = 1>
ST_5 : Operation 1655 [1/1] (0.00ns)   --->   "%tmp164_cast = sext i31 %tmp164 to i32" [ADSD/Classifier.cpp:71->ADSD/Classifier.cpp:133]   --->   Operation 1655 'sext' 'tmp164_cast' <Predicate = (!exitcond4_i)> <Delay = 0.00>
ST_5 : Operation 1656 [1/1] (2.49ns)   --->   "%tmp165 = add i31 %tmp_24_11_10_cast_i_s, %tmp_24_10_10_cast_i_s" [ADSD/Classifier.cpp:71->ADSD/Classifier.cpp:133]   --->   Operation 1656 'add' 'tmp165' <Predicate = (!exitcond4_i)> <Delay = 2.49> <Core = "AddSub">   --->   Core 14 'AddSub' <Latency = 0> <II = 1> <Delay = 2.55> <FuncUnit> <Opcode : 'add' 'sub'> <InPorts = 2> <OutPorts = 1>
ST_5 : Operation 1657 [1/1] (0.00ns)   --->   "%tmp165_cast = sext i31 %tmp165 to i32" [ADSD/Classifier.cpp:71->ADSD/Classifier.cpp:133]   --->   Operation 1657 'sext' 'tmp165_cast' <Predicate = (!exitcond4_i)> <Delay = 0.00>
ST_5 : Operation 1658 [1/1] (2.52ns)   --->   "%tmp163 = add i32 %tmp164_cast, %tmp165_cast" [ADSD/Classifier.cpp:71->ADSD/Classifier.cpp:133]   --->   Operation 1658 'add' 'tmp163' <Predicate = (!exitcond4_i)> <Delay = 2.52> <Core = "AddSub">   --->   Core 14 'AddSub' <Latency = 0> <II = 1> <Delay = 2.55> <FuncUnit> <Opcode : 'add' 'sub'> <InPorts = 2> <OutPorts = 1>
ST_5 : Operation 1659 [1/1] (2.49ns)   --->   "%tmp167 = add i31 %tmp_24_13_10_cast_i_s, %tmp_24_12_10_cast_i_s" [ADSD/Classifier.cpp:71->ADSD/Classifier.cpp:133]   --->   Operation 1659 'add' 'tmp167' <Predicate = (!exitcond4_i)> <Delay = 2.49> <Core = "AddSub">   --->   Core 14 'AddSub' <Latency = 0> <II = 1> <Delay = 2.55> <FuncUnit> <Opcode : 'add' 'sub'> <InPorts = 2> <OutPorts = 1>
ST_5 : Operation 1660 [1/1] (2.49ns)   --->   "%tmp168 = add i31 %tmp_24_15_10_cast_i_s, %tmp_24_14_10_cast_i_s" [ADSD/Classifier.cpp:71->ADSD/Classifier.cpp:133]   --->   Operation 1660 'add' 'tmp168' <Predicate = (!exitcond4_i)> <Delay = 2.49> <Core = "AddSub">   --->   Core 14 'AddSub' <Latency = 0> <II = 1> <Delay = 2.55> <FuncUnit> <Opcode : 'add' 'sub'> <InPorts = 2> <OutPorts = 1>
ST_5 : Operation 1661 [1/1] (0.00ns)   --->   "%OP1_V_15_11_i = sext i6 %tmp_267 to i16" [ADSD/Classifier.cpp:70->ADSD/Classifier.cpp:133]   --->   Operation 1661 'sext' 'OP1_V_15_11_i' <Predicate = (!exitcond4_i)> <Delay = 0.00>
ST_5 : Operation 1662 [1/1] (4.17ns)   --->   "%r_V_15_11_i = mul i16 %OP2_V_15_i, %OP1_V_15_11_i" [ADSD/Classifier.cpp:70->ADSD/Classifier.cpp:133]   --->   Operation 1662 'mul' 'r_V_15_11_i' <Predicate = (!exitcond4_i)> <Delay = 4.17> <Core = "Mul">   --->   Core 16 'Mul' <Latency = 0> <II = 1> <Delay = 3.74> <FuncUnit> <Opcode : 'mul'> <InPorts = 2> <OutPorts = 1>
ST_5 : Operation 1663 [1/1] (0.00ns)   --->   "%tmp_24_15_11_i = call i30 @_ssdm_op_BitConcatenate.i30.i16.i14(i16 %r_V_15_11_i, i14 0)" [ADSD/Classifier.cpp:71->ADSD/Classifier.cpp:133]   --->   Operation 1663 'bitconcatenate' 'tmp_24_15_11_i' <Predicate = (!exitcond4_i)> <Delay = 0.00>
ST_5 : Operation 1664 [1/1] (0.00ns)   --->   "%tmp_24_15_11_cast_i_s = sext i30 %tmp_24_15_11_i to i31" [ADSD/Classifier.cpp:71->ADSD/Classifier.cpp:133]   --->   Operation 1664 'sext' 'tmp_24_15_11_cast_i_s' <Predicate = (!exitcond4_i)> <Delay = 0.00>
ST_5 : Operation 1665 [1/1] (2.49ns)   --->   "%tmp171 = add i31 %tmp_24_1_11_cast_i_c, %tmp_24_0_11_cast_i_c" [ADSD/Classifier.cpp:71->ADSD/Classifier.cpp:133]   --->   Operation 1665 'add' 'tmp171' <Predicate = (!exitcond4_i)> <Delay = 2.49> <Core = "AddSub">   --->   Core 14 'AddSub' <Latency = 0> <II = 1> <Delay = 2.55> <FuncUnit> <Opcode : 'add' 'sub'> <InPorts = 2> <OutPorts = 1>
ST_5 : Operation 1666 [1/1] (0.00ns)   --->   "%tmp171_cast = sext i31 %tmp171 to i32" [ADSD/Classifier.cpp:71->ADSD/Classifier.cpp:133]   --->   Operation 1666 'sext' 'tmp171_cast' <Predicate = (!exitcond4_i)> <Delay = 0.00>
ST_5 : Operation 1667 [1/1] (2.49ns)   --->   "%tmp172 = add i31 %tmp_24_3_11_cast_i_c, %tmp_24_2_11_cast_i_c" [ADSD/Classifier.cpp:71->ADSD/Classifier.cpp:133]   --->   Operation 1667 'add' 'tmp172' <Predicate = (!exitcond4_i)> <Delay = 2.49> <Core = "AddSub">   --->   Core 14 'AddSub' <Latency = 0> <II = 1> <Delay = 2.55> <FuncUnit> <Opcode : 'add' 'sub'> <InPorts = 2> <OutPorts = 1>
ST_5 : Operation 1668 [1/1] (0.00ns)   --->   "%tmp172_cast = sext i31 %tmp172 to i32" [ADSD/Classifier.cpp:71->ADSD/Classifier.cpp:133]   --->   Operation 1668 'sext' 'tmp172_cast' <Predicate = (!exitcond4_i)> <Delay = 0.00>
ST_5 : Operation 1669 [1/1] (2.52ns)   --->   "%tmp170 = add i32 %tmp171_cast, %tmp172_cast" [ADSD/Classifier.cpp:71->ADSD/Classifier.cpp:133]   --->   Operation 1669 'add' 'tmp170' <Predicate = (!exitcond4_i)> <Delay = 2.52> <Core = "AddSub">   --->   Core 14 'AddSub' <Latency = 0> <II = 1> <Delay = 2.55> <FuncUnit> <Opcode : 'add' 'sub'> <InPorts = 2> <OutPorts = 1>
ST_5 : Operation 1670 [1/1] (2.49ns)   --->   "%tmp174 = add i31 %tmp_24_5_11_cast_i_c, %tmp_24_4_11_cast_i_c" [ADSD/Classifier.cpp:71->ADSD/Classifier.cpp:133]   --->   Operation 1670 'add' 'tmp174' <Predicate = (!exitcond4_i)> <Delay = 2.49> <Core = "AddSub">   --->   Core 14 'AddSub' <Latency = 0> <II = 1> <Delay = 2.55> <FuncUnit> <Opcode : 'add' 'sub'> <InPorts = 2> <OutPorts = 1>
ST_5 : Operation 1671 [1/1] (2.49ns)   --->   "%tmp175 = add i31 %tmp_24_7_11_cast_i_c, %tmp_24_6_11_cast_i_c" [ADSD/Classifier.cpp:71->ADSD/Classifier.cpp:133]   --->   Operation 1671 'add' 'tmp175' <Predicate = (!exitcond4_i)> <Delay = 2.49> <Core = "AddSub">   --->   Core 14 'AddSub' <Latency = 0> <II = 1> <Delay = 2.55> <FuncUnit> <Opcode : 'add' 'sub'> <InPorts = 2> <OutPorts = 1>
ST_5 : Operation 1672 [1/1] (2.49ns)   --->   "%tmp178 = add i31 %tmp_24_9_11_cast_i_c, %tmp_24_8_11_cast_i_c" [ADSD/Classifier.cpp:71->ADSD/Classifier.cpp:133]   --->   Operation 1672 'add' 'tmp178' <Predicate = (!exitcond4_i)> <Delay = 2.49> <Core = "AddSub">   --->   Core 14 'AddSub' <Latency = 0> <II = 1> <Delay = 2.55> <FuncUnit> <Opcode : 'add' 'sub'> <InPorts = 2> <OutPorts = 1>
ST_5 : Operation 1673 [1/1] (0.00ns)   --->   "%tmp178_cast = sext i31 %tmp178 to i32" [ADSD/Classifier.cpp:71->ADSD/Classifier.cpp:133]   --->   Operation 1673 'sext' 'tmp178_cast' <Predicate = (!exitcond4_i)> <Delay = 0.00>
ST_5 : Operation 1674 [1/1] (2.49ns)   --->   "%tmp179 = add i31 %tmp_24_11_11_cast_i_s, %tmp_24_10_11_cast_i_s" [ADSD/Classifier.cpp:71->ADSD/Classifier.cpp:133]   --->   Operation 1674 'add' 'tmp179' <Predicate = (!exitcond4_i)> <Delay = 2.49> <Core = "AddSub">   --->   Core 14 'AddSub' <Latency = 0> <II = 1> <Delay = 2.55> <FuncUnit> <Opcode : 'add' 'sub'> <InPorts = 2> <OutPorts = 1>
ST_5 : Operation 1675 [1/1] (0.00ns)   --->   "%tmp179_cast = sext i31 %tmp179 to i32" [ADSD/Classifier.cpp:71->ADSD/Classifier.cpp:133]   --->   Operation 1675 'sext' 'tmp179_cast' <Predicate = (!exitcond4_i)> <Delay = 0.00>
ST_5 : Operation 1676 [1/1] (2.52ns)   --->   "%tmp177 = add i32 %tmp178_cast, %tmp179_cast" [ADSD/Classifier.cpp:71->ADSD/Classifier.cpp:133]   --->   Operation 1676 'add' 'tmp177' <Predicate = (!exitcond4_i)> <Delay = 2.52> <Core = "AddSub">   --->   Core 14 'AddSub' <Latency = 0> <II = 1> <Delay = 2.55> <FuncUnit> <Opcode : 'add' 'sub'> <InPorts = 2> <OutPorts = 1>
ST_5 : Operation 1677 [1/1] (2.49ns)   --->   "%tmp181 = add i31 %tmp_24_13_11_cast_i_s, %tmp_24_12_11_cast_i_s" [ADSD/Classifier.cpp:71->ADSD/Classifier.cpp:133]   --->   Operation 1677 'add' 'tmp181' <Predicate = (!exitcond4_i)> <Delay = 2.49> <Core = "AddSub">   --->   Core 14 'AddSub' <Latency = 0> <II = 1> <Delay = 2.55> <FuncUnit> <Opcode : 'add' 'sub'> <InPorts = 2> <OutPorts = 1>
ST_5 : Operation 1678 [1/1] (2.49ns)   --->   "%tmp182 = add i31 %tmp_24_15_11_cast_i_s, %tmp_24_14_11_cast_i_s" [ADSD/Classifier.cpp:71->ADSD/Classifier.cpp:133]   --->   Operation 1678 'add' 'tmp182' <Predicate = (!exitcond4_i)> <Delay = 2.49> <Core = "AddSub">   --->   Core 14 'AddSub' <Latency = 0> <II = 1> <Delay = 2.55> <FuncUnit> <Opcode : 'add' 'sub'> <InPorts = 2> <OutPorts = 1>
ST_5 : Operation 1679 [1/1] (0.00ns)   --->   "%OP1_V_15_12_i = sext i7 %tmp_268 to i16" [ADSD/Classifier.cpp:70->ADSD/Classifier.cpp:133]   --->   Operation 1679 'sext' 'OP1_V_15_12_i' <Predicate = (!exitcond4_i)> <Delay = 0.00>
ST_5 : Operation 1680 [1/1] (4.17ns)   --->   "%r_V_15_12_i = mul i16 %OP2_V_15_i, %OP1_V_15_12_i" [ADSD/Classifier.cpp:70->ADSD/Classifier.cpp:133]   --->   Operation 1680 'mul' 'r_V_15_12_i' <Predicate = (!exitcond4_i)> <Delay = 4.17> <Core = "Mul">   --->   Core 16 'Mul' <Latency = 0> <II = 1> <Delay = 3.74> <FuncUnit> <Opcode : 'mul'> <InPorts = 2> <OutPorts = 1>
ST_5 : Operation 1681 [1/1] (0.00ns)   --->   "%tmp_24_15_12_i = call i30 @_ssdm_op_BitConcatenate.i30.i16.i14(i16 %r_V_15_12_i, i14 0)" [ADSD/Classifier.cpp:71->ADSD/Classifier.cpp:133]   --->   Operation 1681 'bitconcatenate' 'tmp_24_15_12_i' <Predicate = (!exitcond4_i)> <Delay = 0.00>
ST_5 : Operation 1682 [1/1] (0.00ns)   --->   "%tmp_24_15_12_cast_i_s = sext i30 %tmp_24_15_12_i to i31" [ADSD/Classifier.cpp:71->ADSD/Classifier.cpp:133]   --->   Operation 1682 'sext' 'tmp_24_15_12_cast_i_s' <Predicate = (!exitcond4_i)> <Delay = 0.00>
ST_5 : Operation 1683 [1/1] (2.49ns)   --->   "%tmp185 = add i31 %tmp_24_1_12_cast_i_c, %tmp_24_0_12_cast_i_c" [ADSD/Classifier.cpp:71->ADSD/Classifier.cpp:133]   --->   Operation 1683 'add' 'tmp185' <Predicate = (!exitcond4_i)> <Delay = 2.49> <Core = "AddSub">   --->   Core 14 'AddSub' <Latency = 0> <II = 1> <Delay = 2.55> <FuncUnit> <Opcode : 'add' 'sub'> <InPorts = 2> <OutPorts = 1>
ST_5 : Operation 1684 [1/1] (0.00ns)   --->   "%tmp185_cast = sext i31 %tmp185 to i32" [ADSD/Classifier.cpp:71->ADSD/Classifier.cpp:133]   --->   Operation 1684 'sext' 'tmp185_cast' <Predicate = (!exitcond4_i)> <Delay = 0.00>
ST_5 : Operation 1685 [1/1] (2.49ns)   --->   "%tmp186 = add i31 %tmp_24_3_12_cast_i_c, %tmp_24_2_12_cast_i_c" [ADSD/Classifier.cpp:71->ADSD/Classifier.cpp:133]   --->   Operation 1685 'add' 'tmp186' <Predicate = (!exitcond4_i)> <Delay = 2.49> <Core = "AddSub">   --->   Core 14 'AddSub' <Latency = 0> <II = 1> <Delay = 2.55> <FuncUnit> <Opcode : 'add' 'sub'> <InPorts = 2> <OutPorts = 1>
ST_5 : Operation 1686 [1/1] (0.00ns)   --->   "%tmp186_cast = sext i31 %tmp186 to i32" [ADSD/Classifier.cpp:71->ADSD/Classifier.cpp:133]   --->   Operation 1686 'sext' 'tmp186_cast' <Predicate = (!exitcond4_i)> <Delay = 0.00>
ST_5 : Operation 1687 [1/1] (2.52ns)   --->   "%tmp184 = add i32 %tmp185_cast, %tmp186_cast" [ADSD/Classifier.cpp:71->ADSD/Classifier.cpp:133]   --->   Operation 1687 'add' 'tmp184' <Predicate = (!exitcond4_i)> <Delay = 2.52> <Core = "AddSub">   --->   Core 14 'AddSub' <Latency = 0> <II = 1> <Delay = 2.55> <FuncUnit> <Opcode : 'add' 'sub'> <InPorts = 2> <OutPorts = 1>
ST_5 : Operation 1688 [1/1] (2.49ns)   --->   "%tmp188 = add i31 %tmp_24_5_12_cast_i_c, %tmp_24_4_12_cast_i_c" [ADSD/Classifier.cpp:71->ADSD/Classifier.cpp:133]   --->   Operation 1688 'add' 'tmp188' <Predicate = (!exitcond4_i)> <Delay = 2.49> <Core = "AddSub">   --->   Core 14 'AddSub' <Latency = 0> <II = 1> <Delay = 2.55> <FuncUnit> <Opcode : 'add' 'sub'> <InPorts = 2> <OutPorts = 1>
ST_5 : Operation 1689 [1/1] (2.49ns)   --->   "%tmp189 = add i31 %tmp_24_7_12_cast_i_c, %tmp_24_6_12_cast_i_c" [ADSD/Classifier.cpp:71->ADSD/Classifier.cpp:133]   --->   Operation 1689 'add' 'tmp189' <Predicate = (!exitcond4_i)> <Delay = 2.49> <Core = "AddSub">   --->   Core 14 'AddSub' <Latency = 0> <II = 1> <Delay = 2.55> <FuncUnit> <Opcode : 'add' 'sub'> <InPorts = 2> <OutPorts = 1>
ST_5 : Operation 1690 [1/1] (2.49ns)   --->   "%tmp192 = add i31 %tmp_24_9_12_cast_i_c, %tmp_24_8_12_cast_i_c" [ADSD/Classifier.cpp:71->ADSD/Classifier.cpp:133]   --->   Operation 1690 'add' 'tmp192' <Predicate = (!exitcond4_i)> <Delay = 2.49> <Core = "AddSub">   --->   Core 14 'AddSub' <Latency = 0> <II = 1> <Delay = 2.55> <FuncUnit> <Opcode : 'add' 'sub'> <InPorts = 2> <OutPorts = 1>
ST_5 : Operation 1691 [1/1] (0.00ns)   --->   "%tmp192_cast = sext i31 %tmp192 to i32" [ADSD/Classifier.cpp:71->ADSD/Classifier.cpp:133]   --->   Operation 1691 'sext' 'tmp192_cast' <Predicate = (!exitcond4_i)> <Delay = 0.00>
ST_5 : Operation 1692 [1/1] (2.49ns)   --->   "%tmp193 = add i31 %tmp_24_11_12_cast_i_s, %tmp_24_10_12_cast_i_s" [ADSD/Classifier.cpp:71->ADSD/Classifier.cpp:133]   --->   Operation 1692 'add' 'tmp193' <Predicate = (!exitcond4_i)> <Delay = 2.49> <Core = "AddSub">   --->   Core 14 'AddSub' <Latency = 0> <II = 1> <Delay = 2.55> <FuncUnit> <Opcode : 'add' 'sub'> <InPorts = 2> <OutPorts = 1>
ST_5 : Operation 1693 [1/1] (0.00ns)   --->   "%tmp193_cast = sext i31 %tmp193 to i32" [ADSD/Classifier.cpp:71->ADSD/Classifier.cpp:133]   --->   Operation 1693 'sext' 'tmp193_cast' <Predicate = (!exitcond4_i)> <Delay = 0.00>
ST_5 : Operation 1694 [1/1] (2.52ns)   --->   "%tmp191 = add i32 %tmp192_cast, %tmp193_cast" [ADSD/Classifier.cpp:71->ADSD/Classifier.cpp:133]   --->   Operation 1694 'add' 'tmp191' <Predicate = (!exitcond4_i)> <Delay = 2.52> <Core = "AddSub">   --->   Core 14 'AddSub' <Latency = 0> <II = 1> <Delay = 2.55> <FuncUnit> <Opcode : 'add' 'sub'> <InPorts = 2> <OutPorts = 1>
ST_5 : Operation 1695 [1/1] (2.49ns)   --->   "%tmp195 = add i31 %tmp_24_13_12_cast_i_s, %tmp_24_12_12_cast_i_s" [ADSD/Classifier.cpp:71->ADSD/Classifier.cpp:133]   --->   Operation 1695 'add' 'tmp195' <Predicate = (!exitcond4_i)> <Delay = 2.49> <Core = "AddSub">   --->   Core 14 'AddSub' <Latency = 0> <II = 1> <Delay = 2.55> <FuncUnit> <Opcode : 'add' 'sub'> <InPorts = 2> <OutPorts = 1>
ST_5 : Operation 1696 [1/1] (2.49ns)   --->   "%tmp196 = add i31 %tmp_24_15_12_cast_i_s, %tmp_24_14_12_cast_i_s" [ADSD/Classifier.cpp:71->ADSD/Classifier.cpp:133]   --->   Operation 1696 'add' 'tmp196' <Predicate = (!exitcond4_i)> <Delay = 2.49> <Core = "AddSub">   --->   Core 14 'AddSub' <Latency = 0> <II = 1> <Delay = 2.55> <FuncUnit> <Opcode : 'add' 'sub'> <InPorts = 2> <OutPorts = 1>
ST_5 : Operation 1697 [1/1] (0.00ns)   --->   "%OP1_V_15_13_i = sext i6 %tmp_270 to i16" [ADSD/Classifier.cpp:70->ADSD/Classifier.cpp:133]   --->   Operation 1697 'sext' 'OP1_V_15_13_i' <Predicate = (!exitcond4_i)> <Delay = 0.00>
ST_5 : Operation 1698 [1/1] (4.17ns)   --->   "%r_V_15_13_i = mul i16 %OP2_V_15_i, %OP1_V_15_13_i" [ADSD/Classifier.cpp:70->ADSD/Classifier.cpp:133]   --->   Operation 1698 'mul' 'r_V_15_13_i' <Predicate = (!exitcond4_i)> <Delay = 4.17> <Core = "Mul">   --->   Core 16 'Mul' <Latency = 0> <II = 1> <Delay = 3.74> <FuncUnit> <Opcode : 'mul'> <InPorts = 2> <OutPorts = 1>
ST_5 : Operation 1699 [1/1] (0.00ns)   --->   "%tmp_24_15_13_i = call i30 @_ssdm_op_BitConcatenate.i30.i16.i14(i16 %r_V_15_13_i, i14 0)" [ADSD/Classifier.cpp:71->ADSD/Classifier.cpp:133]   --->   Operation 1699 'bitconcatenate' 'tmp_24_15_13_i' <Predicate = (!exitcond4_i)> <Delay = 0.00>
ST_5 : Operation 1700 [1/1] (0.00ns)   --->   "%tmp_24_15_13_cast_i_s = sext i30 %tmp_24_15_13_i to i31" [ADSD/Classifier.cpp:71->ADSD/Classifier.cpp:133]   --->   Operation 1700 'sext' 'tmp_24_15_13_cast_i_s' <Predicate = (!exitcond4_i)> <Delay = 0.00>
ST_5 : Operation 1701 [1/1] (2.49ns)   --->   "%tmp199 = add i31 %tmp_24_1_13_cast_i_c, %tmp_24_0_13_cast_i_c" [ADSD/Classifier.cpp:71->ADSD/Classifier.cpp:133]   --->   Operation 1701 'add' 'tmp199' <Predicate = (!exitcond4_i)> <Delay = 2.49> <Core = "AddSub">   --->   Core 14 'AddSub' <Latency = 0> <II = 1> <Delay = 2.55> <FuncUnit> <Opcode : 'add' 'sub'> <InPorts = 2> <OutPorts = 1>
ST_5 : Operation 1702 [1/1] (0.00ns)   --->   "%tmp199_cast = sext i31 %tmp199 to i32" [ADSD/Classifier.cpp:71->ADSD/Classifier.cpp:133]   --->   Operation 1702 'sext' 'tmp199_cast' <Predicate = (!exitcond4_i)> <Delay = 0.00>
ST_5 : Operation 1703 [1/1] (2.49ns)   --->   "%tmp200 = add i31 %tmp_24_3_13_cast_i_c, %tmp_24_2_13_cast_i_c" [ADSD/Classifier.cpp:71->ADSD/Classifier.cpp:133]   --->   Operation 1703 'add' 'tmp200' <Predicate = (!exitcond4_i)> <Delay = 2.49> <Core = "AddSub">   --->   Core 14 'AddSub' <Latency = 0> <II = 1> <Delay = 2.55> <FuncUnit> <Opcode : 'add' 'sub'> <InPorts = 2> <OutPorts = 1>
ST_5 : Operation 1704 [1/1] (0.00ns)   --->   "%tmp200_cast = sext i31 %tmp200 to i32" [ADSD/Classifier.cpp:71->ADSD/Classifier.cpp:133]   --->   Operation 1704 'sext' 'tmp200_cast' <Predicate = (!exitcond4_i)> <Delay = 0.00>
ST_5 : Operation 1705 [1/1] (2.52ns)   --->   "%tmp198 = add i32 %tmp199_cast, %tmp200_cast" [ADSD/Classifier.cpp:71->ADSD/Classifier.cpp:133]   --->   Operation 1705 'add' 'tmp198' <Predicate = (!exitcond4_i)> <Delay = 2.52> <Core = "AddSub">   --->   Core 14 'AddSub' <Latency = 0> <II = 1> <Delay = 2.55> <FuncUnit> <Opcode : 'add' 'sub'> <InPorts = 2> <OutPorts = 1>
ST_5 : Operation 1706 [1/1] (2.49ns)   --->   "%tmp202 = add i31 %tmp_24_5_13_cast_i_c, %tmp_24_4_13_cast_i_c" [ADSD/Classifier.cpp:71->ADSD/Classifier.cpp:133]   --->   Operation 1706 'add' 'tmp202' <Predicate = (!exitcond4_i)> <Delay = 2.49> <Core = "AddSub">   --->   Core 14 'AddSub' <Latency = 0> <II = 1> <Delay = 2.55> <FuncUnit> <Opcode : 'add' 'sub'> <InPorts = 2> <OutPorts = 1>
ST_5 : Operation 1707 [1/1] (2.49ns)   --->   "%tmp203 = add i31 %tmp_24_7_13_cast_i_c, %tmp_24_6_13_cast_i_c" [ADSD/Classifier.cpp:71->ADSD/Classifier.cpp:133]   --->   Operation 1707 'add' 'tmp203' <Predicate = (!exitcond4_i)> <Delay = 2.49> <Core = "AddSub">   --->   Core 14 'AddSub' <Latency = 0> <II = 1> <Delay = 2.55> <FuncUnit> <Opcode : 'add' 'sub'> <InPorts = 2> <OutPorts = 1>
ST_5 : Operation 1708 [1/1] (2.49ns)   --->   "%tmp206 = add i31 %tmp_24_9_13_cast_i_c, %tmp_24_8_13_cast_i_c" [ADSD/Classifier.cpp:71->ADSD/Classifier.cpp:133]   --->   Operation 1708 'add' 'tmp206' <Predicate = (!exitcond4_i)> <Delay = 2.49> <Core = "AddSub">   --->   Core 14 'AddSub' <Latency = 0> <II = 1> <Delay = 2.55> <FuncUnit> <Opcode : 'add' 'sub'> <InPorts = 2> <OutPorts = 1>
ST_5 : Operation 1709 [1/1] (0.00ns)   --->   "%tmp206_cast = sext i31 %tmp206 to i32" [ADSD/Classifier.cpp:71->ADSD/Classifier.cpp:133]   --->   Operation 1709 'sext' 'tmp206_cast' <Predicate = (!exitcond4_i)> <Delay = 0.00>
ST_5 : Operation 1710 [1/1] (2.49ns)   --->   "%tmp207 = add i31 %tmp_24_11_13_cast_i_s, %tmp_24_10_13_cast_i_s" [ADSD/Classifier.cpp:71->ADSD/Classifier.cpp:133]   --->   Operation 1710 'add' 'tmp207' <Predicate = (!exitcond4_i)> <Delay = 2.49> <Core = "AddSub">   --->   Core 14 'AddSub' <Latency = 0> <II = 1> <Delay = 2.55> <FuncUnit> <Opcode : 'add' 'sub'> <InPorts = 2> <OutPorts = 1>
ST_5 : Operation 1711 [1/1] (0.00ns)   --->   "%tmp207_cast = sext i31 %tmp207 to i32" [ADSD/Classifier.cpp:71->ADSD/Classifier.cpp:133]   --->   Operation 1711 'sext' 'tmp207_cast' <Predicate = (!exitcond4_i)> <Delay = 0.00>
ST_5 : Operation 1712 [1/1] (2.52ns)   --->   "%tmp205 = add i32 %tmp206_cast, %tmp207_cast" [ADSD/Classifier.cpp:71->ADSD/Classifier.cpp:133]   --->   Operation 1712 'add' 'tmp205' <Predicate = (!exitcond4_i)> <Delay = 2.52> <Core = "AddSub">   --->   Core 14 'AddSub' <Latency = 0> <II = 1> <Delay = 2.55> <FuncUnit> <Opcode : 'add' 'sub'> <InPorts = 2> <OutPorts = 1>
ST_5 : Operation 1713 [1/1] (2.49ns)   --->   "%tmp209 = add i31 %tmp_24_13_13_cast_i_s, %tmp_24_12_13_cast_i_s" [ADSD/Classifier.cpp:71->ADSD/Classifier.cpp:133]   --->   Operation 1713 'add' 'tmp209' <Predicate = (!exitcond4_i)> <Delay = 2.49> <Core = "AddSub">   --->   Core 14 'AddSub' <Latency = 0> <II = 1> <Delay = 2.55> <FuncUnit> <Opcode : 'add' 'sub'> <InPorts = 2> <OutPorts = 1>
ST_5 : Operation 1714 [1/1] (2.49ns)   --->   "%tmp210 = add i31 %tmp_24_15_13_cast_i_s, %tmp_24_14_13_cast_i_s" [ADSD/Classifier.cpp:71->ADSD/Classifier.cpp:133]   --->   Operation 1714 'add' 'tmp210' <Predicate = (!exitcond4_i)> <Delay = 2.49> <Core = "AddSub">   --->   Core 14 'AddSub' <Latency = 0> <II = 1> <Delay = 2.55> <FuncUnit> <Opcode : 'add' 'sub'> <InPorts = 2> <OutPorts = 1>
ST_5 : Operation 1715 [1/1] (0.00ns)   --->   "%OP1_V_15_14_i = sext i8 %tmp_323_i to i16" [ADSD/Classifier.cpp:70->ADSD/Classifier.cpp:133]   --->   Operation 1715 'sext' 'OP1_V_15_14_i' <Predicate = (!exitcond4_i)> <Delay = 0.00>
ST_5 : Operation 1716 [1/1] (4.17ns)   --->   "%r_V_15_14_i = mul i16 %OP2_V_15_i, %OP1_V_15_14_i" [ADSD/Classifier.cpp:70->ADSD/Classifier.cpp:133]   --->   Operation 1716 'mul' 'r_V_15_14_i' <Predicate = (!exitcond4_i)> <Delay = 4.17> <Core = "Mul">   --->   Core 16 'Mul' <Latency = 0> <II = 1> <Delay = 3.74> <FuncUnit> <Opcode : 'mul'> <InPorts = 2> <OutPorts = 1>
ST_5 : Operation 1717 [1/1] (0.00ns)   --->   "%tmp_24_15_14_i = call i30 @_ssdm_op_BitConcatenate.i30.i16.i14(i16 %r_V_15_14_i, i14 0)" [ADSD/Classifier.cpp:71->ADSD/Classifier.cpp:133]   --->   Operation 1717 'bitconcatenate' 'tmp_24_15_14_i' <Predicate = (!exitcond4_i)> <Delay = 0.00>
ST_5 : Operation 1718 [1/1] (0.00ns)   --->   "%tmp_24_15_14_cast_i_s = sext i30 %tmp_24_15_14_i to i31" [ADSD/Classifier.cpp:71->ADSD/Classifier.cpp:133]   --->   Operation 1718 'sext' 'tmp_24_15_14_cast_i_s' <Predicate = (!exitcond4_i)> <Delay = 0.00>
ST_5 : Operation 1719 [1/1] (2.49ns)   --->   "%tmp213 = add i31 %tmp_24_1_14_cast_i_c, %tmp_24_0_14_cast_i_c" [ADSD/Classifier.cpp:71->ADSD/Classifier.cpp:133]   --->   Operation 1719 'add' 'tmp213' <Predicate = (!exitcond4_i)> <Delay = 2.49> <Core = "AddSub">   --->   Core 14 'AddSub' <Latency = 0> <II = 1> <Delay = 2.55> <FuncUnit> <Opcode : 'add' 'sub'> <InPorts = 2> <OutPorts = 1>
ST_5 : Operation 1720 [1/1] (0.00ns)   --->   "%tmp213_cast = sext i31 %tmp213 to i32" [ADSD/Classifier.cpp:71->ADSD/Classifier.cpp:133]   --->   Operation 1720 'sext' 'tmp213_cast' <Predicate = (!exitcond4_i)> <Delay = 0.00>
ST_5 : Operation 1721 [1/1] (2.49ns)   --->   "%tmp214 = add i31 %tmp_24_3_14_cast_i_c, %tmp_24_2_14_cast_i_c" [ADSD/Classifier.cpp:71->ADSD/Classifier.cpp:133]   --->   Operation 1721 'add' 'tmp214' <Predicate = (!exitcond4_i)> <Delay = 2.49> <Core = "AddSub">   --->   Core 14 'AddSub' <Latency = 0> <II = 1> <Delay = 2.55> <FuncUnit> <Opcode : 'add' 'sub'> <InPorts = 2> <OutPorts = 1>
ST_5 : Operation 1722 [1/1] (0.00ns)   --->   "%tmp214_cast = sext i31 %tmp214 to i32" [ADSD/Classifier.cpp:71->ADSD/Classifier.cpp:133]   --->   Operation 1722 'sext' 'tmp214_cast' <Predicate = (!exitcond4_i)> <Delay = 0.00>
ST_5 : Operation 1723 [1/1] (2.52ns)   --->   "%tmp212 = add i32 %tmp213_cast, %tmp214_cast" [ADSD/Classifier.cpp:71->ADSD/Classifier.cpp:133]   --->   Operation 1723 'add' 'tmp212' <Predicate = (!exitcond4_i)> <Delay = 2.52> <Core = "AddSub">   --->   Core 14 'AddSub' <Latency = 0> <II = 1> <Delay = 2.55> <FuncUnit> <Opcode : 'add' 'sub'> <InPorts = 2> <OutPorts = 1>
ST_5 : Operation 1724 [1/1] (2.49ns)   --->   "%tmp216 = add i31 %tmp_24_5_14_cast_i_c, %tmp_24_4_14_cast_i_c" [ADSD/Classifier.cpp:71->ADSD/Classifier.cpp:133]   --->   Operation 1724 'add' 'tmp216' <Predicate = (!exitcond4_i)> <Delay = 2.49> <Core = "AddSub">   --->   Core 14 'AddSub' <Latency = 0> <II = 1> <Delay = 2.55> <FuncUnit> <Opcode : 'add' 'sub'> <InPorts = 2> <OutPorts = 1>
ST_5 : Operation 1725 [1/1] (2.49ns)   --->   "%tmp217 = add i31 %tmp_24_7_14_cast_i_c, %tmp_24_6_14_cast_i_c" [ADSD/Classifier.cpp:71->ADSD/Classifier.cpp:133]   --->   Operation 1725 'add' 'tmp217' <Predicate = (!exitcond4_i)> <Delay = 2.49> <Core = "AddSub">   --->   Core 14 'AddSub' <Latency = 0> <II = 1> <Delay = 2.55> <FuncUnit> <Opcode : 'add' 'sub'> <InPorts = 2> <OutPorts = 1>
ST_5 : Operation 1726 [1/1] (2.49ns)   --->   "%tmp220 = add i31 %tmp_24_9_14_cast_i_c, %tmp_24_8_14_cast_i_c" [ADSD/Classifier.cpp:71->ADSD/Classifier.cpp:133]   --->   Operation 1726 'add' 'tmp220' <Predicate = (!exitcond4_i)> <Delay = 2.49> <Core = "AddSub">   --->   Core 14 'AddSub' <Latency = 0> <II = 1> <Delay = 2.55> <FuncUnit> <Opcode : 'add' 'sub'> <InPorts = 2> <OutPorts = 1>
ST_5 : Operation 1727 [1/1] (0.00ns)   --->   "%tmp220_cast = sext i31 %tmp220 to i32" [ADSD/Classifier.cpp:71->ADSD/Classifier.cpp:133]   --->   Operation 1727 'sext' 'tmp220_cast' <Predicate = (!exitcond4_i)> <Delay = 0.00>
ST_5 : Operation 1728 [1/1] (2.49ns)   --->   "%tmp221 = add i31 %tmp_24_11_14_cast_i_s, %tmp_24_10_14_cast_i_s" [ADSD/Classifier.cpp:71->ADSD/Classifier.cpp:133]   --->   Operation 1728 'add' 'tmp221' <Predicate = (!exitcond4_i)> <Delay = 2.49> <Core = "AddSub">   --->   Core 14 'AddSub' <Latency = 0> <II = 1> <Delay = 2.55> <FuncUnit> <Opcode : 'add' 'sub'> <InPorts = 2> <OutPorts = 1>
ST_5 : Operation 1729 [1/1] (0.00ns)   --->   "%tmp221_cast = sext i31 %tmp221 to i32" [ADSD/Classifier.cpp:71->ADSD/Classifier.cpp:133]   --->   Operation 1729 'sext' 'tmp221_cast' <Predicate = (!exitcond4_i)> <Delay = 0.00>
ST_5 : Operation 1730 [1/1] (2.52ns)   --->   "%tmp219 = add i32 %tmp220_cast, %tmp221_cast" [ADSD/Classifier.cpp:71->ADSD/Classifier.cpp:133]   --->   Operation 1730 'add' 'tmp219' <Predicate = (!exitcond4_i)> <Delay = 2.52> <Core = "AddSub">   --->   Core 14 'AddSub' <Latency = 0> <II = 1> <Delay = 2.55> <FuncUnit> <Opcode : 'add' 'sub'> <InPorts = 2> <OutPorts = 1>
ST_5 : Operation 1731 [1/1] (2.49ns)   --->   "%tmp223 = add i31 %tmp_24_13_14_cast_i_s, %tmp_24_12_14_cast_i_s" [ADSD/Classifier.cpp:71->ADSD/Classifier.cpp:133]   --->   Operation 1731 'add' 'tmp223' <Predicate = (!exitcond4_i)> <Delay = 2.49> <Core = "AddSub">   --->   Core 14 'AddSub' <Latency = 0> <II = 1> <Delay = 2.55> <FuncUnit> <Opcode : 'add' 'sub'> <InPorts = 2> <OutPorts = 1>
ST_5 : Operation 1732 [1/1] (2.49ns)   --->   "%tmp224 = add i31 %tmp_24_15_14_cast_i_s, %tmp_24_14_14_cast_i_s" [ADSD/Classifier.cpp:71->ADSD/Classifier.cpp:133]   --->   Operation 1732 'add' 'tmp224' <Predicate = (!exitcond4_i)> <Delay = 2.49> <Core = "AddSub">   --->   Core 14 'AddSub' <Latency = 0> <II = 1> <Delay = 2.55> <FuncUnit> <Opcode : 'add' 'sub'> <InPorts = 2> <OutPorts = 1>

State 6 <SV = 5> <Delay = 8.74>
ST_6 : Operation 1733 [1/1] (0.00ns)   --->   "call void (...)* @_ssdm_op_SpecLoopName([16 x i8]* @p_str1142) nounwind" [ADSD/Classifier.cpp:62->ADSD/Classifier.cpp:133]   --->   Operation 1733 'specloopname' <Predicate = (!exitcond4_i)> <Delay = 0.00>
ST_6 : Operation 1734 [1/1] (0.00ns)   --->   "%tmp_3_i = call i32 (...)* @_ssdm_op_SpecRegionBegin([16 x i8]* @p_str1142)" [ADSD/Classifier.cpp:62->ADSD/Classifier.cpp:133]   --->   Operation 1734 'specregionbegin' 'tmp_3_i' <Predicate = (!exitcond4_i)> <Delay = 0.00>
ST_6 : Operation 1735 [1/1] (0.00ns)   --->   "call void (...)* @_ssdm_op_SpecPipeline(i32 1, i32 1, i32 1, i32 0, [1 x i8]* @p_str35) nounwind" [ADSD/Classifier.cpp:63->ADSD/Classifier.cpp:133]   --->   Operation 1735 'specpipeline' <Predicate = (!exitcond4_i)> <Delay = 0.00>
ST_6 : Operation 1736 [1/1] (0.00ns)   --->   "%empty_40 = call i32 (...)* @_ssdm_op_SpecRegionEnd([16 x i8]* @p_str1142, i32 %tmp_3_i)" [ADSD/Classifier.cpp:73->ADSD/Classifier.cpp:133]   --->   Operation 1736 'specregionend' 'empty_40' <Predicate = (!exitcond4_i)> <Delay = 0.00>
ST_6 : Operation 1737 [1/1] (0.00ns)   --->   "%tmp6_cast = sext i31 %tmp6 to i32" [ADSD/Classifier.cpp:71->ADSD/Classifier.cpp:133]   --->   Operation 1737 'sext' 'tmp6_cast' <Predicate = (!exitcond4_i)> <Delay = 0.00>
ST_6 : Operation 1738 [1/1] (0.00ns)   --->   "%tmp7_cast = sext i31 %tmp7 to i32" [ADSD/Classifier.cpp:71->ADSD/Classifier.cpp:133]   --->   Operation 1738 'sext' 'tmp7_cast' <Predicate = (!exitcond4_i)> <Delay = 0.00>
ST_6 : Operation 1739 [1/1] (0.00ns) (grouped into TernaryAdder)   --->   "%tmp5 = add i32 %tmp6_cast, %tmp7_cast" [ADSD/Classifier.cpp:71->ADSD/Classifier.cpp:133]   --->   Operation 1739 'add' 'tmp5' <Predicate = (!exitcond4_i)> <Delay = 0.00> <Core = "TAddSub">   --->   Core 80 'TAddSub' <Latency = 0> <II = 1> <Delay = 2.18> <IPBlock> <Opcode : 'add' 'sub'> <InPorts = 3> <OutPorts = 1> <Sync> <CReg>
ST_6 : Operation 1740 [1/1] (4.37ns) (root node of TernaryAdder)   --->   "%tmp = add i32 %tmp2, %tmp5" [ADSD/Classifier.cpp:71->ADSD/Classifier.cpp:133]   --->   Operation 1740 'add' 'tmp' <Predicate = (!exitcond4_i)> <Delay = 4.37> <Core = "TAddSub">   --->   Core 80 'TAddSub' <Latency = 0> <II = 1> <Delay = 2.18> <IPBlock> <Opcode : 'add' 'sub'> <InPorts = 3> <OutPorts = 1> <Sync> <CReg>
ST_6 : Operation 1741 [1/1] (0.00ns)   --->   "%tmp13_cast = sext i31 %tmp13 to i32" [ADSD/Classifier.cpp:71->ADSD/Classifier.cpp:133]   --->   Operation 1741 'sext' 'tmp13_cast' <Predicate = (!exitcond4_i)> <Delay = 0.00>
ST_6 : Operation 1742 [1/1] (0.00ns)   --->   "%tmp14_cast = sext i31 %tmp14 to i32" [ADSD/Classifier.cpp:71->ADSD/Classifier.cpp:133]   --->   Operation 1742 'sext' 'tmp14_cast' <Predicate = (!exitcond4_i)> <Delay = 0.00>
ST_6 : Operation 1743 [1/1] (0.00ns) (grouped into TernaryAdder)   --->   "%tmp12 = add i32 %tmp13_cast, %tmp14_cast" [ADSD/Classifier.cpp:71->ADSD/Classifier.cpp:133]   --->   Operation 1743 'add' 'tmp12' <Predicate = (!exitcond4_i)> <Delay = 0.00> <Core = "TAddSub">   --->   Core 80 'TAddSub' <Latency = 0> <II = 1> <Delay = 2.18> <IPBlock> <Opcode : 'add' 'sub'> <InPorts = 3> <OutPorts = 1> <Sync> <CReg>
ST_6 : Operation 1744 [1/1] (4.37ns) (root node of TernaryAdder)   --->   "%tmp8 = add i32 %tmp9, %tmp12" [ADSD/Classifier.cpp:71->ADSD/Classifier.cpp:133]   --->   Operation 1744 'add' 'tmp8' <Predicate = (!exitcond4_i)> <Delay = 4.37> <Core = "TAddSub">   --->   Core 80 'TAddSub' <Latency = 0> <II = 1> <Delay = 2.18> <IPBlock> <Opcode : 'add' 'sub'> <InPorts = 3> <OutPorts = 1> <Sync> <CReg>
ST_6 : Operation 1745 [1/1] (0.00ns) (grouped into TernaryAdder)   --->   "%tmp_s = add i32 %tmp, %tmp8" [ADSD/Classifier.cpp:71->ADSD/Classifier.cpp:133]   --->   Operation 1745 'add' 'tmp_s' <Predicate = (!exitcond4_i)> <Delay = 0.00> <Core = "TAddSub">   --->   Core 80 'TAddSub' <Latency = 0> <II = 1> <Delay = 2.18> <IPBlock> <Opcode : 'add' 'sub'> <InPorts = 3> <OutPorts = 1> <Sync> <CReg>
ST_6 : Operation 1746 [1/1] (4.37ns) (root node of TernaryAdder)   --->   "%dot_products_0_V_1 = add i32 %tmp_s, %dot_products_0_V" [ADSD/Classifier.cpp:71->ADSD/Classifier.cpp:133]   --->   Operation 1746 'add' 'dot_products_0_V_1' <Predicate = (!exitcond4_i)> <Delay = 4.37> <Core = "TAddSub">   --->   Core 80 'TAddSub' <Latency = 0> <II = 1> <Delay = 2.18> <IPBlock> <Opcode : 'add' 'sub'> <InPorts = 3> <OutPorts = 1> <Sync> <CReg>
ST_6 : Operation 1747 [1/1] (0.00ns)   --->   "%tmp20_cast = sext i31 %tmp20 to i32" [ADSD/Classifier.cpp:71->ADSD/Classifier.cpp:133]   --->   Operation 1747 'sext' 'tmp20_cast' <Predicate = (!exitcond4_i)> <Delay = 0.00>
ST_6 : Operation 1748 [1/1] (0.00ns)   --->   "%tmp21_cast = sext i31 %tmp21 to i32" [ADSD/Classifier.cpp:71->ADSD/Classifier.cpp:133]   --->   Operation 1748 'sext' 'tmp21_cast' <Predicate = (!exitcond4_i)> <Delay = 0.00>
ST_6 : Operation 1749 [1/1] (0.00ns) (grouped into TernaryAdder)   --->   "%tmp19 = add i32 %tmp20_cast, %tmp21_cast" [ADSD/Classifier.cpp:71->ADSD/Classifier.cpp:133]   --->   Operation 1749 'add' 'tmp19' <Predicate = (!exitcond4_i)> <Delay = 0.00> <Core = "TAddSub">   --->   Core 80 'TAddSub' <Latency = 0> <II = 1> <Delay = 2.18> <IPBlock> <Opcode : 'add' 'sub'> <InPorts = 3> <OutPorts = 1> <Sync> <CReg>
ST_6 : Operation 1750 [1/1] (4.37ns) (root node of TernaryAdder)   --->   "%tmp15 = add i32 %tmp16, %tmp19" [ADSD/Classifier.cpp:71->ADSD/Classifier.cpp:133]   --->   Operation 1750 'add' 'tmp15' <Predicate = (!exitcond4_i)> <Delay = 4.37> <Core = "TAddSub">   --->   Core 80 'TAddSub' <Latency = 0> <II = 1> <Delay = 2.18> <IPBlock> <Opcode : 'add' 'sub'> <InPorts = 3> <OutPorts = 1> <Sync> <CReg>
ST_6 : Operation 1751 [1/1] (0.00ns)   --->   "%tmp27_cast = sext i31 %tmp27 to i32" [ADSD/Classifier.cpp:71->ADSD/Classifier.cpp:133]   --->   Operation 1751 'sext' 'tmp27_cast' <Predicate = (!exitcond4_i)> <Delay = 0.00>
ST_6 : Operation 1752 [1/1] (0.00ns)   --->   "%tmp28_cast = sext i31 %tmp28 to i32" [ADSD/Classifier.cpp:71->ADSD/Classifier.cpp:133]   --->   Operation 1752 'sext' 'tmp28_cast' <Predicate = (!exitcond4_i)> <Delay = 0.00>
ST_6 : Operation 1753 [1/1] (0.00ns) (grouped into TernaryAdder)   --->   "%tmp26 = add i32 %tmp27_cast, %tmp28_cast" [ADSD/Classifier.cpp:71->ADSD/Classifier.cpp:133]   --->   Operation 1753 'add' 'tmp26' <Predicate = (!exitcond4_i)> <Delay = 0.00> <Core = "TAddSub">   --->   Core 80 'TAddSub' <Latency = 0> <II = 1> <Delay = 2.18> <IPBlock> <Opcode : 'add' 'sub'> <InPorts = 3> <OutPorts = 1> <Sync> <CReg>
ST_6 : Operation 1754 [1/1] (4.37ns) (root node of TernaryAdder)   --->   "%tmp22 = add i32 %tmp23, %tmp26" [ADSD/Classifier.cpp:71->ADSD/Classifier.cpp:133]   --->   Operation 1754 'add' 'tmp22' <Predicate = (!exitcond4_i)> <Delay = 4.37> <Core = "TAddSub">   --->   Core 80 'TAddSub' <Latency = 0> <II = 1> <Delay = 2.18> <IPBlock> <Opcode : 'add' 'sub'> <InPorts = 3> <OutPorts = 1> <Sync> <CReg>
ST_6 : Operation 1755 [1/1] (0.00ns) (grouped into TernaryAdder)   --->   "%tmp_2 = add i32 %tmp15, %tmp22" [ADSD/Classifier.cpp:71->ADSD/Classifier.cpp:133]   --->   Operation 1755 'add' 'tmp_2' <Predicate = (!exitcond4_i)> <Delay = 0.00> <Core = "TAddSub">   --->   Core 80 'TAddSub' <Latency = 0> <II = 1> <Delay = 2.18> <IPBlock> <Opcode : 'add' 'sub'> <InPorts = 3> <OutPorts = 1> <Sync> <CReg>
ST_6 : Operation 1756 [1/1] (4.37ns) (root node of TernaryAdder)   --->   "%dot_products_1_V_1 = add i32 %tmp_2, %dot_products_1_V" [ADSD/Classifier.cpp:71->ADSD/Classifier.cpp:133]   --->   Operation 1756 'add' 'dot_products_1_V_1' <Predicate = (!exitcond4_i)> <Delay = 4.37> <Core = "TAddSub">   --->   Core 80 'TAddSub' <Latency = 0> <II = 1> <Delay = 2.18> <IPBlock> <Opcode : 'add' 'sub'> <InPorts = 3> <OutPorts = 1> <Sync> <CReg>
ST_6 : Operation 1757 [1/1] (0.00ns)   --->   "%tmp34_cast = sext i31 %tmp34 to i32" [ADSD/Classifier.cpp:71->ADSD/Classifier.cpp:133]   --->   Operation 1757 'sext' 'tmp34_cast' <Predicate = (!exitcond4_i)> <Delay = 0.00>
ST_6 : Operation 1758 [1/1] (0.00ns)   --->   "%tmp35_cast = sext i31 %tmp35 to i32" [ADSD/Classifier.cpp:71->ADSD/Classifier.cpp:133]   --->   Operation 1758 'sext' 'tmp35_cast' <Predicate = (!exitcond4_i)> <Delay = 0.00>
ST_6 : Operation 1759 [1/1] (0.00ns) (grouped into TernaryAdder)   --->   "%tmp33 = add i32 %tmp34_cast, %tmp35_cast" [ADSD/Classifier.cpp:71->ADSD/Classifier.cpp:133]   --->   Operation 1759 'add' 'tmp33' <Predicate = (!exitcond4_i)> <Delay = 0.00> <Core = "TAddSub">   --->   Core 80 'TAddSub' <Latency = 0> <II = 1> <Delay = 2.18> <IPBlock> <Opcode : 'add' 'sub'> <InPorts = 3> <OutPorts = 1> <Sync> <CReg>
ST_6 : Operation 1760 [1/1] (4.37ns) (root node of TernaryAdder)   --->   "%tmp29 = add i32 %tmp30, %tmp33" [ADSD/Classifier.cpp:71->ADSD/Classifier.cpp:133]   --->   Operation 1760 'add' 'tmp29' <Predicate = (!exitcond4_i)> <Delay = 4.37> <Core = "TAddSub">   --->   Core 80 'TAddSub' <Latency = 0> <II = 1> <Delay = 2.18> <IPBlock> <Opcode : 'add' 'sub'> <InPorts = 3> <OutPorts = 1> <Sync> <CReg>
ST_6 : Operation 1761 [1/1] (0.00ns)   --->   "%tmp41_cast = sext i31 %tmp41 to i32" [ADSD/Classifier.cpp:71->ADSD/Classifier.cpp:133]   --->   Operation 1761 'sext' 'tmp41_cast' <Predicate = (!exitcond4_i)> <Delay = 0.00>
ST_6 : Operation 1762 [1/1] (0.00ns)   --->   "%tmp42_cast = sext i31 %tmp42 to i32" [ADSD/Classifier.cpp:71->ADSD/Classifier.cpp:133]   --->   Operation 1762 'sext' 'tmp42_cast' <Predicate = (!exitcond4_i)> <Delay = 0.00>
ST_6 : Operation 1763 [1/1] (0.00ns) (grouped into TernaryAdder)   --->   "%tmp40 = add i32 %tmp41_cast, %tmp42_cast" [ADSD/Classifier.cpp:71->ADSD/Classifier.cpp:133]   --->   Operation 1763 'add' 'tmp40' <Predicate = (!exitcond4_i)> <Delay = 0.00> <Core = "TAddSub">   --->   Core 80 'TAddSub' <Latency = 0> <II = 1> <Delay = 2.18> <IPBlock> <Opcode : 'add' 'sub'> <InPorts = 3> <OutPorts = 1> <Sync> <CReg>
ST_6 : Operation 1764 [1/1] (4.37ns) (root node of TernaryAdder)   --->   "%tmp36 = add i32 %tmp37, %tmp40" [ADSD/Classifier.cpp:71->ADSD/Classifier.cpp:133]   --->   Operation 1764 'add' 'tmp36' <Predicate = (!exitcond4_i)> <Delay = 4.37> <Core = "TAddSub">   --->   Core 80 'TAddSub' <Latency = 0> <II = 1> <Delay = 2.18> <IPBlock> <Opcode : 'add' 'sub'> <InPorts = 3> <OutPorts = 1> <Sync> <CReg>
ST_6 : Operation 1765 [1/1] (0.00ns) (grouped into TernaryAdder)   --->   "%tmp_3 = add i32 %tmp29, %tmp36" [ADSD/Classifier.cpp:71->ADSD/Classifier.cpp:133]   --->   Operation 1765 'add' 'tmp_3' <Predicate = (!exitcond4_i)> <Delay = 0.00> <Core = "TAddSub">   --->   Core 80 'TAddSub' <Latency = 0> <II = 1> <Delay = 2.18> <IPBlock> <Opcode : 'add' 'sub'> <InPorts = 3> <OutPorts = 1> <Sync> <CReg>
ST_6 : Operation 1766 [1/1] (4.37ns) (root node of TernaryAdder)   --->   "%dot_products_2_V_1 = add i32 %tmp_3, %dot_products_2_V" [ADSD/Classifier.cpp:71->ADSD/Classifier.cpp:133]   --->   Operation 1766 'add' 'dot_products_2_V_1' <Predicate = (!exitcond4_i)> <Delay = 4.37> <Core = "TAddSub">   --->   Core 80 'TAddSub' <Latency = 0> <II = 1> <Delay = 2.18> <IPBlock> <Opcode : 'add' 'sub'> <InPorts = 3> <OutPorts = 1> <Sync> <CReg>
ST_6 : Operation 1767 [1/1] (0.00ns)   --->   "%tmp48_cast = sext i31 %tmp48 to i32" [ADSD/Classifier.cpp:71->ADSD/Classifier.cpp:133]   --->   Operation 1767 'sext' 'tmp48_cast' <Predicate = (!exitcond4_i)> <Delay = 0.00>
ST_6 : Operation 1768 [1/1] (0.00ns)   --->   "%tmp49_cast = sext i31 %tmp49 to i32" [ADSD/Classifier.cpp:71->ADSD/Classifier.cpp:133]   --->   Operation 1768 'sext' 'tmp49_cast' <Predicate = (!exitcond4_i)> <Delay = 0.00>
ST_6 : Operation 1769 [1/1] (0.00ns) (grouped into TernaryAdder)   --->   "%tmp47 = add i32 %tmp48_cast, %tmp49_cast" [ADSD/Classifier.cpp:71->ADSD/Classifier.cpp:133]   --->   Operation 1769 'add' 'tmp47' <Predicate = (!exitcond4_i)> <Delay = 0.00> <Core = "TAddSub">   --->   Core 80 'TAddSub' <Latency = 0> <II = 1> <Delay = 2.18> <IPBlock> <Opcode : 'add' 'sub'> <InPorts = 3> <OutPorts = 1> <Sync> <CReg>
ST_6 : Operation 1770 [1/1] (4.37ns) (root node of TernaryAdder)   --->   "%tmp43 = add i32 %tmp44, %tmp47" [ADSD/Classifier.cpp:71->ADSD/Classifier.cpp:133]   --->   Operation 1770 'add' 'tmp43' <Predicate = (!exitcond4_i)> <Delay = 4.37> <Core = "TAddSub">   --->   Core 80 'TAddSub' <Latency = 0> <II = 1> <Delay = 2.18> <IPBlock> <Opcode : 'add' 'sub'> <InPorts = 3> <OutPorts = 1> <Sync> <CReg>
ST_6 : Operation 1771 [1/1] (0.00ns)   --->   "%tmp55_cast = sext i31 %tmp55 to i32" [ADSD/Classifier.cpp:71->ADSD/Classifier.cpp:133]   --->   Operation 1771 'sext' 'tmp55_cast' <Predicate = (!exitcond4_i)> <Delay = 0.00>
ST_6 : Operation 1772 [1/1] (0.00ns)   --->   "%tmp56_cast = sext i31 %tmp56 to i32" [ADSD/Classifier.cpp:71->ADSD/Classifier.cpp:133]   --->   Operation 1772 'sext' 'tmp56_cast' <Predicate = (!exitcond4_i)> <Delay = 0.00>
ST_6 : Operation 1773 [1/1] (0.00ns) (grouped into TernaryAdder)   --->   "%tmp54 = add i32 %tmp55_cast, %tmp56_cast" [ADSD/Classifier.cpp:71->ADSD/Classifier.cpp:133]   --->   Operation 1773 'add' 'tmp54' <Predicate = (!exitcond4_i)> <Delay = 0.00> <Core = "TAddSub">   --->   Core 80 'TAddSub' <Latency = 0> <II = 1> <Delay = 2.18> <IPBlock> <Opcode : 'add' 'sub'> <InPorts = 3> <OutPorts = 1> <Sync> <CReg>
ST_6 : Operation 1774 [1/1] (4.37ns) (root node of TernaryAdder)   --->   "%tmp50 = add i32 %tmp51, %tmp54" [ADSD/Classifier.cpp:71->ADSD/Classifier.cpp:133]   --->   Operation 1774 'add' 'tmp50' <Predicate = (!exitcond4_i)> <Delay = 4.37> <Core = "TAddSub">   --->   Core 80 'TAddSub' <Latency = 0> <II = 1> <Delay = 2.18> <IPBlock> <Opcode : 'add' 'sub'> <InPorts = 3> <OutPorts = 1> <Sync> <CReg>
ST_6 : Operation 1775 [1/1] (0.00ns) (grouped into TernaryAdder)   --->   "%tmp_4 = add i32 %tmp43, %tmp50" [ADSD/Classifier.cpp:71->ADSD/Classifier.cpp:133]   --->   Operation 1775 'add' 'tmp_4' <Predicate = (!exitcond4_i)> <Delay = 0.00> <Core = "TAddSub">   --->   Core 80 'TAddSub' <Latency = 0> <II = 1> <Delay = 2.18> <IPBlock> <Opcode : 'add' 'sub'> <InPorts = 3> <OutPorts = 1> <Sync> <CReg>
ST_6 : Operation 1776 [1/1] (4.37ns) (root node of TernaryAdder)   --->   "%dot_products_3_V_1 = add i32 %tmp_4, %dot_products_3_V" [ADSD/Classifier.cpp:71->ADSD/Classifier.cpp:133]   --->   Operation 1776 'add' 'dot_products_3_V_1' <Predicate = (!exitcond4_i)> <Delay = 4.37> <Core = "TAddSub">   --->   Core 80 'TAddSub' <Latency = 0> <II = 1> <Delay = 2.18> <IPBlock> <Opcode : 'add' 'sub'> <InPorts = 3> <OutPorts = 1> <Sync> <CReg>
ST_6 : Operation 1777 [1/1] (0.00ns)   --->   "%tmp62_cast = sext i31 %tmp62 to i32" [ADSD/Classifier.cpp:71->ADSD/Classifier.cpp:133]   --->   Operation 1777 'sext' 'tmp62_cast' <Predicate = (!exitcond4_i)> <Delay = 0.00>
ST_6 : Operation 1778 [1/1] (0.00ns)   --->   "%tmp63_cast = sext i31 %tmp63 to i32" [ADSD/Classifier.cpp:71->ADSD/Classifier.cpp:133]   --->   Operation 1778 'sext' 'tmp63_cast' <Predicate = (!exitcond4_i)> <Delay = 0.00>
ST_6 : Operation 1779 [1/1] (0.00ns) (grouped into TernaryAdder)   --->   "%tmp61 = add i32 %tmp62_cast, %tmp63_cast" [ADSD/Classifier.cpp:71->ADSD/Classifier.cpp:133]   --->   Operation 1779 'add' 'tmp61' <Predicate = (!exitcond4_i)> <Delay = 0.00> <Core = "TAddSub">   --->   Core 80 'TAddSub' <Latency = 0> <II = 1> <Delay = 2.18> <IPBlock> <Opcode : 'add' 'sub'> <InPorts = 3> <OutPorts = 1> <Sync> <CReg>
ST_6 : Operation 1780 [1/1] (4.37ns) (root node of TernaryAdder)   --->   "%tmp57 = add i32 %tmp58, %tmp61" [ADSD/Classifier.cpp:71->ADSD/Classifier.cpp:133]   --->   Operation 1780 'add' 'tmp57' <Predicate = (!exitcond4_i)> <Delay = 4.37> <Core = "TAddSub">   --->   Core 80 'TAddSub' <Latency = 0> <II = 1> <Delay = 2.18> <IPBlock> <Opcode : 'add' 'sub'> <InPorts = 3> <OutPorts = 1> <Sync> <CReg>
ST_6 : Operation 1781 [1/1] (0.00ns)   --->   "%tmp69_cast = sext i31 %tmp69 to i32" [ADSD/Classifier.cpp:71->ADSD/Classifier.cpp:133]   --->   Operation 1781 'sext' 'tmp69_cast' <Predicate = (!exitcond4_i)> <Delay = 0.00>
ST_6 : Operation 1782 [1/1] (0.00ns)   --->   "%tmp70_cast = sext i31 %tmp70 to i32" [ADSD/Classifier.cpp:71->ADSD/Classifier.cpp:133]   --->   Operation 1782 'sext' 'tmp70_cast' <Predicate = (!exitcond4_i)> <Delay = 0.00>
ST_6 : Operation 1783 [1/1] (0.00ns) (grouped into TernaryAdder)   --->   "%tmp68 = add i32 %tmp69_cast, %tmp70_cast" [ADSD/Classifier.cpp:71->ADSD/Classifier.cpp:133]   --->   Operation 1783 'add' 'tmp68' <Predicate = (!exitcond4_i)> <Delay = 0.00> <Core = "TAddSub">   --->   Core 80 'TAddSub' <Latency = 0> <II = 1> <Delay = 2.18> <IPBlock> <Opcode : 'add' 'sub'> <InPorts = 3> <OutPorts = 1> <Sync> <CReg>
ST_6 : Operation 1784 [1/1] (4.37ns) (root node of TernaryAdder)   --->   "%tmp64 = add i32 %tmp65, %tmp68" [ADSD/Classifier.cpp:71->ADSD/Classifier.cpp:133]   --->   Operation 1784 'add' 'tmp64' <Predicate = (!exitcond4_i)> <Delay = 4.37> <Core = "TAddSub">   --->   Core 80 'TAddSub' <Latency = 0> <II = 1> <Delay = 2.18> <IPBlock> <Opcode : 'add' 'sub'> <InPorts = 3> <OutPorts = 1> <Sync> <CReg>
ST_6 : Operation 1785 [1/1] (0.00ns) (grouped into TernaryAdder)   --->   "%tmp_5 = add i32 %tmp57, %tmp64" [ADSD/Classifier.cpp:71->ADSD/Classifier.cpp:133]   --->   Operation 1785 'add' 'tmp_5' <Predicate = (!exitcond4_i)> <Delay = 0.00> <Core = "TAddSub">   --->   Core 80 'TAddSub' <Latency = 0> <II = 1> <Delay = 2.18> <IPBlock> <Opcode : 'add' 'sub'> <InPorts = 3> <OutPorts = 1> <Sync> <CReg>
ST_6 : Operation 1786 [1/1] (4.37ns) (root node of TernaryAdder)   --->   "%dot_products_4_V_1 = add i32 %tmp_5, %dot_products_4_V" [ADSD/Classifier.cpp:71->ADSD/Classifier.cpp:133]   --->   Operation 1786 'add' 'dot_products_4_V_1' <Predicate = (!exitcond4_i)> <Delay = 4.37> <Core = "TAddSub">   --->   Core 80 'TAddSub' <Latency = 0> <II = 1> <Delay = 2.18> <IPBlock> <Opcode : 'add' 'sub'> <InPorts = 3> <OutPorts = 1> <Sync> <CReg>
ST_6 : Operation 1787 [1/1] (0.00ns)   --->   "%tmp76_cast = sext i31 %tmp76 to i32" [ADSD/Classifier.cpp:71->ADSD/Classifier.cpp:133]   --->   Operation 1787 'sext' 'tmp76_cast' <Predicate = (!exitcond4_i)> <Delay = 0.00>
ST_6 : Operation 1788 [1/1] (0.00ns)   --->   "%tmp77_cast = sext i31 %tmp77 to i32" [ADSD/Classifier.cpp:71->ADSD/Classifier.cpp:133]   --->   Operation 1788 'sext' 'tmp77_cast' <Predicate = (!exitcond4_i)> <Delay = 0.00>
ST_6 : Operation 1789 [1/1] (0.00ns) (grouped into TernaryAdder)   --->   "%tmp75 = add i32 %tmp76_cast, %tmp77_cast" [ADSD/Classifier.cpp:71->ADSD/Classifier.cpp:133]   --->   Operation 1789 'add' 'tmp75' <Predicate = (!exitcond4_i)> <Delay = 0.00> <Core = "TAddSub">   --->   Core 80 'TAddSub' <Latency = 0> <II = 1> <Delay = 2.18> <IPBlock> <Opcode : 'add' 'sub'> <InPorts = 3> <OutPorts = 1> <Sync> <CReg>
ST_6 : Operation 1790 [1/1] (4.37ns) (root node of TernaryAdder)   --->   "%tmp71 = add i32 %tmp72, %tmp75" [ADSD/Classifier.cpp:71->ADSD/Classifier.cpp:133]   --->   Operation 1790 'add' 'tmp71' <Predicate = (!exitcond4_i)> <Delay = 4.37> <Core = "TAddSub">   --->   Core 80 'TAddSub' <Latency = 0> <II = 1> <Delay = 2.18> <IPBlock> <Opcode : 'add' 'sub'> <InPorts = 3> <OutPorts = 1> <Sync> <CReg>
ST_6 : Operation 1791 [1/1] (0.00ns)   --->   "%tmp83_cast = sext i31 %tmp83 to i32" [ADSD/Classifier.cpp:71->ADSD/Classifier.cpp:133]   --->   Operation 1791 'sext' 'tmp83_cast' <Predicate = (!exitcond4_i)> <Delay = 0.00>
ST_6 : Operation 1792 [1/1] (0.00ns)   --->   "%tmp84_cast = sext i31 %tmp84 to i32" [ADSD/Classifier.cpp:71->ADSD/Classifier.cpp:133]   --->   Operation 1792 'sext' 'tmp84_cast' <Predicate = (!exitcond4_i)> <Delay = 0.00>
ST_6 : Operation 1793 [1/1] (0.00ns) (grouped into TernaryAdder)   --->   "%tmp82 = add i32 %tmp83_cast, %tmp84_cast" [ADSD/Classifier.cpp:71->ADSD/Classifier.cpp:133]   --->   Operation 1793 'add' 'tmp82' <Predicate = (!exitcond4_i)> <Delay = 0.00> <Core = "TAddSub">   --->   Core 80 'TAddSub' <Latency = 0> <II = 1> <Delay = 2.18> <IPBlock> <Opcode : 'add' 'sub'> <InPorts = 3> <OutPorts = 1> <Sync> <CReg>
ST_6 : Operation 1794 [1/1] (4.37ns) (root node of TernaryAdder)   --->   "%tmp78 = add i32 %tmp79, %tmp82" [ADSD/Classifier.cpp:71->ADSD/Classifier.cpp:133]   --->   Operation 1794 'add' 'tmp78' <Predicate = (!exitcond4_i)> <Delay = 4.37> <Core = "TAddSub">   --->   Core 80 'TAddSub' <Latency = 0> <II = 1> <Delay = 2.18> <IPBlock> <Opcode : 'add' 'sub'> <InPorts = 3> <OutPorts = 1> <Sync> <CReg>
ST_6 : Operation 1795 [1/1] (0.00ns) (grouped into TernaryAdder)   --->   "%tmp_6 = add i32 %tmp71, %tmp78" [ADSD/Classifier.cpp:71->ADSD/Classifier.cpp:133]   --->   Operation 1795 'add' 'tmp_6' <Predicate = (!exitcond4_i)> <Delay = 0.00> <Core = "TAddSub">   --->   Core 80 'TAddSub' <Latency = 0> <II = 1> <Delay = 2.18> <IPBlock> <Opcode : 'add' 'sub'> <InPorts = 3> <OutPorts = 1> <Sync> <CReg>
ST_6 : Operation 1796 [1/1] (4.37ns) (root node of TernaryAdder)   --->   "%dot_products_5_V_1 = add i32 %tmp_6, %dot_products_5_V" [ADSD/Classifier.cpp:71->ADSD/Classifier.cpp:133]   --->   Operation 1796 'add' 'dot_products_5_V_1' <Predicate = (!exitcond4_i)> <Delay = 4.37> <Core = "TAddSub">   --->   Core 80 'TAddSub' <Latency = 0> <II = 1> <Delay = 2.18> <IPBlock> <Opcode : 'add' 'sub'> <InPorts = 3> <OutPorts = 1> <Sync> <CReg>
ST_6 : Operation 1797 [1/1] (0.00ns)   --->   "%tmp90_cast = sext i31 %tmp90 to i32" [ADSD/Classifier.cpp:71->ADSD/Classifier.cpp:133]   --->   Operation 1797 'sext' 'tmp90_cast' <Predicate = (!exitcond4_i)> <Delay = 0.00>
ST_6 : Operation 1798 [1/1] (0.00ns)   --->   "%tmp91_cast = sext i31 %tmp91 to i32" [ADSD/Classifier.cpp:71->ADSD/Classifier.cpp:133]   --->   Operation 1798 'sext' 'tmp91_cast' <Predicate = (!exitcond4_i)> <Delay = 0.00>
ST_6 : Operation 1799 [1/1] (0.00ns) (grouped into TernaryAdder)   --->   "%tmp89 = add i32 %tmp90_cast, %tmp91_cast" [ADSD/Classifier.cpp:71->ADSD/Classifier.cpp:133]   --->   Operation 1799 'add' 'tmp89' <Predicate = (!exitcond4_i)> <Delay = 0.00> <Core = "TAddSub">   --->   Core 80 'TAddSub' <Latency = 0> <II = 1> <Delay = 2.18> <IPBlock> <Opcode : 'add' 'sub'> <InPorts = 3> <OutPorts = 1> <Sync> <CReg>
ST_6 : Operation 1800 [1/1] (4.37ns) (root node of TernaryAdder)   --->   "%tmp85 = add i32 %tmp86, %tmp89" [ADSD/Classifier.cpp:71->ADSD/Classifier.cpp:133]   --->   Operation 1800 'add' 'tmp85' <Predicate = (!exitcond4_i)> <Delay = 4.37> <Core = "TAddSub">   --->   Core 80 'TAddSub' <Latency = 0> <II = 1> <Delay = 2.18> <IPBlock> <Opcode : 'add' 'sub'> <InPorts = 3> <OutPorts = 1> <Sync> <CReg>
ST_6 : Operation 1801 [1/1] (0.00ns)   --->   "%tmp97_cast = sext i31 %tmp97 to i32" [ADSD/Classifier.cpp:71->ADSD/Classifier.cpp:133]   --->   Operation 1801 'sext' 'tmp97_cast' <Predicate = (!exitcond4_i)> <Delay = 0.00>
ST_6 : Operation 1802 [1/1] (0.00ns)   --->   "%tmp98_cast = sext i31 %tmp98 to i32" [ADSD/Classifier.cpp:71->ADSD/Classifier.cpp:133]   --->   Operation 1802 'sext' 'tmp98_cast' <Predicate = (!exitcond4_i)> <Delay = 0.00>
ST_6 : Operation 1803 [1/1] (0.00ns) (grouped into TernaryAdder)   --->   "%tmp96 = add i32 %tmp97_cast, %tmp98_cast" [ADSD/Classifier.cpp:71->ADSD/Classifier.cpp:133]   --->   Operation 1803 'add' 'tmp96' <Predicate = (!exitcond4_i)> <Delay = 0.00> <Core = "TAddSub">   --->   Core 80 'TAddSub' <Latency = 0> <II = 1> <Delay = 2.18> <IPBlock> <Opcode : 'add' 'sub'> <InPorts = 3> <OutPorts = 1> <Sync> <CReg>
ST_6 : Operation 1804 [1/1] (4.37ns) (root node of TernaryAdder)   --->   "%tmp92 = add i32 %tmp93, %tmp96" [ADSD/Classifier.cpp:71->ADSD/Classifier.cpp:133]   --->   Operation 1804 'add' 'tmp92' <Predicate = (!exitcond4_i)> <Delay = 4.37> <Core = "TAddSub">   --->   Core 80 'TAddSub' <Latency = 0> <II = 1> <Delay = 2.18> <IPBlock> <Opcode : 'add' 'sub'> <InPorts = 3> <OutPorts = 1> <Sync> <CReg>
ST_6 : Operation 1805 [1/1] (0.00ns) (grouped into TernaryAdder)   --->   "%tmp_7 = add i32 %tmp85, %tmp92" [ADSD/Classifier.cpp:71->ADSD/Classifier.cpp:133]   --->   Operation 1805 'add' 'tmp_7' <Predicate = (!exitcond4_i)> <Delay = 0.00> <Core = "TAddSub">   --->   Core 80 'TAddSub' <Latency = 0> <II = 1> <Delay = 2.18> <IPBlock> <Opcode : 'add' 'sub'> <InPorts = 3> <OutPorts = 1> <Sync> <CReg>
ST_6 : Operation 1806 [1/1] (4.37ns) (root node of TernaryAdder)   --->   "%dot_products_6_V_1 = add i32 %tmp_7, %dot_products_6_V" [ADSD/Classifier.cpp:71->ADSD/Classifier.cpp:133]   --->   Operation 1806 'add' 'dot_products_6_V_1' <Predicate = (!exitcond4_i)> <Delay = 4.37> <Core = "TAddSub">   --->   Core 80 'TAddSub' <Latency = 0> <II = 1> <Delay = 2.18> <IPBlock> <Opcode : 'add' 'sub'> <InPorts = 3> <OutPorts = 1> <Sync> <CReg>
ST_6 : Operation 1807 [1/1] (0.00ns)   --->   "%tmp104_cast = sext i31 %tmp104 to i32" [ADSD/Classifier.cpp:71->ADSD/Classifier.cpp:133]   --->   Operation 1807 'sext' 'tmp104_cast' <Predicate = (!exitcond4_i)> <Delay = 0.00>
ST_6 : Operation 1808 [1/1] (0.00ns)   --->   "%tmp105_cast = sext i31 %tmp105 to i32" [ADSD/Classifier.cpp:71->ADSD/Classifier.cpp:133]   --->   Operation 1808 'sext' 'tmp105_cast' <Predicate = (!exitcond4_i)> <Delay = 0.00>
ST_6 : Operation 1809 [1/1] (0.00ns) (grouped into TernaryAdder)   --->   "%tmp103 = add i32 %tmp104_cast, %tmp105_cast" [ADSD/Classifier.cpp:71->ADSD/Classifier.cpp:133]   --->   Operation 1809 'add' 'tmp103' <Predicate = (!exitcond4_i)> <Delay = 0.00> <Core = "TAddSub">   --->   Core 80 'TAddSub' <Latency = 0> <II = 1> <Delay = 2.18> <IPBlock> <Opcode : 'add' 'sub'> <InPorts = 3> <OutPorts = 1> <Sync> <CReg>
ST_6 : Operation 1810 [1/1] (4.37ns) (root node of TernaryAdder)   --->   "%tmp99 = add i32 %tmp100, %tmp103" [ADSD/Classifier.cpp:71->ADSD/Classifier.cpp:133]   --->   Operation 1810 'add' 'tmp99' <Predicate = (!exitcond4_i)> <Delay = 4.37> <Core = "TAddSub">   --->   Core 80 'TAddSub' <Latency = 0> <II = 1> <Delay = 2.18> <IPBlock> <Opcode : 'add' 'sub'> <InPorts = 3> <OutPorts = 1> <Sync> <CReg>
ST_6 : Operation 1811 [1/1] (0.00ns)   --->   "%tmp111_cast = sext i31 %tmp111 to i32" [ADSD/Classifier.cpp:71->ADSD/Classifier.cpp:133]   --->   Operation 1811 'sext' 'tmp111_cast' <Predicate = (!exitcond4_i)> <Delay = 0.00>
ST_6 : Operation 1812 [1/1] (0.00ns)   --->   "%tmp112_cast = sext i31 %tmp112 to i32" [ADSD/Classifier.cpp:71->ADSD/Classifier.cpp:133]   --->   Operation 1812 'sext' 'tmp112_cast' <Predicate = (!exitcond4_i)> <Delay = 0.00>
ST_6 : Operation 1813 [1/1] (0.00ns) (grouped into TernaryAdder)   --->   "%tmp110 = add i32 %tmp111_cast, %tmp112_cast" [ADSD/Classifier.cpp:71->ADSD/Classifier.cpp:133]   --->   Operation 1813 'add' 'tmp110' <Predicate = (!exitcond4_i)> <Delay = 0.00> <Core = "TAddSub">   --->   Core 80 'TAddSub' <Latency = 0> <II = 1> <Delay = 2.18> <IPBlock> <Opcode : 'add' 'sub'> <InPorts = 3> <OutPorts = 1> <Sync> <CReg>
ST_6 : Operation 1814 [1/1] (4.37ns) (root node of TernaryAdder)   --->   "%tmp106 = add i32 %tmp107, %tmp110" [ADSD/Classifier.cpp:71->ADSD/Classifier.cpp:133]   --->   Operation 1814 'add' 'tmp106' <Predicate = (!exitcond4_i)> <Delay = 4.37> <Core = "TAddSub">   --->   Core 80 'TAddSub' <Latency = 0> <II = 1> <Delay = 2.18> <IPBlock> <Opcode : 'add' 'sub'> <InPorts = 3> <OutPorts = 1> <Sync> <CReg>
ST_6 : Operation 1815 [1/1] (0.00ns) (grouped into TernaryAdder)   --->   "%tmp_8 = add i32 %tmp99, %tmp106" [ADSD/Classifier.cpp:71->ADSD/Classifier.cpp:133]   --->   Operation 1815 'add' 'tmp_8' <Predicate = (!exitcond4_i)> <Delay = 0.00> <Core = "TAddSub">   --->   Core 80 'TAddSub' <Latency = 0> <II = 1> <Delay = 2.18> <IPBlock> <Opcode : 'add' 'sub'> <InPorts = 3> <OutPorts = 1> <Sync> <CReg>
ST_6 : Operation 1816 [1/1] (4.37ns) (root node of TernaryAdder)   --->   "%dot_products_7_V_1 = add i32 %tmp_8, %dot_products_7_V" [ADSD/Classifier.cpp:71->ADSD/Classifier.cpp:133]   --->   Operation 1816 'add' 'dot_products_7_V_1' <Predicate = (!exitcond4_i)> <Delay = 4.37> <Core = "TAddSub">   --->   Core 80 'TAddSub' <Latency = 0> <II = 1> <Delay = 2.18> <IPBlock> <Opcode : 'add' 'sub'> <InPorts = 3> <OutPorts = 1> <Sync> <CReg>
ST_6 : Operation 1817 [1/1] (0.00ns)   --->   "%tmp118_cast = sext i31 %tmp118 to i32" [ADSD/Classifier.cpp:71->ADSD/Classifier.cpp:133]   --->   Operation 1817 'sext' 'tmp118_cast' <Predicate = (!exitcond4_i)> <Delay = 0.00>
ST_6 : Operation 1818 [1/1] (0.00ns)   --->   "%tmp119_cast = sext i31 %tmp119 to i32" [ADSD/Classifier.cpp:71->ADSD/Classifier.cpp:133]   --->   Operation 1818 'sext' 'tmp119_cast' <Predicate = (!exitcond4_i)> <Delay = 0.00>
ST_6 : Operation 1819 [1/1] (0.00ns) (grouped into TernaryAdder)   --->   "%tmp117 = add i32 %tmp118_cast, %tmp119_cast" [ADSD/Classifier.cpp:71->ADSD/Classifier.cpp:133]   --->   Operation 1819 'add' 'tmp117' <Predicate = (!exitcond4_i)> <Delay = 0.00> <Core = "TAddSub">   --->   Core 80 'TAddSub' <Latency = 0> <II = 1> <Delay = 2.18> <IPBlock> <Opcode : 'add' 'sub'> <InPorts = 3> <OutPorts = 1> <Sync> <CReg>
ST_6 : Operation 1820 [1/1] (4.37ns) (root node of TernaryAdder)   --->   "%tmp113 = add i32 %tmp114, %tmp117" [ADSD/Classifier.cpp:71->ADSD/Classifier.cpp:133]   --->   Operation 1820 'add' 'tmp113' <Predicate = (!exitcond4_i)> <Delay = 4.37> <Core = "TAddSub">   --->   Core 80 'TAddSub' <Latency = 0> <II = 1> <Delay = 2.18> <IPBlock> <Opcode : 'add' 'sub'> <InPorts = 3> <OutPorts = 1> <Sync> <CReg>
ST_6 : Operation 1821 [1/1] (0.00ns)   --->   "%tmp125_cast = sext i31 %tmp125 to i32" [ADSD/Classifier.cpp:71->ADSD/Classifier.cpp:133]   --->   Operation 1821 'sext' 'tmp125_cast' <Predicate = (!exitcond4_i)> <Delay = 0.00>
ST_6 : Operation 1822 [1/1] (0.00ns)   --->   "%tmp126_cast = sext i31 %tmp126 to i32" [ADSD/Classifier.cpp:71->ADSD/Classifier.cpp:133]   --->   Operation 1822 'sext' 'tmp126_cast' <Predicate = (!exitcond4_i)> <Delay = 0.00>
ST_6 : Operation 1823 [1/1] (0.00ns) (grouped into TernaryAdder)   --->   "%tmp124 = add i32 %tmp125_cast, %tmp126_cast" [ADSD/Classifier.cpp:71->ADSD/Classifier.cpp:133]   --->   Operation 1823 'add' 'tmp124' <Predicate = (!exitcond4_i)> <Delay = 0.00> <Core = "TAddSub">   --->   Core 80 'TAddSub' <Latency = 0> <II = 1> <Delay = 2.18> <IPBlock> <Opcode : 'add' 'sub'> <InPorts = 3> <OutPorts = 1> <Sync> <CReg>
ST_6 : Operation 1824 [1/1] (4.37ns) (root node of TernaryAdder)   --->   "%tmp120 = add i32 %tmp121, %tmp124" [ADSD/Classifier.cpp:71->ADSD/Classifier.cpp:133]   --->   Operation 1824 'add' 'tmp120' <Predicate = (!exitcond4_i)> <Delay = 4.37> <Core = "TAddSub">   --->   Core 80 'TAddSub' <Latency = 0> <II = 1> <Delay = 2.18> <IPBlock> <Opcode : 'add' 'sub'> <InPorts = 3> <OutPorts = 1> <Sync> <CReg>
ST_6 : Operation 1825 [1/1] (0.00ns) (grouped into TernaryAdder)   --->   "%tmp_9 = add i32 %tmp113, %tmp120" [ADSD/Classifier.cpp:71->ADSD/Classifier.cpp:133]   --->   Operation 1825 'add' 'tmp_9' <Predicate = (!exitcond4_i)> <Delay = 0.00> <Core = "TAddSub">   --->   Core 80 'TAddSub' <Latency = 0> <II = 1> <Delay = 2.18> <IPBlock> <Opcode : 'add' 'sub'> <InPorts = 3> <OutPorts = 1> <Sync> <CReg>
ST_6 : Operation 1826 [1/1] (4.37ns) (root node of TernaryAdder)   --->   "%dot_products_8_V_1 = add i32 %tmp_9, %dot_products_8_V" [ADSD/Classifier.cpp:71->ADSD/Classifier.cpp:133]   --->   Operation 1826 'add' 'dot_products_8_V_1' <Predicate = (!exitcond4_i)> <Delay = 4.37> <Core = "TAddSub">   --->   Core 80 'TAddSub' <Latency = 0> <II = 1> <Delay = 2.18> <IPBlock> <Opcode : 'add' 'sub'> <InPorts = 3> <OutPorts = 1> <Sync> <CReg>
ST_6 : Operation 1827 [1/1] (0.00ns)   --->   "%tmp132_cast = sext i31 %tmp132 to i32" [ADSD/Classifier.cpp:71->ADSD/Classifier.cpp:133]   --->   Operation 1827 'sext' 'tmp132_cast' <Predicate = (!exitcond4_i)> <Delay = 0.00>
ST_6 : Operation 1828 [1/1] (0.00ns)   --->   "%tmp133_cast = sext i31 %tmp133 to i32" [ADSD/Classifier.cpp:71->ADSD/Classifier.cpp:133]   --->   Operation 1828 'sext' 'tmp133_cast' <Predicate = (!exitcond4_i)> <Delay = 0.00>
ST_6 : Operation 1829 [1/1] (0.00ns) (grouped into TernaryAdder)   --->   "%tmp131 = add i32 %tmp132_cast, %tmp133_cast" [ADSD/Classifier.cpp:71->ADSD/Classifier.cpp:133]   --->   Operation 1829 'add' 'tmp131' <Predicate = (!exitcond4_i)> <Delay = 0.00> <Core = "TAddSub">   --->   Core 80 'TAddSub' <Latency = 0> <II = 1> <Delay = 2.18> <IPBlock> <Opcode : 'add' 'sub'> <InPorts = 3> <OutPorts = 1> <Sync> <CReg>
ST_6 : Operation 1830 [1/1] (4.37ns) (root node of TernaryAdder)   --->   "%tmp127 = add i32 %tmp128, %tmp131" [ADSD/Classifier.cpp:71->ADSD/Classifier.cpp:133]   --->   Operation 1830 'add' 'tmp127' <Predicate = (!exitcond4_i)> <Delay = 4.37> <Core = "TAddSub">   --->   Core 80 'TAddSub' <Latency = 0> <II = 1> <Delay = 2.18> <IPBlock> <Opcode : 'add' 'sub'> <InPorts = 3> <OutPorts = 1> <Sync> <CReg>
ST_6 : Operation 1831 [1/1] (0.00ns)   --->   "%tmp139_cast = sext i31 %tmp139 to i32" [ADSD/Classifier.cpp:71->ADSD/Classifier.cpp:133]   --->   Operation 1831 'sext' 'tmp139_cast' <Predicate = (!exitcond4_i)> <Delay = 0.00>
ST_6 : Operation 1832 [1/1] (0.00ns)   --->   "%tmp140_cast = sext i31 %tmp140 to i32" [ADSD/Classifier.cpp:71->ADSD/Classifier.cpp:133]   --->   Operation 1832 'sext' 'tmp140_cast' <Predicate = (!exitcond4_i)> <Delay = 0.00>
ST_6 : Operation 1833 [1/1] (0.00ns) (grouped into TernaryAdder)   --->   "%tmp138 = add i32 %tmp139_cast, %tmp140_cast" [ADSD/Classifier.cpp:71->ADSD/Classifier.cpp:133]   --->   Operation 1833 'add' 'tmp138' <Predicate = (!exitcond4_i)> <Delay = 0.00> <Core = "TAddSub">   --->   Core 80 'TAddSub' <Latency = 0> <II = 1> <Delay = 2.18> <IPBlock> <Opcode : 'add' 'sub'> <InPorts = 3> <OutPorts = 1> <Sync> <CReg>
ST_6 : Operation 1834 [1/1] (4.37ns) (root node of TernaryAdder)   --->   "%tmp134 = add i32 %tmp135, %tmp138" [ADSD/Classifier.cpp:71->ADSD/Classifier.cpp:133]   --->   Operation 1834 'add' 'tmp134' <Predicate = (!exitcond4_i)> <Delay = 4.37> <Core = "TAddSub">   --->   Core 80 'TAddSub' <Latency = 0> <II = 1> <Delay = 2.18> <IPBlock> <Opcode : 'add' 'sub'> <InPorts = 3> <OutPorts = 1> <Sync> <CReg>
ST_6 : Operation 1835 [1/1] (0.00ns) (grouped into TernaryAdder)   --->   "%tmp_10 = add i32 %tmp127, %tmp134" [ADSD/Classifier.cpp:71->ADSD/Classifier.cpp:133]   --->   Operation 1835 'add' 'tmp_10' <Predicate = (!exitcond4_i)> <Delay = 0.00> <Core = "TAddSub">   --->   Core 80 'TAddSub' <Latency = 0> <II = 1> <Delay = 2.18> <IPBlock> <Opcode : 'add' 'sub'> <InPorts = 3> <OutPorts = 1> <Sync> <CReg>
ST_6 : Operation 1836 [1/1] (4.37ns) (root node of TernaryAdder)   --->   "%dot_products_9_V_1 = add i32 %tmp_10, %dot_products_9_V" [ADSD/Classifier.cpp:71->ADSD/Classifier.cpp:133]   --->   Operation 1836 'add' 'dot_products_9_V_1' <Predicate = (!exitcond4_i)> <Delay = 4.37> <Core = "TAddSub">   --->   Core 80 'TAddSub' <Latency = 0> <II = 1> <Delay = 2.18> <IPBlock> <Opcode : 'add' 'sub'> <InPorts = 3> <OutPorts = 1> <Sync> <CReg>
ST_6 : Operation 1837 [1/1] (0.00ns)   --->   "%tmp146_cast = sext i31 %tmp146 to i32" [ADSD/Classifier.cpp:71->ADSD/Classifier.cpp:133]   --->   Operation 1837 'sext' 'tmp146_cast' <Predicate = (!exitcond4_i)> <Delay = 0.00>
ST_6 : Operation 1838 [1/1] (0.00ns)   --->   "%tmp147_cast = sext i31 %tmp147 to i32" [ADSD/Classifier.cpp:71->ADSD/Classifier.cpp:133]   --->   Operation 1838 'sext' 'tmp147_cast' <Predicate = (!exitcond4_i)> <Delay = 0.00>
ST_6 : Operation 1839 [1/1] (0.00ns) (grouped into TernaryAdder)   --->   "%tmp145 = add i32 %tmp146_cast, %tmp147_cast" [ADSD/Classifier.cpp:71->ADSD/Classifier.cpp:133]   --->   Operation 1839 'add' 'tmp145' <Predicate = (!exitcond4_i)> <Delay = 0.00> <Core = "TAddSub">   --->   Core 80 'TAddSub' <Latency = 0> <II = 1> <Delay = 2.18> <IPBlock> <Opcode : 'add' 'sub'> <InPorts = 3> <OutPorts = 1> <Sync> <CReg>
ST_6 : Operation 1840 [1/1] (4.37ns) (root node of TernaryAdder)   --->   "%tmp141 = add i32 %tmp142, %tmp145" [ADSD/Classifier.cpp:71->ADSD/Classifier.cpp:133]   --->   Operation 1840 'add' 'tmp141' <Predicate = (!exitcond4_i)> <Delay = 4.37> <Core = "TAddSub">   --->   Core 80 'TAddSub' <Latency = 0> <II = 1> <Delay = 2.18> <IPBlock> <Opcode : 'add' 'sub'> <InPorts = 3> <OutPorts = 1> <Sync> <CReg>
ST_6 : Operation 1841 [1/1] (0.00ns)   --->   "%tmp153_cast = sext i31 %tmp153 to i32" [ADSD/Classifier.cpp:71->ADSD/Classifier.cpp:133]   --->   Operation 1841 'sext' 'tmp153_cast' <Predicate = (!exitcond4_i)> <Delay = 0.00>
ST_6 : Operation 1842 [1/1] (0.00ns)   --->   "%tmp154_cast = sext i31 %tmp154 to i32" [ADSD/Classifier.cpp:71->ADSD/Classifier.cpp:133]   --->   Operation 1842 'sext' 'tmp154_cast' <Predicate = (!exitcond4_i)> <Delay = 0.00>
ST_6 : Operation 1843 [1/1] (0.00ns) (grouped into TernaryAdder)   --->   "%tmp152 = add i32 %tmp153_cast, %tmp154_cast" [ADSD/Classifier.cpp:71->ADSD/Classifier.cpp:133]   --->   Operation 1843 'add' 'tmp152' <Predicate = (!exitcond4_i)> <Delay = 0.00> <Core = "TAddSub">   --->   Core 80 'TAddSub' <Latency = 0> <II = 1> <Delay = 2.18> <IPBlock> <Opcode : 'add' 'sub'> <InPorts = 3> <OutPorts = 1> <Sync> <CReg>
ST_6 : Operation 1844 [1/1] (4.37ns) (root node of TernaryAdder)   --->   "%tmp148 = add i32 %tmp149, %tmp152" [ADSD/Classifier.cpp:71->ADSD/Classifier.cpp:133]   --->   Operation 1844 'add' 'tmp148' <Predicate = (!exitcond4_i)> <Delay = 4.37> <Core = "TAddSub">   --->   Core 80 'TAddSub' <Latency = 0> <II = 1> <Delay = 2.18> <IPBlock> <Opcode : 'add' 'sub'> <InPorts = 3> <OutPorts = 1> <Sync> <CReg>
ST_6 : Operation 1845 [1/1] (0.00ns) (grouped into TernaryAdder)   --->   "%tmp_11 = add i32 %tmp141, %tmp148" [ADSD/Classifier.cpp:71->ADSD/Classifier.cpp:133]   --->   Operation 1845 'add' 'tmp_11' <Predicate = (!exitcond4_i)> <Delay = 0.00> <Core = "TAddSub">   --->   Core 80 'TAddSub' <Latency = 0> <II = 1> <Delay = 2.18> <IPBlock> <Opcode : 'add' 'sub'> <InPorts = 3> <OutPorts = 1> <Sync> <CReg>
ST_6 : Operation 1846 [1/1] (4.37ns) (root node of TernaryAdder)   --->   "%dot_products_10_V_1 = add i32 %tmp_11, %dot_products_10_V" [ADSD/Classifier.cpp:71->ADSD/Classifier.cpp:133]   --->   Operation 1846 'add' 'dot_products_10_V_1' <Predicate = (!exitcond4_i)> <Delay = 4.37> <Core = "TAddSub">   --->   Core 80 'TAddSub' <Latency = 0> <II = 1> <Delay = 2.18> <IPBlock> <Opcode : 'add' 'sub'> <InPorts = 3> <OutPorts = 1> <Sync> <CReg>
ST_6 : Operation 1847 [1/1] (0.00ns)   --->   "%tmp160_cast = sext i31 %tmp160 to i32" [ADSD/Classifier.cpp:71->ADSD/Classifier.cpp:133]   --->   Operation 1847 'sext' 'tmp160_cast' <Predicate = (!exitcond4_i)> <Delay = 0.00>
ST_6 : Operation 1848 [1/1] (0.00ns)   --->   "%tmp161_cast = sext i31 %tmp161 to i32" [ADSD/Classifier.cpp:71->ADSD/Classifier.cpp:133]   --->   Operation 1848 'sext' 'tmp161_cast' <Predicate = (!exitcond4_i)> <Delay = 0.00>
ST_6 : Operation 1849 [1/1] (0.00ns) (grouped into TernaryAdder)   --->   "%tmp159 = add i32 %tmp160_cast, %tmp161_cast" [ADSD/Classifier.cpp:71->ADSD/Classifier.cpp:133]   --->   Operation 1849 'add' 'tmp159' <Predicate = (!exitcond4_i)> <Delay = 0.00> <Core = "TAddSub">   --->   Core 80 'TAddSub' <Latency = 0> <II = 1> <Delay = 2.18> <IPBlock> <Opcode : 'add' 'sub'> <InPorts = 3> <OutPorts = 1> <Sync> <CReg>
ST_6 : Operation 1850 [1/1] (4.37ns) (root node of TernaryAdder)   --->   "%tmp155 = add i32 %tmp156, %tmp159" [ADSD/Classifier.cpp:71->ADSD/Classifier.cpp:133]   --->   Operation 1850 'add' 'tmp155' <Predicate = (!exitcond4_i)> <Delay = 4.37> <Core = "TAddSub">   --->   Core 80 'TAddSub' <Latency = 0> <II = 1> <Delay = 2.18> <IPBlock> <Opcode : 'add' 'sub'> <InPorts = 3> <OutPorts = 1> <Sync> <CReg>
ST_6 : Operation 1851 [1/1] (0.00ns)   --->   "%tmp167_cast = sext i31 %tmp167 to i32" [ADSD/Classifier.cpp:71->ADSD/Classifier.cpp:133]   --->   Operation 1851 'sext' 'tmp167_cast' <Predicate = (!exitcond4_i)> <Delay = 0.00>
ST_6 : Operation 1852 [1/1] (0.00ns)   --->   "%tmp168_cast = sext i31 %tmp168 to i32" [ADSD/Classifier.cpp:71->ADSD/Classifier.cpp:133]   --->   Operation 1852 'sext' 'tmp168_cast' <Predicate = (!exitcond4_i)> <Delay = 0.00>
ST_6 : Operation 1853 [1/1] (0.00ns) (grouped into TernaryAdder)   --->   "%tmp166 = add i32 %tmp167_cast, %tmp168_cast" [ADSD/Classifier.cpp:71->ADSD/Classifier.cpp:133]   --->   Operation 1853 'add' 'tmp166' <Predicate = (!exitcond4_i)> <Delay = 0.00> <Core = "TAddSub">   --->   Core 80 'TAddSub' <Latency = 0> <II = 1> <Delay = 2.18> <IPBlock> <Opcode : 'add' 'sub'> <InPorts = 3> <OutPorts = 1> <Sync> <CReg>
ST_6 : Operation 1854 [1/1] (4.37ns) (root node of TernaryAdder)   --->   "%tmp162 = add i32 %tmp163, %tmp166" [ADSD/Classifier.cpp:71->ADSD/Classifier.cpp:133]   --->   Operation 1854 'add' 'tmp162' <Predicate = (!exitcond4_i)> <Delay = 4.37> <Core = "TAddSub">   --->   Core 80 'TAddSub' <Latency = 0> <II = 1> <Delay = 2.18> <IPBlock> <Opcode : 'add' 'sub'> <InPorts = 3> <OutPorts = 1> <Sync> <CReg>
ST_6 : Operation 1855 [1/1] (0.00ns) (grouped into TernaryAdder)   --->   "%tmp_12 = add i32 %tmp155, %tmp162" [ADSD/Classifier.cpp:71->ADSD/Classifier.cpp:133]   --->   Operation 1855 'add' 'tmp_12' <Predicate = (!exitcond4_i)> <Delay = 0.00> <Core = "TAddSub">   --->   Core 80 'TAddSub' <Latency = 0> <II = 1> <Delay = 2.18> <IPBlock> <Opcode : 'add' 'sub'> <InPorts = 3> <OutPorts = 1> <Sync> <CReg>
ST_6 : Operation 1856 [1/1] (4.37ns) (root node of TernaryAdder)   --->   "%dot_products_11_V_1 = add i32 %tmp_12, %dot_products_11_V" [ADSD/Classifier.cpp:71->ADSD/Classifier.cpp:133]   --->   Operation 1856 'add' 'dot_products_11_V_1' <Predicate = (!exitcond4_i)> <Delay = 4.37> <Core = "TAddSub">   --->   Core 80 'TAddSub' <Latency = 0> <II = 1> <Delay = 2.18> <IPBlock> <Opcode : 'add' 'sub'> <InPorts = 3> <OutPorts = 1> <Sync> <CReg>
ST_6 : Operation 1857 [1/1] (0.00ns)   --->   "%tmp174_cast = sext i31 %tmp174 to i32" [ADSD/Classifier.cpp:71->ADSD/Classifier.cpp:133]   --->   Operation 1857 'sext' 'tmp174_cast' <Predicate = (!exitcond4_i)> <Delay = 0.00>
ST_6 : Operation 1858 [1/1] (0.00ns)   --->   "%tmp175_cast = sext i31 %tmp175 to i32" [ADSD/Classifier.cpp:71->ADSD/Classifier.cpp:133]   --->   Operation 1858 'sext' 'tmp175_cast' <Predicate = (!exitcond4_i)> <Delay = 0.00>
ST_6 : Operation 1859 [1/1] (0.00ns) (grouped into TernaryAdder)   --->   "%tmp173 = add i32 %tmp174_cast, %tmp175_cast" [ADSD/Classifier.cpp:71->ADSD/Classifier.cpp:133]   --->   Operation 1859 'add' 'tmp173' <Predicate = (!exitcond4_i)> <Delay = 0.00> <Core = "TAddSub">   --->   Core 80 'TAddSub' <Latency = 0> <II = 1> <Delay = 2.18> <IPBlock> <Opcode : 'add' 'sub'> <InPorts = 3> <OutPorts = 1> <Sync> <CReg>
ST_6 : Operation 1860 [1/1] (4.37ns) (root node of TernaryAdder)   --->   "%tmp169 = add i32 %tmp170, %tmp173" [ADSD/Classifier.cpp:71->ADSD/Classifier.cpp:133]   --->   Operation 1860 'add' 'tmp169' <Predicate = (!exitcond4_i)> <Delay = 4.37> <Core = "TAddSub">   --->   Core 80 'TAddSub' <Latency = 0> <II = 1> <Delay = 2.18> <IPBlock> <Opcode : 'add' 'sub'> <InPorts = 3> <OutPorts = 1> <Sync> <CReg>
ST_6 : Operation 1861 [1/1] (0.00ns)   --->   "%tmp181_cast = sext i31 %tmp181 to i32" [ADSD/Classifier.cpp:71->ADSD/Classifier.cpp:133]   --->   Operation 1861 'sext' 'tmp181_cast' <Predicate = (!exitcond4_i)> <Delay = 0.00>
ST_6 : Operation 1862 [1/1] (0.00ns)   --->   "%tmp182_cast = sext i31 %tmp182 to i32" [ADSD/Classifier.cpp:71->ADSD/Classifier.cpp:133]   --->   Operation 1862 'sext' 'tmp182_cast' <Predicate = (!exitcond4_i)> <Delay = 0.00>
ST_6 : Operation 1863 [1/1] (0.00ns) (grouped into TernaryAdder)   --->   "%tmp180 = add i32 %tmp181_cast, %tmp182_cast" [ADSD/Classifier.cpp:71->ADSD/Classifier.cpp:133]   --->   Operation 1863 'add' 'tmp180' <Predicate = (!exitcond4_i)> <Delay = 0.00> <Core = "TAddSub">   --->   Core 80 'TAddSub' <Latency = 0> <II = 1> <Delay = 2.18> <IPBlock> <Opcode : 'add' 'sub'> <InPorts = 3> <OutPorts = 1> <Sync> <CReg>
ST_6 : Operation 1864 [1/1] (4.37ns) (root node of TernaryAdder)   --->   "%tmp176 = add i32 %tmp177, %tmp180" [ADSD/Classifier.cpp:71->ADSD/Classifier.cpp:133]   --->   Operation 1864 'add' 'tmp176' <Predicate = (!exitcond4_i)> <Delay = 4.37> <Core = "TAddSub">   --->   Core 80 'TAddSub' <Latency = 0> <II = 1> <Delay = 2.18> <IPBlock> <Opcode : 'add' 'sub'> <InPorts = 3> <OutPorts = 1> <Sync> <CReg>
ST_6 : Operation 1865 [1/1] (0.00ns) (grouped into TernaryAdder)   --->   "%tmp_13 = add i32 %tmp169, %tmp176" [ADSD/Classifier.cpp:71->ADSD/Classifier.cpp:133]   --->   Operation 1865 'add' 'tmp_13' <Predicate = (!exitcond4_i)> <Delay = 0.00> <Core = "TAddSub">   --->   Core 80 'TAddSub' <Latency = 0> <II = 1> <Delay = 2.18> <IPBlock> <Opcode : 'add' 'sub'> <InPorts = 3> <OutPorts = 1> <Sync> <CReg>
ST_6 : Operation 1866 [1/1] (4.37ns) (root node of TernaryAdder)   --->   "%dot_products_12_V_1 = add i32 %tmp_13, %dot_products_12_V" [ADSD/Classifier.cpp:71->ADSD/Classifier.cpp:133]   --->   Operation 1866 'add' 'dot_products_12_V_1' <Predicate = (!exitcond4_i)> <Delay = 4.37> <Core = "TAddSub">   --->   Core 80 'TAddSub' <Latency = 0> <II = 1> <Delay = 2.18> <IPBlock> <Opcode : 'add' 'sub'> <InPorts = 3> <OutPorts = 1> <Sync> <CReg>
ST_6 : Operation 1867 [1/1] (0.00ns)   --->   "%tmp188_cast = sext i31 %tmp188 to i32" [ADSD/Classifier.cpp:71->ADSD/Classifier.cpp:133]   --->   Operation 1867 'sext' 'tmp188_cast' <Predicate = (!exitcond4_i)> <Delay = 0.00>
ST_6 : Operation 1868 [1/1] (0.00ns)   --->   "%tmp189_cast = sext i31 %tmp189 to i32" [ADSD/Classifier.cpp:71->ADSD/Classifier.cpp:133]   --->   Operation 1868 'sext' 'tmp189_cast' <Predicate = (!exitcond4_i)> <Delay = 0.00>
ST_6 : Operation 1869 [1/1] (0.00ns) (grouped into TernaryAdder)   --->   "%tmp187 = add i32 %tmp188_cast, %tmp189_cast" [ADSD/Classifier.cpp:71->ADSD/Classifier.cpp:133]   --->   Operation 1869 'add' 'tmp187' <Predicate = (!exitcond4_i)> <Delay = 0.00> <Core = "TAddSub">   --->   Core 80 'TAddSub' <Latency = 0> <II = 1> <Delay = 2.18> <IPBlock> <Opcode : 'add' 'sub'> <InPorts = 3> <OutPorts = 1> <Sync> <CReg>
ST_6 : Operation 1870 [1/1] (4.37ns) (root node of TernaryAdder)   --->   "%tmp183 = add i32 %tmp184, %tmp187" [ADSD/Classifier.cpp:71->ADSD/Classifier.cpp:133]   --->   Operation 1870 'add' 'tmp183' <Predicate = (!exitcond4_i)> <Delay = 4.37> <Core = "TAddSub">   --->   Core 80 'TAddSub' <Latency = 0> <II = 1> <Delay = 2.18> <IPBlock> <Opcode : 'add' 'sub'> <InPorts = 3> <OutPorts = 1> <Sync> <CReg>
ST_6 : Operation 1871 [1/1] (0.00ns)   --->   "%tmp195_cast = sext i31 %tmp195 to i32" [ADSD/Classifier.cpp:71->ADSD/Classifier.cpp:133]   --->   Operation 1871 'sext' 'tmp195_cast' <Predicate = (!exitcond4_i)> <Delay = 0.00>
ST_6 : Operation 1872 [1/1] (0.00ns)   --->   "%tmp196_cast = sext i31 %tmp196 to i32" [ADSD/Classifier.cpp:71->ADSD/Classifier.cpp:133]   --->   Operation 1872 'sext' 'tmp196_cast' <Predicate = (!exitcond4_i)> <Delay = 0.00>
ST_6 : Operation 1873 [1/1] (0.00ns) (grouped into TernaryAdder)   --->   "%tmp194 = add i32 %tmp195_cast, %tmp196_cast" [ADSD/Classifier.cpp:71->ADSD/Classifier.cpp:133]   --->   Operation 1873 'add' 'tmp194' <Predicate = (!exitcond4_i)> <Delay = 0.00> <Core = "TAddSub">   --->   Core 80 'TAddSub' <Latency = 0> <II = 1> <Delay = 2.18> <IPBlock> <Opcode : 'add' 'sub'> <InPorts = 3> <OutPorts = 1> <Sync> <CReg>
ST_6 : Operation 1874 [1/1] (4.37ns) (root node of TernaryAdder)   --->   "%tmp190 = add i32 %tmp191, %tmp194" [ADSD/Classifier.cpp:71->ADSD/Classifier.cpp:133]   --->   Operation 1874 'add' 'tmp190' <Predicate = (!exitcond4_i)> <Delay = 4.37> <Core = "TAddSub">   --->   Core 80 'TAddSub' <Latency = 0> <II = 1> <Delay = 2.18> <IPBlock> <Opcode : 'add' 'sub'> <InPorts = 3> <OutPorts = 1> <Sync> <CReg>
ST_6 : Operation 1875 [1/1] (0.00ns) (grouped into TernaryAdder)   --->   "%tmp_14 = add i32 %tmp183, %tmp190" [ADSD/Classifier.cpp:71->ADSD/Classifier.cpp:133]   --->   Operation 1875 'add' 'tmp_14' <Predicate = (!exitcond4_i)> <Delay = 0.00> <Core = "TAddSub">   --->   Core 80 'TAddSub' <Latency = 0> <II = 1> <Delay = 2.18> <IPBlock> <Opcode : 'add' 'sub'> <InPorts = 3> <OutPorts = 1> <Sync> <CReg>
ST_6 : Operation 1876 [1/1] (4.37ns) (root node of TernaryAdder)   --->   "%dot_products_13_V_1 = add i32 %tmp_14, %dot_products_13_V" [ADSD/Classifier.cpp:71->ADSD/Classifier.cpp:133]   --->   Operation 1876 'add' 'dot_products_13_V_1' <Predicate = (!exitcond4_i)> <Delay = 4.37> <Core = "TAddSub">   --->   Core 80 'TAddSub' <Latency = 0> <II = 1> <Delay = 2.18> <IPBlock> <Opcode : 'add' 'sub'> <InPorts = 3> <OutPorts = 1> <Sync> <CReg>
ST_6 : Operation 1877 [1/1] (0.00ns)   --->   "%tmp202_cast = sext i31 %tmp202 to i32" [ADSD/Classifier.cpp:71->ADSD/Classifier.cpp:133]   --->   Operation 1877 'sext' 'tmp202_cast' <Predicate = (!exitcond4_i)> <Delay = 0.00>
ST_6 : Operation 1878 [1/1] (0.00ns)   --->   "%tmp203_cast = sext i31 %tmp203 to i32" [ADSD/Classifier.cpp:71->ADSD/Classifier.cpp:133]   --->   Operation 1878 'sext' 'tmp203_cast' <Predicate = (!exitcond4_i)> <Delay = 0.00>
ST_6 : Operation 1879 [1/1] (0.00ns) (grouped into TernaryAdder)   --->   "%tmp201 = add i32 %tmp202_cast, %tmp203_cast" [ADSD/Classifier.cpp:71->ADSD/Classifier.cpp:133]   --->   Operation 1879 'add' 'tmp201' <Predicate = (!exitcond4_i)> <Delay = 0.00> <Core = "TAddSub">   --->   Core 80 'TAddSub' <Latency = 0> <II = 1> <Delay = 2.18> <IPBlock> <Opcode : 'add' 'sub'> <InPorts = 3> <OutPorts = 1> <Sync> <CReg>
ST_6 : Operation 1880 [1/1] (4.37ns) (root node of TernaryAdder)   --->   "%tmp197 = add i32 %tmp198, %tmp201" [ADSD/Classifier.cpp:71->ADSD/Classifier.cpp:133]   --->   Operation 1880 'add' 'tmp197' <Predicate = (!exitcond4_i)> <Delay = 4.37> <Core = "TAddSub">   --->   Core 80 'TAddSub' <Latency = 0> <II = 1> <Delay = 2.18> <IPBlock> <Opcode : 'add' 'sub'> <InPorts = 3> <OutPorts = 1> <Sync> <CReg>
ST_6 : Operation 1881 [1/1] (0.00ns)   --->   "%tmp209_cast = sext i31 %tmp209 to i32" [ADSD/Classifier.cpp:71->ADSD/Classifier.cpp:133]   --->   Operation 1881 'sext' 'tmp209_cast' <Predicate = (!exitcond4_i)> <Delay = 0.00>
ST_6 : Operation 1882 [1/1] (0.00ns)   --->   "%tmp210_cast = sext i31 %tmp210 to i32" [ADSD/Classifier.cpp:71->ADSD/Classifier.cpp:133]   --->   Operation 1882 'sext' 'tmp210_cast' <Predicate = (!exitcond4_i)> <Delay = 0.00>
ST_6 : Operation 1883 [1/1] (0.00ns) (grouped into TernaryAdder)   --->   "%tmp208 = add i32 %tmp209_cast, %tmp210_cast" [ADSD/Classifier.cpp:71->ADSD/Classifier.cpp:133]   --->   Operation 1883 'add' 'tmp208' <Predicate = (!exitcond4_i)> <Delay = 0.00> <Core = "TAddSub">   --->   Core 80 'TAddSub' <Latency = 0> <II = 1> <Delay = 2.18> <IPBlock> <Opcode : 'add' 'sub'> <InPorts = 3> <OutPorts = 1> <Sync> <CReg>
ST_6 : Operation 1884 [1/1] (4.37ns) (root node of TernaryAdder)   --->   "%tmp204 = add i32 %tmp205, %tmp208" [ADSD/Classifier.cpp:71->ADSD/Classifier.cpp:133]   --->   Operation 1884 'add' 'tmp204' <Predicate = (!exitcond4_i)> <Delay = 4.37> <Core = "TAddSub">   --->   Core 80 'TAddSub' <Latency = 0> <II = 1> <Delay = 2.18> <IPBlock> <Opcode : 'add' 'sub'> <InPorts = 3> <OutPorts = 1> <Sync> <CReg>
ST_6 : Operation 1885 [1/1] (0.00ns) (grouped into TernaryAdder)   --->   "%tmp_15 = add i32 %tmp197, %tmp204" [ADSD/Classifier.cpp:71->ADSD/Classifier.cpp:133]   --->   Operation 1885 'add' 'tmp_15' <Predicate = (!exitcond4_i)> <Delay = 0.00> <Core = "TAddSub">   --->   Core 80 'TAddSub' <Latency = 0> <II = 1> <Delay = 2.18> <IPBlock> <Opcode : 'add' 'sub'> <InPorts = 3> <OutPorts = 1> <Sync> <CReg>
ST_6 : Operation 1886 [1/1] (4.37ns) (root node of TernaryAdder)   --->   "%dot_products_14_V_1 = add i32 %tmp_15, %dot_products_14_V" [ADSD/Classifier.cpp:71->ADSD/Classifier.cpp:133]   --->   Operation 1886 'add' 'dot_products_14_V_1' <Predicate = (!exitcond4_i)> <Delay = 4.37> <Core = "TAddSub">   --->   Core 80 'TAddSub' <Latency = 0> <II = 1> <Delay = 2.18> <IPBlock> <Opcode : 'add' 'sub'> <InPorts = 3> <OutPorts = 1> <Sync> <CReg>
ST_6 : Operation 1887 [1/1] (0.00ns)   --->   "%tmp216_cast = sext i31 %tmp216 to i32" [ADSD/Classifier.cpp:71->ADSD/Classifier.cpp:133]   --->   Operation 1887 'sext' 'tmp216_cast' <Predicate = (!exitcond4_i)> <Delay = 0.00>
ST_6 : Operation 1888 [1/1] (0.00ns)   --->   "%tmp217_cast = sext i31 %tmp217 to i32" [ADSD/Classifier.cpp:71->ADSD/Classifier.cpp:133]   --->   Operation 1888 'sext' 'tmp217_cast' <Predicate = (!exitcond4_i)> <Delay = 0.00>
ST_6 : Operation 1889 [1/1] (0.00ns) (grouped into TernaryAdder)   --->   "%tmp215 = add i32 %tmp216_cast, %tmp217_cast" [ADSD/Classifier.cpp:71->ADSD/Classifier.cpp:133]   --->   Operation 1889 'add' 'tmp215' <Predicate = (!exitcond4_i)> <Delay = 0.00> <Core = "TAddSub">   --->   Core 80 'TAddSub' <Latency = 0> <II = 1> <Delay = 2.18> <IPBlock> <Opcode : 'add' 'sub'> <InPorts = 3> <OutPorts = 1> <Sync> <CReg>
ST_6 : Operation 1890 [1/1] (4.37ns) (root node of TernaryAdder)   --->   "%tmp211 = add i32 %tmp212, %tmp215" [ADSD/Classifier.cpp:71->ADSD/Classifier.cpp:133]   --->   Operation 1890 'add' 'tmp211' <Predicate = (!exitcond4_i)> <Delay = 4.37> <Core = "TAddSub">   --->   Core 80 'TAddSub' <Latency = 0> <II = 1> <Delay = 2.18> <IPBlock> <Opcode : 'add' 'sub'> <InPorts = 3> <OutPorts = 1> <Sync> <CReg>
ST_6 : Operation 1891 [1/1] (0.00ns)   --->   "%tmp223_cast = sext i31 %tmp223 to i32" [ADSD/Classifier.cpp:71->ADSD/Classifier.cpp:133]   --->   Operation 1891 'sext' 'tmp223_cast' <Predicate = (!exitcond4_i)> <Delay = 0.00>
ST_6 : Operation 1892 [1/1] (0.00ns)   --->   "%tmp224_cast = sext i31 %tmp224 to i32" [ADSD/Classifier.cpp:71->ADSD/Classifier.cpp:133]   --->   Operation 1892 'sext' 'tmp224_cast' <Predicate = (!exitcond4_i)> <Delay = 0.00>
ST_6 : Operation 1893 [1/1] (0.00ns) (grouped into TernaryAdder)   --->   "%tmp222 = add i32 %tmp223_cast, %tmp224_cast" [ADSD/Classifier.cpp:71->ADSD/Classifier.cpp:133]   --->   Operation 1893 'add' 'tmp222' <Predicate = (!exitcond4_i)> <Delay = 0.00> <Core = "TAddSub">   --->   Core 80 'TAddSub' <Latency = 0> <II = 1> <Delay = 2.18> <IPBlock> <Opcode : 'add' 'sub'> <InPorts = 3> <OutPorts = 1> <Sync> <CReg>
ST_6 : Operation 1894 [1/1] (4.37ns) (root node of TernaryAdder)   --->   "%tmp218 = add i32 %tmp219, %tmp222" [ADSD/Classifier.cpp:71->ADSD/Classifier.cpp:133]   --->   Operation 1894 'add' 'tmp218' <Predicate = (!exitcond4_i)> <Delay = 4.37> <Core = "TAddSub">   --->   Core 80 'TAddSub' <Latency = 0> <II = 1> <Delay = 2.18> <IPBlock> <Opcode : 'add' 'sub'> <InPorts = 3> <OutPorts = 1> <Sync> <CReg>
ST_6 : Operation 1895 [1/1] (0.00ns) (grouped into TernaryAdder)   --->   "%tmp_16 = add i32 %tmp211, %tmp218" [ADSD/Classifier.cpp:71->ADSD/Classifier.cpp:133]   --->   Operation 1895 'add' 'tmp_16' <Predicate = (!exitcond4_i)> <Delay = 0.00> <Core = "TAddSub">   --->   Core 80 'TAddSub' <Latency = 0> <II = 1> <Delay = 2.18> <IPBlock> <Opcode : 'add' 'sub'> <InPorts = 3> <OutPorts = 1> <Sync> <CReg>
ST_6 : Operation 1896 [1/1] (4.37ns) (root node of TernaryAdder)   --->   "%dot_products_15_V_1 = add i32 %tmp_16, %dot_products_15_V" [ADSD/Classifier.cpp:71->ADSD/Classifier.cpp:133]   --->   Operation 1896 'add' 'dot_products_15_V_1' <Predicate = (!exitcond4_i)> <Delay = 4.37> <Core = "TAddSub">   --->   Core 80 'TAddSub' <Latency = 0> <II = 1> <Delay = 2.18> <IPBlock> <Opcode : 'add' 'sub'> <InPorts = 3> <OutPorts = 1> <Sync> <CReg>
ST_6 : Operation 1897 [1/1] (0.00ns)   --->   "br label %.preheader194.0.i" [ADSD/Classifier.cpp:62->ADSD/Classifier.cpp:133]   --->   Operation 1897 'br' <Predicate = (!exitcond4_i)> <Delay = 0.00>

State 7 <SV = 3> <Delay = 1.76>
ST_7 : Operation 1898 [1/1] (1.76ns)   --->   "br label %.preheader193.i" [ADSD/Classifier.cpp:75->ADSD/Classifier.cpp:133]   --->   Operation 1898 'br' <Predicate = true> <Delay = 1.76>

State 8 <SV = 4> <Delay = 5.16>
ST_8 : Operation 1899 [1/1] (0.00ns)   --->   "%k3_i = phi i5 [ %k, %compute_exp.exit5901.i ], [ 0, %.preheader193.i.preheader ]"   --->   Operation 1899 'phi' 'k3_i' <Predicate = true> <Delay = 0.00>
ST_8 : Operation 1900 [1/1] (1.36ns)   --->   "%exitcond5_i = icmp eq i5 %k3_i, -16" [ADSD/Classifier.cpp:75->ADSD/Classifier.cpp:133]   --->   Operation 1900 'icmp' 'exitcond5_i' <Predicate = true> <Delay = 1.36> <Core = "Cmp">   --->   Core 25 'Cmp' <Latency = 0> <II = 1> <Delay = 1.55> <FuncUnit> <Opcode : 'icmp'> <InPorts = 2> <OutPorts = 1>
ST_8 : Operation 1901 [1/1] (0.00ns)   --->   "%empty_86 = call i32 (...)* @_ssdm_op_SpecLoopTripCount(i64 16, i64 16, i64 16)"   --->   Operation 1901 'speclooptripcount' 'empty_86' <Predicate = true> <Delay = 0.00>
ST_8 : Operation 1902 [1/1] (1.78ns)   --->   "%k = add i5 %k3_i, 1" [ADSD/Classifier.cpp:75->ADSD/Classifier.cpp:133]   --->   Operation 1902 'add' 'k' <Predicate = true> <Delay = 1.78> <Core = "AddSub">   --->   Core 14 'AddSub' <Latency = 0> <II = 1> <Delay = 2.55> <FuncUnit> <Opcode : 'add' 'sub'> <InPorts = 2> <OutPorts = 1>
ST_8 : Operation 1903 [1/1] (0.00ns)   --->   "br i1 %exitcond5_i, label %11, label %ap_fixed_base.exit.i" [ADSD/Classifier.cpp:75->ADSD/Classifier.cpp:133]   --->   Operation 1903 'br' <Predicate = true> <Delay = 0.00>
ST_8 : Operation 1904 [1/1] (0.00ns)   --->   "%k3_cast323_i = zext i5 %k3_i to i8" [ADSD/Classifier.cpp:75->ADSD/Classifier.cpp:133]   --->   Operation 1904 'zext' 'k3_cast323_i' <Predicate = (!exitcond5_i)> <Delay = 0.00>
ST_8 : Operation 1905 [1/1] (0.00ns)   --->   "call void (...)* @_ssdm_op_SpecLoopName([17 x i8]* @p_str1344) nounwind" [ADSD/Classifier.cpp:75->ADSD/Classifier.cpp:133]   --->   Operation 1905 'specloopname' <Predicate = (!exitcond5_i)> <Delay = 0.00>
ST_8 : Operation 1906 [1/1] (0.00ns)   --->   "%tmp_324_i = call i32 (...)* @_ssdm_op_SpecRegionBegin([17 x i8]* @p_str1344)" [ADSD/Classifier.cpp:75->ADSD/Classifier.cpp:133]   --->   Operation 1906 'specregionbegin' 'tmp_324_i' <Predicate = (!exitcond5_i)> <Delay = 0.00>
ST_8 : Operation 1907 [1/1] (0.00ns)   --->   "call void (...)* @_ssdm_op_SpecPipeline(i32 1, i32 1, i32 1, i32 0, [1 x i8]* @p_str35) nounwind" [ADSD/Classifier.cpp:76->ADSD/Classifier.cpp:133]   --->   Operation 1907 'specpipeline' <Predicate = (!exitcond5_i)> <Delay = 0.00>
ST_8 : Operation 1908 [1/1] (0.00ns)   --->   "%tmp_272 = trunc i5 %k3_i to i4" [ADSD/Classifier.cpp:75->ADSD/Classifier.cpp:133]   --->   Operation 1908 'trunc' 'tmp_272' <Predicate = (!exitcond5_i)> <Delay = 0.00>
ST_8 : Operation 1909 [1/1] (1.91ns)   --->   "%tmp_1_i = add i8 %i_i, %k3_cast323_i" [ADSD/Classifier.cpp:78->ADSD/Classifier.cpp:133]   --->   Operation 1909 'add' 'tmp_1_i' <Predicate = (!exitcond5_i)> <Delay = 1.91> <Core = "AddSub">   --->   Core 14 'AddSub' <Latency = 0> <II = 1> <Delay = 2.55> <FuncUnit> <Opcode : 'add' 'sub'> <InPorts = 2> <OutPorts = 1>
ST_8 : Operation 1910 [1/1] (0.00ns)   --->   "%newIndex5_i = call i4 @_ssdm_op_PartSelect.i4.i8.i32.i32(i8 %tmp_1_i, i32 4, i32 7)" [ADSD/Classifier.cpp:78->ADSD/Classifier.cpp:133]   --->   Operation 1910 'partselect' 'newIndex5_i' <Predicate = (!exitcond5_i)> <Delay = 0.00>
ST_8 : Operation 1911 [1/1] (0.00ns)   --->   "%newIndex6_i = zext i4 %newIndex5_i to i64" [ADSD/Classifier.cpp:78->ADSD/Classifier.cpp:133]   --->   Operation 1911 'zext' 'newIndex6_i' <Predicate = (!exitcond5_i)> <Delay = 0.00>
ST_8 : Operation 1912 [1/1] (0.00ns)   --->   "%sv_norms_V_0_addr = getelementptr [11 x i30]* @sv_norms_V_0, i64 0, i64 %newIndex6_i" [ADSD/Classifier.cpp:78->ADSD/Classifier.cpp:133]   --->   Operation 1912 'getelementptr' 'sv_norms_V_0_addr' <Predicate = (!exitcond5_i)> <Delay = 0.00>
ST_8 : Operation 1913 [1/1] (0.00ns)   --->   "%sv_norms_V_1_addr = getelementptr [11 x i28]* @sv_norms_V_1, i64 0, i64 %newIndex6_i" [ADSD/Classifier.cpp:78->ADSD/Classifier.cpp:133]   --->   Operation 1913 'getelementptr' 'sv_norms_V_1_addr' <Predicate = (!exitcond5_i)> <Delay = 0.00>
ST_8 : Operation 1914 [1/1] (0.00ns)   --->   "%sv_norms_V_2_addr = getelementptr [11 x i30]* @sv_norms_V_2, i64 0, i64 %newIndex6_i" [ADSD/Classifier.cpp:78->ADSD/Classifier.cpp:133]   --->   Operation 1914 'getelementptr' 'sv_norms_V_2_addr' <Predicate = (!exitcond5_i)> <Delay = 0.00>
ST_8 : Operation 1915 [1/1] (0.00ns)   --->   "%sv_norms_V_3_addr = getelementptr [11 x i28]* @sv_norms_V_3, i64 0, i64 %newIndex6_i" [ADSD/Classifier.cpp:78->ADSD/Classifier.cpp:133]   --->   Operation 1915 'getelementptr' 'sv_norms_V_3_addr' <Predicate = (!exitcond5_i)> <Delay = 0.00>
ST_8 : Operation 1916 [1/1] (0.00ns)   --->   "%sv_norms_V_4_addr = getelementptr [11 x i28]* @sv_norms_V_4, i64 0, i64 %newIndex6_i" [ADSD/Classifier.cpp:78->ADSD/Classifier.cpp:133]   --->   Operation 1916 'getelementptr' 'sv_norms_V_4_addr' <Predicate = (!exitcond5_i)> <Delay = 0.00>
ST_8 : Operation 1917 [1/1] (0.00ns)   --->   "%sv_norms_V_5_addr = getelementptr [10 x i28]* @sv_norms_V_5, i64 0, i64 %newIndex6_i" [ADSD/Classifier.cpp:78->ADSD/Classifier.cpp:133]   --->   Operation 1917 'getelementptr' 'sv_norms_V_5_addr' <Predicate = (!exitcond5_i)> <Delay = 0.00>
ST_8 : Operation 1918 [1/1] (0.00ns)   --->   "%sv_norms_V_6_addr = getelementptr [10 x i29]* @sv_norms_V_6, i64 0, i64 %newIndex6_i" [ADSD/Classifier.cpp:78->ADSD/Classifier.cpp:133]   --->   Operation 1918 'getelementptr' 'sv_norms_V_6_addr' <Predicate = (!exitcond5_i)> <Delay = 0.00>
ST_8 : Operation 1919 [1/1] (0.00ns)   --->   "%sv_norms_V_7_addr = getelementptr [10 x i27]* @sv_norms_V_7, i64 0, i64 %newIndex6_i" [ADSD/Classifier.cpp:78->ADSD/Classifier.cpp:133]   --->   Operation 1919 'getelementptr' 'sv_norms_V_7_addr' <Predicate = (!exitcond5_i)> <Delay = 0.00>
ST_8 : Operation 1920 [1/1] (0.00ns)   --->   "%sv_norms_V_8_addr = getelementptr [10 x i29]* @sv_norms_V_8, i64 0, i64 %newIndex6_i" [ADSD/Classifier.cpp:78->ADSD/Classifier.cpp:133]   --->   Operation 1920 'getelementptr' 'sv_norms_V_8_addr' <Predicate = (!exitcond5_i)> <Delay = 0.00>
ST_8 : Operation 1921 [1/1] (0.00ns)   --->   "%sv_norms_V_9_addr = getelementptr [10 x i29]* @sv_norms_V_9, i64 0, i64 %newIndex6_i" [ADSD/Classifier.cpp:78->ADSD/Classifier.cpp:133]   --->   Operation 1921 'getelementptr' 'sv_norms_V_9_addr' <Predicate = (!exitcond5_i)> <Delay = 0.00>
ST_8 : Operation 1922 [1/1] (0.00ns)   --->   "%sv_norms_V_10_addr = getelementptr [10 x i28]* @sv_norms_V_10, i64 0, i64 %newIndex6_i" [ADSD/Classifier.cpp:78->ADSD/Classifier.cpp:133]   --->   Operation 1922 'getelementptr' 'sv_norms_V_10_addr' <Predicate = (!exitcond5_i)> <Delay = 0.00>
ST_8 : Operation 1923 [1/1] (0.00ns)   --->   "%sv_norms_V_11_addr = getelementptr [10 x i28]* @sv_norms_V_11, i64 0, i64 %newIndex6_i" [ADSD/Classifier.cpp:78->ADSD/Classifier.cpp:133]   --->   Operation 1923 'getelementptr' 'sv_norms_V_11_addr' <Predicate = (!exitcond5_i)> <Delay = 0.00>
ST_8 : Operation 1924 [1/1] (0.00ns)   --->   "%sv_norms_V_12_addr = getelementptr [10 x i29]* @sv_norms_V_12, i64 0, i64 %newIndex6_i" [ADSD/Classifier.cpp:78->ADSD/Classifier.cpp:133]   --->   Operation 1924 'getelementptr' 'sv_norms_V_12_addr' <Predicate = (!exitcond5_i)> <Delay = 0.00>
ST_8 : Operation 1925 [1/1] (0.00ns)   --->   "%sv_norms_V_13_addr = getelementptr [10 x i28]* @sv_norms_V_13, i64 0, i64 %newIndex6_i" [ADSD/Classifier.cpp:78->ADSD/Classifier.cpp:133]   --->   Operation 1925 'getelementptr' 'sv_norms_V_13_addr' <Predicate = (!exitcond5_i)> <Delay = 0.00>
ST_8 : Operation 1926 [1/1] (0.00ns)   --->   "%sv_norms_V_14_addr = getelementptr [10 x i27]* @sv_norms_V_14, i64 0, i64 %newIndex6_i" [ADSD/Classifier.cpp:78->ADSD/Classifier.cpp:133]   --->   Operation 1926 'getelementptr' 'sv_norms_V_14_addr' <Predicate = (!exitcond5_i)> <Delay = 0.00>
ST_8 : Operation 1927 [1/1] (0.00ns)   --->   "%sv_norms_V_15_addr = getelementptr [10 x i30]* @sv_norms_V_15, i64 0, i64 %newIndex6_i" [ADSD/Classifier.cpp:78->ADSD/Classifier.cpp:133]   --->   Operation 1927 'getelementptr' 'sv_norms_V_15_addr' <Predicate = (!exitcond5_i)> <Delay = 0.00>
ST_8 : Operation 1928 [1/1] (1.42ns)   --->   "switch i4 %tmp_272, label %branch15.i [
    i4 0, label %branch0.i
    i4 1, label %branch1.i
    i4 2, label %branch2.i
    i4 3, label %branch3.i
    i4 4, label %branch4.i
    i4 5, label %branch5.i
    i4 6, label %branch6.i
    i4 7, label %branch7.i
    i4 -8, label %branch8.i
    i4 -7, label %branch9.i
    i4 -6, label %branch10.i
    i4 -5, label %branch11.i
    i4 -4, label %branch12.i
    i4 -3, label %branch13.i
    i4 -2, label %branch14.i
  ]" [ADSD/Classifier.cpp:78->ADSD/Classifier.cpp:133]   --->   Operation 1928 'switch' <Predicate = (!exitcond5_i)> <Delay = 1.42>
ST_8 : Operation 1929 [2/2] (3.25ns)   --->   "%sv_norms_V_14_load = load i27* %sv_norms_V_14_addr, align 4" [ADSD/Classifier.cpp:78->ADSD/Classifier.cpp:133]   --->   Operation 1929 'load' 'sv_norms_V_14_load' <Predicate = (!exitcond5_i & tmp_272 == 14)> <Delay = 3.25> <Core = "ROM_nP">   --->   Core 48 'ROM_nP' <Latency = 1> <II = 1> <Delay = 3.25> <Storage> <Opcode : 'load'> <Ports = 0> <Width = 5> <Depth = 11> <ROM>
ST_8 : Operation 1930 [2/2] (3.25ns)   --->   "%sv_norms_V_13_load = load i28* %sv_norms_V_13_addr, align 4" [ADSD/Classifier.cpp:78->ADSD/Classifier.cpp:133]   --->   Operation 1930 'load' 'sv_norms_V_13_load' <Predicate = (!exitcond5_i & tmp_272 == 13)> <Delay = 3.25> <Core = "ROM_nP">   --->   Core 48 'ROM_nP' <Latency = 1> <II = 1> <Delay = 3.25> <Storage> <Opcode : 'load'> <Ports = 0> <Width = 5> <Depth = 11> <ROM>
ST_8 : Operation 1931 [2/2] (3.25ns)   --->   "%sv_norms_V_12_load = load i29* %sv_norms_V_12_addr, align 4" [ADSD/Classifier.cpp:78->ADSD/Classifier.cpp:133]   --->   Operation 1931 'load' 'sv_norms_V_12_load' <Predicate = (!exitcond5_i & tmp_272 == 12)> <Delay = 3.25> <Core = "ROM_nP">   --->   Core 48 'ROM_nP' <Latency = 1> <II = 1> <Delay = 3.25> <Storage> <Opcode : 'load'> <Ports = 0> <Width = 5> <Depth = 11> <ROM>
ST_8 : Operation 1932 [2/2] (3.25ns)   --->   "%sv_norms_V_11_load = load i28* %sv_norms_V_11_addr, align 4" [ADSD/Classifier.cpp:78->ADSD/Classifier.cpp:133]   --->   Operation 1932 'load' 'sv_norms_V_11_load' <Predicate = (!exitcond5_i & tmp_272 == 11)> <Delay = 3.25> <Core = "ROM_nP">   --->   Core 48 'ROM_nP' <Latency = 1> <II = 1> <Delay = 3.25> <Storage> <Opcode : 'load'> <Ports = 0> <Width = 5> <Depth = 11> <ROM>
ST_8 : Operation 1933 [2/2] (3.25ns)   --->   "%sv_norms_V_10_load = load i28* %sv_norms_V_10_addr, align 4" [ADSD/Classifier.cpp:78->ADSD/Classifier.cpp:133]   --->   Operation 1933 'load' 'sv_norms_V_10_load' <Predicate = (!exitcond5_i & tmp_272 == 10)> <Delay = 3.25> <Core = "ROM_nP">   --->   Core 48 'ROM_nP' <Latency = 1> <II = 1> <Delay = 3.25> <Storage> <Opcode : 'load'> <Ports = 0> <Width = 5> <Depth = 11> <ROM>
ST_8 : Operation 1934 [2/2] (3.25ns)   --->   "%sv_norms_V_9_load = load i29* %sv_norms_V_9_addr, align 4" [ADSD/Classifier.cpp:78->ADSD/Classifier.cpp:133]   --->   Operation 1934 'load' 'sv_norms_V_9_load' <Predicate = (!exitcond5_i & tmp_272 == 9)> <Delay = 3.25> <Core = "ROM_nP">   --->   Core 48 'ROM_nP' <Latency = 1> <II = 1> <Delay = 3.25> <Storage> <Opcode : 'load'> <Ports = 0> <Width = 5> <Depth = 11> <ROM>
ST_8 : Operation 1935 [2/2] (3.25ns)   --->   "%sv_norms_V_8_load = load i29* %sv_norms_V_8_addr, align 4" [ADSD/Classifier.cpp:78->ADSD/Classifier.cpp:133]   --->   Operation 1935 'load' 'sv_norms_V_8_load' <Predicate = (!exitcond5_i & tmp_272 == 8)> <Delay = 3.25> <Core = "ROM_nP">   --->   Core 48 'ROM_nP' <Latency = 1> <II = 1> <Delay = 3.25> <Storage> <Opcode : 'load'> <Ports = 0> <Width = 5> <Depth = 11> <ROM>
ST_8 : Operation 1936 [2/2] (3.25ns)   --->   "%sv_norms_V_7_load = load i27* %sv_norms_V_7_addr, align 4" [ADSD/Classifier.cpp:78->ADSD/Classifier.cpp:133]   --->   Operation 1936 'load' 'sv_norms_V_7_load' <Predicate = (!exitcond5_i & tmp_272 == 7)> <Delay = 3.25> <Core = "ROM_nP">   --->   Core 48 'ROM_nP' <Latency = 1> <II = 1> <Delay = 3.25> <Storage> <Opcode : 'load'> <Ports = 0> <Width = 5> <Depth = 11> <ROM>
ST_8 : Operation 1937 [2/2] (3.25ns)   --->   "%sv_norms_V_6_load = load i29* %sv_norms_V_6_addr, align 4" [ADSD/Classifier.cpp:78->ADSD/Classifier.cpp:133]   --->   Operation 1937 'load' 'sv_norms_V_6_load' <Predicate = (!exitcond5_i & tmp_272 == 6)> <Delay = 3.25> <Core = "ROM_nP">   --->   Core 48 'ROM_nP' <Latency = 1> <II = 1> <Delay = 3.25> <Storage> <Opcode : 'load'> <Ports = 0> <Width = 5> <Depth = 11> <ROM>
ST_8 : Operation 1938 [2/2] (3.25ns)   --->   "%sv_norms_V_5_load = load i28* %sv_norms_V_5_addr, align 4" [ADSD/Classifier.cpp:78->ADSD/Classifier.cpp:133]   --->   Operation 1938 'load' 'sv_norms_V_5_load' <Predicate = (!exitcond5_i & tmp_272 == 5)> <Delay = 3.25> <Core = "ROM_nP">   --->   Core 48 'ROM_nP' <Latency = 1> <II = 1> <Delay = 3.25> <Storage> <Opcode : 'load'> <Ports = 0> <Width = 5> <Depth = 11> <ROM>
ST_8 : Operation 1939 [2/2] (3.25ns)   --->   "%sv_norms_V_4_load = load i28* %sv_norms_V_4_addr, align 4" [ADSD/Classifier.cpp:78->ADSD/Classifier.cpp:133]   --->   Operation 1939 'load' 'sv_norms_V_4_load' <Predicate = (!exitcond5_i & tmp_272 == 4)> <Delay = 3.25> <Core = "ROM_nP">   --->   Core 48 'ROM_nP' <Latency = 1> <II = 1> <Delay = 3.25> <Storage> <Opcode : 'load'> <Ports = 0> <Width = 5> <Depth = 11> <ROM>
ST_8 : Operation 1940 [2/2] (3.25ns)   --->   "%sv_norms_V_3_load = load i28* %sv_norms_V_3_addr, align 4" [ADSD/Classifier.cpp:78->ADSD/Classifier.cpp:133]   --->   Operation 1940 'load' 'sv_norms_V_3_load' <Predicate = (!exitcond5_i & tmp_272 == 3)> <Delay = 3.25> <Core = "ROM_nP">   --->   Core 48 'ROM_nP' <Latency = 1> <II = 1> <Delay = 3.25> <Storage> <Opcode : 'load'> <Ports = 0> <Width = 5> <Depth = 11> <ROM>
ST_8 : Operation 1941 [2/2] (3.25ns)   --->   "%sv_norms_V_2_load = load i30* %sv_norms_V_2_addr, align 4" [ADSD/Classifier.cpp:78->ADSD/Classifier.cpp:133]   --->   Operation 1941 'load' 'sv_norms_V_2_load' <Predicate = (!exitcond5_i & tmp_272 == 2)> <Delay = 3.25> <Core = "ROM_nP">   --->   Core 48 'ROM_nP' <Latency = 1> <II = 1> <Delay = 3.25> <Storage> <Opcode : 'load'> <Ports = 0> <Width = 5> <Depth = 11> <ROM>
ST_8 : Operation 1942 [2/2] (3.25ns)   --->   "%sv_norms_V_1_load = load i28* %sv_norms_V_1_addr, align 4" [ADSD/Classifier.cpp:78->ADSD/Classifier.cpp:133]   --->   Operation 1942 'load' 'sv_norms_V_1_load' <Predicate = (!exitcond5_i & tmp_272 == 1)> <Delay = 3.25> <Core = "ROM_nP">   --->   Core 48 'ROM_nP' <Latency = 1> <II = 1> <Delay = 3.25> <Storage> <Opcode : 'load'> <Ports = 0> <Width = 5> <Depth = 11> <ROM>
ST_8 : Operation 1943 [2/2] (3.25ns)   --->   "%sv_norms_V_0_load = load i30* %sv_norms_V_0_addr, align 4" [ADSD/Classifier.cpp:78->ADSD/Classifier.cpp:133]   --->   Operation 1943 'load' 'sv_norms_V_0_load' <Predicate = (!exitcond5_i & tmp_272 == 0)> <Delay = 3.25> <Core = "ROM_nP">   --->   Core 48 'ROM_nP' <Latency = 1> <II = 1> <Delay = 3.25> <Storage> <Opcode : 'load'> <Ports = 0> <Width = 5> <Depth = 11> <ROM>
ST_8 : Operation 1944 [2/2] (3.25ns)   --->   "%sv_norms_V_15_load = load i30* %sv_norms_V_15_addr, align 4" [ADSD/Classifier.cpp:78->ADSD/Classifier.cpp:133]   --->   Operation 1944 'load' 'sv_norms_V_15_load' <Predicate = (!exitcond5_i & tmp_272 == 15)> <Delay = 3.25> <Core = "ROM_nP">   --->   Core 48 'ROM_nP' <Latency = 1> <II = 1> <Delay = 3.25> <Storage> <Opcode : 'load'> <Ports = 0> <Width = 5> <Depth = 11> <ROM>
ST_8 : Operation 1945 [1/1] (0.00ns)   --->   "%alphas_V_1448_addr = getelementptr [11 x i6]* @alphas_V_1448, i64 0, i64 %newIndex6_i" [ADSD/Classifier.cpp:78->ADSD/Classifier.cpp:133]   --->   Operation 1945 'getelementptr' 'alphas_V_1448_addr' <Predicate = (!exitcond5_i & tmp_272 == 14)> <Delay = 0.00>
ST_8 : Operation 1946 [2/2] (3.25ns)   --->   "%alphas_V_1448_load = load i6* %alphas_V_1448_addr, align 1" [ADSD/Classifier.cpp:78->ADSD/Classifier.cpp:133]   --->   Operation 1946 'load' 'alphas_V_1448_load' <Predicate = (!exitcond5_i & tmp_272 == 14)> <Delay = 3.25> <Core = "ROM_nP">   --->   Core 48 'ROM_nP' <Latency = 1> <II = 1> <Delay = 3.25> <Storage> <Opcode : 'load'> <Ports = 0> <Width = 5> <Depth = 11> <ROM>
ST_8 : Operation 1947 [1/1] (0.00ns)   --->   "%alphas_V_1347_addr = getelementptr [11 x i5]* @alphas_V_1347, i64 0, i64 %newIndex6_i" [ADSD/Classifier.cpp:78->ADSD/Classifier.cpp:133]   --->   Operation 1947 'getelementptr' 'alphas_V_1347_addr' <Predicate = (!exitcond5_i & tmp_272 == 13)> <Delay = 0.00>
ST_8 : Operation 1948 [2/2] (3.25ns)   --->   "%alphas_V_1347_load = load i5* %alphas_V_1347_addr, align 1" [ADSD/Classifier.cpp:78->ADSD/Classifier.cpp:133]   --->   Operation 1948 'load' 'alphas_V_1347_load' <Predicate = (!exitcond5_i & tmp_272 == 13)> <Delay = 3.25> <Core = "ROM_nP">   --->   Core 48 'ROM_nP' <Latency = 1> <II = 1> <Delay = 3.25> <Storage> <Opcode : 'load'> <Ports = 0> <Width = 5> <Depth = 11> <ROM>
ST_8 : Operation 1949 [1/1] (0.00ns)   --->   "%alphas_V_1246_addr = getelementptr [11 x i5]* @alphas_V_1246, i64 0, i64 %newIndex6_i" [ADSD/Classifier.cpp:78->ADSD/Classifier.cpp:133]   --->   Operation 1949 'getelementptr' 'alphas_V_1246_addr' <Predicate = (!exitcond5_i & tmp_272 == 12)> <Delay = 0.00>
ST_8 : Operation 1950 [2/2] (3.25ns)   --->   "%alphas_V_1246_load = load i5* %alphas_V_1246_addr, align 1" [ADSD/Classifier.cpp:78->ADSD/Classifier.cpp:133]   --->   Operation 1950 'load' 'alphas_V_1246_load' <Predicate = (!exitcond5_i & tmp_272 == 12)> <Delay = 3.25> <Core = "ROM_nP">   --->   Core 48 'ROM_nP' <Latency = 1> <II = 1> <Delay = 3.25> <Storage> <Opcode : 'load'> <Ports = 0> <Width = 5> <Depth = 11> <ROM>
ST_8 : Operation 1951 [1/1] (0.00ns)   --->   "%alphas_V_1145_addr = getelementptr [11 x i7]* @alphas_V_1145, i64 0, i64 %newIndex6_i" [ADSD/Classifier.cpp:78->ADSD/Classifier.cpp:133]   --->   Operation 1951 'getelementptr' 'alphas_V_1145_addr' <Predicate = (!exitcond5_i & tmp_272 == 11)> <Delay = 0.00>
ST_8 : Operation 1952 [2/2] (3.25ns)   --->   "%alphas_V_1145_load = load i7* %alphas_V_1145_addr, align 1" [ADSD/Classifier.cpp:78->ADSD/Classifier.cpp:133]   --->   Operation 1952 'load' 'alphas_V_1145_load' <Predicate = (!exitcond5_i & tmp_272 == 11)> <Delay = 3.25> <Core = "ROM_nP">   --->   Core 48 'ROM_nP' <Latency = 1> <II = 1> <Delay = 3.25> <Storage> <Opcode : 'load'> <Ports = 0> <Width = 5> <Depth = 11> <ROM>
ST_8 : Operation 1953 [1/1] (0.00ns)   --->   "%alphas_V_1044_addr = getelementptr [11 x i6]* @alphas_V_1044, i64 0, i64 %newIndex6_i" [ADSD/Classifier.cpp:78->ADSD/Classifier.cpp:133]   --->   Operation 1953 'getelementptr' 'alphas_V_1044_addr' <Predicate = (!exitcond5_i & tmp_272 == 10)> <Delay = 0.00>
ST_8 : Operation 1954 [2/2] (3.25ns)   --->   "%alphas_V_1044_load = load i6* %alphas_V_1044_addr, align 1" [ADSD/Classifier.cpp:78->ADSD/Classifier.cpp:133]   --->   Operation 1954 'load' 'alphas_V_1044_load' <Predicate = (!exitcond5_i & tmp_272 == 10)> <Delay = 3.25> <Core = "ROM_nP">   --->   Core 48 'ROM_nP' <Latency = 1> <II = 1> <Delay = 3.25> <Storage> <Opcode : 'load'> <Ports = 0> <Width = 5> <Depth = 11> <ROM>
ST_8 : Operation 1955 [1/1] (0.00ns)   --->   "%alphas_V_957_addr = getelementptr [11 x i5]* @alphas_V_957, i64 0, i64 %newIndex6_i" [ADSD/Classifier.cpp:78->ADSD/Classifier.cpp:133]   --->   Operation 1955 'getelementptr' 'alphas_V_957_addr' <Predicate = (!exitcond5_i & tmp_272 == 9)> <Delay = 0.00>
ST_8 : Operation 1956 [2/2] (3.25ns)   --->   "%alphas_V_957_load = load i5* %alphas_V_957_addr, align 1" [ADSD/Classifier.cpp:78->ADSD/Classifier.cpp:133]   --->   Operation 1956 'load' 'alphas_V_957_load' <Predicate = (!exitcond5_i & tmp_272 == 9)> <Delay = 3.25> <Core = "ROM_nP">   --->   Core 48 'ROM_nP' <Latency = 1> <II = 1> <Delay = 3.25> <Storage> <Opcode : 'load'> <Ports = 0> <Width = 5> <Depth = 11> <ROM>
ST_8 : Operation 1957 [1/1] (0.00ns)   --->   "%alphas_V_856_addr = getelementptr [11 x i5]* @alphas_V_856, i64 0, i64 %newIndex6_i" [ADSD/Classifier.cpp:78->ADSD/Classifier.cpp:133]   --->   Operation 1957 'getelementptr' 'alphas_V_856_addr' <Predicate = (!exitcond5_i & tmp_272 == 8)> <Delay = 0.00>
ST_8 : Operation 1958 [2/2] (3.25ns)   --->   "%alphas_V_856_load = load i5* %alphas_V_856_addr, align 1" [ADSD/Classifier.cpp:78->ADSD/Classifier.cpp:133]   --->   Operation 1958 'load' 'alphas_V_856_load' <Predicate = (!exitcond5_i & tmp_272 == 8)> <Delay = 3.25> <Core = "ROM_nP">   --->   Core 48 'ROM_nP' <Latency = 1> <II = 1> <Delay = 3.25> <Storage> <Opcode : 'load'> <Ports = 0> <Width = 5> <Depth = 11> <ROM>
ST_8 : Operation 1959 [1/1] (0.00ns)   --->   "%alphas_V_755_addr = getelementptr [11 x i6]* @alphas_V_755, i64 0, i64 %newIndex6_i" [ADSD/Classifier.cpp:78->ADSD/Classifier.cpp:133]   --->   Operation 1959 'getelementptr' 'alphas_V_755_addr' <Predicate = (!exitcond5_i & tmp_272 == 7)> <Delay = 0.00>
ST_8 : Operation 1960 [2/2] (3.25ns)   --->   "%alphas_V_755_load = load i6* %alphas_V_755_addr, align 1" [ADSD/Classifier.cpp:78->ADSD/Classifier.cpp:133]   --->   Operation 1960 'load' 'alphas_V_755_load' <Predicate = (!exitcond5_i & tmp_272 == 7)> <Delay = 3.25> <Core = "ROM_nP">   --->   Core 48 'ROM_nP' <Latency = 1> <II = 1> <Delay = 3.25> <Storage> <Opcode : 'load'> <Ports = 0> <Width = 5> <Depth = 11> <ROM>
ST_8 : Operation 1961 [1/1] (0.00ns)   --->   "%alphas_V_654_addr = getelementptr [11 x i5]* @alphas_V_654, i64 0, i64 %newIndex6_i" [ADSD/Classifier.cpp:78->ADSD/Classifier.cpp:133]   --->   Operation 1961 'getelementptr' 'alphas_V_654_addr' <Predicate = (!exitcond5_i & tmp_272 == 6)> <Delay = 0.00>
ST_8 : Operation 1962 [2/2] (3.25ns)   --->   "%alphas_V_654_load = load i5* %alphas_V_654_addr, align 1" [ADSD/Classifier.cpp:78->ADSD/Classifier.cpp:133]   --->   Operation 1962 'load' 'alphas_V_654_load' <Predicate = (!exitcond5_i & tmp_272 == 6)> <Delay = 3.25> <Core = "ROM_nP">   --->   Core 48 'ROM_nP' <Latency = 1> <II = 1> <Delay = 3.25> <Storage> <Opcode : 'load'> <Ports = 0> <Width = 5> <Depth = 11> <ROM>
ST_8 : Operation 1963 [1/1] (0.00ns)   --->   "%alphas_V_553_addr = getelementptr [11 x i5]* @alphas_V_553, i64 0, i64 %newIndex6_i" [ADSD/Classifier.cpp:78->ADSD/Classifier.cpp:133]   --->   Operation 1963 'getelementptr' 'alphas_V_553_addr' <Predicate = (!exitcond5_i & tmp_272 == 5)> <Delay = 0.00>
ST_8 : Operation 1964 [2/2] (3.25ns)   --->   "%alphas_V_553_load = load i5* %alphas_V_553_addr, align 1" [ADSD/Classifier.cpp:78->ADSD/Classifier.cpp:133]   --->   Operation 1964 'load' 'alphas_V_553_load' <Predicate = (!exitcond5_i & tmp_272 == 5)> <Delay = 3.25> <Core = "ROM_nP">   --->   Core 48 'ROM_nP' <Latency = 1> <II = 1> <Delay = 3.25> <Storage> <Opcode : 'load'> <Ports = 0> <Width = 5> <Depth = 11> <ROM>
ST_8 : Operation 1965 [1/1] (0.00ns)   --->   "%alphas_V_452_addr = getelementptr [11 x i6]* @alphas_V_452, i64 0, i64 %newIndex6_i" [ADSD/Classifier.cpp:78->ADSD/Classifier.cpp:133]   --->   Operation 1965 'getelementptr' 'alphas_V_452_addr' <Predicate = (!exitcond5_i & tmp_272 == 4)> <Delay = 0.00>
ST_8 : Operation 1966 [2/2] (3.25ns)   --->   "%alphas_V_452_load = load i6* %alphas_V_452_addr, align 1" [ADSD/Classifier.cpp:78->ADSD/Classifier.cpp:133]   --->   Operation 1966 'load' 'alphas_V_452_load' <Predicate = (!exitcond5_i & tmp_272 == 4)> <Delay = 3.25> <Core = "ROM_nP">   --->   Core 48 'ROM_nP' <Latency = 1> <II = 1> <Delay = 3.25> <Storage> <Opcode : 'load'> <Ports = 0> <Width = 5> <Depth = 11> <ROM>
ST_8 : Operation 1967 [1/1] (0.00ns)   --->   "%alphas_V_351_addr = getelementptr [11 x i8]* @alphas_V_351, i64 0, i64 %newIndex6_i" [ADSD/Classifier.cpp:78->ADSD/Classifier.cpp:133]   --->   Operation 1967 'getelementptr' 'alphas_V_351_addr' <Predicate = (!exitcond5_i & tmp_272 == 3)> <Delay = 0.00>
ST_8 : Operation 1968 [2/2] (3.25ns)   --->   "%alphas_V_351_load = load i8* %alphas_V_351_addr, align 1" [ADSD/Classifier.cpp:78->ADSD/Classifier.cpp:133]   --->   Operation 1968 'load' 'alphas_V_351_load' <Predicate = (!exitcond5_i & tmp_272 == 3)> <Delay = 3.25> <Core = "ROM_nP">   --->   Core 48 'ROM_nP' <Latency = 1> <II = 1> <Delay = 3.25> <Storage> <Opcode : 'load'> <Ports = 0> <Width = 5> <Depth = 11> <ROM>
ST_8 : Operation 1969 [1/1] (0.00ns)   --->   "%alphas_V_250_addr = getelementptr [11 x i6]* @alphas_V_250, i64 0, i64 %newIndex6_i" [ADSD/Classifier.cpp:78->ADSD/Classifier.cpp:133]   --->   Operation 1969 'getelementptr' 'alphas_V_250_addr' <Predicate = (!exitcond5_i & tmp_272 == 2)> <Delay = 0.00>
ST_8 : Operation 1970 [2/2] (3.25ns)   --->   "%alphas_V_250_load = load i6* %alphas_V_250_addr, align 1" [ADSD/Classifier.cpp:78->ADSD/Classifier.cpp:133]   --->   Operation 1970 'load' 'alphas_V_250_load' <Predicate = (!exitcond5_i & tmp_272 == 2)> <Delay = 3.25> <Core = "ROM_nP">   --->   Core 48 'ROM_nP' <Latency = 1> <II = 1> <Delay = 3.25> <Storage> <Opcode : 'load'> <Ports = 0> <Width = 5> <Depth = 11> <ROM>
ST_8 : Operation 1971 [1/1] (0.00ns)   --->   "%alphas_V_143_addr = getelementptr [11 x i6]* @alphas_V_143, i64 0, i64 %newIndex6_i" [ADSD/Classifier.cpp:78->ADSD/Classifier.cpp:133]   --->   Operation 1971 'getelementptr' 'alphas_V_143_addr' <Predicate = (!exitcond5_i & tmp_272 == 1)> <Delay = 0.00>
ST_8 : Operation 1972 [2/2] (3.25ns)   --->   "%alphas_V_143_load = load i6* %alphas_V_143_addr, align 1" [ADSD/Classifier.cpp:78->ADSD/Classifier.cpp:133]   --->   Operation 1972 'load' 'alphas_V_143_load' <Predicate = (!exitcond5_i & tmp_272 == 1)> <Delay = 3.25> <Core = "ROM_nP">   --->   Core 48 'ROM_nP' <Latency = 1> <II = 1> <Delay = 3.25> <Storage> <Opcode : 'load'> <Ports = 0> <Width = 5> <Depth = 11> <ROM>
ST_8 : Operation 1973 [1/1] (0.00ns)   --->   "%alphas_V_0_addr = getelementptr [11 x i7]* @alphas_V_0, i64 0, i64 %newIndex6_i" [ADSD/Classifier.cpp:78->ADSD/Classifier.cpp:133]   --->   Operation 1973 'getelementptr' 'alphas_V_0_addr' <Predicate = (!exitcond5_i & tmp_272 == 0)> <Delay = 0.00>
ST_8 : Operation 1974 [2/2] (3.25ns)   --->   "%alphas_V_0_load = load i7* %alphas_V_0_addr, align 1" [ADSD/Classifier.cpp:78->ADSD/Classifier.cpp:133]   --->   Operation 1974 'load' 'alphas_V_0_load' <Predicate = (!exitcond5_i & tmp_272 == 0)> <Delay = 3.25> <Core = "ROM_nP">   --->   Core 48 'ROM_nP' <Latency = 1> <II = 1> <Delay = 3.25> <Storage> <Opcode : 'load'> <Ports = 0> <Width = 5> <Depth = 11> <ROM>
ST_8 : Operation 1975 [1/1] (0.00ns)   --->   "%alphas_V_1549_addr = getelementptr [11 x i5]* @alphas_V_1549, i64 0, i64 %newIndex6_i" [ADSD/Classifier.cpp:78->ADSD/Classifier.cpp:133]   --->   Operation 1975 'getelementptr' 'alphas_V_1549_addr' <Predicate = (!exitcond5_i & tmp_272 == 15)> <Delay = 0.00>
ST_8 : Operation 1976 [2/2] (3.25ns)   --->   "%alphas_V_1549_load = load i5* %alphas_V_1549_addr, align 1" [ADSD/Classifier.cpp:78->ADSD/Classifier.cpp:133]   --->   Operation 1976 'load' 'alphas_V_1549_load' <Predicate = (!exitcond5_i & tmp_272 == 15)> <Delay = 3.25> <Core = "ROM_nP">   --->   Core 48 'ROM_nP' <Latency = 1> <II = 1> <Delay = 3.25> <Storage> <Opcode : 'load'> <Ports = 0> <Width = 5> <Depth = 11> <ROM>

State 9 <SV = 5> <Delay = 3.25>
ST_9 : Operation 1977 [1/2] (3.25ns)   --->   "%sv_norms_V_14_load = load i27* %sv_norms_V_14_addr, align 4" [ADSD/Classifier.cpp:78->ADSD/Classifier.cpp:133]   --->   Operation 1977 'load' 'sv_norms_V_14_load' <Predicate = (!exitcond5_i & tmp_272 == 14)> <Delay = 3.25> <Core = "ROM_nP">   --->   Core 48 'ROM_nP' <Latency = 1> <II = 1> <Delay = 3.25> <Storage> <Opcode : 'load'> <Ports = 0> <Width = 5> <Depth = 11> <ROM>
ST_9 : Operation 1978 [1/1] (0.00ns)   --->   "%sv_norms_V_14_load_c = zext i27 %sv_norms_V_14_load to i30" [ADSD/Classifier.cpp:78->ADSD/Classifier.cpp:133]   --->   Operation 1978 'zext' 'sv_norms_V_14_load_c' <Predicate = (!exitcond5_i & tmp_272 == 14)> <Delay = 0.00>
ST_9 : Operation 1979 [1/1] (2.19ns)   --->   "br label %ap_fixed_base.exit5596.i" [ADSD/Classifier.cpp:78->ADSD/Classifier.cpp:133]   --->   Operation 1979 'br' <Predicate = (!exitcond5_i & tmp_272 == 14)> <Delay = 2.19>
ST_9 : Operation 1980 [1/2] (3.25ns)   --->   "%sv_norms_V_13_load = load i28* %sv_norms_V_13_addr, align 4" [ADSD/Classifier.cpp:78->ADSD/Classifier.cpp:133]   --->   Operation 1980 'load' 'sv_norms_V_13_load' <Predicate = (!exitcond5_i & tmp_272 == 13)> <Delay = 3.25> <Core = "ROM_nP">   --->   Core 48 'ROM_nP' <Latency = 1> <II = 1> <Delay = 3.25> <Storage> <Opcode : 'load'> <Ports = 0> <Width = 5> <Depth = 11> <ROM>
ST_9 : Operation 1981 [1/1] (0.00ns)   --->   "%sv_norms_V_13_load_c = zext i28 %sv_norms_V_13_load to i30" [ADSD/Classifier.cpp:78->ADSD/Classifier.cpp:133]   --->   Operation 1981 'zext' 'sv_norms_V_13_load_c' <Predicate = (!exitcond5_i & tmp_272 == 13)> <Delay = 0.00>
ST_9 : Operation 1982 [1/1] (2.19ns)   --->   "br label %ap_fixed_base.exit5596.i" [ADSD/Classifier.cpp:78->ADSD/Classifier.cpp:133]   --->   Operation 1982 'br' <Predicate = (!exitcond5_i & tmp_272 == 13)> <Delay = 2.19>
ST_9 : Operation 1983 [1/2] (3.25ns)   --->   "%sv_norms_V_12_load = load i29* %sv_norms_V_12_addr, align 4" [ADSD/Classifier.cpp:78->ADSD/Classifier.cpp:133]   --->   Operation 1983 'load' 'sv_norms_V_12_load' <Predicate = (!exitcond5_i & tmp_272 == 12)> <Delay = 3.25> <Core = "ROM_nP">   --->   Core 48 'ROM_nP' <Latency = 1> <II = 1> <Delay = 3.25> <Storage> <Opcode : 'load'> <Ports = 0> <Width = 5> <Depth = 11> <ROM>
ST_9 : Operation 1984 [1/1] (0.00ns)   --->   "%sv_norms_V_12_load_c = zext i29 %sv_norms_V_12_load to i30" [ADSD/Classifier.cpp:78->ADSD/Classifier.cpp:133]   --->   Operation 1984 'zext' 'sv_norms_V_12_load_c' <Predicate = (!exitcond5_i & tmp_272 == 12)> <Delay = 0.00>
ST_9 : Operation 1985 [1/1] (2.19ns)   --->   "br label %ap_fixed_base.exit5596.i" [ADSD/Classifier.cpp:78->ADSD/Classifier.cpp:133]   --->   Operation 1985 'br' <Predicate = (!exitcond5_i & tmp_272 == 12)> <Delay = 2.19>
ST_9 : Operation 1986 [1/2] (3.25ns)   --->   "%sv_norms_V_11_load = load i28* %sv_norms_V_11_addr, align 4" [ADSD/Classifier.cpp:78->ADSD/Classifier.cpp:133]   --->   Operation 1986 'load' 'sv_norms_V_11_load' <Predicate = (!exitcond5_i & tmp_272 == 11)> <Delay = 3.25> <Core = "ROM_nP">   --->   Core 48 'ROM_nP' <Latency = 1> <II = 1> <Delay = 3.25> <Storage> <Opcode : 'load'> <Ports = 0> <Width = 5> <Depth = 11> <ROM>
ST_9 : Operation 1987 [1/1] (0.00ns)   --->   "%sv_norms_V_11_load_c = sext i28 %sv_norms_V_11_load to i30" [ADSD/Classifier.cpp:78->ADSD/Classifier.cpp:133]   --->   Operation 1987 'sext' 'sv_norms_V_11_load_c' <Predicate = (!exitcond5_i & tmp_272 == 11)> <Delay = 0.00>
ST_9 : Operation 1988 [1/1] (2.19ns)   --->   "br label %ap_fixed_base.exit5596.i" [ADSD/Classifier.cpp:78->ADSD/Classifier.cpp:133]   --->   Operation 1988 'br' <Predicate = (!exitcond5_i & tmp_272 == 11)> <Delay = 2.19>
ST_9 : Operation 1989 [1/2] (3.25ns)   --->   "%sv_norms_V_10_load = load i28* %sv_norms_V_10_addr, align 4" [ADSD/Classifier.cpp:78->ADSD/Classifier.cpp:133]   --->   Operation 1989 'load' 'sv_norms_V_10_load' <Predicate = (!exitcond5_i & tmp_272 == 10)> <Delay = 3.25> <Core = "ROM_nP">   --->   Core 48 'ROM_nP' <Latency = 1> <II = 1> <Delay = 3.25> <Storage> <Opcode : 'load'> <Ports = 0> <Width = 5> <Depth = 11> <ROM>
ST_9 : Operation 1990 [1/1] (0.00ns)   --->   "%sv_norms_V_10_load_c = zext i28 %sv_norms_V_10_load to i30" [ADSD/Classifier.cpp:78->ADSD/Classifier.cpp:133]   --->   Operation 1990 'zext' 'sv_norms_V_10_load_c' <Predicate = (!exitcond5_i & tmp_272 == 10)> <Delay = 0.00>
ST_9 : Operation 1991 [1/1] (2.19ns)   --->   "br label %ap_fixed_base.exit5596.i" [ADSD/Classifier.cpp:78->ADSD/Classifier.cpp:133]   --->   Operation 1991 'br' <Predicate = (!exitcond5_i & tmp_272 == 10)> <Delay = 2.19>
ST_9 : Operation 1992 [1/2] (3.25ns)   --->   "%sv_norms_V_9_load = load i29* %sv_norms_V_9_addr, align 4" [ADSD/Classifier.cpp:78->ADSD/Classifier.cpp:133]   --->   Operation 1992 'load' 'sv_norms_V_9_load' <Predicate = (!exitcond5_i & tmp_272 == 9)> <Delay = 3.25> <Core = "ROM_nP">   --->   Core 48 'ROM_nP' <Latency = 1> <II = 1> <Delay = 3.25> <Storage> <Opcode : 'load'> <Ports = 0> <Width = 5> <Depth = 11> <ROM>
ST_9 : Operation 1993 [1/1] (0.00ns)   --->   "%sv_norms_V_9_load_ca = zext i29 %sv_norms_V_9_load to i30" [ADSD/Classifier.cpp:78->ADSD/Classifier.cpp:133]   --->   Operation 1993 'zext' 'sv_norms_V_9_load_ca' <Predicate = (!exitcond5_i & tmp_272 == 9)> <Delay = 0.00>
ST_9 : Operation 1994 [1/1] (2.19ns)   --->   "br label %ap_fixed_base.exit5596.i" [ADSD/Classifier.cpp:78->ADSD/Classifier.cpp:133]   --->   Operation 1994 'br' <Predicate = (!exitcond5_i & tmp_272 == 9)> <Delay = 2.19>
ST_9 : Operation 1995 [1/2] (3.25ns)   --->   "%sv_norms_V_8_load = load i29* %sv_norms_V_8_addr, align 4" [ADSD/Classifier.cpp:78->ADSD/Classifier.cpp:133]   --->   Operation 1995 'load' 'sv_norms_V_8_load' <Predicate = (!exitcond5_i & tmp_272 == 8)> <Delay = 3.25> <Core = "ROM_nP">   --->   Core 48 'ROM_nP' <Latency = 1> <II = 1> <Delay = 3.25> <Storage> <Opcode : 'load'> <Ports = 0> <Width = 5> <Depth = 11> <ROM>
ST_9 : Operation 1996 [1/1] (0.00ns)   --->   "%sv_norms_V_8_load_ca = zext i29 %sv_norms_V_8_load to i30" [ADSD/Classifier.cpp:78->ADSD/Classifier.cpp:133]   --->   Operation 1996 'zext' 'sv_norms_V_8_load_ca' <Predicate = (!exitcond5_i & tmp_272 == 8)> <Delay = 0.00>
ST_9 : Operation 1997 [1/1] (2.19ns)   --->   "br label %ap_fixed_base.exit5596.i" [ADSD/Classifier.cpp:78->ADSD/Classifier.cpp:133]   --->   Operation 1997 'br' <Predicate = (!exitcond5_i & tmp_272 == 8)> <Delay = 2.19>
ST_9 : Operation 1998 [1/2] (3.25ns)   --->   "%sv_norms_V_7_load = load i27* %sv_norms_V_7_addr, align 4" [ADSD/Classifier.cpp:78->ADSD/Classifier.cpp:133]   --->   Operation 1998 'load' 'sv_norms_V_7_load' <Predicate = (!exitcond5_i & tmp_272 == 7)> <Delay = 3.25> <Core = "ROM_nP">   --->   Core 48 'ROM_nP' <Latency = 1> <II = 1> <Delay = 3.25> <Storage> <Opcode : 'load'> <Ports = 0> <Width = 5> <Depth = 11> <ROM>
ST_9 : Operation 1999 [1/1] (0.00ns)   --->   "%sv_norms_V_7_load_ca = zext i27 %sv_norms_V_7_load to i30" [ADSD/Classifier.cpp:78->ADSD/Classifier.cpp:133]   --->   Operation 1999 'zext' 'sv_norms_V_7_load_ca' <Predicate = (!exitcond5_i & tmp_272 == 7)> <Delay = 0.00>
ST_9 : Operation 2000 [1/1] (2.19ns)   --->   "br label %ap_fixed_base.exit5596.i" [ADSD/Classifier.cpp:78->ADSD/Classifier.cpp:133]   --->   Operation 2000 'br' <Predicate = (!exitcond5_i & tmp_272 == 7)> <Delay = 2.19>
ST_9 : Operation 2001 [1/2] (3.25ns)   --->   "%sv_norms_V_6_load = load i29* %sv_norms_V_6_addr, align 4" [ADSD/Classifier.cpp:78->ADSD/Classifier.cpp:133]   --->   Operation 2001 'load' 'sv_norms_V_6_load' <Predicate = (!exitcond5_i & tmp_272 == 6)> <Delay = 3.25> <Core = "ROM_nP">   --->   Core 48 'ROM_nP' <Latency = 1> <II = 1> <Delay = 3.25> <Storage> <Opcode : 'load'> <Ports = 0> <Width = 5> <Depth = 11> <ROM>
ST_9 : Operation 2002 [1/1] (0.00ns)   --->   "%sv_norms_V_6_load_ca = zext i29 %sv_norms_V_6_load to i30" [ADSD/Classifier.cpp:78->ADSD/Classifier.cpp:133]   --->   Operation 2002 'zext' 'sv_norms_V_6_load_ca' <Predicate = (!exitcond5_i & tmp_272 == 6)> <Delay = 0.00>
ST_9 : Operation 2003 [1/1] (2.19ns)   --->   "br label %ap_fixed_base.exit5596.i" [ADSD/Classifier.cpp:78->ADSD/Classifier.cpp:133]   --->   Operation 2003 'br' <Predicate = (!exitcond5_i & tmp_272 == 6)> <Delay = 2.19>
ST_9 : Operation 2004 [1/2] (3.25ns)   --->   "%sv_norms_V_5_load = load i28* %sv_norms_V_5_addr, align 4" [ADSD/Classifier.cpp:78->ADSD/Classifier.cpp:133]   --->   Operation 2004 'load' 'sv_norms_V_5_load' <Predicate = (!exitcond5_i & tmp_272 == 5)> <Delay = 3.25> <Core = "ROM_nP">   --->   Core 48 'ROM_nP' <Latency = 1> <II = 1> <Delay = 3.25> <Storage> <Opcode : 'load'> <Ports = 0> <Width = 5> <Depth = 11> <ROM>
ST_9 : Operation 2005 [1/1] (0.00ns)   --->   "%sv_norms_V_5_load_ca = zext i28 %sv_norms_V_5_load to i30" [ADSD/Classifier.cpp:78->ADSD/Classifier.cpp:133]   --->   Operation 2005 'zext' 'sv_norms_V_5_load_ca' <Predicate = (!exitcond5_i & tmp_272 == 5)> <Delay = 0.00>
ST_9 : Operation 2006 [1/1] (2.19ns)   --->   "br label %ap_fixed_base.exit5596.i" [ADSD/Classifier.cpp:78->ADSD/Classifier.cpp:133]   --->   Operation 2006 'br' <Predicate = (!exitcond5_i & tmp_272 == 5)> <Delay = 2.19>
ST_9 : Operation 2007 [1/2] (3.25ns)   --->   "%sv_norms_V_4_load = load i28* %sv_norms_V_4_addr, align 4" [ADSD/Classifier.cpp:78->ADSD/Classifier.cpp:133]   --->   Operation 2007 'load' 'sv_norms_V_4_load' <Predicate = (!exitcond5_i & tmp_272 == 4)> <Delay = 3.25> <Core = "ROM_nP">   --->   Core 48 'ROM_nP' <Latency = 1> <II = 1> <Delay = 3.25> <Storage> <Opcode : 'load'> <Ports = 0> <Width = 5> <Depth = 11> <ROM>
ST_9 : Operation 2008 [1/1] (0.00ns)   --->   "%sv_norms_V_4_load_ca = zext i28 %sv_norms_V_4_load to i30" [ADSD/Classifier.cpp:78->ADSD/Classifier.cpp:133]   --->   Operation 2008 'zext' 'sv_norms_V_4_load_ca' <Predicate = (!exitcond5_i & tmp_272 == 4)> <Delay = 0.00>
ST_9 : Operation 2009 [1/1] (2.19ns)   --->   "br label %ap_fixed_base.exit5596.i" [ADSD/Classifier.cpp:78->ADSD/Classifier.cpp:133]   --->   Operation 2009 'br' <Predicate = (!exitcond5_i & tmp_272 == 4)> <Delay = 2.19>
ST_9 : Operation 2010 [1/2] (3.25ns)   --->   "%sv_norms_V_3_load = load i28* %sv_norms_V_3_addr, align 4" [ADSD/Classifier.cpp:78->ADSD/Classifier.cpp:133]   --->   Operation 2010 'load' 'sv_norms_V_3_load' <Predicate = (!exitcond5_i & tmp_272 == 3)> <Delay = 3.25> <Core = "ROM_nP">   --->   Core 48 'ROM_nP' <Latency = 1> <II = 1> <Delay = 3.25> <Storage> <Opcode : 'load'> <Ports = 0> <Width = 5> <Depth = 11> <ROM>
ST_9 : Operation 2011 [1/1] (0.00ns)   --->   "%sv_norms_V_3_load_ca = zext i28 %sv_norms_V_3_load to i30" [ADSD/Classifier.cpp:78->ADSD/Classifier.cpp:133]   --->   Operation 2011 'zext' 'sv_norms_V_3_load_ca' <Predicate = (!exitcond5_i & tmp_272 == 3)> <Delay = 0.00>
ST_9 : Operation 2012 [1/1] (2.19ns)   --->   "br label %ap_fixed_base.exit5596.i" [ADSD/Classifier.cpp:78->ADSD/Classifier.cpp:133]   --->   Operation 2012 'br' <Predicate = (!exitcond5_i & tmp_272 == 3)> <Delay = 2.19>
ST_9 : Operation 2013 [1/2] (3.25ns)   --->   "%sv_norms_V_2_load = load i30* %sv_norms_V_2_addr, align 4" [ADSD/Classifier.cpp:78->ADSD/Classifier.cpp:133]   --->   Operation 2013 'load' 'sv_norms_V_2_load' <Predicate = (!exitcond5_i & tmp_272 == 2)> <Delay = 3.25> <Core = "ROM_nP">   --->   Core 48 'ROM_nP' <Latency = 1> <II = 1> <Delay = 3.25> <Storage> <Opcode : 'load'> <Ports = 0> <Width = 5> <Depth = 11> <ROM>
ST_9 : Operation 2014 [1/1] (2.19ns)   --->   "br label %ap_fixed_base.exit5596.i" [ADSD/Classifier.cpp:78->ADSD/Classifier.cpp:133]   --->   Operation 2014 'br' <Predicate = (!exitcond5_i & tmp_272 == 2)> <Delay = 2.19>
ST_9 : Operation 2015 [1/2] (3.25ns)   --->   "%sv_norms_V_1_load = load i28* %sv_norms_V_1_addr, align 4" [ADSD/Classifier.cpp:78->ADSD/Classifier.cpp:133]   --->   Operation 2015 'load' 'sv_norms_V_1_load' <Predicate = (!exitcond5_i & tmp_272 == 1)> <Delay = 3.25> <Core = "ROM_nP">   --->   Core 48 'ROM_nP' <Latency = 1> <II = 1> <Delay = 3.25> <Storage> <Opcode : 'load'> <Ports = 0> <Width = 5> <Depth = 11> <ROM>
ST_9 : Operation 2016 [1/1] (0.00ns)   --->   "%sv_norms_V_1_load_ca = zext i28 %sv_norms_V_1_load to i30" [ADSD/Classifier.cpp:78->ADSD/Classifier.cpp:133]   --->   Operation 2016 'zext' 'sv_norms_V_1_load_ca' <Predicate = (!exitcond5_i & tmp_272 == 1)> <Delay = 0.00>
ST_9 : Operation 2017 [1/1] (2.19ns)   --->   "br label %ap_fixed_base.exit5596.i" [ADSD/Classifier.cpp:78->ADSD/Classifier.cpp:133]   --->   Operation 2017 'br' <Predicate = (!exitcond5_i & tmp_272 == 1)> <Delay = 2.19>
ST_9 : Operation 2018 [1/2] (3.25ns)   --->   "%sv_norms_V_0_load = load i30* %sv_norms_V_0_addr, align 4" [ADSD/Classifier.cpp:78->ADSD/Classifier.cpp:133]   --->   Operation 2018 'load' 'sv_norms_V_0_load' <Predicate = (!exitcond5_i & tmp_272 == 0)> <Delay = 3.25> <Core = "ROM_nP">   --->   Core 48 'ROM_nP' <Latency = 1> <II = 1> <Delay = 3.25> <Storage> <Opcode : 'load'> <Ports = 0> <Width = 5> <Depth = 11> <ROM>
ST_9 : Operation 2019 [1/1] (2.19ns)   --->   "br label %ap_fixed_base.exit5596.i" [ADSD/Classifier.cpp:78->ADSD/Classifier.cpp:133]   --->   Operation 2019 'br' <Predicate = (!exitcond5_i & tmp_272 == 0)> <Delay = 2.19>
ST_9 : Operation 2020 [1/2] (3.25ns)   --->   "%sv_norms_V_15_load = load i30* %sv_norms_V_15_addr, align 4" [ADSD/Classifier.cpp:78->ADSD/Classifier.cpp:133]   --->   Operation 2020 'load' 'sv_norms_V_15_load' <Predicate = (!exitcond5_i & tmp_272 == 15)> <Delay = 3.25> <Core = "ROM_nP">   --->   Core 48 'ROM_nP' <Latency = 1> <II = 1> <Delay = 3.25> <Storage> <Opcode : 'load'> <Ports = 0> <Width = 5> <Depth = 11> <ROM>
ST_9 : Operation 2021 [1/1] (2.19ns)   --->   "br label %ap_fixed_base.exit5596.i" [ADSD/Classifier.cpp:78->ADSD/Classifier.cpp:133]   --->   Operation 2021 'br' <Predicate = (!exitcond5_i & tmp_272 == 15)> <Delay = 2.19>
ST_9 : Operation 2022 [1/2] (3.25ns)   --->   "%alphas_V_1448_load = load i6* %alphas_V_1448_addr, align 1" [ADSD/Classifier.cpp:78->ADSD/Classifier.cpp:133]   --->   Operation 2022 'load' 'alphas_V_1448_load' <Predicate = (!exitcond5_i & tmp_272 == 14)> <Delay = 3.25> <Core = "ROM_nP">   --->   Core 48 'ROM_nP' <Latency = 1> <II = 1> <Delay = 3.25> <Storage> <Opcode : 'load'> <Ports = 0> <Width = 5> <Depth = 11> <ROM>
ST_9 : Operation 2023 [1/1] (0.00ns)   --->   "%alphas_V_1448_load_i = sext i6 %alphas_V_1448_load to i8" [ADSD/Classifier.cpp:78->ADSD/Classifier.cpp:133]   --->   Operation 2023 'sext' 'alphas_V_1448_load_i' <Predicate = (!exitcond5_i & tmp_272 == 14)> <Delay = 0.00>
ST_9 : Operation 2024 [1/1] (2.19ns)   --->   "br label %"aesl_mux_load.16[11 x i8]P.i32.i64.exit""   --->   Operation 2024 'br' <Predicate = (!exitcond5_i & tmp_272 == 14)> <Delay = 2.19>
ST_9 : Operation 2025 [1/2] (3.25ns)   --->   "%alphas_V_1347_load = load i5* %alphas_V_1347_addr, align 1" [ADSD/Classifier.cpp:78->ADSD/Classifier.cpp:133]   --->   Operation 2025 'load' 'alphas_V_1347_load' <Predicate = (!exitcond5_i & tmp_272 == 13)> <Delay = 3.25> <Core = "ROM_nP">   --->   Core 48 'ROM_nP' <Latency = 1> <II = 1> <Delay = 3.25> <Storage> <Opcode : 'load'> <Ports = 0> <Width = 5> <Depth = 11> <ROM>
ST_9 : Operation 2026 [1/1] (0.00ns)   --->   "%alphas_V_1347_load_i = sext i5 %alphas_V_1347_load to i8" [ADSD/Classifier.cpp:78->ADSD/Classifier.cpp:133]   --->   Operation 2026 'sext' 'alphas_V_1347_load_i' <Predicate = (!exitcond5_i & tmp_272 == 13)> <Delay = 0.00>
ST_9 : Operation 2027 [1/1] (2.19ns)   --->   "br label %"aesl_mux_load.16[11 x i8]P.i32.i64.exit""   --->   Operation 2027 'br' <Predicate = (!exitcond5_i & tmp_272 == 13)> <Delay = 2.19>
ST_9 : Operation 2028 [1/2] (3.25ns)   --->   "%alphas_V_1246_load = load i5* %alphas_V_1246_addr, align 1" [ADSD/Classifier.cpp:78->ADSD/Classifier.cpp:133]   --->   Operation 2028 'load' 'alphas_V_1246_load' <Predicate = (!exitcond5_i & tmp_272 == 12)> <Delay = 3.25> <Core = "ROM_nP">   --->   Core 48 'ROM_nP' <Latency = 1> <II = 1> <Delay = 3.25> <Storage> <Opcode : 'load'> <Ports = 0> <Width = 5> <Depth = 11> <ROM>
ST_9 : Operation 2029 [1/1] (0.00ns)   --->   "%alphas_V_1246_load_i = sext i5 %alphas_V_1246_load to i8" [ADSD/Classifier.cpp:78->ADSD/Classifier.cpp:133]   --->   Operation 2029 'sext' 'alphas_V_1246_load_i' <Predicate = (!exitcond5_i & tmp_272 == 12)> <Delay = 0.00>
ST_9 : Operation 2030 [1/1] (2.19ns)   --->   "br label %"aesl_mux_load.16[11 x i8]P.i32.i64.exit""   --->   Operation 2030 'br' <Predicate = (!exitcond5_i & tmp_272 == 12)> <Delay = 2.19>
ST_9 : Operation 2031 [1/2] (3.25ns)   --->   "%alphas_V_1145_load = load i7* %alphas_V_1145_addr, align 1" [ADSD/Classifier.cpp:78->ADSD/Classifier.cpp:133]   --->   Operation 2031 'load' 'alphas_V_1145_load' <Predicate = (!exitcond5_i & tmp_272 == 11)> <Delay = 3.25> <Core = "ROM_nP">   --->   Core 48 'ROM_nP' <Latency = 1> <II = 1> <Delay = 3.25> <Storage> <Opcode : 'load'> <Ports = 0> <Width = 5> <Depth = 11> <ROM>
ST_9 : Operation 2032 [1/1] (0.00ns)   --->   "%alphas_V_1145_load_i = sext i7 %alphas_V_1145_load to i8" [ADSD/Classifier.cpp:78->ADSD/Classifier.cpp:133]   --->   Operation 2032 'sext' 'alphas_V_1145_load_i' <Predicate = (!exitcond5_i & tmp_272 == 11)> <Delay = 0.00>
ST_9 : Operation 2033 [1/1] (2.19ns)   --->   "br label %"aesl_mux_load.16[11 x i8]P.i32.i64.exit""   --->   Operation 2033 'br' <Predicate = (!exitcond5_i & tmp_272 == 11)> <Delay = 2.19>
ST_9 : Operation 2034 [1/2] (3.25ns)   --->   "%alphas_V_1044_load = load i6* %alphas_V_1044_addr, align 1" [ADSD/Classifier.cpp:78->ADSD/Classifier.cpp:133]   --->   Operation 2034 'load' 'alphas_V_1044_load' <Predicate = (!exitcond5_i & tmp_272 == 10)> <Delay = 3.25> <Core = "ROM_nP">   --->   Core 48 'ROM_nP' <Latency = 1> <II = 1> <Delay = 3.25> <Storage> <Opcode : 'load'> <Ports = 0> <Width = 5> <Depth = 11> <ROM>
ST_9 : Operation 2035 [1/1] (0.00ns)   --->   "%alphas_V_1044_load_i = sext i6 %alphas_V_1044_load to i8" [ADSD/Classifier.cpp:78->ADSD/Classifier.cpp:133]   --->   Operation 2035 'sext' 'alphas_V_1044_load_i' <Predicate = (!exitcond5_i & tmp_272 == 10)> <Delay = 0.00>
ST_9 : Operation 2036 [1/1] (2.19ns)   --->   "br label %"aesl_mux_load.16[11 x i8]P.i32.i64.exit""   --->   Operation 2036 'br' <Predicate = (!exitcond5_i & tmp_272 == 10)> <Delay = 2.19>
ST_9 : Operation 2037 [1/2] (3.25ns)   --->   "%alphas_V_957_load = load i5* %alphas_V_957_addr, align 1" [ADSD/Classifier.cpp:78->ADSD/Classifier.cpp:133]   --->   Operation 2037 'load' 'alphas_V_957_load' <Predicate = (!exitcond5_i & tmp_272 == 9)> <Delay = 3.25> <Core = "ROM_nP">   --->   Core 48 'ROM_nP' <Latency = 1> <II = 1> <Delay = 3.25> <Storage> <Opcode : 'load'> <Ports = 0> <Width = 5> <Depth = 11> <ROM>
ST_9 : Operation 2038 [1/1] (0.00ns)   --->   "%alphas_V_957_load_i_s = sext i5 %alphas_V_957_load to i8" [ADSD/Classifier.cpp:78->ADSD/Classifier.cpp:133]   --->   Operation 2038 'sext' 'alphas_V_957_load_i_s' <Predicate = (!exitcond5_i & tmp_272 == 9)> <Delay = 0.00>
ST_9 : Operation 2039 [1/1] (2.19ns)   --->   "br label %"aesl_mux_load.16[11 x i8]P.i32.i64.exit""   --->   Operation 2039 'br' <Predicate = (!exitcond5_i & tmp_272 == 9)> <Delay = 2.19>
ST_9 : Operation 2040 [1/2] (3.25ns)   --->   "%alphas_V_856_load = load i5* %alphas_V_856_addr, align 1" [ADSD/Classifier.cpp:78->ADSD/Classifier.cpp:133]   --->   Operation 2040 'load' 'alphas_V_856_load' <Predicate = (!exitcond5_i & tmp_272 == 8)> <Delay = 3.25> <Core = "ROM_nP">   --->   Core 48 'ROM_nP' <Latency = 1> <II = 1> <Delay = 3.25> <Storage> <Opcode : 'load'> <Ports = 0> <Width = 5> <Depth = 11> <ROM>
ST_9 : Operation 2041 [1/1] (0.00ns)   --->   "%alphas_V_856_load_i_s = sext i5 %alphas_V_856_load to i8" [ADSD/Classifier.cpp:78->ADSD/Classifier.cpp:133]   --->   Operation 2041 'sext' 'alphas_V_856_load_i_s' <Predicate = (!exitcond5_i & tmp_272 == 8)> <Delay = 0.00>
ST_9 : Operation 2042 [1/1] (2.19ns)   --->   "br label %"aesl_mux_load.16[11 x i8]P.i32.i64.exit""   --->   Operation 2042 'br' <Predicate = (!exitcond5_i & tmp_272 == 8)> <Delay = 2.19>
ST_9 : Operation 2043 [1/2] (3.25ns)   --->   "%alphas_V_755_load = load i6* %alphas_V_755_addr, align 1" [ADSD/Classifier.cpp:78->ADSD/Classifier.cpp:133]   --->   Operation 2043 'load' 'alphas_V_755_load' <Predicate = (!exitcond5_i & tmp_272 == 7)> <Delay = 3.25> <Core = "ROM_nP">   --->   Core 48 'ROM_nP' <Latency = 1> <II = 1> <Delay = 3.25> <Storage> <Opcode : 'load'> <Ports = 0> <Width = 5> <Depth = 11> <ROM>
ST_9 : Operation 2044 [1/1] (0.00ns)   --->   "%alphas_V_755_load_i_s = sext i6 %alphas_V_755_load to i8" [ADSD/Classifier.cpp:78->ADSD/Classifier.cpp:133]   --->   Operation 2044 'sext' 'alphas_V_755_load_i_s' <Predicate = (!exitcond5_i & tmp_272 == 7)> <Delay = 0.00>
ST_9 : Operation 2045 [1/1] (2.19ns)   --->   "br label %"aesl_mux_load.16[11 x i8]P.i32.i64.exit""   --->   Operation 2045 'br' <Predicate = (!exitcond5_i & tmp_272 == 7)> <Delay = 2.19>
ST_9 : Operation 2046 [1/2] (3.25ns)   --->   "%alphas_V_654_load = load i5* %alphas_V_654_addr, align 1" [ADSD/Classifier.cpp:78->ADSD/Classifier.cpp:133]   --->   Operation 2046 'load' 'alphas_V_654_load' <Predicate = (!exitcond5_i & tmp_272 == 6)> <Delay = 3.25> <Core = "ROM_nP">   --->   Core 48 'ROM_nP' <Latency = 1> <II = 1> <Delay = 3.25> <Storage> <Opcode : 'load'> <Ports = 0> <Width = 5> <Depth = 11> <ROM>
ST_9 : Operation 2047 [1/1] (0.00ns)   --->   "%alphas_V_654_load_i_s = sext i5 %alphas_V_654_load to i8" [ADSD/Classifier.cpp:78->ADSD/Classifier.cpp:133]   --->   Operation 2047 'sext' 'alphas_V_654_load_i_s' <Predicate = (!exitcond5_i & tmp_272 == 6)> <Delay = 0.00>
ST_9 : Operation 2048 [1/1] (2.19ns)   --->   "br label %"aesl_mux_load.16[11 x i8]P.i32.i64.exit""   --->   Operation 2048 'br' <Predicate = (!exitcond5_i & tmp_272 == 6)> <Delay = 2.19>
ST_9 : Operation 2049 [1/2] (3.25ns)   --->   "%alphas_V_553_load = load i5* %alphas_V_553_addr, align 1" [ADSD/Classifier.cpp:78->ADSD/Classifier.cpp:133]   --->   Operation 2049 'load' 'alphas_V_553_load' <Predicate = (!exitcond5_i & tmp_272 == 5)> <Delay = 3.25> <Core = "ROM_nP">   --->   Core 48 'ROM_nP' <Latency = 1> <II = 1> <Delay = 3.25> <Storage> <Opcode : 'load'> <Ports = 0> <Width = 5> <Depth = 11> <ROM>
ST_9 : Operation 2050 [1/1] (0.00ns)   --->   "%alphas_V_553_load_i_s = sext i5 %alphas_V_553_load to i8" [ADSD/Classifier.cpp:78->ADSD/Classifier.cpp:133]   --->   Operation 2050 'sext' 'alphas_V_553_load_i_s' <Predicate = (!exitcond5_i & tmp_272 == 5)> <Delay = 0.00>
ST_9 : Operation 2051 [1/1] (2.19ns)   --->   "br label %"aesl_mux_load.16[11 x i8]P.i32.i64.exit""   --->   Operation 2051 'br' <Predicate = (!exitcond5_i & tmp_272 == 5)> <Delay = 2.19>
ST_9 : Operation 2052 [1/2] (3.25ns)   --->   "%alphas_V_452_load = load i6* %alphas_V_452_addr, align 1" [ADSD/Classifier.cpp:78->ADSD/Classifier.cpp:133]   --->   Operation 2052 'load' 'alphas_V_452_load' <Predicate = (!exitcond5_i & tmp_272 == 4)> <Delay = 3.25> <Core = "ROM_nP">   --->   Core 48 'ROM_nP' <Latency = 1> <II = 1> <Delay = 3.25> <Storage> <Opcode : 'load'> <Ports = 0> <Width = 5> <Depth = 11> <ROM>
ST_9 : Operation 2053 [1/1] (0.00ns)   --->   "%alphas_V_452_load_i_s = sext i6 %alphas_V_452_load to i8" [ADSD/Classifier.cpp:78->ADSD/Classifier.cpp:133]   --->   Operation 2053 'sext' 'alphas_V_452_load_i_s' <Predicate = (!exitcond5_i & tmp_272 == 4)> <Delay = 0.00>
ST_9 : Operation 2054 [1/1] (2.19ns)   --->   "br label %"aesl_mux_load.16[11 x i8]P.i32.i64.exit""   --->   Operation 2054 'br' <Predicate = (!exitcond5_i & tmp_272 == 4)> <Delay = 2.19>
ST_9 : Operation 2055 [1/2] (3.25ns)   --->   "%alphas_V_351_load = load i8* %alphas_V_351_addr, align 1" [ADSD/Classifier.cpp:78->ADSD/Classifier.cpp:133]   --->   Operation 2055 'load' 'alphas_V_351_load' <Predicate = (!exitcond5_i & tmp_272 == 3)> <Delay = 3.25> <Core = "ROM_nP">   --->   Core 48 'ROM_nP' <Latency = 1> <II = 1> <Delay = 3.25> <Storage> <Opcode : 'load'> <Ports = 0> <Width = 5> <Depth = 11> <ROM>
ST_9 : Operation 2056 [1/1] (2.19ns)   --->   "br label %"aesl_mux_load.16[11 x i8]P.i32.i64.exit""   --->   Operation 2056 'br' <Predicate = (!exitcond5_i & tmp_272 == 3)> <Delay = 2.19>
ST_9 : Operation 2057 [1/2] (3.25ns)   --->   "%alphas_V_250_load = load i6* %alphas_V_250_addr, align 1" [ADSD/Classifier.cpp:78->ADSD/Classifier.cpp:133]   --->   Operation 2057 'load' 'alphas_V_250_load' <Predicate = (!exitcond5_i & tmp_272 == 2)> <Delay = 3.25> <Core = "ROM_nP">   --->   Core 48 'ROM_nP' <Latency = 1> <II = 1> <Delay = 3.25> <Storage> <Opcode : 'load'> <Ports = 0> <Width = 5> <Depth = 11> <ROM>
ST_9 : Operation 2058 [1/1] (0.00ns)   --->   "%alphas_V_250_load_i_s = sext i6 %alphas_V_250_load to i8" [ADSD/Classifier.cpp:78->ADSD/Classifier.cpp:133]   --->   Operation 2058 'sext' 'alphas_V_250_load_i_s' <Predicate = (!exitcond5_i & tmp_272 == 2)> <Delay = 0.00>
ST_9 : Operation 2059 [1/1] (2.19ns)   --->   "br label %"aesl_mux_load.16[11 x i8]P.i32.i64.exit""   --->   Operation 2059 'br' <Predicate = (!exitcond5_i & tmp_272 == 2)> <Delay = 2.19>
ST_9 : Operation 2060 [1/2] (3.25ns)   --->   "%alphas_V_143_load = load i6* %alphas_V_143_addr, align 1" [ADSD/Classifier.cpp:78->ADSD/Classifier.cpp:133]   --->   Operation 2060 'load' 'alphas_V_143_load' <Predicate = (!exitcond5_i & tmp_272 == 1)> <Delay = 3.25> <Core = "ROM_nP">   --->   Core 48 'ROM_nP' <Latency = 1> <II = 1> <Delay = 3.25> <Storage> <Opcode : 'load'> <Ports = 0> <Width = 5> <Depth = 11> <ROM>
ST_9 : Operation 2061 [1/1] (0.00ns)   --->   "%alphas_V_143_load_i_s = sext i6 %alphas_V_143_load to i8" [ADSD/Classifier.cpp:78->ADSD/Classifier.cpp:133]   --->   Operation 2061 'sext' 'alphas_V_143_load_i_s' <Predicate = (!exitcond5_i & tmp_272 == 1)> <Delay = 0.00>
ST_9 : Operation 2062 [1/1] (2.19ns)   --->   "br label %"aesl_mux_load.16[11 x i8]P.i32.i64.exit""   --->   Operation 2062 'br' <Predicate = (!exitcond5_i & tmp_272 == 1)> <Delay = 2.19>
ST_9 : Operation 2063 [1/2] (3.25ns)   --->   "%alphas_V_0_load = load i7* %alphas_V_0_addr, align 1" [ADSD/Classifier.cpp:78->ADSD/Classifier.cpp:133]   --->   Operation 2063 'load' 'alphas_V_0_load' <Predicate = (!exitcond5_i & tmp_272 == 0)> <Delay = 3.25> <Core = "ROM_nP">   --->   Core 48 'ROM_nP' <Latency = 1> <II = 1> <Delay = 3.25> <Storage> <Opcode : 'load'> <Ports = 0> <Width = 5> <Depth = 11> <ROM>
ST_9 : Operation 2064 [1/1] (0.00ns)   --->   "%alphas_V_0_load_i_ca = sext i7 %alphas_V_0_load to i8" [ADSD/Classifier.cpp:78->ADSD/Classifier.cpp:133]   --->   Operation 2064 'sext' 'alphas_V_0_load_i_ca' <Predicate = (!exitcond5_i & tmp_272 == 0)> <Delay = 0.00>
ST_9 : Operation 2065 [1/1] (2.19ns)   --->   "br label %"aesl_mux_load.16[11 x i8]P.i32.i64.exit""   --->   Operation 2065 'br' <Predicate = (!exitcond5_i & tmp_272 == 0)> <Delay = 2.19>
ST_9 : Operation 2066 [1/2] (3.25ns)   --->   "%alphas_V_1549_load = load i5* %alphas_V_1549_addr, align 1" [ADSD/Classifier.cpp:78->ADSD/Classifier.cpp:133]   --->   Operation 2066 'load' 'alphas_V_1549_load' <Predicate = (!exitcond5_i & tmp_272 == 15)> <Delay = 3.25> <Core = "ROM_nP">   --->   Core 48 'ROM_nP' <Latency = 1> <II = 1> <Delay = 3.25> <Storage> <Opcode : 'load'> <Ports = 0> <Width = 5> <Depth = 11> <ROM>
ST_9 : Operation 2067 [1/1] (0.00ns)   --->   "%alphas_V_1549_load_i = sext i5 %alphas_V_1549_load to i8" [ADSD/Classifier.cpp:78->ADSD/Classifier.cpp:133]   --->   Operation 2067 'sext' 'alphas_V_1549_load_i' <Predicate = (!exitcond5_i & tmp_272 == 15)> <Delay = 0.00>
ST_9 : Operation 2068 [1/1] (2.19ns)   --->   "br label %"aesl_mux_load.16[11 x i8]P.i32.i64.exit""   --->   Operation 2068 'br' <Predicate = (!exitcond5_i & tmp_272 == 15)> <Delay = 2.19>

State 10 <SV = 6> <Delay = 6.43>
ST_10 : Operation 2069 [1/1] (0.00ns)   --->   "%p_Val2_1 = phi i30 [ %sv_norms_V_0_load, %branch0.i ], [ %sv_norms_V_1_load_ca, %branch1.i ], [ %sv_norms_V_2_load, %branch2.i ], [ %sv_norms_V_3_load_ca, %branch3.i ], [ %sv_norms_V_4_load_ca, %branch4.i ], [ %sv_norms_V_5_load_ca, %branch5.i ], [ %sv_norms_V_6_load_ca, %branch6.i ], [ %sv_norms_V_7_load_ca, %branch7.i ], [ %sv_norms_V_8_load_ca, %branch8.i ], [ %sv_norms_V_9_load_ca, %branch9.i ], [ %sv_norms_V_10_load_c, %branch10.i ], [ %sv_norms_V_11_load_c, %branch11.i ], [ %sv_norms_V_12_load_c, %branch12.i ], [ %sv_norms_V_13_load_c, %branch13.i ], [ %sv_norms_V_14_load_c, %branch14.i ], [ %sv_norms_V_15_load, %branch15.i ]" [ADSD/Classifier.cpp:78->ADSD/Classifier.cpp:133]   --->   Operation 2069 'phi' 'p_Val2_1' <Predicate = (!exitcond5_i)> <Delay = 0.00>
ST_10 : Operation 2070 [1/1] (0.00ns)   --->   "%p_Val2_6_cast_i = zext i30 %p_Val2_1 to i32" [ADSD/Classifier.cpp:78->ADSD/Classifier.cpp:133]   --->   Operation 2070 'zext' 'p_Val2_6_cast_i' <Predicate = (!exitcond5_i)> <Delay = 0.00>
ST_10 : Operation 2071 [1/1] (2.06ns)   --->   "%tmp_17 = call i32 @_ssdm_op_Mux.ap_auto.16i32.i4(i32 %dot_products_0_V, i32 %dot_products_1_V, i32 %dot_products_2_V, i32 %dot_products_3_V, i32 %dot_products_4_V, i32 %dot_products_5_V, i32 %dot_products_6_V, i32 %dot_products_7_V, i32 %dot_products_8_V, i32 %dot_products_9_V, i32 %dot_products_10_V, i32 %dot_products_11_V, i32 %dot_products_12_V, i32 %dot_products_13_V, i32 %dot_products_14_V, i32 %dot_products_15_V, i4 %tmp_272)" [ADSD/Classifier.cpp:71->ADSD/Classifier.cpp:133]   --->   Operation 2071 'mux' 'tmp_17' <Predicate = (!exitcond5_i)> <Delay = 2.06> <Core = "MuxnS">   --->   Core 31 'MuxnS' <Latency = 0> <II = 1> <Delay = 2.06> <FuncUnit> <Opcode : 'mux'> <InPorts = 2> <OutPorts = 1>
ST_10 : Operation 2072 [1/1] (0.00ns) (grouped into TernaryAdder)   --->   "%p_Val2_i = add i32 %p_Val2_6_cast_i, %p_Val2_cast_i" [ADSD/Classifier.cpp:80->ADSD/Classifier.cpp:133]   --->   Operation 2072 'add' 'p_Val2_i' <Predicate = (!exitcond5_i)> <Delay = 0.00> <Core = "TAddSub">   --->   Core 80 'TAddSub' <Latency = 0> <II = 1> <Delay = 2.18> <IPBlock> <Opcode : 'add' 'sub'> <InPorts = 3> <OutPorts = 1> <Sync> <CReg>
ST_10 : Operation 2073 [1/1] (0.00ns)   --->   "%p_Val2_2 = shl i32 %tmp_17, 1" [ADSD/Classifier.cpp:80->ADSD/Classifier.cpp:133]   --->   Operation 2073 'shl' 'p_Val2_2' <Predicate = (!exitcond5_i)> <Delay = 0.00>
ST_10 : Operation 2074 [1/1] (4.37ns) (root node of TernaryAdder)   --->   "%dist_sq_V = sub i32 %p_Val2_i, %p_Val2_2" [ADSD/Classifier.cpp:80->ADSD/Classifier.cpp:133]   --->   Operation 2074 'sub' 'dist_sq_V' <Predicate = (!exitcond5_i)> <Delay = 4.37> <Core = "TAddSub">   --->   Core 80 'TAddSub' <Latency = 0> <II = 1> <Delay = 2.18> <IPBlock> <Opcode : 'add' 'sub'> <InPorts = 3> <OutPorts = 1> <Sync> <CReg>
ST_10 : Operation 2075 [1/1] (0.00ns)   --->   "%tmp_274 = trunc i32 %dist_sq_V to i31" [ADSD/Classifier.cpp:80->ADSD/Classifier.cpp:133]   --->   Operation 2075 'trunc' 'tmp_274' <Predicate = (!exitcond5_i)> <Delay = 0.00>
ST_10 : Operation 2076 [1/1] (0.00ns)   --->   "%tmp_275 = call i1 @_ssdm_op_BitSelect.i1.i32.i32(i32 %dist_sq_V, i32 31)" [ADSD/Classifier.cpp:83->ADSD/Classifier.cpp:133]   --->   Operation 2076 'bitselect' 'tmp_275' <Predicate = (!exitcond5_i)> <Delay = 0.00>
ST_10 : Operation 2077 [1/1] (0.00ns)   --->   "%UnifiedRetVal_i = phi i8 [ %alphas_V_0_load_i_ca, %case0.i ], [ %alphas_V_143_load_i_s, %case1.i ], [ %alphas_V_250_load_i_s, %case2.i ], [ %alphas_V_351_load, %case3.i ], [ %alphas_V_452_load_i_s, %case4.i ], [ %alphas_V_553_load_i_s, %case5.i ], [ %alphas_V_654_load_i_s, %case6.i ], [ %alphas_V_755_load_i_s, %case7.i ], [ %alphas_V_856_load_i_s, %case8.i ], [ %alphas_V_957_load_i_s, %case9.i ], [ %alphas_V_1044_load_i, %case10.i ], [ %alphas_V_1145_load_i, %case11.i ], [ %alphas_V_1246_load_i, %case12.i ], [ %alphas_V_1347_load_i, %case13.i ], [ %alphas_V_1448_load_i, %case14.i ], [ %alphas_V_1549_load_i, %case15.i ]" [ADSD/Classifier.cpp:78->ADSD/Classifier.cpp:133]   --->   Operation 2077 'phi' 'UnifiedRetVal_i' <Predicate = true> <Delay = 0.00>
ST_10 : Operation 2078 [1/1] (1.42ns)   --->   "switch i4 %tmp_272, label %branch31.i [
    i4 0, label %"aesl_mux_load.16[11 x i8]P.i32.i64.exit.compute_exp.exit5901.i_crit_edge"
    i4 1, label %branch17.i
    i4 2, label %branch18.i
    i4 3, label %branch19.i
    i4 4, label %branch20.i
    i4 5, label %branch21.i
    i4 6, label %branch22.i
    i4 7, label %branch23.i
    i4 -8, label %branch24.i
    i4 -7, label %branch25.i
    i4 -6, label %branch26.i
    i4 -5, label %branch27.i
    i4 -4, label %branch28.i
    i4 -3, label %branch29.i
    i4 -2, label %branch30.i
  ]" [ADSD/Classifier.cpp:86->ADSD/Classifier.cpp:133]   --->   Operation 2078 'switch' <Predicate = true> <Delay = 1.42>

State 11 <SV = 7> <Delay = 5.10>
ST_11 : Operation 2079 [1/1] (0.73ns)   --->   "%p_Val2_i_87 = select i1 %tmp_275, i31 0, i31 %tmp_274" [ADSD/Classifier.cpp:83->ADSD/Classifier.cpp:133]   --->   Operation 2079 'select' 'p_Val2_i_87' <Predicate = (!exitcond5_i)> <Delay = 0.73> <Core = "Sel">   --->   Core 26 'Sel' <Latency = 0> <II = 1> <Delay = 0.69> <FuncUnit> <Opcode : 'select'> <InPorts = 3> <OutPorts = 1>
ST_11 : Operation 2080 [1/1] (0.00ns)   --->   "%p_Val2_cast_i_88 = zext i31 %p_Val2_i_87 to i32" [ADSD/Classifier.cpp:83->ADSD/Classifier.cpp:133]   --->   Operation 2080 'zext' 'p_Val2_cast_i_88' <Predicate = (!exitcond5_i)> <Delay = 0.00>
ST_11 : Operation 2081 [1/1] (0.00ns)   --->   "%tmp_276 = trunc i31 %p_Val2_i_87 to i30" [ADSD/Classifier.cpp:83->ADSD/Classifier.cpp:133]   --->   Operation 2081 'trunc' 'tmp_276' <Predicate = (!exitcond5_i)> <Delay = 0.00>
ST_11 : Operation 2082 [1/1] (0.00ns)   --->   "%p_shl_i = call i32 @_ssdm_op_BitConcatenate.i32.i30.i2(i30 %tmp_276, i2 0)" [ADSD/Classifier.cpp:85->ADSD/Classifier.cpp:133]   --->   Operation 2082 'bitconcatenate' 'p_shl_i' <Predicate = (!exitcond5_i)> <Delay = 0.00>
ST_11 : Operation 2083 [1/1] (0.00ns) (grouped into TernaryAdder)   --->   "%p_neg_i = sub i32 0, %p_shl_i" [ADSD/Classifier.cpp:85->ADSD/Classifier.cpp:133]   --->   Operation 2083 'sub' 'p_neg_i' <Predicate = (!exitcond5_i)> <Delay = 0.00> <Core = "TAddSub">   --->   Core 80 'TAddSub' <Latency = 0> <II = 1> <Delay = 2.18> <IPBlock> <Opcode : 'add' 'sub'> <InPorts = 3> <OutPorts = 1> <Sync> <CReg>
ST_11 : Operation 2084 [1/1] (4.37ns) (root node of TernaryAdder)   --->   "%p_Val2_3 = sub i32 %p_neg_i, %p_Val2_cast_i_88" [ADSD/Classifier.cpp:85->ADSD/Classifier.cpp:133]   --->   Operation 2084 'sub' 'p_Val2_3' <Predicate = (!exitcond5_i)> <Delay = 4.37> <Core = "TAddSub">   --->   Core 80 'TAddSub' <Latency = 0> <II = 1> <Delay = 2.18> <IPBlock> <Opcode : 'add' 'sub'> <InPorts = 3> <OutPorts = 1> <Sync> <CReg>

State 12 <SV = 8> <Delay = 6.80>
ST_12 : Operation 2085 [1/1] (0.00ns)   --->   "%rbegin8_i = call i32 (...)* @_ssdm_op_SpecRegionBegin([19 x i8]* @compute_exp_OC_regio) nounwind"   --->   Operation 2085 'specregionbegin' 'rbegin8_i' <Predicate = (!exitcond5_i)> <Delay = 0.00>
ST_12 : Operation 2086 [1/1] (0.00ns)   --->   "call void (...)* @_ssdm_op_SpecLatency(i32 8, i32 8, [1 x i8]* @p_str2) nounwind" [ADSD/Exp.cpp:32->ADSD/Classifier.cpp:85->ADSD/Classifier.cpp:133]   --->   Operation 2086 'speclatency' <Predicate = (!exitcond5_i)> <Delay = 0.00>
ST_12 : Operation 2087 [1/1] (0.00ns)   --->   "%tmp_38 = call i16 @_ssdm_op_PartSelect.i16.i32.i32.i32(i32 %p_Val2_3, i32 16, i32 31)" [ADSD/Classifier.cpp:85->ADSD/Classifier.cpp:133]   --->   Operation 2087 'partselect' 'tmp_38' <Predicate = (!exitcond5_i)> <Delay = 0.00>
ST_12 : Operation 2088 [1/1] (0.00ns)   --->   "%p_Val2_4 = call i25 @_ssdm_op_BitConcatenate.i25.i16.i9(i16 %tmp_38, i9 0)" [ADSD/Exp.cpp:44->ADSD/Classifier.cpp:85->ADSD/Classifier.cpp:133]   --->   Operation 2088 'bitconcatenate' 'p_Val2_4' <Predicate = (!exitcond5_i)> <Delay = 0.00>
ST_12 : Operation 2089 [1/1] (0.00ns)   --->   "%p_Val2_9_cast_i = sext i25 %p_Val2_4 to i26" [ADSD/Exp.cpp:44->ADSD/Classifier.cpp:85->ADSD/Classifier.cpp:133]   --->   Operation 2089 'sext' 'p_Val2_9_cast_i' <Predicate = (!exitcond5_i)> <Delay = 0.00>
ST_12 : Operation 2090 [1/1] (2.34ns)   --->   "%p_Val2_11_i = sub i26 0, %p_Val2_9_cast_i" [ADSD/Exp.cpp:44->ADSD/Classifier.cpp:85->ADSD/Classifier.cpp:133]   --->   Operation 2090 'sub' 'p_Val2_11_i' <Predicate = (!exitcond5_i)> <Delay = 2.34> <Core = "AddSub">   --->   Core 14 'AddSub' <Latency = 0> <II = 1> <Delay = 2.55> <FuncUnit> <Opcode : 'add' 'sub'> <InPorts = 2> <OutPorts = 1>
ST_12 : Operation 2091 [1/1] (2.45ns)   --->   "%tmp_26_i = icmp sgt i26 %p_Val2_11_i, 8721809" [ADSD/Exp.cpp:48->ADSD/Classifier.cpp:85->ADSD/Classifier.cpp:133]   --->   Operation 2091 'icmp' 'tmp_26_i' <Predicate = (!exitcond5_i)> <Delay = 2.45> <Core = "Cmp">   --->   Core 25 'Cmp' <Latency = 0> <II = 1> <Delay = 1.55> <FuncUnit> <Opcode : 'icmp'> <InPorts = 2> <OutPorts = 1>
ST_12 : Operation 2092 [1/1] (0.00ns)   --->   "br i1 %tmp_26_i, label %6, label %0" [ADSD/Exp.cpp:48->ADSD/Classifier.cpp:85->ADSD/Classifier.cpp:133]   --->   Operation 2092 'br' <Predicate = (!exitcond5_i)> <Delay = 0.00>
ST_12 : Operation 2093 [1/1] (2.45ns)   --->   "%tmp_31_i = icmp sgt i26 %p_Val2_11_i, 4360904" [ADSD/Exp.cpp:49->ADSD/Classifier.cpp:85->ADSD/Classifier.cpp:133]   --->   Operation 2093 'icmp' 'tmp_31_i' <Predicate = (!tmp_26_i)> <Delay = 2.45> <Core = "Cmp">   --->   Core 25 'Cmp' <Latency = 0> <II = 1> <Delay = 1.55> <FuncUnit> <Opcode : 'icmp'> <InPorts = 2> <OutPorts = 1>
ST_12 : Operation 2094 [1/1] (0.00ns)   --->   "br i1 %tmp_31_i, label %4, label %1" [ADSD/Exp.cpp:49->ADSD/Classifier.cpp:85->ADSD/Classifier.cpp:133]   --->   Operation 2094 'br' <Predicate = (!tmp_26_i)> <Delay = 0.00>
ST_12 : Operation 2095 [1/1] (2.45ns)   --->   "%tmp_35_i = icmp sgt i26 %p_Val2_11_i, 1453634" [ADSD/Exp.cpp:50->ADSD/Classifier.cpp:85->ADSD/Classifier.cpp:133]   --->   Operation 2095 'icmp' 'tmp_35_i' <Predicate = (!tmp_26_i & !tmp_31_i)> <Delay = 2.45> <Core = "Cmp">   --->   Core 25 'Cmp' <Latency = 0> <II = 1> <Delay = 1.55> <FuncUnit> <Opcode : 'icmp'> <InPorts = 2> <OutPorts = 1>
ST_12 : Operation 2096 [1/1] (0.00ns)   --->   "br i1 %tmp_35_i, label %3, label %2" [ADSD/Exp.cpp:50->ADSD/Classifier.cpp:85->ADSD/Classifier.cpp:133]   --->   Operation 2096 'br' <Predicate = (!tmp_26_i & !tmp_31_i)> <Delay = 0.00>
ST_12 : Operation 2097 [1/1] (2.45ns)   --->   "%tmp_40_i = icmp sgt i26 %p_Val2_11_i, 0" [ADSD/Exp.cpp:50->ADSD/Classifier.cpp:85->ADSD/Classifier.cpp:133]   --->   Operation 2097 'icmp' 'tmp_40_i' <Predicate = (!exitcond5_i & !tmp_26_i & !tmp_31_i & !tmp_35_i)> <Delay = 2.45> <Core = "Cmp">   --->   Core 25 'Cmp' <Latency = 0> <II = 1> <Delay = 1.55> <FuncUnit> <Opcode : 'icmp'> <InPorts = 2> <OutPorts = 1>
ST_12 : Operation 2098 [1/1] (0.00ns)   --->   "%m_V = zext i1 %tmp_40_i to i4" [ADSD/Exp.cpp:50->ADSD/Classifier.cpp:85->ADSD/Classifier.cpp:133]   --->   Operation 2098 'zext' 'm_V' <Predicate = (!exitcond5_i & !tmp_26_i & !tmp_31_i & !tmp_35_i)> <Delay = 0.00>
ST_12 : Operation 2099 [1/1] (2.00ns)   --->   "br label %._crit_edge2132.i.i_ifconv" [ADSD/Exp.cpp:50->ADSD/Classifier.cpp:85->ADSD/Classifier.cpp:133]   --->   Operation 2099 'br' <Predicate = (!exitcond5_i & !tmp_26_i & !tmp_31_i & !tmp_35_i)> <Delay = 2.00>
ST_12 : Operation 2100 [1/1] (2.45ns)   --->   "%tmp_39_i = icmp sgt i26 %p_Val2_11_i, 2907269" [ADSD/Exp.cpp:51->ADSD/Classifier.cpp:85->ADSD/Classifier.cpp:133]   --->   Operation 2100 'icmp' 'tmp_39_i' <Predicate = (!exitcond5_i & !tmp_26_i & !tmp_31_i & tmp_35_i)> <Delay = 2.45> <Core = "Cmp">   --->   Core 25 'Cmp' <Latency = 0> <II = 1> <Delay = 1.55> <FuncUnit> <Opcode : 'icmp'> <InPorts = 2> <OutPorts = 1>
ST_12 : Operation 2101 [1/1] (0.98ns)   --->   "%p_0624_0_i_cast_i_cas = select i1 %tmp_39_i, i4 3, i4 2" [ADSD/Exp.cpp:51->ADSD/Classifier.cpp:85->ADSD/Classifier.cpp:133]   --->   Operation 2101 'select' 'p_0624_0_i_cast_i_cas' <Predicate = (!exitcond5_i & !tmp_26_i & !tmp_31_i & tmp_35_i)> <Delay = 0.98> <Core = "Sel">   --->   Core 26 'Sel' <Latency = 0> <II = 1> <Delay = 0.69> <FuncUnit> <Opcode : 'select'> <InPorts = 3> <OutPorts = 1>
ST_12 : Operation 2102 [1/1] (2.00ns)   --->   "br label %._crit_edge2132.i.i_ifconv"   --->   Operation 2102 'br' <Predicate = (!exitcond5_i & !tmp_26_i & !tmp_31_i & tmp_35_i)> <Delay = 2.00>
ST_12 : Operation 2103 [1/1] (2.45ns)   --->   "%tmp_34_i = icmp sgt i26 %p_Val2_11_i, 5814539" [ADSD/Exp.cpp:54->ADSD/Classifier.cpp:85->ADSD/Classifier.cpp:133]   --->   Operation 2103 'icmp' 'tmp_34_i' <Predicate = (!exitcond5_i & !tmp_26_i & tmp_31_i)> <Delay = 2.45> <Core = "Cmp">   --->   Core 25 'Cmp' <Latency = 0> <II = 1> <Delay = 1.55> <FuncUnit> <Opcode : 'icmp'> <InPorts = 2> <OutPorts = 1>
ST_12 : Operation 2104 [1/1] (2.00ns)   --->   "br i1 %tmp_34_i, label %5, label %._crit_edge2132.i.i_ifconv" [ADSD/Exp.cpp:54->ADSD/Classifier.cpp:85->ADSD/Classifier.cpp:133]   --->   Operation 2104 'br' <Predicate = (!exitcond5_i & !tmp_26_i & tmp_31_i)> <Delay = 2.00>
ST_12 : Operation 2105 [1/1] (2.45ns)   --->   "%tmp_38_i = icmp sgt i26 %p_Val2_11_i, 7268174" [ADSD/Exp.cpp:55->ADSD/Classifier.cpp:85->ADSD/Classifier.cpp:133]   --->   Operation 2105 'icmp' 'tmp_38_i' <Predicate = (!exitcond5_i & !tmp_26_i & tmp_31_i & tmp_34_i)> <Delay = 2.45> <Core = "Cmp">   --->   Core 25 'Cmp' <Latency = 0> <II = 1> <Delay = 1.55> <FuncUnit> <Opcode : 'icmp'> <InPorts = 2> <OutPorts = 1>
ST_12 : Operation 2106 [1/1] (1.02ns)   --->   "%p_0624_2_i_cast_i_cas = select i1 %tmp_38_i, i4 6, i4 5" [ADSD/Exp.cpp:55->ADSD/Classifier.cpp:85->ADSD/Classifier.cpp:133]   --->   Operation 2106 'select' 'p_0624_2_i_cast_i_cas' <Predicate = (!exitcond5_i & !tmp_26_i & tmp_31_i & tmp_34_i)> <Delay = 1.02> <Core = "Sel">   --->   Core 26 'Sel' <Latency = 0> <II = 1> <Delay = 0.69> <FuncUnit> <Opcode : 'select'> <InPorts = 3> <OutPorts = 1>
ST_12 : Operation 2107 [1/1] (2.00ns)   --->   "br label %._crit_edge2132.i.i_ifconv"   --->   Operation 2107 'br' <Predicate = (!exitcond5_i & !tmp_26_i & tmp_31_i & tmp_34_i)> <Delay = 2.00>
ST_12 : Operation 2108 [1/1] (2.45ns)   --->   "%tmp_28_i = icmp sgt i26 %p_Val2_11_i, 13082714" [ADSD/Exp.cpp:59->ADSD/Classifier.cpp:85->ADSD/Classifier.cpp:133]   --->   Operation 2108 'icmp' 'tmp_28_i' <Predicate = (tmp_26_i)> <Delay = 2.45> <Core = "Cmp">   --->   Core 25 'Cmp' <Latency = 0> <II = 1> <Delay = 1.55> <FuncUnit> <Opcode : 'icmp'> <InPorts = 2> <OutPorts = 1>
ST_12 : Operation 2109 [1/1] (0.00ns)   --->   "br i1 %tmp_28_i, label %9, label %7" [ADSD/Exp.cpp:59->ADSD/Classifier.cpp:85->ADSD/Classifier.cpp:133]   --->   Operation 2109 'br' <Predicate = (tmp_26_i)> <Delay = 0.00>
ST_12 : Operation 2110 [1/1] (2.45ns)   --->   "%tmp_33_i = icmp sgt i26 %p_Val2_11_i, 10175444" [ADSD/Exp.cpp:60->ADSD/Classifier.cpp:85->ADSD/Classifier.cpp:133]   --->   Operation 2110 'icmp' 'tmp_33_i' <Predicate = (!exitcond5_i & tmp_26_i & !tmp_28_i)> <Delay = 2.45> <Core = "Cmp">   --->   Core 25 'Cmp' <Latency = 0> <II = 1> <Delay = 1.55> <FuncUnit> <Opcode : 'icmp'> <InPorts = 2> <OutPorts = 1>
ST_12 : Operation 2111 [1/1] (2.00ns)   --->   "br i1 %tmp_33_i, label %8, label %._crit_edge2132.i.i_ifconv" [ADSD/Exp.cpp:60->ADSD/Classifier.cpp:85->ADSD/Classifier.cpp:133]   --->   Operation 2111 'br' <Predicate = (!exitcond5_i & tmp_26_i & !tmp_28_i)> <Delay = 2.00>
ST_12 : Operation 2112 [1/1] (2.45ns)   --->   "%tmp_37_i = icmp sgt i26 %p_Val2_11_i, 11629079" [ADSD/Exp.cpp:61->ADSD/Classifier.cpp:85->ADSD/Classifier.cpp:133]   --->   Operation 2112 'icmp' 'tmp_37_i' <Predicate = (!exitcond5_i & tmp_26_i & !tmp_28_i & tmp_33_i)> <Delay = 2.45> <Core = "Cmp">   --->   Core 25 'Cmp' <Latency = 0> <II = 1> <Delay = 1.55> <FuncUnit> <Opcode : 'icmp'> <InPorts = 2> <OutPorts = 1>
ST_12 : Operation 2113 [1/1] (1.02ns)   --->   "%p_0624_5_i_i = select i1 %tmp_37_i, i4 -7, i4 -8" [ADSD/Exp.cpp:61->ADSD/Classifier.cpp:85->ADSD/Classifier.cpp:133]   --->   Operation 2113 'select' 'p_0624_5_i_i' <Predicate = (!exitcond5_i & tmp_26_i & !tmp_28_i & tmp_33_i)> <Delay = 1.02> <Core = "Sel">   --->   Core 26 'Sel' <Latency = 0> <II = 1> <Delay = 0.69> <FuncUnit> <Opcode : 'select'> <InPorts = 3> <OutPorts = 1>
ST_12 : Operation 2114 [1/1] (2.00ns)   --->   "br label %._crit_edge2132.i.i_ifconv"   --->   Operation 2114 'br' <Predicate = (!exitcond5_i & tmp_26_i & !tmp_28_i & tmp_33_i)> <Delay = 2.00>
ST_12 : Operation 2115 [1/1] (2.45ns)   --->   "%tmp_32_i = icmp sgt i26 %p_Val2_11_i, 14536349" [ADSD/Exp.cpp:64->ADSD/Classifier.cpp:85->ADSD/Classifier.cpp:133]   --->   Operation 2115 'icmp' 'tmp_32_i' <Predicate = (!exitcond5_i & tmp_26_i & tmp_28_i)> <Delay = 2.45> <Core = "Cmp">   --->   Core 25 'Cmp' <Latency = 0> <II = 1> <Delay = 1.55> <FuncUnit> <Opcode : 'icmp'> <InPorts = 2> <OutPorts = 1>
ST_12 : Operation 2116 [1/1] (2.00ns)   --->   "br i1 %tmp_32_i, label %10, label %._crit_edge2132.i.i_ifconv" [ADSD/Exp.cpp:64->ADSD/Classifier.cpp:85->ADSD/Classifier.cpp:133]   --->   Operation 2116 'br' <Predicate = (!exitcond5_i & tmp_26_i & tmp_28_i)> <Delay = 2.00>
ST_12 : Operation 2117 [1/1] (2.45ns)   --->   "%tmp_36_i = icmp sgt i26 %p_Val2_11_i, 15989984" [ADSD/Exp.cpp:65->ADSD/Classifier.cpp:85->ADSD/Classifier.cpp:133]   --->   Operation 2117 'icmp' 'tmp_36_i' <Predicate = (!exitcond5_i & tmp_26_i & tmp_28_i & tmp_32_i)> <Delay = 2.45> <Core = "Cmp">   --->   Core 25 'Cmp' <Latency = 0> <II = 1> <Delay = 1.55> <FuncUnit> <Opcode : 'icmp'> <InPorts = 2> <OutPorts = 1>
ST_12 : Operation 2118 [1/1] (1.02ns)   --->   "%p_0624_7_i_i = select i1 %tmp_36_i, i4 -4, i4 -5" [ADSD/Exp.cpp:65->ADSD/Classifier.cpp:85->ADSD/Classifier.cpp:133]   --->   Operation 2118 'select' 'p_0624_7_i_i' <Predicate = (!exitcond5_i & tmp_26_i & tmp_28_i & tmp_32_i)> <Delay = 1.02> <Core = "Sel">   --->   Core 26 'Sel' <Latency = 0> <II = 1> <Delay = 0.69> <FuncUnit> <Opcode : 'select'> <InPorts = 3> <OutPorts = 1>
ST_12 : Operation 2119 [1/1] (2.00ns)   --->   "br label %._crit_edge2132.i.i_ifconv"   --->   Operation 2119 'br' <Predicate = (!exitcond5_i & tmp_26_i & tmp_28_i & tmp_32_i)> <Delay = 2.00>

State 13 <SV = 9> <Delay = 8.77>
ST_13 : Operation 2120 [1/1] (0.00ns)   --->   "%p_0624_10_i_i = phi i4 [ %m_V, %2 ], [ %p_0624_0_i_cast_i_cas, %3 ], [ %p_0624_2_i_cast_i_cas, %5 ], [ %p_0624_5_i_i, %8 ], [ %p_0624_7_i_i, %10 ], [ 4, %4 ], [ 7, %7 ], [ -6, %9 ]"   --->   Operation 2120 'phi' 'p_0624_10_i_i' <Predicate = true> <Delay = 0.00>
ST_13 : Operation 2121 [1/1] (0.00ns) (grouped into LUT with out node Z_V)   --->   "%p_Val2_6 = call i26 @_ssdm_op_BitConcatenate.i26.i16.i10(i16 %tmp_38, i10 0)" [ADSD/Exp.cpp:73->ADSD/Classifier.cpp:85->ADSD/Classifier.cpp:133]   --->   Operation 2121 'bitconcatenate' 'p_Val2_6' <Predicate = true> <Delay = 0.00>
ST_13 : Operation 2122 [1/1] (0.00ns) (grouped into LUT with out node Z_V)   --->   "%p_Val2_5 = call i26 @_ssdm_op_Mux.ap_auto.16i26.i4(i26 0, i26 1453634, i26 2907269, i26 4360904, i26 5814539, i26 7268174, i26 8721809, i26 10175444, i26 11629079, i26 13082714, i26 14536349, i26 15989984, i26 17443619, i26 17443619, i26 17443619, i26 17443619, i4 %p_0624_10_i_i)" [ADSD/Exp.cpp:50->ADSD/Classifier.cpp:85->ADSD/Classifier.cpp:133]   --->   Operation 2122 'mux' 'p_Val2_5' <Predicate = true> <Delay = 0.00> <Core = "MuxnS">   --->   Core 31 'MuxnS' <Latency = 0> <II = 1> <Delay = 2.06> <FuncUnit> <Opcode : 'mux'> <InPorts = 2> <OutPorts = 1>
ST_13 : Operation 2123 [1/1] (0.00ns) (grouped into LUT with out node Z_V)   --->   "%p_Val2_7 = shl i26 %p_Val2_5, 1" [ADSD/Exp.cpp:73->ADSD/Classifier.cpp:85->ADSD/Classifier.cpp:133]   --->   Operation 2123 'shl' 'p_Val2_7' <Predicate = true> <Delay = 0.00>
ST_13 : Operation 2124 [1/1] (2.37ns) (out node of the LUT)   --->   "%Z_V = add i26 %p_Val2_7, %p_Val2_6" [ADSD/Exp.cpp:73->ADSD/Classifier.cpp:85->ADSD/Classifier.cpp:133]   --->   Operation 2124 'add' 'Z_V' <Predicate = true> <Delay = 2.37> <Core = "AddSub">   --->   Core 14 'AddSub' <Latency = 0> <II = 1> <Delay = 2.55> <FuncUnit> <Opcode : 'add' 'sub'> <InPorts = 2> <OutPorts = 1>
ST_13 : Operation 2125 [1/1] (0.00ns)   --->   "%z_neg = call i1 @_ssdm_op_BitSelect.i1.i26.i32(i26 %Z_V, i32 25)" [ADSD/Exp.cpp:76->ADSD/Classifier.cpp:85->ADSD/Classifier.cpp:133]   --->   Operation 2125 'bitselect' 'z_neg' <Predicate = true> <Delay = 0.00>
ST_13 : Operation 2126 [1/1] (0.00ns)   --->   "%tmp_42_i = call i28 @_ssdm_op_BitConcatenate.i28.i26.i2(i26 %Z_V, i2 0)" [ADSD/Exp.cpp:76->ADSD/Classifier.cpp:85->ADSD/Classifier.cpp:133]   --->   Operation 2126 'bitconcatenate' 'tmp_42_i' <Predicate = true> <Delay = 0.00>
ST_13 : Operation 2127 [1/1] (2.43ns)   --->   "%p_Val2_9 = add i28 %tmp_42_i, 9215827" [ADSD/Exp.cpp:76->ADSD/Classifier.cpp:85->ADSD/Classifier.cpp:133]   --->   Operation 2127 'add' 'p_Val2_9' <Predicate = true> <Delay = 2.43> <Core = "AddSub">   --->   Core 14 'AddSub' <Latency = 0> <II = 1> <Delay = 2.55> <FuncUnit> <Opcode : 'add' 'sub'> <InPorts = 2> <OutPorts = 1>
ST_13 : Operation 2128 [1/1] (0.00ns)   --->   "%tmp_280 = trunc i26 %Z_V to i25" [ADSD/Exp.cpp:73->ADSD/Classifier.cpp:85->ADSD/Classifier.cpp:133]   --->   Operation 2128 'trunc' 'tmp_280' <Predicate = true> <Delay = 0.00>
ST_13 : Operation 2129 [1/1] (0.00ns)   --->   "%tmp_47_i = call i27 @_ssdm_op_BitConcatenate.i27.i25.i2(i25 %tmp_280, i2 0)" [ADSD/Exp.cpp:76->ADSD/Classifier.cpp:85->ADSD/Classifier.cpp:133]   --->   Operation 2129 'bitconcatenate' 'tmp_47_i' <Predicate = true> <Delay = 0.00>
ST_13 : Operation 2130 [1/1] (0.00ns)   --->   "%tmp_47_cast_i = zext i27 %tmp_47_i to i28" [ADSD/Exp.cpp:76->ADSD/Classifier.cpp:85->ADSD/Classifier.cpp:133]   --->   Operation 2130 'zext' 'tmp_47_cast_i' <Predicate = true> <Delay = 0.00>
ST_13 : Operation 2131 [1/1] (2.40ns)   --->   "%p_Val2_10 = add i28 %tmp_47_cast_i, -9215827" [ADSD/Exp.cpp:76->ADSD/Classifier.cpp:85->ADSD/Classifier.cpp:133]   --->   Operation 2131 'add' 'p_Val2_10' <Predicate = true> <Delay = 2.40> <Core = "AddSub">   --->   Core 14 'AddSub' <Latency = 0> <II = 1> <Delay = 2.55> <FuncUnit> <Opcode : 'add' 'sub'> <InPorts = 2> <OutPorts = 1>
ST_13 : Operation 2132 [1/1] (0.00ns) (grouped into LUT with out node p_Val2_16)   --->   "%p_Val2_11 = select i1 %z_neg, i23 -2532304, i23 2532304" [ADSD/Exp.cpp:77->ADSD/Classifier.cpp:85->ADSD/Classifier.cpp:133]   --->   Operation 2132 'select' 'p_Val2_11' <Predicate = true> <Delay = 0.00> <Core = "Sel">   --->   Core 26 'Sel' <Latency = 0> <II = 1> <Delay = 0.69> <FuncUnit> <Opcode : 'select'> <InPorts = 3> <OutPorts = 1>
ST_13 : Operation 2133 [1/1] (0.00ns)   --->   "%tmp_39 = call i26 @_ssdm_op_PartSelect.i26.i28.i32.i32(i28 %p_Val2_9, i32 2, i32 27)" [ADSD/Exp.cpp:76->ADSD/Classifier.cpp:85->ADSD/Classifier.cpp:133]   --->   Operation 2133 'partselect' 'tmp_39' <Predicate = true> <Delay = 0.00>
ST_13 : Operation 2134 [1/1] (0.00ns)   --->   "%tmp_40 = call i26 @_ssdm_op_PartSelect.i26.i28.i32.i32(i28 %p_Val2_10, i32 2, i32 27)" [ADSD/Exp.cpp:76->ADSD/Classifier.cpp:85->ADSD/Classifier.cpp:133]   --->   Operation 2134 'partselect' 'tmp_40' <Predicate = true> <Delay = 0.00>
ST_13 : Operation 2135 [1/1] (0.76ns)   --->   "%Z_V_1 = select i1 %z_neg, i26 %tmp_39, i26 %tmp_40" [ADSD/Exp.cpp:76->ADSD/Classifier.cpp:85->ADSD/Classifier.cpp:133]   --->   Operation 2135 'select' 'Z_V_1' <Predicate = true> <Delay = 0.76> <Core = "Sel">   --->   Core 26 'Sel' <Latency = 0> <II = 1> <Delay = 0.69> <FuncUnit> <Opcode : 'select'> <InPorts = 3> <OutPorts = 1>
ST_13 : Operation 2136 [1/1] (0.00ns)   --->   "%z_neg_1 = call i1 @_ssdm_op_BitSelect.i1.i26.i32(i26 %Z_V_1, i32 25)" [ADSD/Exp.cpp:77->ADSD/Classifier.cpp:85->ADSD/Classifier.cpp:133]   --->   Operation 2136 'bitselect' 'z_neg_1' <Predicate = true> <Delay = 0.00>
ST_13 : Operation 2137 [1/1] (0.00ns) (grouped into LUT with out node p_Val2_15)   --->   "%X_V = select i1 %z_neg, i23 -2690923, i23 -3957075" [ADSD/Exp.cpp:76->ADSD/Classifier.cpp:85->ADSD/Classifier.cpp:133]   --->   Operation 2137 'select' 'X_V' <Predicate = true> <Delay = 0.00> <Core = "Sel">   --->   Core 26 'Sel' <Latency = 0> <II = 1> <Delay = 0.69> <FuncUnit> <Opcode : 'select'> <InPorts = 3> <OutPorts = 1>
ST_13 : Operation 2138 [1/1] (0.00ns)   --->   "%tmp_52_i = call i28 @_ssdm_op_BitConcatenate.i28.i26.i2(i26 %Z_V_1, i2 0)" [ADSD/Exp.cpp:77->ADSD/Classifier.cpp:85->ADSD/Classifier.cpp:133]   --->   Operation 2138 'bitconcatenate' 'tmp_52_i' <Predicate = true> <Delay = 0.00>
ST_13 : Operation 2139 [1/1] (2.43ns)   --->   "%p_Val2_13 = add i28 %tmp_52_i, 4285115" [ADSD/Exp.cpp:77->ADSD/Classifier.cpp:85->ADSD/Classifier.cpp:133]   --->   Operation 2139 'add' 'p_Val2_13' <Predicate = true> <Delay = 2.43> <Core = "AddSub">   --->   Core 14 'AddSub' <Latency = 0> <II = 1> <Delay = 2.55> <FuncUnit> <Opcode : 'add' 'sub'> <InPorts = 2> <OutPorts = 1>
ST_13 : Operation 2140 [1/1] (0.00ns) (grouped into LUT with out node p_Val2_15)   --->   "%X_V_1 = select i1 %z_neg, i23 -3957075, i23 -2690923" [ADSD/Exp.cpp:76->ADSD/Classifier.cpp:85->ADSD/Classifier.cpp:133]   --->   Operation 2140 'select' 'X_V_1' <Predicate = true> <Delay = 0.00> <Core = "Sel">   --->   Core 26 'Sel' <Latency = 0> <II = 1> <Delay = 0.69> <FuncUnit> <Opcode : 'select'> <InPorts = 3> <OutPorts = 1>
ST_13 : Operation 2141 [1/1] (0.00ns)   --->   "%tmp_283 = trunc i26 %Z_V_1 to i25" [ADSD/Exp.cpp:76->ADSD/Classifier.cpp:85->ADSD/Classifier.cpp:133]   --->   Operation 2141 'trunc' 'tmp_283' <Predicate = true> <Delay = 0.00>
ST_13 : Operation 2142 [1/1] (0.00ns)   --->   "%tmp_67_i = call i27 @_ssdm_op_BitConcatenate.i27.i25.i2(i25 %tmp_283, i2 0)" [ADSD/Exp.cpp:77->ADSD/Classifier.cpp:85->ADSD/Classifier.cpp:133]   --->   Operation 2142 'bitconcatenate' 'tmp_67_i' <Predicate = true> <Delay = 0.00>
ST_13 : Operation 2143 [1/1] (0.00ns)   --->   "%tmp_67_cast_i = zext i27 %tmp_67_i to i28" [ADSD/Exp.cpp:77->ADSD/Classifier.cpp:85->ADSD/Classifier.cpp:133]   --->   Operation 2143 'zext' 'tmp_67_cast_i' <Predicate = true> <Delay = 0.00>
ST_13 : Operation 2144 [1/1] (2.40ns)   --->   "%p_Val2_14 = add i28 %tmp_67_cast_i, -4285115" [ADSD/Exp.cpp:77->ADSD/Classifier.cpp:85->ADSD/Classifier.cpp:133]   --->   Operation 2144 'add' 'p_Val2_14' <Predicate = true> <Delay = 2.40> <Core = "AddSub">   --->   Core 14 'AddSub' <Latency = 0> <II = 1> <Delay = 2.55> <FuncUnit> <Opcode : 'add' 'sub'> <InPorts = 2> <OutPorts = 1>
ST_13 : Operation 2145 [1/1] (0.00ns) (grouped into LUT with out node p_Val2_16)   --->   "%p_Val2_19_v_cast_c = select i1 %z_neg_1, i23 -1266152, i23 1266152" [ADSD/Exp.cpp:78->ADSD/Classifier.cpp:85->ADSD/Classifier.cpp:133]   --->   Operation 2145 'select' 'p_Val2_19_v_cast_c' <Predicate = true> <Delay = 0.00> <Core = "Sel">   --->   Core 26 'Sel' <Latency = 0> <II = 1> <Delay = 0.69> <FuncUnit> <Opcode : 'select'> <InPorts = 3> <OutPorts = 1>
ST_13 : Operation 2146 [1/1] (2.28ns) (out node of the LUT)   --->   "%p_Val2_16 = add i23 %p_Val2_11, %p_Val2_19_v_cast_c" [ADSD/Exp.cpp:78->ADSD/Classifier.cpp:85->ADSD/Classifier.cpp:133]   --->   Operation 2146 'add' 'p_Val2_16' <Predicate = true> <Delay = 2.28> <Core = "AddSub">   --->   Core 14 'AddSub' <Latency = 0> <II = 1> <Delay = 2.55> <FuncUnit> <Opcode : 'add' 'sub'> <InPorts = 2> <OutPorts = 1>
ST_13 : Operation 2147 [1/1] (0.69ns) (out node of the LUT)   --->   "%p_Val2_15 = select i1 %z_neg_1, i23 %X_V, i23 %X_V_1" [ADSD/Exp.cpp:78->ADSD/Classifier.cpp:85->ADSD/Classifier.cpp:133]   --->   Operation 2147 'select' 'p_Val2_15' <Predicate = true> <Delay = 0.69> <Core = "Sel">   --->   Core 26 'Sel' <Latency = 0> <II = 1> <Delay = 0.69> <FuncUnit> <Opcode : 'select'> <InPorts = 3> <OutPorts = 1>
ST_13 : Operation 2148 [1/1] (0.00ns)   --->   "%tmp_41 = call i26 @_ssdm_op_PartSelect.i26.i28.i32.i32(i28 %p_Val2_13, i32 2, i32 27)" [ADSD/Exp.cpp:77->ADSD/Classifier.cpp:85->ADSD/Classifier.cpp:133]   --->   Operation 2148 'partselect' 'tmp_41' <Predicate = true> <Delay = 0.00>
ST_13 : Operation 2149 [1/1] (0.00ns)   --->   "%tmp_42 = call i26 @_ssdm_op_PartSelect.i26.i28.i32.i32(i28 %p_Val2_14, i32 2, i32 27)" [ADSD/Exp.cpp:77->ADSD/Classifier.cpp:85->ADSD/Classifier.cpp:133]   --->   Operation 2149 'partselect' 'tmp_42' <Predicate = true> <Delay = 0.00>
ST_13 : Operation 2150 [1/1] (0.76ns)   --->   "%Z_V_2 = select i1 %z_neg_1, i26 %tmp_41, i26 %tmp_42" [ADSD/Exp.cpp:77->ADSD/Classifier.cpp:85->ADSD/Classifier.cpp:133]   --->   Operation 2150 'select' 'Z_V_2' <Predicate = true> <Delay = 0.76> <Core = "Sel">   --->   Core 26 'Sel' <Latency = 0> <II = 1> <Delay = 0.69> <FuncUnit> <Opcode : 'select'> <InPorts = 3> <OutPorts = 1>
ST_13 : Operation 2151 [1/1] (0.00ns)   --->   "%tmp_43 = call i20 @_ssdm_op_PartSelect.i20.i23.i32.i32(i23 %p_Val2_15, i32 3, i32 22)" [ADSD/Exp.cpp:78->ADSD/Classifier.cpp:85->ADSD/Classifier.cpp:133]   --->   Operation 2151 'partselect' 'tmp_43' <Predicate = true> <Delay = 0.00>
ST_13 : Operation 2152 [1/1] (0.00ns)   --->   "%tmp_18 = call i20 @_ssdm_op_PartSelect.i20.i23.i32.i32(i23 %p_Val2_16, i32 3, i32 22)" [ADSD/Exp.cpp:78->ADSD/Classifier.cpp:85->ADSD/Classifier.cpp:133]   --->   Operation 2152 'partselect' 'tmp_18' <Predicate = true> <Delay = 0.00>
ST_13 : Operation 2153 [1/1] (1.42ns)   --->   "switch i4 %tmp_272, label %case15.i [
    i4 0, label %case0.i
    i4 1, label %case1.i
    i4 2, label %case2.i
    i4 3, label %case3.i
    i4 4, label %case4.i
    i4 5, label %case5.i
    i4 6, label %case6.i
    i4 7, label %case7.i
    i4 -8, label %case8.i
    i4 -7, label %case9.i
    i4 -6, label %case10.i
    i4 -5, label %case11.i
    i4 -4, label %case12.i
    i4 -3, label %case13.i
    i4 -2, label %case14.i
  ]" [ADSD/Classifier.cpp:75->ADSD/Classifier.cpp:133]   --->   Operation 2153 'switch' <Predicate = true> <Delay = 1.42>

State 14 <SV = 10> <Delay = 8.99>
ST_14 : Operation 2154 [1/1] (0.00ns)   --->   "%p_Val2_21_cast321_s = sext i23 %p_Val2_16 to i24" [ADSD/Exp.cpp:77->ADSD/Classifier.cpp:85->ADSD/Classifier.cpp:133]   --->   Operation 2154 'sext' 'p_Val2_21_cast321_s' <Predicate = true> <Delay = 0.00>
ST_14 : Operation 2155 [1/1] (0.00ns)   --->   "%z_neg_2 = call i1 @_ssdm_op_BitSelect.i1.i26.i32(i26 %Z_V_2, i32 25)" [ADSD/Exp.cpp:78->ADSD/Classifier.cpp:85->ADSD/Classifier.cpp:133]   --->   Operation 2155 'bitselect' 'z_neg_2' <Predicate = true> <Delay = 0.00>
ST_14 : Operation 2156 [1/1] (0.00ns)   --->   "%p_Val2_23_cast_i1 = zext i20 %tmp_43 to i24" [ADSD/Exp.cpp:78->ADSD/Classifier.cpp:85->ADSD/Classifier.cpp:133]   --->   Operation 2156 'zext' 'p_Val2_23_cast_i1' <Predicate = true> <Delay = 0.00>
ST_14 : Operation 2157 [1/1] (0.00ns)   --->   "%p_Val2_18_cast = sext i20 %tmp_18 to i23" [ADSD/Exp.cpp:78->ADSD/Classifier.cpp:85->ADSD/Classifier.cpp:133]   --->   Operation 2157 'sext' 'p_Val2_18_cast' <Predicate = true> <Delay = 0.00>
ST_14 : Operation 2158 [1/1] (2.28ns)   --->   "%X_V_2 = sub i23 %p_Val2_15, %p_Val2_18_cast" [ADSD/Exp.cpp:78->ADSD/Classifier.cpp:85->ADSD/Classifier.cpp:133]   --->   Operation 2158 'sub' 'X_V_2' <Predicate = true> <Delay = 2.28> <Core = "AddSub">   --->   Core 14 'AddSub' <Latency = 0> <II = 1> <Delay = 2.55> <FuncUnit> <Opcode : 'add' 'sub'> <InPorts = 2> <OutPorts = 1>
ST_14 : Operation 2159 [1/1] (2.28ns)   --->   "%Y_V = sub i24 %p_Val2_21_cast321_s, %p_Val2_23_cast_i1" [ADSD/Exp.cpp:78->ADSD/Classifier.cpp:85->ADSD/Classifier.cpp:133]   --->   Operation 2159 'sub' 'Y_V' <Predicate = true> <Delay = 2.28> <Core = "AddSub">   --->   Core 14 'AddSub' <Latency = 0> <II = 1> <Delay = 2.55> <FuncUnit> <Opcode : 'add' 'sub'> <InPorts = 2> <OutPorts = 1>
ST_14 : Operation 2160 [1/1] (0.00ns)   --->   "%tmp_78_i = call i28 @_ssdm_op_BitConcatenate.i28.i26.i2(i26 %Z_V_2, i2 0)" [ADSD/Exp.cpp:78->ADSD/Classifier.cpp:85->ADSD/Classifier.cpp:133]   --->   Operation 2160 'bitconcatenate' 'tmp_78_i' <Predicate = true> <Delay = 0.00>
ST_14 : Operation 2161 [1/1] (2.43ns)   --->   "%p_Val2_18 = add i28 %tmp_78_i, 2108178" [ADSD/Exp.cpp:78->ADSD/Classifier.cpp:85->ADSD/Classifier.cpp:133]   --->   Operation 2161 'add' 'p_Val2_18' <Predicate = true> <Delay = 2.43> <Core = "AddSub">   --->   Core 14 'AddSub' <Latency = 0> <II = 1> <Delay = 2.55> <FuncUnit> <Opcode : 'add' 'sub'> <InPorts = 2> <OutPorts = 1>
ST_14 : Operation 2162 [1/1] (2.28ns)   --->   "%X_V_3 = add i23 %p_Val2_15, %p_Val2_18_cast" [ADSD/Exp.cpp:78->ADSD/Classifier.cpp:85->ADSD/Classifier.cpp:133]   --->   Operation 2162 'add' 'X_V_3' <Predicate = true> <Delay = 2.28> <Core = "AddSub">   --->   Core 14 'AddSub' <Latency = 0> <II = 1> <Delay = 2.55> <FuncUnit> <Opcode : 'add' 'sub'> <InPorts = 2> <OutPorts = 1>
ST_14 : Operation 2163 [1/1] (2.28ns)   --->   "%Y_V_1 = add i24 %p_Val2_21_cast321_s, %p_Val2_23_cast_i1" [ADSD/Exp.cpp:78->ADSD/Classifier.cpp:85->ADSD/Classifier.cpp:133]   --->   Operation 2163 'add' 'Y_V_1' <Predicate = true> <Delay = 2.28> <Core = "AddSub">   --->   Core 14 'AddSub' <Latency = 0> <II = 1> <Delay = 2.55> <FuncUnit> <Opcode : 'add' 'sub'> <InPorts = 2> <OutPorts = 1>
ST_14 : Operation 2164 [1/1] (0.00ns)   --->   "%tmp_285 = trunc i26 %Z_V_2 to i25" [ADSD/Exp.cpp:77->ADSD/Classifier.cpp:85->ADSD/Classifier.cpp:133]   --->   Operation 2164 'trunc' 'tmp_285' <Predicate = true> <Delay = 0.00>
ST_14 : Operation 2165 [1/1] (0.00ns)   --->   "%tmp_93_i = call i27 @_ssdm_op_BitConcatenate.i27.i25.i2(i25 %tmp_285, i2 0)" [ADSD/Exp.cpp:78->ADSD/Classifier.cpp:85->ADSD/Classifier.cpp:133]   --->   Operation 2165 'bitconcatenate' 'tmp_93_i' <Predicate = true> <Delay = 0.00>
ST_14 : Operation 2166 [1/1] (0.00ns)   --->   "%tmp_93_cast_i = zext i27 %tmp_93_i to i28" [ADSD/Exp.cpp:78->ADSD/Classifier.cpp:85->ADSD/Classifier.cpp:133]   --->   Operation 2166 'zext' 'tmp_93_cast_i' <Predicate = true> <Delay = 0.00>
ST_14 : Operation 2167 [1/1] (2.40ns)   --->   "%p_Val2_19 = add i28 %tmp_93_cast_i, -2108178" [ADSD/Exp.cpp:78->ADSD/Classifier.cpp:85->ADSD/Classifier.cpp:133]   --->   Operation 2167 'add' 'p_Val2_19' <Predicate = true> <Delay = 2.40> <Core = "AddSub">   --->   Core 14 'AddSub' <Latency = 0> <II = 1> <Delay = 2.55> <FuncUnit> <Opcode : 'add' 'sub'> <InPorts = 2> <OutPorts = 1>
ST_14 : Operation 2168 [1/1] (0.69ns)   --->   "%p_Val2_21 = select i1 %z_neg_2, i24 %Y_V, i24 %Y_V_1" [ADSD/Exp.cpp:79->ADSD/Classifier.cpp:85->ADSD/Classifier.cpp:133]   --->   Operation 2168 'select' 'p_Val2_21' <Predicate = true> <Delay = 0.69> <Core = "Sel">   --->   Core 26 'Sel' <Latency = 0> <II = 1> <Delay = 0.69> <FuncUnit> <Opcode : 'select'> <InPorts = 3> <OutPorts = 1>
ST_14 : Operation 2169 [1/1] (0.69ns)   --->   "%p_Val2_20 = select i1 %z_neg_2, i23 %X_V_2, i23 %X_V_3" [ADSD/Exp.cpp:79->ADSD/Classifier.cpp:85->ADSD/Classifier.cpp:133]   --->   Operation 2169 'select' 'p_Val2_20' <Predicate = true> <Delay = 0.69> <Core = "Sel">   --->   Core 26 'Sel' <Latency = 0> <II = 1> <Delay = 0.69> <FuncUnit> <Opcode : 'select'> <InPorts = 3> <OutPorts = 1>
ST_14 : Operation 2170 [1/1] (0.00ns)   --->   "%tmp_44 = call i26 @_ssdm_op_PartSelect.i26.i28.i32.i32(i28 %p_Val2_18, i32 2, i32 27)" [ADSD/Exp.cpp:78->ADSD/Classifier.cpp:85->ADSD/Classifier.cpp:133]   --->   Operation 2170 'partselect' 'tmp_44' <Predicate = true> <Delay = 0.00>
ST_14 : Operation 2171 [1/1] (0.00ns)   --->   "%tmp_45 = call i26 @_ssdm_op_PartSelect.i26.i28.i32.i32(i28 %p_Val2_19, i32 2, i32 27)" [ADSD/Exp.cpp:78->ADSD/Classifier.cpp:85->ADSD/Classifier.cpp:133]   --->   Operation 2171 'partselect' 'tmp_45' <Predicate = true> <Delay = 0.00>
ST_14 : Operation 2172 [1/1] (0.76ns)   --->   "%Z_V_3 = select i1 %z_neg_2, i26 %tmp_44, i26 %tmp_45" [ADSD/Exp.cpp:78->ADSD/Classifier.cpp:85->ADSD/Classifier.cpp:133]   --->   Operation 2172 'select' 'Z_V_3' <Predicate = true> <Delay = 0.76> <Core = "Sel">   --->   Core 26 'Sel' <Latency = 0> <II = 1> <Delay = 0.69> <FuncUnit> <Opcode : 'select'> <InPorts = 3> <OutPorts = 1>
ST_14 : Operation 2173 [1/1] (0.00ns)   --->   "%z_neg_3 = call i1 @_ssdm_op_BitSelect.i1.i26.i32(i26 %Z_V_3, i32 25)" [ADSD/Exp.cpp:79->ADSD/Classifier.cpp:85->ADSD/Classifier.cpp:133]   --->   Operation 2173 'bitselect' 'z_neg_3' <Predicate = true> <Delay = 0.00>
ST_14 : Operation 2174 [1/1] (0.00ns)   --->   "%tmp_46 = call i19 @_ssdm_op_PartSelect.i19.i23.i32.i32(i23 %p_Val2_20, i32 4, i32 22)" [ADSD/Exp.cpp:79->ADSD/Classifier.cpp:85->ADSD/Classifier.cpp:133]   --->   Operation 2174 'partselect' 'tmp_46' <Predicate = true> <Delay = 0.00>
ST_14 : Operation 2175 [1/1] (0.00ns)   --->   "%p_Val2_30_cast_i_c = zext i19 %tmp_46 to i24" [ADSD/Exp.cpp:79->ADSD/Classifier.cpp:85->ADSD/Classifier.cpp:133]   --->   Operation 2175 'zext' 'p_Val2_30_cast_i_c' <Predicate = true> <Delay = 0.00>
ST_14 : Operation 2176 [1/1] (0.00ns)   --->   "%tmp_19 = call i20 @_ssdm_op_PartSelect.i20.i24.i32.i32(i24 %p_Val2_21, i32 4, i32 23)" [ADSD/Exp.cpp:79->ADSD/Classifier.cpp:85->ADSD/Classifier.cpp:133]   --->   Operation 2176 'partselect' 'tmp_19' <Predicate = true> <Delay = 0.00>
ST_14 : Operation 2177 [1/1] (0.00ns)   --->   "%p_Val2_24_cast = sext i20 %tmp_19 to i23" [ADSD/Exp.cpp:79->ADSD/Classifier.cpp:85->ADSD/Classifier.cpp:133]   --->   Operation 2177 'sext' 'p_Val2_24_cast' <Predicate = true> <Delay = 0.00>
ST_14 : Operation 2178 [1/1] (2.28ns)   --->   "%X_V_4 = sub i23 %p_Val2_20, %p_Val2_24_cast" [ADSD/Exp.cpp:79->ADSD/Classifier.cpp:85->ADSD/Classifier.cpp:133]   --->   Operation 2178 'sub' 'X_V_4' <Predicate = true> <Delay = 2.28> <Core = "AddSub">   --->   Core 14 'AddSub' <Latency = 0> <II = 1> <Delay = 2.55> <FuncUnit> <Opcode : 'add' 'sub'> <InPorts = 2> <OutPorts = 1>
ST_14 : Operation 2179 [1/1] (2.31ns)   --->   "%Y_V_2 = sub i24 %p_Val2_21, %p_Val2_30_cast_i_c" [ADSD/Exp.cpp:79->ADSD/Classifier.cpp:85->ADSD/Classifier.cpp:133]   --->   Operation 2179 'sub' 'Y_V_2' <Predicate = true> <Delay = 2.31> <Core = "AddSub">   --->   Core 14 'AddSub' <Latency = 0> <II = 1> <Delay = 2.55> <FuncUnit> <Opcode : 'add' 'sub'> <InPorts = 2> <OutPorts = 1>
ST_14 : Operation 2180 [1/1] (0.00ns)   --->   "%tmp_104_i = call i28 @_ssdm_op_BitConcatenate.i28.i26.i2(i26 %Z_V_3, i2 0)" [ADSD/Exp.cpp:79->ADSD/Classifier.cpp:85->ADSD/Classifier.cpp:133]   --->   Operation 2180 'bitconcatenate' 'tmp_104_i' <Predicate = true> <Delay = 0.00>
ST_14 : Operation 2181 [1/1] (2.43ns)   --->   "%p_Val2_23 = add i28 %tmp_104_i, 1049944" [ADSD/Exp.cpp:79->ADSD/Classifier.cpp:85->ADSD/Classifier.cpp:133]   --->   Operation 2181 'add' 'p_Val2_23' <Predicate = true> <Delay = 2.43> <Core = "AddSub">   --->   Core 14 'AddSub' <Latency = 0> <II = 1> <Delay = 2.55> <FuncUnit> <Opcode : 'add' 'sub'> <InPorts = 2> <OutPorts = 1>
ST_14 : Operation 2182 [1/1] (2.28ns)   --->   "%X_V_5 = add i23 %p_Val2_20, %p_Val2_24_cast" [ADSD/Exp.cpp:79->ADSD/Classifier.cpp:85->ADSD/Classifier.cpp:133]   --->   Operation 2182 'add' 'X_V_5' <Predicate = true> <Delay = 2.28> <Core = "AddSub">   --->   Core 14 'AddSub' <Latency = 0> <II = 1> <Delay = 2.55> <FuncUnit> <Opcode : 'add' 'sub'> <InPorts = 2> <OutPorts = 1>
ST_14 : Operation 2183 [1/1] (2.31ns)   --->   "%Y_V_3 = add i24 %p_Val2_21, %p_Val2_30_cast_i_c" [ADSD/Exp.cpp:79->ADSD/Classifier.cpp:85->ADSD/Classifier.cpp:133]   --->   Operation 2183 'add' 'Y_V_3' <Predicate = true> <Delay = 2.31> <Core = "AddSub">   --->   Core 14 'AddSub' <Latency = 0> <II = 1> <Delay = 2.55> <FuncUnit> <Opcode : 'add' 'sub'> <InPorts = 2> <OutPorts = 1>
ST_14 : Operation 2184 [1/1] (0.00ns)   --->   "%tmp_287 = trunc i26 %Z_V_3 to i25" [ADSD/Exp.cpp:78->ADSD/Classifier.cpp:85->ADSD/Classifier.cpp:133]   --->   Operation 2184 'trunc' 'tmp_287' <Predicate = true> <Delay = 0.00>
ST_14 : Operation 2185 [1/1] (0.00ns)   --->   "%tmp_119_i = call i27 @_ssdm_op_BitConcatenate.i27.i25.i2(i25 %tmp_287, i2 0)" [ADSD/Exp.cpp:79->ADSD/Classifier.cpp:85->ADSD/Classifier.cpp:133]   --->   Operation 2185 'bitconcatenate' 'tmp_119_i' <Predicate = true> <Delay = 0.00>
ST_14 : Operation 2186 [1/1] (0.00ns)   --->   "%tmp_119_cast_i = zext i27 %tmp_119_i to i28" [ADSD/Exp.cpp:79->ADSD/Classifier.cpp:85->ADSD/Classifier.cpp:133]   --->   Operation 2186 'zext' 'tmp_119_cast_i' <Predicate = true> <Delay = 0.00>
ST_14 : Operation 2187 [1/1] (2.40ns)   --->   "%p_Val2_24 = add i28 %tmp_119_cast_i, -1049944" [ADSD/Exp.cpp:79->ADSD/Classifier.cpp:85->ADSD/Classifier.cpp:133]   --->   Operation 2187 'add' 'p_Val2_24' <Predicate = true> <Delay = 2.40> <Core = "AddSub">   --->   Core 14 'AddSub' <Latency = 0> <II = 1> <Delay = 2.55> <FuncUnit> <Opcode : 'add' 'sub'> <InPorts = 2> <OutPorts = 1>
ST_14 : Operation 2188 [1/1] (0.69ns)   --->   "%p_Val2_26 = select i1 %z_neg_3, i24 %Y_V_2, i24 %Y_V_3" [ADSD/Exp.cpp:80->ADSD/Classifier.cpp:85->ADSD/Classifier.cpp:133]   --->   Operation 2188 'select' 'p_Val2_26' <Predicate = true> <Delay = 0.69> <Core = "Sel">   --->   Core 26 'Sel' <Latency = 0> <II = 1> <Delay = 0.69> <FuncUnit> <Opcode : 'select'> <InPorts = 3> <OutPorts = 1>
ST_14 : Operation 2189 [1/1] (0.69ns)   --->   "%p_Val2_25 = select i1 %z_neg_3, i23 %X_V_4, i23 %X_V_5" [ADSD/Exp.cpp:80->ADSD/Classifier.cpp:85->ADSD/Classifier.cpp:133]   --->   Operation 2189 'select' 'p_Val2_25' <Predicate = true> <Delay = 0.69> <Core = "Sel">   --->   Core 26 'Sel' <Latency = 0> <II = 1> <Delay = 0.69> <FuncUnit> <Opcode : 'select'> <InPorts = 3> <OutPorts = 1>
ST_14 : Operation 2190 [1/1] (0.00ns)   --->   "%tmp_47 = call i26 @_ssdm_op_PartSelect.i26.i28.i32.i32(i28 %p_Val2_23, i32 2, i32 27)" [ADSD/Exp.cpp:79->ADSD/Classifier.cpp:85->ADSD/Classifier.cpp:133]   --->   Operation 2190 'partselect' 'tmp_47' <Predicate = true> <Delay = 0.00>
ST_14 : Operation 2191 [1/1] (0.00ns)   --->   "%tmp_48 = call i26 @_ssdm_op_PartSelect.i26.i28.i32.i32(i28 %p_Val2_24, i32 2, i32 27)" [ADSD/Exp.cpp:79->ADSD/Classifier.cpp:85->ADSD/Classifier.cpp:133]   --->   Operation 2191 'partselect' 'tmp_48' <Predicate = true> <Delay = 0.00>
ST_14 : Operation 2192 [1/1] (0.76ns)   --->   "%Z_V_4 = select i1 %z_neg_3, i26 %tmp_47, i26 %tmp_48" [ADSD/Exp.cpp:79->ADSD/Classifier.cpp:85->ADSD/Classifier.cpp:133]   --->   Operation 2192 'select' 'Z_V_4' <Predicate = true> <Delay = 0.76> <Core = "Sel">   --->   Core 26 'Sel' <Latency = 0> <II = 1> <Delay = 0.69> <FuncUnit> <Opcode : 'select'> <InPorts = 3> <OutPorts = 1>
ST_14 : Operation 2193 [1/1] (0.00ns)   --->   "%z_neg_4 = call i1 @_ssdm_op_BitSelect.i1.i26.i32(i26 %Z_V_4, i32 25)" [ADSD/Exp.cpp:80->ADSD/Classifier.cpp:85->ADSD/Classifier.cpp:133]   --->   Operation 2193 'bitselect' 'z_neg_4' <Predicate = true> <Delay = 0.00>
ST_14 : Operation 2194 [1/1] (0.00ns)   --->   "%tmp_49 = call i19 @_ssdm_op_PartSelect.i19.i23.i32.i32(i23 %p_Val2_25, i32 4, i32 22)" [ADSD/Exp.cpp:80->ADSD/Classifier.cpp:85->ADSD/Classifier.cpp:133]   --->   Operation 2194 'partselect' 'tmp_49' <Predicate = true> <Delay = 0.00>
ST_14 : Operation 2195 [1/1] (0.00ns)   --->   "%p_Val2_37_cast_i_c = zext i19 %tmp_49 to i24" [ADSD/Exp.cpp:80->ADSD/Classifier.cpp:85->ADSD/Classifier.cpp:133]   --->   Operation 2195 'zext' 'p_Val2_37_cast_i_c' <Predicate = true> <Delay = 0.00>
ST_14 : Operation 2196 [1/1] (0.00ns)   --->   "%tmp_20 = call i20 @_ssdm_op_PartSelect.i20.i24.i32.i32(i24 %p_Val2_26, i32 4, i32 23)" [ADSD/Exp.cpp:80->ADSD/Classifier.cpp:85->ADSD/Classifier.cpp:133]   --->   Operation 2196 'partselect' 'tmp_20' <Predicate = true> <Delay = 0.00>
ST_14 : Operation 2197 [1/1] (0.00ns)   --->   "%p_Val2_30_cast = sext i20 %tmp_20 to i23" [ADSD/Exp.cpp:80->ADSD/Classifier.cpp:85->ADSD/Classifier.cpp:133]   --->   Operation 2197 'sext' 'p_Val2_30_cast' <Predicate = true> <Delay = 0.00>
ST_14 : Operation 2198 [1/1] (2.28ns)   --->   "%X_V_6 = sub i23 %p_Val2_25, %p_Val2_30_cast" [ADSD/Exp.cpp:80->ADSD/Classifier.cpp:85->ADSD/Classifier.cpp:133]   --->   Operation 2198 'sub' 'X_V_6' <Predicate = true> <Delay = 2.28> <Core = "AddSub">   --->   Core 14 'AddSub' <Latency = 0> <II = 1> <Delay = 2.55> <FuncUnit> <Opcode : 'add' 'sub'> <InPorts = 2> <OutPorts = 1>
ST_14 : Operation 2199 [1/1] (2.31ns)   --->   "%Y_V_4 = sub i24 %p_Val2_26, %p_Val2_37_cast_i_c" [ADSD/Exp.cpp:80->ADSD/Classifier.cpp:85->ADSD/Classifier.cpp:133]   --->   Operation 2199 'sub' 'Y_V_4' <Predicate = true> <Delay = 2.31> <Core = "AddSub">   --->   Core 14 'AddSub' <Latency = 0> <II = 1> <Delay = 2.55> <FuncUnit> <Opcode : 'add' 'sub'> <InPorts = 2> <OutPorts = 1>
ST_14 : Operation 2200 [1/1] (0.00ns)   --->   "%tmp_130_i = call i28 @_ssdm_op_BitConcatenate.i28.i26.i2(i26 %Z_V_4, i2 0)" [ADSD/Exp.cpp:80->ADSD/Classifier.cpp:85->ADSD/Classifier.cpp:133]   --->   Operation 2200 'bitconcatenate' 'tmp_130_i' <Predicate = true> <Delay = 0.00>
ST_14 : Operation 2201 [1/1] (2.43ns)   --->   "%p_Val2_28 = add i28 %tmp_130_i, 1049944" [ADSD/Exp.cpp:80->ADSD/Classifier.cpp:85->ADSD/Classifier.cpp:133]   --->   Operation 2201 'add' 'p_Val2_28' <Predicate = true> <Delay = 2.43> <Core = "AddSub">   --->   Core 14 'AddSub' <Latency = 0> <II = 1> <Delay = 2.55> <FuncUnit> <Opcode : 'add' 'sub'> <InPorts = 2> <OutPorts = 1>
ST_14 : Operation 2202 [1/1] (2.28ns)   --->   "%X_V_7 = add i23 %p_Val2_25, %p_Val2_30_cast" [ADSD/Exp.cpp:80->ADSD/Classifier.cpp:85->ADSD/Classifier.cpp:133]   --->   Operation 2202 'add' 'X_V_7' <Predicate = true> <Delay = 2.28> <Core = "AddSub">   --->   Core 14 'AddSub' <Latency = 0> <II = 1> <Delay = 2.55> <FuncUnit> <Opcode : 'add' 'sub'> <InPorts = 2> <OutPorts = 1>
ST_14 : Operation 2203 [1/1] (2.31ns)   --->   "%Y_V_5 = add i24 %p_Val2_26, %p_Val2_37_cast_i_c" [ADSD/Exp.cpp:80->ADSD/Classifier.cpp:85->ADSD/Classifier.cpp:133]   --->   Operation 2203 'add' 'Y_V_5' <Predicate = true> <Delay = 2.31> <Core = "AddSub">   --->   Core 14 'AddSub' <Latency = 0> <II = 1> <Delay = 2.55> <FuncUnit> <Opcode : 'add' 'sub'> <InPorts = 2> <OutPorts = 1>
ST_14 : Operation 2204 [1/1] (0.00ns)   --->   "%tmp_289 = trunc i26 %Z_V_4 to i25" [ADSD/Exp.cpp:79->ADSD/Classifier.cpp:85->ADSD/Classifier.cpp:133]   --->   Operation 2204 'trunc' 'tmp_289' <Predicate = true> <Delay = 0.00>
ST_14 : Operation 2205 [1/1] (0.00ns)   --->   "%tmp_145_i = call i27 @_ssdm_op_BitConcatenate.i27.i25.i2(i25 %tmp_289, i2 0)" [ADSD/Exp.cpp:80->ADSD/Classifier.cpp:85->ADSD/Classifier.cpp:133]   --->   Operation 2205 'bitconcatenate' 'tmp_145_i' <Predicate = true> <Delay = 0.00>
ST_14 : Operation 2206 [1/1] (0.00ns)   --->   "%tmp_145_cast_i = zext i27 %tmp_145_i to i28" [ADSD/Exp.cpp:80->ADSD/Classifier.cpp:85->ADSD/Classifier.cpp:133]   --->   Operation 2206 'zext' 'tmp_145_cast_i' <Predicate = true> <Delay = 0.00>
ST_14 : Operation 2207 [1/1] (2.40ns)   --->   "%p_Val2_29 = add i28 %tmp_145_cast_i, -1049944" [ADSD/Exp.cpp:80->ADSD/Classifier.cpp:85->ADSD/Classifier.cpp:133]   --->   Operation 2207 'add' 'p_Val2_29' <Predicate = true> <Delay = 2.40> <Core = "AddSub">   --->   Core 14 'AddSub' <Latency = 0> <II = 1> <Delay = 2.55> <FuncUnit> <Opcode : 'add' 'sub'> <InPorts = 2> <OutPorts = 1>
ST_14 : Operation 2208 [1/1] (0.69ns)   --->   "%p_Val2_31 = select i1 %z_neg_4, i24 %Y_V_4, i24 %Y_V_5" [ADSD/Exp.cpp:81->ADSD/Classifier.cpp:85->ADSD/Classifier.cpp:133]   --->   Operation 2208 'select' 'p_Val2_31' <Predicate = true> <Delay = 0.69> <Core = "Sel">   --->   Core 26 'Sel' <Latency = 0> <II = 1> <Delay = 0.69> <FuncUnit> <Opcode : 'select'> <InPorts = 3> <OutPorts = 1>
ST_14 : Operation 2209 [1/1] (0.69ns)   --->   "%p_Val2_30 = select i1 %z_neg_4, i23 %X_V_6, i23 %X_V_7" [ADSD/Exp.cpp:81->ADSD/Classifier.cpp:85->ADSD/Classifier.cpp:133]   --->   Operation 2209 'select' 'p_Val2_30' <Predicate = true> <Delay = 0.69> <Core = "Sel">   --->   Core 26 'Sel' <Latency = 0> <II = 1> <Delay = 0.69> <FuncUnit> <Opcode : 'select'> <InPorts = 3> <OutPorts = 1>

State 15 <SV = 11> <Delay = 9.59>
ST_15 : Operation 2210 [1/1] (0.00ns)   --->   "%p_Val2_35_cast = zext i23 %p_Val2_30 to i24" [ADSD/Exp.cpp:81->ADSD/Classifier.cpp:85->ADSD/Classifier.cpp:133]   --->   Operation 2210 'zext' 'p_Val2_35_cast' <Predicate = true> <Delay = 0.00>
ST_15 : Operation 2211 [1/1] (0.00ns)   --->   "%tmp_50 = call i26 @_ssdm_op_PartSelect.i26.i28.i32.i32(i28 %p_Val2_28, i32 2, i32 27)" [ADSD/Exp.cpp:80->ADSD/Classifier.cpp:85->ADSD/Classifier.cpp:133]   --->   Operation 2211 'partselect' 'tmp_50' <Predicate = (z_neg_4)> <Delay = 0.00>
ST_15 : Operation 2212 [1/1] (0.00ns)   --->   "%tmp_51 = call i26 @_ssdm_op_PartSelect.i26.i28.i32.i32(i28 %p_Val2_29, i32 2, i32 27)" [ADSD/Exp.cpp:80->ADSD/Classifier.cpp:85->ADSD/Classifier.cpp:133]   --->   Operation 2212 'partselect' 'tmp_51' <Predicate = (!z_neg_4)> <Delay = 0.00>
ST_15 : Operation 2213 [1/1] (0.76ns)   --->   "%Z_V_5 = select i1 %z_neg_4, i26 %tmp_50, i26 %tmp_51" [ADSD/Exp.cpp:80->ADSD/Classifier.cpp:85->ADSD/Classifier.cpp:133]   --->   Operation 2213 'select' 'Z_V_5' <Predicate = true> <Delay = 0.76> <Core = "Sel">   --->   Core 26 'Sel' <Latency = 0> <II = 1> <Delay = 0.69> <FuncUnit> <Opcode : 'select'> <InPorts = 3> <OutPorts = 1>
ST_15 : Operation 2214 [1/1] (0.00ns)   --->   "%z_neg_5 = call i1 @_ssdm_op_BitSelect.i1.i26.i32(i26 %Z_V_5, i32 25)" [ADSD/Exp.cpp:81->ADSD/Classifier.cpp:85->ADSD/Classifier.cpp:133]   --->   Operation 2214 'bitselect' 'z_neg_5' <Predicate = true> <Delay = 0.00>
ST_15 : Operation 2215 [1/1] (0.00ns)   --->   "%tmp_52 = call i18 @_ssdm_op_PartSelect.i18.i23.i32.i32(i23 %p_Val2_30, i32 5, i32 22)" [ADSD/Exp.cpp:81->ADSD/Classifier.cpp:85->ADSD/Classifier.cpp:133]   --->   Operation 2215 'partselect' 'tmp_52' <Predicate = true> <Delay = 0.00>
ST_15 : Operation 2216 [1/1] (0.00ns)   --->   "%p_Val2_44_cast_i_c = zext i18 %tmp_52 to i24" [ADSD/Exp.cpp:81->ADSD/Classifier.cpp:85->ADSD/Classifier.cpp:133]   --->   Operation 2216 'zext' 'p_Val2_44_cast_i_c' <Predicate = true> <Delay = 0.00>
ST_15 : Operation 2217 [1/1] (0.00ns)   --->   "%tmp_21 = call i19 @_ssdm_op_PartSelect.i19.i24.i32.i32(i24 %p_Val2_31, i32 5, i32 23)" [ADSD/Exp.cpp:81->ADSD/Classifier.cpp:85->ADSD/Classifier.cpp:133]   --->   Operation 2217 'partselect' 'tmp_21' <Predicate = true> <Delay = 0.00>
ST_15 : Operation 2218 [1/1] (0.00ns)   --->   "%p_Val2_36_cast = sext i19 %tmp_21 to i24" [ADSD/Exp.cpp:81->ADSD/Classifier.cpp:85->ADSD/Classifier.cpp:133]   --->   Operation 2218 'sext' 'p_Val2_36_cast' <Predicate = true> <Delay = 0.00>
ST_15 : Operation 2219 [1/1] (2.28ns)   --->   "%X_V_8 = sub i24 %p_Val2_35_cast, %p_Val2_36_cast" [ADSD/Exp.cpp:81->ADSD/Classifier.cpp:85->ADSD/Classifier.cpp:133]   --->   Operation 2219 'sub' 'X_V_8' <Predicate = true> <Delay = 2.28> <Core = "AddSub">   --->   Core 14 'AddSub' <Latency = 0> <II = 1> <Delay = 2.55> <FuncUnit> <Opcode : 'add' 'sub'> <InPorts = 2> <OutPorts = 1>
ST_15 : Operation 2220 [1/1] (2.31ns)   --->   "%Y_V_6 = sub i24 %p_Val2_31, %p_Val2_44_cast_i_c" [ADSD/Exp.cpp:81->ADSD/Classifier.cpp:85->ADSD/Classifier.cpp:133]   --->   Operation 2220 'sub' 'Y_V_6' <Predicate = true> <Delay = 2.31> <Core = "AddSub">   --->   Core 14 'AddSub' <Latency = 0> <II = 1> <Delay = 2.55> <FuncUnit> <Opcode : 'add' 'sub'> <InPorts = 2> <OutPorts = 1>
ST_15 : Operation 2221 [1/1] (0.00ns)   --->   "%tmp_156_i = call i28 @_ssdm_op_BitConcatenate.i28.i26.i2(i26 %Z_V_5, i2 0)" [ADSD/Exp.cpp:81->ADSD/Classifier.cpp:85->ADSD/Classifier.cpp:133]   --->   Operation 2221 'bitconcatenate' 'tmp_156_i' <Predicate = true> <Delay = 0.00>
ST_15 : Operation 2222 [1/1] (2.43ns)   --->   "%p_Val2_33 = add i28 %tmp_156_i, 524458" [ADSD/Exp.cpp:81->ADSD/Classifier.cpp:85->ADSD/Classifier.cpp:133]   --->   Operation 2222 'add' 'p_Val2_33' <Predicate = true> <Delay = 2.43> <Core = "AddSub">   --->   Core 14 'AddSub' <Latency = 0> <II = 1> <Delay = 2.55> <FuncUnit> <Opcode : 'add' 'sub'> <InPorts = 2> <OutPorts = 1>
ST_15 : Operation 2223 [1/1] (2.28ns)   --->   "%X_V_9 = add i24 %p_Val2_35_cast, %p_Val2_36_cast" [ADSD/Exp.cpp:81->ADSD/Classifier.cpp:85->ADSD/Classifier.cpp:133]   --->   Operation 2223 'add' 'X_V_9' <Predicate = true> <Delay = 2.28> <Core = "AddSub">   --->   Core 14 'AddSub' <Latency = 0> <II = 1> <Delay = 2.55> <FuncUnit> <Opcode : 'add' 'sub'> <InPorts = 2> <OutPorts = 1>
ST_15 : Operation 2224 [1/1] (2.31ns)   --->   "%Y_V_7 = add i24 %p_Val2_31, %p_Val2_44_cast_i_c" [ADSD/Exp.cpp:81->ADSD/Classifier.cpp:85->ADSD/Classifier.cpp:133]   --->   Operation 2224 'add' 'Y_V_7' <Predicate = true> <Delay = 2.31> <Core = "AddSub">   --->   Core 14 'AddSub' <Latency = 0> <II = 1> <Delay = 2.55> <FuncUnit> <Opcode : 'add' 'sub'> <InPorts = 2> <OutPorts = 1>
ST_15 : Operation 2225 [1/1] (0.00ns)   --->   "%tmp_291 = trunc i26 %Z_V_5 to i25" [ADSD/Exp.cpp:80->ADSD/Classifier.cpp:85->ADSD/Classifier.cpp:133]   --->   Operation 2225 'trunc' 'tmp_291' <Predicate = true> <Delay = 0.00>
ST_15 : Operation 2226 [1/1] (0.00ns)   --->   "%tmp_171_i = call i27 @_ssdm_op_BitConcatenate.i27.i25.i2(i25 %tmp_291, i2 0)" [ADSD/Exp.cpp:81->ADSD/Classifier.cpp:85->ADSD/Classifier.cpp:133]   --->   Operation 2226 'bitconcatenate' 'tmp_171_i' <Predicate = true> <Delay = 0.00>
ST_15 : Operation 2227 [1/1] (0.00ns)   --->   "%tmp_171_cast_i = zext i27 %tmp_171_i to i28" [ADSD/Exp.cpp:81->ADSD/Classifier.cpp:85->ADSD/Classifier.cpp:133]   --->   Operation 2227 'zext' 'tmp_171_cast_i' <Predicate = true> <Delay = 0.00>
ST_15 : Operation 2228 [1/1] (2.40ns)   --->   "%p_Val2_34 = add i28 %tmp_171_cast_i, -524458" [ADSD/Exp.cpp:81->ADSD/Classifier.cpp:85->ADSD/Classifier.cpp:133]   --->   Operation 2228 'add' 'p_Val2_34' <Predicate = true> <Delay = 2.40> <Core = "AddSub">   --->   Core 14 'AddSub' <Latency = 0> <II = 1> <Delay = 2.55> <FuncUnit> <Opcode : 'add' 'sub'> <InPorts = 2> <OutPorts = 1>
ST_15 : Operation 2229 [1/1] (0.69ns)   --->   "%p_Val2_36 = select i1 %z_neg_5, i24 %Y_V_6, i24 %Y_V_7" [ADSD/Exp.cpp:82->ADSD/Classifier.cpp:85->ADSD/Classifier.cpp:133]   --->   Operation 2229 'select' 'p_Val2_36' <Predicate = true> <Delay = 0.69> <Core = "Sel">   --->   Core 26 'Sel' <Latency = 0> <II = 1> <Delay = 0.69> <FuncUnit> <Opcode : 'select'> <InPorts = 3> <OutPorts = 1>
ST_15 : Operation 2230 [1/1] (0.69ns)   --->   "%p_Val2_35 = select i1 %z_neg_5, i24 %X_V_8, i24 %X_V_9" [ADSD/Exp.cpp:82->ADSD/Classifier.cpp:85->ADSD/Classifier.cpp:133]   --->   Operation 2230 'select' 'p_Val2_35' <Predicate = true> <Delay = 0.69> <Core = "Sel">   --->   Core 26 'Sel' <Latency = 0> <II = 1> <Delay = 0.69> <FuncUnit> <Opcode : 'select'> <InPorts = 3> <OutPorts = 1>
ST_15 : Operation 2231 [1/1] (0.00ns)   --->   "%tmp_53 = call i26 @_ssdm_op_PartSelect.i26.i28.i32.i32(i28 %p_Val2_33, i32 2, i32 27)" [ADSD/Exp.cpp:81->ADSD/Classifier.cpp:85->ADSD/Classifier.cpp:133]   --->   Operation 2231 'partselect' 'tmp_53' <Predicate = true> <Delay = 0.00>
ST_15 : Operation 2232 [1/1] (0.00ns)   --->   "%tmp_54 = call i26 @_ssdm_op_PartSelect.i26.i28.i32.i32(i28 %p_Val2_34, i32 2, i32 27)" [ADSD/Exp.cpp:81->ADSD/Classifier.cpp:85->ADSD/Classifier.cpp:133]   --->   Operation 2232 'partselect' 'tmp_54' <Predicate = true> <Delay = 0.00>
ST_15 : Operation 2233 [1/1] (0.76ns)   --->   "%Z_V_6 = select i1 %z_neg_5, i26 %tmp_53, i26 %tmp_54" [ADSD/Exp.cpp:81->ADSD/Classifier.cpp:85->ADSD/Classifier.cpp:133]   --->   Operation 2233 'select' 'Z_V_6' <Predicate = true> <Delay = 0.76> <Core = "Sel">   --->   Core 26 'Sel' <Latency = 0> <II = 1> <Delay = 0.69> <FuncUnit> <Opcode : 'select'> <InPorts = 3> <OutPorts = 1>
ST_15 : Operation 2234 [1/1] (0.00ns)   --->   "%z_neg_6 = call i1 @_ssdm_op_BitSelect.i1.i26.i32(i26 %Z_V_6, i32 25)" [ADSD/Exp.cpp:82->ADSD/Classifier.cpp:85->ADSD/Classifier.cpp:133]   --->   Operation 2234 'bitselect' 'z_neg_6' <Predicate = true> <Delay = 0.00>
ST_15 : Operation 2235 [1/1] (0.00ns)   --->   "%tmp_55 = call i18 @_ssdm_op_PartSelect.i18.i24.i32.i32(i24 %p_Val2_35, i32 6, i32 23)" [ADSD/Exp.cpp:82->ADSD/Classifier.cpp:85->ADSD/Classifier.cpp:133]   --->   Operation 2235 'partselect' 'tmp_55' <Predicate = true> <Delay = 0.00>
ST_15 : Operation 2236 [1/1] (0.00ns)   --->   "%p_Val2_51_cast_i_c = zext i18 %tmp_55 to i24" [ADSD/Exp.cpp:82->ADSD/Classifier.cpp:85->ADSD/Classifier.cpp:133]   --->   Operation 2236 'zext' 'p_Val2_51_cast_i_c' <Predicate = true> <Delay = 0.00>
ST_15 : Operation 2237 [1/1] (0.00ns)   --->   "%tmp_22 = call i18 @_ssdm_op_PartSelect.i18.i24.i32.i32(i24 %p_Val2_36, i32 6, i32 23)" [ADSD/Exp.cpp:82->ADSD/Classifier.cpp:85->ADSD/Classifier.cpp:133]   --->   Operation 2237 'partselect' 'tmp_22' <Predicate = true> <Delay = 0.00>
ST_15 : Operation 2238 [1/1] (0.00ns)   --->   "%p_Val2_42_cast = sext i18 %tmp_22 to i24" [ADSD/Exp.cpp:82->ADSD/Classifier.cpp:85->ADSD/Classifier.cpp:133]   --->   Operation 2238 'sext' 'p_Val2_42_cast' <Predicate = true> <Delay = 0.00>
ST_15 : Operation 2239 [1/1] (2.31ns)   --->   "%X_V_10 = sub i24 %p_Val2_35, %p_Val2_42_cast" [ADSD/Exp.cpp:82->ADSD/Classifier.cpp:85->ADSD/Classifier.cpp:133]   --->   Operation 2239 'sub' 'X_V_10' <Predicate = true> <Delay = 2.31> <Core = "AddSub">   --->   Core 14 'AddSub' <Latency = 0> <II = 1> <Delay = 2.55> <FuncUnit> <Opcode : 'add' 'sub'> <InPorts = 2> <OutPorts = 1>
ST_15 : Operation 2240 [1/1] (2.31ns)   --->   "%Y_V_8 = sub i24 %p_Val2_36, %p_Val2_51_cast_i_c" [ADSD/Exp.cpp:82->ADSD/Classifier.cpp:85->ADSD/Classifier.cpp:133]   --->   Operation 2240 'sub' 'Y_V_8' <Predicate = true> <Delay = 2.31> <Core = "AddSub">   --->   Core 14 'AddSub' <Latency = 0> <II = 1> <Delay = 2.55> <FuncUnit> <Opcode : 'add' 'sub'> <InPorts = 2> <OutPorts = 1>
ST_15 : Operation 2241 [1/1] (0.00ns)   --->   "%tmp_182_i = call i28 @_ssdm_op_BitConcatenate.i28.i26.i2(i26 %Z_V_6, i2 0)" [ADSD/Exp.cpp:82->ADSD/Classifier.cpp:85->ADSD/Classifier.cpp:133]   --->   Operation 2241 'bitconcatenate' 'tmp_182_i' <Predicate = true> <Delay = 0.00>
ST_15 : Operation 2242 [1/1] (2.43ns)   --->   "%p_Val2_38 = add i28 %tmp_182_i, 262165" [ADSD/Exp.cpp:82->ADSD/Classifier.cpp:85->ADSD/Classifier.cpp:133]   --->   Operation 2242 'add' 'p_Val2_38' <Predicate = true> <Delay = 2.43> <Core = "AddSub">   --->   Core 14 'AddSub' <Latency = 0> <II = 1> <Delay = 2.55> <FuncUnit> <Opcode : 'add' 'sub'> <InPorts = 2> <OutPorts = 1>
ST_15 : Operation 2243 [1/1] (2.31ns)   --->   "%X_V_11 = add i24 %p_Val2_35, %p_Val2_42_cast" [ADSD/Exp.cpp:82->ADSD/Classifier.cpp:85->ADSD/Classifier.cpp:133]   --->   Operation 2243 'add' 'X_V_11' <Predicate = true> <Delay = 2.31> <Core = "AddSub">   --->   Core 14 'AddSub' <Latency = 0> <II = 1> <Delay = 2.55> <FuncUnit> <Opcode : 'add' 'sub'> <InPorts = 2> <OutPorts = 1>
ST_15 : Operation 2244 [1/1] (2.31ns)   --->   "%Y_V_9 = add i24 %p_Val2_36, %p_Val2_51_cast_i_c" [ADSD/Exp.cpp:82->ADSD/Classifier.cpp:85->ADSD/Classifier.cpp:133]   --->   Operation 2244 'add' 'Y_V_9' <Predicate = true> <Delay = 2.31> <Core = "AddSub">   --->   Core 14 'AddSub' <Latency = 0> <II = 1> <Delay = 2.55> <FuncUnit> <Opcode : 'add' 'sub'> <InPorts = 2> <OutPorts = 1>
ST_15 : Operation 2245 [1/1] (0.00ns)   --->   "%tmp_293 = trunc i26 %Z_V_6 to i25" [ADSD/Exp.cpp:81->ADSD/Classifier.cpp:85->ADSD/Classifier.cpp:133]   --->   Operation 2245 'trunc' 'tmp_293' <Predicate = true> <Delay = 0.00>
ST_15 : Operation 2246 [1/1] (0.00ns)   --->   "%tmp_197_i = call i27 @_ssdm_op_BitConcatenate.i27.i25.i2(i25 %tmp_293, i2 0)" [ADSD/Exp.cpp:82->ADSD/Classifier.cpp:85->ADSD/Classifier.cpp:133]   --->   Operation 2246 'bitconcatenate' 'tmp_197_i' <Predicate = true> <Delay = 0.00>
ST_15 : Operation 2247 [1/1] (0.00ns)   --->   "%tmp_197_cast_i = zext i27 %tmp_197_i to i28" [ADSD/Exp.cpp:82->ADSD/Classifier.cpp:85->ADSD/Classifier.cpp:133]   --->   Operation 2247 'zext' 'tmp_197_cast_i' <Predicate = true> <Delay = 0.00>
ST_15 : Operation 2248 [1/1] (2.40ns)   --->   "%p_Val2_39 = add i28 %tmp_197_cast_i, -262165" [ADSD/Exp.cpp:82->ADSD/Classifier.cpp:85->ADSD/Classifier.cpp:133]   --->   Operation 2248 'add' 'p_Val2_39' <Predicate = true> <Delay = 2.40> <Core = "AddSub">   --->   Core 14 'AddSub' <Latency = 0> <II = 1> <Delay = 2.55> <FuncUnit> <Opcode : 'add' 'sub'> <InPorts = 2> <OutPorts = 1>
ST_15 : Operation 2249 [1/1] (0.69ns)   --->   "%p_Val2_41 = select i1 %z_neg_6, i24 %Y_V_8, i24 %Y_V_9" [ADSD/Exp.cpp:83->ADSD/Classifier.cpp:85->ADSD/Classifier.cpp:133]   --->   Operation 2249 'select' 'p_Val2_41' <Predicate = true> <Delay = 0.69> <Core = "Sel">   --->   Core 26 'Sel' <Latency = 0> <II = 1> <Delay = 0.69> <FuncUnit> <Opcode : 'select'> <InPorts = 3> <OutPorts = 1>
ST_15 : Operation 2250 [1/1] (0.69ns)   --->   "%p_Val2_40 = select i1 %z_neg_6, i24 %X_V_10, i24 %X_V_11" [ADSD/Exp.cpp:83->ADSD/Classifier.cpp:85->ADSD/Classifier.cpp:133]   --->   Operation 2250 'select' 'p_Val2_40' <Predicate = true> <Delay = 0.69> <Core = "Sel">   --->   Core 26 'Sel' <Latency = 0> <II = 1> <Delay = 0.69> <FuncUnit> <Opcode : 'select'> <InPorts = 3> <OutPorts = 1>
ST_15 : Operation 2251 [1/1] (0.00ns)   --->   "%tmp_56 = call i26 @_ssdm_op_PartSelect.i26.i28.i32.i32(i28 %p_Val2_38, i32 2, i32 27)" [ADSD/Exp.cpp:82->ADSD/Classifier.cpp:85->ADSD/Classifier.cpp:133]   --->   Operation 2251 'partselect' 'tmp_56' <Predicate = true> <Delay = 0.00>
ST_15 : Operation 2252 [1/1] (0.00ns)   --->   "%tmp_57 = call i26 @_ssdm_op_PartSelect.i26.i28.i32.i32(i28 %p_Val2_39, i32 2, i32 27)" [ADSD/Exp.cpp:82->ADSD/Classifier.cpp:85->ADSD/Classifier.cpp:133]   --->   Operation 2252 'partselect' 'tmp_57' <Predicate = true> <Delay = 0.00>
ST_15 : Operation 2253 [1/1] (0.76ns)   --->   "%Z_V_7 = select i1 %z_neg_6, i26 %tmp_56, i26 %tmp_57" [ADSD/Exp.cpp:82->ADSD/Classifier.cpp:85->ADSD/Classifier.cpp:133]   --->   Operation 2253 'select' 'Z_V_7' <Predicate = true> <Delay = 0.76> <Core = "Sel">   --->   Core 26 'Sel' <Latency = 0> <II = 1> <Delay = 0.69> <FuncUnit> <Opcode : 'select'> <InPorts = 3> <OutPorts = 1>
ST_15 : Operation 2254 [1/1] (0.00ns)   --->   "%z_neg_7 = call i1 @_ssdm_op_BitSelect.i1.i26.i32(i26 %Z_V_7, i32 25)" [ADSD/Exp.cpp:83->ADSD/Classifier.cpp:85->ADSD/Classifier.cpp:133]   --->   Operation 2254 'bitselect' 'z_neg_7' <Predicate = true> <Delay = 0.00>
ST_15 : Operation 2255 [1/1] (0.00ns)   --->   "%tmp_58 = call i17 @_ssdm_op_PartSelect.i17.i24.i32.i32(i24 %p_Val2_40, i32 7, i32 23)" [ADSD/Exp.cpp:83->ADSD/Classifier.cpp:85->ADSD/Classifier.cpp:133]   --->   Operation 2255 'partselect' 'tmp_58' <Predicate = true> <Delay = 0.00>
ST_15 : Operation 2256 [1/1] (0.00ns)   --->   "%p_Val2_58_cast_i_c = zext i17 %tmp_58 to i24" [ADSD/Exp.cpp:83->ADSD/Classifier.cpp:85->ADSD/Classifier.cpp:133]   --->   Operation 2256 'zext' 'p_Val2_58_cast_i_c' <Predicate = true> <Delay = 0.00>
ST_15 : Operation 2257 [1/1] (0.00ns)   --->   "%tmp_23 = call i17 @_ssdm_op_PartSelect.i17.i24.i32.i32(i24 %p_Val2_41, i32 7, i32 23)" [ADSD/Exp.cpp:83->ADSD/Classifier.cpp:85->ADSD/Classifier.cpp:133]   --->   Operation 2257 'partselect' 'tmp_23' <Predicate = true> <Delay = 0.00>
ST_15 : Operation 2258 [1/1] (0.00ns)   --->   "%p_Val2_48_cast = sext i17 %tmp_23 to i24" [ADSD/Exp.cpp:83->ADSD/Classifier.cpp:85->ADSD/Classifier.cpp:133]   --->   Operation 2258 'sext' 'p_Val2_48_cast' <Predicate = true> <Delay = 0.00>
ST_15 : Operation 2259 [1/1] (2.31ns)   --->   "%X_V_12 = sub i24 %p_Val2_40, %p_Val2_48_cast" [ADSD/Exp.cpp:83->ADSD/Classifier.cpp:85->ADSD/Classifier.cpp:133]   --->   Operation 2259 'sub' 'X_V_12' <Predicate = true> <Delay = 2.31> <Core = "AddSub">   --->   Core 14 'AddSub' <Latency = 0> <II = 1> <Delay = 2.55> <FuncUnit> <Opcode : 'add' 'sub'> <InPorts = 2> <OutPorts = 1>
ST_15 : Operation 2260 [1/1] (2.31ns)   --->   "%Y_V_10 = sub i24 %p_Val2_41, %p_Val2_58_cast_i_c" [ADSD/Exp.cpp:83->ADSD/Classifier.cpp:85->ADSD/Classifier.cpp:133]   --->   Operation 2260 'sub' 'Y_V_10' <Predicate = true> <Delay = 2.31> <Core = "AddSub">   --->   Core 14 'AddSub' <Latency = 0> <II = 1> <Delay = 2.55> <FuncUnit> <Opcode : 'add' 'sub'> <InPorts = 2> <OutPorts = 1>
ST_15 : Operation 2261 [1/1] (0.00ns)   --->   "%tmp_208_i = call i28 @_ssdm_op_BitConcatenate.i28.i26.i2(i26 %Z_V_7, i2 0)" [ADSD/Exp.cpp:83->ADSD/Classifier.cpp:85->ADSD/Classifier.cpp:133]   --->   Operation 2261 'bitconcatenate' 'tmp_208_i' <Predicate = true> <Delay = 0.00>
ST_15 : Operation 2262 [1/1] (2.43ns)   --->   "%p_Val2_43 = add i28 %tmp_208_i, 131074" [ADSD/Exp.cpp:83->ADSD/Classifier.cpp:85->ADSD/Classifier.cpp:133]   --->   Operation 2262 'add' 'p_Val2_43' <Predicate = true> <Delay = 2.43> <Core = "AddSub">   --->   Core 14 'AddSub' <Latency = 0> <II = 1> <Delay = 2.55> <FuncUnit> <Opcode : 'add' 'sub'> <InPorts = 2> <OutPorts = 1>
ST_15 : Operation 2263 [1/1] (2.31ns)   --->   "%X_V_13 = add i24 %p_Val2_40, %p_Val2_48_cast" [ADSD/Exp.cpp:83->ADSD/Classifier.cpp:85->ADSD/Classifier.cpp:133]   --->   Operation 2263 'add' 'X_V_13' <Predicate = true> <Delay = 2.31> <Core = "AddSub">   --->   Core 14 'AddSub' <Latency = 0> <II = 1> <Delay = 2.55> <FuncUnit> <Opcode : 'add' 'sub'> <InPorts = 2> <OutPorts = 1>
ST_15 : Operation 2264 [1/1] (2.31ns)   --->   "%Y_V_11 = add i24 %p_Val2_41, %p_Val2_58_cast_i_c" [ADSD/Exp.cpp:83->ADSD/Classifier.cpp:85->ADSD/Classifier.cpp:133]   --->   Operation 2264 'add' 'Y_V_11' <Predicate = true> <Delay = 2.31> <Core = "AddSub">   --->   Core 14 'AddSub' <Latency = 0> <II = 1> <Delay = 2.55> <FuncUnit> <Opcode : 'add' 'sub'> <InPorts = 2> <OutPorts = 1>
ST_15 : Operation 2265 [1/1] (0.00ns)   --->   "%tmp_295 = trunc i26 %Z_V_7 to i25" [ADSD/Exp.cpp:82->ADSD/Classifier.cpp:85->ADSD/Classifier.cpp:133]   --->   Operation 2265 'trunc' 'tmp_295' <Predicate = true> <Delay = 0.00>
ST_15 : Operation 2266 [1/1] (0.00ns)   --->   "%tmp_223_i = call i27 @_ssdm_op_BitConcatenate.i27.i25.i2(i25 %tmp_295, i2 0)" [ADSD/Exp.cpp:83->ADSD/Classifier.cpp:85->ADSD/Classifier.cpp:133]   --->   Operation 2266 'bitconcatenate' 'tmp_223_i' <Predicate = true> <Delay = 0.00>
ST_15 : Operation 2267 [1/1] (0.00ns)   --->   "%tmp_223_cast_i = zext i27 %tmp_223_i to i28" [ADSD/Exp.cpp:83->ADSD/Classifier.cpp:85->ADSD/Classifier.cpp:133]   --->   Operation 2267 'zext' 'tmp_223_cast_i' <Predicate = true> <Delay = 0.00>
ST_15 : Operation 2268 [1/1] (2.40ns)   --->   "%p_Val2_44 = add i28 %tmp_223_cast_i, -131074" [ADSD/Exp.cpp:83->ADSD/Classifier.cpp:85->ADSD/Classifier.cpp:133]   --->   Operation 2268 'add' 'p_Val2_44' <Predicate = true> <Delay = 2.40> <Core = "AddSub">   --->   Core 14 'AddSub' <Latency = 0> <II = 1> <Delay = 2.55> <FuncUnit> <Opcode : 'add' 'sub'> <InPorts = 2> <OutPorts = 1>
ST_15 : Operation 2269 [1/1] (0.69ns)   --->   "%p_Val2_46 = select i1 %z_neg_7, i24 %Y_V_10, i24 %Y_V_11" [ADSD/Exp.cpp:84->ADSD/Classifier.cpp:85->ADSD/Classifier.cpp:133]   --->   Operation 2269 'select' 'p_Val2_46' <Predicate = true> <Delay = 0.69> <Core = "Sel">   --->   Core 26 'Sel' <Latency = 0> <II = 1> <Delay = 0.69> <FuncUnit> <Opcode : 'select'> <InPorts = 3> <OutPorts = 1>
ST_15 : Operation 2270 [1/1] (0.69ns)   --->   "%p_Val2_45 = select i1 %z_neg_7, i24 %X_V_12, i24 %X_V_13" [ADSD/Exp.cpp:84->ADSD/Classifier.cpp:85->ADSD/Classifier.cpp:133]   --->   Operation 2270 'select' 'p_Val2_45' <Predicate = true> <Delay = 0.69> <Core = "Sel">   --->   Core 26 'Sel' <Latency = 0> <II = 1> <Delay = 0.69> <FuncUnit> <Opcode : 'select'> <InPorts = 3> <OutPorts = 1>

State 16 <SV = 12> <Delay = 9.59>
ST_16 : Operation 2271 [1/1] (0.00ns)   --->   "%tmp_59 = call i26 @_ssdm_op_PartSelect.i26.i28.i32.i32(i28 %p_Val2_43, i32 2, i32 27)" [ADSD/Exp.cpp:83->ADSD/Classifier.cpp:85->ADSD/Classifier.cpp:133]   --->   Operation 2271 'partselect' 'tmp_59' <Predicate = (z_neg_7)> <Delay = 0.00>
ST_16 : Operation 2272 [1/1] (0.00ns)   --->   "%tmp_60 = call i26 @_ssdm_op_PartSelect.i26.i28.i32.i32(i28 %p_Val2_44, i32 2, i32 27)" [ADSD/Exp.cpp:83->ADSD/Classifier.cpp:85->ADSD/Classifier.cpp:133]   --->   Operation 2272 'partselect' 'tmp_60' <Predicate = (!z_neg_7)> <Delay = 0.00>
ST_16 : Operation 2273 [1/1] (0.76ns)   --->   "%Z_V_8 = select i1 %z_neg_7, i26 %tmp_59, i26 %tmp_60" [ADSD/Exp.cpp:83->ADSD/Classifier.cpp:85->ADSD/Classifier.cpp:133]   --->   Operation 2273 'select' 'Z_V_8' <Predicate = true> <Delay = 0.76> <Core = "Sel">   --->   Core 26 'Sel' <Latency = 0> <II = 1> <Delay = 0.69> <FuncUnit> <Opcode : 'select'> <InPorts = 3> <OutPorts = 1>
ST_16 : Operation 2274 [1/1] (0.00ns)   --->   "%z_neg_8 = call i1 @_ssdm_op_BitSelect.i1.i26.i32(i26 %Z_V_8, i32 25)" [ADSD/Exp.cpp:84->ADSD/Classifier.cpp:85->ADSD/Classifier.cpp:133]   --->   Operation 2274 'bitselect' 'z_neg_8' <Predicate = true> <Delay = 0.00>
ST_16 : Operation 2275 [1/1] (0.00ns)   --->   "%tmp_61 = call i16 @_ssdm_op_PartSelect.i16.i24.i32.i32(i24 %p_Val2_45, i32 8, i32 23)" [ADSD/Exp.cpp:84->ADSD/Classifier.cpp:85->ADSD/Classifier.cpp:133]   --->   Operation 2275 'partselect' 'tmp_61' <Predicate = true> <Delay = 0.00>
ST_16 : Operation 2276 [1/1] (0.00ns)   --->   "%p_Val2_65_cast_i_c = zext i16 %tmp_61 to i24" [ADSD/Exp.cpp:84->ADSD/Classifier.cpp:85->ADSD/Classifier.cpp:133]   --->   Operation 2276 'zext' 'p_Val2_65_cast_i_c' <Predicate = true> <Delay = 0.00>
ST_16 : Operation 2277 [1/1] (0.00ns)   --->   "%tmp_24 = call i16 @_ssdm_op_PartSelect.i16.i24.i32.i32(i24 %p_Val2_46, i32 8, i32 23)" [ADSD/Exp.cpp:84->ADSD/Classifier.cpp:85->ADSD/Classifier.cpp:133]   --->   Operation 2277 'partselect' 'tmp_24' <Predicate = true> <Delay = 0.00>
ST_16 : Operation 2278 [1/1] (0.00ns)   --->   "%p_Val2_54_cast = sext i16 %tmp_24 to i24" [ADSD/Exp.cpp:84->ADSD/Classifier.cpp:85->ADSD/Classifier.cpp:133]   --->   Operation 2278 'sext' 'p_Val2_54_cast' <Predicate = true> <Delay = 0.00>
ST_16 : Operation 2279 [1/1] (2.31ns)   --->   "%X_V_14 = sub i24 %p_Val2_45, %p_Val2_54_cast" [ADSD/Exp.cpp:84->ADSD/Classifier.cpp:85->ADSD/Classifier.cpp:133]   --->   Operation 2279 'sub' 'X_V_14' <Predicate = true> <Delay = 2.31> <Core = "AddSub">   --->   Core 14 'AddSub' <Latency = 0> <II = 1> <Delay = 2.55> <FuncUnit> <Opcode : 'add' 'sub'> <InPorts = 2> <OutPorts = 1>
ST_16 : Operation 2280 [1/1] (2.31ns)   --->   "%Y_V_12 = sub i24 %p_Val2_46, %p_Val2_65_cast_i_c" [ADSD/Exp.cpp:84->ADSD/Classifier.cpp:85->ADSD/Classifier.cpp:133]   --->   Operation 2280 'sub' 'Y_V_12' <Predicate = true> <Delay = 2.31> <Core = "AddSub">   --->   Core 14 'AddSub' <Latency = 0> <II = 1> <Delay = 2.55> <FuncUnit> <Opcode : 'add' 'sub'> <InPorts = 2> <OutPorts = 1>
ST_16 : Operation 2281 [1/1] (0.00ns)   --->   "%tmp_234_i = call i28 @_ssdm_op_BitConcatenate.i28.i26.i2(i26 %Z_V_8, i2 0)" [ADSD/Exp.cpp:84->ADSD/Classifier.cpp:85->ADSD/Classifier.cpp:133]   --->   Operation 2281 'bitconcatenate' 'tmp_234_i' <Predicate = true> <Delay = 0.00>
ST_16 : Operation 2282 [1/1] (2.43ns)   --->   "%p_Val2_48 = add i28 %tmp_234_i, 65536" [ADSD/Exp.cpp:84->ADSD/Classifier.cpp:85->ADSD/Classifier.cpp:133]   --->   Operation 2282 'add' 'p_Val2_48' <Predicate = true> <Delay = 2.43> <Core = "AddSub">   --->   Core 14 'AddSub' <Latency = 0> <II = 1> <Delay = 2.55> <FuncUnit> <Opcode : 'add' 'sub'> <InPorts = 2> <OutPorts = 1>
ST_16 : Operation 2283 [1/1] (2.31ns)   --->   "%X_V_15 = add i24 %p_Val2_45, %p_Val2_54_cast" [ADSD/Exp.cpp:84->ADSD/Classifier.cpp:85->ADSD/Classifier.cpp:133]   --->   Operation 2283 'add' 'X_V_15' <Predicate = true> <Delay = 2.31> <Core = "AddSub">   --->   Core 14 'AddSub' <Latency = 0> <II = 1> <Delay = 2.55> <FuncUnit> <Opcode : 'add' 'sub'> <InPorts = 2> <OutPorts = 1>
ST_16 : Operation 2284 [1/1] (2.31ns)   --->   "%Y_V_13 = add i24 %p_Val2_46, %p_Val2_65_cast_i_c" [ADSD/Exp.cpp:84->ADSD/Classifier.cpp:85->ADSD/Classifier.cpp:133]   --->   Operation 2284 'add' 'Y_V_13' <Predicate = true> <Delay = 2.31> <Core = "AddSub">   --->   Core 14 'AddSub' <Latency = 0> <II = 1> <Delay = 2.55> <FuncUnit> <Opcode : 'add' 'sub'> <InPorts = 2> <OutPorts = 1>
ST_16 : Operation 2285 [1/1] (0.00ns)   --->   "%tmp_297 = trunc i26 %Z_V_8 to i25" [ADSD/Exp.cpp:83->ADSD/Classifier.cpp:85->ADSD/Classifier.cpp:133]   --->   Operation 2285 'trunc' 'tmp_297' <Predicate = true> <Delay = 0.00>
ST_16 : Operation 2286 [1/1] (0.00ns)   --->   "%tmp_249_i = call i27 @_ssdm_op_BitConcatenate.i27.i25.i2(i25 %tmp_297, i2 0)" [ADSD/Exp.cpp:84->ADSD/Classifier.cpp:85->ADSD/Classifier.cpp:133]   --->   Operation 2286 'bitconcatenate' 'tmp_249_i' <Predicate = true> <Delay = 0.00>
ST_16 : Operation 2287 [1/1] (0.00ns)   --->   "%tmp_249_cast_i = zext i27 %tmp_249_i to i28" [ADSD/Exp.cpp:84->ADSD/Classifier.cpp:85->ADSD/Classifier.cpp:133]   --->   Operation 2287 'zext' 'tmp_249_cast_i' <Predicate = true> <Delay = 0.00>
ST_16 : Operation 2288 [1/1] (2.40ns)   --->   "%p_Val2_49 = add i28 %tmp_249_cast_i, -65536" [ADSD/Exp.cpp:84->ADSD/Classifier.cpp:85->ADSD/Classifier.cpp:133]   --->   Operation 2288 'add' 'p_Val2_49' <Predicate = true> <Delay = 2.40> <Core = "AddSub">   --->   Core 14 'AddSub' <Latency = 0> <II = 1> <Delay = 2.55> <FuncUnit> <Opcode : 'add' 'sub'> <InPorts = 2> <OutPorts = 1>
ST_16 : Operation 2289 [1/1] (0.69ns)   --->   "%p_Val2_51 = select i1 %z_neg_8, i24 %Y_V_12, i24 %Y_V_13" [ADSD/Exp.cpp:85->ADSD/Classifier.cpp:85->ADSD/Classifier.cpp:133]   --->   Operation 2289 'select' 'p_Val2_51' <Predicate = true> <Delay = 0.69> <Core = "Sel">   --->   Core 26 'Sel' <Latency = 0> <II = 1> <Delay = 0.69> <FuncUnit> <Opcode : 'select'> <InPorts = 3> <OutPorts = 1>
ST_16 : Operation 2290 [1/1] (0.69ns)   --->   "%p_Val2_50 = select i1 %z_neg_8, i24 %X_V_14, i24 %X_V_15" [ADSD/Exp.cpp:85->ADSD/Classifier.cpp:85->ADSD/Classifier.cpp:133]   --->   Operation 2290 'select' 'p_Val2_50' <Predicate = true> <Delay = 0.69> <Core = "Sel">   --->   Core 26 'Sel' <Latency = 0> <II = 1> <Delay = 0.69> <FuncUnit> <Opcode : 'select'> <InPorts = 3> <OutPorts = 1>
ST_16 : Operation 2291 [1/1] (0.00ns)   --->   "%tmp_62 = call i26 @_ssdm_op_PartSelect.i26.i28.i32.i32(i28 %p_Val2_48, i32 2, i32 27)" [ADSD/Exp.cpp:84->ADSD/Classifier.cpp:85->ADSD/Classifier.cpp:133]   --->   Operation 2291 'partselect' 'tmp_62' <Predicate = true> <Delay = 0.00>
ST_16 : Operation 2292 [1/1] (0.00ns)   --->   "%tmp_63 = call i26 @_ssdm_op_PartSelect.i26.i28.i32.i32(i28 %p_Val2_49, i32 2, i32 27)" [ADSD/Exp.cpp:84->ADSD/Classifier.cpp:85->ADSD/Classifier.cpp:133]   --->   Operation 2292 'partselect' 'tmp_63' <Predicate = true> <Delay = 0.00>
ST_16 : Operation 2293 [1/1] (0.76ns)   --->   "%Z_V_9 = select i1 %z_neg_8, i26 %tmp_62, i26 %tmp_63" [ADSD/Exp.cpp:84->ADSD/Classifier.cpp:85->ADSD/Classifier.cpp:133]   --->   Operation 2293 'select' 'Z_V_9' <Predicate = true> <Delay = 0.76> <Core = "Sel">   --->   Core 26 'Sel' <Latency = 0> <II = 1> <Delay = 0.69> <FuncUnit> <Opcode : 'select'> <InPorts = 3> <OutPorts = 1>
ST_16 : Operation 2294 [1/1] (0.00ns)   --->   "%z_neg_9 = call i1 @_ssdm_op_BitSelect.i1.i26.i32(i26 %Z_V_9, i32 25)" [ADSD/Exp.cpp:85->ADSD/Classifier.cpp:85->ADSD/Classifier.cpp:133]   --->   Operation 2294 'bitselect' 'z_neg_9' <Predicate = true> <Delay = 0.00>
ST_16 : Operation 2295 [1/1] (0.00ns)   --->   "%tmp_64 = call i15 @_ssdm_op_PartSelect.i15.i24.i32.i32(i24 %p_Val2_50, i32 9, i32 23)" [ADSD/Exp.cpp:85->ADSD/Classifier.cpp:85->ADSD/Classifier.cpp:133]   --->   Operation 2295 'partselect' 'tmp_64' <Predicate = true> <Delay = 0.00>
ST_16 : Operation 2296 [1/1] (0.00ns)   --->   "%p_Val2_72_cast_i_c = zext i15 %tmp_64 to i24" [ADSD/Exp.cpp:85->ADSD/Classifier.cpp:85->ADSD/Classifier.cpp:133]   --->   Operation 2296 'zext' 'p_Val2_72_cast_i_c' <Predicate = true> <Delay = 0.00>
ST_16 : Operation 2297 [1/1] (0.00ns)   --->   "%tmp_25 = call i15 @_ssdm_op_PartSelect.i15.i24.i32.i32(i24 %p_Val2_51, i32 9, i32 23)" [ADSD/Exp.cpp:85->ADSD/Classifier.cpp:85->ADSD/Classifier.cpp:133]   --->   Operation 2297 'partselect' 'tmp_25' <Predicate = true> <Delay = 0.00>
ST_16 : Operation 2298 [1/1] (0.00ns)   --->   "%p_Val2_60_cast = sext i15 %tmp_25 to i24" [ADSD/Exp.cpp:85->ADSD/Classifier.cpp:85->ADSD/Classifier.cpp:133]   --->   Operation 2298 'sext' 'p_Val2_60_cast' <Predicate = true> <Delay = 0.00>
ST_16 : Operation 2299 [1/1] (2.31ns)   --->   "%X_V_16 = sub i24 %p_Val2_50, %p_Val2_60_cast" [ADSD/Exp.cpp:85->ADSD/Classifier.cpp:85->ADSD/Classifier.cpp:133]   --->   Operation 2299 'sub' 'X_V_16' <Predicate = true> <Delay = 2.31> <Core = "AddSub">   --->   Core 14 'AddSub' <Latency = 0> <II = 1> <Delay = 2.55> <FuncUnit> <Opcode : 'add' 'sub'> <InPorts = 2> <OutPorts = 1>
ST_16 : Operation 2300 [1/1] (2.31ns)   --->   "%Y_V_14 = sub i24 %p_Val2_51, %p_Val2_72_cast_i_c" [ADSD/Exp.cpp:85->ADSD/Classifier.cpp:85->ADSD/Classifier.cpp:133]   --->   Operation 2300 'sub' 'Y_V_14' <Predicate = true> <Delay = 2.31> <Core = "AddSub">   --->   Core 14 'AddSub' <Latency = 0> <II = 1> <Delay = 2.55> <FuncUnit> <Opcode : 'add' 'sub'> <InPorts = 2> <OutPorts = 1>
ST_16 : Operation 2301 [1/1] (0.00ns)   --->   "%tmp_260_i = call i28 @_ssdm_op_BitConcatenate.i28.i26.i2(i26 %Z_V_9, i2 0)" [ADSD/Exp.cpp:85->ADSD/Classifier.cpp:85->ADSD/Classifier.cpp:133]   --->   Operation 2301 'bitconcatenate' 'tmp_260_i' <Predicate = true> <Delay = 0.00>
ST_16 : Operation 2302 [1/1] (2.43ns)   --->   "%p_Val2_53 = add i28 %tmp_260_i, 32768" [ADSD/Exp.cpp:85->ADSD/Classifier.cpp:85->ADSD/Classifier.cpp:133]   --->   Operation 2302 'add' 'p_Val2_53' <Predicate = true> <Delay = 2.43> <Core = "AddSub">   --->   Core 14 'AddSub' <Latency = 0> <II = 1> <Delay = 2.55> <FuncUnit> <Opcode : 'add' 'sub'> <InPorts = 2> <OutPorts = 1>
ST_16 : Operation 2303 [1/1] (2.31ns)   --->   "%X_V_17 = add i24 %p_Val2_50, %p_Val2_60_cast" [ADSD/Exp.cpp:85->ADSD/Classifier.cpp:85->ADSD/Classifier.cpp:133]   --->   Operation 2303 'add' 'X_V_17' <Predicate = true> <Delay = 2.31> <Core = "AddSub">   --->   Core 14 'AddSub' <Latency = 0> <II = 1> <Delay = 2.55> <FuncUnit> <Opcode : 'add' 'sub'> <InPorts = 2> <OutPorts = 1>
ST_16 : Operation 2304 [1/1] (2.31ns)   --->   "%Y_V_15 = add i24 %p_Val2_51, %p_Val2_72_cast_i_c" [ADSD/Exp.cpp:85->ADSD/Classifier.cpp:85->ADSD/Classifier.cpp:133]   --->   Operation 2304 'add' 'Y_V_15' <Predicate = true> <Delay = 2.31> <Core = "AddSub">   --->   Core 14 'AddSub' <Latency = 0> <II = 1> <Delay = 2.55> <FuncUnit> <Opcode : 'add' 'sub'> <InPorts = 2> <OutPorts = 1>
ST_16 : Operation 2305 [1/1] (0.00ns)   --->   "%tmp_299 = trunc i26 %Z_V_9 to i25" [ADSD/Exp.cpp:84->ADSD/Classifier.cpp:85->ADSD/Classifier.cpp:133]   --->   Operation 2305 'trunc' 'tmp_299' <Predicate = true> <Delay = 0.00>
ST_16 : Operation 2306 [1/1] (0.00ns)   --->   "%tmp_275_i = call i27 @_ssdm_op_BitConcatenate.i27.i25.i2(i25 %tmp_299, i2 0)" [ADSD/Exp.cpp:85->ADSD/Classifier.cpp:85->ADSD/Classifier.cpp:133]   --->   Operation 2306 'bitconcatenate' 'tmp_275_i' <Predicate = true> <Delay = 0.00>
ST_16 : Operation 2307 [1/1] (0.00ns)   --->   "%tmp_275_cast_i = zext i27 %tmp_275_i to i28" [ADSD/Exp.cpp:85->ADSD/Classifier.cpp:85->ADSD/Classifier.cpp:133]   --->   Operation 2307 'zext' 'tmp_275_cast_i' <Predicate = true> <Delay = 0.00>
ST_16 : Operation 2308 [1/1] (2.40ns)   --->   "%p_Val2_54 = add i28 %tmp_275_cast_i, -32768" [ADSD/Exp.cpp:85->ADSD/Classifier.cpp:85->ADSD/Classifier.cpp:133]   --->   Operation 2308 'add' 'p_Val2_54' <Predicate = true> <Delay = 2.40> <Core = "AddSub">   --->   Core 14 'AddSub' <Latency = 0> <II = 1> <Delay = 2.55> <FuncUnit> <Opcode : 'add' 'sub'> <InPorts = 2> <OutPorts = 1>
ST_16 : Operation 2309 [1/1] (0.69ns)   --->   "%p_Val2_56 = select i1 %z_neg_9, i24 %Y_V_14, i24 %Y_V_15" [ADSD/Exp.cpp:86->ADSD/Classifier.cpp:85->ADSD/Classifier.cpp:133]   --->   Operation 2309 'select' 'p_Val2_56' <Predicate = true> <Delay = 0.69> <Core = "Sel">   --->   Core 26 'Sel' <Latency = 0> <II = 1> <Delay = 0.69> <FuncUnit> <Opcode : 'select'> <InPorts = 3> <OutPorts = 1>
ST_16 : Operation 2310 [1/1] (0.69ns)   --->   "%p_Val2_55 = select i1 %z_neg_9, i24 %X_V_16, i24 %X_V_17" [ADSD/Exp.cpp:86->ADSD/Classifier.cpp:85->ADSD/Classifier.cpp:133]   --->   Operation 2310 'select' 'p_Val2_55' <Predicate = true> <Delay = 0.69> <Core = "Sel">   --->   Core 26 'Sel' <Latency = 0> <II = 1> <Delay = 0.69> <FuncUnit> <Opcode : 'select'> <InPorts = 3> <OutPorts = 1>
ST_16 : Operation 2311 [1/1] (0.00ns)   --->   "%tmp_65 = call i26 @_ssdm_op_PartSelect.i26.i28.i32.i32(i28 %p_Val2_53, i32 2, i32 27)" [ADSD/Exp.cpp:85->ADSD/Classifier.cpp:85->ADSD/Classifier.cpp:133]   --->   Operation 2311 'partselect' 'tmp_65' <Predicate = true> <Delay = 0.00>
ST_16 : Operation 2312 [1/1] (0.00ns)   --->   "%tmp_66 = call i26 @_ssdm_op_PartSelect.i26.i28.i32.i32(i28 %p_Val2_54, i32 2, i32 27)" [ADSD/Exp.cpp:85->ADSD/Classifier.cpp:85->ADSD/Classifier.cpp:133]   --->   Operation 2312 'partselect' 'tmp_66' <Predicate = true> <Delay = 0.00>
ST_16 : Operation 2313 [1/1] (0.76ns)   --->   "%Z_V_10 = select i1 %z_neg_9, i26 %tmp_65, i26 %tmp_66" [ADSD/Exp.cpp:85->ADSD/Classifier.cpp:85->ADSD/Classifier.cpp:133]   --->   Operation 2313 'select' 'Z_V_10' <Predicate = true> <Delay = 0.76> <Core = "Sel">   --->   Core 26 'Sel' <Latency = 0> <II = 1> <Delay = 0.69> <FuncUnit> <Opcode : 'select'> <InPorts = 3> <OutPorts = 1>
ST_16 : Operation 2314 [1/1] (0.00ns)   --->   "%z_neg_10 = call i1 @_ssdm_op_BitSelect.i1.i26.i32(i26 %Z_V_10, i32 25)" [ADSD/Exp.cpp:86->ADSD/Classifier.cpp:85->ADSD/Classifier.cpp:133]   --->   Operation 2314 'bitselect' 'z_neg_10' <Predicate = true> <Delay = 0.00>
ST_16 : Operation 2315 [1/1] (0.00ns)   --->   "%tmp_67 = call i14 @_ssdm_op_PartSelect.i14.i24.i32.i32(i24 %p_Val2_55, i32 10, i32 23)" [ADSD/Exp.cpp:86->ADSD/Classifier.cpp:85->ADSD/Classifier.cpp:133]   --->   Operation 2315 'partselect' 'tmp_67' <Predicate = true> <Delay = 0.00>
ST_16 : Operation 2316 [1/1] (0.00ns)   --->   "%p_Val2_79_cast_i_c = zext i14 %tmp_67 to i24" [ADSD/Exp.cpp:86->ADSD/Classifier.cpp:85->ADSD/Classifier.cpp:133]   --->   Operation 2316 'zext' 'p_Val2_79_cast_i_c' <Predicate = true> <Delay = 0.00>
ST_16 : Operation 2317 [1/1] (0.00ns)   --->   "%tmp_26 = call i14 @_ssdm_op_PartSelect.i14.i24.i32.i32(i24 %p_Val2_56, i32 10, i32 23)" [ADSD/Exp.cpp:86->ADSD/Classifier.cpp:85->ADSD/Classifier.cpp:133]   --->   Operation 2317 'partselect' 'tmp_26' <Predicate = true> <Delay = 0.00>
ST_16 : Operation 2318 [1/1] (0.00ns)   --->   "%p_Val2_66_cast = sext i14 %tmp_26 to i24" [ADSD/Exp.cpp:86->ADSD/Classifier.cpp:85->ADSD/Classifier.cpp:133]   --->   Operation 2318 'sext' 'p_Val2_66_cast' <Predicate = true> <Delay = 0.00>
ST_16 : Operation 2319 [1/1] (2.31ns)   --->   "%X_V_18 = sub i24 %p_Val2_55, %p_Val2_66_cast" [ADSD/Exp.cpp:86->ADSD/Classifier.cpp:85->ADSD/Classifier.cpp:133]   --->   Operation 2319 'sub' 'X_V_18' <Predicate = true> <Delay = 2.31> <Core = "AddSub">   --->   Core 14 'AddSub' <Latency = 0> <II = 1> <Delay = 2.55> <FuncUnit> <Opcode : 'add' 'sub'> <InPorts = 2> <OutPorts = 1>
ST_16 : Operation 2320 [1/1] (2.31ns)   --->   "%Y_V_16 = sub i24 %p_Val2_56, %p_Val2_79_cast_i_c" [ADSD/Exp.cpp:86->ADSD/Classifier.cpp:85->ADSD/Classifier.cpp:133]   --->   Operation 2320 'sub' 'Y_V_16' <Predicate = true> <Delay = 2.31> <Core = "AddSub">   --->   Core 14 'AddSub' <Latency = 0> <II = 1> <Delay = 2.55> <FuncUnit> <Opcode : 'add' 'sub'> <InPorts = 2> <OutPorts = 1>
ST_16 : Operation 2321 [1/1] (0.00ns)   --->   "%tmp_286_i = call i28 @_ssdm_op_BitConcatenate.i28.i26.i2(i26 %Z_V_10, i2 0)" [ADSD/Exp.cpp:86->ADSD/Classifier.cpp:85->ADSD/Classifier.cpp:133]   --->   Operation 2321 'bitconcatenate' 'tmp_286_i' <Predicate = true> <Delay = 0.00>
ST_16 : Operation 2322 [1/1] (2.43ns)   --->   "%p_Val2_58 = add i28 %tmp_286_i, 16384" [ADSD/Exp.cpp:86->ADSD/Classifier.cpp:85->ADSD/Classifier.cpp:133]   --->   Operation 2322 'add' 'p_Val2_58' <Predicate = true> <Delay = 2.43> <Core = "AddSub">   --->   Core 14 'AddSub' <Latency = 0> <II = 1> <Delay = 2.55> <FuncUnit> <Opcode : 'add' 'sub'> <InPorts = 2> <OutPorts = 1>
ST_16 : Operation 2323 [1/1] (2.31ns)   --->   "%X_V_19 = add i24 %p_Val2_55, %p_Val2_66_cast" [ADSD/Exp.cpp:86->ADSD/Classifier.cpp:85->ADSD/Classifier.cpp:133]   --->   Operation 2323 'add' 'X_V_19' <Predicate = true> <Delay = 2.31> <Core = "AddSub">   --->   Core 14 'AddSub' <Latency = 0> <II = 1> <Delay = 2.55> <FuncUnit> <Opcode : 'add' 'sub'> <InPorts = 2> <OutPorts = 1>
ST_16 : Operation 2324 [1/1] (2.31ns)   --->   "%Y_V_17 = add i24 %p_Val2_56, %p_Val2_79_cast_i_c" [ADSD/Exp.cpp:86->ADSD/Classifier.cpp:85->ADSD/Classifier.cpp:133]   --->   Operation 2324 'add' 'Y_V_17' <Predicate = true> <Delay = 2.31> <Core = "AddSub">   --->   Core 14 'AddSub' <Latency = 0> <II = 1> <Delay = 2.55> <FuncUnit> <Opcode : 'add' 'sub'> <InPorts = 2> <OutPorts = 1>
ST_16 : Operation 2325 [1/1] (0.00ns)   --->   "%tmp_301 = trunc i26 %Z_V_10 to i25" [ADSD/Exp.cpp:85->ADSD/Classifier.cpp:85->ADSD/Classifier.cpp:133]   --->   Operation 2325 'trunc' 'tmp_301' <Predicate = true> <Delay = 0.00>
ST_16 : Operation 2326 [1/1] (0.00ns)   --->   "%tmp_301_i = call i27 @_ssdm_op_BitConcatenate.i27.i25.i2(i25 %tmp_301, i2 0)" [ADSD/Exp.cpp:86->ADSD/Classifier.cpp:85->ADSD/Classifier.cpp:133]   --->   Operation 2326 'bitconcatenate' 'tmp_301_i' <Predicate = true> <Delay = 0.00>
ST_16 : Operation 2327 [1/1] (0.00ns)   --->   "%tmp_301_cast_i = zext i27 %tmp_301_i to i28" [ADSD/Exp.cpp:86->ADSD/Classifier.cpp:85->ADSD/Classifier.cpp:133]   --->   Operation 2327 'zext' 'tmp_301_cast_i' <Predicate = true> <Delay = 0.00>
ST_16 : Operation 2328 [1/1] (2.40ns)   --->   "%p_Val2_59 = add i28 %tmp_301_cast_i, -16384" [ADSD/Exp.cpp:86->ADSD/Classifier.cpp:85->ADSD/Classifier.cpp:133]   --->   Operation 2328 'add' 'p_Val2_59' <Predicate = true> <Delay = 2.40> <Core = "AddSub">   --->   Core 14 'AddSub' <Latency = 0> <II = 1> <Delay = 2.55> <FuncUnit> <Opcode : 'add' 'sub'> <InPorts = 2> <OutPorts = 1>

State 17 <SV = 13> <Delay = 9.59>
ST_17 : Operation 2329 [1/1] (0.69ns)   --->   "%p_Val2_61 = select i1 %z_neg_10, i24 %Y_V_16, i24 %Y_V_17" [ADSD/Exp.cpp:87->ADSD/Classifier.cpp:85->ADSD/Classifier.cpp:133]   --->   Operation 2329 'select' 'p_Val2_61' <Predicate = true> <Delay = 0.69> <Core = "Sel">   --->   Core 26 'Sel' <Latency = 0> <II = 1> <Delay = 0.69> <FuncUnit> <Opcode : 'select'> <InPorts = 3> <OutPorts = 1>
ST_17 : Operation 2330 [1/1] (0.69ns)   --->   "%p_Val2_60 = select i1 %z_neg_10, i24 %X_V_18, i24 %X_V_19" [ADSD/Exp.cpp:87->ADSD/Classifier.cpp:85->ADSD/Classifier.cpp:133]   --->   Operation 2330 'select' 'p_Val2_60' <Predicate = true> <Delay = 0.69> <Core = "Sel">   --->   Core 26 'Sel' <Latency = 0> <II = 1> <Delay = 0.69> <FuncUnit> <Opcode : 'select'> <InPorts = 3> <OutPorts = 1>
ST_17 : Operation 2331 [1/1] (0.00ns)   --->   "%tmp_68 = call i26 @_ssdm_op_PartSelect.i26.i28.i32.i32(i28 %p_Val2_58, i32 2, i32 27)" [ADSD/Exp.cpp:86->ADSD/Classifier.cpp:85->ADSD/Classifier.cpp:133]   --->   Operation 2331 'partselect' 'tmp_68' <Predicate = (z_neg_10)> <Delay = 0.00>
ST_17 : Operation 2332 [1/1] (0.00ns)   --->   "%tmp_69 = call i26 @_ssdm_op_PartSelect.i26.i28.i32.i32(i28 %p_Val2_59, i32 2, i32 27)" [ADSD/Exp.cpp:86->ADSD/Classifier.cpp:85->ADSD/Classifier.cpp:133]   --->   Operation 2332 'partselect' 'tmp_69' <Predicate = (!z_neg_10)> <Delay = 0.00>
ST_17 : Operation 2333 [1/1] (0.76ns)   --->   "%Z_V_11 = select i1 %z_neg_10, i26 %tmp_68, i26 %tmp_69" [ADSD/Exp.cpp:86->ADSD/Classifier.cpp:85->ADSD/Classifier.cpp:133]   --->   Operation 2333 'select' 'Z_V_11' <Predicate = true> <Delay = 0.76> <Core = "Sel">   --->   Core 26 'Sel' <Latency = 0> <II = 1> <Delay = 0.69> <FuncUnit> <Opcode : 'select'> <InPorts = 3> <OutPorts = 1>
ST_17 : Operation 2334 [1/1] (0.00ns)   --->   "%z_neg_11 = call i1 @_ssdm_op_BitSelect.i1.i26.i32(i26 %Z_V_11, i32 25)" [ADSD/Exp.cpp:87->ADSD/Classifier.cpp:85->ADSD/Classifier.cpp:133]   --->   Operation 2334 'bitselect' 'z_neg_11' <Predicate = true> <Delay = 0.00>
ST_17 : Operation 2335 [1/1] (0.00ns)   --->   "%tmp_70 = call i13 @_ssdm_op_PartSelect.i13.i24.i32.i32(i24 %p_Val2_60, i32 11, i32 23)" [ADSD/Exp.cpp:87->ADSD/Classifier.cpp:85->ADSD/Classifier.cpp:133]   --->   Operation 2335 'partselect' 'tmp_70' <Predicate = true> <Delay = 0.00>
ST_17 : Operation 2336 [1/1] (0.00ns)   --->   "%p_Val2_86_cast_i_c = zext i13 %tmp_70 to i24" [ADSD/Exp.cpp:87->ADSD/Classifier.cpp:85->ADSD/Classifier.cpp:133]   --->   Operation 2336 'zext' 'p_Val2_86_cast_i_c' <Predicate = true> <Delay = 0.00>
ST_17 : Operation 2337 [1/1] (0.00ns)   --->   "%tmp_27 = call i13 @_ssdm_op_PartSelect.i13.i24.i32.i32(i24 %p_Val2_61, i32 11, i32 23)" [ADSD/Exp.cpp:87->ADSD/Classifier.cpp:85->ADSD/Classifier.cpp:133]   --->   Operation 2337 'partselect' 'tmp_27' <Predicate = true> <Delay = 0.00>
ST_17 : Operation 2338 [1/1] (0.00ns)   --->   "%p_Val2_72_cast = sext i13 %tmp_27 to i24" [ADSD/Exp.cpp:87->ADSD/Classifier.cpp:85->ADSD/Classifier.cpp:133]   --->   Operation 2338 'sext' 'p_Val2_72_cast' <Predicate = true> <Delay = 0.00>
ST_17 : Operation 2339 [1/1] (2.31ns)   --->   "%X_V_20 = sub i24 %p_Val2_60, %p_Val2_72_cast" [ADSD/Exp.cpp:87->ADSD/Classifier.cpp:85->ADSD/Classifier.cpp:133]   --->   Operation 2339 'sub' 'X_V_20' <Predicate = true> <Delay = 2.31> <Core = "AddSub">   --->   Core 14 'AddSub' <Latency = 0> <II = 1> <Delay = 2.55> <FuncUnit> <Opcode : 'add' 'sub'> <InPorts = 2> <OutPorts = 1>
ST_17 : Operation 2340 [1/1] (2.31ns)   --->   "%Y_V_18 = sub i24 %p_Val2_61, %p_Val2_86_cast_i_c" [ADSD/Exp.cpp:87->ADSD/Classifier.cpp:85->ADSD/Classifier.cpp:133]   --->   Operation 2340 'sub' 'Y_V_18' <Predicate = true> <Delay = 2.31> <Core = "AddSub">   --->   Core 14 'AddSub' <Latency = 0> <II = 1> <Delay = 2.55> <FuncUnit> <Opcode : 'add' 'sub'> <InPorts = 2> <OutPorts = 1>
ST_17 : Operation 2341 [1/1] (0.00ns)   --->   "%tmp_312_i = call i28 @_ssdm_op_BitConcatenate.i28.i26.i2(i26 %Z_V_11, i2 0)" [ADSD/Exp.cpp:87->ADSD/Classifier.cpp:85->ADSD/Classifier.cpp:133]   --->   Operation 2341 'bitconcatenate' 'tmp_312_i' <Predicate = true> <Delay = 0.00>
ST_17 : Operation 2342 [1/1] (2.43ns)   --->   "%p_Val2_63 = add i28 %tmp_312_i, 8192" [ADSD/Exp.cpp:87->ADSD/Classifier.cpp:85->ADSD/Classifier.cpp:133]   --->   Operation 2342 'add' 'p_Val2_63' <Predicate = true> <Delay = 2.43> <Core = "AddSub">   --->   Core 14 'AddSub' <Latency = 0> <II = 1> <Delay = 2.55> <FuncUnit> <Opcode : 'add' 'sub'> <InPorts = 2> <OutPorts = 1>
ST_17 : Operation 2343 [1/1] (2.31ns)   --->   "%X_V_21 = add i24 %p_Val2_60, %p_Val2_72_cast" [ADSD/Exp.cpp:87->ADSD/Classifier.cpp:85->ADSD/Classifier.cpp:133]   --->   Operation 2343 'add' 'X_V_21' <Predicate = true> <Delay = 2.31> <Core = "AddSub">   --->   Core 14 'AddSub' <Latency = 0> <II = 1> <Delay = 2.55> <FuncUnit> <Opcode : 'add' 'sub'> <InPorts = 2> <OutPorts = 1>
ST_17 : Operation 2344 [1/1] (2.31ns)   --->   "%Y_V_19 = add i24 %p_Val2_61, %p_Val2_86_cast_i_c" [ADSD/Exp.cpp:87->ADSD/Classifier.cpp:85->ADSD/Classifier.cpp:133]   --->   Operation 2344 'add' 'Y_V_19' <Predicate = true> <Delay = 2.31> <Core = "AddSub">   --->   Core 14 'AddSub' <Latency = 0> <II = 1> <Delay = 2.55> <FuncUnit> <Opcode : 'add' 'sub'> <InPorts = 2> <OutPorts = 1>
ST_17 : Operation 2345 [1/1] (0.00ns)   --->   "%tmp_303 = trunc i26 %Z_V_11 to i25" [ADSD/Exp.cpp:86->ADSD/Classifier.cpp:85->ADSD/Classifier.cpp:133]   --->   Operation 2345 'trunc' 'tmp_303' <Predicate = true> <Delay = 0.00>
ST_17 : Operation 2346 [1/1] (0.00ns)   --->   "%tmp_327_i = call i27 @_ssdm_op_BitConcatenate.i27.i25.i2(i25 %tmp_303, i2 0)" [ADSD/Exp.cpp:87->ADSD/Classifier.cpp:85->ADSD/Classifier.cpp:133]   --->   Operation 2346 'bitconcatenate' 'tmp_327_i' <Predicate = true> <Delay = 0.00>
ST_17 : Operation 2347 [1/1] (0.00ns)   --->   "%tmp_327_cast_i = zext i27 %tmp_327_i to i28" [ADSD/Exp.cpp:87->ADSD/Classifier.cpp:85->ADSD/Classifier.cpp:133]   --->   Operation 2347 'zext' 'tmp_327_cast_i' <Predicate = true> <Delay = 0.00>
ST_17 : Operation 2348 [1/1] (2.40ns)   --->   "%p_Val2_64 = add i28 %tmp_327_cast_i, -8192" [ADSD/Exp.cpp:87->ADSD/Classifier.cpp:85->ADSD/Classifier.cpp:133]   --->   Operation 2348 'add' 'p_Val2_64' <Predicate = true> <Delay = 2.40> <Core = "AddSub">   --->   Core 14 'AddSub' <Latency = 0> <II = 1> <Delay = 2.55> <FuncUnit> <Opcode : 'add' 'sub'> <InPorts = 2> <OutPorts = 1>
ST_17 : Operation 2349 [1/1] (0.69ns)   --->   "%p_Val2_66 = select i1 %z_neg_11, i24 %Y_V_18, i24 %Y_V_19" [ADSD/Exp.cpp:88->ADSD/Classifier.cpp:85->ADSD/Classifier.cpp:133]   --->   Operation 2349 'select' 'p_Val2_66' <Predicate = true> <Delay = 0.69> <Core = "Sel">   --->   Core 26 'Sel' <Latency = 0> <II = 1> <Delay = 0.69> <FuncUnit> <Opcode : 'select'> <InPorts = 3> <OutPorts = 1>
ST_17 : Operation 2350 [1/1] (0.69ns)   --->   "%p_Val2_65 = select i1 %z_neg_11, i24 %X_V_20, i24 %X_V_21" [ADSD/Exp.cpp:88->ADSD/Classifier.cpp:85->ADSD/Classifier.cpp:133]   --->   Operation 2350 'select' 'p_Val2_65' <Predicate = true> <Delay = 0.69> <Core = "Sel">   --->   Core 26 'Sel' <Latency = 0> <II = 1> <Delay = 0.69> <FuncUnit> <Opcode : 'select'> <InPorts = 3> <OutPorts = 1>
ST_17 : Operation 2351 [1/1] (0.00ns)   --->   "%tmp_71 = call i26 @_ssdm_op_PartSelect.i26.i28.i32.i32(i28 %p_Val2_63, i32 2, i32 27)" [ADSD/Exp.cpp:87->ADSD/Classifier.cpp:85->ADSD/Classifier.cpp:133]   --->   Operation 2351 'partselect' 'tmp_71' <Predicate = true> <Delay = 0.00>
ST_17 : Operation 2352 [1/1] (0.00ns)   --->   "%tmp_72 = call i26 @_ssdm_op_PartSelect.i26.i28.i32.i32(i28 %p_Val2_64, i32 2, i32 27)" [ADSD/Exp.cpp:87->ADSD/Classifier.cpp:85->ADSD/Classifier.cpp:133]   --->   Operation 2352 'partselect' 'tmp_72' <Predicate = true> <Delay = 0.00>
ST_17 : Operation 2353 [1/1] (0.76ns)   --->   "%Z_V_12 = select i1 %z_neg_11, i26 %tmp_71, i26 %tmp_72" [ADSD/Exp.cpp:87->ADSD/Classifier.cpp:85->ADSD/Classifier.cpp:133]   --->   Operation 2353 'select' 'Z_V_12' <Predicate = true> <Delay = 0.76> <Core = "Sel">   --->   Core 26 'Sel' <Latency = 0> <II = 1> <Delay = 0.69> <FuncUnit> <Opcode : 'select'> <InPorts = 3> <OutPorts = 1>
ST_17 : Operation 2354 [1/1] (0.00ns)   --->   "%z_neg_12 = call i1 @_ssdm_op_BitSelect.i1.i26.i32(i26 %Z_V_12, i32 25)" [ADSD/Exp.cpp:88->ADSD/Classifier.cpp:85->ADSD/Classifier.cpp:133]   --->   Operation 2354 'bitselect' 'z_neg_12' <Predicate = true> <Delay = 0.00>
ST_17 : Operation 2355 [1/1] (0.00ns)   --->   "%tmp_73 = call i12 @_ssdm_op_PartSelect.i12.i24.i32.i32(i24 %p_Val2_65, i32 12, i32 23)" [ADSD/Exp.cpp:88->ADSD/Classifier.cpp:85->ADSD/Classifier.cpp:133]   --->   Operation 2355 'partselect' 'tmp_73' <Predicate = true> <Delay = 0.00>
ST_17 : Operation 2356 [1/1] (0.00ns)   --->   "%p_Val2_93_cast_i_c = zext i12 %tmp_73 to i24" [ADSD/Exp.cpp:88->ADSD/Classifier.cpp:85->ADSD/Classifier.cpp:133]   --->   Operation 2356 'zext' 'p_Val2_93_cast_i_c' <Predicate = true> <Delay = 0.00>
ST_17 : Operation 2357 [1/1] (0.00ns)   --->   "%tmp_28 = call i12 @_ssdm_op_PartSelect.i12.i24.i32.i32(i24 %p_Val2_66, i32 12, i32 23)" [ADSD/Exp.cpp:88->ADSD/Classifier.cpp:85->ADSD/Classifier.cpp:133]   --->   Operation 2357 'partselect' 'tmp_28' <Predicate = true> <Delay = 0.00>
ST_17 : Operation 2358 [1/1] (0.00ns)   --->   "%p_Val2_78_cast = sext i12 %tmp_28 to i24" [ADSD/Exp.cpp:88->ADSD/Classifier.cpp:85->ADSD/Classifier.cpp:133]   --->   Operation 2358 'sext' 'p_Val2_78_cast' <Predicate = true> <Delay = 0.00>
ST_17 : Operation 2359 [1/1] (2.31ns)   --->   "%X_V_22 = sub i24 %p_Val2_65, %p_Val2_78_cast" [ADSD/Exp.cpp:88->ADSD/Classifier.cpp:85->ADSD/Classifier.cpp:133]   --->   Operation 2359 'sub' 'X_V_22' <Predicate = true> <Delay = 2.31> <Core = "AddSub">   --->   Core 14 'AddSub' <Latency = 0> <II = 1> <Delay = 2.55> <FuncUnit> <Opcode : 'add' 'sub'> <InPorts = 2> <OutPorts = 1>
ST_17 : Operation 2360 [1/1] (2.31ns)   --->   "%Y_V_20 = sub i24 %p_Val2_66, %p_Val2_93_cast_i_c" [ADSD/Exp.cpp:88->ADSD/Classifier.cpp:85->ADSD/Classifier.cpp:133]   --->   Operation 2360 'sub' 'Y_V_20' <Predicate = true> <Delay = 2.31> <Core = "AddSub">   --->   Core 14 'AddSub' <Latency = 0> <II = 1> <Delay = 2.55> <FuncUnit> <Opcode : 'add' 'sub'> <InPorts = 2> <OutPorts = 1>
ST_17 : Operation 2361 [1/1] (0.00ns)   --->   "%tmp_337_i = call i28 @_ssdm_op_BitConcatenate.i28.i26.i2(i26 %Z_V_12, i2 0)" [ADSD/Exp.cpp:88->ADSD/Classifier.cpp:85->ADSD/Classifier.cpp:133]   --->   Operation 2361 'bitconcatenate' 'tmp_337_i' <Predicate = true> <Delay = 0.00>
ST_17 : Operation 2362 [1/1] (2.43ns)   --->   "%p_Val2_68 = add i28 %tmp_337_i, 4096" [ADSD/Exp.cpp:88->ADSD/Classifier.cpp:85->ADSD/Classifier.cpp:133]   --->   Operation 2362 'add' 'p_Val2_68' <Predicate = true> <Delay = 2.43> <Core = "AddSub">   --->   Core 14 'AddSub' <Latency = 0> <II = 1> <Delay = 2.55> <FuncUnit> <Opcode : 'add' 'sub'> <InPorts = 2> <OutPorts = 1>
ST_17 : Operation 2363 [1/1] (2.31ns)   --->   "%X_V_23 = add i24 %p_Val2_65, %p_Val2_78_cast" [ADSD/Exp.cpp:88->ADSD/Classifier.cpp:85->ADSD/Classifier.cpp:133]   --->   Operation 2363 'add' 'X_V_23' <Predicate = true> <Delay = 2.31> <Core = "AddSub">   --->   Core 14 'AddSub' <Latency = 0> <II = 1> <Delay = 2.55> <FuncUnit> <Opcode : 'add' 'sub'> <InPorts = 2> <OutPorts = 1>
ST_17 : Operation 2364 [1/1] (2.31ns)   --->   "%Y_V_21 = add i24 %p_Val2_66, %p_Val2_93_cast_i_c" [ADSD/Exp.cpp:88->ADSD/Classifier.cpp:85->ADSD/Classifier.cpp:133]   --->   Operation 2364 'add' 'Y_V_21' <Predicate = true> <Delay = 2.31> <Core = "AddSub">   --->   Core 14 'AddSub' <Latency = 0> <II = 1> <Delay = 2.55> <FuncUnit> <Opcode : 'add' 'sub'> <InPorts = 2> <OutPorts = 1>
ST_17 : Operation 2365 [1/1] (0.00ns)   --->   "%tmp_305 = trunc i26 %Z_V_12 to i25" [ADSD/Exp.cpp:87->ADSD/Classifier.cpp:85->ADSD/Classifier.cpp:133]   --->   Operation 2365 'trunc' 'tmp_305' <Predicate = true> <Delay = 0.00>
ST_17 : Operation 2366 [1/1] (0.00ns)   --->   "%tmp_352_i = call i27 @_ssdm_op_BitConcatenate.i27.i25.i2(i25 %tmp_305, i2 0)" [ADSD/Exp.cpp:88->ADSD/Classifier.cpp:85->ADSD/Classifier.cpp:133]   --->   Operation 2366 'bitconcatenate' 'tmp_352_i' <Predicate = true> <Delay = 0.00>
ST_17 : Operation 2367 [1/1] (0.00ns)   --->   "%tmp_352_cast_i = zext i27 %tmp_352_i to i28" [ADSD/Exp.cpp:88->ADSD/Classifier.cpp:85->ADSD/Classifier.cpp:133]   --->   Operation 2367 'zext' 'tmp_352_cast_i' <Predicate = true> <Delay = 0.00>
ST_17 : Operation 2368 [1/1] (2.40ns)   --->   "%p_Val2_69 = add i28 %tmp_352_cast_i, -4096" [ADSD/Exp.cpp:88->ADSD/Classifier.cpp:85->ADSD/Classifier.cpp:133]   --->   Operation 2368 'add' 'p_Val2_69' <Predicate = true> <Delay = 2.40> <Core = "AddSub">   --->   Core 14 'AddSub' <Latency = 0> <II = 1> <Delay = 2.55> <FuncUnit> <Opcode : 'add' 'sub'> <InPorts = 2> <OutPorts = 1>
ST_17 : Operation 2369 [1/1] (0.69ns)   --->   "%p_Val2_71 = select i1 %z_neg_12, i24 %Y_V_20, i24 %Y_V_21" [ADSD/Exp.cpp:89->ADSD/Classifier.cpp:85->ADSD/Classifier.cpp:133]   --->   Operation 2369 'select' 'p_Val2_71' <Predicate = true> <Delay = 0.69> <Core = "Sel">   --->   Core 26 'Sel' <Latency = 0> <II = 1> <Delay = 0.69> <FuncUnit> <Opcode : 'select'> <InPorts = 3> <OutPorts = 1>
ST_17 : Operation 2370 [1/1] (0.69ns)   --->   "%p_Val2_70 = select i1 %z_neg_12, i24 %X_V_22, i24 %X_V_23" [ADSD/Exp.cpp:89->ADSD/Classifier.cpp:85->ADSD/Classifier.cpp:133]   --->   Operation 2370 'select' 'p_Val2_70' <Predicate = true> <Delay = 0.69> <Core = "Sel">   --->   Core 26 'Sel' <Latency = 0> <II = 1> <Delay = 0.69> <FuncUnit> <Opcode : 'select'> <InPorts = 3> <OutPorts = 1>
ST_17 : Operation 2371 [1/1] (0.00ns)   --->   "%tmp_74 = call i26 @_ssdm_op_PartSelect.i26.i28.i32.i32(i28 %p_Val2_68, i32 2, i32 27)" [ADSD/Exp.cpp:88->ADSD/Classifier.cpp:85->ADSD/Classifier.cpp:133]   --->   Operation 2371 'partselect' 'tmp_74' <Predicate = true> <Delay = 0.00>
ST_17 : Operation 2372 [1/1] (0.00ns)   --->   "%tmp_75 = call i26 @_ssdm_op_PartSelect.i26.i28.i32.i32(i28 %p_Val2_69, i32 2, i32 27)" [ADSD/Exp.cpp:88->ADSD/Classifier.cpp:85->ADSD/Classifier.cpp:133]   --->   Operation 2372 'partselect' 'tmp_75' <Predicate = true> <Delay = 0.00>
ST_17 : Operation 2373 [1/1] (0.76ns)   --->   "%Z_V_13 = select i1 %z_neg_12, i26 %tmp_74, i26 %tmp_75" [ADSD/Exp.cpp:88->ADSD/Classifier.cpp:85->ADSD/Classifier.cpp:133]   --->   Operation 2373 'select' 'Z_V_13' <Predicate = true> <Delay = 0.76> <Core = "Sel">   --->   Core 26 'Sel' <Latency = 0> <II = 1> <Delay = 0.69> <FuncUnit> <Opcode : 'select'> <InPorts = 3> <OutPorts = 1>
ST_17 : Operation 2374 [1/1] (0.00ns)   --->   "%z_neg_13 = call i1 @_ssdm_op_BitSelect.i1.i26.i32(i26 %Z_V_13, i32 25)" [ADSD/Exp.cpp:89->ADSD/Classifier.cpp:85->ADSD/Classifier.cpp:133]   --->   Operation 2374 'bitselect' 'z_neg_13' <Predicate = true> <Delay = 0.00>
ST_17 : Operation 2375 [1/1] (0.00ns)   --->   "%tmp_76 = call i11 @_ssdm_op_PartSelect.i11.i24.i32.i32(i24 %p_Val2_70, i32 13, i32 23)" [ADSD/Exp.cpp:89->ADSD/Classifier.cpp:85->ADSD/Classifier.cpp:133]   --->   Operation 2375 'partselect' 'tmp_76' <Predicate = true> <Delay = 0.00>
ST_17 : Operation 2376 [1/1] (0.00ns)   --->   "%tmp_29 = call i11 @_ssdm_op_PartSelect.i11.i24.i32.i32(i24 %p_Val2_71, i32 13, i32 23)" [ADSD/Exp.cpp:89->ADSD/Classifier.cpp:85->ADSD/Classifier.cpp:133]   --->   Operation 2376 'partselect' 'tmp_29' <Predicate = true> <Delay = 0.00>
ST_17 : Operation 2377 [1/1] (0.00ns)   --->   "%tmp_355_i = call i28 @_ssdm_op_BitConcatenate.i28.i26.i2(i26 %Z_V_13, i2 0)" [ADSD/Exp.cpp:89->ADSD/Classifier.cpp:85->ADSD/Classifier.cpp:133]   --->   Operation 2377 'bitconcatenate' 'tmp_355_i' <Predicate = true> <Delay = 0.00>
ST_17 : Operation 2378 [1/1] (2.43ns)   --->   "%p_Val2_73 = add i28 %tmp_355_i, 2048" [ADSD/Exp.cpp:89->ADSD/Classifier.cpp:85->ADSD/Classifier.cpp:133]   --->   Operation 2378 'add' 'p_Val2_73' <Predicate = true> <Delay = 2.43> <Core = "AddSub">   --->   Core 14 'AddSub' <Latency = 0> <II = 1> <Delay = 2.55> <FuncUnit> <Opcode : 'add' 'sub'> <InPorts = 2> <OutPorts = 1>
ST_17 : Operation 2379 [1/1] (0.00ns)   --->   "%tmp_307 = trunc i26 %Z_V_13 to i25" [ADSD/Exp.cpp:88->ADSD/Classifier.cpp:85->ADSD/Classifier.cpp:133]   --->   Operation 2379 'trunc' 'tmp_307' <Predicate = true> <Delay = 0.00>
ST_17 : Operation 2380 [1/1] (0.00ns)   --->   "%tmp_363_i = call i27 @_ssdm_op_BitConcatenate.i27.i25.i2(i25 %tmp_307, i2 0)" [ADSD/Exp.cpp:89->ADSD/Classifier.cpp:85->ADSD/Classifier.cpp:133]   --->   Operation 2380 'bitconcatenate' 'tmp_363_i' <Predicate = true> <Delay = 0.00>
ST_17 : Operation 2381 [1/1] (0.00ns)   --->   "%tmp_363_cast_i = zext i27 %tmp_363_i to i28" [ADSD/Exp.cpp:89->ADSD/Classifier.cpp:85->ADSD/Classifier.cpp:133]   --->   Operation 2381 'zext' 'tmp_363_cast_i' <Predicate = true> <Delay = 0.00>
ST_17 : Operation 2382 [1/1] (2.40ns)   --->   "%p_Val2_74 = add i28 %tmp_363_cast_i, -2048" [ADSD/Exp.cpp:89->ADSD/Classifier.cpp:85->ADSD/Classifier.cpp:133]   --->   Operation 2382 'add' 'p_Val2_74' <Predicate = true> <Delay = 2.40> <Core = "AddSub">   --->   Core 14 'AddSub' <Latency = 0> <II = 1> <Delay = 2.55> <FuncUnit> <Opcode : 'add' 'sub'> <InPorts = 2> <OutPorts = 1>

State 18 <SV = 14> <Delay = 9.02>
ST_18 : Operation 2383 [1/1] (0.00ns)   --->   "%p_Val2_100_cast_i_s = zext i11 %tmp_76 to i24" [ADSD/Exp.cpp:89->ADSD/Classifier.cpp:85->ADSD/Classifier.cpp:133]   --->   Operation 2383 'zext' 'p_Val2_100_cast_i_s' <Predicate = true> <Delay = 0.00>
ST_18 : Operation 2384 [1/1] (0.00ns)   --->   "%p_Val2_84_cast = sext i11 %tmp_29 to i24" [ADSD/Exp.cpp:89->ADSD/Classifier.cpp:85->ADSD/Classifier.cpp:133]   --->   Operation 2384 'sext' 'p_Val2_84_cast' <Predicate = true> <Delay = 0.00>
ST_18 : Operation 2385 [1/1] (2.31ns)   --->   "%X_V_24 = sub i24 %p_Val2_70, %p_Val2_84_cast" [ADSD/Exp.cpp:89->ADSD/Classifier.cpp:85->ADSD/Classifier.cpp:133]   --->   Operation 2385 'sub' 'X_V_24' <Predicate = (z_neg_13)> <Delay = 2.31> <Core = "AddSub">   --->   Core 14 'AddSub' <Latency = 0> <II = 1> <Delay = 2.55> <FuncUnit> <Opcode : 'add' 'sub'> <InPorts = 2> <OutPorts = 1>
ST_18 : Operation 2386 [1/1] (2.31ns)   --->   "%Y_V_22 = sub i24 %p_Val2_71, %p_Val2_100_cast_i_s" [ADSD/Exp.cpp:89->ADSD/Classifier.cpp:85->ADSD/Classifier.cpp:133]   --->   Operation 2386 'sub' 'Y_V_22' <Predicate = (z_neg_13)> <Delay = 2.31> <Core = "AddSub">   --->   Core 14 'AddSub' <Latency = 0> <II = 1> <Delay = 2.55> <FuncUnit> <Opcode : 'add' 'sub'> <InPorts = 2> <OutPorts = 1>
ST_18 : Operation 2387 [1/1] (2.31ns)   --->   "%X_V_25 = add i24 %p_Val2_70, %p_Val2_84_cast" [ADSD/Exp.cpp:89->ADSD/Classifier.cpp:85->ADSD/Classifier.cpp:133]   --->   Operation 2387 'add' 'X_V_25' <Predicate = (!z_neg_13)> <Delay = 2.31> <Core = "AddSub">   --->   Core 14 'AddSub' <Latency = 0> <II = 1> <Delay = 2.55> <FuncUnit> <Opcode : 'add' 'sub'> <InPorts = 2> <OutPorts = 1>
ST_18 : Operation 2388 [1/1] (2.31ns)   --->   "%Y_V_23 = add i24 %p_Val2_71, %p_Val2_100_cast_i_s" [ADSD/Exp.cpp:89->ADSD/Classifier.cpp:85->ADSD/Classifier.cpp:133]   --->   Operation 2388 'add' 'Y_V_23' <Predicate = (!z_neg_13)> <Delay = 2.31> <Core = "AddSub">   --->   Core 14 'AddSub' <Latency = 0> <II = 1> <Delay = 2.55> <FuncUnit> <Opcode : 'add' 'sub'> <InPorts = 2> <OutPorts = 1>
ST_18 : Operation 2389 [1/1] (0.69ns)   --->   "%p_Val2_76 = select i1 %z_neg_13, i24 %Y_V_22, i24 %Y_V_23" [ADSD/Exp.cpp:90->ADSD/Classifier.cpp:85->ADSD/Classifier.cpp:133]   --->   Operation 2389 'select' 'p_Val2_76' <Predicate = true> <Delay = 0.69> <Core = "Sel">   --->   Core 26 'Sel' <Latency = 0> <II = 1> <Delay = 0.69> <FuncUnit> <Opcode : 'select'> <InPorts = 3> <OutPorts = 1>
ST_18 : Operation 2390 [1/1] (0.69ns)   --->   "%p_Val2_75 = select i1 %z_neg_13, i24 %X_V_24, i24 %X_V_25" [ADSD/Exp.cpp:90->ADSD/Classifier.cpp:85->ADSD/Classifier.cpp:133]   --->   Operation 2390 'select' 'p_Val2_75' <Predicate = true> <Delay = 0.69> <Core = "Sel">   --->   Core 26 'Sel' <Latency = 0> <II = 1> <Delay = 0.69> <FuncUnit> <Opcode : 'select'> <InPorts = 3> <OutPorts = 1>
ST_18 : Operation 2391 [1/1] (0.00ns)   --->   "%tmp_77 = call i26 @_ssdm_op_PartSelect.i26.i28.i32.i32(i28 %p_Val2_73, i32 2, i32 27)" [ADSD/Exp.cpp:89->ADSD/Classifier.cpp:85->ADSD/Classifier.cpp:133]   --->   Operation 2391 'partselect' 'tmp_77' <Predicate = (z_neg_13)> <Delay = 0.00>
ST_18 : Operation 2392 [1/1] (0.00ns)   --->   "%tmp_78 = call i26 @_ssdm_op_PartSelect.i26.i28.i32.i32(i28 %p_Val2_74, i32 2, i32 27)" [ADSD/Exp.cpp:89->ADSD/Classifier.cpp:85->ADSD/Classifier.cpp:133]   --->   Operation 2392 'partselect' 'tmp_78' <Predicate = (!z_neg_13)> <Delay = 0.00>
ST_18 : Operation 2393 [1/1] (0.76ns)   --->   "%Z_V_14 = select i1 %z_neg_13, i26 %tmp_77, i26 %tmp_78" [ADSD/Exp.cpp:89->ADSD/Classifier.cpp:85->ADSD/Classifier.cpp:133]   --->   Operation 2393 'select' 'Z_V_14' <Predicate = true> <Delay = 0.76> <Core = "Sel">   --->   Core 26 'Sel' <Latency = 0> <II = 1> <Delay = 0.69> <FuncUnit> <Opcode : 'select'> <InPorts = 3> <OutPorts = 1>
ST_18 : Operation 2394 [1/1] (0.00ns)   --->   "%z_neg_14 = call i1 @_ssdm_op_BitSelect.i1.i26.i32(i26 %Z_V_14, i32 25)" [ADSD/Exp.cpp:90->ADSD/Classifier.cpp:85->ADSD/Classifier.cpp:133]   --->   Operation 2394 'bitselect' 'z_neg_14' <Predicate = true> <Delay = 0.00>
ST_18 : Operation 2395 [1/1] (0.00ns)   --->   "%tmp_79 = call i11 @_ssdm_op_PartSelect.i11.i24.i32.i32(i24 %p_Val2_75, i32 13, i32 23)" [ADSD/Exp.cpp:90->ADSD/Classifier.cpp:85->ADSD/Classifier.cpp:133]   --->   Operation 2395 'partselect' 'tmp_79' <Predicate = true> <Delay = 0.00>
ST_18 : Operation 2396 [1/1] (0.00ns)   --->   "%p_Val2_107_cast_i_s = zext i11 %tmp_79 to i24" [ADSD/Exp.cpp:90->ADSD/Classifier.cpp:85->ADSD/Classifier.cpp:133]   --->   Operation 2396 'zext' 'p_Val2_107_cast_i_s' <Predicate = true> <Delay = 0.00>
ST_18 : Operation 2397 [1/1] (0.00ns)   --->   "%tmp_30 = call i11 @_ssdm_op_PartSelect.i11.i24.i32.i32(i24 %p_Val2_76, i32 13, i32 23)" [ADSD/Exp.cpp:90->ADSD/Classifier.cpp:85->ADSD/Classifier.cpp:133]   --->   Operation 2397 'partselect' 'tmp_30' <Predicate = true> <Delay = 0.00>
ST_18 : Operation 2398 [1/1] (0.00ns)   --->   "%p_Val2_90_cast = sext i11 %tmp_30 to i24" [ADSD/Exp.cpp:90->ADSD/Classifier.cpp:85->ADSD/Classifier.cpp:133]   --->   Operation 2398 'sext' 'p_Val2_90_cast' <Predicate = true> <Delay = 0.00>
ST_18 : Operation 2399 [1/1] (2.31ns)   --->   "%X_V_26 = sub i24 %p_Val2_75, %p_Val2_90_cast" [ADSD/Exp.cpp:90->ADSD/Classifier.cpp:85->ADSD/Classifier.cpp:133]   --->   Operation 2399 'sub' 'X_V_26' <Predicate = true> <Delay = 2.31> <Core = "AddSub">   --->   Core 14 'AddSub' <Latency = 0> <II = 1> <Delay = 2.55> <FuncUnit> <Opcode : 'add' 'sub'> <InPorts = 2> <OutPorts = 1>
ST_18 : Operation 2400 [1/1] (2.31ns)   --->   "%Y_V_24 = sub i24 %p_Val2_76, %p_Val2_107_cast_i_s" [ADSD/Exp.cpp:90->ADSD/Classifier.cpp:85->ADSD/Classifier.cpp:133]   --->   Operation 2400 'sub' 'Y_V_24' <Predicate = true> <Delay = 2.31> <Core = "AddSub">   --->   Core 14 'AddSub' <Latency = 0> <II = 1> <Delay = 2.55> <FuncUnit> <Opcode : 'add' 'sub'> <InPorts = 2> <OutPorts = 1>
ST_18 : Operation 2401 [1/1] (0.00ns)   --->   "%tmp_378_i = call i28 @_ssdm_op_BitConcatenate.i28.i26.i2(i26 %Z_V_14, i2 0)" [ADSD/Exp.cpp:90->ADSD/Classifier.cpp:85->ADSD/Classifier.cpp:133]   --->   Operation 2401 'bitconcatenate' 'tmp_378_i' <Predicate = true> <Delay = 0.00>
ST_18 : Operation 2402 [1/1] (2.43ns)   --->   "%p_Val2_78 = add i28 %tmp_378_i, 2048" [ADSD/Exp.cpp:90->ADSD/Classifier.cpp:85->ADSD/Classifier.cpp:133]   --->   Operation 2402 'add' 'p_Val2_78' <Predicate = true> <Delay = 2.43> <Core = "AddSub">   --->   Core 14 'AddSub' <Latency = 0> <II = 1> <Delay = 2.55> <FuncUnit> <Opcode : 'add' 'sub'> <InPorts = 2> <OutPorts = 1>
ST_18 : Operation 2403 [1/1] (2.31ns)   --->   "%X_V_27 = add i24 %p_Val2_75, %p_Val2_90_cast" [ADSD/Exp.cpp:90->ADSD/Classifier.cpp:85->ADSD/Classifier.cpp:133]   --->   Operation 2403 'add' 'X_V_27' <Predicate = true> <Delay = 2.31> <Core = "AddSub">   --->   Core 14 'AddSub' <Latency = 0> <II = 1> <Delay = 2.55> <FuncUnit> <Opcode : 'add' 'sub'> <InPorts = 2> <OutPorts = 1>
ST_18 : Operation 2404 [1/1] (2.31ns)   --->   "%Y_V_25 = add i24 %p_Val2_76, %p_Val2_107_cast_i_s" [ADSD/Exp.cpp:90->ADSD/Classifier.cpp:85->ADSD/Classifier.cpp:133]   --->   Operation 2404 'add' 'Y_V_25' <Predicate = true> <Delay = 2.31> <Core = "AddSub">   --->   Core 14 'AddSub' <Latency = 0> <II = 1> <Delay = 2.55> <FuncUnit> <Opcode : 'add' 'sub'> <InPorts = 2> <OutPorts = 1>
ST_18 : Operation 2405 [1/1] (0.00ns)   --->   "%tmp_309 = trunc i26 %Z_V_14 to i25" [ADSD/Exp.cpp:89->ADSD/Classifier.cpp:85->ADSD/Classifier.cpp:133]   --->   Operation 2405 'trunc' 'tmp_309' <Predicate = true> <Delay = 0.00>
ST_18 : Operation 2406 [1/1] (0.00ns)   --->   "%tmp_389_i = call i27 @_ssdm_op_BitConcatenate.i27.i25.i2(i25 %tmp_309, i2 0)" [ADSD/Exp.cpp:90->ADSD/Classifier.cpp:85->ADSD/Classifier.cpp:133]   --->   Operation 2406 'bitconcatenate' 'tmp_389_i' <Predicate = true> <Delay = 0.00>
ST_18 : Operation 2407 [1/1] (0.00ns)   --->   "%tmp_389_cast_i = zext i27 %tmp_389_i to i28" [ADSD/Exp.cpp:90->ADSD/Classifier.cpp:85->ADSD/Classifier.cpp:133]   --->   Operation 2407 'zext' 'tmp_389_cast_i' <Predicate = true> <Delay = 0.00>
ST_18 : Operation 2408 [1/1] (2.40ns)   --->   "%p_Val2_79 = add i28 %tmp_389_cast_i, -2048" [ADSD/Exp.cpp:90->ADSD/Classifier.cpp:85->ADSD/Classifier.cpp:133]   --->   Operation 2408 'add' 'p_Val2_79' <Predicate = true> <Delay = 2.40> <Core = "AddSub">   --->   Core 14 'AddSub' <Latency = 0> <II = 1> <Delay = 2.55> <FuncUnit> <Opcode : 'add' 'sub'> <InPorts = 2> <OutPorts = 1>
ST_18 : Operation 2409 [1/1] (0.69ns)   --->   "%p_Val2_81 = select i1 %z_neg_14, i24 %Y_V_24, i24 %Y_V_25" [ADSD/Exp.cpp:91->ADSD/Classifier.cpp:85->ADSD/Classifier.cpp:133]   --->   Operation 2409 'select' 'p_Val2_81' <Predicate = true> <Delay = 0.69> <Core = "Sel">   --->   Core 26 'Sel' <Latency = 0> <II = 1> <Delay = 0.69> <FuncUnit> <Opcode : 'select'> <InPorts = 3> <OutPorts = 1>
ST_18 : Operation 2410 [1/1] (0.69ns)   --->   "%p_Val2_80 = select i1 %z_neg_14, i24 %X_V_26, i24 %X_V_27" [ADSD/Exp.cpp:91->ADSD/Classifier.cpp:85->ADSD/Classifier.cpp:133]   --->   Operation 2410 'select' 'p_Val2_80' <Predicate = true> <Delay = 0.69> <Core = "Sel">   --->   Core 26 'Sel' <Latency = 0> <II = 1> <Delay = 0.69> <FuncUnit> <Opcode : 'select'> <InPorts = 3> <OutPorts = 1>
ST_18 : Operation 2411 [1/1] (0.00ns)   --->   "%tmp_80 = call i26 @_ssdm_op_PartSelect.i26.i28.i32.i32(i28 %p_Val2_78, i32 2, i32 27)" [ADSD/Exp.cpp:90->ADSD/Classifier.cpp:85->ADSD/Classifier.cpp:133]   --->   Operation 2411 'partselect' 'tmp_80' <Predicate = true> <Delay = 0.00>
ST_18 : Operation 2412 [1/1] (0.00ns)   --->   "%tmp_81 = call i26 @_ssdm_op_PartSelect.i26.i28.i32.i32(i28 %p_Val2_79, i32 2, i32 27)" [ADSD/Exp.cpp:90->ADSD/Classifier.cpp:85->ADSD/Classifier.cpp:133]   --->   Operation 2412 'partselect' 'tmp_81' <Predicate = true> <Delay = 0.00>
ST_18 : Operation 2413 [1/1] (0.76ns)   --->   "%Z_V_15 = select i1 %z_neg_14, i26 %tmp_80, i26 %tmp_81" [ADSD/Exp.cpp:90->ADSD/Classifier.cpp:85->ADSD/Classifier.cpp:133]   --->   Operation 2413 'select' 'Z_V_15' <Predicate = true> <Delay = 0.76> <Core = "Sel">   --->   Core 26 'Sel' <Latency = 0> <II = 1> <Delay = 0.69> <FuncUnit> <Opcode : 'select'> <InPorts = 3> <OutPorts = 1>
ST_18 : Operation 2414 [1/1] (0.00ns)   --->   "%z_neg_15 = call i1 @_ssdm_op_BitSelect.i1.i26.i32(i26 %Z_V_15, i32 25)" [ADSD/Exp.cpp:91->ADSD/Classifier.cpp:85->ADSD/Classifier.cpp:133]   --->   Operation 2414 'bitselect' 'z_neg_15' <Predicate = true> <Delay = 0.00>
ST_18 : Operation 2415 [1/1] (0.00ns)   --->   "%tmp_82 = call i10 @_ssdm_op_PartSelect.i10.i24.i32.i32(i24 %p_Val2_80, i32 14, i32 23)" [ADSD/Exp.cpp:91->ADSD/Classifier.cpp:85->ADSD/Classifier.cpp:133]   --->   Operation 2415 'partselect' 'tmp_82' <Predicate = true> <Delay = 0.00>
ST_18 : Operation 2416 [1/1] (0.00ns)   --->   "%p_Val2_114_cast_i_s = zext i10 %tmp_82 to i24" [ADSD/Exp.cpp:91->ADSD/Classifier.cpp:85->ADSD/Classifier.cpp:133]   --->   Operation 2416 'zext' 'p_Val2_114_cast_i_s' <Predicate = true> <Delay = 0.00>
ST_18 : Operation 2417 [1/1] (0.00ns)   --->   "%tmp_31 = call i10 @_ssdm_op_PartSelect.i10.i24.i32.i32(i24 %p_Val2_81, i32 14, i32 23)" [ADSD/Exp.cpp:91->ADSD/Classifier.cpp:85->ADSD/Classifier.cpp:133]   --->   Operation 2417 'partselect' 'tmp_31' <Predicate = true> <Delay = 0.00>
ST_18 : Operation 2418 [1/1] (0.00ns)   --->   "%p_Val2_96_cast = sext i10 %tmp_31 to i24" [ADSD/Exp.cpp:91->ADSD/Classifier.cpp:85->ADSD/Classifier.cpp:133]   --->   Operation 2418 'sext' 'p_Val2_96_cast' <Predicate = true> <Delay = 0.00>
ST_18 : Operation 2419 [1/1] (2.31ns)   --->   "%X_V_28 = sub i24 %p_Val2_80, %p_Val2_96_cast" [ADSD/Exp.cpp:91->ADSD/Classifier.cpp:85->ADSD/Classifier.cpp:133]   --->   Operation 2419 'sub' 'X_V_28' <Predicate = true> <Delay = 2.31> <Core = "AddSub">   --->   Core 14 'AddSub' <Latency = 0> <II = 1> <Delay = 2.55> <FuncUnit> <Opcode : 'add' 'sub'> <InPorts = 2> <OutPorts = 1>
ST_18 : Operation 2420 [1/1] (2.31ns)   --->   "%Y_V_26 = sub i24 %p_Val2_81, %p_Val2_114_cast_i_s" [ADSD/Exp.cpp:91->ADSD/Classifier.cpp:85->ADSD/Classifier.cpp:133]   --->   Operation 2420 'sub' 'Y_V_26' <Predicate = true> <Delay = 2.31> <Core = "AddSub">   --->   Core 14 'AddSub' <Latency = 0> <II = 1> <Delay = 2.55> <FuncUnit> <Opcode : 'add' 'sub'> <InPorts = 2> <OutPorts = 1>
ST_18 : Operation 2421 [1/1] (0.00ns)   --->   "%tmp_401_i = call i28 @_ssdm_op_BitConcatenate.i28.i26.i2(i26 %Z_V_15, i2 0)" [ADSD/Exp.cpp:91->ADSD/Classifier.cpp:85->ADSD/Classifier.cpp:133]   --->   Operation 2421 'bitconcatenate' 'tmp_401_i' <Predicate = true> <Delay = 0.00>
ST_18 : Operation 2422 [1/1] (2.43ns)   --->   "%p_Val2_83 = add i28 %tmp_401_i, 1024" [ADSD/Exp.cpp:91->ADSD/Classifier.cpp:85->ADSD/Classifier.cpp:133]   --->   Operation 2422 'add' 'p_Val2_83' <Predicate = true> <Delay = 2.43> <Core = "AddSub">   --->   Core 14 'AddSub' <Latency = 0> <II = 1> <Delay = 2.55> <FuncUnit> <Opcode : 'add' 'sub'> <InPorts = 2> <OutPorts = 1>
ST_18 : Operation 2423 [1/1] (2.31ns)   --->   "%X_V_29 = add i24 %p_Val2_80, %p_Val2_96_cast" [ADSD/Exp.cpp:91->ADSD/Classifier.cpp:85->ADSD/Classifier.cpp:133]   --->   Operation 2423 'add' 'X_V_29' <Predicate = true> <Delay = 2.31> <Core = "AddSub">   --->   Core 14 'AddSub' <Latency = 0> <II = 1> <Delay = 2.55> <FuncUnit> <Opcode : 'add' 'sub'> <InPorts = 2> <OutPorts = 1>
ST_18 : Operation 2424 [1/1] (2.31ns)   --->   "%Y_V_27 = add i24 %p_Val2_81, %p_Val2_114_cast_i_s" [ADSD/Exp.cpp:91->ADSD/Classifier.cpp:85->ADSD/Classifier.cpp:133]   --->   Operation 2424 'add' 'Y_V_27' <Predicate = true> <Delay = 2.31> <Core = "AddSub">   --->   Core 14 'AddSub' <Latency = 0> <II = 1> <Delay = 2.55> <FuncUnit> <Opcode : 'add' 'sub'> <InPorts = 2> <OutPorts = 1>
ST_18 : Operation 2425 [1/1] (0.00ns)   --->   "%tmp_311 = trunc i26 %Z_V_15 to i25" [ADSD/Exp.cpp:90->ADSD/Classifier.cpp:85->ADSD/Classifier.cpp:133]   --->   Operation 2425 'trunc' 'tmp_311' <Predicate = true> <Delay = 0.00>
ST_18 : Operation 2426 [1/1] (0.00ns)   --->   "%tmp_403_i = call i27 @_ssdm_op_BitConcatenate.i27.i25.i2(i25 %tmp_311, i2 0)" [ADSD/Exp.cpp:91->ADSD/Classifier.cpp:85->ADSD/Classifier.cpp:133]   --->   Operation 2426 'bitconcatenate' 'tmp_403_i' <Predicate = true> <Delay = 0.00>
ST_18 : Operation 2427 [1/1] (0.00ns)   --->   "%tmp_403_cast_i = zext i27 %tmp_403_i to i28" [ADSD/Exp.cpp:91->ADSD/Classifier.cpp:85->ADSD/Classifier.cpp:133]   --->   Operation 2427 'zext' 'tmp_403_cast_i' <Predicate = true> <Delay = 0.00>
ST_18 : Operation 2428 [1/1] (2.40ns)   --->   "%p_Val2_84 = add i28 %tmp_403_cast_i, -1024" [ADSD/Exp.cpp:91->ADSD/Classifier.cpp:85->ADSD/Classifier.cpp:133]   --->   Operation 2428 'add' 'p_Val2_84' <Predicate = true> <Delay = 2.40> <Core = "AddSub">   --->   Core 14 'AddSub' <Latency = 0> <II = 1> <Delay = 2.55> <FuncUnit> <Opcode : 'add' 'sub'> <InPorts = 2> <OutPorts = 1>
ST_18 : Operation 2429 [1/1] (0.69ns)   --->   "%p_Val2_86 = select i1 %z_neg_15, i24 %Y_V_26, i24 %Y_V_27" [ADSD/Exp.cpp:92->ADSD/Classifier.cpp:85->ADSD/Classifier.cpp:133]   --->   Operation 2429 'select' 'p_Val2_86' <Predicate = true> <Delay = 0.69> <Core = "Sel">   --->   Core 26 'Sel' <Latency = 0> <II = 1> <Delay = 0.69> <FuncUnit> <Opcode : 'select'> <InPorts = 3> <OutPorts = 1>
ST_18 : Operation 2430 [1/1] (0.69ns)   --->   "%p_Val2_85 = select i1 %z_neg_15, i24 %X_V_28, i24 %X_V_29" [ADSD/Exp.cpp:92->ADSD/Classifier.cpp:85->ADSD/Classifier.cpp:133]   --->   Operation 2430 'select' 'p_Val2_85' <Predicate = true> <Delay = 0.69> <Core = "Sel">   --->   Core 26 'Sel' <Latency = 0> <II = 1> <Delay = 0.69> <FuncUnit> <Opcode : 'select'> <InPorts = 3> <OutPorts = 1>
ST_18 : Operation 2431 [1/1] (0.00ns)   --->   "%tmp_83 = call i26 @_ssdm_op_PartSelect.i26.i28.i32.i32(i28 %p_Val2_83, i32 2, i32 27)" [ADSD/Exp.cpp:91->ADSD/Classifier.cpp:85->ADSD/Classifier.cpp:133]   --->   Operation 2431 'partselect' 'tmp_83' <Predicate = true> <Delay = 0.00>
ST_18 : Operation 2432 [1/1] (0.00ns)   --->   "%tmp_84 = call i26 @_ssdm_op_PartSelect.i26.i28.i32.i32(i28 %p_Val2_84, i32 2, i32 27)" [ADSD/Exp.cpp:91->ADSD/Classifier.cpp:85->ADSD/Classifier.cpp:133]   --->   Operation 2432 'partselect' 'tmp_84' <Predicate = true> <Delay = 0.00>
ST_18 : Operation 2433 [1/1] (0.76ns)   --->   "%Z_V_16 = select i1 %z_neg_15, i26 %tmp_83, i26 %tmp_84" [ADSD/Exp.cpp:91->ADSD/Classifier.cpp:85->ADSD/Classifier.cpp:133]   --->   Operation 2433 'select' 'Z_V_16' <Predicate = true> <Delay = 0.76> <Core = "Sel">   --->   Core 26 'Sel' <Latency = 0> <II = 1> <Delay = 0.69> <FuncUnit> <Opcode : 'select'> <InPorts = 3> <OutPorts = 1>
ST_18 : Operation 2434 [1/1] (0.00ns)   --->   "%z_neg_16 = call i1 @_ssdm_op_BitSelect.i1.i26.i32(i26 %Z_V_16, i32 25)" [ADSD/Exp.cpp:92->ADSD/Classifier.cpp:85->ADSD/Classifier.cpp:133]   --->   Operation 2434 'bitselect' 'z_neg_16' <Predicate = true> <Delay = 0.00>
ST_18 : Operation 2435 [1/1] (0.00ns)   --->   "%tmp_313 = trunc i26 %Z_V_16 to i25" [ADSD/Exp.cpp:91->ADSD/Classifier.cpp:85->ADSD/Classifier.cpp:133]   --->   Operation 2435 'trunc' 'tmp_313' <Predicate = true> <Delay = 0.00>

State 19 <SV = 15> <Delay = 9.02>
ST_19 : Operation 2436 [1/1] (0.00ns)   --->   "%tmp_85 = call i9 @_ssdm_op_PartSelect.i9.i24.i32.i32(i24 %p_Val2_85, i32 15, i32 23)" [ADSD/Exp.cpp:92->ADSD/Classifier.cpp:85->ADSD/Classifier.cpp:133]   --->   Operation 2436 'partselect' 'tmp_85' <Predicate = true> <Delay = 0.00>
ST_19 : Operation 2437 [1/1] (0.00ns)   --->   "%p_Val2_121_cast_i_s = zext i9 %tmp_85 to i24" [ADSD/Exp.cpp:92->ADSD/Classifier.cpp:85->ADSD/Classifier.cpp:133]   --->   Operation 2437 'zext' 'p_Val2_121_cast_i_s' <Predicate = true> <Delay = 0.00>
ST_19 : Operation 2438 [1/1] (0.00ns)   --->   "%tmp_32 = call i9 @_ssdm_op_PartSelect.i9.i24.i32.i32(i24 %p_Val2_86, i32 15, i32 23)" [ADSD/Exp.cpp:92->ADSD/Classifier.cpp:85->ADSD/Classifier.cpp:133]   --->   Operation 2438 'partselect' 'tmp_32' <Predicate = true> <Delay = 0.00>
ST_19 : Operation 2439 [1/1] (0.00ns)   --->   "%p_Val2_102_cast = sext i9 %tmp_32 to i24" [ADSD/Exp.cpp:92->ADSD/Classifier.cpp:85->ADSD/Classifier.cpp:133]   --->   Operation 2439 'sext' 'p_Val2_102_cast' <Predicate = true> <Delay = 0.00>
ST_19 : Operation 2440 [1/1] (2.31ns)   --->   "%X_V_30 = sub i24 %p_Val2_85, %p_Val2_102_cast" [ADSD/Exp.cpp:92->ADSD/Classifier.cpp:85->ADSD/Classifier.cpp:133]   --->   Operation 2440 'sub' 'X_V_30' <Predicate = (z_neg_16)> <Delay = 2.31> <Core = "AddSub">   --->   Core 14 'AddSub' <Latency = 0> <II = 1> <Delay = 2.55> <FuncUnit> <Opcode : 'add' 'sub'> <InPorts = 2> <OutPorts = 1>
ST_19 : Operation 2441 [1/1] (2.31ns)   --->   "%Y_V_28 = sub i24 %p_Val2_86, %p_Val2_121_cast_i_s" [ADSD/Exp.cpp:92->ADSD/Classifier.cpp:85->ADSD/Classifier.cpp:133]   --->   Operation 2441 'sub' 'Y_V_28' <Predicate = (z_neg_16)> <Delay = 2.31> <Core = "AddSub">   --->   Core 14 'AddSub' <Latency = 0> <II = 1> <Delay = 2.55> <FuncUnit> <Opcode : 'add' 'sub'> <InPorts = 2> <OutPorts = 1>
ST_19 : Operation 2442 [1/1] (0.00ns)   --->   "%tmp_409_i = call i28 @_ssdm_op_BitConcatenate.i28.i26.i2(i26 %Z_V_16, i2 0)" [ADSD/Exp.cpp:92->ADSD/Classifier.cpp:85->ADSD/Classifier.cpp:133]   --->   Operation 2442 'bitconcatenate' 'tmp_409_i' <Predicate = (z_neg_16)> <Delay = 0.00>
ST_19 : Operation 2443 [1/1] (2.43ns)   --->   "%p_Val2_88 = add i28 %tmp_409_i, 512" [ADSD/Exp.cpp:92->ADSD/Classifier.cpp:85->ADSD/Classifier.cpp:133]   --->   Operation 2443 'add' 'p_Val2_88' <Predicate = (z_neg_16)> <Delay = 2.43> <Core = "AddSub">   --->   Core 14 'AddSub' <Latency = 0> <II = 1> <Delay = 2.55> <FuncUnit> <Opcode : 'add' 'sub'> <InPorts = 2> <OutPorts = 1>
ST_19 : Operation 2444 [1/1] (2.31ns)   --->   "%X_V_31 = add i24 %p_Val2_85, %p_Val2_102_cast" [ADSD/Exp.cpp:92->ADSD/Classifier.cpp:85->ADSD/Classifier.cpp:133]   --->   Operation 2444 'add' 'X_V_31' <Predicate = (!z_neg_16)> <Delay = 2.31> <Core = "AddSub">   --->   Core 14 'AddSub' <Latency = 0> <II = 1> <Delay = 2.55> <FuncUnit> <Opcode : 'add' 'sub'> <InPorts = 2> <OutPorts = 1>
ST_19 : Operation 2445 [1/1] (2.31ns)   --->   "%Y_V_29 = add i24 %p_Val2_86, %p_Val2_121_cast_i_s" [ADSD/Exp.cpp:92->ADSD/Classifier.cpp:85->ADSD/Classifier.cpp:133]   --->   Operation 2445 'add' 'Y_V_29' <Predicate = (!z_neg_16)> <Delay = 2.31> <Core = "AddSub">   --->   Core 14 'AddSub' <Latency = 0> <II = 1> <Delay = 2.55> <FuncUnit> <Opcode : 'add' 'sub'> <InPorts = 2> <OutPorts = 1>
ST_19 : Operation 2446 [1/1] (0.00ns)   --->   "%tmp_411_i = call i27 @_ssdm_op_BitConcatenate.i27.i25.i2(i25 %tmp_313, i2 0)" [ADSD/Exp.cpp:92->ADSD/Classifier.cpp:85->ADSD/Classifier.cpp:133]   --->   Operation 2446 'bitconcatenate' 'tmp_411_i' <Predicate = (!z_neg_16)> <Delay = 0.00>
ST_19 : Operation 2447 [1/1] (0.00ns)   --->   "%tmp_411_cast_i = zext i27 %tmp_411_i to i28" [ADSD/Exp.cpp:92->ADSD/Classifier.cpp:85->ADSD/Classifier.cpp:133]   --->   Operation 2447 'zext' 'tmp_411_cast_i' <Predicate = (!z_neg_16)> <Delay = 0.00>
ST_19 : Operation 2448 [1/1] (2.40ns)   --->   "%p_Val2_89 = add i28 %tmp_411_cast_i, -512" [ADSD/Exp.cpp:92->ADSD/Classifier.cpp:85->ADSD/Classifier.cpp:133]   --->   Operation 2448 'add' 'p_Val2_89' <Predicate = (!z_neg_16)> <Delay = 2.40> <Core = "AddSub">   --->   Core 14 'AddSub' <Latency = 0> <II = 1> <Delay = 2.55> <FuncUnit> <Opcode : 'add' 'sub'> <InPorts = 2> <OutPorts = 1>
ST_19 : Operation 2449 [1/1] (0.69ns)   --->   "%p_Val2_91 = select i1 %z_neg_16, i24 %Y_V_28, i24 %Y_V_29" [ADSD/Exp.cpp:93->ADSD/Classifier.cpp:85->ADSD/Classifier.cpp:133]   --->   Operation 2449 'select' 'p_Val2_91' <Predicate = true> <Delay = 0.69> <Core = "Sel">   --->   Core 26 'Sel' <Latency = 0> <II = 1> <Delay = 0.69> <FuncUnit> <Opcode : 'select'> <InPorts = 3> <OutPorts = 1>
ST_19 : Operation 2450 [1/1] (0.69ns)   --->   "%p_Val2_90 = select i1 %z_neg_16, i24 %X_V_30, i24 %X_V_31" [ADSD/Exp.cpp:93->ADSD/Classifier.cpp:85->ADSD/Classifier.cpp:133]   --->   Operation 2450 'select' 'p_Val2_90' <Predicate = true> <Delay = 0.69> <Core = "Sel">   --->   Core 26 'Sel' <Latency = 0> <II = 1> <Delay = 0.69> <FuncUnit> <Opcode : 'select'> <InPorts = 3> <OutPorts = 1>
ST_19 : Operation 2451 [1/1] (0.00ns)   --->   "%tmp_86 = call i26 @_ssdm_op_PartSelect.i26.i28.i32.i32(i28 %p_Val2_88, i32 2, i32 27)" [ADSD/Exp.cpp:92->ADSD/Classifier.cpp:85->ADSD/Classifier.cpp:133]   --->   Operation 2451 'partselect' 'tmp_86' <Predicate = (z_neg_16)> <Delay = 0.00>
ST_19 : Operation 2452 [1/1] (0.00ns)   --->   "%tmp_87 = call i26 @_ssdm_op_PartSelect.i26.i28.i32.i32(i28 %p_Val2_89, i32 2, i32 27)" [ADSD/Exp.cpp:92->ADSD/Classifier.cpp:85->ADSD/Classifier.cpp:133]   --->   Operation 2452 'partselect' 'tmp_87' <Predicate = (!z_neg_16)> <Delay = 0.00>
ST_19 : Operation 2453 [1/1] (0.76ns)   --->   "%Z_V_17 = select i1 %z_neg_16, i26 %tmp_86, i26 %tmp_87" [ADSD/Exp.cpp:92->ADSD/Classifier.cpp:85->ADSD/Classifier.cpp:133]   --->   Operation 2453 'select' 'Z_V_17' <Predicate = true> <Delay = 0.76> <Core = "Sel">   --->   Core 26 'Sel' <Latency = 0> <II = 1> <Delay = 0.69> <FuncUnit> <Opcode : 'select'> <InPorts = 3> <OutPorts = 1>
ST_19 : Operation 2454 [1/1] (0.00ns)   --->   "%z_neg_17 = call i1 @_ssdm_op_BitSelect.i1.i26.i32(i26 %Z_V_17, i32 25)" [ADSD/Exp.cpp:93->ADSD/Classifier.cpp:85->ADSD/Classifier.cpp:133]   --->   Operation 2454 'bitselect' 'z_neg_17' <Predicate = true> <Delay = 0.00>
ST_19 : Operation 2455 [1/1] (0.00ns)   --->   "%tmp_88 = call i8 @_ssdm_op_PartSelect.i8.i24.i32.i32(i24 %p_Val2_90, i32 16, i32 23)" [ADSD/Exp.cpp:93->ADSD/Classifier.cpp:85->ADSD/Classifier.cpp:133]   --->   Operation 2455 'partselect' 'tmp_88' <Predicate = true> <Delay = 0.00>
ST_19 : Operation 2456 [1/1] (0.00ns)   --->   "%p_Val2_128_cast_i_s = zext i8 %tmp_88 to i24" [ADSD/Exp.cpp:93->ADSD/Classifier.cpp:85->ADSD/Classifier.cpp:133]   --->   Operation 2456 'zext' 'p_Val2_128_cast_i_s' <Predicate = true> <Delay = 0.00>
ST_19 : Operation 2457 [1/1] (0.00ns)   --->   "%tmp_33 = call i8 @_ssdm_op_PartSelect.i8.i24.i32.i32(i24 %p_Val2_91, i32 16, i32 23)" [ADSD/Exp.cpp:93->ADSD/Classifier.cpp:85->ADSD/Classifier.cpp:133]   --->   Operation 2457 'partselect' 'tmp_33' <Predicate = true> <Delay = 0.00>
ST_19 : Operation 2458 [1/1] (0.00ns)   --->   "%p_Val2_108_cast = sext i8 %tmp_33 to i24" [ADSD/Exp.cpp:93->ADSD/Classifier.cpp:85->ADSD/Classifier.cpp:133]   --->   Operation 2458 'sext' 'p_Val2_108_cast' <Predicate = true> <Delay = 0.00>
ST_19 : Operation 2459 [1/1] (2.31ns)   --->   "%X_V_32 = sub i24 %p_Val2_90, %p_Val2_108_cast" [ADSD/Exp.cpp:93->ADSD/Classifier.cpp:85->ADSD/Classifier.cpp:133]   --->   Operation 2459 'sub' 'X_V_32' <Predicate = true> <Delay = 2.31> <Core = "AddSub">   --->   Core 14 'AddSub' <Latency = 0> <II = 1> <Delay = 2.55> <FuncUnit> <Opcode : 'add' 'sub'> <InPorts = 2> <OutPorts = 1>
ST_19 : Operation 2460 [1/1] (2.31ns)   --->   "%Y_V_30 = sub i24 %p_Val2_91, %p_Val2_128_cast_i_s" [ADSD/Exp.cpp:93->ADSD/Classifier.cpp:85->ADSD/Classifier.cpp:133]   --->   Operation 2460 'sub' 'Y_V_30' <Predicate = true> <Delay = 2.31> <Core = "AddSub">   --->   Core 14 'AddSub' <Latency = 0> <II = 1> <Delay = 2.55> <FuncUnit> <Opcode : 'add' 'sub'> <InPorts = 2> <OutPorts = 1>
ST_19 : Operation 2461 [1/1] (0.00ns)   --->   "%tmp_417_i = call i28 @_ssdm_op_BitConcatenate.i28.i26.i2(i26 %Z_V_17, i2 0)" [ADSD/Exp.cpp:93->ADSD/Classifier.cpp:85->ADSD/Classifier.cpp:133]   --->   Operation 2461 'bitconcatenate' 'tmp_417_i' <Predicate = true> <Delay = 0.00>
ST_19 : Operation 2462 [1/1] (2.43ns)   --->   "%p_Val2_93 = add i28 %tmp_417_i, 256" [ADSD/Exp.cpp:93->ADSD/Classifier.cpp:85->ADSD/Classifier.cpp:133]   --->   Operation 2462 'add' 'p_Val2_93' <Predicate = true> <Delay = 2.43> <Core = "AddSub">   --->   Core 14 'AddSub' <Latency = 0> <II = 1> <Delay = 2.55> <FuncUnit> <Opcode : 'add' 'sub'> <InPorts = 2> <OutPorts = 1>
ST_19 : Operation 2463 [1/1] (2.31ns)   --->   "%X_V_33 = add i24 %p_Val2_90, %p_Val2_108_cast" [ADSD/Exp.cpp:93->ADSD/Classifier.cpp:85->ADSD/Classifier.cpp:133]   --->   Operation 2463 'add' 'X_V_33' <Predicate = true> <Delay = 2.31> <Core = "AddSub">   --->   Core 14 'AddSub' <Latency = 0> <II = 1> <Delay = 2.55> <FuncUnit> <Opcode : 'add' 'sub'> <InPorts = 2> <OutPorts = 1>
ST_19 : Operation 2464 [1/1] (2.31ns)   --->   "%Y_V_31 = add i24 %p_Val2_91, %p_Val2_128_cast_i_s" [ADSD/Exp.cpp:93->ADSD/Classifier.cpp:85->ADSD/Classifier.cpp:133]   --->   Operation 2464 'add' 'Y_V_31' <Predicate = true> <Delay = 2.31> <Core = "AddSub">   --->   Core 14 'AddSub' <Latency = 0> <II = 1> <Delay = 2.55> <FuncUnit> <Opcode : 'add' 'sub'> <InPorts = 2> <OutPorts = 1>
ST_19 : Operation 2465 [1/1] (0.00ns)   --->   "%tmp_315 = trunc i26 %Z_V_17 to i25" [ADSD/Exp.cpp:92->ADSD/Classifier.cpp:85->ADSD/Classifier.cpp:133]   --->   Operation 2465 'trunc' 'tmp_315' <Predicate = true> <Delay = 0.00>
ST_19 : Operation 2466 [1/1] (0.00ns)   --->   "%tmp_419_i = call i27 @_ssdm_op_BitConcatenate.i27.i25.i2(i25 %tmp_315, i2 0)" [ADSD/Exp.cpp:93->ADSD/Classifier.cpp:85->ADSD/Classifier.cpp:133]   --->   Operation 2466 'bitconcatenate' 'tmp_419_i' <Predicate = true> <Delay = 0.00>
ST_19 : Operation 2467 [1/1] (0.00ns)   --->   "%tmp_419_cast_i = zext i27 %tmp_419_i to i28" [ADSD/Exp.cpp:93->ADSD/Classifier.cpp:85->ADSD/Classifier.cpp:133]   --->   Operation 2467 'zext' 'tmp_419_cast_i' <Predicate = true> <Delay = 0.00>
ST_19 : Operation 2468 [1/1] (2.40ns)   --->   "%p_Val2_94 = add i28 %tmp_419_cast_i, -256" [ADSD/Exp.cpp:93->ADSD/Classifier.cpp:85->ADSD/Classifier.cpp:133]   --->   Operation 2468 'add' 'p_Val2_94' <Predicate = true> <Delay = 2.40> <Core = "AddSub">   --->   Core 14 'AddSub' <Latency = 0> <II = 1> <Delay = 2.55> <FuncUnit> <Opcode : 'add' 'sub'> <InPorts = 2> <OutPorts = 1>
ST_19 : Operation 2469 [1/1] (0.69ns)   --->   "%p_Val2_96 = select i1 %z_neg_17, i24 %Y_V_30, i24 %Y_V_31" [ADSD/Exp.cpp:94->ADSD/Classifier.cpp:85->ADSD/Classifier.cpp:133]   --->   Operation 2469 'select' 'p_Val2_96' <Predicate = true> <Delay = 0.69> <Core = "Sel">   --->   Core 26 'Sel' <Latency = 0> <II = 1> <Delay = 0.69> <FuncUnit> <Opcode : 'select'> <InPorts = 3> <OutPorts = 1>
ST_19 : Operation 2470 [1/1] (0.69ns)   --->   "%p_Val2_95 = select i1 %z_neg_17, i24 %X_V_32, i24 %X_V_33" [ADSD/Exp.cpp:94->ADSD/Classifier.cpp:85->ADSD/Classifier.cpp:133]   --->   Operation 2470 'select' 'p_Val2_95' <Predicate = true> <Delay = 0.69> <Core = "Sel">   --->   Core 26 'Sel' <Latency = 0> <II = 1> <Delay = 0.69> <FuncUnit> <Opcode : 'select'> <InPorts = 3> <OutPorts = 1>
ST_19 : Operation 2471 [1/1] (0.00ns)   --->   "%tmp_89 = call i26 @_ssdm_op_PartSelect.i26.i28.i32.i32(i28 %p_Val2_93, i32 2, i32 27)" [ADSD/Exp.cpp:93->ADSD/Classifier.cpp:85->ADSD/Classifier.cpp:133]   --->   Operation 2471 'partselect' 'tmp_89' <Predicate = true> <Delay = 0.00>
ST_19 : Operation 2472 [1/1] (0.00ns)   --->   "%tmp_90 = call i26 @_ssdm_op_PartSelect.i26.i28.i32.i32(i28 %p_Val2_94, i32 2, i32 27)" [ADSD/Exp.cpp:93->ADSD/Classifier.cpp:85->ADSD/Classifier.cpp:133]   --->   Operation 2472 'partselect' 'tmp_90' <Predicate = true> <Delay = 0.00>
ST_19 : Operation 2473 [1/1] (0.76ns)   --->   "%Z_V_18 = select i1 %z_neg_17, i26 %tmp_89, i26 %tmp_90" [ADSD/Exp.cpp:93->ADSD/Classifier.cpp:85->ADSD/Classifier.cpp:133]   --->   Operation 2473 'select' 'Z_V_18' <Predicate = true> <Delay = 0.76> <Core = "Sel">   --->   Core 26 'Sel' <Latency = 0> <II = 1> <Delay = 0.69> <FuncUnit> <Opcode : 'select'> <InPorts = 3> <OutPorts = 1>
ST_19 : Operation 2474 [1/1] (0.00ns)   --->   "%z_neg_18 = call i1 @_ssdm_op_BitSelect.i1.i26.i32(i26 %Z_V_18, i32 25)" [ADSD/Exp.cpp:94->ADSD/Classifier.cpp:85->ADSD/Classifier.cpp:133]   --->   Operation 2474 'bitselect' 'z_neg_18' <Predicate = true> <Delay = 0.00>
ST_19 : Operation 2475 [1/1] (0.00ns)   --->   "%tmp_91 = call i7 @_ssdm_op_PartSelect.i7.i24.i32.i32(i24 %p_Val2_95, i32 17, i32 23)" [ADSD/Exp.cpp:94->ADSD/Classifier.cpp:85->ADSD/Classifier.cpp:133]   --->   Operation 2475 'partselect' 'tmp_91' <Predicate = true> <Delay = 0.00>
ST_19 : Operation 2476 [1/1] (0.00ns)   --->   "%p_Val2_135_cast_i_s = zext i7 %tmp_91 to i24" [ADSD/Exp.cpp:94->ADSD/Classifier.cpp:85->ADSD/Classifier.cpp:133]   --->   Operation 2476 'zext' 'p_Val2_135_cast_i_s' <Predicate = true> <Delay = 0.00>
ST_19 : Operation 2477 [1/1] (0.00ns)   --->   "%tmp_34 = call i7 @_ssdm_op_PartSelect.i7.i24.i32.i32(i24 %p_Val2_96, i32 17, i32 23)" [ADSD/Exp.cpp:94->ADSD/Classifier.cpp:85->ADSD/Classifier.cpp:133]   --->   Operation 2477 'partselect' 'tmp_34' <Predicate = true> <Delay = 0.00>
ST_19 : Operation 2478 [1/1] (0.00ns)   --->   "%p_Val2_114_cast = sext i7 %tmp_34 to i24" [ADSD/Exp.cpp:94->ADSD/Classifier.cpp:85->ADSD/Classifier.cpp:133]   --->   Operation 2478 'sext' 'p_Val2_114_cast' <Predicate = true> <Delay = 0.00>
ST_19 : Operation 2479 [1/1] (2.31ns)   --->   "%X_V_34 = sub i24 %p_Val2_95, %p_Val2_114_cast" [ADSD/Exp.cpp:94->ADSD/Classifier.cpp:85->ADSD/Classifier.cpp:133]   --->   Operation 2479 'sub' 'X_V_34' <Predicate = true> <Delay = 2.31> <Core = "AddSub">   --->   Core 14 'AddSub' <Latency = 0> <II = 1> <Delay = 2.55> <FuncUnit> <Opcode : 'add' 'sub'> <InPorts = 2> <OutPorts = 1>
ST_19 : Operation 2480 [1/1] (2.31ns)   --->   "%Y_V_32 = sub i24 %p_Val2_96, %p_Val2_135_cast_i_s" [ADSD/Exp.cpp:94->ADSD/Classifier.cpp:85->ADSD/Classifier.cpp:133]   --->   Operation 2480 'sub' 'Y_V_32' <Predicate = true> <Delay = 2.31> <Core = "AddSub">   --->   Core 14 'AddSub' <Latency = 0> <II = 1> <Delay = 2.55> <FuncUnit> <Opcode : 'add' 'sub'> <InPorts = 2> <OutPorts = 1>
ST_19 : Operation 2481 [1/1] (0.00ns)   --->   "%tmp_425_i = call i28 @_ssdm_op_BitConcatenate.i28.i26.i2(i26 %Z_V_18, i2 0)" [ADSD/Exp.cpp:94->ADSD/Classifier.cpp:85->ADSD/Classifier.cpp:133]   --->   Operation 2481 'bitconcatenate' 'tmp_425_i' <Predicate = true> <Delay = 0.00>
ST_19 : Operation 2482 [1/1] (2.43ns)   --->   "%p_Val2_98 = add i28 %tmp_425_i, 128" [ADSD/Exp.cpp:94->ADSD/Classifier.cpp:85->ADSD/Classifier.cpp:133]   --->   Operation 2482 'add' 'p_Val2_98' <Predicate = true> <Delay = 2.43> <Core = "AddSub">   --->   Core 14 'AddSub' <Latency = 0> <II = 1> <Delay = 2.55> <FuncUnit> <Opcode : 'add' 'sub'> <InPorts = 2> <OutPorts = 1>
ST_19 : Operation 2483 [1/1] (2.31ns)   --->   "%X_V_35 = add i24 %p_Val2_95, %p_Val2_114_cast" [ADSD/Exp.cpp:94->ADSD/Classifier.cpp:85->ADSD/Classifier.cpp:133]   --->   Operation 2483 'add' 'X_V_35' <Predicate = true> <Delay = 2.31> <Core = "AddSub">   --->   Core 14 'AddSub' <Latency = 0> <II = 1> <Delay = 2.55> <FuncUnit> <Opcode : 'add' 'sub'> <InPorts = 2> <OutPorts = 1>
ST_19 : Operation 2484 [1/1] (2.31ns)   --->   "%Y_V_33 = add i24 %p_Val2_96, %p_Val2_135_cast_i_s" [ADSD/Exp.cpp:94->ADSD/Classifier.cpp:85->ADSD/Classifier.cpp:133]   --->   Operation 2484 'add' 'Y_V_33' <Predicate = true> <Delay = 2.31> <Core = "AddSub">   --->   Core 14 'AddSub' <Latency = 0> <II = 1> <Delay = 2.55> <FuncUnit> <Opcode : 'add' 'sub'> <InPorts = 2> <OutPorts = 1>
ST_19 : Operation 2485 [1/1] (0.00ns)   --->   "%tmp_317 = trunc i26 %Z_V_18 to i25" [ADSD/Exp.cpp:93->ADSD/Classifier.cpp:85->ADSD/Classifier.cpp:133]   --->   Operation 2485 'trunc' 'tmp_317' <Predicate = true> <Delay = 0.00>
ST_19 : Operation 2486 [1/1] (0.00ns)   --->   "%tmp_427_i = call i27 @_ssdm_op_BitConcatenate.i27.i25.i2(i25 %tmp_317, i2 0)" [ADSD/Exp.cpp:94->ADSD/Classifier.cpp:85->ADSD/Classifier.cpp:133]   --->   Operation 2486 'bitconcatenate' 'tmp_427_i' <Predicate = true> <Delay = 0.00>
ST_19 : Operation 2487 [1/1] (0.00ns)   --->   "%tmp_427_cast_i = zext i27 %tmp_427_i to i28" [ADSD/Exp.cpp:94->ADSD/Classifier.cpp:85->ADSD/Classifier.cpp:133]   --->   Operation 2487 'zext' 'tmp_427_cast_i' <Predicate = true> <Delay = 0.00>
ST_19 : Operation 2488 [1/1] (2.40ns)   --->   "%p_Val2_99 = add i28 %tmp_427_cast_i, -128" [ADSD/Exp.cpp:94->ADSD/Classifier.cpp:85->ADSD/Classifier.cpp:133]   --->   Operation 2488 'add' 'p_Val2_99' <Predicate = true> <Delay = 2.40> <Core = "AddSub">   --->   Core 14 'AddSub' <Latency = 0> <II = 1> <Delay = 2.55> <FuncUnit> <Opcode : 'add' 'sub'> <InPorts = 2> <OutPorts = 1>
ST_19 : Operation 2489 [1/1] (0.69ns)   --->   "%p_Val2_101 = select i1 %z_neg_18, i24 %Y_V_32, i24 %Y_V_33" [ADSD/Exp.cpp:95->ADSD/Classifier.cpp:85->ADSD/Classifier.cpp:133]   --->   Operation 2489 'select' 'p_Val2_101' <Predicate = true> <Delay = 0.69> <Core = "Sel">   --->   Core 26 'Sel' <Latency = 0> <II = 1> <Delay = 0.69> <FuncUnit> <Opcode : 'select'> <InPorts = 3> <OutPorts = 1>
ST_19 : Operation 2490 [1/1] (0.69ns)   --->   "%p_Val2_100 = select i1 %z_neg_18, i24 %X_V_34, i24 %X_V_35" [ADSD/Exp.cpp:95->ADSD/Classifier.cpp:85->ADSD/Classifier.cpp:133]   --->   Operation 2490 'select' 'p_Val2_100' <Predicate = true> <Delay = 0.69> <Core = "Sel">   --->   Core 26 'Sel' <Latency = 0> <II = 1> <Delay = 0.69> <FuncUnit> <Opcode : 'select'> <InPorts = 3> <OutPorts = 1>

State 20 <SV = 16> <Delay = 8.86>
ST_20 : Operation 2491 [1/1] (0.00ns)   --->   "%tmp_318 = call i1 @_ssdm_op_BitSelect.i1.i28.i32(i28 %p_Val2_98, i32 27)" [ADSD/Exp.cpp:95->ADSD/Classifier.cpp:85->ADSD/Classifier.cpp:133]   --->   Operation 2491 'bitselect' 'tmp_318' <Predicate = (z_neg_18)> <Delay = 0.00>
ST_20 : Operation 2492 [1/1] (0.00ns)   --->   "%tmp_319 = call i1 @_ssdm_op_BitSelect.i1.i28.i32(i28 %p_Val2_99, i32 27)" [ADSD/Exp.cpp:95->ADSD/Classifier.cpp:85->ADSD/Classifier.cpp:133]   --->   Operation 2492 'bitselect' 'tmp_319' <Predicate = (!z_neg_18)> <Delay = 0.00>
ST_20 : Operation 2493 [1/1] (0.99ns)   --->   "%z_neg_19 = select i1 %z_neg_18, i1 %tmp_318, i1 %tmp_319" [ADSD/Exp.cpp:94->ADSD/Classifier.cpp:85->ADSD/Classifier.cpp:133]   --->   Operation 2493 'select' 'z_neg_19' <Predicate = true> <Delay = 0.99> <Core = "Sel">   --->   Core 26 'Sel' <Latency = 0> <II = 1> <Delay = 0.69> <FuncUnit> <Opcode : 'select'> <InPorts = 3> <OutPorts = 1>
ST_20 : Operation 2494 [1/1] (0.00ns)   --->   "%tmp_92 = call i6 @_ssdm_op_PartSelect.i6.i24.i32.i32(i24 %p_Val2_100, i32 18, i32 23)" [ADSD/Exp.cpp:95->ADSD/Classifier.cpp:85->ADSD/Classifier.cpp:133]   --->   Operation 2494 'partselect' 'tmp_92' <Predicate = true> <Delay = 0.00>
ST_20 : Operation 2495 [1/1] (0.00ns)   --->   "%p_Val2_142_cast_i_s = zext i6 %tmp_92 to i24" [ADSD/Exp.cpp:95->ADSD/Classifier.cpp:85->ADSD/Classifier.cpp:133]   --->   Operation 2495 'zext' 'p_Val2_142_cast_i_s' <Predicate = true> <Delay = 0.00>
ST_20 : Operation 2496 [1/1] (0.00ns)   --->   "%tmp_35 = call i6 @_ssdm_op_PartSelect.i6.i24.i32.i32(i24 %p_Val2_101, i32 18, i32 23)" [ADSD/Exp.cpp:95->ADSD/Classifier.cpp:85->ADSD/Classifier.cpp:133]   --->   Operation 2496 'partselect' 'tmp_35' <Predicate = true> <Delay = 0.00>
ST_20 : Operation 2497 [1/1] (0.00ns)   --->   "%p_Val2_120_cast = sext i6 %tmp_35 to i24" [ADSD/Exp.cpp:95->ADSD/Classifier.cpp:85->ADSD/Classifier.cpp:133]   --->   Operation 2497 'sext' 'p_Val2_120_cast' <Predicate = true> <Delay = 0.00>
ST_20 : Operation 2498 [1/1] (2.31ns)   --->   "%X_V_36 = sub i24 %p_Val2_100, %p_Val2_120_cast" [ADSD/Exp.cpp:95->ADSD/Classifier.cpp:85->ADSD/Classifier.cpp:133]   --->   Operation 2498 'sub' 'X_V_36' <Predicate = true> <Delay = 2.31> <Core = "AddSub">   --->   Core 14 'AddSub' <Latency = 0> <II = 1> <Delay = 2.55> <FuncUnit> <Opcode : 'add' 'sub'> <InPorts = 2> <OutPorts = 1>
ST_20 : Operation 2499 [1/1] (2.31ns)   --->   "%Y_V_34 = sub i24 %p_Val2_101, %p_Val2_142_cast_i_s" [ADSD/Exp.cpp:95->ADSD/Classifier.cpp:85->ADSD/Classifier.cpp:133]   --->   Operation 2499 'sub' 'Y_V_34' <Predicate = true> <Delay = 2.31> <Core = "AddSub">   --->   Core 14 'AddSub' <Latency = 0> <II = 1> <Delay = 2.55> <FuncUnit> <Opcode : 'add' 'sub'> <InPorts = 2> <OutPorts = 1>
ST_20 : Operation 2500 [1/1] (2.31ns)   --->   "%X_V_37 = add i24 %p_Val2_100, %p_Val2_120_cast" [ADSD/Exp.cpp:95->ADSD/Classifier.cpp:85->ADSD/Classifier.cpp:133]   --->   Operation 2500 'add' 'X_V_37' <Predicate = true> <Delay = 2.31> <Core = "AddSub">   --->   Core 14 'AddSub' <Latency = 0> <II = 1> <Delay = 2.55> <FuncUnit> <Opcode : 'add' 'sub'> <InPorts = 2> <OutPorts = 1>
ST_20 : Operation 2501 [1/1] (2.31ns)   --->   "%Y_V_35 = add i24 %p_Val2_101, %p_Val2_142_cast_i_s" [ADSD/Exp.cpp:95->ADSD/Classifier.cpp:85->ADSD/Classifier.cpp:133]   --->   Operation 2501 'add' 'Y_V_35' <Predicate = true> <Delay = 2.31> <Core = "AddSub">   --->   Core 14 'AddSub' <Latency = 0> <II = 1> <Delay = 2.55> <FuncUnit> <Opcode : 'add' 'sub'> <InPorts = 2> <OutPorts = 1>
ST_20 : Operation 2502 [1/1] (0.00ns) (grouped into LUT with out node p_Val2_199_i)   --->   "%p_Val2_103 = select i1 %z_neg_19, i24 %Y_V_34, i24 %Y_V_35" [ADSD/Exp.cpp:97->ADSD/Classifier.cpp:85->ADSD/Classifier.cpp:133]   --->   Operation 2502 'select' 'p_Val2_103' <Predicate = true> <Delay = 0.00> <Core = "Sel">   --->   Core 26 'Sel' <Latency = 0> <II = 1> <Delay = 0.69> <FuncUnit> <Opcode : 'select'> <InPorts = 3> <OutPorts = 1>
ST_20 : Operation 2503 [1/1] (0.00ns) (grouped into LUT with out node p_Val2_199_i)   --->   "%p_Val2_124_cast = sext i24 %p_Val2_103 to i25" [ADSD/Exp.cpp:97->ADSD/Classifier.cpp:85->ADSD/Classifier.cpp:133]   --->   Operation 2503 'sext' 'p_Val2_124_cast' <Predicate = true> <Delay = 0.00>
ST_20 : Operation 2504 [1/1] (0.00ns) (grouped into LUT with out node p_Val2_199_i)   --->   "%p_Val2_102 = select i1 %z_neg_19, i24 %X_V_36, i24 %X_V_37" [ADSD/Exp.cpp:97->ADSD/Classifier.cpp:85->ADSD/Classifier.cpp:133]   --->   Operation 2504 'select' 'p_Val2_102' <Predicate = true> <Delay = 0.00> <Core = "Sel">   --->   Core 26 'Sel' <Latency = 0> <II = 1> <Delay = 0.69> <FuncUnit> <Opcode : 'select'> <InPorts = 3> <OutPorts = 1>
ST_20 : Operation 2505 [1/1] (0.00ns) (grouped into LUT with out node p_Val2_199_i)   --->   "%p_Val2_123_cast = zext i24 %p_Val2_102 to i25" [ADSD/Exp.cpp:97->ADSD/Classifier.cpp:85->ADSD/Classifier.cpp:133]   --->   Operation 2505 'zext' 'p_Val2_123_cast' <Predicate = true> <Delay = 0.00>
ST_20 : Operation 2506 [1/1] (2.31ns) (out node of the LUT)   --->   "%p_Val2_199_i = add i25 %p_Val2_123_cast, %p_Val2_124_cast" [ADSD/Exp.cpp:97->ADSD/Classifier.cpp:85->ADSD/Classifier.cpp:133]   --->   Operation 2506 'add' 'p_Val2_199_i' <Predicate = true> <Delay = 2.31> <Core = "AddSub">   --->   Core 14 'AddSub' <Latency = 0> <II = 1> <Delay = 2.55> <FuncUnit> <Opcode : 'add' 'sub'> <InPorts = 2> <OutPorts = 1>
ST_20 : Operation 2507 [1/1] (0.00ns)   --->   "%sh_cast_i_cast = zext i4 %p_0624_10_i_i to i25" [ADSD/Exp.cpp:98->ADSD/Classifier.cpp:85->ADSD/Classifier.cpp:133]   --->   Operation 2507 'zext' 'sh_cast_i_cast' <Predicate = true> <Delay = 0.00>
ST_20 : Operation 2508 [1/1] (4.23ns)   --->   "%scaled_V = ashr i25 %p_Val2_199_i, %sh_cast_i_cast" [ADSD/Exp.cpp:98->ADSD/Classifier.cpp:85->ADSD/Classifier.cpp:133]   --->   Operation 2508 'ashr' 'scaled_V' <Predicate = true> <Delay = 4.23> <Core = "Shift">   --->   Core 28 'Shift' <Latency = 0> <II = 1> <Delay = 4.23> <FuncUnit> <Opcode : 'shl' 'lshr' 'ashr'> <InPorts = 2> <OutPorts = 1>
ST_20 : Operation 2509 [1/1] (0.00ns)   --->   "%rend235_i = call i32 (...)* @_ssdm_op_SpecRegionEnd([19 x i8]* @compute_exp_OC_regio, i32 %rbegin8_i) nounwind"   --->   Operation 2509 'specregionend' 'rend235_i' <Predicate = true> <Delay = 0.00>

State 21 <SV = 17> <Delay = 6.38>
ST_21 : Operation 2510 [1/1] (0.00ns)   --->   "%tmp_93 = call i20 @_ssdm_op_PartSelect.i20.i25.i32.i32(i25 %scaled_V, i32 3, i32 22)" [ADSD/Exp.cpp:98->ADSD/Classifier.cpp:85->ADSD/Classifier.cpp:133]   --->   Operation 2510 'partselect' 'tmp_93' <Predicate = true> <Delay = 0.00>
ST_21 : Operation 2511 [1/1] (0.00ns)   --->   "%tmp_437_i = call i22 @_ssdm_op_BitConcatenate.i22.i20.i2(i20 %tmp_93, i2 0)" [ADSD/Classifier.cpp:85->ADSD/Classifier.cpp:133]   --->   Operation 2511 'bitconcatenate' 'tmp_437_i' <Predicate = true> <Delay = 0.00>
ST_21 : Operation 2512 [1/1] (0.00ns)   --->   "%OP1_V = sext i8 %UnifiedRetVal_i to i30" [ADSD/Classifier.cpp:86->ADSD/Classifier.cpp:133]   --->   Operation 2512 'sext' 'OP1_V' <Predicate = true> <Delay = 0.00>
ST_21 : Operation 2513 [1/1] (0.00ns)   --->   "%OP2_V = sext i22 %tmp_437_i to i30" [ADSD/Classifier.cpp:86->ADSD/Classifier.cpp:133]   --->   Operation 2513 'sext' 'OP2_V' <Predicate = true> <Delay = 0.00>
ST_21 : Operation 2514 [1/1] (6.38ns)   --->   "%p_Val2_105 = mul i30 %OP2_V, %OP1_V" [ADSD/Classifier.cpp:86->ADSD/Classifier.cpp:133]   --->   Operation 2514 'mul' 'p_Val2_105' <Predicate = true> <Delay = 6.38> <Core = "DSP48">   --->   Core 61 'DSP48' <Latency = 0> <II = 1> <Delay = 6.38> <IPBlock> <Opcode : 'mul' 'add' 'sub' 'select'> <InPorts = 0> <OutPorts = 1> <Sync> <CReg>
ST_21 : Operation 2515 [1/1] (0.00ns)   --->   "%tmp_439_i = call i22 @_ssdm_op_PartSelect.i22.i30.i32.i32(i30 %p_Val2_105, i32 8, i32 29)" [ADSD/Classifier.cpp:86->ADSD/Classifier.cpp:133]   --->   Operation 2515 'partselect' 'tmp_439_i' <Predicate = true> <Delay = 0.00>
ST_21 : Operation 2516 [1/1] (0.00ns)   --->   "br label %compute_exp.exit5901.i" [ADSD/Classifier.cpp:86->ADSD/Classifier.cpp:133]   --->   Operation 2516 'br' <Predicate = (tmp_272 == 14)> <Delay = 0.00>
ST_21 : Operation 2517 [1/1] (0.00ns)   --->   "br label %compute_exp.exit5901.i" [ADSD/Classifier.cpp:86->ADSD/Classifier.cpp:133]   --->   Operation 2517 'br' <Predicate = (tmp_272 == 13)> <Delay = 0.00>
ST_21 : Operation 2518 [1/1] (0.00ns)   --->   "br label %compute_exp.exit5901.i" [ADSD/Classifier.cpp:86->ADSD/Classifier.cpp:133]   --->   Operation 2518 'br' <Predicate = (tmp_272 == 12)> <Delay = 0.00>
ST_21 : Operation 2519 [1/1] (0.00ns)   --->   "br label %compute_exp.exit5901.i" [ADSD/Classifier.cpp:86->ADSD/Classifier.cpp:133]   --->   Operation 2519 'br' <Predicate = (tmp_272 == 11)> <Delay = 0.00>
ST_21 : Operation 2520 [1/1] (0.00ns)   --->   "br label %compute_exp.exit5901.i" [ADSD/Classifier.cpp:86->ADSD/Classifier.cpp:133]   --->   Operation 2520 'br' <Predicate = (tmp_272 == 10)> <Delay = 0.00>
ST_21 : Operation 2521 [1/1] (0.00ns)   --->   "br label %compute_exp.exit5901.i" [ADSD/Classifier.cpp:86->ADSD/Classifier.cpp:133]   --->   Operation 2521 'br' <Predicate = (tmp_272 == 9)> <Delay = 0.00>
ST_21 : Operation 2522 [1/1] (0.00ns)   --->   "br label %compute_exp.exit5901.i" [ADSD/Classifier.cpp:86->ADSD/Classifier.cpp:133]   --->   Operation 2522 'br' <Predicate = (tmp_272 == 8)> <Delay = 0.00>
ST_21 : Operation 2523 [1/1] (0.00ns)   --->   "br label %compute_exp.exit5901.i" [ADSD/Classifier.cpp:86->ADSD/Classifier.cpp:133]   --->   Operation 2523 'br' <Predicate = (tmp_272 == 7)> <Delay = 0.00>
ST_21 : Operation 2524 [1/1] (0.00ns)   --->   "br label %compute_exp.exit5901.i" [ADSD/Classifier.cpp:86->ADSD/Classifier.cpp:133]   --->   Operation 2524 'br' <Predicate = (tmp_272 == 6)> <Delay = 0.00>
ST_21 : Operation 2525 [1/1] (0.00ns)   --->   "br label %compute_exp.exit5901.i" [ADSD/Classifier.cpp:86->ADSD/Classifier.cpp:133]   --->   Operation 2525 'br' <Predicate = (tmp_272 == 5)> <Delay = 0.00>
ST_21 : Operation 2526 [1/1] (0.00ns)   --->   "br label %compute_exp.exit5901.i" [ADSD/Classifier.cpp:86->ADSD/Classifier.cpp:133]   --->   Operation 2526 'br' <Predicate = (tmp_272 == 4)> <Delay = 0.00>
ST_21 : Operation 2527 [1/1] (0.00ns)   --->   "br label %compute_exp.exit5901.i" [ADSD/Classifier.cpp:86->ADSD/Classifier.cpp:133]   --->   Operation 2527 'br' <Predicate = (tmp_272 == 3)> <Delay = 0.00>
ST_21 : Operation 2528 [1/1] (0.00ns)   --->   "br label %compute_exp.exit5901.i" [ADSD/Classifier.cpp:86->ADSD/Classifier.cpp:133]   --->   Operation 2528 'br' <Predicate = (tmp_272 == 2)> <Delay = 0.00>
ST_21 : Operation 2529 [1/1] (0.00ns)   --->   "br label %compute_exp.exit5901.i" [ADSD/Classifier.cpp:86->ADSD/Classifier.cpp:133]   --->   Operation 2529 'br' <Predicate = (tmp_272 == 1)> <Delay = 0.00>
ST_21 : Operation 2530 [1/1] (0.00ns)   --->   "br label %compute_exp.exit5901.i" [ADSD/Classifier.cpp:86->ADSD/Classifier.cpp:133]   --->   Operation 2530 'br' <Predicate = (tmp_272 == 0)> <Delay = 0.00>
ST_21 : Operation 2531 [1/1] (0.00ns)   --->   "br label %compute_exp.exit5901.i" [ADSD/Classifier.cpp:86->ADSD/Classifier.cpp:133]   --->   Operation 2531 'br' <Predicate = (tmp_272 == 15)> <Delay = 0.00>

State 22 <SV = 18> <Delay = 6.38>
ST_22 : Operation 2532 [1/1] (0.00ns)   --->   "%partial_sum_15_V_1_s = load i32* %partial_sum_15_V_1"   --->   Operation 2532 'load' 'partial_sum_15_V_1_s' <Predicate = true> <Delay = 0.00>
ST_22 : Operation 2533 [1/1] (0.00ns)   --->   "%partial_sum_15_V_2_s = load i32* %partial_sum_15_V_2"   --->   Operation 2533 'load' 'partial_sum_15_V_2_s' <Predicate = true> <Delay = 0.00>
ST_22 : Operation 2534 [1/1] (0.00ns)   --->   "%partial_sum_15_V_3_s = load i32* %partial_sum_15_V_3"   --->   Operation 2534 'load' 'partial_sum_15_V_3_s' <Predicate = true> <Delay = 0.00>
ST_22 : Operation 2535 [1/1] (0.00ns)   --->   "%partial_sum_15_V_4_s = load i32* %partial_sum_15_V_4"   --->   Operation 2535 'load' 'partial_sum_15_V_4_s' <Predicate = true> <Delay = 0.00>
ST_22 : Operation 2536 [1/1] (0.00ns)   --->   "%partial_sum_15_V_5_s = load i32* %partial_sum_15_V_5"   --->   Operation 2536 'load' 'partial_sum_15_V_5_s' <Predicate = true> <Delay = 0.00>
ST_22 : Operation 2537 [1/1] (0.00ns)   --->   "%partial_sum_15_V_6_s = load i32* %partial_sum_15_V_6"   --->   Operation 2537 'load' 'partial_sum_15_V_6_s' <Predicate = true> <Delay = 0.00>
ST_22 : Operation 2538 [1/1] (0.00ns)   --->   "%partial_sum_15_V_7_s = load i32* %partial_sum_15_V_7"   --->   Operation 2538 'load' 'partial_sum_15_V_7_s' <Predicate = true> <Delay = 0.00>
ST_22 : Operation 2539 [1/1] (0.00ns)   --->   "%partial_sum_15_V_8_s = load i32* %partial_sum_15_V_8"   --->   Operation 2539 'load' 'partial_sum_15_V_8_s' <Predicate = true> <Delay = 0.00>
ST_22 : Operation 2540 [1/1] (0.00ns)   --->   "%partial_sum_15_V_9_s = load i32* %partial_sum_15_V_9"   --->   Operation 2540 'load' 'partial_sum_15_V_9_s' <Predicate = true> <Delay = 0.00>
ST_22 : Operation 2541 [1/1] (0.00ns)   --->   "%partial_sum_15_V_10_1 = load i32* %partial_sum_15_V_10"   --->   Operation 2541 'load' 'partial_sum_15_V_10_1' <Predicate = true> <Delay = 0.00>
ST_22 : Operation 2542 [1/1] (0.00ns)   --->   "%partial_sum_15_V_11_1 = load i32* %partial_sum_15_V_11"   --->   Operation 2542 'load' 'partial_sum_15_V_11_1' <Predicate = true> <Delay = 0.00>
ST_22 : Operation 2543 [1/1] (0.00ns)   --->   "%partial_sum_15_V_12_1 = load i32* %partial_sum_15_V_12"   --->   Operation 2543 'load' 'partial_sum_15_V_12_1' <Predicate = true> <Delay = 0.00>
ST_22 : Operation 2544 [1/1] (0.00ns)   --->   "%partial_sum_15_V_13_1 = load i32* %partial_sum_15_V_13"   --->   Operation 2544 'load' 'partial_sum_15_V_13_1' <Predicate = true> <Delay = 0.00>
ST_22 : Operation 2545 [1/1] (0.00ns)   --->   "%partial_sum_15_V_14_1 = load i32* %partial_sum_15_V_14"   --->   Operation 2545 'load' 'partial_sum_15_V_14_1' <Predicate = true> <Delay = 0.00>
ST_22 : Operation 2546 [1/1] (0.00ns)   --->   "%partial_sum_15_V_15_1 = load i32* %partial_sum_15_V_15"   --->   Operation 2546 'load' 'partial_sum_15_V_15_1' <Predicate = true> <Delay = 0.00>
ST_22 : Operation 2547 [1/1] (0.00ns)   --->   "%partial_sum_15_V_lo = load i32* %partial_sum_15_V"   --->   Operation 2547 'load' 'partial_sum_15_V_lo' <Predicate = true> <Delay = 0.00>
ST_22 : Operation 2548 [1/1] (0.00ns)   --->   "%p_Val2_107 = sext i22 %tmp_439_i to i32" [ADSD/Classifier.cpp:86->ADSD/Classifier.cpp:133]   --->   Operation 2548 'sext' 'p_Val2_107' <Predicate = true> <Delay = 0.00>
ST_22 : Operation 2549 [1/1] (2.06ns)   --->   "%p_Val2_106 = call i32 @_ssdm_op_Mux.ap_auto.16i32.i4(i32 %partial_sum_15_V_1_s, i32 %partial_sum_15_V_2_s, i32 %partial_sum_15_V_3_s, i32 %partial_sum_15_V_4_s, i32 %partial_sum_15_V_5_s, i32 %partial_sum_15_V_6_s, i32 %partial_sum_15_V_7_s, i32 %partial_sum_15_V_8_s, i32 %partial_sum_15_V_9_s, i32 %partial_sum_15_V_10_1, i32 %partial_sum_15_V_11_1, i32 %partial_sum_15_V_12_1, i32 %partial_sum_15_V_13_1, i32 %partial_sum_15_V_14_1, i32 %partial_sum_15_V_15_1, i32 %partial_sum_15_V_lo, i4 %tmp_272)" [ADSD/Classifier.cpp:75->ADSD/Classifier.cpp:133]   --->   Operation 2549 'mux' 'p_Val2_106' <Predicate = true> <Delay = 2.06> <Core = "MuxnS">   --->   Core 31 'MuxnS' <Latency = 0> <II = 1> <Delay = 2.06> <FuncUnit> <Opcode : 'mux'> <InPorts = 2> <OutPorts = 1>
ST_22 : Operation 2550 [1/1] (2.55ns)   --->   "%partial_sum_0_V = add i32 %p_Val2_106, %p_Val2_107" [ADSD/Classifier.cpp:86->ADSD/Classifier.cpp:133]   --->   Operation 2550 'add' 'partial_sum_0_V' <Predicate = true> <Delay = 2.55> <Core = "AddSub">   --->   Core 14 'AddSub' <Latency = 0> <II = 1> <Delay = 2.55> <FuncUnit> <Opcode : 'add' 'sub'> <InPorts = 2> <OutPorts = 1>
ST_22 : Operation 2551 [1/1] (1.76ns)   --->   "store i32 %partial_sum_0_V, i32* %partial_sum_15_V_15" [ADSD/Classifier.cpp:86->ADSD/Classifier.cpp:133]   --->   Operation 2551 'store' <Predicate = (tmp_272 == 14)> <Delay = 1.76>
ST_22 : Operation 2552 [1/1] (1.76ns)   --->   "store i32 %partial_sum_0_V, i32* %partial_sum_15_V_14" [ADSD/Classifier.cpp:86->ADSD/Classifier.cpp:133]   --->   Operation 2552 'store' <Predicate = (tmp_272 == 13)> <Delay = 1.76>
ST_22 : Operation 2553 [1/1] (1.76ns)   --->   "store i32 %partial_sum_0_V, i32* %partial_sum_15_V_13" [ADSD/Classifier.cpp:86->ADSD/Classifier.cpp:133]   --->   Operation 2553 'store' <Predicate = (tmp_272 == 12)> <Delay = 1.76>
ST_22 : Operation 2554 [1/1] (1.76ns)   --->   "store i32 %partial_sum_0_V, i32* %partial_sum_15_V_12" [ADSD/Classifier.cpp:86->ADSD/Classifier.cpp:133]   --->   Operation 2554 'store' <Predicate = (tmp_272 == 11)> <Delay = 1.76>
ST_22 : Operation 2555 [1/1] (1.76ns)   --->   "store i32 %partial_sum_0_V, i32* %partial_sum_15_V_11" [ADSD/Classifier.cpp:86->ADSD/Classifier.cpp:133]   --->   Operation 2555 'store' <Predicate = (tmp_272 == 10)> <Delay = 1.76>
ST_22 : Operation 2556 [1/1] (1.76ns)   --->   "store i32 %partial_sum_0_V, i32* %partial_sum_15_V_10" [ADSD/Classifier.cpp:86->ADSD/Classifier.cpp:133]   --->   Operation 2556 'store' <Predicate = (tmp_272 == 9)> <Delay = 1.76>
ST_22 : Operation 2557 [1/1] (1.76ns)   --->   "store i32 %partial_sum_0_V, i32* %partial_sum_15_V_9" [ADSD/Classifier.cpp:86->ADSD/Classifier.cpp:133]   --->   Operation 2557 'store' <Predicate = (tmp_272 == 8)> <Delay = 1.76>
ST_22 : Operation 2558 [1/1] (1.76ns)   --->   "store i32 %partial_sum_0_V, i32* %partial_sum_15_V_8" [ADSD/Classifier.cpp:86->ADSD/Classifier.cpp:133]   --->   Operation 2558 'store' <Predicate = (tmp_272 == 7)> <Delay = 1.76>
ST_22 : Operation 2559 [1/1] (1.76ns)   --->   "store i32 %partial_sum_0_V, i32* %partial_sum_15_V_7" [ADSD/Classifier.cpp:86->ADSD/Classifier.cpp:133]   --->   Operation 2559 'store' <Predicate = (tmp_272 == 6)> <Delay = 1.76>
ST_22 : Operation 2560 [1/1] (1.76ns)   --->   "store i32 %partial_sum_0_V, i32* %partial_sum_15_V_6" [ADSD/Classifier.cpp:86->ADSD/Classifier.cpp:133]   --->   Operation 2560 'store' <Predicate = (tmp_272 == 5)> <Delay = 1.76>
ST_22 : Operation 2561 [1/1] (1.76ns)   --->   "store i32 %partial_sum_0_V, i32* %partial_sum_15_V_5" [ADSD/Classifier.cpp:86->ADSD/Classifier.cpp:133]   --->   Operation 2561 'store' <Predicate = (tmp_272 == 4)> <Delay = 1.76>
ST_22 : Operation 2562 [1/1] (1.76ns)   --->   "store i32 %partial_sum_0_V, i32* %partial_sum_15_V_4" [ADSD/Classifier.cpp:86->ADSD/Classifier.cpp:133]   --->   Operation 2562 'store' <Predicate = (tmp_272 == 3)> <Delay = 1.76>
ST_22 : Operation 2563 [1/1] (1.76ns)   --->   "store i32 %partial_sum_0_V, i32* %partial_sum_15_V_3" [ADSD/Classifier.cpp:86->ADSD/Classifier.cpp:133]   --->   Operation 2563 'store' <Predicate = (tmp_272 == 2)> <Delay = 1.76>
ST_22 : Operation 2564 [1/1] (1.76ns)   --->   "store i32 %partial_sum_0_V, i32* %partial_sum_15_V_2" [ADSD/Classifier.cpp:86->ADSD/Classifier.cpp:133]   --->   Operation 2564 'store' <Predicate = (tmp_272 == 1)> <Delay = 1.76>
ST_22 : Operation 2565 [1/1] (1.76ns)   --->   "store i32 %partial_sum_0_V, i32* %partial_sum_15_V_1" [ADSD/Classifier.cpp:86->ADSD/Classifier.cpp:133]   --->   Operation 2565 'store' <Predicate = (tmp_272 == 0)> <Delay = 1.76>
ST_22 : Operation 2566 [1/1] (1.76ns)   --->   "store i32 %partial_sum_0_V, i32* %partial_sum_15_V" [ADSD/Classifier.cpp:86->ADSD/Classifier.cpp:133]   --->   Operation 2566 'store' <Predicate = (tmp_272 == 15)> <Delay = 1.76>
ST_22 : Operation 2567 [1/1] (0.00ns)   --->   "%empty_89 = call i32 (...)* @_ssdm_op_SpecRegionEnd([17 x i8]* @p_str1344, i32 %tmp_324_i)" [ADSD/Classifier.cpp:87->ADSD/Classifier.cpp:133]   --->   Operation 2567 'specregionend' 'empty_89' <Predicate = (!exitcond5_i)> <Delay = 0.00>
ST_22 : Operation 2568 [1/1] (0.00ns)   --->   "br label %.preheader193.i" [ADSD/Classifier.cpp:75->ADSD/Classifier.cpp:133]   --->   Operation 2568 'br' <Predicate = (!exitcond5_i)> <Delay = 0.00>

State 23 <SV = 5> <Delay = 1.91>
ST_23 : Operation 2569 [1/1] (0.00ns)   --->   "%empty_90 = call i32 (...)* @_ssdm_op_SpecRegionEnd([16 x i8]* @p_str940, i32 %tmp_i_35)" [ADSD/Classifier.cpp:88->ADSD/Classifier.cpp:133]   --->   Operation 2569 'specregionend' 'empty_90' <Predicate = true> <Delay = 0.00>
ST_23 : Operation 2570 [1/1] (1.91ns)   --->   "%i = add i8 %i_i, 16" [ADSD/Classifier.cpp:53->ADSD/Classifier.cpp:133]   --->   Operation 2570 'add' 'i' <Predicate = true> <Delay = 1.91> <Core = "AddSub">   --->   Core 14 'AddSub' <Latency = 0> <II = 1> <Delay = 2.55> <FuncUnit> <Opcode : 'add' 'sub'> <InPorts = 2> <OutPorts = 1>
ST_23 : Operation 2571 [1/1] (0.00ns)   --->   "br label %.preheader195.i" [ADSD/Classifier.cpp:53->ADSD/Classifier.cpp:133]   --->   Operation 2571 'br' <Predicate = true> <Delay = 0.00>

State 24 <SV = 2> <Delay = 8.74>
ST_24 : Operation 2572 [1/1] (0.00ns)   --->   "%partial_sum_15_V_1_1 = load i32* %partial_sum_15_V_1" [ADSD/Classifier.cpp:94->ADSD/Classifier.cpp:133]   --->   Operation 2572 'load' 'partial_sum_15_V_1_1' <Predicate = true> <Delay = 0.00>
ST_24 : Operation 2573 [1/1] (0.00ns)   --->   "%partial_sum_15_V_2_1 = load i32* %partial_sum_15_V_2" [ADSD/Classifier.cpp:94->ADSD/Classifier.cpp:133]   --->   Operation 2573 'load' 'partial_sum_15_V_2_1' <Predicate = true> <Delay = 0.00>
ST_24 : Operation 2574 [1/1] (0.00ns)   --->   "%partial_sum_15_V_5_1 = load i32* %partial_sum_15_V_5" [ADSD/Classifier.cpp:94->ADSD/Classifier.cpp:133]   --->   Operation 2574 'load' 'partial_sum_15_V_5_1' <Predicate = true> <Delay = 0.00>
ST_24 : Operation 2575 [1/1] (0.00ns)   --->   "%partial_sum_15_V_6_1 = load i32* %partial_sum_15_V_6" [ADSD/Classifier.cpp:94->ADSD/Classifier.cpp:133]   --->   Operation 2575 'load' 'partial_sum_15_V_6_1' <Predicate = true> <Delay = 0.00>
ST_24 : Operation 2576 [1/1] (0.00ns) (grouped into TernaryAdder)   --->   "%tmp227 = add i32 %partial_sum_15_V_1_1, %partial_sum_15_V_2_1" [ADSD/Classifier.cpp:94->ADSD/Classifier.cpp:133]   --->   Operation 2576 'add' 'tmp227' <Predicate = true> <Delay = 0.00> <Core = "TAddSub">   --->   Core 80 'TAddSub' <Latency = 0> <II = 1> <Delay = 2.18> <IPBlock> <Opcode : 'add' 'sub'> <InPorts = 3> <OutPorts = 1> <Sync> <CReg>
ST_24 : Operation 2577 [1/1] (4.37ns) (root node of TernaryAdder)   --->   "%tmp226 = add i32 %tmp228, %tmp227" [ADSD/Classifier.cpp:94->ADSD/Classifier.cpp:133]   --->   Operation 2577 'add' 'tmp226' <Predicate = true> <Delay = 4.37> <Core = "TAddSub">   --->   Core 80 'TAddSub' <Latency = 0> <II = 1> <Delay = 2.18> <IPBlock> <Opcode : 'add' 'sub'> <InPorts = 3> <OutPorts = 1> <Sync> <CReg>
ST_24 : Operation 2578 [1/1] (0.00ns) (grouped into TernaryAdder)   --->   "%tmp230 = add i32 %partial_sum_15_V_5_1, %partial_sum_15_V_6_1" [ADSD/Classifier.cpp:94->ADSD/Classifier.cpp:133]   --->   Operation 2578 'add' 'tmp230' <Predicate = true> <Delay = 0.00> <Core = "TAddSub">   --->   Core 80 'TAddSub' <Latency = 0> <II = 1> <Delay = 2.18> <IPBlock> <Opcode : 'add' 'sub'> <InPorts = 3> <OutPorts = 1> <Sync> <CReg>
ST_24 : Operation 2579 [1/1] (4.37ns) (root node of TernaryAdder)   --->   "%tmp229 = add i32 %tmp231, %tmp230" [ADSD/Classifier.cpp:94->ADSD/Classifier.cpp:133]   --->   Operation 2579 'add' 'tmp229' <Predicate = true> <Delay = 4.37> <Core = "TAddSub">   --->   Core 80 'TAddSub' <Latency = 0> <II = 1> <Delay = 2.18> <IPBlock> <Opcode : 'add' 'sub'> <InPorts = 3> <OutPorts = 1> <Sync> <CReg>
ST_24 : Operation 2580 [1/1] (0.00ns) (grouped into TernaryAdder)   --->   "%tmp225 = add i32 %tmp229, %tmp226" [ADSD/Classifier.cpp:94->ADSD/Classifier.cpp:133]   --->   Operation 2580 'add' 'tmp225' <Predicate = true> <Delay = 0.00> <Core = "TAddSub">   --->   Core 80 'TAddSub' <Latency = 0> <II = 1> <Delay = 2.18> <IPBlock> <Opcode : 'add' 'sub'> <InPorts = 3> <OutPorts = 1> <Sync> <CReg>
ST_24 : Operation 2581 [1/1] (0.00ns) (grouped into TernaryAdder)   --->   "%tmp233 = add i32 %tmp235, %tmp234" [ADSD/Classifier.cpp:94->ADSD/Classifier.cpp:133]   --->   Operation 2581 'add' 'tmp233' <Predicate = true> <Delay = 0.00> <Core = "TAddSub">   --->   Core 80 'TAddSub' <Latency = 0> <II = 1> <Delay = 2.18> <IPBlock> <Opcode : 'add' 'sub'> <InPorts = 3> <OutPorts = 1> <Sync> <CReg>
ST_24 : Operation 2582 [1/1] (4.37ns) (root node of TernaryAdder)   --->   "%tmp232 = add i32 %tmp236, %tmp233" [ADSD/Classifier.cpp:94->ADSD/Classifier.cpp:133]   --->   Operation 2582 'add' 'tmp232' <Predicate = true> <Delay = 4.37> <Core = "TAddSub">   --->   Core 80 'TAddSub' <Latency = 0> <II = 1> <Delay = 2.18> <IPBlock> <Opcode : 'add' 'sub'> <InPorts = 3> <OutPorts = 1> <Sync> <CReg>
ST_24 : Operation 2583 [1/1] (4.37ns) (root node of TernaryAdder)   --->   "%result_V_write_assig = add i32 %tmp232, %tmp225" [ADSD/Classifier.cpp:94->ADSD/Classifier.cpp:133]   --->   Operation 2583 'add' 'result_V_write_assig' <Predicate = true> <Delay = 4.37> <Core = "TAddSub">   --->   Core 80 'TAddSub' <Latency = 0> <II = 1> <Delay = 2.18> <IPBlock> <Opcode : 'add' 'sub'> <InPorts = 3> <OutPorts = 1> <Sync> <CReg>
ST_24 : Operation 2584 [1/1] (0.00ns)   --->   "ret i32 %result_V_write_assig" [ADSD/Classifier.cpp:94->ADSD/Classifier.cpp:133]   --->   Operation 2584 'ret' <Predicate = true> <Delay = 0.00>


============================================================
+ Verbose Summary: Timing violations
============================================================
Target clock period: 10ns, clock uncertainty: 1.25ns.

 <State 1>: 1.77ns
The critical path consists of the following:
	'alloca' operation ('partial_sum[15].V') [66]  (0 ns)
	'store' operation of constant 0 on local variable 'partial_sum[15].V' [100]  (1.77 ns)

 <State 2>: 8.74ns
The critical path consists of the following:
	'load' operation ('partial_sum_15_V_15_2', ADSD/Classifier.cpp:94->ADSD/Classifier.cpp:133) on local variable 'partial_sum[15].V' [2615]  (0 ns)
	'add' operation ('tmp238', ADSD/Classifier.cpp:94->ADSD/Classifier.cpp:133) [2629]  (4.37 ns)
	'add' operation ('tmp236', ADSD/Classifier.cpp:94->ADSD/Classifier.cpp:133) [2630]  (4.37 ns)

 <State 3>: 4.98ns
The critical path consists of the following:
	'phi' operation ('j_i', ADSD/Classifier.cpp:62->ADSD/Classifier.cpp:133) with incoming values : ('j_1_i', ADSD/Classifier.cpp:62->ADSD/Classifier.cpp:133) [131]  (0 ns)
	'add' operation ('tmp_37', ADSD/Classifier.cpp:53->ADSD/Classifier.cpp:133) [142]  (1.73 ns)
	'getelementptr' operation ('svs_V_7_addr', ADSD/Classifier.cpp:53->ADSD/Classifier.cpp:133) [157]  (0 ns)
	'load' operation ('svs_V_7_load', ADSD/Classifier.cpp:68->ADSD/Classifier.cpp:133) on array 'svs_V_7' [205]  (3.25 ns)

 <State 4>: 7.42ns
The critical path consists of the following:
	'load' operation ('svs_V_0_load', ADSD/Classifier.cpp:68->ADSD/Classifier.cpp:133) on array 'svs_V_0' [161]  (3.25 ns)
	'mul' operation ('r_V_3_i', ADSD/Classifier.cpp:70->ADSD/Classifier.cpp:133) [431]  (4.17 ns)

 <State 5>: 6.66ns
The critical path consists of the following:
	'mul' operation ('r_V_4_i', ADSD/Classifier.cpp:70->ADSD/Classifier.cpp:133) [514]  (4.17 ns)
	'add' operation ('tmp6', ADSD/Classifier.cpp:71->ADSD/Classifier.cpp:133) [1435]  (2.49 ns)

 <State 6>: 8.74ns
The critical path consists of the following:
	'add' operation ('tmp5', ADSD/Classifier.cpp:71->ADSD/Classifier.cpp:133) [1439]  (0 ns)
	'add' operation ('tmp', ADSD/Classifier.cpp:71->ADSD/Classifier.cpp:133) [1440]  (4.37 ns)
	'add' operation ('tmp_s', ADSD/Classifier.cpp:71->ADSD/Classifier.cpp:133) [1452]  (0 ns)
	'add' operation ('dot_products[0].V', ADSD/Classifier.cpp:71->ADSD/Classifier.cpp:133) [1453]  (4.37 ns)

 <State 7>: 1.77ns
The critical path consists of the following:
	multiplexor before 'phi' operation ('k') with incoming values : ('k', ADSD/Classifier.cpp:75->ADSD/Classifier.cpp:133) [1894]  (1.77 ns)

 <State 8>: 5.17ns
The critical path consists of the following:
	'phi' operation ('k') with incoming values : ('k', ADSD/Classifier.cpp:75->ADSD/Classifier.cpp:133) [1894]  (0 ns)
	'add' operation ('tmp_1_i', ADSD/Classifier.cpp:78->ADSD/Classifier.cpp:133) [1905]  (1.92 ns)
	'getelementptr' operation ('alphas_V_143_addr', ADSD/Classifier.cpp:78->ADSD/Classifier.cpp:133) [2505]  (0 ns)
	'load' operation ('alphas_V_143_load', ADSD/Classifier.cpp:78->ADSD/Classifier.cpp:133) on array 'alphas_V_143' [2506]  (3.25 ns)

 <State 9>: 3.25ns
The critical path consists of the following:
	'load' operation ('sv_norms_V_14_load', ADSD/Classifier.cpp:78->ADSD/Classifier.cpp:133) on array 'sv_norms_V_14' [1926]  (3.25 ns)

 <State 10>: 6.44ns
The critical path consists of the following:
	'mux' operation ('tmp_17', ADSD/Classifier.cpp:71->ADSD/Classifier.cpp:133) [1989]  (2.06 ns)
	'shl' operation ('__Val2__', ADSD/Classifier.cpp:80->ADSD/Classifier.cpp:133) [1991]  (0 ns)
	'sub' operation ('dist_sq.V', ADSD/Classifier.cpp:80->ADSD/Classifier.cpp:133) [1992]  (4.37 ns)

 <State 11>: 5.1ns
The critical path consists of the following:
	'select' operation ('p_Val2_i_87', ADSD/Classifier.cpp:83->ADSD/Classifier.cpp:133) [1995]  (0.733 ns)
	'sub' operation ('__Val2__', ADSD/Classifier.cpp:85->ADSD/Classifier.cpp:133) [2000]  (4.37 ns)

 <State 12>: 6.8ns
The critical path consists of the following:
	'sub' operation ('p_Val2_11_i', ADSD/Exp.cpp:44->ADSD/Classifier.cpp:85->ADSD/Classifier.cpp:133) [2006]  (2.34 ns)
	'icmp' operation ('tmp_33_i', ADSD/Exp.cpp:60->ADSD/Classifier.cpp:85->ADSD/Classifier.cpp:133) [2034]  (2.46 ns)
	multiplexor before 'phi' operation ('m.V') with incoming values : ('m.V', ADSD/Exp.cpp:50->ADSD/Classifier.cpp:85->ADSD/Classifier.cpp:133) ('p_0624_0_i_cast_i_cas', ADSD/Exp.cpp:51->ADSD/Classifier.cpp:85->ADSD/Classifier.cpp:133) ('p_0624_2_i_cast_i_cas', ADSD/Exp.cpp:55->ADSD/Classifier.cpp:85->ADSD/Classifier.cpp:133) ('p_0624_5_i_i', ADSD/Exp.cpp:61->ADSD/Classifier.cpp:85->ADSD/Classifier.cpp:133) ('p_0624_7_i_i', ADSD/Exp.cpp:65->ADSD/Classifier.cpp:85->ADSD/Classifier.cpp:133) [2048]  (2 ns)

 <State 13>: 8.77ns
The critical path consists of the following:
	'phi' operation ('m.V') with incoming values : ('m.V', ADSD/Exp.cpp:50->ADSD/Classifier.cpp:85->ADSD/Classifier.cpp:133) ('p_0624_0_i_cast_i_cas', ADSD/Exp.cpp:51->ADSD/Classifier.cpp:85->ADSD/Classifier.cpp:133) ('p_0624_2_i_cast_i_cas', ADSD/Exp.cpp:55->ADSD/Classifier.cpp:85->ADSD/Classifier.cpp:133) ('p_0624_5_i_i', ADSD/Exp.cpp:61->ADSD/Classifier.cpp:85->ADSD/Classifier.cpp:133) ('p_0624_7_i_i', ADSD/Exp.cpp:65->ADSD/Classifier.cpp:85->ADSD/Classifier.cpp:133) [2048]  (0 ns)
	'mux' operation ('__Val2__', ADSD/Exp.cpp:50->ADSD/Classifier.cpp:85->ADSD/Classifier.cpp:133) [2050]  (0 ns)
	'shl' operation ('__Val2__', ADSD/Exp.cpp:73->ADSD/Classifier.cpp:85->ADSD/Classifier.cpp:133) [2051]  (0 ns)
	'add' operation ('Z.V', ADSD/Exp.cpp:73->ADSD/Classifier.cpp:85->ADSD/Classifier.cpp:133) [2052]  (2.37 ns)
	'add' operation ('__Val2__', ADSD/Exp.cpp:76->ADSD/Classifier.cpp:85->ADSD/Classifier.cpp:133) [2055]  (2.43 ns)
	'select' operation ('Z.V', ADSD/Exp.cpp:76->ADSD/Classifier.cpp:85->ADSD/Classifier.cpp:133) [2063]  (0.766 ns)
	'add' operation ('__Val2__', ADSD/Exp.cpp:77->ADSD/Classifier.cpp:85->ADSD/Classifier.cpp:133) [2067]  (2.43 ns)
	'select' operation ('Z.V', ADSD/Exp.cpp:77->ADSD/Classifier.cpp:85->ADSD/Classifier.cpp:133) [2079]  (0.766 ns)

 <State 14>: 9ns
The critical path consists of the following:
	'sub' operation ('X.V', ADSD/Exp.cpp:78->ADSD/Classifier.cpp:85->ADSD/Classifier.cpp:133) [2085]  (2.28 ns)
	'select' operation ('__Val2__', ADSD/Exp.cpp:79->ADSD/Classifier.cpp:85->ADSD/Classifier.cpp:133) [2096]  (0.698 ns)
	'add' operation ('Y.V', ADSD/Exp.cpp:79->ADSD/Classifier.cpp:85->ADSD/Classifier.cpp:133) [2110]  (2.31 ns)
	'select' operation ('__Val2__', ADSD/Exp.cpp:80->ADSD/Classifier.cpp:85->ADSD/Classifier.cpp:133) [2115]  (0.694 ns)
	'add' operation ('Y.V', ADSD/Exp.cpp:80->ADSD/Classifier.cpp:85->ADSD/Classifier.cpp:133) [2130]  (2.31 ns)
	'select' operation ('__Val2__', ADSD/Exp.cpp:81->ADSD/Classifier.cpp:85->ADSD/Classifier.cpp:133) [2135]  (0.694 ns)

 <State 15>: 9.6ns
The critical path consists of the following:
	'select' operation ('Z.V', ADSD/Exp.cpp:80->ADSD/Classifier.cpp:85->ADSD/Classifier.cpp:133) [2140]  (0.766 ns)
	'add' operation ('__Val2__', ADSD/Exp.cpp:81->ADSD/Classifier.cpp:85->ADSD/Classifier.cpp:133) [2149]  (2.43 ns)
	'select' operation ('Z.V', ADSD/Exp.cpp:81->ADSD/Classifier.cpp:85->ADSD/Classifier.cpp:133) [2160]  (0.766 ns)
	'add' operation ('__Val2__', ADSD/Exp.cpp:82->ADSD/Classifier.cpp:85->ADSD/Classifier.cpp:133) [2169]  (2.43 ns)
	'select' operation ('Z.V', ADSD/Exp.cpp:82->ADSD/Classifier.cpp:85->ADSD/Classifier.cpp:133) [2180]  (0.766 ns)
	'add' operation ('__Val2__', ADSD/Exp.cpp:83->ADSD/Classifier.cpp:85->ADSD/Classifier.cpp:133) [2189]  (2.43 ns)

 <State 16>: 9.6ns
The critical path consists of the following:
	'select' operation ('Z.V', ADSD/Exp.cpp:83->ADSD/Classifier.cpp:85->ADSD/Classifier.cpp:133) [2200]  (0.766 ns)
	'add' operation ('__Val2__', ADSD/Exp.cpp:84->ADSD/Classifier.cpp:85->ADSD/Classifier.cpp:133) [2209]  (2.43 ns)
	'select' operation ('Z.V', ADSD/Exp.cpp:84->ADSD/Classifier.cpp:85->ADSD/Classifier.cpp:133) [2220]  (0.766 ns)
	'add' operation ('__Val2__', ADSD/Exp.cpp:85->ADSD/Classifier.cpp:85->ADSD/Classifier.cpp:133) [2229]  (2.43 ns)
	'select' operation ('Z.V', ADSD/Exp.cpp:85->ADSD/Classifier.cpp:85->ADSD/Classifier.cpp:133) [2240]  (0.766 ns)
	'add' operation ('__Val2__', ADSD/Exp.cpp:86->ADSD/Classifier.cpp:85->ADSD/Classifier.cpp:133) [2249]  (2.43 ns)

 <State 17>: 9.6ns
The critical path consists of the following:
	'select' operation ('Z.V', ADSD/Exp.cpp:86->ADSD/Classifier.cpp:85->ADSD/Classifier.cpp:133) [2260]  (0.766 ns)
	'add' operation ('__Val2__', ADSD/Exp.cpp:87->ADSD/Classifier.cpp:85->ADSD/Classifier.cpp:133) [2269]  (2.43 ns)
	'select' operation ('Z.V', ADSD/Exp.cpp:87->ADSD/Classifier.cpp:85->ADSD/Classifier.cpp:133) [2280]  (0.766 ns)
	'add' operation ('__Val2__', ADSD/Exp.cpp:88->ADSD/Classifier.cpp:85->ADSD/Classifier.cpp:133) [2289]  (2.43 ns)
	'select' operation ('Z.V', ADSD/Exp.cpp:88->ADSD/Classifier.cpp:85->ADSD/Classifier.cpp:133) [2300]  (0.766 ns)
	'add' operation ('__Val2__', ADSD/Exp.cpp:89->ADSD/Classifier.cpp:85->ADSD/Classifier.cpp:133) [2309]  (2.43 ns)

 <State 18>: 9.03ns
The critical path consists of the following:
	'add' operation ('Y.V', ADSD/Exp.cpp:89->ADSD/Classifier.cpp:85->ADSD/Classifier.cpp:133) [2311]  (2.31 ns)
	'select' operation ('__Val2__', ADSD/Exp.cpp:90->ADSD/Classifier.cpp:85->ADSD/Classifier.cpp:133) [2316]  (0.694 ns)
	'sub' operation ('Y.V', ADSD/Exp.cpp:90->ADSD/Classifier.cpp:85->ADSD/Classifier.cpp:133) [2327]  (2.31 ns)
	'select' operation ('__Val2__', ADSD/Exp.cpp:91->ADSD/Classifier.cpp:85->ADSD/Classifier.cpp:133) [2336]  (0.694 ns)
	'add' operation ('Y.V', ADSD/Exp.cpp:91->ADSD/Classifier.cpp:85->ADSD/Classifier.cpp:133) [2351]  (2.31 ns)
	'select' operation ('__Val2__', ADSD/Exp.cpp:92->ADSD/Classifier.cpp:85->ADSD/Classifier.cpp:133) [2356]  (0.694 ns)

 <State 19>: 9.03ns
The critical path consists of the following:
	'add' operation ('Y.V', ADSD/Exp.cpp:92->ADSD/Classifier.cpp:85->ADSD/Classifier.cpp:133) [2371]  (2.31 ns)
	'select' operation ('__Val2__', ADSD/Exp.cpp:93->ADSD/Classifier.cpp:85->ADSD/Classifier.cpp:133) [2376]  (0.694 ns)
	'sub' operation ('X.V', ADSD/Exp.cpp:93->ADSD/Classifier.cpp:85->ADSD/Classifier.cpp:133) [2386]  (2.31 ns)
	'select' operation ('__Val2__', ADSD/Exp.cpp:94->ADSD/Classifier.cpp:85->ADSD/Classifier.cpp:133) [2397]  (0.694 ns)
	'sub' operation ('X.V', ADSD/Exp.cpp:94->ADSD/Classifier.cpp:85->ADSD/Classifier.cpp:133) [2406]  (2.31 ns)
	'select' operation ('__Val2__', ADSD/Exp.cpp:95->ADSD/Classifier.cpp:85->ADSD/Classifier.cpp:133) [2417]  (0.694 ns)

 <State 20>: 8.86ns
The critical path consists of the following:
	'add' operation ('Y.V', ADSD/Exp.cpp:95->ADSD/Classifier.cpp:85->ADSD/Classifier.cpp:133) [2428]  (2.31 ns)
	'select' operation ('__Val2__', ADSD/Exp.cpp:97->ADSD/Classifier.cpp:85->ADSD/Classifier.cpp:133) [2429]  (0 ns)
	'add' operation ('p_Val2_199_i', ADSD/Exp.cpp:97->ADSD/Classifier.cpp:85->ADSD/Classifier.cpp:133) [2433]  (2.31 ns)
	'ashr' operation ('scaled.V', ADSD/Exp.cpp:98->ADSD/Classifier.cpp:85->ADSD/Classifier.cpp:133) [2435]  (4.23 ns)

 <State 21>: 6.38ns
The critical path consists of the following:
	'mul' operation ('__Val2__', ADSD/Classifier.cpp:86->ADSD/Classifier.cpp:133) [2539]  (6.38 ns)

 <State 22>: 6.38ns
The critical path consists of the following:
	'load' operation ('partial_sum_15_V_1_s') on local variable 'partial_sum[15].V' [2521]  (0 ns)
	'mux' operation ('__Val2__', ADSD/Classifier.cpp:75->ADSD/Classifier.cpp:133) [2542]  (2.06 ns)
	'add' operation ('partial_sum[0].V', ADSD/Classifier.cpp:86->ADSD/Classifier.cpp:133) [2543]  (2.55 ns)
	'store' operation (ADSD/Classifier.cpp:86->ADSD/Classifier.cpp:133) of variable 'partial_sum[0].V', ADSD/Classifier.cpp:86->ADSD/Classifier.cpp:133 on local variable 'partial_sum[15].V' [2549]  (1.77 ns)

 <State 23>: 1.92ns
The critical path consists of the following:
	'add' operation ('i', ADSD/Classifier.cpp:53->ADSD/Classifier.cpp:133) [2598]  (1.92 ns)

 <State 24>: 8.74ns
The critical path consists of the following:
	'load' operation ('partial_sum_15_V_1_1', ADSD/Classifier.cpp:94->ADSD/Classifier.cpp:133) on local variable 'partial_sum[15].V' [2601]  (0 ns)
	'add' operation ('tmp227', ADSD/Classifier.cpp:94->ADSD/Classifier.cpp:133) [2617]  (0 ns)
	'add' operation ('tmp226', ADSD/Classifier.cpp:94->ADSD/Classifier.cpp:133) [2619]  (4.37 ns)
	'add' operation ('tmp225', ADSD/Classifier.cpp:94->ADSD/Classifier.cpp:133) [2623]  (0 ns)
	'add' operation ('result.V', ADSD/Classifier.cpp:94->ADSD/Classifier.cpp:133) [2632]  (4.37 ns)


============================================================
+ Verbose Summary: Binding
============================================================
N/A
* FSMD analyzer results:
  - Output states:
 - Input state : 
  - Chain level:
	State 1
	State 2
	State 3
	State 4
	State 5
	State 6
	State 7
	State 8
	State 9
	State 10
	State 11
	State 12
	State 13
	State 14
	State 15
	State 16
	State 17
	State 18
	State 19
	State 20
	State 21
	State 22
	State 23
	State 24


============================================================
+ Verbose Summary: Datapath Resource usage 
============================================================
N/A
