

================================================================
== Vivado HLS Report for 'compute_and_output'
================================================================
* Date:           Mon Mar  2 02:59:31 2026

* Version:        2018.2 (Build 2258646 on Thu Jun 14 20:25:20 MDT 2018)
* Project:        MathieuHelpMe
* Solution:       solution1
* Product family: zynq
* Target device:  xc7z020clg484-1


================================================================
== Performance Estimates
================================================================
+ Timing (ns): 
    * Summary: 
    +--------+-------+----------+------------+
    |  Clock | Target| Estimated| Uncertainty|
    +--------+-------+----------+------------+
    |ap_clk  |  10.00|     8.742|        1.25|
    +--------+-------+----------+------------+

+ Latency (clock cycles): 
    * Summary: 
    +-----+-----+-----+-----+---------+
    |  Latency  |  Interval | Pipeline|
    | min | max | min | max |   Type  |
    +-----+-----+-----+-----+---------+
    |  872|  872|  872|  872|   none  |
    +-----+-----+-----+-----+---------+

    + Detail: 
        * Instance: 
        N/A

        * Loop: 
        +---------------------+-----+-----+----------+-----------+-----------+------+----------+
        |                     |  Latency  | Iteration|  Initiation Interval  | Trip |          |
        |      Loop Name      | min | max |  Latency |  achieved |   target  | Count| Pipelined|
        +---------------------+-----+-----+----------+-----------+-----------+------+----------+
        |- classify_label2    |  869|  869|        79|          -|          -|    11|    no    |
        | + classify_label1   |   51|   51|         4|          1|          1|    49|    yes   |
        | + Reconstruct_Loop  |   23|   23|         9|          1|          1|    16|    yes   |
        +---------------------+-----+-----+----------+-----------+-----------+------+----------+

============================================================
+ Verbose Summary: Synthesis Manager
============================================================
InlineROM: 1
ExposeGlobal: 0
============================================================
+ Verbose Summary: CDFG Model
============================================================
IsTopModel: 0
ResetActiveHigh: 1
IsCombinational: 2
IsDatapathOnly: 0
HasWiredReturn: 1
HasMFsm: 0
HasVarLatency: 1
IsPipeline: 0
IsRtlPipelined: 0
IsInstanceOverlapped: 0
IsDontTouch: 0
HasImplIP: 0
IsGatedGlobalClock: 0

+ Individual pipeline summary: 
  * Pipeline-0: initiation interval (II) = 1, depth = 4
  * Pipeline-1: initiation interval (II) = 1, depth = 9


============================================================
+ Verbose Summary: Schedule
============================================================
* Number of FSM states : 19
* Pipeline : 2
  Pipeline-0 : II = 1, D = 4, States = { 3 4 5 6 }
  Pipeline-1 : II = 1, D = 9, States = { 8 9 10 11 12 13 14 15 16 }
* Dataflow Pipeline: 0

* FSM state transitions: 
1 --> 
	2  / true
2 --> 
	18  / (!tmp_i_i)
	3  / (tmp_i_i)
3 --> 
	7  / (exitcond4_i_i)
	4  / (!exitcond4_i_i)
4 --> 
	5  / true
5 --> 
	6  / true
6 --> 
	3  / true
7 --> 
	8  / true
8 --> 
	17  / (exitcond5_i_i)
	9  / (!exitcond5_i_i)
9 --> 
	10  / true
10 --> 
	11  / true
11 --> 
	12  / true
12 --> 
	13  / true
13 --> 
	14  / true
14 --> 
	15  / true
15 --> 
	16  / true
16 --> 
	8  / true
17 --> 
	2  / true
18 --> 
	19  / true
19 --> 

* FSM state operations: 

State 1 <SV = 0> <Delay = 3.63>
ST_1 : Operation 20 [1/1] (0.00ns)   --->   "%partial_sum_15_V_1 = alloca i32"   --->   Operation 20 'alloca' 'partial_sum_15_V_1' <Predicate = true> <Delay = 0.00>
ST_1 : Operation 21 [1/1] (0.00ns)   --->   "%partial_sum_15_V_2 = alloca i32"   --->   Operation 21 'alloca' 'partial_sum_15_V_2' <Predicate = true> <Delay = 0.00>
ST_1 : Operation 22 [1/1] (0.00ns)   --->   "%partial_sum_15_V_3 = alloca i32"   --->   Operation 22 'alloca' 'partial_sum_15_V_3' <Predicate = true> <Delay = 0.00>
ST_1 : Operation 23 [1/1] (0.00ns)   --->   "%partial_sum_15_V_4 = alloca i32"   --->   Operation 23 'alloca' 'partial_sum_15_V_4' <Predicate = true> <Delay = 0.00>
ST_1 : Operation 24 [1/1] (0.00ns)   --->   "%partial_sum_15_V_5 = alloca i32"   --->   Operation 24 'alloca' 'partial_sum_15_V_5' <Predicate = true> <Delay = 0.00>
ST_1 : Operation 25 [1/1] (0.00ns)   --->   "%partial_sum_15_V_6 = alloca i32"   --->   Operation 25 'alloca' 'partial_sum_15_V_6' <Predicate = true> <Delay = 0.00>
ST_1 : Operation 26 [1/1] (0.00ns)   --->   "%partial_sum_15_V_7 = alloca i32"   --->   Operation 26 'alloca' 'partial_sum_15_V_7' <Predicate = true> <Delay = 0.00>
ST_1 : Operation 27 [1/1] (0.00ns)   --->   "%partial_sum_15_V_8 = alloca i32"   --->   Operation 27 'alloca' 'partial_sum_15_V_8' <Predicate = true> <Delay = 0.00>
ST_1 : Operation 28 [1/1] (0.00ns)   --->   "%partial_sum_15_V_9 = alloca i32"   --->   Operation 28 'alloca' 'partial_sum_15_V_9' <Predicate = true> <Delay = 0.00>
ST_1 : Operation 29 [1/1] (0.00ns)   --->   "%partial_sum_15_V_10 = alloca i32"   --->   Operation 29 'alloca' 'partial_sum_15_V_10' <Predicate = true> <Delay = 0.00>
ST_1 : Operation 30 [1/1] (0.00ns)   --->   "%partial_sum_15_V_11 = alloca i32"   --->   Operation 30 'alloca' 'partial_sum_15_V_11' <Predicate = true> <Delay = 0.00>
ST_1 : Operation 31 [1/1] (0.00ns)   --->   "%partial_sum_15_V_12 = alloca i32"   --->   Operation 31 'alloca' 'partial_sum_15_V_12' <Predicate = true> <Delay = 0.00>
ST_1 : Operation 32 [1/1] (0.00ns)   --->   "%partial_sum_15_V_13 = alloca i32"   --->   Operation 32 'alloca' 'partial_sum_15_V_13' <Predicate = true> <Delay = 0.00>
ST_1 : Operation 33 [1/1] (0.00ns)   --->   "%partial_sum_15_V_14 = alloca i32"   --->   Operation 33 'alloca' 'partial_sum_15_V_14' <Predicate = true> <Delay = 0.00>
ST_1 : Operation 34 [1/1] (0.00ns)   --->   "%partial_sum_15_V_15 = alloca i32"   --->   Operation 34 'alloca' 'partial_sum_15_V_15' <Predicate = true> <Delay = 0.00>
ST_1 : Operation 35 [1/1] (0.00ns)   --->   "%partial_sum_15_V = alloca i32"   --->   Operation 35 'alloca' 'partial_sum_15_V' <Predicate = true> <Delay = 0.00>
ST_1 : Operation 36 [1/1] (0.00ns)   --->   "%p_read_1 = call i24 @_ssdm_op_Read.ap_auto.i24(i24 %p_read)"   --->   Operation 36 'read' 'p_read_1' <Predicate = true> <Delay = 0.00>
ST_1 : Operation 37 [1/1] (0.00ns)   --->   "call void (...)* @_ssdm_op_SpecInterface(i32* %out_stream_V_data_V, i1* %out_stream_V_keep_V, i1* %out_stream_V_strb_V, i1* %out_stream_V_last_V, [5 x i8]* @p_str15, i32 1, i32 1, [5 x i8]* @p_str16, i32 0, i32 0, [1 x i8]* @p_str, [1 x i8]* @p_str, [1 x i8]* @p_str, i32 0, i32 0, i32 0, i32 0, [1 x i8]* @p_str, [1 x i8]* @p_str) nounwind"   --->   Operation 37 'specinterface' <Predicate = true> <Delay = 0.00>
ST_1 : Operation 38 [1/1] (0.00ns)   --->   "call void (...)* @_ssdm_op_SpecInterface(i32* %out_stream_V_data_V, i1* %out_stream_V_keep_V, i1* %out_stream_V_strb_V, i1* %out_stream_V_last_V, [5 x i8]* @p_str15, i32 1, i32 1, [5 x i8]* @p_str16, i32 0, i32 0, [1 x i8]* @p_str, [1 x i8]* @p_str, [1 x i8]* @p_str, i32 0, i32 0, i32 0, i32 0, [1 x i8]* @p_str, [1 x i8]* @p_str) nounwind"   --->   Operation 38 'specinterface' <Predicate = true> <Delay = 0.00>
ST_1 : Operation 39 [1/1] (0.00ns)   --->   "call void (...)* @_ssdm_op_SpecInterface(i32* %out_stream_V_data_V, i1* %out_stream_V_keep_V, i1* %out_stream_V_strb_V, i1* %out_stream_V_last_V, [5 x i8]* @p_str15, i32 1, i32 1, [5 x i8]* @p_str16, i32 0, i32 0, [1 x i8]* @p_str, [1 x i8]* @p_str, [1 x i8]* @p_str, i32 0, i32 0, i32 0, i32 0, [1 x i8]* @p_str, [1 x i8]* @p_str) nounwind"   --->   Operation 39 'specinterface' <Predicate = true> <Delay = 0.00>
ST_1 : Operation 40 [1/1] (0.00ns)   --->   "call void (...)* @_ssdm_op_SpecInterface(i32* %out_stream_V_data_V, i1* %out_stream_V_keep_V, i1* %out_stream_V_strb_V, i1* %out_stream_V_last_V, [5 x i8]* @p_str15, i32 1, i32 1, [5 x i8]* @p_str16, i32 0, i32 0, [1 x i8]* @p_str, [1 x i8]* @p_str, [1 x i8]* @p_str, i32 0, i32 0, i32 0, i32 0, [1 x i8]* @p_str, [1 x i8]* @p_str) nounwind"   --->   Operation 40 'specinterface' <Predicate = true> <Delay = 0.00>
ST_1 : Operation 41 [1/1] (0.00ns)   --->   "call void (...)* @_ssdm_op_SpecInterface(i12* %n_0_i_i, [8 x i8]* @ap_fifo_str, i32 0, i32 0, [1 x i8]* @p_str, i32 0, i32 0, [1 x i8]* @p_str, [1 x i8]* @p_str, [1 x i8]* @p_str, i32 2, i32 2, i32 16, i32 16, [1 x i8]* @p_str, [1 x i8]* @p_str)"   --->   Operation 41 'specinterface' <Predicate = true> <Delay = 0.00>
ST_1 : Operation 42 [1/1] (3.63ns)   --->   "%n_0_i_i_read = call i12 @_ssdm_op_Read.ap_fifo.i12P(i12* %n_0_i_i)"   --->   Operation 42 'read' 'n_0_i_i_read' <Predicate = true> <Delay = 3.63> <Core = "FIFO">   --->   Core 32 'FIFO' <Latency = 0> <II = 1> <Delay = 3.63> <Storage> <Opcode : 'read' 'write' 'nbread' 'nbwrite'> <Ports = 0> <Width = 12> <Depth = 2> <FIFO>
ST_1 : Operation 43 [1/1] (0.00ns)   --->   "call void (...)* @_ssdm_op_SpecInterface(i32* %out_stream_V_data_V, i1* %out_stream_V_keep_V, i1* %out_stream_V_strb_V, i1* %out_stream_V_last_V, [5 x i8]* @p_str15, i32 1, i32 1, [5 x i8]* @p_str16, i32 0, i32 0, [1 x i8]* @p_str, [1 x i8]* @p_str, [1 x i8]* @p_str, i32 0, i32 0, i32 0, i32 0, [1 x i8]* @p_str, [1 x i8]* @p_str) nounwind"   --->   Operation 43 'specinterface' <Predicate = true> <Delay = 0.00>
ST_1 : Operation 44 [1/1] (0.00ns)   --->   "%p_Val2_s = call i30 @_ssdm_op_BitConcatenate.i30.i24.i6(i24 %p_read_1, i6 0)" [MathieuHelpMe/Classifier.cpp:79->MathieuHelpMe/Classifier.cpp:136]   --->   Operation 44 'bitconcatenate' 'p_Val2_s' <Predicate = true> <Delay = 0.00>
ST_1 : Operation 45 [1/1] (0.00ns)   --->   "%p_Val2_cast_i_i = sext i30 %p_Val2_s to i32" [MathieuHelpMe/Classifier.cpp:79->MathieuHelpMe/Classifier.cpp:136]   --->   Operation 45 'sext' 'p_Val2_cast_i_i' <Predicate = true> <Delay = 0.00>
ST_1 : Operation 46 [1/1] (1.76ns)   --->   "store i32 0, i32* %partial_sum_15_V"   --->   Operation 46 'store' <Predicate = true> <Delay = 1.76>
ST_1 : Operation 47 [1/1] (1.76ns)   --->   "store i32 0, i32* %partial_sum_15_V_15"   --->   Operation 47 'store' <Predicate = true> <Delay = 1.76>
ST_1 : Operation 48 [1/1] (1.76ns)   --->   "store i32 0, i32* %partial_sum_15_V_14"   --->   Operation 48 'store' <Predicate = true> <Delay = 1.76>
ST_1 : Operation 49 [1/1] (1.76ns)   --->   "store i32 0, i32* %partial_sum_15_V_13"   --->   Operation 49 'store' <Predicate = true> <Delay = 1.76>
ST_1 : Operation 50 [1/1] (1.76ns)   --->   "store i32 0, i32* %partial_sum_15_V_12"   --->   Operation 50 'store' <Predicate = true> <Delay = 1.76>
ST_1 : Operation 51 [1/1] (1.76ns)   --->   "store i32 0, i32* %partial_sum_15_V_11"   --->   Operation 51 'store' <Predicate = true> <Delay = 1.76>
ST_1 : Operation 52 [1/1] (1.76ns)   --->   "store i32 0, i32* %partial_sum_15_V_10"   --->   Operation 52 'store' <Predicate = true> <Delay = 1.76>
ST_1 : Operation 53 [1/1] (1.76ns)   --->   "store i32 0, i32* %partial_sum_15_V_9"   --->   Operation 53 'store' <Predicate = true> <Delay = 1.76>
ST_1 : Operation 54 [1/1] (1.76ns)   --->   "store i32 0, i32* %partial_sum_15_V_8"   --->   Operation 54 'store' <Predicate = true> <Delay = 1.76>
ST_1 : Operation 55 [1/1] (1.76ns)   --->   "store i32 0, i32* %partial_sum_15_V_7"   --->   Operation 55 'store' <Predicate = true> <Delay = 1.76>
ST_1 : Operation 56 [1/1] (1.76ns)   --->   "store i32 0, i32* %partial_sum_15_V_6"   --->   Operation 56 'store' <Predicate = true> <Delay = 1.76>
ST_1 : Operation 57 [1/1] (1.76ns)   --->   "store i32 0, i32* %partial_sum_15_V_5"   --->   Operation 57 'store' <Predicate = true> <Delay = 1.76>
ST_1 : Operation 58 [1/1] (1.76ns)   --->   "store i32 0, i32* %partial_sum_15_V_4"   --->   Operation 58 'store' <Predicate = true> <Delay = 1.76>
ST_1 : Operation 59 [1/1] (1.76ns)   --->   "store i32 0, i32* %partial_sum_15_V_3"   --->   Operation 59 'store' <Predicate = true> <Delay = 1.76>
ST_1 : Operation 60 [1/1] (1.76ns)   --->   "store i32 0, i32* %partial_sum_15_V_2"   --->   Operation 60 'store' <Predicate = true> <Delay = 1.76>
ST_1 : Operation 61 [1/1] (1.76ns)   --->   "store i32 0, i32* %partial_sum_15_V_1"   --->   Operation 61 'store' <Predicate = true> <Delay = 1.76>
ST_1 : Operation 62 [1/1] (1.76ns)   --->   "br label %.preheader208.i.i" [MathieuHelpMe/Classifier.cpp:54->MathieuHelpMe/Classifier.cpp:136]   --->   Operation 62 'br' <Predicate = true> <Delay = 1.76>

State 2 <SV = 1> <Delay = 8.74>
ST_2 : Operation 63 [1/1] (0.00ns)   --->   "%i_i_i = phi i8 [ 0, %entry ], [ %i, %0 ]"   --->   Operation 63 'phi' 'i_i_i' <Predicate = true> <Delay = 0.00>
ST_2 : Operation 64 [1/1] (1.55ns)   --->   "%tmp_i_i = icmp ult i8 %i_i_i, -91" [MathieuHelpMe/Classifier.cpp:54->MathieuHelpMe/Classifier.cpp:136]   --->   Operation 64 'icmp' 'tmp_i_i' <Predicate = true> <Delay = 1.55> <Core = "Cmp">   --->   Core 25 'Cmp' <Latency = 0> <II = 1> <Delay = 1.99> <FuncUnit> <Opcode : 'icmp'> <InPorts = 2> <OutPorts = 1>
ST_2 : Operation 65 [1/1] (0.00ns)   --->   "%empty = call i32 (...)* @_ssdm_op_SpecLoopTripCount(i64 11, i64 11, i64 11)"   --->   Operation 65 'speclooptripcount' 'empty' <Predicate = true> <Delay = 0.00>
ST_2 : Operation 66 [1/1] (0.00ns)   --->   "br i1 %tmp_i_i, label %.preheader207.preheader.i.i, label %.exit" [MathieuHelpMe/Classifier.cpp:54->MathieuHelpMe/Classifier.cpp:136]   --->   Operation 66 'br' <Predicate = true> <Delay = 0.00>
ST_2 : Operation 67 [1/1] (0.00ns)   --->   "call void (...)* @_ssdm_op_SpecLoopName([16 x i8]* @p_str9) nounwind" [MathieuHelpMe/Classifier.cpp:54->MathieuHelpMe/Classifier.cpp:136]   --->   Operation 67 'specloopname' <Predicate = (tmp_i_i)> <Delay = 0.00>
ST_2 : Operation 68 [1/1] (0.00ns)   --->   "%tmp_i_i_30 = call i32 (...)* @_ssdm_op_SpecRegionBegin([16 x i8]* @p_str9)" [MathieuHelpMe/Classifier.cpp:54->MathieuHelpMe/Classifier.cpp:136]   --->   Operation 68 'specregionbegin' 'tmp_i_i_30' <Predicate = (tmp_i_i)> <Delay = 0.00>
ST_2 : Operation 69 [1/1] (0.00ns)   --->   "%tmp_19 = call i4 @_ssdm_op_PartSelect.i4.i8.i32.i32(i8 %i_i_i, i32 4, i32 7)" [MathieuHelpMe/Classifier.cpp:54->MathieuHelpMe/Classifier.cpp:136]   --->   Operation 69 'partselect' 'tmp_19' <Predicate = (tmp_i_i)> <Delay = 0.00>
ST_2 : Operation 70 [1/1] (0.00ns)   --->   "%newIndex4_i_i_cast = zext i4 %tmp_19 to i10" [MathieuHelpMe/Classifier.cpp:54->MathieuHelpMe/Classifier.cpp:136]   --->   Operation 70 'zext' 'newIndex4_i_i_cast' <Predicate = (tmp_i_i)> <Delay = 0.00>
ST_2 : Operation 71 [1/1] (3.74ns)   --->   "%tmp_1 = mul i10 %newIndex4_i_i_cast, 49" [MathieuHelpMe/Classifier.cpp:54->MathieuHelpMe/Classifier.cpp:136]   --->   Operation 71 'mul' 'tmp_1' <Predicate = (tmp_i_i)> <Delay = 3.74> <Core = "Mul">   --->   Core 16 'Mul' <Latency = 0> <II = 1> <Delay = 3.74> <FuncUnit> <Opcode : 'mul'> <InPorts = 2> <OutPorts = 1>
ST_2 : Operation 72 [1/1] (1.76ns)   --->   "br label %.preheader207.0.i.i" [MathieuHelpMe/Classifier.cpp:63->MathieuHelpMe/Classifier.cpp:136]   --->   Operation 72 'br' <Predicate = (tmp_i_i)> <Delay = 1.76>
ST_2 : Operation 73 [1/1] (0.00ns)   --->   "%partial_sum_15_V_3_1 = load i32* %partial_sum_15_V_3" [MathieuHelpMe/Classifier.cpp:100->MathieuHelpMe/Classifier.cpp:136]   --->   Operation 73 'load' 'partial_sum_15_V_3_1' <Predicate = (!tmp_i_i)> <Delay = 0.00>
ST_2 : Operation 74 [1/1] (0.00ns)   --->   "%partial_sum_15_V_4_1 = load i32* %partial_sum_15_V_4" [MathieuHelpMe/Classifier.cpp:100->MathieuHelpMe/Classifier.cpp:136]   --->   Operation 74 'load' 'partial_sum_15_V_4_1' <Predicate = (!tmp_i_i)> <Delay = 0.00>
ST_2 : Operation 75 [1/1] (0.00ns)   --->   "%partial_sum_15_V_7_1 = load i32* %partial_sum_15_V_7" [MathieuHelpMe/Classifier.cpp:100->MathieuHelpMe/Classifier.cpp:136]   --->   Operation 75 'load' 'partial_sum_15_V_7_1' <Predicate = (!tmp_i_i)> <Delay = 0.00>
ST_2 : Operation 76 [1/1] (0.00ns)   --->   "%partial_sum_15_V_8_1 = load i32* %partial_sum_15_V_8" [MathieuHelpMe/Classifier.cpp:100->MathieuHelpMe/Classifier.cpp:136]   --->   Operation 76 'load' 'partial_sum_15_V_8_1' <Predicate = (!tmp_i_i)> <Delay = 0.00>
ST_2 : Operation 77 [1/1] (0.00ns)   --->   "%partial_sum_15_V_9_1 = load i32* %partial_sum_15_V_9" [MathieuHelpMe/Classifier.cpp:100->MathieuHelpMe/Classifier.cpp:136]   --->   Operation 77 'load' 'partial_sum_15_V_9_1' <Predicate = (!tmp_i_i)> <Delay = 0.00>
ST_2 : Operation 78 [1/1] (0.00ns)   --->   "%partial_sum_15_V_10_2 = load i32* %partial_sum_15_V_10" [MathieuHelpMe/Classifier.cpp:100->MathieuHelpMe/Classifier.cpp:136]   --->   Operation 78 'load' 'partial_sum_15_V_10_2' <Predicate = (!tmp_i_i)> <Delay = 0.00>
ST_2 : Operation 79 [1/1] (0.00ns)   --->   "%partial_sum_15_V_11_2 = load i32* %partial_sum_15_V_11" [MathieuHelpMe/Classifier.cpp:100->MathieuHelpMe/Classifier.cpp:136]   --->   Operation 79 'load' 'partial_sum_15_V_11_2' <Predicate = (!tmp_i_i)> <Delay = 0.00>
ST_2 : Operation 80 [1/1] (0.00ns)   --->   "%partial_sum_15_V_12_2 = load i32* %partial_sum_15_V_12" [MathieuHelpMe/Classifier.cpp:100->MathieuHelpMe/Classifier.cpp:136]   --->   Operation 80 'load' 'partial_sum_15_V_12_2' <Predicate = (!tmp_i_i)> <Delay = 0.00>
ST_2 : Operation 81 [1/1] (0.00ns)   --->   "%partial_sum_15_V_13_2 = load i32* %partial_sum_15_V_13" [MathieuHelpMe/Classifier.cpp:100->MathieuHelpMe/Classifier.cpp:136]   --->   Operation 81 'load' 'partial_sum_15_V_13_2' <Predicate = (!tmp_i_i)> <Delay = 0.00>
ST_2 : Operation 82 [1/1] (0.00ns)   --->   "%partial_sum_15_V_14_2 = load i32* %partial_sum_15_V_14" [MathieuHelpMe/Classifier.cpp:100->MathieuHelpMe/Classifier.cpp:136]   --->   Operation 82 'load' 'partial_sum_15_V_14_2' <Predicate = (!tmp_i_i)> <Delay = 0.00>
ST_2 : Operation 83 [1/1] (0.00ns)   --->   "%partial_sum_15_V_15_2 = load i32* %partial_sum_15_V_15" [MathieuHelpMe/Classifier.cpp:100->MathieuHelpMe/Classifier.cpp:136]   --->   Operation 83 'load' 'partial_sum_15_V_15_2' <Predicate = (!tmp_i_i)> <Delay = 0.00>
ST_2 : Operation 84 [1/1] (0.00ns)   --->   "%partial_sum_15_V_lo_1 = load i32* %partial_sum_15_V" [MathieuHelpMe/Classifier.cpp:100->MathieuHelpMe/Classifier.cpp:136]   --->   Operation 84 'load' 'partial_sum_15_V_lo_1' <Predicate = (!tmp_i_i)> <Delay = 0.00>
ST_2 : Operation 85 [1/1] (2.55ns)   --->   "%tmp227 = add i32 %partial_sum_15_V_3_1, %partial_sum_15_V_4_1" [MathieuHelpMe/Classifier.cpp:100->MathieuHelpMe/Classifier.cpp:136]   --->   Operation 85 'add' 'tmp227' <Predicate = (!tmp_i_i)> <Delay = 2.55> <Core = "AddSub">   --->   Core 14 'AddSub' <Latency = 0> <II = 1> <Delay = 2.55> <FuncUnit> <Opcode : 'add' 'sub'> <InPorts = 2> <OutPorts = 1>
ST_2 : Operation 86 [1/1] (2.55ns)   --->   "%tmp230 = add i32 %partial_sum_15_V_7_1, %partial_sum_15_V_8_1" [MathieuHelpMe/Classifier.cpp:100->MathieuHelpMe/Classifier.cpp:136]   --->   Operation 86 'add' 'tmp230' <Predicate = (!tmp_i_i)> <Delay = 2.55> <Core = "AddSub">   --->   Core 14 'AddSub' <Latency = 0> <II = 1> <Delay = 2.55> <FuncUnit> <Opcode : 'add' 'sub'> <InPorts = 2> <OutPorts = 1>
ST_2 : Operation 87 [1/1] (2.55ns)   --->   "%tmp233 = add i32 %partial_sum_15_V_9_1, %partial_sum_15_V_10_2" [MathieuHelpMe/Classifier.cpp:100->MathieuHelpMe/Classifier.cpp:136]   --->   Operation 87 'add' 'tmp233' <Predicate = (!tmp_i_i)> <Delay = 2.55> <Core = "AddSub">   --->   Core 14 'AddSub' <Latency = 0> <II = 1> <Delay = 2.55> <FuncUnit> <Opcode : 'add' 'sub'> <InPorts = 2> <OutPorts = 1>
ST_2 : Operation 88 [1/1] (2.55ns)   --->   "%tmp234 = add i32 %partial_sum_15_V_11_2, %partial_sum_15_V_12_2" [MathieuHelpMe/Classifier.cpp:100->MathieuHelpMe/Classifier.cpp:136]   --->   Operation 88 'add' 'tmp234' <Predicate = (!tmp_i_i)> <Delay = 2.55> <Core = "AddSub">   --->   Core 14 'AddSub' <Latency = 0> <II = 1> <Delay = 2.55> <FuncUnit> <Opcode : 'add' 'sub'> <InPorts = 2> <OutPorts = 1>
ST_2 : Operation 89 [1/1] (0.00ns) (grouped into TernaryAdder)   --->   "%tmp236 = add i32 %partial_sum_15_V_13_2, %partial_sum_15_V_14_2" [MathieuHelpMe/Classifier.cpp:100->MathieuHelpMe/Classifier.cpp:136]   --->   Operation 89 'add' 'tmp236' <Predicate = (!tmp_i_i)> <Delay = 0.00> <Core = "TAddSub">   --->   Core 80 'TAddSub' <Latency = 0> <II = 1> <Delay = 2.18> <IPBlock> <Opcode : 'add' 'sub'> <InPorts = 3> <OutPorts = 1> <Sync> <CReg>
ST_2 : Operation 90 [1/1] (0.00ns) (grouped into TernaryAdder)   --->   "%tmp238 = add i32 %partial_sum_15_V_lo_1, -11776" [MathieuHelpMe/Classifier.cpp:100->MathieuHelpMe/Classifier.cpp:136]   --->   Operation 90 'add' 'tmp238' <Predicate = (!tmp_i_i)> <Delay = 0.00> <Core = "TAddSub">   --->   Core 80 'TAddSub' <Latency = 0> <II = 1> <Delay = 2.18> <IPBlock> <Opcode : 'add' 'sub'> <InPorts = 3> <OutPorts = 1> <Sync> <CReg>
ST_2 : Operation 91 [1/1] (4.37ns) (root node of TernaryAdder)   --->   "%tmp237 = add i32 %tmp238, %partial_sum_15_V_15_2" [MathieuHelpMe/Classifier.cpp:100->MathieuHelpMe/Classifier.cpp:136]   --->   Operation 91 'add' 'tmp237' <Predicate = (!tmp_i_i)> <Delay = 4.37> <Core = "TAddSub">   --->   Core 80 'TAddSub' <Latency = 0> <II = 1> <Delay = 2.18> <IPBlock> <Opcode : 'add' 'sub'> <InPorts = 3> <OutPorts = 1> <Sync> <CReg>
ST_2 : Operation 92 [1/1] (4.37ns) (root node of TernaryAdder)   --->   "%tmp235 = add i32 %tmp237, %tmp236" [MathieuHelpMe/Classifier.cpp:100->MathieuHelpMe/Classifier.cpp:136]   --->   Operation 92 'add' 'tmp235' <Predicate = (!tmp_i_i)> <Delay = 4.37> <Core = "TAddSub">   --->   Core 80 'TAddSub' <Latency = 0> <II = 1> <Delay = 2.18> <IPBlock> <Opcode : 'add' 'sub'> <InPorts = 3> <OutPorts = 1> <Sync> <CReg>
ST_2 : Operation 93 [1/1] (1.99ns)   --->   "%out_val_last_V = icmp eq i12 %n_0_i_i_read, -1496" [MathieuHelpMe/Classifier.cpp:103->MathieuHelpMe/Classifier.cpp:136]   --->   Operation 93 'icmp' 'out_val_last_V' <Predicate = (!tmp_i_i)> <Delay = 1.99> <Core = "Cmp">   --->   Core 25 'Cmp' <Latency = 0> <II = 1> <Delay = 1.99> <FuncUnit> <Opcode : 'icmp'> <InPorts = 2> <OutPorts = 1>

State 3 <SV = 2> <Delay = 4.98>
ST_3 : Operation 94 [1/1] (0.00ns)   --->   "%dot_products_15_V = phi i32 [ 0, %.preheader207.preheader.i.i ], [ %dot_products_15_V_1, %.preheader207.1.i.i ]"   --->   Operation 94 'phi' 'dot_products_15_V' <Predicate = true> <Delay = 0.00>
ST_3 : Operation 95 [1/1] (0.00ns)   --->   "%dot_products_14_V = phi i32 [ 0, %.preheader207.preheader.i.i ], [ %dot_products_14_V_1, %.preheader207.1.i.i ]"   --->   Operation 95 'phi' 'dot_products_14_V' <Predicate = true> <Delay = 0.00>
ST_3 : Operation 96 [1/1] (0.00ns)   --->   "%dot_products_13_V = phi i32 [ 0, %.preheader207.preheader.i.i ], [ %dot_products_13_V_1, %.preheader207.1.i.i ]"   --->   Operation 96 'phi' 'dot_products_13_V' <Predicate = true> <Delay = 0.00>
ST_3 : Operation 97 [1/1] (0.00ns)   --->   "%dot_products_12_V = phi i32 [ 0, %.preheader207.preheader.i.i ], [ %dot_products_12_V_1, %.preheader207.1.i.i ]"   --->   Operation 97 'phi' 'dot_products_12_V' <Predicate = true> <Delay = 0.00>
ST_3 : Operation 98 [1/1] (0.00ns)   --->   "%dot_products_11_V = phi i32 [ 0, %.preheader207.preheader.i.i ], [ %dot_products_11_V_1, %.preheader207.1.i.i ]"   --->   Operation 98 'phi' 'dot_products_11_V' <Predicate = true> <Delay = 0.00>
ST_3 : Operation 99 [1/1] (0.00ns)   --->   "%dot_products_10_V = phi i32 [ 0, %.preheader207.preheader.i.i ], [ %dot_products_10_V_1, %.preheader207.1.i.i ]"   --->   Operation 99 'phi' 'dot_products_10_V' <Predicate = true> <Delay = 0.00>
ST_3 : Operation 100 [1/1] (0.00ns)   --->   "%dot_products_9_V = phi i32 [ 0, %.preheader207.preheader.i.i ], [ %dot_products_9_V_1, %.preheader207.1.i.i ]"   --->   Operation 100 'phi' 'dot_products_9_V' <Predicate = true> <Delay = 0.00>
ST_3 : Operation 101 [1/1] (0.00ns)   --->   "%dot_products_8_V = phi i32 [ 0, %.preheader207.preheader.i.i ], [ %dot_products_8_V_1, %.preheader207.1.i.i ]"   --->   Operation 101 'phi' 'dot_products_8_V' <Predicate = true> <Delay = 0.00>
ST_3 : Operation 102 [1/1] (0.00ns)   --->   "%dot_products_7_V = phi i32 [ 0, %.preheader207.preheader.i.i ], [ %dot_products_7_V_1, %.preheader207.1.i.i ]"   --->   Operation 102 'phi' 'dot_products_7_V' <Predicate = true> <Delay = 0.00>
ST_3 : Operation 103 [1/1] (0.00ns)   --->   "%dot_products_6_V = phi i32 [ 0, %.preheader207.preheader.i.i ], [ %dot_products_6_V_1, %.preheader207.1.i.i ]"   --->   Operation 103 'phi' 'dot_products_6_V' <Predicate = true> <Delay = 0.00>
ST_3 : Operation 104 [1/1] (0.00ns)   --->   "%dot_products_5_V = phi i32 [ 0, %.preheader207.preheader.i.i ], [ %dot_products_5_V_1, %.preheader207.1.i.i ]"   --->   Operation 104 'phi' 'dot_products_5_V' <Predicate = true> <Delay = 0.00>
ST_3 : Operation 105 [1/1] (0.00ns)   --->   "%dot_products_4_V = phi i32 [ 0, %.preheader207.preheader.i.i ], [ %dot_products_4_V_1, %.preheader207.1.i.i ]"   --->   Operation 105 'phi' 'dot_products_4_V' <Predicate = true> <Delay = 0.00>
ST_3 : Operation 106 [1/1] (0.00ns)   --->   "%dot_products_3_V = phi i32 [ 0, %.preheader207.preheader.i.i ], [ %dot_products_3_V_1, %.preheader207.1.i.i ]"   --->   Operation 106 'phi' 'dot_products_3_V' <Predicate = true> <Delay = 0.00>
ST_3 : Operation 107 [1/1] (0.00ns)   --->   "%dot_products_2_V = phi i32 [ 0, %.preheader207.preheader.i.i ], [ %dot_products_2_V_1, %.preheader207.1.i.i ]"   --->   Operation 107 'phi' 'dot_products_2_V' <Predicate = true> <Delay = 0.00>
ST_3 : Operation 108 [1/1] (0.00ns)   --->   "%dot_products_1_V = phi i32 [ 0, %.preheader207.preheader.i.i ], [ %dot_products_1_V_1, %.preheader207.1.i.i ]"   --->   Operation 108 'phi' 'dot_products_1_V' <Predicate = true> <Delay = 0.00>
ST_3 : Operation 109 [1/1] (0.00ns)   --->   "%dot_products_0_V = phi i32 [ 0, %.preheader207.preheader.i.i ], [ %dot_products_0_V_1, %.preheader207.1.i.i ]"   --->   Operation 109 'phi' 'dot_products_0_V' <Predicate = true> <Delay = 0.00>
ST_3 : Operation 110 [1/1] (0.00ns)   --->   "%j_i_i = phi i10 [ 0, %.preheader207.preheader.i.i ], [ %j_1_i_i, %.preheader207.1.i.i ]" [MathieuHelpMe/Classifier.cpp:63->MathieuHelpMe/Classifier.cpp:136]   --->   Operation 110 'phi' 'j_i_i' <Predicate = true> <Delay = 0.00>
ST_3 : Operation 111 [1/1] (0.00ns)   --->   "%empty_31 = call i32 (...)* @_ssdm_op_SpecLoopTripCount(i64 49, i64 49, i64 49)"   --->   Operation 111 'speclooptripcount' 'empty_31' <Predicate = true> <Delay = 0.00>
ST_3 : Operation 112 [1/1] (1.77ns)   --->   "%exitcond4_i_i = icmp eq i10 %j_i_i, -240" [MathieuHelpMe/Classifier.cpp:63->MathieuHelpMe/Classifier.cpp:136]   --->   Operation 112 'icmp' 'exitcond4_i_i' <Predicate = true> <Delay = 1.77> <Core = "Cmp">   --->   Core 25 'Cmp' <Latency = 0> <II = 1> <Delay = 1.99> <FuncUnit> <Opcode : 'icmp'> <InPorts = 2> <OutPorts = 1>
ST_3 : Operation 113 [1/1] (0.00ns)   --->   "br i1 %exitcond4_i_i, label %.preheader206.i.i.preheader, label %.preheader207.1.i.i" [MathieuHelpMe/Classifier.cpp:63->MathieuHelpMe/Classifier.cpp:136]   --->   Operation 113 'br' <Predicate = true> <Delay = 0.00>
ST_3 : Operation 114 [1/1] (0.00ns)   --->   "%newIndex2_i_i = call i6 @_ssdm_op_PartSelect.i6.i10.i32.i32(i10 %j_i_i, i32 4, i32 9)" [MathieuHelpMe/Classifier.cpp:63->MathieuHelpMe/Classifier.cpp:136]   --->   Operation 114 'partselect' 'newIndex2_i_i' <Predicate = (!exitcond4_i_i)> <Delay = 0.00>
ST_3 : Operation 115 [1/1] (0.00ns)   --->   "%newIndex3_i_i = zext i6 %newIndex2_i_i to i64" [MathieuHelpMe/Classifier.cpp:63->MathieuHelpMe/Classifier.cpp:136]   --->   Operation 115 'zext' 'newIndex3_i_i' <Predicate = (!exitcond4_i_i)> <Delay = 0.00>
ST_3 : Operation 116 [1/1] (0.00ns)   --->   "%newIndex3_i_i_cast = zext i6 %newIndex2_i_i to i10" [MathieuHelpMe/Classifier.cpp:63->MathieuHelpMe/Classifier.cpp:136]   --->   Operation 116 'zext' 'newIndex3_i_i_cast' <Predicate = (!exitcond4_i_i)> <Delay = 0.00>
ST_3 : Operation 117 [1/1] (1.73ns)   --->   "%tmp_20 = add i10 %tmp_1, %newIndex3_i_i_cast" [MathieuHelpMe/Classifier.cpp:54->MathieuHelpMe/Classifier.cpp:136]   --->   Operation 117 'add' 'tmp_20' <Predicate = (!exitcond4_i_i)> <Delay = 1.73> <Core = "AddSub">   --->   Core 14 'AddSub' <Latency = 0> <II = 1> <Delay = 2.55> <FuncUnit> <Opcode : 'add' 'sub'> <InPorts = 2> <OutPorts = 1>
ST_3 : Operation 118 [1/1] (0.00ns)   --->   "%tmp_256_cast = zext i10 %tmp_20 to i64" [MathieuHelpMe/Classifier.cpp:54->MathieuHelpMe/Classifier.cpp:136]   --->   Operation 118 'zext' 'tmp_256_cast' <Predicate = (!exitcond4_i_i)> <Delay = 0.00>
ST_3 : Operation 119 [1/1] (0.00ns)   --->   "%svs_V_0_addr = getelementptr [539 x i125]* @svs_V_0, i64 0, i64 %tmp_256_cast" [MathieuHelpMe/Classifier.cpp:54->MathieuHelpMe/Classifier.cpp:136]   --->   Operation 119 'getelementptr' 'svs_V_0_addr' <Predicate = (!exitcond4_i_i)> <Delay = 0.00>
ST_3 : Operation 120 [1/1] (0.00ns)   --->   "%svs_V_1_addr = getelementptr [539 x i125]* @svs_V_1, i64 0, i64 %tmp_256_cast" [MathieuHelpMe/Classifier.cpp:54->MathieuHelpMe/Classifier.cpp:136]   --->   Operation 120 'getelementptr' 'svs_V_1_addr' <Predicate = (!exitcond4_i_i)> <Delay = 0.00>
ST_3 : Operation 121 [1/1] (0.00ns)   --->   "%svs_V_10_addr = getelementptr [539 x i125]* @svs_V_10, i64 0, i64 %tmp_256_cast" [MathieuHelpMe/Classifier.cpp:54->MathieuHelpMe/Classifier.cpp:136]   --->   Operation 121 'getelementptr' 'svs_V_10_addr' <Predicate = (!exitcond4_i_i)> <Delay = 0.00>
ST_3 : Operation 122 [1/1] (0.00ns)   --->   "%svs_V_11_addr = getelementptr [539 x i125]* @svs_V_11, i64 0, i64 %tmp_256_cast" [MathieuHelpMe/Classifier.cpp:54->MathieuHelpMe/Classifier.cpp:136]   --->   Operation 122 'getelementptr' 'svs_V_11_addr' <Predicate = (!exitcond4_i_i)> <Delay = 0.00>
ST_3 : Operation 123 [1/1] (0.00ns)   --->   "%svs_V_12_addr = getelementptr [539 x i126]* @svs_V_12, i64 0, i64 %tmp_256_cast" [MathieuHelpMe/Classifier.cpp:54->MathieuHelpMe/Classifier.cpp:136]   --->   Operation 123 'getelementptr' 'svs_V_12_addr' <Predicate = (!exitcond4_i_i)> <Delay = 0.00>
ST_3 : Operation 124 [1/1] (0.00ns)   --->   "%svs_V_13_addr = getelementptr [539 x i127]* @svs_V_13, i64 0, i64 %tmp_256_cast" [MathieuHelpMe/Classifier.cpp:54->MathieuHelpMe/Classifier.cpp:136]   --->   Operation 124 'getelementptr' 'svs_V_13_addr' <Predicate = (!exitcond4_i_i)> <Delay = 0.00>
ST_3 : Operation 125 [1/1] (0.00ns)   --->   "%svs_V_14_addr = getelementptr [539 x i126]* @svs_V_14, i64 0, i64 %tmp_256_cast" [MathieuHelpMe/Classifier.cpp:54->MathieuHelpMe/Classifier.cpp:136]   --->   Operation 125 'getelementptr' 'svs_V_14_addr' <Predicate = (!exitcond4_i_i)> <Delay = 0.00>
ST_3 : Operation 126 [1/1] (0.00ns)   --->   "%svs_V_15_addr = getelementptr [539 x i128]* @svs_V_15, i64 0, i64 %tmp_256_cast" [MathieuHelpMe/Classifier.cpp:54->MathieuHelpMe/Classifier.cpp:136]   --->   Operation 126 'getelementptr' 'svs_V_15_addr' <Predicate = (!exitcond4_i_i)> <Delay = 0.00>
ST_3 : Operation 127 [1/1] (0.00ns)   --->   "%svs_V_2_addr = getelementptr [539 x i125]* @svs_V_2, i64 0, i64 %tmp_256_cast" [MathieuHelpMe/Classifier.cpp:54->MathieuHelpMe/Classifier.cpp:136]   --->   Operation 127 'getelementptr' 'svs_V_2_addr' <Predicate = (!exitcond4_i_i)> <Delay = 0.00>
ST_3 : Operation 128 [1/1] (0.00ns)   --->   "%svs_V_3_addr = getelementptr [539 x i128]* @svs_V_3, i64 0, i64 %tmp_256_cast" [MathieuHelpMe/Classifier.cpp:54->MathieuHelpMe/Classifier.cpp:136]   --->   Operation 128 'getelementptr' 'svs_V_3_addr' <Predicate = (!exitcond4_i_i)> <Delay = 0.00>
ST_3 : Operation 129 [1/1] (0.00ns)   --->   "%svs_V_4_addr = getelementptr [539 x i125]* @svs_V_4, i64 0, i64 %tmp_256_cast" [MathieuHelpMe/Classifier.cpp:54->MathieuHelpMe/Classifier.cpp:136]   --->   Operation 129 'getelementptr' 'svs_V_4_addr' <Predicate = (!exitcond4_i_i)> <Delay = 0.00>
ST_3 : Operation 130 [1/1] (0.00ns)   --->   "%svs_V_5_addr = getelementptr [539 x i125]* @svs_V_5, i64 0, i64 %tmp_256_cast" [MathieuHelpMe/Classifier.cpp:54->MathieuHelpMe/Classifier.cpp:136]   --->   Operation 130 'getelementptr' 'svs_V_5_addr' <Predicate = (!exitcond4_i_i)> <Delay = 0.00>
ST_3 : Operation 131 [1/1] (0.00ns)   --->   "%svs_V_6_addr = getelementptr [539 x i126]* @svs_V_6, i64 0, i64 %tmp_256_cast" [MathieuHelpMe/Classifier.cpp:54->MathieuHelpMe/Classifier.cpp:136]   --->   Operation 131 'getelementptr' 'svs_V_6_addr' <Predicate = (!exitcond4_i_i)> <Delay = 0.00>
ST_3 : Operation 132 [1/1] (0.00ns)   --->   "%svs_V_7_addr = getelementptr [539 x i125]* @svs_V_7, i64 0, i64 %tmp_256_cast" [MathieuHelpMe/Classifier.cpp:54->MathieuHelpMe/Classifier.cpp:136]   --->   Operation 132 'getelementptr' 'svs_V_7_addr' <Predicate = (!exitcond4_i_i)> <Delay = 0.00>
ST_3 : Operation 133 [1/1] (0.00ns)   --->   "%svs_V_8_addr = getelementptr [539 x i128]* @svs_V_8, i64 0, i64 %tmp_256_cast" [MathieuHelpMe/Classifier.cpp:54->MathieuHelpMe/Classifier.cpp:136]   --->   Operation 133 'getelementptr' 'svs_V_8_addr' <Predicate = (!exitcond4_i_i)> <Delay = 0.00>
ST_3 : Operation 134 [1/1] (0.00ns)   --->   "%svs_V_9_addr = getelementptr [539 x i126]* @svs_V_9, i64 0, i64 %tmp_256_cast" [MathieuHelpMe/Classifier.cpp:54->MathieuHelpMe/Classifier.cpp:136]   --->   Operation 134 'getelementptr' 'svs_V_9_addr' <Predicate = (!exitcond4_i_i)> <Delay = 0.00>
ST_3 : Operation 135 [1/1] (0.00ns)   --->   "%x_local_0_V_addr = getelementptr [49 x i8]* %x_local_0_V, i64 0, i64 %newIndex3_i_i" [MathieuHelpMe/Classifier.cpp:63->MathieuHelpMe/Classifier.cpp:136]   --->   Operation 135 'getelementptr' 'x_local_0_V_addr' <Predicate = (!exitcond4_i_i)> <Delay = 0.00>
ST_3 : Operation 136 [2/2] (3.25ns)   --->   "%svs_V_0_load = load i125* %svs_V_0_addr, align 16" [MathieuHelpMe/Classifier.cpp:69->MathieuHelpMe/Classifier.cpp:136]   --->   Operation 136 'load' 'svs_V_0_load' <Predicate = (!exitcond4_i_i)> <Delay = 3.25> <Core = "ROM_nP">   --->   Core 48 'ROM_nP' <Latency = 1> <II = 1> <Delay = 3.25> <Storage> <Opcode : 'load'> <Ports = 0> <Width = 5> <Depth = 11> <ROM>
ST_3 : Operation 137 [2/2] (2.32ns)   --->   "%x_local_0_V_load = load i8* %x_local_0_V_addr, align 1" [MathieuHelpMe/Classifier.cpp:70->MathieuHelpMe/Classifier.cpp:136]   --->   Operation 137 'load' 'x_local_0_V_load' <Predicate = (!exitcond4_i_i)> <Delay = 2.32> <Core = "RAM">   --->   Core 37 'RAM' <Latency = 1> <II = 1> <Delay = 2.32> <Storage> <Opcode : 'load' 'store'> <Ports = 2> <Width = 8> <Depth = 49> <RAM>
ST_3 : Operation 138 [2/2] (3.25ns)   --->   "%svs_V_1_load = load i125* %svs_V_1_addr, align 16" [MathieuHelpMe/Classifier.cpp:69->MathieuHelpMe/Classifier.cpp:136]   --->   Operation 138 'load' 'svs_V_1_load' <Predicate = (!exitcond4_i_i)> <Delay = 3.25> <Core = "ROM_nP">   --->   Core 48 'ROM_nP' <Latency = 1> <II = 1> <Delay = 3.25> <Storage> <Opcode : 'load'> <Ports = 0> <Width = 5> <Depth = 11> <ROM>
ST_3 : Operation 139 [2/2] (3.25ns)   --->   "%svs_V_2_load = load i125* %svs_V_2_addr, align 16" [MathieuHelpMe/Classifier.cpp:69->MathieuHelpMe/Classifier.cpp:136]   --->   Operation 139 'load' 'svs_V_2_load' <Predicate = (!exitcond4_i_i)> <Delay = 3.25> <Core = "ROM_nP">   --->   Core 48 'ROM_nP' <Latency = 1> <II = 1> <Delay = 3.25> <Storage> <Opcode : 'load'> <Ports = 0> <Width = 5> <Depth = 11> <ROM>
ST_3 : Operation 140 [2/2] (3.25ns)   --->   "%svs_V_3_load = load i128* %svs_V_3_addr, align 16" [MathieuHelpMe/Classifier.cpp:69->MathieuHelpMe/Classifier.cpp:136]   --->   Operation 140 'load' 'svs_V_3_load' <Predicate = (!exitcond4_i_i)> <Delay = 3.25> <Core = "ROM_nP">   --->   Core 48 'ROM_nP' <Latency = 1> <II = 1> <Delay = 3.25> <Storage> <Opcode : 'load'> <Ports = 0> <Width = 5> <Depth = 11> <ROM>
ST_3 : Operation 141 [2/2] (3.25ns)   --->   "%svs_V_4_load = load i125* %svs_V_4_addr, align 16" [MathieuHelpMe/Classifier.cpp:69->MathieuHelpMe/Classifier.cpp:136]   --->   Operation 141 'load' 'svs_V_4_load' <Predicate = (!exitcond4_i_i)> <Delay = 3.25> <Core = "ROM_nP">   --->   Core 48 'ROM_nP' <Latency = 1> <II = 1> <Delay = 3.25> <Storage> <Opcode : 'load'> <Ports = 0> <Width = 5> <Depth = 11> <ROM>
ST_3 : Operation 142 [2/2] (3.25ns)   --->   "%svs_V_5_load = load i125* %svs_V_5_addr, align 16" [MathieuHelpMe/Classifier.cpp:69->MathieuHelpMe/Classifier.cpp:136]   --->   Operation 142 'load' 'svs_V_5_load' <Predicate = (!exitcond4_i_i)> <Delay = 3.25> <Core = "ROM_nP">   --->   Core 48 'ROM_nP' <Latency = 1> <II = 1> <Delay = 3.25> <Storage> <Opcode : 'load'> <Ports = 0> <Width = 5> <Depth = 11> <ROM>
ST_3 : Operation 143 [2/2] (3.25ns)   --->   "%svs_V_6_load = load i126* %svs_V_6_addr, align 16" [MathieuHelpMe/Classifier.cpp:69->MathieuHelpMe/Classifier.cpp:136]   --->   Operation 143 'load' 'svs_V_6_load' <Predicate = (!exitcond4_i_i)> <Delay = 3.25> <Core = "ROM_nP">   --->   Core 48 'ROM_nP' <Latency = 1> <II = 1> <Delay = 3.25> <Storage> <Opcode : 'load'> <Ports = 0> <Width = 5> <Depth = 11> <ROM>
ST_3 : Operation 144 [2/2] (3.25ns)   --->   "%svs_V_7_load = load i125* %svs_V_7_addr, align 16" [MathieuHelpMe/Classifier.cpp:69->MathieuHelpMe/Classifier.cpp:136]   --->   Operation 144 'load' 'svs_V_7_load' <Predicate = (!exitcond4_i_i)> <Delay = 3.25> <Core = "ROM_nP">   --->   Core 48 'ROM_nP' <Latency = 1> <II = 1> <Delay = 3.25> <Storage> <Opcode : 'load'> <Ports = 0> <Width = 5> <Depth = 11> <ROM>
ST_3 : Operation 145 [2/2] (3.25ns)   --->   "%svs_V_8_load = load i128* %svs_V_8_addr, align 16" [MathieuHelpMe/Classifier.cpp:69->MathieuHelpMe/Classifier.cpp:136]   --->   Operation 145 'load' 'svs_V_8_load' <Predicate = (!exitcond4_i_i)> <Delay = 3.25> <Core = "ROM_nP">   --->   Core 48 'ROM_nP' <Latency = 1> <II = 1> <Delay = 3.25> <Storage> <Opcode : 'load'> <Ports = 0> <Width = 5> <Depth = 11> <ROM>
ST_3 : Operation 146 [2/2] (3.25ns)   --->   "%svs_V_9_load = load i126* %svs_V_9_addr, align 16" [MathieuHelpMe/Classifier.cpp:69->MathieuHelpMe/Classifier.cpp:136]   --->   Operation 146 'load' 'svs_V_9_load' <Predicate = (!exitcond4_i_i)> <Delay = 3.25> <Core = "ROM_nP">   --->   Core 48 'ROM_nP' <Latency = 1> <II = 1> <Delay = 3.25> <Storage> <Opcode : 'load'> <Ports = 0> <Width = 5> <Depth = 11> <ROM>
ST_3 : Operation 147 [2/2] (3.25ns)   --->   "%svs_V_10_load = load i125* %svs_V_10_addr, align 16" [MathieuHelpMe/Classifier.cpp:69->MathieuHelpMe/Classifier.cpp:136]   --->   Operation 147 'load' 'svs_V_10_load' <Predicate = (!exitcond4_i_i)> <Delay = 3.25> <Core = "ROM_nP">   --->   Core 48 'ROM_nP' <Latency = 1> <II = 1> <Delay = 3.25> <Storage> <Opcode : 'load'> <Ports = 0> <Width = 5> <Depth = 11> <ROM>
ST_3 : Operation 148 [2/2] (3.25ns)   --->   "%svs_V_11_load = load i125* %svs_V_11_addr, align 16" [MathieuHelpMe/Classifier.cpp:69->MathieuHelpMe/Classifier.cpp:136]   --->   Operation 148 'load' 'svs_V_11_load' <Predicate = (!exitcond4_i_i)> <Delay = 3.25> <Core = "ROM_nP">   --->   Core 48 'ROM_nP' <Latency = 1> <II = 1> <Delay = 3.25> <Storage> <Opcode : 'load'> <Ports = 0> <Width = 5> <Depth = 11> <ROM>
ST_3 : Operation 149 [2/2] (3.25ns)   --->   "%svs_V_12_load = load i126* %svs_V_12_addr, align 16" [MathieuHelpMe/Classifier.cpp:69->MathieuHelpMe/Classifier.cpp:136]   --->   Operation 149 'load' 'svs_V_12_load' <Predicate = (!exitcond4_i_i)> <Delay = 3.25> <Core = "ROM_nP">   --->   Core 48 'ROM_nP' <Latency = 1> <II = 1> <Delay = 3.25> <Storage> <Opcode : 'load'> <Ports = 0> <Width = 5> <Depth = 11> <ROM>
ST_3 : Operation 150 [2/2] (3.25ns)   --->   "%svs_V_13_load = load i127* %svs_V_13_addr, align 16" [MathieuHelpMe/Classifier.cpp:69->MathieuHelpMe/Classifier.cpp:136]   --->   Operation 150 'load' 'svs_V_13_load' <Predicate = (!exitcond4_i_i)> <Delay = 3.25> <Core = "ROM_nP">   --->   Core 48 'ROM_nP' <Latency = 1> <II = 1> <Delay = 3.25> <Storage> <Opcode : 'load'> <Ports = 0> <Width = 5> <Depth = 11> <ROM>
ST_3 : Operation 151 [2/2] (3.25ns)   --->   "%svs_V_14_load = load i126* %svs_V_14_addr, align 16" [MathieuHelpMe/Classifier.cpp:69->MathieuHelpMe/Classifier.cpp:136]   --->   Operation 151 'load' 'svs_V_14_load' <Predicate = (!exitcond4_i_i)> <Delay = 3.25> <Core = "ROM_nP">   --->   Core 48 'ROM_nP' <Latency = 1> <II = 1> <Delay = 3.25> <Storage> <Opcode : 'load'> <Ports = 0> <Width = 5> <Depth = 11> <ROM>
ST_3 : Operation 152 [2/2] (3.25ns)   --->   "%svs_V_15_load = load i128* %svs_V_15_addr, align 16" [MathieuHelpMe/Classifier.cpp:69->MathieuHelpMe/Classifier.cpp:136]   --->   Operation 152 'load' 'svs_V_15_load' <Predicate = (!exitcond4_i_i)> <Delay = 3.25> <Core = "ROM_nP">   --->   Core 48 'ROM_nP' <Latency = 1> <II = 1> <Delay = 3.25> <Storage> <Opcode : 'load'> <Ports = 0> <Width = 5> <Depth = 11> <ROM>
ST_3 : Operation 153 [1/1] (0.00ns)   --->   "%x_local_1_V_addr = getelementptr [49 x i8]* %x_local_1_V, i64 0, i64 %newIndex3_i_i" [MathieuHelpMe/Classifier.cpp:63->MathieuHelpMe/Classifier.cpp:136]   --->   Operation 153 'getelementptr' 'x_local_1_V_addr' <Predicate = (!exitcond4_i_i)> <Delay = 0.00>
ST_3 : Operation 154 [2/2] (2.32ns)   --->   "%x_local_1_V_load = load i8* %x_local_1_V_addr, align 1" [MathieuHelpMe/Classifier.cpp:70->MathieuHelpMe/Classifier.cpp:136]   --->   Operation 154 'load' 'x_local_1_V_load' <Predicate = (!exitcond4_i_i)> <Delay = 2.32> <Core = "RAM">   --->   Core 37 'RAM' <Latency = 1> <II = 1> <Delay = 2.32> <Storage> <Opcode : 'load' 'store'> <Ports = 2> <Width = 8> <Depth = 49> <RAM>
ST_3 : Operation 155 [1/1] (0.00ns)   --->   "%x_local_2_V_addr = getelementptr [49 x i8]* %x_local_2_V, i64 0, i64 %newIndex3_i_i" [MathieuHelpMe/Classifier.cpp:63->MathieuHelpMe/Classifier.cpp:136]   --->   Operation 155 'getelementptr' 'x_local_2_V_addr' <Predicate = (!exitcond4_i_i)> <Delay = 0.00>
ST_3 : Operation 156 [2/2] (2.32ns)   --->   "%x_local_2_V_load = load i8* %x_local_2_V_addr, align 1" [MathieuHelpMe/Classifier.cpp:70->MathieuHelpMe/Classifier.cpp:136]   --->   Operation 156 'load' 'x_local_2_V_load' <Predicate = (!exitcond4_i_i)> <Delay = 2.32> <Core = "RAM">   --->   Core 37 'RAM' <Latency = 1> <II = 1> <Delay = 2.32> <Storage> <Opcode : 'load' 'store'> <Ports = 2> <Width = 8> <Depth = 49> <RAM>
ST_3 : Operation 157 [1/1] (0.00ns)   --->   "%x_local_3_V_addr = getelementptr [49 x i8]* %x_local_3_V, i64 0, i64 %newIndex3_i_i" [MathieuHelpMe/Classifier.cpp:63->MathieuHelpMe/Classifier.cpp:136]   --->   Operation 157 'getelementptr' 'x_local_3_V_addr' <Predicate = (!exitcond4_i_i)> <Delay = 0.00>
ST_3 : Operation 158 [2/2] (2.32ns)   --->   "%x_local_3_V_load = load i8* %x_local_3_V_addr, align 1" [MathieuHelpMe/Classifier.cpp:70->MathieuHelpMe/Classifier.cpp:136]   --->   Operation 158 'load' 'x_local_3_V_load' <Predicate = (!exitcond4_i_i)> <Delay = 2.32> <Core = "RAM">   --->   Core 37 'RAM' <Latency = 1> <II = 1> <Delay = 2.32> <Storage> <Opcode : 'load' 'store'> <Ports = 2> <Width = 8> <Depth = 49> <RAM>
ST_3 : Operation 159 [1/1] (0.00ns)   --->   "%x_local_4_V_addr = getelementptr [49 x i8]* %x_local_4_V, i64 0, i64 %newIndex3_i_i" [MathieuHelpMe/Classifier.cpp:63->MathieuHelpMe/Classifier.cpp:136]   --->   Operation 159 'getelementptr' 'x_local_4_V_addr' <Predicate = (!exitcond4_i_i)> <Delay = 0.00>
ST_3 : Operation 160 [2/2] (2.32ns)   --->   "%x_local_4_V_load = load i8* %x_local_4_V_addr, align 1" [MathieuHelpMe/Classifier.cpp:70->MathieuHelpMe/Classifier.cpp:136]   --->   Operation 160 'load' 'x_local_4_V_load' <Predicate = (!exitcond4_i_i)> <Delay = 2.32> <Core = "RAM">   --->   Core 37 'RAM' <Latency = 1> <II = 1> <Delay = 2.32> <Storage> <Opcode : 'load' 'store'> <Ports = 2> <Width = 8> <Depth = 49> <RAM>
ST_3 : Operation 161 [1/1] (0.00ns)   --->   "%x_local_5_V_addr = getelementptr [49 x i8]* %x_local_5_V, i64 0, i64 %newIndex3_i_i" [MathieuHelpMe/Classifier.cpp:63->MathieuHelpMe/Classifier.cpp:136]   --->   Operation 161 'getelementptr' 'x_local_5_V_addr' <Predicate = (!exitcond4_i_i)> <Delay = 0.00>
ST_3 : Operation 162 [2/2] (2.32ns)   --->   "%x_local_5_V_load = load i8* %x_local_5_V_addr, align 1" [MathieuHelpMe/Classifier.cpp:70->MathieuHelpMe/Classifier.cpp:136]   --->   Operation 162 'load' 'x_local_5_V_load' <Predicate = (!exitcond4_i_i)> <Delay = 2.32> <Core = "RAM">   --->   Core 37 'RAM' <Latency = 1> <II = 1> <Delay = 2.32> <Storage> <Opcode : 'load' 'store'> <Ports = 2> <Width = 8> <Depth = 49> <RAM>
ST_3 : Operation 163 [1/1] (0.00ns)   --->   "%x_local_6_V_addr = getelementptr [49 x i8]* %x_local_6_V, i64 0, i64 %newIndex3_i_i" [MathieuHelpMe/Classifier.cpp:63->MathieuHelpMe/Classifier.cpp:136]   --->   Operation 163 'getelementptr' 'x_local_6_V_addr' <Predicate = (!exitcond4_i_i)> <Delay = 0.00>
ST_3 : Operation 164 [2/2] (2.32ns)   --->   "%x_local_6_V_load = load i8* %x_local_6_V_addr, align 1" [MathieuHelpMe/Classifier.cpp:70->MathieuHelpMe/Classifier.cpp:136]   --->   Operation 164 'load' 'x_local_6_V_load' <Predicate = (!exitcond4_i_i)> <Delay = 2.32> <Core = "RAM">   --->   Core 37 'RAM' <Latency = 1> <II = 1> <Delay = 2.32> <Storage> <Opcode : 'load' 'store'> <Ports = 2> <Width = 8> <Depth = 49> <RAM>
ST_3 : Operation 165 [1/1] (0.00ns)   --->   "%x_local_7_V_addr = getelementptr [49 x i8]* %x_local_7_V, i64 0, i64 %newIndex3_i_i" [MathieuHelpMe/Classifier.cpp:63->MathieuHelpMe/Classifier.cpp:136]   --->   Operation 165 'getelementptr' 'x_local_7_V_addr' <Predicate = (!exitcond4_i_i)> <Delay = 0.00>
ST_3 : Operation 166 [2/2] (2.32ns)   --->   "%x_local_7_V_load = load i8* %x_local_7_V_addr, align 1" [MathieuHelpMe/Classifier.cpp:70->MathieuHelpMe/Classifier.cpp:136]   --->   Operation 166 'load' 'x_local_7_V_load' <Predicate = (!exitcond4_i_i)> <Delay = 2.32> <Core = "RAM">   --->   Core 37 'RAM' <Latency = 1> <II = 1> <Delay = 2.32> <Storage> <Opcode : 'load' 'store'> <Ports = 2> <Width = 8> <Depth = 49> <RAM>
ST_3 : Operation 167 [1/1] (0.00ns)   --->   "%x_local_8_V_addr = getelementptr [49 x i8]* %x_local_8_V, i64 0, i64 %newIndex3_i_i" [MathieuHelpMe/Classifier.cpp:63->MathieuHelpMe/Classifier.cpp:136]   --->   Operation 167 'getelementptr' 'x_local_8_V_addr' <Predicate = (!exitcond4_i_i)> <Delay = 0.00>
ST_3 : Operation 168 [2/2] (2.32ns)   --->   "%x_local_8_V_load = load i8* %x_local_8_V_addr, align 1" [MathieuHelpMe/Classifier.cpp:70->MathieuHelpMe/Classifier.cpp:136]   --->   Operation 168 'load' 'x_local_8_V_load' <Predicate = (!exitcond4_i_i)> <Delay = 2.32> <Core = "RAM">   --->   Core 37 'RAM' <Latency = 1> <II = 1> <Delay = 2.32> <Storage> <Opcode : 'load' 'store'> <Ports = 2> <Width = 8> <Depth = 49> <RAM>
ST_3 : Operation 169 [1/1] (0.00ns)   --->   "%x_local_9_V_addr = getelementptr [49 x i8]* %x_local_9_V, i64 0, i64 %newIndex3_i_i" [MathieuHelpMe/Classifier.cpp:63->MathieuHelpMe/Classifier.cpp:136]   --->   Operation 169 'getelementptr' 'x_local_9_V_addr' <Predicate = (!exitcond4_i_i)> <Delay = 0.00>
ST_3 : Operation 170 [2/2] (2.32ns)   --->   "%x_local_9_V_load = load i8* %x_local_9_V_addr, align 1" [MathieuHelpMe/Classifier.cpp:70->MathieuHelpMe/Classifier.cpp:136]   --->   Operation 170 'load' 'x_local_9_V_load' <Predicate = (!exitcond4_i_i)> <Delay = 2.32> <Core = "RAM">   --->   Core 37 'RAM' <Latency = 1> <II = 1> <Delay = 2.32> <Storage> <Opcode : 'load' 'store'> <Ports = 2> <Width = 8> <Depth = 49> <RAM>
ST_3 : Operation 171 [1/1] (0.00ns)   --->   "%x_local_10_V_addr = getelementptr [49 x i8]* %x_local_10_V, i64 0, i64 %newIndex3_i_i" [MathieuHelpMe/Classifier.cpp:63->MathieuHelpMe/Classifier.cpp:136]   --->   Operation 171 'getelementptr' 'x_local_10_V_addr' <Predicate = (!exitcond4_i_i)> <Delay = 0.00>
ST_3 : Operation 172 [2/2] (2.32ns)   --->   "%x_local_10_V_load = load i8* %x_local_10_V_addr, align 1" [MathieuHelpMe/Classifier.cpp:70->MathieuHelpMe/Classifier.cpp:136]   --->   Operation 172 'load' 'x_local_10_V_load' <Predicate = (!exitcond4_i_i)> <Delay = 2.32> <Core = "RAM">   --->   Core 37 'RAM' <Latency = 1> <II = 1> <Delay = 2.32> <Storage> <Opcode : 'load' 'store'> <Ports = 2> <Width = 8> <Depth = 49> <RAM>
ST_3 : Operation 173 [1/1] (0.00ns)   --->   "%x_local_11_V_addr = getelementptr [49 x i8]* %x_local_11_V, i64 0, i64 %newIndex3_i_i" [MathieuHelpMe/Classifier.cpp:63->MathieuHelpMe/Classifier.cpp:136]   --->   Operation 173 'getelementptr' 'x_local_11_V_addr' <Predicate = (!exitcond4_i_i)> <Delay = 0.00>
ST_3 : Operation 174 [2/2] (2.32ns)   --->   "%x_local_11_V_load = load i8* %x_local_11_V_addr, align 1" [MathieuHelpMe/Classifier.cpp:70->MathieuHelpMe/Classifier.cpp:136]   --->   Operation 174 'load' 'x_local_11_V_load' <Predicate = (!exitcond4_i_i)> <Delay = 2.32> <Core = "RAM">   --->   Core 37 'RAM' <Latency = 1> <II = 1> <Delay = 2.32> <Storage> <Opcode : 'load' 'store'> <Ports = 2> <Width = 8> <Depth = 49> <RAM>
ST_3 : Operation 175 [1/1] (0.00ns)   --->   "%x_local_12_V_addr = getelementptr [49 x i8]* %x_local_12_V, i64 0, i64 %newIndex3_i_i" [MathieuHelpMe/Classifier.cpp:63->MathieuHelpMe/Classifier.cpp:136]   --->   Operation 175 'getelementptr' 'x_local_12_V_addr' <Predicate = (!exitcond4_i_i)> <Delay = 0.00>
ST_3 : Operation 176 [2/2] (2.32ns)   --->   "%x_local_12_V_load = load i8* %x_local_12_V_addr, align 1" [MathieuHelpMe/Classifier.cpp:70->MathieuHelpMe/Classifier.cpp:136]   --->   Operation 176 'load' 'x_local_12_V_load' <Predicate = (!exitcond4_i_i)> <Delay = 2.32> <Core = "RAM">   --->   Core 37 'RAM' <Latency = 1> <II = 1> <Delay = 2.32> <Storage> <Opcode : 'load' 'store'> <Ports = 2> <Width = 8> <Depth = 49> <RAM>
ST_3 : Operation 177 [1/1] (0.00ns)   --->   "%x_local_13_V_addr = getelementptr [49 x i8]* %x_local_13_V, i64 0, i64 %newIndex3_i_i" [MathieuHelpMe/Classifier.cpp:63->MathieuHelpMe/Classifier.cpp:136]   --->   Operation 177 'getelementptr' 'x_local_13_V_addr' <Predicate = (!exitcond4_i_i)> <Delay = 0.00>
ST_3 : Operation 178 [2/2] (2.32ns)   --->   "%x_local_13_V_load = load i8* %x_local_13_V_addr, align 1" [MathieuHelpMe/Classifier.cpp:70->MathieuHelpMe/Classifier.cpp:136]   --->   Operation 178 'load' 'x_local_13_V_load' <Predicate = (!exitcond4_i_i)> <Delay = 2.32> <Core = "RAM">   --->   Core 37 'RAM' <Latency = 1> <II = 1> <Delay = 2.32> <Storage> <Opcode : 'load' 'store'> <Ports = 2> <Width = 8> <Depth = 49> <RAM>
ST_3 : Operation 179 [1/1] (0.00ns)   --->   "%x_local_14_V_addr = getelementptr [49 x i8]* %x_local_14_V, i64 0, i64 %newIndex3_i_i" [MathieuHelpMe/Classifier.cpp:63->MathieuHelpMe/Classifier.cpp:136]   --->   Operation 179 'getelementptr' 'x_local_14_V_addr' <Predicate = (!exitcond4_i_i)> <Delay = 0.00>
ST_3 : Operation 180 [2/2] (2.32ns)   --->   "%x_local_14_V_load = load i8* %x_local_14_V_addr, align 1" [MathieuHelpMe/Classifier.cpp:70->MathieuHelpMe/Classifier.cpp:136]   --->   Operation 180 'load' 'x_local_14_V_load' <Predicate = (!exitcond4_i_i)> <Delay = 2.32> <Core = "RAM">   --->   Core 37 'RAM' <Latency = 1> <II = 1> <Delay = 2.32> <Storage> <Opcode : 'load' 'store'> <Ports = 2> <Width = 8> <Depth = 49> <RAM>
ST_3 : Operation 181 [1/1] (0.00ns)   --->   "%x_local_15_V_addr = getelementptr [49 x i8]* %x_local_15_V, i64 0, i64 %newIndex3_i_i" [MathieuHelpMe/Classifier.cpp:63->MathieuHelpMe/Classifier.cpp:136]   --->   Operation 181 'getelementptr' 'x_local_15_V_addr' <Predicate = (!exitcond4_i_i)> <Delay = 0.00>
ST_3 : Operation 182 [2/2] (2.32ns)   --->   "%x_local_15_V_load = load i8* %x_local_15_V_addr, align 1" [MathieuHelpMe/Classifier.cpp:70->MathieuHelpMe/Classifier.cpp:136]   --->   Operation 182 'load' 'x_local_15_V_load' <Predicate = (!exitcond4_i_i)> <Delay = 2.32> <Core = "RAM">   --->   Core 37 'RAM' <Latency = 1> <II = 1> <Delay = 2.32> <Storage> <Opcode : 'load' 'store'> <Ports = 2> <Width = 8> <Depth = 49> <RAM>
ST_3 : Operation 183 [1/1] (1.73ns)   --->   "%j_1_i_i = add i10 16, %j_i_i" [MathieuHelpMe/Classifier.cpp:63->MathieuHelpMe/Classifier.cpp:136]   --->   Operation 183 'add' 'j_1_i_i' <Predicate = (!exitcond4_i_i)> <Delay = 1.73> <Core = "AddSub">   --->   Core 14 'AddSub' <Latency = 0> <II = 1> <Delay = 2.55> <FuncUnit> <Opcode : 'add' 'sub'> <InPorts = 2> <OutPorts = 1>

State 4 <SV = 3> <Delay = 7.42>
ST_4 : Operation 184 [1/2] (3.25ns)   --->   "%svs_V_0_load = load i125* %svs_V_0_addr, align 16" [MathieuHelpMe/Classifier.cpp:69->MathieuHelpMe/Classifier.cpp:136]   --->   Operation 184 'load' 'svs_V_0_load' <Predicate = (!exitcond4_i_i)> <Delay = 3.25> <Core = "ROM_nP">   --->   Core 48 'ROM_nP' <Latency = 1> <II = 1> <Delay = 3.25> <Storage> <Opcode : 'load'> <Ports = 0> <Width = 5> <Depth = 11> <ROM>
ST_4 : Operation 185 [1/1] (0.00ns)   --->   "%tmp_239 = trunc i125 %svs_V_0_load to i8" [MathieuHelpMe/Classifier.cpp:69->MathieuHelpMe/Classifier.cpp:136]   --->   Operation 185 'trunc' 'tmp_239' <Predicate = (!exitcond4_i_i)> <Delay = 0.00>
ST_4 : Operation 186 [1/2] (2.32ns)   --->   "%x_local_0_V_load = load i8* %x_local_0_V_addr, align 1" [MathieuHelpMe/Classifier.cpp:70->MathieuHelpMe/Classifier.cpp:136]   --->   Operation 186 'load' 'x_local_0_V_load' <Predicate = (!exitcond4_i_i)> <Delay = 2.32> <Core = "RAM">   --->   Core 37 'RAM' <Latency = 1> <II = 1> <Delay = 2.32> <Storage> <Opcode : 'load' 'store'> <Ports = 2> <Width = 8> <Depth = 49> <RAM>
ST_4 : Operation 187 [1/1] (0.00ns)   --->   "%OP1_V_0_i_i = sext i8 %tmp_239 to i16" [MathieuHelpMe/Classifier.cpp:71->MathieuHelpMe/Classifier.cpp:136]   --->   Operation 187 'sext' 'OP1_V_0_i_i' <Predicate = (!exitcond4_i_i)> <Delay = 0.00>
ST_4 : Operation 188 [1/1] (0.00ns)   --->   "%OP2_V_0_i_i = sext i8 %x_local_0_V_load to i16" [MathieuHelpMe/Classifier.cpp:71->MathieuHelpMe/Classifier.cpp:136]   --->   Operation 188 'sext' 'OP2_V_0_i_i' <Predicate = (!exitcond4_i_i)> <Delay = 0.00>
ST_4 : Operation 189 [1/1] (4.17ns)   --->   "%r_V_0_i_i = mul i16 %OP2_V_0_i_i, %OP1_V_0_i_i" [MathieuHelpMe/Classifier.cpp:71->MathieuHelpMe/Classifier.cpp:136]   --->   Operation 189 'mul' 'r_V_0_i_i' <Predicate = (!exitcond4_i_i)> <Delay = 4.17> <Core = "Mul">   --->   Core 16 'Mul' <Latency = 0> <II = 1> <Delay = 3.74> <FuncUnit> <Opcode : 'mul'> <InPorts = 2> <OutPorts = 1>
ST_4 : Operation 190 [1/2] (3.25ns)   --->   "%svs_V_1_load = load i125* %svs_V_1_addr, align 16" [MathieuHelpMe/Classifier.cpp:69->MathieuHelpMe/Classifier.cpp:136]   --->   Operation 190 'load' 'svs_V_1_load' <Predicate = (!exitcond4_i_i)> <Delay = 3.25> <Core = "ROM_nP">   --->   Core 48 'ROM_nP' <Latency = 1> <II = 1> <Delay = 3.25> <Storage> <Opcode : 'load'> <Ports = 0> <Width = 5> <Depth = 11> <ROM>
ST_4 : Operation 191 [1/1] (0.00ns)   --->   "%tmp_240 = trunc i125 %svs_V_1_load to i8" [MathieuHelpMe/Classifier.cpp:69->MathieuHelpMe/Classifier.cpp:136]   --->   Operation 191 'trunc' 'tmp_240' <Predicate = (!exitcond4_i_i)> <Delay = 0.00>
ST_4 : Operation 192 [1/1] (0.00ns)   --->   "%OP1_V_0_1_i_i = sext i8 %tmp_240 to i16" [MathieuHelpMe/Classifier.cpp:71->MathieuHelpMe/Classifier.cpp:136]   --->   Operation 192 'sext' 'OP1_V_0_1_i_i' <Predicate = (!exitcond4_i_i)> <Delay = 0.00>
ST_4 : Operation 193 [1/1] (4.17ns)   --->   "%r_V_0_1_i_i = mul i16 %OP2_V_0_i_i, %OP1_V_0_1_i_i" [MathieuHelpMe/Classifier.cpp:71->MathieuHelpMe/Classifier.cpp:136]   --->   Operation 193 'mul' 'r_V_0_1_i_i' <Predicate = (!exitcond4_i_i)> <Delay = 4.17> <Core = "Mul">   --->   Core 16 'Mul' <Latency = 0> <II = 1> <Delay = 3.74> <FuncUnit> <Opcode : 'mul'> <InPorts = 2> <OutPorts = 1>
ST_4 : Operation 194 [1/2] (3.25ns)   --->   "%svs_V_2_load = load i125* %svs_V_2_addr, align 16" [MathieuHelpMe/Classifier.cpp:69->MathieuHelpMe/Classifier.cpp:136]   --->   Operation 194 'load' 'svs_V_2_load' <Predicate = (!exitcond4_i_i)> <Delay = 3.25> <Core = "ROM_nP">   --->   Core 48 'ROM_nP' <Latency = 1> <II = 1> <Delay = 3.25> <Storage> <Opcode : 'load'> <Ports = 0> <Width = 5> <Depth = 11> <ROM>
ST_4 : Operation 195 [1/1] (0.00ns)   --->   "%tmp_241 = trunc i125 %svs_V_2_load to i8" [MathieuHelpMe/Classifier.cpp:69->MathieuHelpMe/Classifier.cpp:136]   --->   Operation 195 'trunc' 'tmp_241' <Predicate = (!exitcond4_i_i)> <Delay = 0.00>
ST_4 : Operation 196 [1/1] (0.00ns)   --->   "%OP1_V_0_2_i_i = sext i8 %tmp_241 to i16" [MathieuHelpMe/Classifier.cpp:71->MathieuHelpMe/Classifier.cpp:136]   --->   Operation 196 'sext' 'OP1_V_0_2_i_i' <Predicate = (!exitcond4_i_i)> <Delay = 0.00>
ST_4 : Operation 197 [1/1] (4.17ns)   --->   "%r_V_0_2_i_i = mul i16 %OP2_V_0_i_i, %OP1_V_0_2_i_i" [MathieuHelpMe/Classifier.cpp:71->MathieuHelpMe/Classifier.cpp:136]   --->   Operation 197 'mul' 'r_V_0_2_i_i' <Predicate = (!exitcond4_i_i)> <Delay = 4.17> <Core = "Mul">   --->   Core 16 'Mul' <Latency = 0> <II = 1> <Delay = 3.74> <FuncUnit> <Opcode : 'mul'> <InPorts = 2> <OutPorts = 1>
ST_4 : Operation 198 [1/2] (3.25ns)   --->   "%svs_V_3_load = load i128* %svs_V_3_addr, align 16" [MathieuHelpMe/Classifier.cpp:69->MathieuHelpMe/Classifier.cpp:136]   --->   Operation 198 'load' 'svs_V_3_load' <Predicate = (!exitcond4_i_i)> <Delay = 3.25> <Core = "ROM_nP">   --->   Core 48 'ROM_nP' <Latency = 1> <II = 1> <Delay = 3.25> <Storage> <Opcode : 'load'> <Ports = 0> <Width = 5> <Depth = 11> <ROM>
ST_4 : Operation 199 [1/1] (0.00ns)   --->   "%tmp_242 = trunc i128 %svs_V_3_load to i8" [MathieuHelpMe/Classifier.cpp:69->MathieuHelpMe/Classifier.cpp:136]   --->   Operation 199 'trunc' 'tmp_242' <Predicate = (!exitcond4_i_i)> <Delay = 0.00>
ST_4 : Operation 200 [1/1] (0.00ns)   --->   "%OP1_V_0_3_i_i = sext i8 %tmp_242 to i16" [MathieuHelpMe/Classifier.cpp:71->MathieuHelpMe/Classifier.cpp:136]   --->   Operation 200 'sext' 'OP1_V_0_3_i_i' <Predicate = (!exitcond4_i_i)> <Delay = 0.00>
ST_4 : Operation 201 [1/1] (4.17ns)   --->   "%r_V_0_3_i_i = mul i16 %OP2_V_0_i_i, %OP1_V_0_3_i_i" [MathieuHelpMe/Classifier.cpp:71->MathieuHelpMe/Classifier.cpp:136]   --->   Operation 201 'mul' 'r_V_0_3_i_i' <Predicate = (!exitcond4_i_i)> <Delay = 4.17> <Core = "Mul">   --->   Core 16 'Mul' <Latency = 0> <II = 1> <Delay = 3.74> <FuncUnit> <Opcode : 'mul'> <InPorts = 2> <OutPorts = 1>
ST_4 : Operation 202 [1/2] (3.25ns)   --->   "%svs_V_4_load = load i125* %svs_V_4_addr, align 16" [MathieuHelpMe/Classifier.cpp:69->MathieuHelpMe/Classifier.cpp:136]   --->   Operation 202 'load' 'svs_V_4_load' <Predicate = (!exitcond4_i_i)> <Delay = 3.25> <Core = "ROM_nP">   --->   Core 48 'ROM_nP' <Latency = 1> <II = 1> <Delay = 3.25> <Storage> <Opcode : 'load'> <Ports = 0> <Width = 5> <Depth = 11> <ROM>
ST_4 : Operation 203 [1/1] (0.00ns)   --->   "%tmp_243 = trunc i125 %svs_V_4_load to i8" [MathieuHelpMe/Classifier.cpp:69->MathieuHelpMe/Classifier.cpp:136]   --->   Operation 203 'trunc' 'tmp_243' <Predicate = (!exitcond4_i_i)> <Delay = 0.00>
ST_4 : Operation 204 [1/1] (0.00ns)   --->   "%OP1_V_0_4_i_i = sext i8 %tmp_243 to i16" [MathieuHelpMe/Classifier.cpp:71->MathieuHelpMe/Classifier.cpp:136]   --->   Operation 204 'sext' 'OP1_V_0_4_i_i' <Predicate = (!exitcond4_i_i)> <Delay = 0.00>
ST_4 : Operation 205 [1/1] (4.17ns)   --->   "%r_V_0_4_i_i = mul i16 %OP2_V_0_i_i, %OP1_V_0_4_i_i" [MathieuHelpMe/Classifier.cpp:71->MathieuHelpMe/Classifier.cpp:136]   --->   Operation 205 'mul' 'r_V_0_4_i_i' <Predicate = (!exitcond4_i_i)> <Delay = 4.17> <Core = "Mul">   --->   Core 16 'Mul' <Latency = 0> <II = 1> <Delay = 3.74> <FuncUnit> <Opcode : 'mul'> <InPorts = 2> <OutPorts = 1>
ST_4 : Operation 206 [1/2] (3.25ns)   --->   "%svs_V_5_load = load i125* %svs_V_5_addr, align 16" [MathieuHelpMe/Classifier.cpp:69->MathieuHelpMe/Classifier.cpp:136]   --->   Operation 206 'load' 'svs_V_5_load' <Predicate = (!exitcond4_i_i)> <Delay = 3.25> <Core = "ROM_nP">   --->   Core 48 'ROM_nP' <Latency = 1> <II = 1> <Delay = 3.25> <Storage> <Opcode : 'load'> <Ports = 0> <Width = 5> <Depth = 11> <ROM>
ST_4 : Operation 207 [1/1] (0.00ns)   --->   "%tmp_244 = trunc i125 %svs_V_5_load to i8" [MathieuHelpMe/Classifier.cpp:69->MathieuHelpMe/Classifier.cpp:136]   --->   Operation 207 'trunc' 'tmp_244' <Predicate = (!exitcond4_i_i)> <Delay = 0.00>
ST_4 : Operation 208 [1/1] (0.00ns)   --->   "%OP1_V_0_5_i_i = sext i8 %tmp_244 to i16" [MathieuHelpMe/Classifier.cpp:71->MathieuHelpMe/Classifier.cpp:136]   --->   Operation 208 'sext' 'OP1_V_0_5_i_i' <Predicate = (!exitcond4_i_i)> <Delay = 0.00>
ST_4 : Operation 209 [1/1] (4.17ns)   --->   "%r_V_0_5_i_i = mul i16 %OP2_V_0_i_i, %OP1_V_0_5_i_i" [MathieuHelpMe/Classifier.cpp:71->MathieuHelpMe/Classifier.cpp:136]   --->   Operation 209 'mul' 'r_V_0_5_i_i' <Predicate = (!exitcond4_i_i)> <Delay = 4.17> <Core = "Mul">   --->   Core 16 'Mul' <Latency = 0> <II = 1> <Delay = 3.74> <FuncUnit> <Opcode : 'mul'> <InPorts = 2> <OutPorts = 1>
ST_4 : Operation 210 [1/2] (3.25ns)   --->   "%svs_V_6_load = load i126* %svs_V_6_addr, align 16" [MathieuHelpMe/Classifier.cpp:69->MathieuHelpMe/Classifier.cpp:136]   --->   Operation 210 'load' 'svs_V_6_load' <Predicate = (!exitcond4_i_i)> <Delay = 3.25> <Core = "ROM_nP">   --->   Core 48 'ROM_nP' <Latency = 1> <II = 1> <Delay = 3.25> <Storage> <Opcode : 'load'> <Ports = 0> <Width = 5> <Depth = 11> <ROM>
ST_4 : Operation 211 [1/1] (0.00ns)   --->   "%tmp_245 = trunc i126 %svs_V_6_load to i8" [MathieuHelpMe/Classifier.cpp:69->MathieuHelpMe/Classifier.cpp:136]   --->   Operation 211 'trunc' 'tmp_245' <Predicate = (!exitcond4_i_i)> <Delay = 0.00>
ST_4 : Operation 212 [1/1] (0.00ns)   --->   "%OP1_V_0_6_i_i = sext i8 %tmp_245 to i16" [MathieuHelpMe/Classifier.cpp:71->MathieuHelpMe/Classifier.cpp:136]   --->   Operation 212 'sext' 'OP1_V_0_6_i_i' <Predicate = (!exitcond4_i_i)> <Delay = 0.00>
ST_4 : Operation 213 [1/1] (4.17ns)   --->   "%r_V_0_6_i_i = mul i16 %OP2_V_0_i_i, %OP1_V_0_6_i_i" [MathieuHelpMe/Classifier.cpp:71->MathieuHelpMe/Classifier.cpp:136]   --->   Operation 213 'mul' 'r_V_0_6_i_i' <Predicate = (!exitcond4_i_i)> <Delay = 4.17> <Core = "Mul">   --->   Core 16 'Mul' <Latency = 0> <II = 1> <Delay = 3.74> <FuncUnit> <Opcode : 'mul'> <InPorts = 2> <OutPorts = 1>
ST_4 : Operation 214 [1/2] (3.25ns)   --->   "%svs_V_7_load = load i125* %svs_V_7_addr, align 16" [MathieuHelpMe/Classifier.cpp:69->MathieuHelpMe/Classifier.cpp:136]   --->   Operation 214 'load' 'svs_V_7_load' <Predicate = (!exitcond4_i_i)> <Delay = 3.25> <Core = "ROM_nP">   --->   Core 48 'ROM_nP' <Latency = 1> <II = 1> <Delay = 3.25> <Storage> <Opcode : 'load'> <Ports = 0> <Width = 5> <Depth = 11> <ROM>
ST_4 : Operation 215 [1/1] (0.00ns)   --->   "%tmp_246 = trunc i125 %svs_V_7_load to i8" [MathieuHelpMe/Classifier.cpp:69->MathieuHelpMe/Classifier.cpp:136]   --->   Operation 215 'trunc' 'tmp_246' <Predicate = (!exitcond4_i_i)> <Delay = 0.00>
ST_4 : Operation 216 [1/1] (0.00ns)   --->   "%OP1_V_0_7_i_i = sext i8 %tmp_246 to i16" [MathieuHelpMe/Classifier.cpp:71->MathieuHelpMe/Classifier.cpp:136]   --->   Operation 216 'sext' 'OP1_V_0_7_i_i' <Predicate = (!exitcond4_i_i)> <Delay = 0.00>
ST_4 : Operation 217 [1/1] (4.17ns)   --->   "%r_V_0_7_i_i = mul i16 %OP2_V_0_i_i, %OP1_V_0_7_i_i" [MathieuHelpMe/Classifier.cpp:71->MathieuHelpMe/Classifier.cpp:136]   --->   Operation 217 'mul' 'r_V_0_7_i_i' <Predicate = (!exitcond4_i_i)> <Delay = 4.17> <Core = "Mul">   --->   Core 16 'Mul' <Latency = 0> <II = 1> <Delay = 3.74> <FuncUnit> <Opcode : 'mul'> <InPorts = 2> <OutPorts = 1>
ST_4 : Operation 218 [1/2] (3.25ns)   --->   "%svs_V_8_load = load i128* %svs_V_8_addr, align 16" [MathieuHelpMe/Classifier.cpp:69->MathieuHelpMe/Classifier.cpp:136]   --->   Operation 218 'load' 'svs_V_8_load' <Predicate = (!exitcond4_i_i)> <Delay = 3.25> <Core = "ROM_nP">   --->   Core 48 'ROM_nP' <Latency = 1> <II = 1> <Delay = 3.25> <Storage> <Opcode : 'load'> <Ports = 0> <Width = 5> <Depth = 11> <ROM>
ST_4 : Operation 219 [1/1] (0.00ns)   --->   "%tmp_247 = trunc i128 %svs_V_8_load to i8" [MathieuHelpMe/Classifier.cpp:69->MathieuHelpMe/Classifier.cpp:136]   --->   Operation 219 'trunc' 'tmp_247' <Predicate = (!exitcond4_i_i)> <Delay = 0.00>
ST_4 : Operation 220 [1/1] (0.00ns)   --->   "%OP1_V_0_8_i_i = sext i8 %tmp_247 to i16" [MathieuHelpMe/Classifier.cpp:71->MathieuHelpMe/Classifier.cpp:136]   --->   Operation 220 'sext' 'OP1_V_0_8_i_i' <Predicate = (!exitcond4_i_i)> <Delay = 0.00>
ST_4 : Operation 221 [1/1] (4.17ns)   --->   "%r_V_0_8_i_i = mul i16 %OP2_V_0_i_i, %OP1_V_0_8_i_i" [MathieuHelpMe/Classifier.cpp:71->MathieuHelpMe/Classifier.cpp:136]   --->   Operation 221 'mul' 'r_V_0_8_i_i' <Predicate = (!exitcond4_i_i)> <Delay = 4.17> <Core = "Mul">   --->   Core 16 'Mul' <Latency = 0> <II = 1> <Delay = 3.74> <FuncUnit> <Opcode : 'mul'> <InPorts = 2> <OutPorts = 1>
ST_4 : Operation 222 [1/2] (3.25ns)   --->   "%svs_V_9_load = load i126* %svs_V_9_addr, align 16" [MathieuHelpMe/Classifier.cpp:69->MathieuHelpMe/Classifier.cpp:136]   --->   Operation 222 'load' 'svs_V_9_load' <Predicate = (!exitcond4_i_i)> <Delay = 3.25> <Core = "ROM_nP">   --->   Core 48 'ROM_nP' <Latency = 1> <II = 1> <Delay = 3.25> <Storage> <Opcode : 'load'> <Ports = 0> <Width = 5> <Depth = 11> <ROM>
ST_4 : Operation 223 [1/1] (0.00ns)   --->   "%tmp_248 = trunc i126 %svs_V_9_load to i8" [MathieuHelpMe/Classifier.cpp:69->MathieuHelpMe/Classifier.cpp:136]   --->   Operation 223 'trunc' 'tmp_248' <Predicate = (!exitcond4_i_i)> <Delay = 0.00>
ST_4 : Operation 224 [1/1] (0.00ns)   --->   "%OP1_V_0_9_i_i = sext i8 %tmp_248 to i16" [MathieuHelpMe/Classifier.cpp:71->MathieuHelpMe/Classifier.cpp:136]   --->   Operation 224 'sext' 'OP1_V_0_9_i_i' <Predicate = (!exitcond4_i_i)> <Delay = 0.00>
ST_4 : Operation 225 [1/1] (4.17ns)   --->   "%r_V_0_9_i_i = mul i16 %OP2_V_0_i_i, %OP1_V_0_9_i_i" [MathieuHelpMe/Classifier.cpp:71->MathieuHelpMe/Classifier.cpp:136]   --->   Operation 225 'mul' 'r_V_0_9_i_i' <Predicate = (!exitcond4_i_i)> <Delay = 4.17> <Core = "Mul">   --->   Core 16 'Mul' <Latency = 0> <II = 1> <Delay = 3.74> <FuncUnit> <Opcode : 'mul'> <InPorts = 2> <OutPorts = 1>
ST_4 : Operation 226 [1/2] (3.25ns)   --->   "%svs_V_10_load = load i125* %svs_V_10_addr, align 16" [MathieuHelpMe/Classifier.cpp:69->MathieuHelpMe/Classifier.cpp:136]   --->   Operation 226 'load' 'svs_V_10_load' <Predicate = (!exitcond4_i_i)> <Delay = 3.25> <Core = "ROM_nP">   --->   Core 48 'ROM_nP' <Latency = 1> <II = 1> <Delay = 3.25> <Storage> <Opcode : 'load'> <Ports = 0> <Width = 5> <Depth = 11> <ROM>
ST_4 : Operation 227 [1/1] (0.00ns)   --->   "%tmp_249 = trunc i125 %svs_V_10_load to i8" [MathieuHelpMe/Classifier.cpp:69->MathieuHelpMe/Classifier.cpp:136]   --->   Operation 227 'trunc' 'tmp_249' <Predicate = (!exitcond4_i_i)> <Delay = 0.00>
ST_4 : Operation 228 [1/1] (0.00ns)   --->   "%OP1_V_0_i_i_32 = sext i8 %tmp_249 to i16" [MathieuHelpMe/Classifier.cpp:71->MathieuHelpMe/Classifier.cpp:136]   --->   Operation 228 'sext' 'OP1_V_0_i_i_32' <Predicate = (!exitcond4_i_i)> <Delay = 0.00>
ST_4 : Operation 229 [1/1] (4.17ns)   --->   "%r_V_0_i_i_33 = mul i16 %OP2_V_0_i_i, %OP1_V_0_i_i_32" [MathieuHelpMe/Classifier.cpp:71->MathieuHelpMe/Classifier.cpp:136]   --->   Operation 229 'mul' 'r_V_0_i_i_33' <Predicate = (!exitcond4_i_i)> <Delay = 4.17> <Core = "Mul">   --->   Core 16 'Mul' <Latency = 0> <II = 1> <Delay = 3.74> <FuncUnit> <Opcode : 'mul'> <InPorts = 2> <OutPorts = 1>
ST_4 : Operation 230 [1/2] (3.25ns)   --->   "%svs_V_11_load = load i125* %svs_V_11_addr, align 16" [MathieuHelpMe/Classifier.cpp:69->MathieuHelpMe/Classifier.cpp:136]   --->   Operation 230 'load' 'svs_V_11_load' <Predicate = (!exitcond4_i_i)> <Delay = 3.25> <Core = "ROM_nP">   --->   Core 48 'ROM_nP' <Latency = 1> <II = 1> <Delay = 3.25> <Storage> <Opcode : 'load'> <Ports = 0> <Width = 5> <Depth = 11> <ROM>
ST_4 : Operation 231 [1/1] (0.00ns)   --->   "%tmp_250 = trunc i125 %svs_V_11_load to i8" [MathieuHelpMe/Classifier.cpp:69->MathieuHelpMe/Classifier.cpp:136]   --->   Operation 231 'trunc' 'tmp_250' <Predicate = (!exitcond4_i_i)> <Delay = 0.00>
ST_4 : Operation 232 [1/1] (0.00ns)   --->   "%OP1_V_0_10_i_i = sext i8 %tmp_250 to i16" [MathieuHelpMe/Classifier.cpp:71->MathieuHelpMe/Classifier.cpp:136]   --->   Operation 232 'sext' 'OP1_V_0_10_i_i' <Predicate = (!exitcond4_i_i)> <Delay = 0.00>
ST_4 : Operation 233 [1/1] (4.17ns)   --->   "%r_V_0_10_i_i = mul i16 %OP2_V_0_i_i, %OP1_V_0_10_i_i" [MathieuHelpMe/Classifier.cpp:71->MathieuHelpMe/Classifier.cpp:136]   --->   Operation 233 'mul' 'r_V_0_10_i_i' <Predicate = (!exitcond4_i_i)> <Delay = 4.17> <Core = "Mul">   --->   Core 16 'Mul' <Latency = 0> <II = 1> <Delay = 3.74> <FuncUnit> <Opcode : 'mul'> <InPorts = 2> <OutPorts = 1>
ST_4 : Operation 234 [1/2] (3.25ns)   --->   "%svs_V_12_load = load i126* %svs_V_12_addr, align 16" [MathieuHelpMe/Classifier.cpp:69->MathieuHelpMe/Classifier.cpp:136]   --->   Operation 234 'load' 'svs_V_12_load' <Predicate = (!exitcond4_i_i)> <Delay = 3.25> <Core = "ROM_nP">   --->   Core 48 'ROM_nP' <Latency = 1> <II = 1> <Delay = 3.25> <Storage> <Opcode : 'load'> <Ports = 0> <Width = 5> <Depth = 11> <ROM>
ST_4 : Operation 235 [1/1] (0.00ns)   --->   "%tmp_251 = trunc i126 %svs_V_12_load to i8" [MathieuHelpMe/Classifier.cpp:69->MathieuHelpMe/Classifier.cpp:136]   --->   Operation 235 'trunc' 'tmp_251' <Predicate = (!exitcond4_i_i)> <Delay = 0.00>
ST_4 : Operation 236 [1/1] (0.00ns)   --->   "%OP1_V_0_11_i_i = sext i8 %tmp_251 to i16" [MathieuHelpMe/Classifier.cpp:71->MathieuHelpMe/Classifier.cpp:136]   --->   Operation 236 'sext' 'OP1_V_0_11_i_i' <Predicate = (!exitcond4_i_i)> <Delay = 0.00>
ST_4 : Operation 237 [1/1] (4.17ns)   --->   "%r_V_0_11_i_i = mul i16 %OP2_V_0_i_i, %OP1_V_0_11_i_i" [MathieuHelpMe/Classifier.cpp:71->MathieuHelpMe/Classifier.cpp:136]   --->   Operation 237 'mul' 'r_V_0_11_i_i' <Predicate = (!exitcond4_i_i)> <Delay = 4.17> <Core = "Mul">   --->   Core 16 'Mul' <Latency = 0> <II = 1> <Delay = 3.74> <FuncUnit> <Opcode : 'mul'> <InPorts = 2> <OutPorts = 1>
ST_4 : Operation 238 [1/2] (3.25ns)   --->   "%svs_V_13_load = load i127* %svs_V_13_addr, align 16" [MathieuHelpMe/Classifier.cpp:69->MathieuHelpMe/Classifier.cpp:136]   --->   Operation 238 'load' 'svs_V_13_load' <Predicate = (!exitcond4_i_i)> <Delay = 3.25> <Core = "ROM_nP">   --->   Core 48 'ROM_nP' <Latency = 1> <II = 1> <Delay = 3.25> <Storage> <Opcode : 'load'> <Ports = 0> <Width = 5> <Depth = 11> <ROM>
ST_4 : Operation 239 [1/1] (0.00ns)   --->   "%tmp_252 = trunc i127 %svs_V_13_load to i8" [MathieuHelpMe/Classifier.cpp:69->MathieuHelpMe/Classifier.cpp:136]   --->   Operation 239 'trunc' 'tmp_252' <Predicate = (!exitcond4_i_i)> <Delay = 0.00>
ST_4 : Operation 240 [1/1] (0.00ns)   --->   "%OP1_V_0_12_i_i = sext i8 %tmp_252 to i16" [MathieuHelpMe/Classifier.cpp:71->MathieuHelpMe/Classifier.cpp:136]   --->   Operation 240 'sext' 'OP1_V_0_12_i_i' <Predicate = (!exitcond4_i_i)> <Delay = 0.00>
ST_4 : Operation 241 [1/1] (4.17ns)   --->   "%r_V_0_12_i_i = mul i16 %OP2_V_0_i_i, %OP1_V_0_12_i_i" [MathieuHelpMe/Classifier.cpp:71->MathieuHelpMe/Classifier.cpp:136]   --->   Operation 241 'mul' 'r_V_0_12_i_i' <Predicate = (!exitcond4_i_i)> <Delay = 4.17> <Core = "Mul">   --->   Core 16 'Mul' <Latency = 0> <II = 1> <Delay = 3.74> <FuncUnit> <Opcode : 'mul'> <InPorts = 2> <OutPorts = 1>
ST_4 : Operation 242 [1/2] (3.25ns)   --->   "%svs_V_14_load = load i126* %svs_V_14_addr, align 16" [MathieuHelpMe/Classifier.cpp:69->MathieuHelpMe/Classifier.cpp:136]   --->   Operation 242 'load' 'svs_V_14_load' <Predicate = (!exitcond4_i_i)> <Delay = 3.25> <Core = "ROM_nP">   --->   Core 48 'ROM_nP' <Latency = 1> <II = 1> <Delay = 3.25> <Storage> <Opcode : 'load'> <Ports = 0> <Width = 5> <Depth = 11> <ROM>
ST_4 : Operation 243 [1/1] (0.00ns)   --->   "%tmp_253 = trunc i126 %svs_V_14_load to i8" [MathieuHelpMe/Classifier.cpp:69->MathieuHelpMe/Classifier.cpp:136]   --->   Operation 243 'trunc' 'tmp_253' <Predicate = (!exitcond4_i_i)> <Delay = 0.00>
ST_4 : Operation 244 [1/1] (0.00ns)   --->   "%OP1_V_0_13_i_i = sext i8 %tmp_253 to i16" [MathieuHelpMe/Classifier.cpp:71->MathieuHelpMe/Classifier.cpp:136]   --->   Operation 244 'sext' 'OP1_V_0_13_i_i' <Predicate = (!exitcond4_i_i)> <Delay = 0.00>
ST_4 : Operation 245 [1/1] (4.17ns)   --->   "%r_V_0_13_i_i = mul i16 %OP2_V_0_i_i, %OP1_V_0_13_i_i" [MathieuHelpMe/Classifier.cpp:71->MathieuHelpMe/Classifier.cpp:136]   --->   Operation 245 'mul' 'r_V_0_13_i_i' <Predicate = (!exitcond4_i_i)> <Delay = 4.17> <Core = "Mul">   --->   Core 16 'Mul' <Latency = 0> <II = 1> <Delay = 3.74> <FuncUnit> <Opcode : 'mul'> <InPorts = 2> <OutPorts = 1>
ST_4 : Operation 246 [1/2] (3.25ns)   --->   "%svs_V_15_load = load i128* %svs_V_15_addr, align 16" [MathieuHelpMe/Classifier.cpp:69->MathieuHelpMe/Classifier.cpp:136]   --->   Operation 246 'load' 'svs_V_15_load' <Predicate = (!exitcond4_i_i)> <Delay = 3.25> <Core = "ROM_nP">   --->   Core 48 'ROM_nP' <Latency = 1> <II = 1> <Delay = 3.25> <Storage> <Opcode : 'load'> <Ports = 0> <Width = 5> <Depth = 11> <ROM>
ST_4 : Operation 247 [1/1] (0.00ns)   --->   "%tmp_254 = trunc i128 %svs_V_15_load to i8" [MathieuHelpMe/Classifier.cpp:69->MathieuHelpMe/Classifier.cpp:136]   --->   Operation 247 'trunc' 'tmp_254' <Predicate = (!exitcond4_i_i)> <Delay = 0.00>
ST_4 : Operation 248 [1/1] (0.00ns)   --->   "%OP1_V_0_14_i_i = sext i8 %tmp_254 to i16" [MathieuHelpMe/Classifier.cpp:71->MathieuHelpMe/Classifier.cpp:136]   --->   Operation 248 'sext' 'OP1_V_0_14_i_i' <Predicate = (!exitcond4_i_i)> <Delay = 0.00>
ST_4 : Operation 249 [1/1] (4.17ns)   --->   "%r_V_0_14_i_i = mul i16 %OP2_V_0_i_i, %OP1_V_0_14_i_i" [MathieuHelpMe/Classifier.cpp:71->MathieuHelpMe/Classifier.cpp:136]   --->   Operation 249 'mul' 'r_V_0_14_i_i' <Predicate = (!exitcond4_i_i)> <Delay = 4.17> <Core = "Mul">   --->   Core 16 'Mul' <Latency = 0> <II = 1> <Delay = 3.74> <FuncUnit> <Opcode : 'mul'> <InPorts = 2> <OutPorts = 1>
ST_4 : Operation 250 [1/1] (0.00ns)   --->   "%tmp_27_i_i = call i8 @_ssdm_op_PartSelect.i8.i125.i32.i32(i125 %svs_V_0_load, i32 8, i32 15)" [MathieuHelpMe/Classifier.cpp:69->MathieuHelpMe/Classifier.cpp:136]   --->   Operation 250 'partselect' 'tmp_27_i_i' <Predicate = (!exitcond4_i_i)> <Delay = 0.00>
ST_4 : Operation 251 [1/2] (2.32ns)   --->   "%x_local_1_V_load = load i8* %x_local_1_V_addr, align 1" [MathieuHelpMe/Classifier.cpp:70->MathieuHelpMe/Classifier.cpp:136]   --->   Operation 251 'load' 'x_local_1_V_load' <Predicate = (!exitcond4_i_i)> <Delay = 2.32> <Core = "RAM">   --->   Core 37 'RAM' <Latency = 1> <II = 1> <Delay = 2.32> <Storage> <Opcode : 'load' 'store'> <Ports = 2> <Width = 8> <Depth = 49> <RAM>
ST_4 : Operation 252 [1/1] (0.00ns)   --->   "%OP1_V_133_i_i = sext i8 %tmp_27_i_i to i16" [MathieuHelpMe/Classifier.cpp:71->MathieuHelpMe/Classifier.cpp:136]   --->   Operation 252 'sext' 'OP1_V_133_i_i' <Predicate = (!exitcond4_i_i)> <Delay = 0.00>
ST_4 : Operation 253 [1/1] (0.00ns)   --->   "%OP2_V_134_i_i = sext i8 %x_local_1_V_load to i16" [MathieuHelpMe/Classifier.cpp:71->MathieuHelpMe/Classifier.cpp:136]   --->   Operation 253 'sext' 'OP2_V_134_i_i' <Predicate = (!exitcond4_i_i)> <Delay = 0.00>
ST_4 : Operation 254 [1/1] (4.17ns)   --->   "%r_V_135_i_i = mul i16 %OP2_V_134_i_i, %OP1_V_133_i_i" [MathieuHelpMe/Classifier.cpp:71->MathieuHelpMe/Classifier.cpp:136]   --->   Operation 254 'mul' 'r_V_135_i_i' <Predicate = (!exitcond4_i_i)> <Delay = 4.17> <Core = "Mul">   --->   Core 16 'Mul' <Latency = 0> <II = 1> <Delay = 3.74> <FuncUnit> <Opcode : 'mul'> <InPorts = 2> <OutPorts = 1>
ST_4 : Operation 255 [1/1] (0.00ns)   --->   "%tmp_29_i_i = call i8 @_ssdm_op_PartSelect.i8.i125.i32.i32(i125 %svs_V_1_load, i32 8, i32 15)" [MathieuHelpMe/Classifier.cpp:69->MathieuHelpMe/Classifier.cpp:136]   --->   Operation 255 'partselect' 'tmp_29_i_i' <Predicate = (!exitcond4_i_i)> <Delay = 0.00>
ST_4 : Operation 256 [1/1] (0.00ns)   --->   "%OP1_V_133_1_i_i = sext i8 %tmp_29_i_i to i16" [MathieuHelpMe/Classifier.cpp:71->MathieuHelpMe/Classifier.cpp:136]   --->   Operation 256 'sext' 'OP1_V_133_1_i_i' <Predicate = (!exitcond4_i_i)> <Delay = 0.00>
ST_4 : Operation 257 [1/1] (4.17ns)   --->   "%r_V_135_1_i_i = mul i16 %OP2_V_134_i_i, %OP1_V_133_1_i_i" [MathieuHelpMe/Classifier.cpp:71->MathieuHelpMe/Classifier.cpp:136]   --->   Operation 257 'mul' 'r_V_135_1_i_i' <Predicate = (!exitcond4_i_i)> <Delay = 4.17> <Core = "Mul">   --->   Core 16 'Mul' <Latency = 0> <II = 1> <Delay = 3.74> <FuncUnit> <Opcode : 'mul'> <InPorts = 2> <OutPorts = 1>
ST_4 : Operation 258 [1/1] (0.00ns)   --->   "%tmp_30_i_i = call i8 @_ssdm_op_PartSelect.i8.i125.i32.i32(i125 %svs_V_2_load, i32 8, i32 15)" [MathieuHelpMe/Classifier.cpp:69->MathieuHelpMe/Classifier.cpp:136]   --->   Operation 258 'partselect' 'tmp_30_i_i' <Predicate = (!exitcond4_i_i)> <Delay = 0.00>
ST_4 : Operation 259 [1/1] (0.00ns)   --->   "%OP1_V_133_2_i_i = sext i8 %tmp_30_i_i to i16" [MathieuHelpMe/Classifier.cpp:71->MathieuHelpMe/Classifier.cpp:136]   --->   Operation 259 'sext' 'OP1_V_133_2_i_i' <Predicate = (!exitcond4_i_i)> <Delay = 0.00>
ST_4 : Operation 260 [1/1] (4.17ns)   --->   "%r_V_135_2_i_i = mul i16 %OP2_V_134_i_i, %OP1_V_133_2_i_i" [MathieuHelpMe/Classifier.cpp:71->MathieuHelpMe/Classifier.cpp:136]   --->   Operation 260 'mul' 'r_V_135_2_i_i' <Predicate = (!exitcond4_i_i)> <Delay = 4.17> <Core = "Mul">   --->   Core 16 'Mul' <Latency = 0> <II = 1> <Delay = 3.74> <FuncUnit> <Opcode : 'mul'> <InPorts = 2> <OutPorts = 1>
ST_4 : Operation 261 [1/1] (0.00ns)   --->   "%tmp_31_i_i = call i8 @_ssdm_op_PartSelect.i8.i128.i32.i32(i128 %svs_V_3_load, i32 8, i32 15)" [MathieuHelpMe/Classifier.cpp:69->MathieuHelpMe/Classifier.cpp:136]   --->   Operation 261 'partselect' 'tmp_31_i_i' <Predicate = (!exitcond4_i_i)> <Delay = 0.00>
ST_4 : Operation 262 [1/1] (0.00ns)   --->   "%OP1_V_133_3_i_i = sext i8 %tmp_31_i_i to i16" [MathieuHelpMe/Classifier.cpp:71->MathieuHelpMe/Classifier.cpp:136]   --->   Operation 262 'sext' 'OP1_V_133_3_i_i' <Predicate = (!exitcond4_i_i)> <Delay = 0.00>
ST_4 : Operation 263 [1/1] (4.17ns)   --->   "%r_V_135_3_i_i = mul i16 %OP2_V_134_i_i, %OP1_V_133_3_i_i" [MathieuHelpMe/Classifier.cpp:71->MathieuHelpMe/Classifier.cpp:136]   --->   Operation 263 'mul' 'r_V_135_3_i_i' <Predicate = (!exitcond4_i_i)> <Delay = 4.17> <Core = "Mul">   --->   Core 16 'Mul' <Latency = 0> <II = 1> <Delay = 3.74> <FuncUnit> <Opcode : 'mul'> <InPorts = 2> <OutPorts = 1>
ST_4 : Operation 264 [1/1] (0.00ns)   --->   "%tmp_34_i_i = call i8 @_ssdm_op_PartSelect.i8.i125.i32.i32(i125 %svs_V_4_load, i32 8, i32 15)" [MathieuHelpMe/Classifier.cpp:69->MathieuHelpMe/Classifier.cpp:136]   --->   Operation 264 'partselect' 'tmp_34_i_i' <Predicate = (!exitcond4_i_i)> <Delay = 0.00>
ST_4 : Operation 265 [1/1] (0.00ns)   --->   "%OP1_V_133_4_i_i = sext i8 %tmp_34_i_i to i16" [MathieuHelpMe/Classifier.cpp:71->MathieuHelpMe/Classifier.cpp:136]   --->   Operation 265 'sext' 'OP1_V_133_4_i_i' <Predicate = (!exitcond4_i_i)> <Delay = 0.00>
ST_4 : Operation 266 [1/1] (4.17ns)   --->   "%r_V_135_4_i_i = mul i16 %OP2_V_134_i_i, %OP1_V_133_4_i_i" [MathieuHelpMe/Classifier.cpp:71->MathieuHelpMe/Classifier.cpp:136]   --->   Operation 266 'mul' 'r_V_135_4_i_i' <Predicate = (!exitcond4_i_i)> <Delay = 4.17> <Core = "Mul">   --->   Core 16 'Mul' <Latency = 0> <II = 1> <Delay = 3.74> <FuncUnit> <Opcode : 'mul'> <InPorts = 2> <OutPorts = 1>
ST_4 : Operation 267 [1/1] (0.00ns)   --->   "%tmp_35_i_i = call i8 @_ssdm_op_PartSelect.i8.i125.i32.i32(i125 %svs_V_5_load, i32 8, i32 15)" [MathieuHelpMe/Classifier.cpp:69->MathieuHelpMe/Classifier.cpp:136]   --->   Operation 267 'partselect' 'tmp_35_i_i' <Predicate = (!exitcond4_i_i)> <Delay = 0.00>
ST_4 : Operation 268 [1/1] (0.00ns)   --->   "%OP1_V_133_5_i_i = sext i8 %tmp_35_i_i to i16" [MathieuHelpMe/Classifier.cpp:71->MathieuHelpMe/Classifier.cpp:136]   --->   Operation 268 'sext' 'OP1_V_133_5_i_i' <Predicate = (!exitcond4_i_i)> <Delay = 0.00>
ST_4 : Operation 269 [1/1] (4.17ns)   --->   "%r_V_135_5_i_i = mul i16 %OP2_V_134_i_i, %OP1_V_133_5_i_i" [MathieuHelpMe/Classifier.cpp:71->MathieuHelpMe/Classifier.cpp:136]   --->   Operation 269 'mul' 'r_V_135_5_i_i' <Predicate = (!exitcond4_i_i)> <Delay = 4.17> <Core = "Mul">   --->   Core 16 'Mul' <Latency = 0> <II = 1> <Delay = 3.74> <FuncUnit> <Opcode : 'mul'> <InPorts = 2> <OutPorts = 1>
ST_4 : Operation 270 [1/1] (0.00ns)   --->   "%tmp_38_i_i = call i8 @_ssdm_op_PartSelect.i8.i126.i32.i32(i126 %svs_V_6_load, i32 8, i32 15)" [MathieuHelpMe/Classifier.cpp:69->MathieuHelpMe/Classifier.cpp:136]   --->   Operation 270 'partselect' 'tmp_38_i_i' <Predicate = (!exitcond4_i_i)> <Delay = 0.00>
ST_4 : Operation 271 [1/1] (0.00ns)   --->   "%OP1_V_133_6_i_i = sext i8 %tmp_38_i_i to i16" [MathieuHelpMe/Classifier.cpp:71->MathieuHelpMe/Classifier.cpp:136]   --->   Operation 271 'sext' 'OP1_V_133_6_i_i' <Predicate = (!exitcond4_i_i)> <Delay = 0.00>
ST_4 : Operation 272 [1/1] (4.17ns)   --->   "%r_V_135_6_i_i = mul i16 %OP2_V_134_i_i, %OP1_V_133_6_i_i" [MathieuHelpMe/Classifier.cpp:71->MathieuHelpMe/Classifier.cpp:136]   --->   Operation 272 'mul' 'r_V_135_6_i_i' <Predicate = (!exitcond4_i_i)> <Delay = 4.17> <Core = "Mul">   --->   Core 16 'Mul' <Latency = 0> <II = 1> <Delay = 3.74> <FuncUnit> <Opcode : 'mul'> <InPorts = 2> <OutPorts = 1>
ST_4 : Operation 273 [1/1] (0.00ns)   --->   "%tmp_39_i_i = call i8 @_ssdm_op_PartSelect.i8.i125.i32.i32(i125 %svs_V_7_load, i32 8, i32 15)" [MathieuHelpMe/Classifier.cpp:69->MathieuHelpMe/Classifier.cpp:136]   --->   Operation 273 'partselect' 'tmp_39_i_i' <Predicate = (!exitcond4_i_i)> <Delay = 0.00>
ST_4 : Operation 274 [1/1] (0.00ns)   --->   "%OP1_V_133_7_i_i = sext i8 %tmp_39_i_i to i16" [MathieuHelpMe/Classifier.cpp:71->MathieuHelpMe/Classifier.cpp:136]   --->   Operation 274 'sext' 'OP1_V_133_7_i_i' <Predicate = (!exitcond4_i_i)> <Delay = 0.00>
ST_4 : Operation 275 [1/1] (4.17ns)   --->   "%r_V_135_7_i_i = mul i16 %OP2_V_134_i_i, %OP1_V_133_7_i_i" [MathieuHelpMe/Classifier.cpp:71->MathieuHelpMe/Classifier.cpp:136]   --->   Operation 275 'mul' 'r_V_135_7_i_i' <Predicate = (!exitcond4_i_i)> <Delay = 4.17> <Core = "Mul">   --->   Core 16 'Mul' <Latency = 0> <II = 1> <Delay = 3.74> <FuncUnit> <Opcode : 'mul'> <InPorts = 2> <OutPorts = 1>
ST_4 : Operation 276 [1/1] (0.00ns)   --->   "%tmp_40_i_i = call i8 @_ssdm_op_PartSelect.i8.i128.i32.i32(i128 %svs_V_8_load, i32 8, i32 15)" [MathieuHelpMe/Classifier.cpp:69->MathieuHelpMe/Classifier.cpp:136]   --->   Operation 276 'partselect' 'tmp_40_i_i' <Predicate = (!exitcond4_i_i)> <Delay = 0.00>
ST_4 : Operation 277 [1/1] (0.00ns)   --->   "%OP1_V_133_8_i_i = sext i8 %tmp_40_i_i to i16" [MathieuHelpMe/Classifier.cpp:71->MathieuHelpMe/Classifier.cpp:136]   --->   Operation 277 'sext' 'OP1_V_133_8_i_i' <Predicate = (!exitcond4_i_i)> <Delay = 0.00>
ST_4 : Operation 278 [1/1] (4.17ns)   --->   "%r_V_135_8_i_i = mul i16 %OP2_V_134_i_i, %OP1_V_133_8_i_i" [MathieuHelpMe/Classifier.cpp:71->MathieuHelpMe/Classifier.cpp:136]   --->   Operation 278 'mul' 'r_V_135_8_i_i' <Predicate = (!exitcond4_i_i)> <Delay = 4.17> <Core = "Mul">   --->   Core 16 'Mul' <Latency = 0> <II = 1> <Delay = 3.74> <FuncUnit> <Opcode : 'mul'> <InPorts = 2> <OutPorts = 1>
ST_4 : Operation 279 [1/1] (0.00ns)   --->   "%tmp_41_i_i = call i8 @_ssdm_op_PartSelect.i8.i126.i32.i32(i126 %svs_V_9_load, i32 8, i32 15)" [MathieuHelpMe/Classifier.cpp:69->MathieuHelpMe/Classifier.cpp:136]   --->   Operation 279 'partselect' 'tmp_41_i_i' <Predicate = (!exitcond4_i_i)> <Delay = 0.00>
ST_4 : Operation 280 [1/1] (0.00ns)   --->   "%OP1_V_133_9_i_i = sext i8 %tmp_41_i_i to i16" [MathieuHelpMe/Classifier.cpp:71->MathieuHelpMe/Classifier.cpp:136]   --->   Operation 280 'sext' 'OP1_V_133_9_i_i' <Predicate = (!exitcond4_i_i)> <Delay = 0.00>
ST_4 : Operation 281 [1/1] (4.17ns)   --->   "%r_V_135_9_i_i = mul i16 %OP2_V_134_i_i, %OP1_V_133_9_i_i" [MathieuHelpMe/Classifier.cpp:71->MathieuHelpMe/Classifier.cpp:136]   --->   Operation 281 'mul' 'r_V_135_9_i_i' <Predicate = (!exitcond4_i_i)> <Delay = 4.17> <Core = "Mul">   --->   Core 16 'Mul' <Latency = 0> <II = 1> <Delay = 3.74> <FuncUnit> <Opcode : 'mul'> <InPorts = 2> <OutPorts = 1>
ST_4 : Operation 282 [1/1] (0.00ns)   --->   "%tmp_42_i_i = call i8 @_ssdm_op_PartSelect.i8.i125.i32.i32(i125 %svs_V_10_load, i32 8, i32 15)" [MathieuHelpMe/Classifier.cpp:69->MathieuHelpMe/Classifier.cpp:136]   --->   Operation 282 'partselect' 'tmp_42_i_i' <Predicate = (!exitcond4_i_i)> <Delay = 0.00>
ST_4 : Operation 283 [1/1] (0.00ns)   --->   "%OP1_V_133_i_i_36 = sext i8 %tmp_42_i_i to i16" [MathieuHelpMe/Classifier.cpp:71->MathieuHelpMe/Classifier.cpp:136]   --->   Operation 283 'sext' 'OP1_V_133_i_i_36' <Predicate = (!exitcond4_i_i)> <Delay = 0.00>
ST_4 : Operation 284 [1/1] (4.17ns)   --->   "%r_V_135_i_i_37 = mul i16 %OP2_V_134_i_i, %OP1_V_133_i_i_36" [MathieuHelpMe/Classifier.cpp:71->MathieuHelpMe/Classifier.cpp:136]   --->   Operation 284 'mul' 'r_V_135_i_i_37' <Predicate = (!exitcond4_i_i)> <Delay = 4.17> <Core = "Mul">   --->   Core 16 'Mul' <Latency = 0> <II = 1> <Delay = 3.74> <FuncUnit> <Opcode : 'mul'> <InPorts = 2> <OutPorts = 1>
ST_4 : Operation 285 [1/1] (0.00ns)   --->   "%tmp_43_i_i = call i8 @_ssdm_op_PartSelect.i8.i125.i32.i32(i125 %svs_V_11_load, i32 8, i32 15)" [MathieuHelpMe/Classifier.cpp:69->MathieuHelpMe/Classifier.cpp:136]   --->   Operation 285 'partselect' 'tmp_43_i_i' <Predicate = (!exitcond4_i_i)> <Delay = 0.00>
ST_4 : Operation 286 [1/1] (0.00ns)   --->   "%OP1_V_133_10_i_i = sext i8 %tmp_43_i_i to i16" [MathieuHelpMe/Classifier.cpp:71->MathieuHelpMe/Classifier.cpp:136]   --->   Operation 286 'sext' 'OP1_V_133_10_i_i' <Predicate = (!exitcond4_i_i)> <Delay = 0.00>
ST_4 : Operation 287 [1/1] (4.17ns)   --->   "%r_V_135_10_i_i = mul i16 %OP2_V_134_i_i, %OP1_V_133_10_i_i" [MathieuHelpMe/Classifier.cpp:71->MathieuHelpMe/Classifier.cpp:136]   --->   Operation 287 'mul' 'r_V_135_10_i_i' <Predicate = (!exitcond4_i_i)> <Delay = 4.17> <Core = "Mul">   --->   Core 16 'Mul' <Latency = 0> <II = 1> <Delay = 3.74> <FuncUnit> <Opcode : 'mul'> <InPorts = 2> <OutPorts = 1>
ST_4 : Operation 288 [1/1] (0.00ns)   --->   "%tmp_44_i_i = call i8 @_ssdm_op_PartSelect.i8.i126.i32.i32(i126 %svs_V_12_load, i32 8, i32 15)" [MathieuHelpMe/Classifier.cpp:69->MathieuHelpMe/Classifier.cpp:136]   --->   Operation 288 'partselect' 'tmp_44_i_i' <Predicate = (!exitcond4_i_i)> <Delay = 0.00>
ST_4 : Operation 289 [1/1] (0.00ns)   --->   "%OP1_V_133_11_i_i = sext i8 %tmp_44_i_i to i16" [MathieuHelpMe/Classifier.cpp:71->MathieuHelpMe/Classifier.cpp:136]   --->   Operation 289 'sext' 'OP1_V_133_11_i_i' <Predicate = (!exitcond4_i_i)> <Delay = 0.00>
ST_4 : Operation 290 [1/1] (4.17ns)   --->   "%r_V_135_11_i_i = mul i16 %OP2_V_134_i_i, %OP1_V_133_11_i_i" [MathieuHelpMe/Classifier.cpp:71->MathieuHelpMe/Classifier.cpp:136]   --->   Operation 290 'mul' 'r_V_135_11_i_i' <Predicate = (!exitcond4_i_i)> <Delay = 4.17> <Core = "Mul">   --->   Core 16 'Mul' <Latency = 0> <II = 1> <Delay = 3.74> <FuncUnit> <Opcode : 'mul'> <InPorts = 2> <OutPorts = 1>
ST_4 : Operation 291 [1/1] (0.00ns)   --->   "%tmp_45_i_i = call i8 @_ssdm_op_PartSelect.i8.i127.i32.i32(i127 %svs_V_13_load, i32 8, i32 15)" [MathieuHelpMe/Classifier.cpp:69->MathieuHelpMe/Classifier.cpp:136]   --->   Operation 291 'partselect' 'tmp_45_i_i' <Predicate = (!exitcond4_i_i)> <Delay = 0.00>
ST_4 : Operation 292 [1/1] (0.00ns)   --->   "%OP1_V_133_12_i_i = sext i8 %tmp_45_i_i to i16" [MathieuHelpMe/Classifier.cpp:71->MathieuHelpMe/Classifier.cpp:136]   --->   Operation 292 'sext' 'OP1_V_133_12_i_i' <Predicate = (!exitcond4_i_i)> <Delay = 0.00>
ST_4 : Operation 293 [1/1] (4.17ns)   --->   "%r_V_135_12_i_i = mul i16 %OP2_V_134_i_i, %OP1_V_133_12_i_i" [MathieuHelpMe/Classifier.cpp:71->MathieuHelpMe/Classifier.cpp:136]   --->   Operation 293 'mul' 'r_V_135_12_i_i' <Predicate = (!exitcond4_i_i)> <Delay = 4.17> <Core = "Mul">   --->   Core 16 'Mul' <Latency = 0> <II = 1> <Delay = 3.74> <FuncUnit> <Opcode : 'mul'> <InPorts = 2> <OutPorts = 1>
ST_4 : Operation 294 [1/1] (0.00ns)   --->   "%tmp_46_i_i = call i8 @_ssdm_op_PartSelect.i8.i126.i32.i32(i126 %svs_V_14_load, i32 8, i32 15)" [MathieuHelpMe/Classifier.cpp:69->MathieuHelpMe/Classifier.cpp:136]   --->   Operation 294 'partselect' 'tmp_46_i_i' <Predicate = (!exitcond4_i_i)> <Delay = 0.00>
ST_4 : Operation 295 [1/1] (0.00ns)   --->   "%OP1_V_133_13_i_i = sext i8 %tmp_46_i_i to i16" [MathieuHelpMe/Classifier.cpp:71->MathieuHelpMe/Classifier.cpp:136]   --->   Operation 295 'sext' 'OP1_V_133_13_i_i' <Predicate = (!exitcond4_i_i)> <Delay = 0.00>
ST_4 : Operation 296 [1/1] (4.17ns)   --->   "%r_V_135_13_i_i = mul i16 %OP2_V_134_i_i, %OP1_V_133_13_i_i" [MathieuHelpMe/Classifier.cpp:71->MathieuHelpMe/Classifier.cpp:136]   --->   Operation 296 'mul' 'r_V_135_13_i_i' <Predicate = (!exitcond4_i_i)> <Delay = 4.17> <Core = "Mul">   --->   Core 16 'Mul' <Latency = 0> <II = 1> <Delay = 3.74> <FuncUnit> <Opcode : 'mul'> <InPorts = 2> <OutPorts = 1>
ST_4 : Operation 297 [1/1] (0.00ns)   --->   "%tmp_47_i_i = call i8 @_ssdm_op_PartSelect.i8.i128.i32.i32(i128 %svs_V_15_load, i32 8, i32 15)" [MathieuHelpMe/Classifier.cpp:69->MathieuHelpMe/Classifier.cpp:136]   --->   Operation 297 'partselect' 'tmp_47_i_i' <Predicate = (!exitcond4_i_i)> <Delay = 0.00>
ST_4 : Operation 298 [1/1] (0.00ns)   --->   "%OP1_V_133_14_i_i = sext i8 %tmp_47_i_i to i16" [MathieuHelpMe/Classifier.cpp:71->MathieuHelpMe/Classifier.cpp:136]   --->   Operation 298 'sext' 'OP1_V_133_14_i_i' <Predicate = (!exitcond4_i_i)> <Delay = 0.00>
ST_4 : Operation 299 [1/1] (4.17ns)   --->   "%r_V_135_14_i_i = mul i16 %OP2_V_134_i_i, %OP1_V_133_14_i_i" [MathieuHelpMe/Classifier.cpp:71->MathieuHelpMe/Classifier.cpp:136]   --->   Operation 299 'mul' 'r_V_135_14_i_i' <Predicate = (!exitcond4_i_i)> <Delay = 4.17> <Core = "Mul">   --->   Core 16 'Mul' <Latency = 0> <II = 1> <Delay = 3.74> <FuncUnit> <Opcode : 'mul'> <InPorts = 2> <OutPorts = 1>
ST_4 : Operation 300 [1/1] (0.00ns)   --->   "%tmp_48_i_i = call i8 @_ssdm_op_PartSelect.i8.i125.i32.i32(i125 %svs_V_0_load, i32 16, i32 23)" [MathieuHelpMe/Classifier.cpp:69->MathieuHelpMe/Classifier.cpp:136]   --->   Operation 300 'partselect' 'tmp_48_i_i' <Predicate = (!exitcond4_i_i)> <Delay = 0.00>
ST_4 : Operation 301 [1/2] (2.32ns)   --->   "%x_local_2_V_load = load i8* %x_local_2_V_addr, align 1" [MathieuHelpMe/Classifier.cpp:70->MathieuHelpMe/Classifier.cpp:136]   --->   Operation 301 'load' 'x_local_2_V_load' <Predicate = (!exitcond4_i_i)> <Delay = 2.32> <Core = "RAM">   --->   Core 37 'RAM' <Latency = 1> <II = 1> <Delay = 2.32> <Storage> <Opcode : 'load' 'store'> <Ports = 2> <Width = 8> <Depth = 49> <RAM>
ST_4 : Operation 302 [1/1] (0.00ns)   --->   "%OP1_V_2_i_i = sext i8 %tmp_48_i_i to i16" [MathieuHelpMe/Classifier.cpp:71->MathieuHelpMe/Classifier.cpp:136]   --->   Operation 302 'sext' 'OP1_V_2_i_i' <Predicate = (!exitcond4_i_i)> <Delay = 0.00>
ST_4 : Operation 303 [1/1] (0.00ns)   --->   "%OP2_V_2_i_i = sext i8 %x_local_2_V_load to i16" [MathieuHelpMe/Classifier.cpp:71->MathieuHelpMe/Classifier.cpp:136]   --->   Operation 303 'sext' 'OP2_V_2_i_i' <Predicate = (!exitcond4_i_i)> <Delay = 0.00>
ST_4 : Operation 304 [1/1] (4.17ns)   --->   "%r_V_2_i_i = mul i16 %OP2_V_2_i_i, %OP1_V_2_i_i" [MathieuHelpMe/Classifier.cpp:71->MathieuHelpMe/Classifier.cpp:136]   --->   Operation 304 'mul' 'r_V_2_i_i' <Predicate = (!exitcond4_i_i)> <Delay = 4.17> <Core = "Mul">   --->   Core 16 'Mul' <Latency = 0> <II = 1> <Delay = 3.74> <FuncUnit> <Opcode : 'mul'> <InPorts = 2> <OutPorts = 1>
ST_4 : Operation 305 [1/1] (0.00ns)   --->   "%tmp_49_i_i = call i8 @_ssdm_op_PartSelect.i8.i125.i32.i32(i125 %svs_V_1_load, i32 16, i32 23)" [MathieuHelpMe/Classifier.cpp:69->MathieuHelpMe/Classifier.cpp:136]   --->   Operation 305 'partselect' 'tmp_49_i_i' <Predicate = (!exitcond4_i_i)> <Delay = 0.00>
ST_4 : Operation 306 [1/1] (0.00ns)   --->   "%OP1_V_2_1_i_i = sext i8 %tmp_49_i_i to i16" [MathieuHelpMe/Classifier.cpp:71->MathieuHelpMe/Classifier.cpp:136]   --->   Operation 306 'sext' 'OP1_V_2_1_i_i' <Predicate = (!exitcond4_i_i)> <Delay = 0.00>
ST_4 : Operation 307 [1/1] (4.17ns)   --->   "%r_V_2_1_i_i = mul i16 %OP2_V_2_i_i, %OP1_V_2_1_i_i" [MathieuHelpMe/Classifier.cpp:71->MathieuHelpMe/Classifier.cpp:136]   --->   Operation 307 'mul' 'r_V_2_1_i_i' <Predicate = (!exitcond4_i_i)> <Delay = 4.17> <Core = "Mul">   --->   Core 16 'Mul' <Latency = 0> <II = 1> <Delay = 3.74> <FuncUnit> <Opcode : 'mul'> <InPorts = 2> <OutPorts = 1>
ST_4 : Operation 308 [1/1] (0.00ns)   --->   "%tmp_50_i_i = call i8 @_ssdm_op_PartSelect.i8.i125.i32.i32(i125 %svs_V_2_load, i32 16, i32 23)" [MathieuHelpMe/Classifier.cpp:69->MathieuHelpMe/Classifier.cpp:136]   --->   Operation 308 'partselect' 'tmp_50_i_i' <Predicate = (!exitcond4_i_i)> <Delay = 0.00>
ST_4 : Operation 309 [1/1] (0.00ns)   --->   "%OP1_V_2_2_i_i = sext i8 %tmp_50_i_i to i16" [MathieuHelpMe/Classifier.cpp:71->MathieuHelpMe/Classifier.cpp:136]   --->   Operation 309 'sext' 'OP1_V_2_2_i_i' <Predicate = (!exitcond4_i_i)> <Delay = 0.00>
ST_4 : Operation 310 [1/1] (4.17ns)   --->   "%r_V_2_2_i_i = mul i16 %OP2_V_2_i_i, %OP1_V_2_2_i_i" [MathieuHelpMe/Classifier.cpp:71->MathieuHelpMe/Classifier.cpp:136]   --->   Operation 310 'mul' 'r_V_2_2_i_i' <Predicate = (!exitcond4_i_i)> <Delay = 4.17> <Core = "Mul">   --->   Core 16 'Mul' <Latency = 0> <II = 1> <Delay = 3.74> <FuncUnit> <Opcode : 'mul'> <InPorts = 2> <OutPorts = 1>
ST_4 : Operation 311 [1/1] (0.00ns)   --->   "%tmp_51_i_i = call i8 @_ssdm_op_PartSelect.i8.i128.i32.i32(i128 %svs_V_3_load, i32 16, i32 23)" [MathieuHelpMe/Classifier.cpp:69->MathieuHelpMe/Classifier.cpp:136]   --->   Operation 311 'partselect' 'tmp_51_i_i' <Predicate = (!exitcond4_i_i)> <Delay = 0.00>
ST_4 : Operation 312 [1/1] (0.00ns)   --->   "%OP1_V_2_3_i_i = sext i8 %tmp_51_i_i to i16" [MathieuHelpMe/Classifier.cpp:71->MathieuHelpMe/Classifier.cpp:136]   --->   Operation 312 'sext' 'OP1_V_2_3_i_i' <Predicate = (!exitcond4_i_i)> <Delay = 0.00>
ST_4 : Operation 313 [1/1] (4.17ns)   --->   "%r_V_2_3_i_i = mul i16 %OP2_V_2_i_i, %OP1_V_2_3_i_i" [MathieuHelpMe/Classifier.cpp:71->MathieuHelpMe/Classifier.cpp:136]   --->   Operation 313 'mul' 'r_V_2_3_i_i' <Predicate = (!exitcond4_i_i)> <Delay = 4.17> <Core = "Mul">   --->   Core 16 'Mul' <Latency = 0> <II = 1> <Delay = 3.74> <FuncUnit> <Opcode : 'mul'> <InPorts = 2> <OutPorts = 1>
ST_4 : Operation 314 [1/1] (0.00ns)   --->   "%tmp_52_i_i = call i8 @_ssdm_op_PartSelect.i8.i125.i32.i32(i125 %svs_V_4_load, i32 16, i32 23)" [MathieuHelpMe/Classifier.cpp:69->MathieuHelpMe/Classifier.cpp:136]   --->   Operation 314 'partselect' 'tmp_52_i_i' <Predicate = (!exitcond4_i_i)> <Delay = 0.00>
ST_4 : Operation 315 [1/1] (0.00ns)   --->   "%OP1_V_2_4_i_i = sext i8 %tmp_52_i_i to i16" [MathieuHelpMe/Classifier.cpp:71->MathieuHelpMe/Classifier.cpp:136]   --->   Operation 315 'sext' 'OP1_V_2_4_i_i' <Predicate = (!exitcond4_i_i)> <Delay = 0.00>
ST_4 : Operation 316 [1/1] (4.17ns)   --->   "%r_V_2_4_i_i = mul i16 %OP2_V_2_i_i, %OP1_V_2_4_i_i" [MathieuHelpMe/Classifier.cpp:71->MathieuHelpMe/Classifier.cpp:136]   --->   Operation 316 'mul' 'r_V_2_4_i_i' <Predicate = (!exitcond4_i_i)> <Delay = 4.17> <Core = "Mul">   --->   Core 16 'Mul' <Latency = 0> <II = 1> <Delay = 3.74> <FuncUnit> <Opcode : 'mul'> <InPorts = 2> <OutPorts = 1>
ST_4 : Operation 317 [1/1] (0.00ns)   --->   "%tmp_53_i_i = call i8 @_ssdm_op_PartSelect.i8.i125.i32.i32(i125 %svs_V_5_load, i32 16, i32 23)" [MathieuHelpMe/Classifier.cpp:69->MathieuHelpMe/Classifier.cpp:136]   --->   Operation 317 'partselect' 'tmp_53_i_i' <Predicate = (!exitcond4_i_i)> <Delay = 0.00>
ST_4 : Operation 318 [1/1] (0.00ns)   --->   "%OP1_V_2_5_i_i = sext i8 %tmp_53_i_i to i16" [MathieuHelpMe/Classifier.cpp:71->MathieuHelpMe/Classifier.cpp:136]   --->   Operation 318 'sext' 'OP1_V_2_5_i_i' <Predicate = (!exitcond4_i_i)> <Delay = 0.00>
ST_4 : Operation 319 [1/1] (4.17ns)   --->   "%r_V_2_5_i_i = mul i16 %OP2_V_2_i_i, %OP1_V_2_5_i_i" [MathieuHelpMe/Classifier.cpp:71->MathieuHelpMe/Classifier.cpp:136]   --->   Operation 319 'mul' 'r_V_2_5_i_i' <Predicate = (!exitcond4_i_i)> <Delay = 4.17> <Core = "Mul">   --->   Core 16 'Mul' <Latency = 0> <II = 1> <Delay = 3.74> <FuncUnit> <Opcode : 'mul'> <InPorts = 2> <OutPorts = 1>
ST_4 : Operation 320 [1/1] (0.00ns)   --->   "%tmp_54_i_i = call i8 @_ssdm_op_PartSelect.i8.i126.i32.i32(i126 %svs_V_6_load, i32 16, i32 23)" [MathieuHelpMe/Classifier.cpp:69->MathieuHelpMe/Classifier.cpp:136]   --->   Operation 320 'partselect' 'tmp_54_i_i' <Predicate = (!exitcond4_i_i)> <Delay = 0.00>
ST_4 : Operation 321 [1/1] (0.00ns)   --->   "%OP1_V_2_6_i_i = sext i8 %tmp_54_i_i to i16" [MathieuHelpMe/Classifier.cpp:71->MathieuHelpMe/Classifier.cpp:136]   --->   Operation 321 'sext' 'OP1_V_2_6_i_i' <Predicate = (!exitcond4_i_i)> <Delay = 0.00>
ST_4 : Operation 322 [1/1] (4.17ns)   --->   "%r_V_2_6_i_i = mul i16 %OP2_V_2_i_i, %OP1_V_2_6_i_i" [MathieuHelpMe/Classifier.cpp:71->MathieuHelpMe/Classifier.cpp:136]   --->   Operation 322 'mul' 'r_V_2_6_i_i' <Predicate = (!exitcond4_i_i)> <Delay = 4.17> <Core = "Mul">   --->   Core 16 'Mul' <Latency = 0> <II = 1> <Delay = 3.74> <FuncUnit> <Opcode : 'mul'> <InPorts = 2> <OutPorts = 1>
ST_4 : Operation 323 [1/1] (0.00ns)   --->   "%tmp_55_i_i = call i8 @_ssdm_op_PartSelect.i8.i125.i32.i32(i125 %svs_V_7_load, i32 16, i32 23)" [MathieuHelpMe/Classifier.cpp:69->MathieuHelpMe/Classifier.cpp:136]   --->   Operation 323 'partselect' 'tmp_55_i_i' <Predicate = (!exitcond4_i_i)> <Delay = 0.00>
ST_4 : Operation 324 [1/1] (0.00ns)   --->   "%OP1_V_2_7_i_i = sext i8 %tmp_55_i_i to i16" [MathieuHelpMe/Classifier.cpp:71->MathieuHelpMe/Classifier.cpp:136]   --->   Operation 324 'sext' 'OP1_V_2_7_i_i' <Predicate = (!exitcond4_i_i)> <Delay = 0.00>
ST_4 : Operation 325 [1/1] (4.17ns)   --->   "%r_V_2_7_i_i = mul i16 %OP2_V_2_i_i, %OP1_V_2_7_i_i" [MathieuHelpMe/Classifier.cpp:71->MathieuHelpMe/Classifier.cpp:136]   --->   Operation 325 'mul' 'r_V_2_7_i_i' <Predicate = (!exitcond4_i_i)> <Delay = 4.17> <Core = "Mul">   --->   Core 16 'Mul' <Latency = 0> <II = 1> <Delay = 3.74> <FuncUnit> <Opcode : 'mul'> <InPorts = 2> <OutPorts = 1>
ST_4 : Operation 326 [1/1] (0.00ns)   --->   "%tmp_56_i_i = call i8 @_ssdm_op_PartSelect.i8.i128.i32.i32(i128 %svs_V_8_load, i32 16, i32 23)" [MathieuHelpMe/Classifier.cpp:69->MathieuHelpMe/Classifier.cpp:136]   --->   Operation 326 'partselect' 'tmp_56_i_i' <Predicate = (!exitcond4_i_i)> <Delay = 0.00>
ST_4 : Operation 327 [1/1] (0.00ns)   --->   "%OP1_V_2_8_i_i = sext i8 %tmp_56_i_i to i16" [MathieuHelpMe/Classifier.cpp:71->MathieuHelpMe/Classifier.cpp:136]   --->   Operation 327 'sext' 'OP1_V_2_8_i_i' <Predicate = (!exitcond4_i_i)> <Delay = 0.00>
ST_4 : Operation 328 [1/1] (4.17ns)   --->   "%r_V_2_8_i_i = mul i16 %OP2_V_2_i_i, %OP1_V_2_8_i_i" [MathieuHelpMe/Classifier.cpp:71->MathieuHelpMe/Classifier.cpp:136]   --->   Operation 328 'mul' 'r_V_2_8_i_i' <Predicate = (!exitcond4_i_i)> <Delay = 4.17> <Core = "Mul">   --->   Core 16 'Mul' <Latency = 0> <II = 1> <Delay = 3.74> <FuncUnit> <Opcode : 'mul'> <InPorts = 2> <OutPorts = 1>
ST_4 : Operation 329 [1/1] (0.00ns)   --->   "%tmp_57_i_i = call i8 @_ssdm_op_PartSelect.i8.i126.i32.i32(i126 %svs_V_9_load, i32 16, i32 23)" [MathieuHelpMe/Classifier.cpp:69->MathieuHelpMe/Classifier.cpp:136]   --->   Operation 329 'partselect' 'tmp_57_i_i' <Predicate = (!exitcond4_i_i)> <Delay = 0.00>
ST_4 : Operation 330 [1/1] (0.00ns)   --->   "%OP1_V_2_9_i_i = sext i8 %tmp_57_i_i to i16" [MathieuHelpMe/Classifier.cpp:71->MathieuHelpMe/Classifier.cpp:136]   --->   Operation 330 'sext' 'OP1_V_2_9_i_i' <Predicate = (!exitcond4_i_i)> <Delay = 0.00>
ST_4 : Operation 331 [1/1] (4.17ns)   --->   "%r_V_2_9_i_i = mul i16 %OP2_V_2_i_i, %OP1_V_2_9_i_i" [MathieuHelpMe/Classifier.cpp:71->MathieuHelpMe/Classifier.cpp:136]   --->   Operation 331 'mul' 'r_V_2_9_i_i' <Predicate = (!exitcond4_i_i)> <Delay = 4.17> <Core = "Mul">   --->   Core 16 'Mul' <Latency = 0> <II = 1> <Delay = 3.74> <FuncUnit> <Opcode : 'mul'> <InPorts = 2> <OutPorts = 1>
ST_4 : Operation 332 [1/1] (0.00ns)   --->   "%tmp_58_i_i = call i8 @_ssdm_op_PartSelect.i8.i125.i32.i32(i125 %svs_V_10_load, i32 16, i32 23)" [MathieuHelpMe/Classifier.cpp:69->MathieuHelpMe/Classifier.cpp:136]   --->   Operation 332 'partselect' 'tmp_58_i_i' <Predicate = (!exitcond4_i_i)> <Delay = 0.00>
ST_4 : Operation 333 [1/1] (0.00ns)   --->   "%OP1_V_2_i_i_39 = sext i8 %tmp_58_i_i to i16" [MathieuHelpMe/Classifier.cpp:71->MathieuHelpMe/Classifier.cpp:136]   --->   Operation 333 'sext' 'OP1_V_2_i_i_39' <Predicate = (!exitcond4_i_i)> <Delay = 0.00>
ST_4 : Operation 334 [1/1] (4.17ns)   --->   "%r_V_2_i_i_40 = mul i16 %OP2_V_2_i_i, %OP1_V_2_i_i_39" [MathieuHelpMe/Classifier.cpp:71->MathieuHelpMe/Classifier.cpp:136]   --->   Operation 334 'mul' 'r_V_2_i_i_40' <Predicate = (!exitcond4_i_i)> <Delay = 4.17> <Core = "Mul">   --->   Core 16 'Mul' <Latency = 0> <II = 1> <Delay = 3.74> <FuncUnit> <Opcode : 'mul'> <InPorts = 2> <OutPorts = 1>
ST_4 : Operation 335 [1/1] (0.00ns)   --->   "%tmp_59_i_i = call i8 @_ssdm_op_PartSelect.i8.i125.i32.i32(i125 %svs_V_11_load, i32 16, i32 23)" [MathieuHelpMe/Classifier.cpp:69->MathieuHelpMe/Classifier.cpp:136]   --->   Operation 335 'partselect' 'tmp_59_i_i' <Predicate = (!exitcond4_i_i)> <Delay = 0.00>
ST_4 : Operation 336 [1/1] (0.00ns)   --->   "%OP1_V_2_10_i_i = sext i8 %tmp_59_i_i to i16" [MathieuHelpMe/Classifier.cpp:71->MathieuHelpMe/Classifier.cpp:136]   --->   Operation 336 'sext' 'OP1_V_2_10_i_i' <Predicate = (!exitcond4_i_i)> <Delay = 0.00>
ST_4 : Operation 337 [1/1] (4.17ns)   --->   "%r_V_2_10_i_i = mul i16 %OP2_V_2_i_i, %OP1_V_2_10_i_i" [MathieuHelpMe/Classifier.cpp:71->MathieuHelpMe/Classifier.cpp:136]   --->   Operation 337 'mul' 'r_V_2_10_i_i' <Predicate = (!exitcond4_i_i)> <Delay = 4.17> <Core = "Mul">   --->   Core 16 'Mul' <Latency = 0> <II = 1> <Delay = 3.74> <FuncUnit> <Opcode : 'mul'> <InPorts = 2> <OutPorts = 1>
ST_4 : Operation 338 [1/1] (0.00ns)   --->   "%tmp_60_i_i = call i8 @_ssdm_op_PartSelect.i8.i126.i32.i32(i126 %svs_V_12_load, i32 16, i32 23)" [MathieuHelpMe/Classifier.cpp:69->MathieuHelpMe/Classifier.cpp:136]   --->   Operation 338 'partselect' 'tmp_60_i_i' <Predicate = (!exitcond4_i_i)> <Delay = 0.00>
ST_4 : Operation 339 [1/1] (0.00ns)   --->   "%OP1_V_2_11_i_i = sext i8 %tmp_60_i_i to i16" [MathieuHelpMe/Classifier.cpp:71->MathieuHelpMe/Classifier.cpp:136]   --->   Operation 339 'sext' 'OP1_V_2_11_i_i' <Predicate = (!exitcond4_i_i)> <Delay = 0.00>
ST_4 : Operation 340 [1/1] (4.17ns)   --->   "%r_V_2_11_i_i = mul i16 %OP2_V_2_i_i, %OP1_V_2_11_i_i" [MathieuHelpMe/Classifier.cpp:71->MathieuHelpMe/Classifier.cpp:136]   --->   Operation 340 'mul' 'r_V_2_11_i_i' <Predicate = (!exitcond4_i_i)> <Delay = 4.17> <Core = "Mul">   --->   Core 16 'Mul' <Latency = 0> <II = 1> <Delay = 3.74> <FuncUnit> <Opcode : 'mul'> <InPorts = 2> <OutPorts = 1>
ST_4 : Operation 341 [1/1] (0.00ns)   --->   "%tmp_61_i_i = call i8 @_ssdm_op_PartSelect.i8.i127.i32.i32(i127 %svs_V_13_load, i32 16, i32 23)" [MathieuHelpMe/Classifier.cpp:69->MathieuHelpMe/Classifier.cpp:136]   --->   Operation 341 'partselect' 'tmp_61_i_i' <Predicate = (!exitcond4_i_i)> <Delay = 0.00>
ST_4 : Operation 342 [1/1] (0.00ns)   --->   "%OP1_V_2_12_i_i = sext i8 %tmp_61_i_i to i16" [MathieuHelpMe/Classifier.cpp:71->MathieuHelpMe/Classifier.cpp:136]   --->   Operation 342 'sext' 'OP1_V_2_12_i_i' <Predicate = (!exitcond4_i_i)> <Delay = 0.00>
ST_4 : Operation 343 [1/1] (4.17ns)   --->   "%r_V_2_12_i_i = mul i16 %OP2_V_2_i_i, %OP1_V_2_12_i_i" [MathieuHelpMe/Classifier.cpp:71->MathieuHelpMe/Classifier.cpp:136]   --->   Operation 343 'mul' 'r_V_2_12_i_i' <Predicate = (!exitcond4_i_i)> <Delay = 4.17> <Core = "Mul">   --->   Core 16 'Mul' <Latency = 0> <II = 1> <Delay = 3.74> <FuncUnit> <Opcode : 'mul'> <InPorts = 2> <OutPorts = 1>
ST_4 : Operation 344 [1/1] (0.00ns)   --->   "%tmp_62_i_i = call i8 @_ssdm_op_PartSelect.i8.i126.i32.i32(i126 %svs_V_14_load, i32 16, i32 23)" [MathieuHelpMe/Classifier.cpp:69->MathieuHelpMe/Classifier.cpp:136]   --->   Operation 344 'partselect' 'tmp_62_i_i' <Predicate = (!exitcond4_i_i)> <Delay = 0.00>
ST_4 : Operation 345 [1/1] (0.00ns)   --->   "%OP1_V_2_13_i_i = sext i8 %tmp_62_i_i to i16" [MathieuHelpMe/Classifier.cpp:71->MathieuHelpMe/Classifier.cpp:136]   --->   Operation 345 'sext' 'OP1_V_2_13_i_i' <Predicate = (!exitcond4_i_i)> <Delay = 0.00>
ST_4 : Operation 346 [1/1] (4.17ns)   --->   "%r_V_2_13_i_i = mul i16 %OP2_V_2_i_i, %OP1_V_2_13_i_i" [MathieuHelpMe/Classifier.cpp:71->MathieuHelpMe/Classifier.cpp:136]   --->   Operation 346 'mul' 'r_V_2_13_i_i' <Predicate = (!exitcond4_i_i)> <Delay = 4.17> <Core = "Mul">   --->   Core 16 'Mul' <Latency = 0> <II = 1> <Delay = 3.74> <FuncUnit> <Opcode : 'mul'> <InPorts = 2> <OutPorts = 1>
ST_4 : Operation 347 [1/1] (0.00ns)   --->   "%tmp_63_i_i = call i8 @_ssdm_op_PartSelect.i8.i128.i32.i32(i128 %svs_V_15_load, i32 16, i32 23)" [MathieuHelpMe/Classifier.cpp:69->MathieuHelpMe/Classifier.cpp:136]   --->   Operation 347 'partselect' 'tmp_63_i_i' <Predicate = (!exitcond4_i_i)> <Delay = 0.00>
ST_4 : Operation 348 [1/1] (0.00ns)   --->   "%OP1_V_2_14_i_i = sext i8 %tmp_63_i_i to i16" [MathieuHelpMe/Classifier.cpp:71->MathieuHelpMe/Classifier.cpp:136]   --->   Operation 348 'sext' 'OP1_V_2_14_i_i' <Predicate = (!exitcond4_i_i)> <Delay = 0.00>
ST_4 : Operation 349 [1/1] (4.17ns)   --->   "%r_V_2_14_i_i = mul i16 %OP2_V_2_i_i, %OP1_V_2_14_i_i" [MathieuHelpMe/Classifier.cpp:71->MathieuHelpMe/Classifier.cpp:136]   --->   Operation 349 'mul' 'r_V_2_14_i_i' <Predicate = (!exitcond4_i_i)> <Delay = 4.17> <Core = "Mul">   --->   Core 16 'Mul' <Latency = 0> <II = 1> <Delay = 3.74> <FuncUnit> <Opcode : 'mul'> <InPorts = 2> <OutPorts = 1>
ST_4 : Operation 350 [1/1] (0.00ns)   --->   "%tmp_64_i_i = call i8 @_ssdm_op_PartSelect.i8.i125.i32.i32(i125 %svs_V_0_load, i32 24, i32 31)" [MathieuHelpMe/Classifier.cpp:69->MathieuHelpMe/Classifier.cpp:136]   --->   Operation 350 'partselect' 'tmp_64_i_i' <Predicate = (!exitcond4_i_i)> <Delay = 0.00>
ST_4 : Operation 351 [1/2] (2.32ns)   --->   "%x_local_3_V_load = load i8* %x_local_3_V_addr, align 1" [MathieuHelpMe/Classifier.cpp:70->MathieuHelpMe/Classifier.cpp:136]   --->   Operation 351 'load' 'x_local_3_V_load' <Predicate = (!exitcond4_i_i)> <Delay = 2.32> <Core = "RAM">   --->   Core 37 'RAM' <Latency = 1> <II = 1> <Delay = 2.32> <Storage> <Opcode : 'load' 'store'> <Ports = 2> <Width = 8> <Depth = 49> <RAM>
ST_4 : Operation 352 [1/1] (0.00ns)   --->   "%OP1_V_3_i_i = sext i8 %tmp_64_i_i to i16" [MathieuHelpMe/Classifier.cpp:71->MathieuHelpMe/Classifier.cpp:136]   --->   Operation 352 'sext' 'OP1_V_3_i_i' <Predicate = (!exitcond4_i_i)> <Delay = 0.00>
ST_4 : Operation 353 [1/1] (0.00ns)   --->   "%OP2_V_3_i_i = sext i8 %x_local_3_V_load to i16" [MathieuHelpMe/Classifier.cpp:71->MathieuHelpMe/Classifier.cpp:136]   --->   Operation 353 'sext' 'OP2_V_3_i_i' <Predicate = (!exitcond4_i_i)> <Delay = 0.00>
ST_4 : Operation 354 [1/1] (4.17ns)   --->   "%r_V_3_i_i = mul i16 %OP2_V_3_i_i, %OP1_V_3_i_i" [MathieuHelpMe/Classifier.cpp:71->MathieuHelpMe/Classifier.cpp:136]   --->   Operation 354 'mul' 'r_V_3_i_i' <Predicate = (!exitcond4_i_i)> <Delay = 4.17> <Core = "Mul">   --->   Core 16 'Mul' <Latency = 0> <II = 1> <Delay = 3.74> <FuncUnit> <Opcode : 'mul'> <InPorts = 2> <OutPorts = 1>
ST_4 : Operation 355 [1/1] (0.00ns)   --->   "%tmp_65_i_i = call i8 @_ssdm_op_PartSelect.i8.i125.i32.i32(i125 %svs_V_1_load, i32 24, i32 31)" [MathieuHelpMe/Classifier.cpp:69->MathieuHelpMe/Classifier.cpp:136]   --->   Operation 355 'partselect' 'tmp_65_i_i' <Predicate = (!exitcond4_i_i)> <Delay = 0.00>
ST_4 : Operation 356 [1/1] (0.00ns)   --->   "%OP1_V_3_1_i_i = sext i8 %tmp_65_i_i to i16" [MathieuHelpMe/Classifier.cpp:71->MathieuHelpMe/Classifier.cpp:136]   --->   Operation 356 'sext' 'OP1_V_3_1_i_i' <Predicate = (!exitcond4_i_i)> <Delay = 0.00>
ST_4 : Operation 357 [1/1] (4.17ns)   --->   "%r_V_3_1_i_i = mul i16 %OP2_V_3_i_i, %OP1_V_3_1_i_i" [MathieuHelpMe/Classifier.cpp:71->MathieuHelpMe/Classifier.cpp:136]   --->   Operation 357 'mul' 'r_V_3_1_i_i' <Predicate = (!exitcond4_i_i)> <Delay = 4.17> <Core = "Mul">   --->   Core 16 'Mul' <Latency = 0> <II = 1> <Delay = 3.74> <FuncUnit> <Opcode : 'mul'> <InPorts = 2> <OutPorts = 1>
ST_4 : Operation 358 [1/1] (0.00ns)   --->   "%tmp_66_i_i = call i8 @_ssdm_op_PartSelect.i8.i125.i32.i32(i125 %svs_V_2_load, i32 24, i32 31)" [MathieuHelpMe/Classifier.cpp:69->MathieuHelpMe/Classifier.cpp:136]   --->   Operation 358 'partselect' 'tmp_66_i_i' <Predicate = (!exitcond4_i_i)> <Delay = 0.00>
ST_4 : Operation 359 [1/1] (0.00ns)   --->   "%OP1_V_3_2_i_i = sext i8 %tmp_66_i_i to i16" [MathieuHelpMe/Classifier.cpp:71->MathieuHelpMe/Classifier.cpp:136]   --->   Operation 359 'sext' 'OP1_V_3_2_i_i' <Predicate = (!exitcond4_i_i)> <Delay = 0.00>
ST_4 : Operation 360 [1/1] (4.17ns)   --->   "%r_V_3_2_i_i = mul i16 %OP2_V_3_i_i, %OP1_V_3_2_i_i" [MathieuHelpMe/Classifier.cpp:71->MathieuHelpMe/Classifier.cpp:136]   --->   Operation 360 'mul' 'r_V_3_2_i_i' <Predicate = (!exitcond4_i_i)> <Delay = 4.17> <Core = "Mul">   --->   Core 16 'Mul' <Latency = 0> <II = 1> <Delay = 3.74> <FuncUnit> <Opcode : 'mul'> <InPorts = 2> <OutPorts = 1>
ST_4 : Operation 361 [1/1] (0.00ns)   --->   "%tmp_67_i_i = call i8 @_ssdm_op_PartSelect.i8.i128.i32.i32(i128 %svs_V_3_load, i32 24, i32 31)" [MathieuHelpMe/Classifier.cpp:69->MathieuHelpMe/Classifier.cpp:136]   --->   Operation 361 'partselect' 'tmp_67_i_i' <Predicate = (!exitcond4_i_i)> <Delay = 0.00>
ST_4 : Operation 362 [1/1] (0.00ns)   --->   "%OP1_V_3_3_i_i = sext i8 %tmp_67_i_i to i16" [MathieuHelpMe/Classifier.cpp:71->MathieuHelpMe/Classifier.cpp:136]   --->   Operation 362 'sext' 'OP1_V_3_3_i_i' <Predicate = (!exitcond4_i_i)> <Delay = 0.00>
ST_4 : Operation 363 [1/1] (4.17ns)   --->   "%r_V_3_3_i_i = mul i16 %OP2_V_3_i_i, %OP1_V_3_3_i_i" [MathieuHelpMe/Classifier.cpp:71->MathieuHelpMe/Classifier.cpp:136]   --->   Operation 363 'mul' 'r_V_3_3_i_i' <Predicate = (!exitcond4_i_i)> <Delay = 4.17> <Core = "Mul">   --->   Core 16 'Mul' <Latency = 0> <II = 1> <Delay = 3.74> <FuncUnit> <Opcode : 'mul'> <InPorts = 2> <OutPorts = 1>
ST_4 : Operation 364 [1/1] (0.00ns)   --->   "%tmp_68_i_i = call i8 @_ssdm_op_PartSelect.i8.i125.i32.i32(i125 %svs_V_4_load, i32 24, i32 31)" [MathieuHelpMe/Classifier.cpp:69->MathieuHelpMe/Classifier.cpp:136]   --->   Operation 364 'partselect' 'tmp_68_i_i' <Predicate = (!exitcond4_i_i)> <Delay = 0.00>
ST_4 : Operation 365 [1/1] (0.00ns)   --->   "%OP1_V_3_4_i_i = sext i8 %tmp_68_i_i to i16" [MathieuHelpMe/Classifier.cpp:71->MathieuHelpMe/Classifier.cpp:136]   --->   Operation 365 'sext' 'OP1_V_3_4_i_i' <Predicate = (!exitcond4_i_i)> <Delay = 0.00>
ST_4 : Operation 366 [1/1] (4.17ns)   --->   "%r_V_3_4_i_i = mul i16 %OP2_V_3_i_i, %OP1_V_3_4_i_i" [MathieuHelpMe/Classifier.cpp:71->MathieuHelpMe/Classifier.cpp:136]   --->   Operation 366 'mul' 'r_V_3_4_i_i' <Predicate = (!exitcond4_i_i)> <Delay = 4.17> <Core = "Mul">   --->   Core 16 'Mul' <Latency = 0> <II = 1> <Delay = 3.74> <FuncUnit> <Opcode : 'mul'> <InPorts = 2> <OutPorts = 1>
ST_4 : Operation 367 [1/1] (0.00ns)   --->   "%tmp_69_i_i = call i8 @_ssdm_op_PartSelect.i8.i125.i32.i32(i125 %svs_V_5_load, i32 24, i32 31)" [MathieuHelpMe/Classifier.cpp:69->MathieuHelpMe/Classifier.cpp:136]   --->   Operation 367 'partselect' 'tmp_69_i_i' <Predicate = (!exitcond4_i_i)> <Delay = 0.00>
ST_4 : Operation 368 [1/1] (0.00ns)   --->   "%OP1_V_3_5_i_i = sext i8 %tmp_69_i_i to i16" [MathieuHelpMe/Classifier.cpp:71->MathieuHelpMe/Classifier.cpp:136]   --->   Operation 368 'sext' 'OP1_V_3_5_i_i' <Predicate = (!exitcond4_i_i)> <Delay = 0.00>
ST_4 : Operation 369 [1/1] (4.17ns)   --->   "%r_V_3_5_i_i = mul i16 %OP2_V_3_i_i, %OP1_V_3_5_i_i" [MathieuHelpMe/Classifier.cpp:71->MathieuHelpMe/Classifier.cpp:136]   --->   Operation 369 'mul' 'r_V_3_5_i_i' <Predicate = (!exitcond4_i_i)> <Delay = 4.17> <Core = "Mul">   --->   Core 16 'Mul' <Latency = 0> <II = 1> <Delay = 3.74> <FuncUnit> <Opcode : 'mul'> <InPorts = 2> <OutPorts = 1>
ST_4 : Operation 370 [1/1] (0.00ns)   --->   "%tmp_70_i_i = call i8 @_ssdm_op_PartSelect.i8.i126.i32.i32(i126 %svs_V_6_load, i32 24, i32 31)" [MathieuHelpMe/Classifier.cpp:69->MathieuHelpMe/Classifier.cpp:136]   --->   Operation 370 'partselect' 'tmp_70_i_i' <Predicate = (!exitcond4_i_i)> <Delay = 0.00>
ST_4 : Operation 371 [1/1] (0.00ns)   --->   "%OP1_V_3_6_i_i = sext i8 %tmp_70_i_i to i16" [MathieuHelpMe/Classifier.cpp:71->MathieuHelpMe/Classifier.cpp:136]   --->   Operation 371 'sext' 'OP1_V_3_6_i_i' <Predicate = (!exitcond4_i_i)> <Delay = 0.00>
ST_4 : Operation 372 [1/1] (4.17ns)   --->   "%r_V_3_6_i_i = mul i16 %OP2_V_3_i_i, %OP1_V_3_6_i_i" [MathieuHelpMe/Classifier.cpp:71->MathieuHelpMe/Classifier.cpp:136]   --->   Operation 372 'mul' 'r_V_3_6_i_i' <Predicate = (!exitcond4_i_i)> <Delay = 4.17> <Core = "Mul">   --->   Core 16 'Mul' <Latency = 0> <II = 1> <Delay = 3.74> <FuncUnit> <Opcode : 'mul'> <InPorts = 2> <OutPorts = 1>
ST_4 : Operation 373 [1/1] (0.00ns)   --->   "%tmp_71_i_i = call i8 @_ssdm_op_PartSelect.i8.i125.i32.i32(i125 %svs_V_7_load, i32 24, i32 31)" [MathieuHelpMe/Classifier.cpp:69->MathieuHelpMe/Classifier.cpp:136]   --->   Operation 373 'partselect' 'tmp_71_i_i' <Predicate = (!exitcond4_i_i)> <Delay = 0.00>
ST_4 : Operation 374 [1/1] (0.00ns)   --->   "%OP1_V_3_7_i_i = sext i8 %tmp_71_i_i to i16" [MathieuHelpMe/Classifier.cpp:71->MathieuHelpMe/Classifier.cpp:136]   --->   Operation 374 'sext' 'OP1_V_3_7_i_i' <Predicate = (!exitcond4_i_i)> <Delay = 0.00>
ST_4 : Operation 375 [1/1] (4.17ns)   --->   "%r_V_3_7_i_i = mul i16 %OP2_V_3_i_i, %OP1_V_3_7_i_i" [MathieuHelpMe/Classifier.cpp:71->MathieuHelpMe/Classifier.cpp:136]   --->   Operation 375 'mul' 'r_V_3_7_i_i' <Predicate = (!exitcond4_i_i)> <Delay = 4.17> <Core = "Mul">   --->   Core 16 'Mul' <Latency = 0> <II = 1> <Delay = 3.74> <FuncUnit> <Opcode : 'mul'> <InPorts = 2> <OutPorts = 1>
ST_4 : Operation 376 [1/1] (0.00ns)   --->   "%tmp_72_i_i = call i8 @_ssdm_op_PartSelect.i8.i128.i32.i32(i128 %svs_V_8_load, i32 24, i32 31)" [MathieuHelpMe/Classifier.cpp:69->MathieuHelpMe/Classifier.cpp:136]   --->   Operation 376 'partselect' 'tmp_72_i_i' <Predicate = (!exitcond4_i_i)> <Delay = 0.00>
ST_4 : Operation 377 [1/1] (0.00ns)   --->   "%OP1_V_3_8_i_i = sext i8 %tmp_72_i_i to i16" [MathieuHelpMe/Classifier.cpp:71->MathieuHelpMe/Classifier.cpp:136]   --->   Operation 377 'sext' 'OP1_V_3_8_i_i' <Predicate = (!exitcond4_i_i)> <Delay = 0.00>
ST_4 : Operation 378 [1/1] (4.17ns)   --->   "%r_V_3_8_i_i = mul i16 %OP2_V_3_i_i, %OP1_V_3_8_i_i" [MathieuHelpMe/Classifier.cpp:71->MathieuHelpMe/Classifier.cpp:136]   --->   Operation 378 'mul' 'r_V_3_8_i_i' <Predicate = (!exitcond4_i_i)> <Delay = 4.17> <Core = "Mul">   --->   Core 16 'Mul' <Latency = 0> <II = 1> <Delay = 3.74> <FuncUnit> <Opcode : 'mul'> <InPorts = 2> <OutPorts = 1>
ST_4 : Operation 379 [1/1] (0.00ns)   --->   "%tmp_73_i_i = call i8 @_ssdm_op_PartSelect.i8.i126.i32.i32(i126 %svs_V_9_load, i32 24, i32 31)" [MathieuHelpMe/Classifier.cpp:69->MathieuHelpMe/Classifier.cpp:136]   --->   Operation 379 'partselect' 'tmp_73_i_i' <Predicate = (!exitcond4_i_i)> <Delay = 0.00>
ST_4 : Operation 380 [1/1] (0.00ns)   --->   "%OP1_V_3_9_i_i = sext i8 %tmp_73_i_i to i16" [MathieuHelpMe/Classifier.cpp:71->MathieuHelpMe/Classifier.cpp:136]   --->   Operation 380 'sext' 'OP1_V_3_9_i_i' <Predicate = (!exitcond4_i_i)> <Delay = 0.00>
ST_4 : Operation 381 [1/1] (4.17ns)   --->   "%r_V_3_9_i_i = mul i16 %OP2_V_3_i_i, %OP1_V_3_9_i_i" [MathieuHelpMe/Classifier.cpp:71->MathieuHelpMe/Classifier.cpp:136]   --->   Operation 381 'mul' 'r_V_3_9_i_i' <Predicate = (!exitcond4_i_i)> <Delay = 4.17> <Core = "Mul">   --->   Core 16 'Mul' <Latency = 0> <II = 1> <Delay = 3.74> <FuncUnit> <Opcode : 'mul'> <InPorts = 2> <OutPorts = 1>
ST_4 : Operation 382 [1/1] (0.00ns)   --->   "%tmp_74_i_i = call i8 @_ssdm_op_PartSelect.i8.i125.i32.i32(i125 %svs_V_10_load, i32 24, i32 31)" [MathieuHelpMe/Classifier.cpp:69->MathieuHelpMe/Classifier.cpp:136]   --->   Operation 382 'partselect' 'tmp_74_i_i' <Predicate = (!exitcond4_i_i)> <Delay = 0.00>
ST_4 : Operation 383 [1/1] (0.00ns)   --->   "%OP1_V_3_i_i_42 = sext i8 %tmp_74_i_i to i16" [MathieuHelpMe/Classifier.cpp:71->MathieuHelpMe/Classifier.cpp:136]   --->   Operation 383 'sext' 'OP1_V_3_i_i_42' <Predicate = (!exitcond4_i_i)> <Delay = 0.00>
ST_4 : Operation 384 [1/1] (4.17ns)   --->   "%r_V_3_i_i_43 = mul i16 %OP2_V_3_i_i, %OP1_V_3_i_i_42" [MathieuHelpMe/Classifier.cpp:71->MathieuHelpMe/Classifier.cpp:136]   --->   Operation 384 'mul' 'r_V_3_i_i_43' <Predicate = (!exitcond4_i_i)> <Delay = 4.17> <Core = "Mul">   --->   Core 16 'Mul' <Latency = 0> <II = 1> <Delay = 3.74> <FuncUnit> <Opcode : 'mul'> <InPorts = 2> <OutPorts = 1>
ST_4 : Operation 385 [1/1] (0.00ns)   --->   "%tmp_75_i_i = call i8 @_ssdm_op_PartSelect.i8.i125.i32.i32(i125 %svs_V_11_load, i32 24, i32 31)" [MathieuHelpMe/Classifier.cpp:69->MathieuHelpMe/Classifier.cpp:136]   --->   Operation 385 'partselect' 'tmp_75_i_i' <Predicate = (!exitcond4_i_i)> <Delay = 0.00>
ST_4 : Operation 386 [1/1] (0.00ns)   --->   "%OP1_V_3_10_i_i = sext i8 %tmp_75_i_i to i16" [MathieuHelpMe/Classifier.cpp:71->MathieuHelpMe/Classifier.cpp:136]   --->   Operation 386 'sext' 'OP1_V_3_10_i_i' <Predicate = (!exitcond4_i_i)> <Delay = 0.00>
ST_4 : Operation 387 [1/1] (4.17ns)   --->   "%r_V_3_10_i_i = mul i16 %OP2_V_3_i_i, %OP1_V_3_10_i_i" [MathieuHelpMe/Classifier.cpp:71->MathieuHelpMe/Classifier.cpp:136]   --->   Operation 387 'mul' 'r_V_3_10_i_i' <Predicate = (!exitcond4_i_i)> <Delay = 4.17> <Core = "Mul">   --->   Core 16 'Mul' <Latency = 0> <II = 1> <Delay = 3.74> <FuncUnit> <Opcode : 'mul'> <InPorts = 2> <OutPorts = 1>
ST_4 : Operation 388 [1/1] (0.00ns)   --->   "%tmp_76_i_i = call i8 @_ssdm_op_PartSelect.i8.i126.i32.i32(i126 %svs_V_12_load, i32 24, i32 31)" [MathieuHelpMe/Classifier.cpp:69->MathieuHelpMe/Classifier.cpp:136]   --->   Operation 388 'partselect' 'tmp_76_i_i' <Predicate = (!exitcond4_i_i)> <Delay = 0.00>
ST_4 : Operation 389 [1/1] (0.00ns)   --->   "%OP1_V_3_11_i_i = sext i8 %tmp_76_i_i to i16" [MathieuHelpMe/Classifier.cpp:71->MathieuHelpMe/Classifier.cpp:136]   --->   Operation 389 'sext' 'OP1_V_3_11_i_i' <Predicate = (!exitcond4_i_i)> <Delay = 0.00>
ST_4 : Operation 390 [1/1] (4.17ns)   --->   "%r_V_3_11_i_i = mul i16 %OP2_V_3_i_i, %OP1_V_3_11_i_i" [MathieuHelpMe/Classifier.cpp:71->MathieuHelpMe/Classifier.cpp:136]   --->   Operation 390 'mul' 'r_V_3_11_i_i' <Predicate = (!exitcond4_i_i)> <Delay = 4.17> <Core = "Mul">   --->   Core 16 'Mul' <Latency = 0> <II = 1> <Delay = 3.74> <FuncUnit> <Opcode : 'mul'> <InPorts = 2> <OutPorts = 1>
ST_4 : Operation 391 [1/1] (0.00ns)   --->   "%tmp_77_i_i = call i8 @_ssdm_op_PartSelect.i8.i127.i32.i32(i127 %svs_V_13_load, i32 24, i32 31)" [MathieuHelpMe/Classifier.cpp:69->MathieuHelpMe/Classifier.cpp:136]   --->   Operation 391 'partselect' 'tmp_77_i_i' <Predicate = (!exitcond4_i_i)> <Delay = 0.00>
ST_4 : Operation 392 [1/1] (0.00ns)   --->   "%OP1_V_3_12_i_i = sext i8 %tmp_77_i_i to i16" [MathieuHelpMe/Classifier.cpp:71->MathieuHelpMe/Classifier.cpp:136]   --->   Operation 392 'sext' 'OP1_V_3_12_i_i' <Predicate = (!exitcond4_i_i)> <Delay = 0.00>
ST_4 : Operation 393 [1/1] (4.17ns)   --->   "%r_V_3_12_i_i = mul i16 %OP2_V_3_i_i, %OP1_V_3_12_i_i" [MathieuHelpMe/Classifier.cpp:71->MathieuHelpMe/Classifier.cpp:136]   --->   Operation 393 'mul' 'r_V_3_12_i_i' <Predicate = (!exitcond4_i_i)> <Delay = 4.17> <Core = "Mul">   --->   Core 16 'Mul' <Latency = 0> <II = 1> <Delay = 3.74> <FuncUnit> <Opcode : 'mul'> <InPorts = 2> <OutPorts = 1>
ST_4 : Operation 394 [1/1] (0.00ns)   --->   "%tmp_78_i_i = call i8 @_ssdm_op_PartSelect.i8.i126.i32.i32(i126 %svs_V_14_load, i32 24, i32 31)" [MathieuHelpMe/Classifier.cpp:69->MathieuHelpMe/Classifier.cpp:136]   --->   Operation 394 'partselect' 'tmp_78_i_i' <Predicate = (!exitcond4_i_i)> <Delay = 0.00>
ST_4 : Operation 395 [1/1] (0.00ns)   --->   "%OP1_V_3_13_i_i = sext i8 %tmp_78_i_i to i16" [MathieuHelpMe/Classifier.cpp:71->MathieuHelpMe/Classifier.cpp:136]   --->   Operation 395 'sext' 'OP1_V_3_13_i_i' <Predicate = (!exitcond4_i_i)> <Delay = 0.00>
ST_4 : Operation 396 [1/1] (4.17ns)   --->   "%r_V_3_13_i_i = mul i16 %OP2_V_3_i_i, %OP1_V_3_13_i_i" [MathieuHelpMe/Classifier.cpp:71->MathieuHelpMe/Classifier.cpp:136]   --->   Operation 396 'mul' 'r_V_3_13_i_i' <Predicate = (!exitcond4_i_i)> <Delay = 4.17> <Core = "Mul">   --->   Core 16 'Mul' <Latency = 0> <II = 1> <Delay = 3.74> <FuncUnit> <Opcode : 'mul'> <InPorts = 2> <OutPorts = 1>
ST_4 : Operation 397 [1/1] (0.00ns)   --->   "%tmp_79_i_i = call i8 @_ssdm_op_PartSelect.i8.i128.i32.i32(i128 %svs_V_15_load, i32 24, i32 31)" [MathieuHelpMe/Classifier.cpp:69->MathieuHelpMe/Classifier.cpp:136]   --->   Operation 397 'partselect' 'tmp_79_i_i' <Predicate = (!exitcond4_i_i)> <Delay = 0.00>
ST_4 : Operation 398 [1/1] (0.00ns)   --->   "%OP1_V_3_14_i_i = sext i8 %tmp_79_i_i to i16" [MathieuHelpMe/Classifier.cpp:71->MathieuHelpMe/Classifier.cpp:136]   --->   Operation 398 'sext' 'OP1_V_3_14_i_i' <Predicate = (!exitcond4_i_i)> <Delay = 0.00>
ST_4 : Operation 399 [1/1] (4.17ns)   --->   "%r_V_3_14_i_i = mul i16 %OP2_V_3_i_i, %OP1_V_3_14_i_i" [MathieuHelpMe/Classifier.cpp:71->MathieuHelpMe/Classifier.cpp:136]   --->   Operation 399 'mul' 'r_V_3_14_i_i' <Predicate = (!exitcond4_i_i)> <Delay = 4.17> <Core = "Mul">   --->   Core 16 'Mul' <Latency = 0> <II = 1> <Delay = 3.74> <FuncUnit> <Opcode : 'mul'> <InPorts = 2> <OutPorts = 1>
ST_4 : Operation 400 [1/1] (0.00ns)   --->   "%tmp_80_i_i = call i8 @_ssdm_op_PartSelect.i8.i125.i32.i32(i125 %svs_V_0_load, i32 32, i32 39)" [MathieuHelpMe/Classifier.cpp:69->MathieuHelpMe/Classifier.cpp:136]   --->   Operation 400 'partselect' 'tmp_80_i_i' <Predicate = (!exitcond4_i_i)> <Delay = 0.00>
ST_4 : Operation 401 [1/2] (2.32ns)   --->   "%x_local_4_V_load = load i8* %x_local_4_V_addr, align 1" [MathieuHelpMe/Classifier.cpp:70->MathieuHelpMe/Classifier.cpp:136]   --->   Operation 401 'load' 'x_local_4_V_load' <Predicate = (!exitcond4_i_i)> <Delay = 2.32> <Core = "RAM">   --->   Core 37 'RAM' <Latency = 1> <II = 1> <Delay = 2.32> <Storage> <Opcode : 'load' 'store'> <Ports = 2> <Width = 8> <Depth = 49> <RAM>
ST_4 : Operation 402 [1/1] (0.00ns)   --->   "%tmp_81_i_i = call i8 @_ssdm_op_PartSelect.i8.i125.i32.i32(i125 %svs_V_1_load, i32 32, i32 39)" [MathieuHelpMe/Classifier.cpp:69->MathieuHelpMe/Classifier.cpp:136]   --->   Operation 402 'partselect' 'tmp_81_i_i' <Predicate = (!exitcond4_i_i)> <Delay = 0.00>
ST_4 : Operation 403 [1/1] (0.00ns)   --->   "%tmp_82_i_i = call i8 @_ssdm_op_PartSelect.i8.i125.i32.i32(i125 %svs_V_2_load, i32 32, i32 39)" [MathieuHelpMe/Classifier.cpp:69->MathieuHelpMe/Classifier.cpp:136]   --->   Operation 403 'partselect' 'tmp_82_i_i' <Predicate = (!exitcond4_i_i)> <Delay = 0.00>
ST_4 : Operation 404 [1/1] (0.00ns)   --->   "%tmp_83_i_i = call i8 @_ssdm_op_PartSelect.i8.i128.i32.i32(i128 %svs_V_3_load, i32 32, i32 39)" [MathieuHelpMe/Classifier.cpp:69->MathieuHelpMe/Classifier.cpp:136]   --->   Operation 404 'partselect' 'tmp_83_i_i' <Predicate = (!exitcond4_i_i)> <Delay = 0.00>
ST_4 : Operation 405 [1/1] (0.00ns)   --->   "%tmp_84_i_i = call i8 @_ssdm_op_PartSelect.i8.i125.i32.i32(i125 %svs_V_4_load, i32 32, i32 39)" [MathieuHelpMe/Classifier.cpp:69->MathieuHelpMe/Classifier.cpp:136]   --->   Operation 405 'partselect' 'tmp_84_i_i' <Predicate = (!exitcond4_i_i)> <Delay = 0.00>
ST_4 : Operation 406 [1/1] (0.00ns)   --->   "%tmp_85_i_i = call i8 @_ssdm_op_PartSelect.i8.i125.i32.i32(i125 %svs_V_5_load, i32 32, i32 39)" [MathieuHelpMe/Classifier.cpp:69->MathieuHelpMe/Classifier.cpp:136]   --->   Operation 406 'partselect' 'tmp_85_i_i' <Predicate = (!exitcond4_i_i)> <Delay = 0.00>
ST_4 : Operation 407 [1/1] (0.00ns)   --->   "%tmp_86_i_i = call i8 @_ssdm_op_PartSelect.i8.i126.i32.i32(i126 %svs_V_6_load, i32 32, i32 39)" [MathieuHelpMe/Classifier.cpp:69->MathieuHelpMe/Classifier.cpp:136]   --->   Operation 407 'partselect' 'tmp_86_i_i' <Predicate = (!exitcond4_i_i)> <Delay = 0.00>
ST_4 : Operation 408 [1/1] (0.00ns)   --->   "%tmp_87_i_i = call i8 @_ssdm_op_PartSelect.i8.i125.i32.i32(i125 %svs_V_7_load, i32 32, i32 39)" [MathieuHelpMe/Classifier.cpp:69->MathieuHelpMe/Classifier.cpp:136]   --->   Operation 408 'partselect' 'tmp_87_i_i' <Predicate = (!exitcond4_i_i)> <Delay = 0.00>
ST_4 : Operation 409 [1/1] (0.00ns)   --->   "%tmp_88_i_i = call i8 @_ssdm_op_PartSelect.i8.i128.i32.i32(i128 %svs_V_8_load, i32 32, i32 39)" [MathieuHelpMe/Classifier.cpp:69->MathieuHelpMe/Classifier.cpp:136]   --->   Operation 409 'partselect' 'tmp_88_i_i' <Predicate = (!exitcond4_i_i)> <Delay = 0.00>
ST_4 : Operation 410 [1/1] (0.00ns)   --->   "%tmp_89_i_i = call i8 @_ssdm_op_PartSelect.i8.i126.i32.i32(i126 %svs_V_9_load, i32 32, i32 39)" [MathieuHelpMe/Classifier.cpp:69->MathieuHelpMe/Classifier.cpp:136]   --->   Operation 410 'partselect' 'tmp_89_i_i' <Predicate = (!exitcond4_i_i)> <Delay = 0.00>
ST_4 : Operation 411 [1/1] (0.00ns)   --->   "%tmp_90_i_i = call i8 @_ssdm_op_PartSelect.i8.i125.i32.i32(i125 %svs_V_10_load, i32 32, i32 39)" [MathieuHelpMe/Classifier.cpp:69->MathieuHelpMe/Classifier.cpp:136]   --->   Operation 411 'partselect' 'tmp_90_i_i' <Predicate = (!exitcond4_i_i)> <Delay = 0.00>
ST_4 : Operation 412 [1/1] (0.00ns)   --->   "%tmp_91_i_i = call i8 @_ssdm_op_PartSelect.i8.i125.i32.i32(i125 %svs_V_11_load, i32 32, i32 39)" [MathieuHelpMe/Classifier.cpp:69->MathieuHelpMe/Classifier.cpp:136]   --->   Operation 412 'partselect' 'tmp_91_i_i' <Predicate = (!exitcond4_i_i)> <Delay = 0.00>
ST_4 : Operation 413 [1/1] (0.00ns)   --->   "%tmp_92_i_i = call i8 @_ssdm_op_PartSelect.i8.i126.i32.i32(i126 %svs_V_12_load, i32 32, i32 39)" [MathieuHelpMe/Classifier.cpp:69->MathieuHelpMe/Classifier.cpp:136]   --->   Operation 413 'partselect' 'tmp_92_i_i' <Predicate = (!exitcond4_i_i)> <Delay = 0.00>
ST_4 : Operation 414 [1/1] (0.00ns)   --->   "%tmp_93_i_i = call i8 @_ssdm_op_PartSelect.i8.i127.i32.i32(i127 %svs_V_13_load, i32 32, i32 39)" [MathieuHelpMe/Classifier.cpp:69->MathieuHelpMe/Classifier.cpp:136]   --->   Operation 414 'partselect' 'tmp_93_i_i' <Predicate = (!exitcond4_i_i)> <Delay = 0.00>
ST_4 : Operation 415 [1/1] (0.00ns)   --->   "%tmp_94_i_i = call i8 @_ssdm_op_PartSelect.i8.i126.i32.i32(i126 %svs_V_14_load, i32 32, i32 39)" [MathieuHelpMe/Classifier.cpp:69->MathieuHelpMe/Classifier.cpp:136]   --->   Operation 415 'partselect' 'tmp_94_i_i' <Predicate = (!exitcond4_i_i)> <Delay = 0.00>
ST_4 : Operation 416 [1/1] (0.00ns)   --->   "%tmp_95_i_i = call i8 @_ssdm_op_PartSelect.i8.i128.i32.i32(i128 %svs_V_15_load, i32 32, i32 39)" [MathieuHelpMe/Classifier.cpp:69->MathieuHelpMe/Classifier.cpp:136]   --->   Operation 416 'partselect' 'tmp_95_i_i' <Predicate = (!exitcond4_i_i)> <Delay = 0.00>
ST_4 : Operation 417 [1/1] (0.00ns)   --->   "%tmp_96_i_i = call i8 @_ssdm_op_PartSelect.i8.i125.i32.i32(i125 %svs_V_0_load, i32 40, i32 47)" [MathieuHelpMe/Classifier.cpp:69->MathieuHelpMe/Classifier.cpp:136]   --->   Operation 417 'partselect' 'tmp_96_i_i' <Predicate = (!exitcond4_i_i)> <Delay = 0.00>
ST_4 : Operation 418 [1/2] (2.32ns)   --->   "%x_local_5_V_load = load i8* %x_local_5_V_addr, align 1" [MathieuHelpMe/Classifier.cpp:70->MathieuHelpMe/Classifier.cpp:136]   --->   Operation 418 'load' 'x_local_5_V_load' <Predicate = (!exitcond4_i_i)> <Delay = 2.32> <Core = "RAM">   --->   Core 37 'RAM' <Latency = 1> <II = 1> <Delay = 2.32> <Storage> <Opcode : 'load' 'store'> <Ports = 2> <Width = 8> <Depth = 49> <RAM>
ST_4 : Operation 419 [1/1] (0.00ns)   --->   "%tmp_97_i_i = call i8 @_ssdm_op_PartSelect.i8.i125.i32.i32(i125 %svs_V_1_load, i32 40, i32 47)" [MathieuHelpMe/Classifier.cpp:69->MathieuHelpMe/Classifier.cpp:136]   --->   Operation 419 'partselect' 'tmp_97_i_i' <Predicate = (!exitcond4_i_i)> <Delay = 0.00>
ST_4 : Operation 420 [1/1] (0.00ns)   --->   "%tmp_98_i_i = call i8 @_ssdm_op_PartSelect.i8.i125.i32.i32(i125 %svs_V_2_load, i32 40, i32 47)" [MathieuHelpMe/Classifier.cpp:69->MathieuHelpMe/Classifier.cpp:136]   --->   Operation 420 'partselect' 'tmp_98_i_i' <Predicate = (!exitcond4_i_i)> <Delay = 0.00>
ST_4 : Operation 421 [1/1] (0.00ns)   --->   "%tmp_99_i_i = call i8 @_ssdm_op_PartSelect.i8.i128.i32.i32(i128 %svs_V_3_load, i32 40, i32 47)" [MathieuHelpMe/Classifier.cpp:69->MathieuHelpMe/Classifier.cpp:136]   --->   Operation 421 'partselect' 'tmp_99_i_i' <Predicate = (!exitcond4_i_i)> <Delay = 0.00>
ST_4 : Operation 422 [1/1] (0.00ns)   --->   "%tmp_100_i_i = call i8 @_ssdm_op_PartSelect.i8.i125.i32.i32(i125 %svs_V_4_load, i32 40, i32 47)" [MathieuHelpMe/Classifier.cpp:69->MathieuHelpMe/Classifier.cpp:136]   --->   Operation 422 'partselect' 'tmp_100_i_i' <Predicate = (!exitcond4_i_i)> <Delay = 0.00>
ST_4 : Operation 423 [1/1] (0.00ns)   --->   "%tmp_101_i_i = call i8 @_ssdm_op_PartSelect.i8.i125.i32.i32(i125 %svs_V_5_load, i32 40, i32 47)" [MathieuHelpMe/Classifier.cpp:69->MathieuHelpMe/Classifier.cpp:136]   --->   Operation 423 'partselect' 'tmp_101_i_i' <Predicate = (!exitcond4_i_i)> <Delay = 0.00>
ST_4 : Operation 424 [1/1] (0.00ns)   --->   "%tmp_102_i_i = call i8 @_ssdm_op_PartSelect.i8.i126.i32.i32(i126 %svs_V_6_load, i32 40, i32 47)" [MathieuHelpMe/Classifier.cpp:69->MathieuHelpMe/Classifier.cpp:136]   --->   Operation 424 'partselect' 'tmp_102_i_i' <Predicate = (!exitcond4_i_i)> <Delay = 0.00>
ST_4 : Operation 425 [1/1] (0.00ns)   --->   "%tmp_103_i_i = call i8 @_ssdm_op_PartSelect.i8.i125.i32.i32(i125 %svs_V_7_load, i32 40, i32 47)" [MathieuHelpMe/Classifier.cpp:69->MathieuHelpMe/Classifier.cpp:136]   --->   Operation 425 'partselect' 'tmp_103_i_i' <Predicate = (!exitcond4_i_i)> <Delay = 0.00>
ST_4 : Operation 426 [1/1] (0.00ns)   --->   "%tmp_104_i_i = call i8 @_ssdm_op_PartSelect.i8.i128.i32.i32(i128 %svs_V_8_load, i32 40, i32 47)" [MathieuHelpMe/Classifier.cpp:69->MathieuHelpMe/Classifier.cpp:136]   --->   Operation 426 'partselect' 'tmp_104_i_i' <Predicate = (!exitcond4_i_i)> <Delay = 0.00>
ST_4 : Operation 427 [1/1] (0.00ns)   --->   "%tmp_105_i_i = call i8 @_ssdm_op_PartSelect.i8.i126.i32.i32(i126 %svs_V_9_load, i32 40, i32 47)" [MathieuHelpMe/Classifier.cpp:69->MathieuHelpMe/Classifier.cpp:136]   --->   Operation 427 'partselect' 'tmp_105_i_i' <Predicate = (!exitcond4_i_i)> <Delay = 0.00>
ST_4 : Operation 428 [1/1] (0.00ns)   --->   "%tmp_106_i_i = call i8 @_ssdm_op_PartSelect.i8.i125.i32.i32(i125 %svs_V_10_load, i32 40, i32 47)" [MathieuHelpMe/Classifier.cpp:69->MathieuHelpMe/Classifier.cpp:136]   --->   Operation 428 'partselect' 'tmp_106_i_i' <Predicate = (!exitcond4_i_i)> <Delay = 0.00>
ST_4 : Operation 429 [1/1] (0.00ns)   --->   "%tmp_107_i_i = call i8 @_ssdm_op_PartSelect.i8.i125.i32.i32(i125 %svs_V_11_load, i32 40, i32 47)" [MathieuHelpMe/Classifier.cpp:69->MathieuHelpMe/Classifier.cpp:136]   --->   Operation 429 'partselect' 'tmp_107_i_i' <Predicate = (!exitcond4_i_i)> <Delay = 0.00>
ST_4 : Operation 430 [1/1] (0.00ns)   --->   "%tmp_108_i_i = call i8 @_ssdm_op_PartSelect.i8.i126.i32.i32(i126 %svs_V_12_load, i32 40, i32 47)" [MathieuHelpMe/Classifier.cpp:69->MathieuHelpMe/Classifier.cpp:136]   --->   Operation 430 'partselect' 'tmp_108_i_i' <Predicate = (!exitcond4_i_i)> <Delay = 0.00>
ST_4 : Operation 431 [1/1] (0.00ns)   --->   "%tmp_109_i_i = call i8 @_ssdm_op_PartSelect.i8.i127.i32.i32(i127 %svs_V_13_load, i32 40, i32 47)" [MathieuHelpMe/Classifier.cpp:69->MathieuHelpMe/Classifier.cpp:136]   --->   Operation 431 'partselect' 'tmp_109_i_i' <Predicate = (!exitcond4_i_i)> <Delay = 0.00>
ST_4 : Operation 432 [1/1] (0.00ns)   --->   "%tmp_110_i_i = call i8 @_ssdm_op_PartSelect.i8.i126.i32.i32(i126 %svs_V_14_load, i32 40, i32 47)" [MathieuHelpMe/Classifier.cpp:69->MathieuHelpMe/Classifier.cpp:136]   --->   Operation 432 'partselect' 'tmp_110_i_i' <Predicate = (!exitcond4_i_i)> <Delay = 0.00>
ST_4 : Operation 433 [1/1] (0.00ns)   --->   "%tmp_111_i_i = call i8 @_ssdm_op_PartSelect.i8.i128.i32.i32(i128 %svs_V_15_load, i32 40, i32 47)" [MathieuHelpMe/Classifier.cpp:69->MathieuHelpMe/Classifier.cpp:136]   --->   Operation 433 'partselect' 'tmp_111_i_i' <Predicate = (!exitcond4_i_i)> <Delay = 0.00>
ST_4 : Operation 434 [1/1] (0.00ns)   --->   "%tmp_112_i_i = call i8 @_ssdm_op_PartSelect.i8.i125.i32.i32(i125 %svs_V_0_load, i32 48, i32 55)" [MathieuHelpMe/Classifier.cpp:69->MathieuHelpMe/Classifier.cpp:136]   --->   Operation 434 'partselect' 'tmp_112_i_i' <Predicate = (!exitcond4_i_i)> <Delay = 0.00>
ST_4 : Operation 435 [1/2] (2.32ns)   --->   "%x_local_6_V_load = load i8* %x_local_6_V_addr, align 1" [MathieuHelpMe/Classifier.cpp:70->MathieuHelpMe/Classifier.cpp:136]   --->   Operation 435 'load' 'x_local_6_V_load' <Predicate = (!exitcond4_i_i)> <Delay = 2.32> <Core = "RAM">   --->   Core 37 'RAM' <Latency = 1> <II = 1> <Delay = 2.32> <Storage> <Opcode : 'load' 'store'> <Ports = 2> <Width = 8> <Depth = 49> <RAM>
ST_4 : Operation 436 [1/1] (0.00ns)   --->   "%tmp_113_i_i = call i8 @_ssdm_op_PartSelect.i8.i125.i32.i32(i125 %svs_V_1_load, i32 48, i32 55)" [MathieuHelpMe/Classifier.cpp:69->MathieuHelpMe/Classifier.cpp:136]   --->   Operation 436 'partselect' 'tmp_113_i_i' <Predicate = (!exitcond4_i_i)> <Delay = 0.00>
ST_4 : Operation 437 [1/1] (0.00ns)   --->   "%tmp_114_i_i = call i8 @_ssdm_op_PartSelect.i8.i125.i32.i32(i125 %svs_V_2_load, i32 48, i32 55)" [MathieuHelpMe/Classifier.cpp:69->MathieuHelpMe/Classifier.cpp:136]   --->   Operation 437 'partselect' 'tmp_114_i_i' <Predicate = (!exitcond4_i_i)> <Delay = 0.00>
ST_4 : Operation 438 [1/1] (0.00ns)   --->   "%tmp_115_i_i = call i8 @_ssdm_op_PartSelect.i8.i128.i32.i32(i128 %svs_V_3_load, i32 48, i32 55)" [MathieuHelpMe/Classifier.cpp:69->MathieuHelpMe/Classifier.cpp:136]   --->   Operation 438 'partselect' 'tmp_115_i_i' <Predicate = (!exitcond4_i_i)> <Delay = 0.00>
ST_4 : Operation 439 [1/1] (0.00ns)   --->   "%tmp_116_i_i = call i8 @_ssdm_op_PartSelect.i8.i125.i32.i32(i125 %svs_V_4_load, i32 48, i32 55)" [MathieuHelpMe/Classifier.cpp:69->MathieuHelpMe/Classifier.cpp:136]   --->   Operation 439 'partselect' 'tmp_116_i_i' <Predicate = (!exitcond4_i_i)> <Delay = 0.00>
ST_4 : Operation 440 [1/1] (0.00ns)   --->   "%tmp_117_i_i = call i8 @_ssdm_op_PartSelect.i8.i125.i32.i32(i125 %svs_V_5_load, i32 48, i32 55)" [MathieuHelpMe/Classifier.cpp:69->MathieuHelpMe/Classifier.cpp:136]   --->   Operation 440 'partselect' 'tmp_117_i_i' <Predicate = (!exitcond4_i_i)> <Delay = 0.00>
ST_4 : Operation 441 [1/1] (0.00ns)   --->   "%tmp_118_i_i = call i8 @_ssdm_op_PartSelect.i8.i126.i32.i32(i126 %svs_V_6_load, i32 48, i32 55)" [MathieuHelpMe/Classifier.cpp:69->MathieuHelpMe/Classifier.cpp:136]   --->   Operation 441 'partselect' 'tmp_118_i_i' <Predicate = (!exitcond4_i_i)> <Delay = 0.00>
ST_4 : Operation 442 [1/1] (0.00ns)   --->   "%tmp_119_i_i = call i8 @_ssdm_op_PartSelect.i8.i125.i32.i32(i125 %svs_V_7_load, i32 48, i32 55)" [MathieuHelpMe/Classifier.cpp:69->MathieuHelpMe/Classifier.cpp:136]   --->   Operation 442 'partselect' 'tmp_119_i_i' <Predicate = (!exitcond4_i_i)> <Delay = 0.00>
ST_4 : Operation 443 [1/1] (0.00ns)   --->   "%tmp_120_i_i = call i8 @_ssdm_op_PartSelect.i8.i128.i32.i32(i128 %svs_V_8_load, i32 48, i32 55)" [MathieuHelpMe/Classifier.cpp:69->MathieuHelpMe/Classifier.cpp:136]   --->   Operation 443 'partselect' 'tmp_120_i_i' <Predicate = (!exitcond4_i_i)> <Delay = 0.00>
ST_4 : Operation 444 [1/1] (0.00ns)   --->   "%tmp_121_i_i = call i8 @_ssdm_op_PartSelect.i8.i126.i32.i32(i126 %svs_V_9_load, i32 48, i32 55)" [MathieuHelpMe/Classifier.cpp:69->MathieuHelpMe/Classifier.cpp:136]   --->   Operation 444 'partselect' 'tmp_121_i_i' <Predicate = (!exitcond4_i_i)> <Delay = 0.00>
ST_4 : Operation 445 [1/1] (0.00ns)   --->   "%tmp_122_i_i = call i8 @_ssdm_op_PartSelect.i8.i125.i32.i32(i125 %svs_V_10_load, i32 48, i32 55)" [MathieuHelpMe/Classifier.cpp:69->MathieuHelpMe/Classifier.cpp:136]   --->   Operation 445 'partselect' 'tmp_122_i_i' <Predicate = (!exitcond4_i_i)> <Delay = 0.00>
ST_4 : Operation 446 [1/1] (0.00ns)   --->   "%tmp_123_i_i = call i8 @_ssdm_op_PartSelect.i8.i125.i32.i32(i125 %svs_V_11_load, i32 48, i32 55)" [MathieuHelpMe/Classifier.cpp:69->MathieuHelpMe/Classifier.cpp:136]   --->   Operation 446 'partselect' 'tmp_123_i_i' <Predicate = (!exitcond4_i_i)> <Delay = 0.00>
ST_4 : Operation 447 [1/1] (0.00ns)   --->   "%tmp_124_i_i = call i8 @_ssdm_op_PartSelect.i8.i126.i32.i32(i126 %svs_V_12_load, i32 48, i32 55)" [MathieuHelpMe/Classifier.cpp:69->MathieuHelpMe/Classifier.cpp:136]   --->   Operation 447 'partselect' 'tmp_124_i_i' <Predicate = (!exitcond4_i_i)> <Delay = 0.00>
ST_4 : Operation 448 [1/1] (0.00ns)   --->   "%tmp_125_i_i = call i8 @_ssdm_op_PartSelect.i8.i127.i32.i32(i127 %svs_V_13_load, i32 48, i32 55)" [MathieuHelpMe/Classifier.cpp:69->MathieuHelpMe/Classifier.cpp:136]   --->   Operation 448 'partselect' 'tmp_125_i_i' <Predicate = (!exitcond4_i_i)> <Delay = 0.00>
ST_4 : Operation 449 [1/1] (0.00ns)   --->   "%tmp_126_i_i = call i8 @_ssdm_op_PartSelect.i8.i126.i32.i32(i126 %svs_V_14_load, i32 48, i32 55)" [MathieuHelpMe/Classifier.cpp:69->MathieuHelpMe/Classifier.cpp:136]   --->   Operation 449 'partselect' 'tmp_126_i_i' <Predicate = (!exitcond4_i_i)> <Delay = 0.00>
ST_4 : Operation 450 [1/1] (0.00ns)   --->   "%tmp_127_i_i = call i8 @_ssdm_op_PartSelect.i8.i128.i32.i32(i128 %svs_V_15_load, i32 48, i32 55)" [MathieuHelpMe/Classifier.cpp:69->MathieuHelpMe/Classifier.cpp:136]   --->   Operation 450 'partselect' 'tmp_127_i_i' <Predicate = (!exitcond4_i_i)> <Delay = 0.00>
ST_4 : Operation 451 [1/1] (0.00ns)   --->   "%tmp_128_i_i = call i8 @_ssdm_op_PartSelect.i8.i125.i32.i32(i125 %svs_V_0_load, i32 56, i32 63)" [MathieuHelpMe/Classifier.cpp:69->MathieuHelpMe/Classifier.cpp:136]   --->   Operation 451 'partselect' 'tmp_128_i_i' <Predicate = (!exitcond4_i_i)> <Delay = 0.00>
ST_4 : Operation 452 [1/2] (2.32ns)   --->   "%x_local_7_V_load = load i8* %x_local_7_V_addr, align 1" [MathieuHelpMe/Classifier.cpp:70->MathieuHelpMe/Classifier.cpp:136]   --->   Operation 452 'load' 'x_local_7_V_load' <Predicate = (!exitcond4_i_i)> <Delay = 2.32> <Core = "RAM">   --->   Core 37 'RAM' <Latency = 1> <II = 1> <Delay = 2.32> <Storage> <Opcode : 'load' 'store'> <Ports = 2> <Width = 8> <Depth = 49> <RAM>
ST_4 : Operation 453 [1/1] (0.00ns)   --->   "%tmp_129_i_i = call i8 @_ssdm_op_PartSelect.i8.i125.i32.i32(i125 %svs_V_1_load, i32 56, i32 63)" [MathieuHelpMe/Classifier.cpp:69->MathieuHelpMe/Classifier.cpp:136]   --->   Operation 453 'partselect' 'tmp_129_i_i' <Predicate = (!exitcond4_i_i)> <Delay = 0.00>
ST_4 : Operation 454 [1/1] (0.00ns)   --->   "%tmp_130_i_i = call i8 @_ssdm_op_PartSelect.i8.i125.i32.i32(i125 %svs_V_2_load, i32 56, i32 63)" [MathieuHelpMe/Classifier.cpp:69->MathieuHelpMe/Classifier.cpp:136]   --->   Operation 454 'partselect' 'tmp_130_i_i' <Predicate = (!exitcond4_i_i)> <Delay = 0.00>
ST_4 : Operation 455 [1/1] (0.00ns)   --->   "%tmp_131_i_i = call i8 @_ssdm_op_PartSelect.i8.i128.i32.i32(i128 %svs_V_3_load, i32 56, i32 63)" [MathieuHelpMe/Classifier.cpp:69->MathieuHelpMe/Classifier.cpp:136]   --->   Operation 455 'partselect' 'tmp_131_i_i' <Predicate = (!exitcond4_i_i)> <Delay = 0.00>
ST_4 : Operation 456 [1/1] (0.00ns)   --->   "%tmp_132_i_i = call i8 @_ssdm_op_PartSelect.i8.i125.i32.i32(i125 %svs_V_4_load, i32 56, i32 63)" [MathieuHelpMe/Classifier.cpp:69->MathieuHelpMe/Classifier.cpp:136]   --->   Operation 456 'partselect' 'tmp_132_i_i' <Predicate = (!exitcond4_i_i)> <Delay = 0.00>
ST_4 : Operation 457 [1/1] (0.00ns)   --->   "%tmp_133_i_i = call i8 @_ssdm_op_PartSelect.i8.i125.i32.i32(i125 %svs_V_5_load, i32 56, i32 63)" [MathieuHelpMe/Classifier.cpp:69->MathieuHelpMe/Classifier.cpp:136]   --->   Operation 457 'partselect' 'tmp_133_i_i' <Predicate = (!exitcond4_i_i)> <Delay = 0.00>
ST_4 : Operation 458 [1/1] (0.00ns)   --->   "%tmp_134_i_i = call i8 @_ssdm_op_PartSelect.i8.i126.i32.i32(i126 %svs_V_6_load, i32 56, i32 63)" [MathieuHelpMe/Classifier.cpp:69->MathieuHelpMe/Classifier.cpp:136]   --->   Operation 458 'partselect' 'tmp_134_i_i' <Predicate = (!exitcond4_i_i)> <Delay = 0.00>
ST_4 : Operation 459 [1/1] (0.00ns)   --->   "%tmp_135_i_i = call i8 @_ssdm_op_PartSelect.i8.i125.i32.i32(i125 %svs_V_7_load, i32 56, i32 63)" [MathieuHelpMe/Classifier.cpp:69->MathieuHelpMe/Classifier.cpp:136]   --->   Operation 459 'partselect' 'tmp_135_i_i' <Predicate = (!exitcond4_i_i)> <Delay = 0.00>
ST_4 : Operation 460 [1/1] (0.00ns)   --->   "%tmp_136_i_i = call i8 @_ssdm_op_PartSelect.i8.i128.i32.i32(i128 %svs_V_8_load, i32 56, i32 63)" [MathieuHelpMe/Classifier.cpp:69->MathieuHelpMe/Classifier.cpp:136]   --->   Operation 460 'partselect' 'tmp_136_i_i' <Predicate = (!exitcond4_i_i)> <Delay = 0.00>
ST_4 : Operation 461 [1/1] (0.00ns)   --->   "%tmp_137_i_i = call i8 @_ssdm_op_PartSelect.i8.i126.i32.i32(i126 %svs_V_9_load, i32 56, i32 63)" [MathieuHelpMe/Classifier.cpp:69->MathieuHelpMe/Classifier.cpp:136]   --->   Operation 461 'partselect' 'tmp_137_i_i' <Predicate = (!exitcond4_i_i)> <Delay = 0.00>
ST_4 : Operation 462 [1/1] (0.00ns)   --->   "%tmp_138_i_i = call i8 @_ssdm_op_PartSelect.i8.i125.i32.i32(i125 %svs_V_10_load, i32 56, i32 63)" [MathieuHelpMe/Classifier.cpp:69->MathieuHelpMe/Classifier.cpp:136]   --->   Operation 462 'partselect' 'tmp_138_i_i' <Predicate = (!exitcond4_i_i)> <Delay = 0.00>
ST_4 : Operation 463 [1/1] (0.00ns)   --->   "%tmp_139_i_i = call i8 @_ssdm_op_PartSelect.i8.i125.i32.i32(i125 %svs_V_11_load, i32 56, i32 63)" [MathieuHelpMe/Classifier.cpp:69->MathieuHelpMe/Classifier.cpp:136]   --->   Operation 463 'partselect' 'tmp_139_i_i' <Predicate = (!exitcond4_i_i)> <Delay = 0.00>
ST_4 : Operation 464 [1/1] (0.00ns)   --->   "%tmp_140_i_i = call i8 @_ssdm_op_PartSelect.i8.i126.i32.i32(i126 %svs_V_12_load, i32 56, i32 63)" [MathieuHelpMe/Classifier.cpp:69->MathieuHelpMe/Classifier.cpp:136]   --->   Operation 464 'partselect' 'tmp_140_i_i' <Predicate = (!exitcond4_i_i)> <Delay = 0.00>
ST_4 : Operation 465 [1/1] (0.00ns)   --->   "%tmp_141_i_i = call i8 @_ssdm_op_PartSelect.i8.i127.i32.i32(i127 %svs_V_13_load, i32 56, i32 63)" [MathieuHelpMe/Classifier.cpp:69->MathieuHelpMe/Classifier.cpp:136]   --->   Operation 465 'partselect' 'tmp_141_i_i' <Predicate = (!exitcond4_i_i)> <Delay = 0.00>
ST_4 : Operation 466 [1/1] (0.00ns)   --->   "%tmp_142_i_i = call i8 @_ssdm_op_PartSelect.i8.i126.i32.i32(i126 %svs_V_14_load, i32 56, i32 63)" [MathieuHelpMe/Classifier.cpp:69->MathieuHelpMe/Classifier.cpp:136]   --->   Operation 466 'partselect' 'tmp_142_i_i' <Predicate = (!exitcond4_i_i)> <Delay = 0.00>
ST_4 : Operation 467 [1/1] (0.00ns)   --->   "%tmp_143_i_i = call i8 @_ssdm_op_PartSelect.i8.i128.i32.i32(i128 %svs_V_15_load, i32 56, i32 63)" [MathieuHelpMe/Classifier.cpp:69->MathieuHelpMe/Classifier.cpp:136]   --->   Operation 467 'partselect' 'tmp_143_i_i' <Predicate = (!exitcond4_i_i)> <Delay = 0.00>
ST_4 : Operation 468 [1/1] (0.00ns)   --->   "%tmp_144_i_i = call i8 @_ssdm_op_PartSelect.i8.i125.i32.i32(i125 %svs_V_0_load, i32 64, i32 71)" [MathieuHelpMe/Classifier.cpp:69->MathieuHelpMe/Classifier.cpp:136]   --->   Operation 468 'partselect' 'tmp_144_i_i' <Predicate = (!exitcond4_i_i)> <Delay = 0.00>
ST_4 : Operation 469 [1/2] (2.32ns)   --->   "%x_local_8_V_load = load i8* %x_local_8_V_addr, align 1" [MathieuHelpMe/Classifier.cpp:70->MathieuHelpMe/Classifier.cpp:136]   --->   Operation 469 'load' 'x_local_8_V_load' <Predicate = (!exitcond4_i_i)> <Delay = 2.32> <Core = "RAM">   --->   Core 37 'RAM' <Latency = 1> <II = 1> <Delay = 2.32> <Storage> <Opcode : 'load' 'store'> <Ports = 2> <Width = 8> <Depth = 49> <RAM>
ST_4 : Operation 470 [1/1] (0.00ns)   --->   "%OP1_V_8_i_i = sext i8 %tmp_144_i_i to i16" [MathieuHelpMe/Classifier.cpp:71->MathieuHelpMe/Classifier.cpp:136]   --->   Operation 470 'sext' 'OP1_V_8_i_i' <Predicate = (!exitcond4_i_i)> <Delay = 0.00>
ST_4 : Operation 471 [1/1] (0.00ns)   --->   "%OP2_V_8_i_i = sext i8 %x_local_8_V_load to i16" [MathieuHelpMe/Classifier.cpp:71->MathieuHelpMe/Classifier.cpp:136]   --->   Operation 471 'sext' 'OP2_V_8_i_i' <Predicate = (!exitcond4_i_i)> <Delay = 0.00>
ST_4 : Operation 472 [1/1] (4.17ns)   --->   "%r_V_8_i_i = mul i16 %OP2_V_8_i_i, %OP1_V_8_i_i" [MathieuHelpMe/Classifier.cpp:71->MathieuHelpMe/Classifier.cpp:136]   --->   Operation 472 'mul' 'r_V_8_i_i' <Predicate = (!exitcond4_i_i)> <Delay = 4.17> <Core = "Mul">   --->   Core 16 'Mul' <Latency = 0> <II = 1> <Delay = 3.74> <FuncUnit> <Opcode : 'mul'> <InPorts = 2> <OutPorts = 1>
ST_4 : Operation 473 [1/1] (0.00ns)   --->   "%tmp_145_i_i = call i8 @_ssdm_op_PartSelect.i8.i125.i32.i32(i125 %svs_V_1_load, i32 64, i32 71)" [MathieuHelpMe/Classifier.cpp:69->MathieuHelpMe/Classifier.cpp:136]   --->   Operation 473 'partselect' 'tmp_145_i_i' <Predicate = (!exitcond4_i_i)> <Delay = 0.00>
ST_4 : Operation 474 [1/1] (0.00ns)   --->   "%OP1_V_8_1_i_i = sext i8 %tmp_145_i_i to i16" [MathieuHelpMe/Classifier.cpp:71->MathieuHelpMe/Classifier.cpp:136]   --->   Operation 474 'sext' 'OP1_V_8_1_i_i' <Predicate = (!exitcond4_i_i)> <Delay = 0.00>
ST_4 : Operation 475 [1/1] (4.17ns)   --->   "%r_V_8_1_i_i = mul i16 %OP2_V_8_i_i, %OP1_V_8_1_i_i" [MathieuHelpMe/Classifier.cpp:71->MathieuHelpMe/Classifier.cpp:136]   --->   Operation 475 'mul' 'r_V_8_1_i_i' <Predicate = (!exitcond4_i_i)> <Delay = 4.17> <Core = "Mul">   --->   Core 16 'Mul' <Latency = 0> <II = 1> <Delay = 3.74> <FuncUnit> <Opcode : 'mul'> <InPorts = 2> <OutPorts = 1>
ST_4 : Operation 476 [1/1] (0.00ns)   --->   "%tmp_146_i_i = call i8 @_ssdm_op_PartSelect.i8.i125.i32.i32(i125 %svs_V_2_load, i32 64, i32 71)" [MathieuHelpMe/Classifier.cpp:69->MathieuHelpMe/Classifier.cpp:136]   --->   Operation 476 'partselect' 'tmp_146_i_i' <Predicate = (!exitcond4_i_i)> <Delay = 0.00>
ST_4 : Operation 477 [1/1] (0.00ns)   --->   "%OP1_V_8_2_i_i = sext i8 %tmp_146_i_i to i16" [MathieuHelpMe/Classifier.cpp:71->MathieuHelpMe/Classifier.cpp:136]   --->   Operation 477 'sext' 'OP1_V_8_2_i_i' <Predicate = (!exitcond4_i_i)> <Delay = 0.00>
ST_4 : Operation 478 [1/1] (4.17ns)   --->   "%r_V_8_2_i_i = mul i16 %OP2_V_8_i_i, %OP1_V_8_2_i_i" [MathieuHelpMe/Classifier.cpp:71->MathieuHelpMe/Classifier.cpp:136]   --->   Operation 478 'mul' 'r_V_8_2_i_i' <Predicate = (!exitcond4_i_i)> <Delay = 4.17> <Core = "Mul">   --->   Core 16 'Mul' <Latency = 0> <II = 1> <Delay = 3.74> <FuncUnit> <Opcode : 'mul'> <InPorts = 2> <OutPorts = 1>
ST_4 : Operation 479 [1/1] (0.00ns)   --->   "%tmp_147_i_i = call i8 @_ssdm_op_PartSelect.i8.i128.i32.i32(i128 %svs_V_3_load, i32 64, i32 71)" [MathieuHelpMe/Classifier.cpp:69->MathieuHelpMe/Classifier.cpp:136]   --->   Operation 479 'partselect' 'tmp_147_i_i' <Predicate = (!exitcond4_i_i)> <Delay = 0.00>
ST_4 : Operation 480 [1/1] (0.00ns)   --->   "%OP1_V_8_3_i_i = sext i8 %tmp_147_i_i to i16" [MathieuHelpMe/Classifier.cpp:71->MathieuHelpMe/Classifier.cpp:136]   --->   Operation 480 'sext' 'OP1_V_8_3_i_i' <Predicate = (!exitcond4_i_i)> <Delay = 0.00>
ST_4 : Operation 481 [1/1] (4.17ns)   --->   "%r_V_8_3_i_i = mul i16 %OP2_V_8_i_i, %OP1_V_8_3_i_i" [MathieuHelpMe/Classifier.cpp:71->MathieuHelpMe/Classifier.cpp:136]   --->   Operation 481 'mul' 'r_V_8_3_i_i' <Predicate = (!exitcond4_i_i)> <Delay = 4.17> <Core = "Mul">   --->   Core 16 'Mul' <Latency = 0> <II = 1> <Delay = 3.74> <FuncUnit> <Opcode : 'mul'> <InPorts = 2> <OutPorts = 1>
ST_4 : Operation 482 [1/1] (0.00ns)   --->   "%tmp_148_i_i = call i8 @_ssdm_op_PartSelect.i8.i125.i32.i32(i125 %svs_V_4_load, i32 64, i32 71)" [MathieuHelpMe/Classifier.cpp:69->MathieuHelpMe/Classifier.cpp:136]   --->   Operation 482 'partselect' 'tmp_148_i_i' <Predicate = (!exitcond4_i_i)> <Delay = 0.00>
ST_4 : Operation 483 [1/1] (0.00ns)   --->   "%OP1_V_8_4_i_i = sext i8 %tmp_148_i_i to i16" [MathieuHelpMe/Classifier.cpp:71->MathieuHelpMe/Classifier.cpp:136]   --->   Operation 483 'sext' 'OP1_V_8_4_i_i' <Predicate = (!exitcond4_i_i)> <Delay = 0.00>
ST_4 : Operation 484 [1/1] (4.17ns)   --->   "%r_V_8_4_i_i = mul i16 %OP2_V_8_i_i, %OP1_V_8_4_i_i" [MathieuHelpMe/Classifier.cpp:71->MathieuHelpMe/Classifier.cpp:136]   --->   Operation 484 'mul' 'r_V_8_4_i_i' <Predicate = (!exitcond4_i_i)> <Delay = 4.17> <Core = "Mul">   --->   Core 16 'Mul' <Latency = 0> <II = 1> <Delay = 3.74> <FuncUnit> <Opcode : 'mul'> <InPorts = 2> <OutPorts = 1>
ST_4 : Operation 485 [1/1] (0.00ns)   --->   "%tmp_149_i_i = call i8 @_ssdm_op_PartSelect.i8.i125.i32.i32(i125 %svs_V_5_load, i32 64, i32 71)" [MathieuHelpMe/Classifier.cpp:69->MathieuHelpMe/Classifier.cpp:136]   --->   Operation 485 'partselect' 'tmp_149_i_i' <Predicate = (!exitcond4_i_i)> <Delay = 0.00>
ST_4 : Operation 486 [1/1] (0.00ns)   --->   "%OP1_V_8_5_i_i = sext i8 %tmp_149_i_i to i16" [MathieuHelpMe/Classifier.cpp:71->MathieuHelpMe/Classifier.cpp:136]   --->   Operation 486 'sext' 'OP1_V_8_5_i_i' <Predicate = (!exitcond4_i_i)> <Delay = 0.00>
ST_4 : Operation 487 [1/1] (4.17ns)   --->   "%r_V_8_5_i_i = mul i16 %OP2_V_8_i_i, %OP1_V_8_5_i_i" [MathieuHelpMe/Classifier.cpp:71->MathieuHelpMe/Classifier.cpp:136]   --->   Operation 487 'mul' 'r_V_8_5_i_i' <Predicate = (!exitcond4_i_i)> <Delay = 4.17> <Core = "Mul">   --->   Core 16 'Mul' <Latency = 0> <II = 1> <Delay = 3.74> <FuncUnit> <Opcode : 'mul'> <InPorts = 2> <OutPorts = 1>
ST_4 : Operation 488 [1/1] (0.00ns)   --->   "%tmp_150_i_i = call i8 @_ssdm_op_PartSelect.i8.i126.i32.i32(i126 %svs_V_6_load, i32 64, i32 71)" [MathieuHelpMe/Classifier.cpp:69->MathieuHelpMe/Classifier.cpp:136]   --->   Operation 488 'partselect' 'tmp_150_i_i' <Predicate = (!exitcond4_i_i)> <Delay = 0.00>
ST_4 : Operation 489 [1/1] (0.00ns)   --->   "%OP1_V_8_6_i_i = sext i8 %tmp_150_i_i to i16" [MathieuHelpMe/Classifier.cpp:71->MathieuHelpMe/Classifier.cpp:136]   --->   Operation 489 'sext' 'OP1_V_8_6_i_i' <Predicate = (!exitcond4_i_i)> <Delay = 0.00>
ST_4 : Operation 490 [1/1] (4.17ns)   --->   "%r_V_8_6_i_i = mul i16 %OP2_V_8_i_i, %OP1_V_8_6_i_i" [MathieuHelpMe/Classifier.cpp:71->MathieuHelpMe/Classifier.cpp:136]   --->   Operation 490 'mul' 'r_V_8_6_i_i' <Predicate = (!exitcond4_i_i)> <Delay = 4.17> <Core = "Mul">   --->   Core 16 'Mul' <Latency = 0> <II = 1> <Delay = 3.74> <FuncUnit> <Opcode : 'mul'> <InPorts = 2> <OutPorts = 1>
ST_4 : Operation 491 [1/1] (0.00ns)   --->   "%tmp_151_i_i = call i8 @_ssdm_op_PartSelect.i8.i125.i32.i32(i125 %svs_V_7_load, i32 64, i32 71)" [MathieuHelpMe/Classifier.cpp:69->MathieuHelpMe/Classifier.cpp:136]   --->   Operation 491 'partselect' 'tmp_151_i_i' <Predicate = (!exitcond4_i_i)> <Delay = 0.00>
ST_4 : Operation 492 [1/1] (0.00ns)   --->   "%OP1_V_8_7_i_i = sext i8 %tmp_151_i_i to i16" [MathieuHelpMe/Classifier.cpp:71->MathieuHelpMe/Classifier.cpp:136]   --->   Operation 492 'sext' 'OP1_V_8_7_i_i' <Predicate = (!exitcond4_i_i)> <Delay = 0.00>
ST_4 : Operation 493 [1/1] (4.17ns)   --->   "%r_V_8_7_i_i = mul i16 %OP2_V_8_i_i, %OP1_V_8_7_i_i" [MathieuHelpMe/Classifier.cpp:71->MathieuHelpMe/Classifier.cpp:136]   --->   Operation 493 'mul' 'r_V_8_7_i_i' <Predicate = (!exitcond4_i_i)> <Delay = 4.17> <Core = "Mul">   --->   Core 16 'Mul' <Latency = 0> <II = 1> <Delay = 3.74> <FuncUnit> <Opcode : 'mul'> <InPorts = 2> <OutPorts = 1>
ST_4 : Operation 494 [1/1] (0.00ns)   --->   "%tmp_152_i_i = call i8 @_ssdm_op_PartSelect.i8.i128.i32.i32(i128 %svs_V_8_load, i32 64, i32 71)" [MathieuHelpMe/Classifier.cpp:69->MathieuHelpMe/Classifier.cpp:136]   --->   Operation 494 'partselect' 'tmp_152_i_i' <Predicate = (!exitcond4_i_i)> <Delay = 0.00>
ST_4 : Operation 495 [1/1] (0.00ns)   --->   "%OP1_V_8_8_i_i = sext i8 %tmp_152_i_i to i16" [MathieuHelpMe/Classifier.cpp:71->MathieuHelpMe/Classifier.cpp:136]   --->   Operation 495 'sext' 'OP1_V_8_8_i_i' <Predicate = (!exitcond4_i_i)> <Delay = 0.00>
ST_4 : Operation 496 [1/1] (4.17ns)   --->   "%r_V_8_8_i_i = mul i16 %OP2_V_8_i_i, %OP1_V_8_8_i_i" [MathieuHelpMe/Classifier.cpp:71->MathieuHelpMe/Classifier.cpp:136]   --->   Operation 496 'mul' 'r_V_8_8_i_i' <Predicate = (!exitcond4_i_i)> <Delay = 4.17> <Core = "Mul">   --->   Core 16 'Mul' <Latency = 0> <II = 1> <Delay = 3.74> <FuncUnit> <Opcode : 'mul'> <InPorts = 2> <OutPorts = 1>
ST_4 : Operation 497 [1/1] (0.00ns)   --->   "%tmp_153_i_i = call i8 @_ssdm_op_PartSelect.i8.i126.i32.i32(i126 %svs_V_9_load, i32 64, i32 71)" [MathieuHelpMe/Classifier.cpp:69->MathieuHelpMe/Classifier.cpp:136]   --->   Operation 497 'partselect' 'tmp_153_i_i' <Predicate = (!exitcond4_i_i)> <Delay = 0.00>
ST_4 : Operation 498 [1/1] (0.00ns)   --->   "%OP1_V_8_9_i_i = sext i8 %tmp_153_i_i to i16" [MathieuHelpMe/Classifier.cpp:71->MathieuHelpMe/Classifier.cpp:136]   --->   Operation 498 'sext' 'OP1_V_8_9_i_i' <Predicate = (!exitcond4_i_i)> <Delay = 0.00>
ST_4 : Operation 499 [1/1] (4.17ns)   --->   "%r_V_8_9_i_i = mul i16 %OP2_V_8_i_i, %OP1_V_8_9_i_i" [MathieuHelpMe/Classifier.cpp:71->MathieuHelpMe/Classifier.cpp:136]   --->   Operation 499 'mul' 'r_V_8_9_i_i' <Predicate = (!exitcond4_i_i)> <Delay = 4.17> <Core = "Mul">   --->   Core 16 'Mul' <Latency = 0> <II = 1> <Delay = 3.74> <FuncUnit> <Opcode : 'mul'> <InPorts = 2> <OutPorts = 1>
ST_4 : Operation 500 [1/1] (0.00ns)   --->   "%tmp_154_i_i = call i8 @_ssdm_op_PartSelect.i8.i125.i32.i32(i125 %svs_V_10_load, i32 64, i32 71)" [MathieuHelpMe/Classifier.cpp:69->MathieuHelpMe/Classifier.cpp:136]   --->   Operation 500 'partselect' 'tmp_154_i_i' <Predicate = (!exitcond4_i_i)> <Delay = 0.00>
ST_4 : Operation 501 [1/1] (0.00ns)   --->   "%OP1_V_8_i_i_57 = sext i8 %tmp_154_i_i to i16" [MathieuHelpMe/Classifier.cpp:71->MathieuHelpMe/Classifier.cpp:136]   --->   Operation 501 'sext' 'OP1_V_8_i_i_57' <Predicate = (!exitcond4_i_i)> <Delay = 0.00>
ST_4 : Operation 502 [1/1] (4.17ns)   --->   "%r_V_8_i_i_58 = mul i16 %OP2_V_8_i_i, %OP1_V_8_i_i_57" [MathieuHelpMe/Classifier.cpp:71->MathieuHelpMe/Classifier.cpp:136]   --->   Operation 502 'mul' 'r_V_8_i_i_58' <Predicate = (!exitcond4_i_i)> <Delay = 4.17> <Core = "Mul">   --->   Core 16 'Mul' <Latency = 0> <II = 1> <Delay = 3.74> <FuncUnit> <Opcode : 'mul'> <InPorts = 2> <OutPorts = 1>
ST_4 : Operation 503 [1/1] (0.00ns)   --->   "%tmp_155_i_i = call i8 @_ssdm_op_PartSelect.i8.i125.i32.i32(i125 %svs_V_11_load, i32 64, i32 71)" [MathieuHelpMe/Classifier.cpp:69->MathieuHelpMe/Classifier.cpp:136]   --->   Operation 503 'partselect' 'tmp_155_i_i' <Predicate = (!exitcond4_i_i)> <Delay = 0.00>
ST_4 : Operation 504 [1/1] (0.00ns)   --->   "%OP1_V_8_10_i_i = sext i8 %tmp_155_i_i to i16" [MathieuHelpMe/Classifier.cpp:71->MathieuHelpMe/Classifier.cpp:136]   --->   Operation 504 'sext' 'OP1_V_8_10_i_i' <Predicate = (!exitcond4_i_i)> <Delay = 0.00>
ST_4 : Operation 505 [1/1] (4.17ns)   --->   "%r_V_8_10_i_i = mul i16 %OP2_V_8_i_i, %OP1_V_8_10_i_i" [MathieuHelpMe/Classifier.cpp:71->MathieuHelpMe/Classifier.cpp:136]   --->   Operation 505 'mul' 'r_V_8_10_i_i' <Predicate = (!exitcond4_i_i)> <Delay = 4.17> <Core = "Mul">   --->   Core 16 'Mul' <Latency = 0> <II = 1> <Delay = 3.74> <FuncUnit> <Opcode : 'mul'> <InPorts = 2> <OutPorts = 1>
ST_4 : Operation 506 [1/1] (0.00ns)   --->   "%tmp_156_i_i = call i8 @_ssdm_op_PartSelect.i8.i126.i32.i32(i126 %svs_V_12_load, i32 64, i32 71)" [MathieuHelpMe/Classifier.cpp:69->MathieuHelpMe/Classifier.cpp:136]   --->   Operation 506 'partselect' 'tmp_156_i_i' <Predicate = (!exitcond4_i_i)> <Delay = 0.00>
ST_4 : Operation 507 [1/1] (0.00ns)   --->   "%OP1_V_8_11_i_i = sext i8 %tmp_156_i_i to i16" [MathieuHelpMe/Classifier.cpp:71->MathieuHelpMe/Classifier.cpp:136]   --->   Operation 507 'sext' 'OP1_V_8_11_i_i' <Predicate = (!exitcond4_i_i)> <Delay = 0.00>
ST_4 : Operation 508 [1/1] (4.17ns)   --->   "%r_V_8_11_i_i = mul i16 %OP2_V_8_i_i, %OP1_V_8_11_i_i" [MathieuHelpMe/Classifier.cpp:71->MathieuHelpMe/Classifier.cpp:136]   --->   Operation 508 'mul' 'r_V_8_11_i_i' <Predicate = (!exitcond4_i_i)> <Delay = 4.17> <Core = "Mul">   --->   Core 16 'Mul' <Latency = 0> <II = 1> <Delay = 3.74> <FuncUnit> <Opcode : 'mul'> <InPorts = 2> <OutPorts = 1>
ST_4 : Operation 509 [1/1] (0.00ns)   --->   "%tmp_157_i_i = call i8 @_ssdm_op_PartSelect.i8.i127.i32.i32(i127 %svs_V_13_load, i32 64, i32 71)" [MathieuHelpMe/Classifier.cpp:69->MathieuHelpMe/Classifier.cpp:136]   --->   Operation 509 'partselect' 'tmp_157_i_i' <Predicate = (!exitcond4_i_i)> <Delay = 0.00>
ST_4 : Operation 510 [1/1] (0.00ns)   --->   "%OP1_V_8_12_i_i = sext i8 %tmp_157_i_i to i16" [MathieuHelpMe/Classifier.cpp:71->MathieuHelpMe/Classifier.cpp:136]   --->   Operation 510 'sext' 'OP1_V_8_12_i_i' <Predicate = (!exitcond4_i_i)> <Delay = 0.00>
ST_4 : Operation 511 [1/1] (4.17ns)   --->   "%r_V_8_12_i_i = mul i16 %OP2_V_8_i_i, %OP1_V_8_12_i_i" [MathieuHelpMe/Classifier.cpp:71->MathieuHelpMe/Classifier.cpp:136]   --->   Operation 511 'mul' 'r_V_8_12_i_i' <Predicate = (!exitcond4_i_i)> <Delay = 4.17> <Core = "Mul">   --->   Core 16 'Mul' <Latency = 0> <II = 1> <Delay = 3.74> <FuncUnit> <Opcode : 'mul'> <InPorts = 2> <OutPorts = 1>
ST_4 : Operation 512 [1/1] (0.00ns)   --->   "%tmp_158_i_i = call i8 @_ssdm_op_PartSelect.i8.i126.i32.i32(i126 %svs_V_14_load, i32 64, i32 71)" [MathieuHelpMe/Classifier.cpp:69->MathieuHelpMe/Classifier.cpp:136]   --->   Operation 512 'partselect' 'tmp_158_i_i' <Predicate = (!exitcond4_i_i)> <Delay = 0.00>
ST_4 : Operation 513 [1/1] (0.00ns)   --->   "%OP1_V_8_13_i_i = sext i8 %tmp_158_i_i to i16" [MathieuHelpMe/Classifier.cpp:71->MathieuHelpMe/Classifier.cpp:136]   --->   Operation 513 'sext' 'OP1_V_8_13_i_i' <Predicate = (!exitcond4_i_i)> <Delay = 0.00>
ST_4 : Operation 514 [1/1] (4.17ns)   --->   "%r_V_8_13_i_i = mul i16 %OP2_V_8_i_i, %OP1_V_8_13_i_i" [MathieuHelpMe/Classifier.cpp:71->MathieuHelpMe/Classifier.cpp:136]   --->   Operation 514 'mul' 'r_V_8_13_i_i' <Predicate = (!exitcond4_i_i)> <Delay = 4.17> <Core = "Mul">   --->   Core 16 'Mul' <Latency = 0> <II = 1> <Delay = 3.74> <FuncUnit> <Opcode : 'mul'> <InPorts = 2> <OutPorts = 1>
ST_4 : Operation 515 [1/1] (0.00ns)   --->   "%tmp_159_i_i = call i8 @_ssdm_op_PartSelect.i8.i128.i32.i32(i128 %svs_V_15_load, i32 64, i32 71)" [MathieuHelpMe/Classifier.cpp:69->MathieuHelpMe/Classifier.cpp:136]   --->   Operation 515 'partselect' 'tmp_159_i_i' <Predicate = (!exitcond4_i_i)> <Delay = 0.00>
ST_4 : Operation 516 [1/1] (0.00ns)   --->   "%OP1_V_8_14_i_i = sext i8 %tmp_159_i_i to i16" [MathieuHelpMe/Classifier.cpp:71->MathieuHelpMe/Classifier.cpp:136]   --->   Operation 516 'sext' 'OP1_V_8_14_i_i' <Predicate = (!exitcond4_i_i)> <Delay = 0.00>
ST_4 : Operation 517 [1/1] (4.17ns)   --->   "%r_V_8_14_i_i = mul i16 %OP2_V_8_i_i, %OP1_V_8_14_i_i" [MathieuHelpMe/Classifier.cpp:71->MathieuHelpMe/Classifier.cpp:136]   --->   Operation 517 'mul' 'r_V_8_14_i_i' <Predicate = (!exitcond4_i_i)> <Delay = 4.17> <Core = "Mul">   --->   Core 16 'Mul' <Latency = 0> <II = 1> <Delay = 3.74> <FuncUnit> <Opcode : 'mul'> <InPorts = 2> <OutPorts = 1>
ST_4 : Operation 518 [1/1] (0.00ns)   --->   "%tmp_160_i_i = call i8 @_ssdm_op_PartSelect.i8.i125.i32.i32(i125 %svs_V_0_load, i32 72, i32 79)" [MathieuHelpMe/Classifier.cpp:69->MathieuHelpMe/Classifier.cpp:136]   --->   Operation 518 'partselect' 'tmp_160_i_i' <Predicate = (!exitcond4_i_i)> <Delay = 0.00>
ST_4 : Operation 519 [1/2] (2.32ns)   --->   "%x_local_9_V_load = load i8* %x_local_9_V_addr, align 1" [MathieuHelpMe/Classifier.cpp:70->MathieuHelpMe/Classifier.cpp:136]   --->   Operation 519 'load' 'x_local_9_V_load' <Predicate = (!exitcond4_i_i)> <Delay = 2.32> <Core = "RAM">   --->   Core 37 'RAM' <Latency = 1> <II = 1> <Delay = 2.32> <Storage> <Opcode : 'load' 'store'> <Ports = 2> <Width = 8> <Depth = 49> <RAM>
ST_4 : Operation 520 [1/1] (0.00ns)   --->   "%OP1_V_9_i_i = sext i8 %tmp_160_i_i to i16" [MathieuHelpMe/Classifier.cpp:71->MathieuHelpMe/Classifier.cpp:136]   --->   Operation 520 'sext' 'OP1_V_9_i_i' <Predicate = (!exitcond4_i_i)> <Delay = 0.00>
ST_4 : Operation 521 [1/1] (0.00ns)   --->   "%OP2_V_9_i_i = sext i8 %x_local_9_V_load to i16" [MathieuHelpMe/Classifier.cpp:71->MathieuHelpMe/Classifier.cpp:136]   --->   Operation 521 'sext' 'OP2_V_9_i_i' <Predicate = (!exitcond4_i_i)> <Delay = 0.00>
ST_4 : Operation 522 [1/1] (4.17ns)   --->   "%r_V_9_i_i = mul i16 %OP2_V_9_i_i, %OP1_V_9_i_i" [MathieuHelpMe/Classifier.cpp:71->MathieuHelpMe/Classifier.cpp:136]   --->   Operation 522 'mul' 'r_V_9_i_i' <Predicate = (!exitcond4_i_i)> <Delay = 4.17> <Core = "Mul">   --->   Core 16 'Mul' <Latency = 0> <II = 1> <Delay = 3.74> <FuncUnit> <Opcode : 'mul'> <InPorts = 2> <OutPorts = 1>
ST_4 : Operation 523 [1/1] (0.00ns)   --->   "%tmp_161_i_i = call i8 @_ssdm_op_PartSelect.i8.i125.i32.i32(i125 %svs_V_1_load, i32 72, i32 79)" [MathieuHelpMe/Classifier.cpp:69->MathieuHelpMe/Classifier.cpp:136]   --->   Operation 523 'partselect' 'tmp_161_i_i' <Predicate = (!exitcond4_i_i)> <Delay = 0.00>
ST_4 : Operation 524 [1/1] (0.00ns)   --->   "%OP1_V_9_1_i_i = sext i8 %tmp_161_i_i to i16" [MathieuHelpMe/Classifier.cpp:71->MathieuHelpMe/Classifier.cpp:136]   --->   Operation 524 'sext' 'OP1_V_9_1_i_i' <Predicate = (!exitcond4_i_i)> <Delay = 0.00>
ST_4 : Operation 525 [1/1] (4.17ns)   --->   "%r_V_9_1_i_i = mul i16 %OP2_V_9_i_i, %OP1_V_9_1_i_i" [MathieuHelpMe/Classifier.cpp:71->MathieuHelpMe/Classifier.cpp:136]   --->   Operation 525 'mul' 'r_V_9_1_i_i' <Predicate = (!exitcond4_i_i)> <Delay = 4.17> <Core = "Mul">   --->   Core 16 'Mul' <Latency = 0> <II = 1> <Delay = 3.74> <FuncUnit> <Opcode : 'mul'> <InPorts = 2> <OutPorts = 1>
ST_4 : Operation 526 [1/1] (0.00ns)   --->   "%tmp_162_i_i = call i8 @_ssdm_op_PartSelect.i8.i125.i32.i32(i125 %svs_V_2_load, i32 72, i32 79)" [MathieuHelpMe/Classifier.cpp:69->MathieuHelpMe/Classifier.cpp:136]   --->   Operation 526 'partselect' 'tmp_162_i_i' <Predicate = (!exitcond4_i_i)> <Delay = 0.00>
ST_4 : Operation 527 [1/1] (0.00ns)   --->   "%OP1_V_9_2_i_i = sext i8 %tmp_162_i_i to i16" [MathieuHelpMe/Classifier.cpp:71->MathieuHelpMe/Classifier.cpp:136]   --->   Operation 527 'sext' 'OP1_V_9_2_i_i' <Predicate = (!exitcond4_i_i)> <Delay = 0.00>
ST_4 : Operation 528 [1/1] (4.17ns)   --->   "%r_V_9_2_i_i = mul i16 %OP2_V_9_i_i, %OP1_V_9_2_i_i" [MathieuHelpMe/Classifier.cpp:71->MathieuHelpMe/Classifier.cpp:136]   --->   Operation 528 'mul' 'r_V_9_2_i_i' <Predicate = (!exitcond4_i_i)> <Delay = 4.17> <Core = "Mul">   --->   Core 16 'Mul' <Latency = 0> <II = 1> <Delay = 3.74> <FuncUnit> <Opcode : 'mul'> <InPorts = 2> <OutPorts = 1>
ST_4 : Operation 529 [1/1] (0.00ns)   --->   "%tmp_163_i_i = call i8 @_ssdm_op_PartSelect.i8.i128.i32.i32(i128 %svs_V_3_load, i32 72, i32 79)" [MathieuHelpMe/Classifier.cpp:69->MathieuHelpMe/Classifier.cpp:136]   --->   Operation 529 'partselect' 'tmp_163_i_i' <Predicate = (!exitcond4_i_i)> <Delay = 0.00>
ST_4 : Operation 530 [1/1] (0.00ns)   --->   "%OP1_V_9_3_i_i = sext i8 %tmp_163_i_i to i16" [MathieuHelpMe/Classifier.cpp:71->MathieuHelpMe/Classifier.cpp:136]   --->   Operation 530 'sext' 'OP1_V_9_3_i_i' <Predicate = (!exitcond4_i_i)> <Delay = 0.00>
ST_4 : Operation 531 [1/1] (4.17ns)   --->   "%r_V_9_3_i_i = mul i16 %OP2_V_9_i_i, %OP1_V_9_3_i_i" [MathieuHelpMe/Classifier.cpp:71->MathieuHelpMe/Classifier.cpp:136]   --->   Operation 531 'mul' 'r_V_9_3_i_i' <Predicate = (!exitcond4_i_i)> <Delay = 4.17> <Core = "Mul">   --->   Core 16 'Mul' <Latency = 0> <II = 1> <Delay = 3.74> <FuncUnit> <Opcode : 'mul'> <InPorts = 2> <OutPorts = 1>
ST_4 : Operation 532 [1/1] (0.00ns)   --->   "%tmp_164_i_i = call i8 @_ssdm_op_PartSelect.i8.i125.i32.i32(i125 %svs_V_4_load, i32 72, i32 79)" [MathieuHelpMe/Classifier.cpp:69->MathieuHelpMe/Classifier.cpp:136]   --->   Operation 532 'partselect' 'tmp_164_i_i' <Predicate = (!exitcond4_i_i)> <Delay = 0.00>
ST_4 : Operation 533 [1/1] (0.00ns)   --->   "%OP1_V_9_4_i_i = sext i8 %tmp_164_i_i to i16" [MathieuHelpMe/Classifier.cpp:71->MathieuHelpMe/Classifier.cpp:136]   --->   Operation 533 'sext' 'OP1_V_9_4_i_i' <Predicate = (!exitcond4_i_i)> <Delay = 0.00>
ST_4 : Operation 534 [1/1] (4.17ns)   --->   "%r_V_9_4_i_i = mul i16 %OP2_V_9_i_i, %OP1_V_9_4_i_i" [MathieuHelpMe/Classifier.cpp:71->MathieuHelpMe/Classifier.cpp:136]   --->   Operation 534 'mul' 'r_V_9_4_i_i' <Predicate = (!exitcond4_i_i)> <Delay = 4.17> <Core = "Mul">   --->   Core 16 'Mul' <Latency = 0> <II = 1> <Delay = 3.74> <FuncUnit> <Opcode : 'mul'> <InPorts = 2> <OutPorts = 1>
ST_4 : Operation 535 [1/1] (0.00ns)   --->   "%tmp_165_i_i = call i8 @_ssdm_op_PartSelect.i8.i125.i32.i32(i125 %svs_V_5_load, i32 72, i32 79)" [MathieuHelpMe/Classifier.cpp:69->MathieuHelpMe/Classifier.cpp:136]   --->   Operation 535 'partselect' 'tmp_165_i_i' <Predicate = (!exitcond4_i_i)> <Delay = 0.00>
ST_4 : Operation 536 [1/1] (0.00ns)   --->   "%OP1_V_9_5_i_i = sext i8 %tmp_165_i_i to i16" [MathieuHelpMe/Classifier.cpp:71->MathieuHelpMe/Classifier.cpp:136]   --->   Operation 536 'sext' 'OP1_V_9_5_i_i' <Predicate = (!exitcond4_i_i)> <Delay = 0.00>
ST_4 : Operation 537 [1/1] (4.17ns)   --->   "%r_V_9_5_i_i = mul i16 %OP2_V_9_i_i, %OP1_V_9_5_i_i" [MathieuHelpMe/Classifier.cpp:71->MathieuHelpMe/Classifier.cpp:136]   --->   Operation 537 'mul' 'r_V_9_5_i_i' <Predicate = (!exitcond4_i_i)> <Delay = 4.17> <Core = "Mul">   --->   Core 16 'Mul' <Latency = 0> <II = 1> <Delay = 3.74> <FuncUnit> <Opcode : 'mul'> <InPorts = 2> <OutPorts = 1>
ST_4 : Operation 538 [1/1] (0.00ns)   --->   "%tmp_166_i_i = call i8 @_ssdm_op_PartSelect.i8.i126.i32.i32(i126 %svs_V_6_load, i32 72, i32 79)" [MathieuHelpMe/Classifier.cpp:69->MathieuHelpMe/Classifier.cpp:136]   --->   Operation 538 'partselect' 'tmp_166_i_i' <Predicate = (!exitcond4_i_i)> <Delay = 0.00>
ST_4 : Operation 539 [1/1] (0.00ns)   --->   "%OP1_V_9_6_i_i = sext i8 %tmp_166_i_i to i16" [MathieuHelpMe/Classifier.cpp:71->MathieuHelpMe/Classifier.cpp:136]   --->   Operation 539 'sext' 'OP1_V_9_6_i_i' <Predicate = (!exitcond4_i_i)> <Delay = 0.00>
ST_4 : Operation 540 [1/1] (4.17ns)   --->   "%r_V_9_6_i_i = mul i16 %OP2_V_9_i_i, %OP1_V_9_6_i_i" [MathieuHelpMe/Classifier.cpp:71->MathieuHelpMe/Classifier.cpp:136]   --->   Operation 540 'mul' 'r_V_9_6_i_i' <Predicate = (!exitcond4_i_i)> <Delay = 4.17> <Core = "Mul">   --->   Core 16 'Mul' <Latency = 0> <II = 1> <Delay = 3.74> <FuncUnit> <Opcode : 'mul'> <InPorts = 2> <OutPorts = 1>
ST_4 : Operation 541 [1/1] (0.00ns)   --->   "%tmp_167_i_i = call i8 @_ssdm_op_PartSelect.i8.i125.i32.i32(i125 %svs_V_7_load, i32 72, i32 79)" [MathieuHelpMe/Classifier.cpp:69->MathieuHelpMe/Classifier.cpp:136]   --->   Operation 541 'partselect' 'tmp_167_i_i' <Predicate = (!exitcond4_i_i)> <Delay = 0.00>
ST_4 : Operation 542 [1/1] (0.00ns)   --->   "%OP1_V_9_7_i_i = sext i8 %tmp_167_i_i to i16" [MathieuHelpMe/Classifier.cpp:71->MathieuHelpMe/Classifier.cpp:136]   --->   Operation 542 'sext' 'OP1_V_9_7_i_i' <Predicate = (!exitcond4_i_i)> <Delay = 0.00>
ST_4 : Operation 543 [1/1] (4.17ns)   --->   "%r_V_9_7_i_i = mul i16 %OP2_V_9_i_i, %OP1_V_9_7_i_i" [MathieuHelpMe/Classifier.cpp:71->MathieuHelpMe/Classifier.cpp:136]   --->   Operation 543 'mul' 'r_V_9_7_i_i' <Predicate = (!exitcond4_i_i)> <Delay = 4.17> <Core = "Mul">   --->   Core 16 'Mul' <Latency = 0> <II = 1> <Delay = 3.74> <FuncUnit> <Opcode : 'mul'> <InPorts = 2> <OutPorts = 1>
ST_4 : Operation 544 [1/1] (0.00ns)   --->   "%tmp_168_i_i = call i8 @_ssdm_op_PartSelect.i8.i128.i32.i32(i128 %svs_V_8_load, i32 72, i32 79)" [MathieuHelpMe/Classifier.cpp:69->MathieuHelpMe/Classifier.cpp:136]   --->   Operation 544 'partselect' 'tmp_168_i_i' <Predicate = (!exitcond4_i_i)> <Delay = 0.00>
ST_4 : Operation 545 [1/1] (0.00ns)   --->   "%OP1_V_9_8_i_i = sext i8 %tmp_168_i_i to i16" [MathieuHelpMe/Classifier.cpp:71->MathieuHelpMe/Classifier.cpp:136]   --->   Operation 545 'sext' 'OP1_V_9_8_i_i' <Predicate = (!exitcond4_i_i)> <Delay = 0.00>
ST_4 : Operation 546 [1/1] (4.17ns)   --->   "%r_V_9_8_i_i = mul i16 %OP2_V_9_i_i, %OP1_V_9_8_i_i" [MathieuHelpMe/Classifier.cpp:71->MathieuHelpMe/Classifier.cpp:136]   --->   Operation 546 'mul' 'r_V_9_8_i_i' <Predicate = (!exitcond4_i_i)> <Delay = 4.17> <Core = "Mul">   --->   Core 16 'Mul' <Latency = 0> <II = 1> <Delay = 3.74> <FuncUnit> <Opcode : 'mul'> <InPorts = 2> <OutPorts = 1>
ST_4 : Operation 547 [1/1] (0.00ns)   --->   "%tmp_169_i_i = call i8 @_ssdm_op_PartSelect.i8.i126.i32.i32(i126 %svs_V_9_load, i32 72, i32 79)" [MathieuHelpMe/Classifier.cpp:69->MathieuHelpMe/Classifier.cpp:136]   --->   Operation 547 'partselect' 'tmp_169_i_i' <Predicate = (!exitcond4_i_i)> <Delay = 0.00>
ST_4 : Operation 548 [1/1] (0.00ns)   --->   "%OP1_V_9_9_i_i = sext i8 %tmp_169_i_i to i16" [MathieuHelpMe/Classifier.cpp:71->MathieuHelpMe/Classifier.cpp:136]   --->   Operation 548 'sext' 'OP1_V_9_9_i_i' <Predicate = (!exitcond4_i_i)> <Delay = 0.00>
ST_4 : Operation 549 [1/1] (4.17ns)   --->   "%r_V_9_9_i_i = mul i16 %OP2_V_9_i_i, %OP1_V_9_9_i_i" [MathieuHelpMe/Classifier.cpp:71->MathieuHelpMe/Classifier.cpp:136]   --->   Operation 549 'mul' 'r_V_9_9_i_i' <Predicate = (!exitcond4_i_i)> <Delay = 4.17> <Core = "Mul">   --->   Core 16 'Mul' <Latency = 0> <II = 1> <Delay = 3.74> <FuncUnit> <Opcode : 'mul'> <InPorts = 2> <OutPorts = 1>
ST_4 : Operation 550 [1/1] (0.00ns)   --->   "%tmp_170_i_i = call i8 @_ssdm_op_PartSelect.i8.i125.i32.i32(i125 %svs_V_10_load, i32 72, i32 79)" [MathieuHelpMe/Classifier.cpp:69->MathieuHelpMe/Classifier.cpp:136]   --->   Operation 550 'partselect' 'tmp_170_i_i' <Predicate = (!exitcond4_i_i)> <Delay = 0.00>
ST_4 : Operation 551 [1/1] (0.00ns)   --->   "%OP1_V_9_i_i_60 = sext i8 %tmp_170_i_i to i16" [MathieuHelpMe/Classifier.cpp:71->MathieuHelpMe/Classifier.cpp:136]   --->   Operation 551 'sext' 'OP1_V_9_i_i_60' <Predicate = (!exitcond4_i_i)> <Delay = 0.00>
ST_4 : Operation 552 [1/1] (4.17ns)   --->   "%r_V_9_i_i_61 = mul i16 %OP2_V_9_i_i, %OP1_V_9_i_i_60" [MathieuHelpMe/Classifier.cpp:71->MathieuHelpMe/Classifier.cpp:136]   --->   Operation 552 'mul' 'r_V_9_i_i_61' <Predicate = (!exitcond4_i_i)> <Delay = 4.17> <Core = "Mul">   --->   Core 16 'Mul' <Latency = 0> <II = 1> <Delay = 3.74> <FuncUnit> <Opcode : 'mul'> <InPorts = 2> <OutPorts = 1>
ST_4 : Operation 553 [1/1] (0.00ns)   --->   "%tmp_171_i_i = call i8 @_ssdm_op_PartSelect.i8.i125.i32.i32(i125 %svs_V_11_load, i32 72, i32 79)" [MathieuHelpMe/Classifier.cpp:69->MathieuHelpMe/Classifier.cpp:136]   --->   Operation 553 'partselect' 'tmp_171_i_i' <Predicate = (!exitcond4_i_i)> <Delay = 0.00>
ST_4 : Operation 554 [1/1] (0.00ns)   --->   "%OP1_V_9_10_i_i = sext i8 %tmp_171_i_i to i16" [MathieuHelpMe/Classifier.cpp:71->MathieuHelpMe/Classifier.cpp:136]   --->   Operation 554 'sext' 'OP1_V_9_10_i_i' <Predicate = (!exitcond4_i_i)> <Delay = 0.00>
ST_4 : Operation 555 [1/1] (4.17ns)   --->   "%r_V_9_10_i_i = mul i16 %OP2_V_9_i_i, %OP1_V_9_10_i_i" [MathieuHelpMe/Classifier.cpp:71->MathieuHelpMe/Classifier.cpp:136]   --->   Operation 555 'mul' 'r_V_9_10_i_i' <Predicate = (!exitcond4_i_i)> <Delay = 4.17> <Core = "Mul">   --->   Core 16 'Mul' <Latency = 0> <II = 1> <Delay = 3.74> <FuncUnit> <Opcode : 'mul'> <InPorts = 2> <OutPorts = 1>
ST_4 : Operation 556 [1/1] (0.00ns)   --->   "%tmp_172_i_i = call i8 @_ssdm_op_PartSelect.i8.i126.i32.i32(i126 %svs_V_12_load, i32 72, i32 79)" [MathieuHelpMe/Classifier.cpp:69->MathieuHelpMe/Classifier.cpp:136]   --->   Operation 556 'partselect' 'tmp_172_i_i' <Predicate = (!exitcond4_i_i)> <Delay = 0.00>
ST_4 : Operation 557 [1/1] (0.00ns)   --->   "%OP1_V_9_11_i_i = sext i8 %tmp_172_i_i to i16" [MathieuHelpMe/Classifier.cpp:71->MathieuHelpMe/Classifier.cpp:136]   --->   Operation 557 'sext' 'OP1_V_9_11_i_i' <Predicate = (!exitcond4_i_i)> <Delay = 0.00>
ST_4 : Operation 558 [1/1] (4.17ns)   --->   "%r_V_9_11_i_i = mul i16 %OP2_V_9_i_i, %OP1_V_9_11_i_i" [MathieuHelpMe/Classifier.cpp:71->MathieuHelpMe/Classifier.cpp:136]   --->   Operation 558 'mul' 'r_V_9_11_i_i' <Predicate = (!exitcond4_i_i)> <Delay = 4.17> <Core = "Mul">   --->   Core 16 'Mul' <Latency = 0> <II = 1> <Delay = 3.74> <FuncUnit> <Opcode : 'mul'> <InPorts = 2> <OutPorts = 1>
ST_4 : Operation 559 [1/1] (0.00ns)   --->   "%tmp_173_i_i = call i8 @_ssdm_op_PartSelect.i8.i127.i32.i32(i127 %svs_V_13_load, i32 72, i32 79)" [MathieuHelpMe/Classifier.cpp:69->MathieuHelpMe/Classifier.cpp:136]   --->   Operation 559 'partselect' 'tmp_173_i_i' <Predicate = (!exitcond4_i_i)> <Delay = 0.00>
ST_4 : Operation 560 [1/1] (0.00ns)   --->   "%OP1_V_9_12_i_i = sext i8 %tmp_173_i_i to i16" [MathieuHelpMe/Classifier.cpp:71->MathieuHelpMe/Classifier.cpp:136]   --->   Operation 560 'sext' 'OP1_V_9_12_i_i' <Predicate = (!exitcond4_i_i)> <Delay = 0.00>
ST_4 : Operation 561 [1/1] (4.17ns)   --->   "%r_V_9_12_i_i = mul i16 %OP2_V_9_i_i, %OP1_V_9_12_i_i" [MathieuHelpMe/Classifier.cpp:71->MathieuHelpMe/Classifier.cpp:136]   --->   Operation 561 'mul' 'r_V_9_12_i_i' <Predicate = (!exitcond4_i_i)> <Delay = 4.17> <Core = "Mul">   --->   Core 16 'Mul' <Latency = 0> <II = 1> <Delay = 3.74> <FuncUnit> <Opcode : 'mul'> <InPorts = 2> <OutPorts = 1>
ST_4 : Operation 562 [1/1] (0.00ns)   --->   "%tmp_174_i_i = call i8 @_ssdm_op_PartSelect.i8.i126.i32.i32(i126 %svs_V_14_load, i32 72, i32 79)" [MathieuHelpMe/Classifier.cpp:69->MathieuHelpMe/Classifier.cpp:136]   --->   Operation 562 'partselect' 'tmp_174_i_i' <Predicate = (!exitcond4_i_i)> <Delay = 0.00>
ST_4 : Operation 563 [1/1] (0.00ns)   --->   "%OP1_V_9_13_i_i = sext i8 %tmp_174_i_i to i16" [MathieuHelpMe/Classifier.cpp:71->MathieuHelpMe/Classifier.cpp:136]   --->   Operation 563 'sext' 'OP1_V_9_13_i_i' <Predicate = (!exitcond4_i_i)> <Delay = 0.00>
ST_4 : Operation 564 [1/1] (4.17ns)   --->   "%r_V_9_13_i_i = mul i16 %OP2_V_9_i_i, %OP1_V_9_13_i_i" [MathieuHelpMe/Classifier.cpp:71->MathieuHelpMe/Classifier.cpp:136]   --->   Operation 564 'mul' 'r_V_9_13_i_i' <Predicate = (!exitcond4_i_i)> <Delay = 4.17> <Core = "Mul">   --->   Core 16 'Mul' <Latency = 0> <II = 1> <Delay = 3.74> <FuncUnit> <Opcode : 'mul'> <InPorts = 2> <OutPorts = 1>
ST_4 : Operation 565 [1/1] (0.00ns)   --->   "%tmp_175_i_i = call i8 @_ssdm_op_PartSelect.i8.i128.i32.i32(i128 %svs_V_15_load, i32 72, i32 79)" [MathieuHelpMe/Classifier.cpp:69->MathieuHelpMe/Classifier.cpp:136]   --->   Operation 565 'partselect' 'tmp_175_i_i' <Predicate = (!exitcond4_i_i)> <Delay = 0.00>
ST_4 : Operation 566 [1/1] (0.00ns)   --->   "%OP1_V_9_14_i_i = sext i8 %tmp_175_i_i to i16" [MathieuHelpMe/Classifier.cpp:71->MathieuHelpMe/Classifier.cpp:136]   --->   Operation 566 'sext' 'OP1_V_9_14_i_i' <Predicate = (!exitcond4_i_i)> <Delay = 0.00>
ST_4 : Operation 567 [1/1] (4.17ns)   --->   "%r_V_9_14_i_i = mul i16 %OP2_V_9_i_i, %OP1_V_9_14_i_i" [MathieuHelpMe/Classifier.cpp:71->MathieuHelpMe/Classifier.cpp:136]   --->   Operation 567 'mul' 'r_V_9_14_i_i' <Predicate = (!exitcond4_i_i)> <Delay = 4.17> <Core = "Mul">   --->   Core 16 'Mul' <Latency = 0> <II = 1> <Delay = 3.74> <FuncUnit> <Opcode : 'mul'> <InPorts = 2> <OutPorts = 1>
ST_4 : Operation 568 [1/1] (0.00ns)   --->   "%tmp_176_i_i = call i8 @_ssdm_op_PartSelect.i8.i125.i32.i32(i125 %svs_V_0_load, i32 80, i32 87)" [MathieuHelpMe/Classifier.cpp:69->MathieuHelpMe/Classifier.cpp:136]   --->   Operation 568 'partselect' 'tmp_176_i_i' <Predicate = (!exitcond4_i_i)> <Delay = 0.00>
ST_4 : Operation 569 [1/2] (2.32ns)   --->   "%x_local_10_V_load = load i8* %x_local_10_V_addr, align 1" [MathieuHelpMe/Classifier.cpp:70->MathieuHelpMe/Classifier.cpp:136]   --->   Operation 569 'load' 'x_local_10_V_load' <Predicate = (!exitcond4_i_i)> <Delay = 2.32> <Core = "RAM">   --->   Core 37 'RAM' <Latency = 1> <II = 1> <Delay = 2.32> <Storage> <Opcode : 'load' 'store'> <Ports = 2> <Width = 8> <Depth = 49> <RAM>
ST_4 : Operation 570 [1/1] (0.00ns)   --->   "%OP1_V_10_i_i = sext i8 %tmp_176_i_i to i16" [MathieuHelpMe/Classifier.cpp:71->MathieuHelpMe/Classifier.cpp:136]   --->   Operation 570 'sext' 'OP1_V_10_i_i' <Predicate = (!exitcond4_i_i)> <Delay = 0.00>
ST_4 : Operation 571 [1/1] (0.00ns)   --->   "%OP2_V_10_i_i = sext i8 %x_local_10_V_load to i16" [MathieuHelpMe/Classifier.cpp:71->MathieuHelpMe/Classifier.cpp:136]   --->   Operation 571 'sext' 'OP2_V_10_i_i' <Predicate = (!exitcond4_i_i)> <Delay = 0.00>
ST_4 : Operation 572 [1/1] (4.17ns)   --->   "%r_V_10_i_i = mul i16 %OP2_V_10_i_i, %OP1_V_10_i_i" [MathieuHelpMe/Classifier.cpp:71->MathieuHelpMe/Classifier.cpp:136]   --->   Operation 572 'mul' 'r_V_10_i_i' <Predicate = (!exitcond4_i_i)> <Delay = 4.17> <Core = "Mul">   --->   Core 16 'Mul' <Latency = 0> <II = 1> <Delay = 3.74> <FuncUnit> <Opcode : 'mul'> <InPorts = 2> <OutPorts = 1>
ST_4 : Operation 573 [1/1] (0.00ns)   --->   "%tmp_177_i_i = call i8 @_ssdm_op_PartSelect.i8.i125.i32.i32(i125 %svs_V_1_load, i32 80, i32 87)" [MathieuHelpMe/Classifier.cpp:69->MathieuHelpMe/Classifier.cpp:136]   --->   Operation 573 'partselect' 'tmp_177_i_i' <Predicate = (!exitcond4_i_i)> <Delay = 0.00>
ST_4 : Operation 574 [1/1] (0.00ns)   --->   "%OP1_V_10_1_i_i = sext i8 %tmp_177_i_i to i16" [MathieuHelpMe/Classifier.cpp:71->MathieuHelpMe/Classifier.cpp:136]   --->   Operation 574 'sext' 'OP1_V_10_1_i_i' <Predicate = (!exitcond4_i_i)> <Delay = 0.00>
ST_4 : Operation 575 [1/1] (4.17ns)   --->   "%r_V_10_1_i_i = mul i16 %OP2_V_10_i_i, %OP1_V_10_1_i_i" [MathieuHelpMe/Classifier.cpp:71->MathieuHelpMe/Classifier.cpp:136]   --->   Operation 575 'mul' 'r_V_10_1_i_i' <Predicate = (!exitcond4_i_i)> <Delay = 4.17> <Core = "Mul">   --->   Core 16 'Mul' <Latency = 0> <II = 1> <Delay = 3.74> <FuncUnit> <Opcode : 'mul'> <InPorts = 2> <OutPorts = 1>
ST_4 : Operation 576 [1/1] (0.00ns)   --->   "%tmp_178_i_i = call i8 @_ssdm_op_PartSelect.i8.i125.i32.i32(i125 %svs_V_2_load, i32 80, i32 87)" [MathieuHelpMe/Classifier.cpp:69->MathieuHelpMe/Classifier.cpp:136]   --->   Operation 576 'partselect' 'tmp_178_i_i' <Predicate = (!exitcond4_i_i)> <Delay = 0.00>
ST_4 : Operation 577 [1/1] (0.00ns)   --->   "%OP1_V_10_2_i_i = sext i8 %tmp_178_i_i to i16" [MathieuHelpMe/Classifier.cpp:71->MathieuHelpMe/Classifier.cpp:136]   --->   Operation 577 'sext' 'OP1_V_10_2_i_i' <Predicate = (!exitcond4_i_i)> <Delay = 0.00>
ST_4 : Operation 578 [1/1] (4.17ns)   --->   "%r_V_10_2_i_i = mul i16 %OP2_V_10_i_i, %OP1_V_10_2_i_i" [MathieuHelpMe/Classifier.cpp:71->MathieuHelpMe/Classifier.cpp:136]   --->   Operation 578 'mul' 'r_V_10_2_i_i' <Predicate = (!exitcond4_i_i)> <Delay = 4.17> <Core = "Mul">   --->   Core 16 'Mul' <Latency = 0> <II = 1> <Delay = 3.74> <FuncUnit> <Opcode : 'mul'> <InPorts = 2> <OutPorts = 1>
ST_4 : Operation 579 [1/1] (0.00ns)   --->   "%tmp_179_i_i = call i8 @_ssdm_op_PartSelect.i8.i128.i32.i32(i128 %svs_V_3_load, i32 80, i32 87)" [MathieuHelpMe/Classifier.cpp:69->MathieuHelpMe/Classifier.cpp:136]   --->   Operation 579 'partselect' 'tmp_179_i_i' <Predicate = (!exitcond4_i_i)> <Delay = 0.00>
ST_4 : Operation 580 [1/1] (0.00ns)   --->   "%OP1_V_10_3_i_i = sext i8 %tmp_179_i_i to i16" [MathieuHelpMe/Classifier.cpp:71->MathieuHelpMe/Classifier.cpp:136]   --->   Operation 580 'sext' 'OP1_V_10_3_i_i' <Predicate = (!exitcond4_i_i)> <Delay = 0.00>
ST_4 : Operation 581 [1/1] (4.17ns)   --->   "%r_V_10_3_i_i = mul i16 %OP2_V_10_i_i, %OP1_V_10_3_i_i" [MathieuHelpMe/Classifier.cpp:71->MathieuHelpMe/Classifier.cpp:136]   --->   Operation 581 'mul' 'r_V_10_3_i_i' <Predicate = (!exitcond4_i_i)> <Delay = 4.17> <Core = "Mul">   --->   Core 16 'Mul' <Latency = 0> <II = 1> <Delay = 3.74> <FuncUnit> <Opcode : 'mul'> <InPorts = 2> <OutPorts = 1>
ST_4 : Operation 582 [1/1] (0.00ns)   --->   "%tmp_180_i_i = call i8 @_ssdm_op_PartSelect.i8.i125.i32.i32(i125 %svs_V_4_load, i32 80, i32 87)" [MathieuHelpMe/Classifier.cpp:69->MathieuHelpMe/Classifier.cpp:136]   --->   Operation 582 'partselect' 'tmp_180_i_i' <Predicate = (!exitcond4_i_i)> <Delay = 0.00>
ST_4 : Operation 583 [1/1] (0.00ns)   --->   "%OP1_V_10_4_i_i = sext i8 %tmp_180_i_i to i16" [MathieuHelpMe/Classifier.cpp:71->MathieuHelpMe/Classifier.cpp:136]   --->   Operation 583 'sext' 'OP1_V_10_4_i_i' <Predicate = (!exitcond4_i_i)> <Delay = 0.00>
ST_4 : Operation 584 [1/1] (4.17ns)   --->   "%r_V_10_4_i_i = mul i16 %OP2_V_10_i_i, %OP1_V_10_4_i_i" [MathieuHelpMe/Classifier.cpp:71->MathieuHelpMe/Classifier.cpp:136]   --->   Operation 584 'mul' 'r_V_10_4_i_i' <Predicate = (!exitcond4_i_i)> <Delay = 4.17> <Core = "Mul">   --->   Core 16 'Mul' <Latency = 0> <II = 1> <Delay = 3.74> <FuncUnit> <Opcode : 'mul'> <InPorts = 2> <OutPorts = 1>
ST_4 : Operation 585 [1/1] (0.00ns)   --->   "%tmp_181_i_i = call i8 @_ssdm_op_PartSelect.i8.i125.i32.i32(i125 %svs_V_5_load, i32 80, i32 87)" [MathieuHelpMe/Classifier.cpp:69->MathieuHelpMe/Classifier.cpp:136]   --->   Operation 585 'partselect' 'tmp_181_i_i' <Predicate = (!exitcond4_i_i)> <Delay = 0.00>
ST_4 : Operation 586 [1/1] (0.00ns)   --->   "%OP1_V_10_5_i_i = sext i8 %tmp_181_i_i to i16" [MathieuHelpMe/Classifier.cpp:71->MathieuHelpMe/Classifier.cpp:136]   --->   Operation 586 'sext' 'OP1_V_10_5_i_i' <Predicate = (!exitcond4_i_i)> <Delay = 0.00>
ST_4 : Operation 587 [1/1] (4.17ns)   --->   "%r_V_10_5_i_i = mul i16 %OP2_V_10_i_i, %OP1_V_10_5_i_i" [MathieuHelpMe/Classifier.cpp:71->MathieuHelpMe/Classifier.cpp:136]   --->   Operation 587 'mul' 'r_V_10_5_i_i' <Predicate = (!exitcond4_i_i)> <Delay = 4.17> <Core = "Mul">   --->   Core 16 'Mul' <Latency = 0> <II = 1> <Delay = 3.74> <FuncUnit> <Opcode : 'mul'> <InPorts = 2> <OutPorts = 1>
ST_4 : Operation 588 [1/1] (0.00ns)   --->   "%tmp_182_i_i = call i8 @_ssdm_op_PartSelect.i8.i126.i32.i32(i126 %svs_V_6_load, i32 80, i32 87)" [MathieuHelpMe/Classifier.cpp:69->MathieuHelpMe/Classifier.cpp:136]   --->   Operation 588 'partselect' 'tmp_182_i_i' <Predicate = (!exitcond4_i_i)> <Delay = 0.00>
ST_4 : Operation 589 [1/1] (0.00ns)   --->   "%OP1_V_10_6_i_i = sext i8 %tmp_182_i_i to i16" [MathieuHelpMe/Classifier.cpp:71->MathieuHelpMe/Classifier.cpp:136]   --->   Operation 589 'sext' 'OP1_V_10_6_i_i' <Predicate = (!exitcond4_i_i)> <Delay = 0.00>
ST_4 : Operation 590 [1/1] (4.17ns)   --->   "%r_V_10_6_i_i = mul i16 %OP2_V_10_i_i, %OP1_V_10_6_i_i" [MathieuHelpMe/Classifier.cpp:71->MathieuHelpMe/Classifier.cpp:136]   --->   Operation 590 'mul' 'r_V_10_6_i_i' <Predicate = (!exitcond4_i_i)> <Delay = 4.17> <Core = "Mul">   --->   Core 16 'Mul' <Latency = 0> <II = 1> <Delay = 3.74> <FuncUnit> <Opcode : 'mul'> <InPorts = 2> <OutPorts = 1>
ST_4 : Operation 591 [1/1] (0.00ns)   --->   "%tmp_183_i_i = call i8 @_ssdm_op_PartSelect.i8.i125.i32.i32(i125 %svs_V_7_load, i32 80, i32 87)" [MathieuHelpMe/Classifier.cpp:69->MathieuHelpMe/Classifier.cpp:136]   --->   Operation 591 'partselect' 'tmp_183_i_i' <Predicate = (!exitcond4_i_i)> <Delay = 0.00>
ST_4 : Operation 592 [1/1] (0.00ns)   --->   "%OP1_V_10_7_i_i = sext i8 %tmp_183_i_i to i16" [MathieuHelpMe/Classifier.cpp:71->MathieuHelpMe/Classifier.cpp:136]   --->   Operation 592 'sext' 'OP1_V_10_7_i_i' <Predicate = (!exitcond4_i_i)> <Delay = 0.00>
ST_4 : Operation 593 [1/1] (4.17ns)   --->   "%r_V_10_7_i_i = mul i16 %OP2_V_10_i_i, %OP1_V_10_7_i_i" [MathieuHelpMe/Classifier.cpp:71->MathieuHelpMe/Classifier.cpp:136]   --->   Operation 593 'mul' 'r_V_10_7_i_i' <Predicate = (!exitcond4_i_i)> <Delay = 4.17> <Core = "Mul">   --->   Core 16 'Mul' <Latency = 0> <II = 1> <Delay = 3.74> <FuncUnit> <Opcode : 'mul'> <InPorts = 2> <OutPorts = 1>
ST_4 : Operation 594 [1/1] (0.00ns)   --->   "%tmp_184_i_i = call i8 @_ssdm_op_PartSelect.i8.i128.i32.i32(i128 %svs_V_8_load, i32 80, i32 87)" [MathieuHelpMe/Classifier.cpp:69->MathieuHelpMe/Classifier.cpp:136]   --->   Operation 594 'partselect' 'tmp_184_i_i' <Predicate = (!exitcond4_i_i)> <Delay = 0.00>
ST_4 : Operation 595 [1/1] (0.00ns)   --->   "%OP1_V_10_8_i_i = sext i8 %tmp_184_i_i to i16" [MathieuHelpMe/Classifier.cpp:71->MathieuHelpMe/Classifier.cpp:136]   --->   Operation 595 'sext' 'OP1_V_10_8_i_i' <Predicate = (!exitcond4_i_i)> <Delay = 0.00>
ST_4 : Operation 596 [1/1] (4.17ns)   --->   "%r_V_10_8_i_i = mul i16 %OP2_V_10_i_i, %OP1_V_10_8_i_i" [MathieuHelpMe/Classifier.cpp:71->MathieuHelpMe/Classifier.cpp:136]   --->   Operation 596 'mul' 'r_V_10_8_i_i' <Predicate = (!exitcond4_i_i)> <Delay = 4.17> <Core = "Mul">   --->   Core 16 'Mul' <Latency = 0> <II = 1> <Delay = 3.74> <FuncUnit> <Opcode : 'mul'> <InPorts = 2> <OutPorts = 1>
ST_4 : Operation 597 [1/1] (0.00ns)   --->   "%tmp_185_i_i = call i8 @_ssdm_op_PartSelect.i8.i126.i32.i32(i126 %svs_V_9_load, i32 80, i32 87)" [MathieuHelpMe/Classifier.cpp:69->MathieuHelpMe/Classifier.cpp:136]   --->   Operation 597 'partselect' 'tmp_185_i_i' <Predicate = (!exitcond4_i_i)> <Delay = 0.00>
ST_4 : Operation 598 [1/1] (0.00ns)   --->   "%OP1_V_10_9_i_i = sext i8 %tmp_185_i_i to i16" [MathieuHelpMe/Classifier.cpp:71->MathieuHelpMe/Classifier.cpp:136]   --->   Operation 598 'sext' 'OP1_V_10_9_i_i' <Predicate = (!exitcond4_i_i)> <Delay = 0.00>
ST_4 : Operation 599 [1/1] (4.17ns)   --->   "%r_V_10_9_i_i = mul i16 %OP2_V_10_i_i, %OP1_V_10_9_i_i" [MathieuHelpMe/Classifier.cpp:71->MathieuHelpMe/Classifier.cpp:136]   --->   Operation 599 'mul' 'r_V_10_9_i_i' <Predicate = (!exitcond4_i_i)> <Delay = 4.17> <Core = "Mul">   --->   Core 16 'Mul' <Latency = 0> <II = 1> <Delay = 3.74> <FuncUnit> <Opcode : 'mul'> <InPorts = 2> <OutPorts = 1>
ST_4 : Operation 600 [1/1] (0.00ns)   --->   "%tmp_186_i_i = call i8 @_ssdm_op_PartSelect.i8.i125.i32.i32(i125 %svs_V_10_load, i32 80, i32 87)" [MathieuHelpMe/Classifier.cpp:69->MathieuHelpMe/Classifier.cpp:136]   --->   Operation 600 'partselect' 'tmp_186_i_i' <Predicate = (!exitcond4_i_i)> <Delay = 0.00>
ST_4 : Operation 601 [1/1] (0.00ns)   --->   "%OP1_V_10_i_i_63 = sext i8 %tmp_186_i_i to i16" [MathieuHelpMe/Classifier.cpp:71->MathieuHelpMe/Classifier.cpp:136]   --->   Operation 601 'sext' 'OP1_V_10_i_i_63' <Predicate = (!exitcond4_i_i)> <Delay = 0.00>
ST_4 : Operation 602 [1/1] (4.17ns)   --->   "%r_V_10_i_i_64 = mul i16 %OP2_V_10_i_i, %OP1_V_10_i_i_63" [MathieuHelpMe/Classifier.cpp:71->MathieuHelpMe/Classifier.cpp:136]   --->   Operation 602 'mul' 'r_V_10_i_i_64' <Predicate = (!exitcond4_i_i)> <Delay = 4.17> <Core = "Mul">   --->   Core 16 'Mul' <Latency = 0> <II = 1> <Delay = 3.74> <FuncUnit> <Opcode : 'mul'> <InPorts = 2> <OutPorts = 1>
ST_4 : Operation 603 [1/1] (0.00ns)   --->   "%tmp_187_i_i = call i8 @_ssdm_op_PartSelect.i8.i125.i32.i32(i125 %svs_V_11_load, i32 80, i32 87)" [MathieuHelpMe/Classifier.cpp:69->MathieuHelpMe/Classifier.cpp:136]   --->   Operation 603 'partselect' 'tmp_187_i_i' <Predicate = (!exitcond4_i_i)> <Delay = 0.00>
ST_4 : Operation 604 [1/1] (0.00ns)   --->   "%OP1_V_10_10_i_i = sext i8 %tmp_187_i_i to i16" [MathieuHelpMe/Classifier.cpp:71->MathieuHelpMe/Classifier.cpp:136]   --->   Operation 604 'sext' 'OP1_V_10_10_i_i' <Predicate = (!exitcond4_i_i)> <Delay = 0.00>
ST_4 : Operation 605 [1/1] (4.17ns)   --->   "%r_V_10_10_i_i = mul i16 %OP2_V_10_i_i, %OP1_V_10_10_i_i" [MathieuHelpMe/Classifier.cpp:71->MathieuHelpMe/Classifier.cpp:136]   --->   Operation 605 'mul' 'r_V_10_10_i_i' <Predicate = (!exitcond4_i_i)> <Delay = 4.17> <Core = "Mul">   --->   Core 16 'Mul' <Latency = 0> <II = 1> <Delay = 3.74> <FuncUnit> <Opcode : 'mul'> <InPorts = 2> <OutPorts = 1>
ST_4 : Operation 606 [1/1] (0.00ns)   --->   "%tmp_188_i_i = call i8 @_ssdm_op_PartSelect.i8.i126.i32.i32(i126 %svs_V_12_load, i32 80, i32 87)" [MathieuHelpMe/Classifier.cpp:69->MathieuHelpMe/Classifier.cpp:136]   --->   Operation 606 'partselect' 'tmp_188_i_i' <Predicate = (!exitcond4_i_i)> <Delay = 0.00>
ST_4 : Operation 607 [1/1] (0.00ns)   --->   "%OP1_V_10_11_i_i = sext i8 %tmp_188_i_i to i16" [MathieuHelpMe/Classifier.cpp:71->MathieuHelpMe/Classifier.cpp:136]   --->   Operation 607 'sext' 'OP1_V_10_11_i_i' <Predicate = (!exitcond4_i_i)> <Delay = 0.00>
ST_4 : Operation 608 [1/1] (4.17ns)   --->   "%r_V_10_11_i_i = mul i16 %OP2_V_10_i_i, %OP1_V_10_11_i_i" [MathieuHelpMe/Classifier.cpp:71->MathieuHelpMe/Classifier.cpp:136]   --->   Operation 608 'mul' 'r_V_10_11_i_i' <Predicate = (!exitcond4_i_i)> <Delay = 4.17> <Core = "Mul">   --->   Core 16 'Mul' <Latency = 0> <II = 1> <Delay = 3.74> <FuncUnit> <Opcode : 'mul'> <InPorts = 2> <OutPorts = 1>
ST_4 : Operation 609 [1/1] (0.00ns)   --->   "%tmp_189_i_i = call i8 @_ssdm_op_PartSelect.i8.i127.i32.i32(i127 %svs_V_13_load, i32 80, i32 87)" [MathieuHelpMe/Classifier.cpp:69->MathieuHelpMe/Classifier.cpp:136]   --->   Operation 609 'partselect' 'tmp_189_i_i' <Predicate = (!exitcond4_i_i)> <Delay = 0.00>
ST_4 : Operation 610 [1/1] (0.00ns)   --->   "%OP1_V_10_12_i_i = sext i8 %tmp_189_i_i to i16" [MathieuHelpMe/Classifier.cpp:71->MathieuHelpMe/Classifier.cpp:136]   --->   Operation 610 'sext' 'OP1_V_10_12_i_i' <Predicate = (!exitcond4_i_i)> <Delay = 0.00>
ST_4 : Operation 611 [1/1] (4.17ns)   --->   "%r_V_10_12_i_i = mul i16 %OP2_V_10_i_i, %OP1_V_10_12_i_i" [MathieuHelpMe/Classifier.cpp:71->MathieuHelpMe/Classifier.cpp:136]   --->   Operation 611 'mul' 'r_V_10_12_i_i' <Predicate = (!exitcond4_i_i)> <Delay = 4.17> <Core = "Mul">   --->   Core 16 'Mul' <Latency = 0> <II = 1> <Delay = 3.74> <FuncUnit> <Opcode : 'mul'> <InPorts = 2> <OutPorts = 1>
ST_4 : Operation 612 [1/1] (0.00ns)   --->   "%tmp_190_i_i = call i8 @_ssdm_op_PartSelect.i8.i126.i32.i32(i126 %svs_V_14_load, i32 80, i32 87)" [MathieuHelpMe/Classifier.cpp:69->MathieuHelpMe/Classifier.cpp:136]   --->   Operation 612 'partselect' 'tmp_190_i_i' <Predicate = (!exitcond4_i_i)> <Delay = 0.00>
ST_4 : Operation 613 [1/1] (0.00ns)   --->   "%OP1_V_10_13_i_i = sext i8 %tmp_190_i_i to i16" [MathieuHelpMe/Classifier.cpp:71->MathieuHelpMe/Classifier.cpp:136]   --->   Operation 613 'sext' 'OP1_V_10_13_i_i' <Predicate = (!exitcond4_i_i)> <Delay = 0.00>
ST_4 : Operation 614 [1/1] (4.17ns)   --->   "%r_V_10_13_i_i = mul i16 %OP2_V_10_i_i, %OP1_V_10_13_i_i" [MathieuHelpMe/Classifier.cpp:71->MathieuHelpMe/Classifier.cpp:136]   --->   Operation 614 'mul' 'r_V_10_13_i_i' <Predicate = (!exitcond4_i_i)> <Delay = 4.17> <Core = "Mul">   --->   Core 16 'Mul' <Latency = 0> <II = 1> <Delay = 3.74> <FuncUnit> <Opcode : 'mul'> <InPorts = 2> <OutPorts = 1>
ST_4 : Operation 615 [1/1] (0.00ns)   --->   "%tmp_191_i_i = call i8 @_ssdm_op_PartSelect.i8.i128.i32.i32(i128 %svs_V_15_load, i32 80, i32 87)" [MathieuHelpMe/Classifier.cpp:69->MathieuHelpMe/Classifier.cpp:136]   --->   Operation 615 'partselect' 'tmp_191_i_i' <Predicate = (!exitcond4_i_i)> <Delay = 0.00>
ST_4 : Operation 616 [1/1] (0.00ns)   --->   "%OP1_V_10_14_i_i = sext i8 %tmp_191_i_i to i16" [MathieuHelpMe/Classifier.cpp:71->MathieuHelpMe/Classifier.cpp:136]   --->   Operation 616 'sext' 'OP1_V_10_14_i_i' <Predicate = (!exitcond4_i_i)> <Delay = 0.00>
ST_4 : Operation 617 [1/1] (4.17ns)   --->   "%r_V_10_14_i_i = mul i16 %OP2_V_10_i_i, %OP1_V_10_14_i_i" [MathieuHelpMe/Classifier.cpp:71->MathieuHelpMe/Classifier.cpp:136]   --->   Operation 617 'mul' 'r_V_10_14_i_i' <Predicate = (!exitcond4_i_i)> <Delay = 4.17> <Core = "Mul">   --->   Core 16 'Mul' <Latency = 0> <II = 1> <Delay = 3.74> <FuncUnit> <Opcode : 'mul'> <InPorts = 2> <OutPorts = 1>
ST_4 : Operation 618 [1/1] (0.00ns)   --->   "%tmp_192_i_i = call i8 @_ssdm_op_PartSelect.i8.i125.i32.i32(i125 %svs_V_0_load, i32 88, i32 95)" [MathieuHelpMe/Classifier.cpp:69->MathieuHelpMe/Classifier.cpp:136]   --->   Operation 618 'partselect' 'tmp_192_i_i' <Predicate = (!exitcond4_i_i)> <Delay = 0.00>
ST_4 : Operation 619 [1/2] (2.32ns)   --->   "%x_local_11_V_load = load i8* %x_local_11_V_addr, align 1" [MathieuHelpMe/Classifier.cpp:70->MathieuHelpMe/Classifier.cpp:136]   --->   Operation 619 'load' 'x_local_11_V_load' <Predicate = (!exitcond4_i_i)> <Delay = 2.32> <Core = "RAM">   --->   Core 37 'RAM' <Latency = 1> <II = 1> <Delay = 2.32> <Storage> <Opcode : 'load' 'store'> <Ports = 2> <Width = 8> <Depth = 49> <RAM>
ST_4 : Operation 620 [1/1] (0.00ns)   --->   "%OP1_V_11_i_i = sext i8 %tmp_192_i_i to i16" [MathieuHelpMe/Classifier.cpp:71->MathieuHelpMe/Classifier.cpp:136]   --->   Operation 620 'sext' 'OP1_V_11_i_i' <Predicate = (!exitcond4_i_i)> <Delay = 0.00>
ST_4 : Operation 621 [1/1] (0.00ns)   --->   "%OP2_V_11_i_i = sext i8 %x_local_11_V_load to i16" [MathieuHelpMe/Classifier.cpp:71->MathieuHelpMe/Classifier.cpp:136]   --->   Operation 621 'sext' 'OP2_V_11_i_i' <Predicate = (!exitcond4_i_i)> <Delay = 0.00>
ST_4 : Operation 622 [1/1] (4.17ns)   --->   "%r_V_11_i_i = mul i16 %OP2_V_11_i_i, %OP1_V_11_i_i" [MathieuHelpMe/Classifier.cpp:71->MathieuHelpMe/Classifier.cpp:136]   --->   Operation 622 'mul' 'r_V_11_i_i' <Predicate = (!exitcond4_i_i)> <Delay = 4.17> <Core = "Mul">   --->   Core 16 'Mul' <Latency = 0> <II = 1> <Delay = 3.74> <FuncUnit> <Opcode : 'mul'> <InPorts = 2> <OutPorts = 1>
ST_4 : Operation 623 [1/1] (0.00ns)   --->   "%tmp_193_i_i = call i8 @_ssdm_op_PartSelect.i8.i125.i32.i32(i125 %svs_V_1_load, i32 88, i32 95)" [MathieuHelpMe/Classifier.cpp:69->MathieuHelpMe/Classifier.cpp:136]   --->   Operation 623 'partselect' 'tmp_193_i_i' <Predicate = (!exitcond4_i_i)> <Delay = 0.00>
ST_4 : Operation 624 [1/1] (0.00ns)   --->   "%OP1_V_11_1_i_i = sext i8 %tmp_193_i_i to i16" [MathieuHelpMe/Classifier.cpp:71->MathieuHelpMe/Classifier.cpp:136]   --->   Operation 624 'sext' 'OP1_V_11_1_i_i' <Predicate = (!exitcond4_i_i)> <Delay = 0.00>
ST_4 : Operation 625 [1/1] (4.17ns)   --->   "%r_V_11_1_i_i = mul i16 %OP2_V_11_i_i, %OP1_V_11_1_i_i" [MathieuHelpMe/Classifier.cpp:71->MathieuHelpMe/Classifier.cpp:136]   --->   Operation 625 'mul' 'r_V_11_1_i_i' <Predicate = (!exitcond4_i_i)> <Delay = 4.17> <Core = "Mul">   --->   Core 16 'Mul' <Latency = 0> <II = 1> <Delay = 3.74> <FuncUnit> <Opcode : 'mul'> <InPorts = 2> <OutPorts = 1>
ST_4 : Operation 626 [1/1] (0.00ns)   --->   "%tmp_194_i_i = call i8 @_ssdm_op_PartSelect.i8.i125.i32.i32(i125 %svs_V_2_load, i32 88, i32 95)" [MathieuHelpMe/Classifier.cpp:69->MathieuHelpMe/Classifier.cpp:136]   --->   Operation 626 'partselect' 'tmp_194_i_i' <Predicate = (!exitcond4_i_i)> <Delay = 0.00>
ST_4 : Operation 627 [1/1] (0.00ns)   --->   "%OP1_V_11_2_i_i = sext i8 %tmp_194_i_i to i16" [MathieuHelpMe/Classifier.cpp:71->MathieuHelpMe/Classifier.cpp:136]   --->   Operation 627 'sext' 'OP1_V_11_2_i_i' <Predicate = (!exitcond4_i_i)> <Delay = 0.00>
ST_4 : Operation 628 [1/1] (4.17ns)   --->   "%r_V_11_2_i_i = mul i16 %OP2_V_11_i_i, %OP1_V_11_2_i_i" [MathieuHelpMe/Classifier.cpp:71->MathieuHelpMe/Classifier.cpp:136]   --->   Operation 628 'mul' 'r_V_11_2_i_i' <Predicate = (!exitcond4_i_i)> <Delay = 4.17> <Core = "Mul">   --->   Core 16 'Mul' <Latency = 0> <II = 1> <Delay = 3.74> <FuncUnit> <Opcode : 'mul'> <InPorts = 2> <OutPorts = 1>
ST_4 : Operation 629 [1/1] (0.00ns)   --->   "%tmp_195_i_i = call i8 @_ssdm_op_PartSelect.i8.i128.i32.i32(i128 %svs_V_3_load, i32 88, i32 95)" [MathieuHelpMe/Classifier.cpp:69->MathieuHelpMe/Classifier.cpp:136]   --->   Operation 629 'partselect' 'tmp_195_i_i' <Predicate = (!exitcond4_i_i)> <Delay = 0.00>
ST_4 : Operation 630 [1/1] (0.00ns)   --->   "%OP1_V_11_3_i_i = sext i8 %tmp_195_i_i to i16" [MathieuHelpMe/Classifier.cpp:71->MathieuHelpMe/Classifier.cpp:136]   --->   Operation 630 'sext' 'OP1_V_11_3_i_i' <Predicate = (!exitcond4_i_i)> <Delay = 0.00>
ST_4 : Operation 631 [1/1] (4.17ns)   --->   "%r_V_11_3_i_i = mul i16 %OP2_V_11_i_i, %OP1_V_11_3_i_i" [MathieuHelpMe/Classifier.cpp:71->MathieuHelpMe/Classifier.cpp:136]   --->   Operation 631 'mul' 'r_V_11_3_i_i' <Predicate = (!exitcond4_i_i)> <Delay = 4.17> <Core = "Mul">   --->   Core 16 'Mul' <Latency = 0> <II = 1> <Delay = 3.74> <FuncUnit> <Opcode : 'mul'> <InPorts = 2> <OutPorts = 1>
ST_4 : Operation 632 [1/1] (0.00ns)   --->   "%tmp_196_i_i = call i8 @_ssdm_op_PartSelect.i8.i125.i32.i32(i125 %svs_V_4_load, i32 88, i32 95)" [MathieuHelpMe/Classifier.cpp:69->MathieuHelpMe/Classifier.cpp:136]   --->   Operation 632 'partselect' 'tmp_196_i_i' <Predicate = (!exitcond4_i_i)> <Delay = 0.00>
ST_4 : Operation 633 [1/1] (0.00ns)   --->   "%OP1_V_11_4_i_i = sext i8 %tmp_196_i_i to i16" [MathieuHelpMe/Classifier.cpp:71->MathieuHelpMe/Classifier.cpp:136]   --->   Operation 633 'sext' 'OP1_V_11_4_i_i' <Predicate = (!exitcond4_i_i)> <Delay = 0.00>
ST_4 : Operation 634 [1/1] (4.17ns)   --->   "%r_V_11_4_i_i = mul i16 %OP2_V_11_i_i, %OP1_V_11_4_i_i" [MathieuHelpMe/Classifier.cpp:71->MathieuHelpMe/Classifier.cpp:136]   --->   Operation 634 'mul' 'r_V_11_4_i_i' <Predicate = (!exitcond4_i_i)> <Delay = 4.17> <Core = "Mul">   --->   Core 16 'Mul' <Latency = 0> <II = 1> <Delay = 3.74> <FuncUnit> <Opcode : 'mul'> <InPorts = 2> <OutPorts = 1>
ST_4 : Operation 635 [1/1] (0.00ns)   --->   "%tmp_197_i_i = call i8 @_ssdm_op_PartSelect.i8.i125.i32.i32(i125 %svs_V_5_load, i32 88, i32 95)" [MathieuHelpMe/Classifier.cpp:69->MathieuHelpMe/Classifier.cpp:136]   --->   Operation 635 'partselect' 'tmp_197_i_i' <Predicate = (!exitcond4_i_i)> <Delay = 0.00>
ST_4 : Operation 636 [1/1] (0.00ns)   --->   "%OP1_V_11_5_i_i = sext i8 %tmp_197_i_i to i16" [MathieuHelpMe/Classifier.cpp:71->MathieuHelpMe/Classifier.cpp:136]   --->   Operation 636 'sext' 'OP1_V_11_5_i_i' <Predicate = (!exitcond4_i_i)> <Delay = 0.00>
ST_4 : Operation 637 [1/1] (4.17ns)   --->   "%r_V_11_5_i_i = mul i16 %OP2_V_11_i_i, %OP1_V_11_5_i_i" [MathieuHelpMe/Classifier.cpp:71->MathieuHelpMe/Classifier.cpp:136]   --->   Operation 637 'mul' 'r_V_11_5_i_i' <Predicate = (!exitcond4_i_i)> <Delay = 4.17> <Core = "Mul">   --->   Core 16 'Mul' <Latency = 0> <II = 1> <Delay = 3.74> <FuncUnit> <Opcode : 'mul'> <InPorts = 2> <OutPorts = 1>
ST_4 : Operation 638 [1/1] (0.00ns)   --->   "%tmp_198_i_i = call i8 @_ssdm_op_PartSelect.i8.i126.i32.i32(i126 %svs_V_6_load, i32 88, i32 95)" [MathieuHelpMe/Classifier.cpp:69->MathieuHelpMe/Classifier.cpp:136]   --->   Operation 638 'partselect' 'tmp_198_i_i' <Predicate = (!exitcond4_i_i)> <Delay = 0.00>
ST_4 : Operation 639 [1/1] (0.00ns)   --->   "%OP1_V_11_6_i_i = sext i8 %tmp_198_i_i to i16" [MathieuHelpMe/Classifier.cpp:71->MathieuHelpMe/Classifier.cpp:136]   --->   Operation 639 'sext' 'OP1_V_11_6_i_i' <Predicate = (!exitcond4_i_i)> <Delay = 0.00>
ST_4 : Operation 640 [1/1] (4.17ns)   --->   "%r_V_11_6_i_i = mul i16 %OP2_V_11_i_i, %OP1_V_11_6_i_i" [MathieuHelpMe/Classifier.cpp:71->MathieuHelpMe/Classifier.cpp:136]   --->   Operation 640 'mul' 'r_V_11_6_i_i' <Predicate = (!exitcond4_i_i)> <Delay = 4.17> <Core = "Mul">   --->   Core 16 'Mul' <Latency = 0> <II = 1> <Delay = 3.74> <FuncUnit> <Opcode : 'mul'> <InPorts = 2> <OutPorts = 1>
ST_4 : Operation 641 [1/1] (0.00ns)   --->   "%tmp_199_i_i = call i8 @_ssdm_op_PartSelect.i8.i125.i32.i32(i125 %svs_V_7_load, i32 88, i32 95)" [MathieuHelpMe/Classifier.cpp:69->MathieuHelpMe/Classifier.cpp:136]   --->   Operation 641 'partselect' 'tmp_199_i_i' <Predicate = (!exitcond4_i_i)> <Delay = 0.00>
ST_4 : Operation 642 [1/1] (0.00ns)   --->   "%OP1_V_11_7_i_i = sext i8 %tmp_199_i_i to i16" [MathieuHelpMe/Classifier.cpp:71->MathieuHelpMe/Classifier.cpp:136]   --->   Operation 642 'sext' 'OP1_V_11_7_i_i' <Predicate = (!exitcond4_i_i)> <Delay = 0.00>
ST_4 : Operation 643 [1/1] (4.17ns)   --->   "%r_V_11_7_i_i = mul i16 %OP2_V_11_i_i, %OP1_V_11_7_i_i" [MathieuHelpMe/Classifier.cpp:71->MathieuHelpMe/Classifier.cpp:136]   --->   Operation 643 'mul' 'r_V_11_7_i_i' <Predicate = (!exitcond4_i_i)> <Delay = 4.17> <Core = "Mul">   --->   Core 16 'Mul' <Latency = 0> <II = 1> <Delay = 3.74> <FuncUnit> <Opcode : 'mul'> <InPorts = 2> <OutPorts = 1>
ST_4 : Operation 644 [1/1] (0.00ns)   --->   "%tmp_200_i_i = call i8 @_ssdm_op_PartSelect.i8.i128.i32.i32(i128 %svs_V_8_load, i32 88, i32 95)" [MathieuHelpMe/Classifier.cpp:69->MathieuHelpMe/Classifier.cpp:136]   --->   Operation 644 'partselect' 'tmp_200_i_i' <Predicate = (!exitcond4_i_i)> <Delay = 0.00>
ST_4 : Operation 645 [1/1] (0.00ns)   --->   "%OP1_V_11_8_i_i = sext i8 %tmp_200_i_i to i16" [MathieuHelpMe/Classifier.cpp:71->MathieuHelpMe/Classifier.cpp:136]   --->   Operation 645 'sext' 'OP1_V_11_8_i_i' <Predicate = (!exitcond4_i_i)> <Delay = 0.00>
ST_4 : Operation 646 [1/1] (4.17ns)   --->   "%r_V_11_8_i_i = mul i16 %OP2_V_11_i_i, %OP1_V_11_8_i_i" [MathieuHelpMe/Classifier.cpp:71->MathieuHelpMe/Classifier.cpp:136]   --->   Operation 646 'mul' 'r_V_11_8_i_i' <Predicate = (!exitcond4_i_i)> <Delay = 4.17> <Core = "Mul">   --->   Core 16 'Mul' <Latency = 0> <II = 1> <Delay = 3.74> <FuncUnit> <Opcode : 'mul'> <InPorts = 2> <OutPorts = 1>
ST_4 : Operation 647 [1/1] (0.00ns)   --->   "%tmp_201_i_i = call i8 @_ssdm_op_PartSelect.i8.i126.i32.i32(i126 %svs_V_9_load, i32 88, i32 95)" [MathieuHelpMe/Classifier.cpp:69->MathieuHelpMe/Classifier.cpp:136]   --->   Operation 647 'partselect' 'tmp_201_i_i' <Predicate = (!exitcond4_i_i)> <Delay = 0.00>
ST_4 : Operation 648 [1/1] (0.00ns)   --->   "%OP1_V_11_9_i_i = sext i8 %tmp_201_i_i to i16" [MathieuHelpMe/Classifier.cpp:71->MathieuHelpMe/Classifier.cpp:136]   --->   Operation 648 'sext' 'OP1_V_11_9_i_i' <Predicate = (!exitcond4_i_i)> <Delay = 0.00>
ST_4 : Operation 649 [1/1] (4.17ns)   --->   "%r_V_11_9_i_i = mul i16 %OP2_V_11_i_i, %OP1_V_11_9_i_i" [MathieuHelpMe/Classifier.cpp:71->MathieuHelpMe/Classifier.cpp:136]   --->   Operation 649 'mul' 'r_V_11_9_i_i' <Predicate = (!exitcond4_i_i)> <Delay = 4.17> <Core = "Mul">   --->   Core 16 'Mul' <Latency = 0> <II = 1> <Delay = 3.74> <FuncUnit> <Opcode : 'mul'> <InPorts = 2> <OutPorts = 1>
ST_4 : Operation 650 [1/1] (0.00ns)   --->   "%tmp_202_i_i = call i8 @_ssdm_op_PartSelect.i8.i125.i32.i32(i125 %svs_V_10_load, i32 88, i32 95)" [MathieuHelpMe/Classifier.cpp:69->MathieuHelpMe/Classifier.cpp:136]   --->   Operation 650 'partselect' 'tmp_202_i_i' <Predicate = (!exitcond4_i_i)> <Delay = 0.00>
ST_4 : Operation 651 [1/1] (0.00ns)   --->   "%OP1_V_11_i_i_66 = sext i8 %tmp_202_i_i to i16" [MathieuHelpMe/Classifier.cpp:71->MathieuHelpMe/Classifier.cpp:136]   --->   Operation 651 'sext' 'OP1_V_11_i_i_66' <Predicate = (!exitcond4_i_i)> <Delay = 0.00>
ST_4 : Operation 652 [1/1] (4.17ns)   --->   "%r_V_11_i_i_67 = mul i16 %OP2_V_11_i_i, %OP1_V_11_i_i_66" [MathieuHelpMe/Classifier.cpp:71->MathieuHelpMe/Classifier.cpp:136]   --->   Operation 652 'mul' 'r_V_11_i_i_67' <Predicate = (!exitcond4_i_i)> <Delay = 4.17> <Core = "Mul">   --->   Core 16 'Mul' <Latency = 0> <II = 1> <Delay = 3.74> <FuncUnit> <Opcode : 'mul'> <InPorts = 2> <OutPorts = 1>
ST_4 : Operation 653 [1/1] (0.00ns)   --->   "%tmp_203_i_i = call i8 @_ssdm_op_PartSelect.i8.i125.i32.i32(i125 %svs_V_11_load, i32 88, i32 95)" [MathieuHelpMe/Classifier.cpp:69->MathieuHelpMe/Classifier.cpp:136]   --->   Operation 653 'partselect' 'tmp_203_i_i' <Predicate = (!exitcond4_i_i)> <Delay = 0.00>
ST_4 : Operation 654 [1/1] (0.00ns)   --->   "%OP1_V_11_10_i_i = sext i8 %tmp_203_i_i to i16" [MathieuHelpMe/Classifier.cpp:71->MathieuHelpMe/Classifier.cpp:136]   --->   Operation 654 'sext' 'OP1_V_11_10_i_i' <Predicate = (!exitcond4_i_i)> <Delay = 0.00>
ST_4 : Operation 655 [1/1] (4.17ns)   --->   "%r_V_11_10_i_i = mul i16 %OP2_V_11_i_i, %OP1_V_11_10_i_i" [MathieuHelpMe/Classifier.cpp:71->MathieuHelpMe/Classifier.cpp:136]   --->   Operation 655 'mul' 'r_V_11_10_i_i' <Predicate = (!exitcond4_i_i)> <Delay = 4.17> <Core = "Mul">   --->   Core 16 'Mul' <Latency = 0> <II = 1> <Delay = 3.74> <FuncUnit> <Opcode : 'mul'> <InPorts = 2> <OutPorts = 1>
ST_4 : Operation 656 [1/1] (0.00ns)   --->   "%tmp_204_i_i = call i8 @_ssdm_op_PartSelect.i8.i126.i32.i32(i126 %svs_V_12_load, i32 88, i32 95)" [MathieuHelpMe/Classifier.cpp:69->MathieuHelpMe/Classifier.cpp:136]   --->   Operation 656 'partselect' 'tmp_204_i_i' <Predicate = (!exitcond4_i_i)> <Delay = 0.00>
ST_4 : Operation 657 [1/1] (0.00ns)   --->   "%OP1_V_11_11_i_i = sext i8 %tmp_204_i_i to i16" [MathieuHelpMe/Classifier.cpp:71->MathieuHelpMe/Classifier.cpp:136]   --->   Operation 657 'sext' 'OP1_V_11_11_i_i' <Predicate = (!exitcond4_i_i)> <Delay = 0.00>
ST_4 : Operation 658 [1/1] (4.17ns)   --->   "%r_V_11_11_i_i = mul i16 %OP2_V_11_i_i, %OP1_V_11_11_i_i" [MathieuHelpMe/Classifier.cpp:71->MathieuHelpMe/Classifier.cpp:136]   --->   Operation 658 'mul' 'r_V_11_11_i_i' <Predicate = (!exitcond4_i_i)> <Delay = 4.17> <Core = "Mul">   --->   Core 16 'Mul' <Latency = 0> <II = 1> <Delay = 3.74> <FuncUnit> <Opcode : 'mul'> <InPorts = 2> <OutPorts = 1>
ST_4 : Operation 659 [1/1] (0.00ns)   --->   "%tmp_205_i_i = call i8 @_ssdm_op_PartSelect.i8.i127.i32.i32(i127 %svs_V_13_load, i32 88, i32 95)" [MathieuHelpMe/Classifier.cpp:69->MathieuHelpMe/Classifier.cpp:136]   --->   Operation 659 'partselect' 'tmp_205_i_i' <Predicate = (!exitcond4_i_i)> <Delay = 0.00>
ST_4 : Operation 660 [1/1] (0.00ns)   --->   "%OP1_V_11_12_i_i = sext i8 %tmp_205_i_i to i16" [MathieuHelpMe/Classifier.cpp:71->MathieuHelpMe/Classifier.cpp:136]   --->   Operation 660 'sext' 'OP1_V_11_12_i_i' <Predicate = (!exitcond4_i_i)> <Delay = 0.00>
ST_4 : Operation 661 [1/1] (4.17ns)   --->   "%r_V_11_12_i_i = mul i16 %OP2_V_11_i_i, %OP1_V_11_12_i_i" [MathieuHelpMe/Classifier.cpp:71->MathieuHelpMe/Classifier.cpp:136]   --->   Operation 661 'mul' 'r_V_11_12_i_i' <Predicate = (!exitcond4_i_i)> <Delay = 4.17> <Core = "Mul">   --->   Core 16 'Mul' <Latency = 0> <II = 1> <Delay = 3.74> <FuncUnit> <Opcode : 'mul'> <InPorts = 2> <OutPorts = 1>
ST_4 : Operation 662 [1/1] (0.00ns)   --->   "%tmp_206_i_i = call i8 @_ssdm_op_PartSelect.i8.i126.i32.i32(i126 %svs_V_14_load, i32 88, i32 95)" [MathieuHelpMe/Classifier.cpp:69->MathieuHelpMe/Classifier.cpp:136]   --->   Operation 662 'partselect' 'tmp_206_i_i' <Predicate = (!exitcond4_i_i)> <Delay = 0.00>
ST_4 : Operation 663 [1/1] (0.00ns)   --->   "%OP1_V_11_13_i_i = sext i8 %tmp_206_i_i to i16" [MathieuHelpMe/Classifier.cpp:71->MathieuHelpMe/Classifier.cpp:136]   --->   Operation 663 'sext' 'OP1_V_11_13_i_i' <Predicate = (!exitcond4_i_i)> <Delay = 0.00>
ST_4 : Operation 664 [1/1] (4.17ns)   --->   "%r_V_11_13_i_i = mul i16 %OP2_V_11_i_i, %OP1_V_11_13_i_i" [MathieuHelpMe/Classifier.cpp:71->MathieuHelpMe/Classifier.cpp:136]   --->   Operation 664 'mul' 'r_V_11_13_i_i' <Predicate = (!exitcond4_i_i)> <Delay = 4.17> <Core = "Mul">   --->   Core 16 'Mul' <Latency = 0> <II = 1> <Delay = 3.74> <FuncUnit> <Opcode : 'mul'> <InPorts = 2> <OutPorts = 1>
ST_4 : Operation 665 [1/1] (0.00ns)   --->   "%tmp_207_i_i = call i8 @_ssdm_op_PartSelect.i8.i128.i32.i32(i128 %svs_V_15_load, i32 88, i32 95)" [MathieuHelpMe/Classifier.cpp:69->MathieuHelpMe/Classifier.cpp:136]   --->   Operation 665 'partselect' 'tmp_207_i_i' <Predicate = (!exitcond4_i_i)> <Delay = 0.00>
ST_4 : Operation 666 [1/1] (0.00ns)   --->   "%OP1_V_11_14_i_i = sext i8 %tmp_207_i_i to i16" [MathieuHelpMe/Classifier.cpp:71->MathieuHelpMe/Classifier.cpp:136]   --->   Operation 666 'sext' 'OP1_V_11_14_i_i' <Predicate = (!exitcond4_i_i)> <Delay = 0.00>
ST_4 : Operation 667 [1/1] (4.17ns)   --->   "%r_V_11_14_i_i = mul i16 %OP2_V_11_i_i, %OP1_V_11_14_i_i" [MathieuHelpMe/Classifier.cpp:71->MathieuHelpMe/Classifier.cpp:136]   --->   Operation 667 'mul' 'r_V_11_14_i_i' <Predicate = (!exitcond4_i_i)> <Delay = 4.17> <Core = "Mul">   --->   Core 16 'Mul' <Latency = 0> <II = 1> <Delay = 3.74> <FuncUnit> <Opcode : 'mul'> <InPorts = 2> <OutPorts = 1>
ST_4 : Operation 668 [1/1] (0.00ns)   --->   "%tmp_208_i_i = call i8 @_ssdm_op_PartSelect.i8.i125.i32.i32(i125 %svs_V_0_load, i32 96, i32 103)" [MathieuHelpMe/Classifier.cpp:69->MathieuHelpMe/Classifier.cpp:136]   --->   Operation 668 'partselect' 'tmp_208_i_i' <Predicate = (!exitcond4_i_i)> <Delay = 0.00>
ST_4 : Operation 669 [1/2] (2.32ns)   --->   "%x_local_12_V_load = load i8* %x_local_12_V_addr, align 1" [MathieuHelpMe/Classifier.cpp:70->MathieuHelpMe/Classifier.cpp:136]   --->   Operation 669 'load' 'x_local_12_V_load' <Predicate = (!exitcond4_i_i)> <Delay = 2.32> <Core = "RAM">   --->   Core 37 'RAM' <Latency = 1> <II = 1> <Delay = 2.32> <Storage> <Opcode : 'load' 'store'> <Ports = 2> <Width = 8> <Depth = 49> <RAM>
ST_4 : Operation 670 [1/1] (0.00ns)   --->   "%tmp_209_i_i = call i8 @_ssdm_op_PartSelect.i8.i125.i32.i32(i125 %svs_V_1_load, i32 96, i32 103)" [MathieuHelpMe/Classifier.cpp:69->MathieuHelpMe/Classifier.cpp:136]   --->   Operation 670 'partselect' 'tmp_209_i_i' <Predicate = (!exitcond4_i_i)> <Delay = 0.00>
ST_4 : Operation 671 [1/1] (0.00ns)   --->   "%tmp_210_i_i = call i8 @_ssdm_op_PartSelect.i8.i125.i32.i32(i125 %svs_V_2_load, i32 96, i32 103)" [MathieuHelpMe/Classifier.cpp:69->MathieuHelpMe/Classifier.cpp:136]   --->   Operation 671 'partselect' 'tmp_210_i_i' <Predicate = (!exitcond4_i_i)> <Delay = 0.00>
ST_4 : Operation 672 [1/1] (0.00ns)   --->   "%tmp_211_i_i = call i8 @_ssdm_op_PartSelect.i8.i128.i32.i32(i128 %svs_V_3_load, i32 96, i32 103)" [MathieuHelpMe/Classifier.cpp:69->MathieuHelpMe/Classifier.cpp:136]   --->   Operation 672 'partselect' 'tmp_211_i_i' <Predicate = (!exitcond4_i_i)> <Delay = 0.00>
ST_4 : Operation 673 [1/1] (0.00ns)   --->   "%tmp_212_i_i = call i8 @_ssdm_op_PartSelect.i8.i125.i32.i32(i125 %svs_V_4_load, i32 96, i32 103)" [MathieuHelpMe/Classifier.cpp:69->MathieuHelpMe/Classifier.cpp:136]   --->   Operation 673 'partselect' 'tmp_212_i_i' <Predicate = (!exitcond4_i_i)> <Delay = 0.00>
ST_4 : Operation 674 [1/1] (0.00ns)   --->   "%tmp_213_i_i = call i8 @_ssdm_op_PartSelect.i8.i125.i32.i32(i125 %svs_V_5_load, i32 96, i32 103)" [MathieuHelpMe/Classifier.cpp:69->MathieuHelpMe/Classifier.cpp:136]   --->   Operation 674 'partselect' 'tmp_213_i_i' <Predicate = (!exitcond4_i_i)> <Delay = 0.00>
ST_4 : Operation 675 [1/1] (0.00ns)   --->   "%tmp_214_i_i = call i8 @_ssdm_op_PartSelect.i8.i126.i32.i32(i126 %svs_V_6_load, i32 96, i32 103)" [MathieuHelpMe/Classifier.cpp:69->MathieuHelpMe/Classifier.cpp:136]   --->   Operation 675 'partselect' 'tmp_214_i_i' <Predicate = (!exitcond4_i_i)> <Delay = 0.00>
ST_4 : Operation 676 [1/1] (0.00ns)   --->   "%tmp_215_i_i = call i8 @_ssdm_op_PartSelect.i8.i125.i32.i32(i125 %svs_V_7_load, i32 96, i32 103)" [MathieuHelpMe/Classifier.cpp:69->MathieuHelpMe/Classifier.cpp:136]   --->   Operation 676 'partselect' 'tmp_215_i_i' <Predicate = (!exitcond4_i_i)> <Delay = 0.00>
ST_4 : Operation 677 [1/1] (0.00ns)   --->   "%tmp_216_i_i = call i8 @_ssdm_op_PartSelect.i8.i128.i32.i32(i128 %svs_V_8_load, i32 96, i32 103)" [MathieuHelpMe/Classifier.cpp:69->MathieuHelpMe/Classifier.cpp:136]   --->   Operation 677 'partselect' 'tmp_216_i_i' <Predicate = (!exitcond4_i_i)> <Delay = 0.00>
ST_4 : Operation 678 [1/1] (0.00ns)   --->   "%tmp_217_i_i = call i8 @_ssdm_op_PartSelect.i8.i126.i32.i32(i126 %svs_V_9_load, i32 96, i32 103)" [MathieuHelpMe/Classifier.cpp:69->MathieuHelpMe/Classifier.cpp:136]   --->   Operation 678 'partselect' 'tmp_217_i_i' <Predicate = (!exitcond4_i_i)> <Delay = 0.00>
ST_4 : Operation 679 [1/1] (0.00ns)   --->   "%tmp_218_i_i = call i8 @_ssdm_op_PartSelect.i8.i125.i32.i32(i125 %svs_V_10_load, i32 96, i32 103)" [MathieuHelpMe/Classifier.cpp:69->MathieuHelpMe/Classifier.cpp:136]   --->   Operation 679 'partselect' 'tmp_218_i_i' <Predicate = (!exitcond4_i_i)> <Delay = 0.00>
ST_4 : Operation 680 [1/1] (0.00ns)   --->   "%tmp_219_i_i = call i8 @_ssdm_op_PartSelect.i8.i125.i32.i32(i125 %svs_V_11_load, i32 96, i32 103)" [MathieuHelpMe/Classifier.cpp:69->MathieuHelpMe/Classifier.cpp:136]   --->   Operation 680 'partselect' 'tmp_219_i_i' <Predicate = (!exitcond4_i_i)> <Delay = 0.00>
ST_4 : Operation 681 [1/1] (0.00ns)   --->   "%tmp_220_i_i = call i8 @_ssdm_op_PartSelect.i8.i126.i32.i32(i126 %svs_V_12_load, i32 96, i32 103)" [MathieuHelpMe/Classifier.cpp:69->MathieuHelpMe/Classifier.cpp:136]   --->   Operation 681 'partselect' 'tmp_220_i_i' <Predicate = (!exitcond4_i_i)> <Delay = 0.00>
ST_4 : Operation 682 [1/1] (0.00ns)   --->   "%tmp_221_i_i = call i8 @_ssdm_op_PartSelect.i8.i127.i32.i32(i127 %svs_V_13_load, i32 96, i32 103)" [MathieuHelpMe/Classifier.cpp:69->MathieuHelpMe/Classifier.cpp:136]   --->   Operation 682 'partselect' 'tmp_221_i_i' <Predicate = (!exitcond4_i_i)> <Delay = 0.00>
ST_4 : Operation 683 [1/1] (0.00ns)   --->   "%tmp_222_i_i = call i8 @_ssdm_op_PartSelect.i8.i126.i32.i32(i126 %svs_V_14_load, i32 96, i32 103)" [MathieuHelpMe/Classifier.cpp:69->MathieuHelpMe/Classifier.cpp:136]   --->   Operation 683 'partselect' 'tmp_222_i_i' <Predicate = (!exitcond4_i_i)> <Delay = 0.00>
ST_4 : Operation 684 [1/1] (0.00ns)   --->   "%tmp_223_i_i = call i8 @_ssdm_op_PartSelect.i8.i128.i32.i32(i128 %svs_V_15_load, i32 96, i32 103)" [MathieuHelpMe/Classifier.cpp:69->MathieuHelpMe/Classifier.cpp:136]   --->   Operation 684 'partselect' 'tmp_223_i_i' <Predicate = (!exitcond4_i_i)> <Delay = 0.00>
ST_4 : Operation 685 [1/1] (0.00ns)   --->   "%tmp_224_i_i = call i8 @_ssdm_op_PartSelect.i8.i125.i32.i32(i125 %svs_V_0_load, i32 104, i32 111)" [MathieuHelpMe/Classifier.cpp:69->MathieuHelpMe/Classifier.cpp:136]   --->   Operation 685 'partselect' 'tmp_224_i_i' <Predicate = (!exitcond4_i_i)> <Delay = 0.00>
ST_4 : Operation 686 [1/2] (2.32ns)   --->   "%x_local_13_V_load = load i8* %x_local_13_V_addr, align 1" [MathieuHelpMe/Classifier.cpp:70->MathieuHelpMe/Classifier.cpp:136]   --->   Operation 686 'load' 'x_local_13_V_load' <Predicate = (!exitcond4_i_i)> <Delay = 2.32> <Core = "RAM">   --->   Core 37 'RAM' <Latency = 1> <II = 1> <Delay = 2.32> <Storage> <Opcode : 'load' 'store'> <Ports = 2> <Width = 8> <Depth = 49> <RAM>
ST_4 : Operation 687 [1/1] (0.00ns)   --->   "%tmp_225_i_i = call i8 @_ssdm_op_PartSelect.i8.i125.i32.i32(i125 %svs_V_1_load, i32 104, i32 111)" [MathieuHelpMe/Classifier.cpp:69->MathieuHelpMe/Classifier.cpp:136]   --->   Operation 687 'partselect' 'tmp_225_i_i' <Predicate = (!exitcond4_i_i)> <Delay = 0.00>
ST_4 : Operation 688 [1/1] (0.00ns)   --->   "%tmp_226_i_i = call i8 @_ssdm_op_PartSelect.i8.i125.i32.i32(i125 %svs_V_2_load, i32 104, i32 111)" [MathieuHelpMe/Classifier.cpp:69->MathieuHelpMe/Classifier.cpp:136]   --->   Operation 688 'partselect' 'tmp_226_i_i' <Predicate = (!exitcond4_i_i)> <Delay = 0.00>
ST_4 : Operation 689 [1/1] (0.00ns)   --->   "%tmp_227_i_i = call i8 @_ssdm_op_PartSelect.i8.i128.i32.i32(i128 %svs_V_3_load, i32 104, i32 111)" [MathieuHelpMe/Classifier.cpp:69->MathieuHelpMe/Classifier.cpp:136]   --->   Operation 689 'partselect' 'tmp_227_i_i' <Predicate = (!exitcond4_i_i)> <Delay = 0.00>
ST_4 : Operation 690 [1/1] (0.00ns)   --->   "%tmp_228_i_i = call i8 @_ssdm_op_PartSelect.i8.i125.i32.i32(i125 %svs_V_4_load, i32 104, i32 111)" [MathieuHelpMe/Classifier.cpp:69->MathieuHelpMe/Classifier.cpp:136]   --->   Operation 690 'partselect' 'tmp_228_i_i' <Predicate = (!exitcond4_i_i)> <Delay = 0.00>
ST_4 : Operation 691 [1/1] (0.00ns)   --->   "%tmp_229_i_i = call i8 @_ssdm_op_PartSelect.i8.i125.i32.i32(i125 %svs_V_5_load, i32 104, i32 111)" [MathieuHelpMe/Classifier.cpp:69->MathieuHelpMe/Classifier.cpp:136]   --->   Operation 691 'partselect' 'tmp_229_i_i' <Predicate = (!exitcond4_i_i)> <Delay = 0.00>
ST_4 : Operation 692 [1/1] (0.00ns)   --->   "%tmp_230_i_i = call i8 @_ssdm_op_PartSelect.i8.i126.i32.i32(i126 %svs_V_6_load, i32 104, i32 111)" [MathieuHelpMe/Classifier.cpp:69->MathieuHelpMe/Classifier.cpp:136]   --->   Operation 692 'partselect' 'tmp_230_i_i' <Predicate = (!exitcond4_i_i)> <Delay = 0.00>
ST_4 : Operation 693 [1/1] (0.00ns)   --->   "%tmp_231_i_i = call i8 @_ssdm_op_PartSelect.i8.i125.i32.i32(i125 %svs_V_7_load, i32 104, i32 111)" [MathieuHelpMe/Classifier.cpp:69->MathieuHelpMe/Classifier.cpp:136]   --->   Operation 693 'partselect' 'tmp_231_i_i' <Predicate = (!exitcond4_i_i)> <Delay = 0.00>
ST_4 : Operation 694 [1/1] (0.00ns)   --->   "%tmp_232_i_i = call i8 @_ssdm_op_PartSelect.i8.i128.i32.i32(i128 %svs_V_8_load, i32 104, i32 111)" [MathieuHelpMe/Classifier.cpp:69->MathieuHelpMe/Classifier.cpp:136]   --->   Operation 694 'partselect' 'tmp_232_i_i' <Predicate = (!exitcond4_i_i)> <Delay = 0.00>
ST_4 : Operation 695 [1/1] (0.00ns)   --->   "%tmp_233_i_i = call i8 @_ssdm_op_PartSelect.i8.i126.i32.i32(i126 %svs_V_9_load, i32 104, i32 111)" [MathieuHelpMe/Classifier.cpp:69->MathieuHelpMe/Classifier.cpp:136]   --->   Operation 695 'partselect' 'tmp_233_i_i' <Predicate = (!exitcond4_i_i)> <Delay = 0.00>
ST_4 : Operation 696 [1/1] (0.00ns)   --->   "%tmp_234_i_i = call i8 @_ssdm_op_PartSelect.i8.i125.i32.i32(i125 %svs_V_10_load, i32 104, i32 111)" [MathieuHelpMe/Classifier.cpp:69->MathieuHelpMe/Classifier.cpp:136]   --->   Operation 696 'partselect' 'tmp_234_i_i' <Predicate = (!exitcond4_i_i)> <Delay = 0.00>
ST_4 : Operation 697 [1/1] (0.00ns)   --->   "%tmp_235_i_i = call i8 @_ssdm_op_PartSelect.i8.i125.i32.i32(i125 %svs_V_11_load, i32 104, i32 111)" [MathieuHelpMe/Classifier.cpp:69->MathieuHelpMe/Classifier.cpp:136]   --->   Operation 697 'partselect' 'tmp_235_i_i' <Predicate = (!exitcond4_i_i)> <Delay = 0.00>
ST_4 : Operation 698 [1/1] (0.00ns)   --->   "%tmp_236_i_i = call i8 @_ssdm_op_PartSelect.i8.i126.i32.i32(i126 %svs_V_12_load, i32 104, i32 111)" [MathieuHelpMe/Classifier.cpp:69->MathieuHelpMe/Classifier.cpp:136]   --->   Operation 698 'partselect' 'tmp_236_i_i' <Predicate = (!exitcond4_i_i)> <Delay = 0.00>
ST_4 : Operation 699 [1/1] (0.00ns)   --->   "%tmp_237_i_i = call i8 @_ssdm_op_PartSelect.i8.i127.i32.i32(i127 %svs_V_13_load, i32 104, i32 111)" [MathieuHelpMe/Classifier.cpp:69->MathieuHelpMe/Classifier.cpp:136]   --->   Operation 699 'partselect' 'tmp_237_i_i' <Predicate = (!exitcond4_i_i)> <Delay = 0.00>
ST_4 : Operation 700 [1/1] (0.00ns)   --->   "%tmp_238_i_i = call i8 @_ssdm_op_PartSelect.i8.i126.i32.i32(i126 %svs_V_14_load, i32 104, i32 111)" [MathieuHelpMe/Classifier.cpp:69->MathieuHelpMe/Classifier.cpp:136]   --->   Operation 700 'partselect' 'tmp_238_i_i' <Predicate = (!exitcond4_i_i)> <Delay = 0.00>
ST_4 : Operation 701 [1/1] (0.00ns)   --->   "%tmp_239_i_i = call i8 @_ssdm_op_PartSelect.i8.i128.i32.i32(i128 %svs_V_15_load, i32 104, i32 111)" [MathieuHelpMe/Classifier.cpp:69->MathieuHelpMe/Classifier.cpp:136]   --->   Operation 701 'partselect' 'tmp_239_i_i' <Predicate = (!exitcond4_i_i)> <Delay = 0.00>
ST_4 : Operation 702 [1/1] (0.00ns)   --->   "%tmp_240_i_i = call i8 @_ssdm_op_PartSelect.i8.i125.i32.i32(i125 %svs_V_0_load, i32 112, i32 119)" [MathieuHelpMe/Classifier.cpp:69->MathieuHelpMe/Classifier.cpp:136]   --->   Operation 702 'partselect' 'tmp_240_i_i' <Predicate = (!exitcond4_i_i)> <Delay = 0.00>
ST_4 : Operation 703 [1/2] (2.32ns)   --->   "%x_local_14_V_load = load i8* %x_local_14_V_addr, align 1" [MathieuHelpMe/Classifier.cpp:70->MathieuHelpMe/Classifier.cpp:136]   --->   Operation 703 'load' 'x_local_14_V_load' <Predicate = (!exitcond4_i_i)> <Delay = 2.32> <Core = "RAM">   --->   Core 37 'RAM' <Latency = 1> <II = 1> <Delay = 2.32> <Storage> <Opcode : 'load' 'store'> <Ports = 2> <Width = 8> <Depth = 49> <RAM>
ST_4 : Operation 704 [1/1] (0.00ns)   --->   "%tmp_241_i_i = call i8 @_ssdm_op_PartSelect.i8.i125.i32.i32(i125 %svs_V_1_load, i32 112, i32 119)" [MathieuHelpMe/Classifier.cpp:69->MathieuHelpMe/Classifier.cpp:136]   --->   Operation 704 'partselect' 'tmp_241_i_i' <Predicate = (!exitcond4_i_i)> <Delay = 0.00>
ST_4 : Operation 705 [1/1] (0.00ns)   --->   "%tmp_242_i_i = call i8 @_ssdm_op_PartSelect.i8.i125.i32.i32(i125 %svs_V_2_load, i32 112, i32 119)" [MathieuHelpMe/Classifier.cpp:69->MathieuHelpMe/Classifier.cpp:136]   --->   Operation 705 'partselect' 'tmp_242_i_i' <Predicate = (!exitcond4_i_i)> <Delay = 0.00>
ST_4 : Operation 706 [1/1] (0.00ns)   --->   "%tmp_243_i_i = call i8 @_ssdm_op_PartSelect.i8.i128.i32.i32(i128 %svs_V_3_load, i32 112, i32 119)" [MathieuHelpMe/Classifier.cpp:69->MathieuHelpMe/Classifier.cpp:136]   --->   Operation 706 'partselect' 'tmp_243_i_i' <Predicate = (!exitcond4_i_i)> <Delay = 0.00>
ST_4 : Operation 707 [1/1] (0.00ns)   --->   "%tmp_244_i_i = call i8 @_ssdm_op_PartSelect.i8.i125.i32.i32(i125 %svs_V_4_load, i32 112, i32 119)" [MathieuHelpMe/Classifier.cpp:69->MathieuHelpMe/Classifier.cpp:136]   --->   Operation 707 'partselect' 'tmp_244_i_i' <Predicate = (!exitcond4_i_i)> <Delay = 0.00>
ST_4 : Operation 708 [1/1] (0.00ns)   --->   "%tmp_245_i_i = call i8 @_ssdm_op_PartSelect.i8.i125.i32.i32(i125 %svs_V_5_load, i32 112, i32 119)" [MathieuHelpMe/Classifier.cpp:69->MathieuHelpMe/Classifier.cpp:136]   --->   Operation 708 'partselect' 'tmp_245_i_i' <Predicate = (!exitcond4_i_i)> <Delay = 0.00>
ST_4 : Operation 709 [1/1] (0.00ns)   --->   "%tmp_246_i_i = call i8 @_ssdm_op_PartSelect.i8.i126.i32.i32(i126 %svs_V_6_load, i32 112, i32 119)" [MathieuHelpMe/Classifier.cpp:69->MathieuHelpMe/Classifier.cpp:136]   --->   Operation 709 'partselect' 'tmp_246_i_i' <Predicate = (!exitcond4_i_i)> <Delay = 0.00>
ST_4 : Operation 710 [1/1] (0.00ns)   --->   "%tmp_247_i_i = call i8 @_ssdm_op_PartSelect.i8.i125.i32.i32(i125 %svs_V_7_load, i32 112, i32 119)" [MathieuHelpMe/Classifier.cpp:69->MathieuHelpMe/Classifier.cpp:136]   --->   Operation 710 'partselect' 'tmp_247_i_i' <Predicate = (!exitcond4_i_i)> <Delay = 0.00>
ST_4 : Operation 711 [1/1] (0.00ns)   --->   "%tmp_248_i_i = call i8 @_ssdm_op_PartSelect.i8.i128.i32.i32(i128 %svs_V_8_load, i32 112, i32 119)" [MathieuHelpMe/Classifier.cpp:69->MathieuHelpMe/Classifier.cpp:136]   --->   Operation 711 'partselect' 'tmp_248_i_i' <Predicate = (!exitcond4_i_i)> <Delay = 0.00>
ST_4 : Operation 712 [1/1] (0.00ns)   --->   "%tmp_249_i_i = call i8 @_ssdm_op_PartSelect.i8.i126.i32.i32(i126 %svs_V_9_load, i32 112, i32 119)" [MathieuHelpMe/Classifier.cpp:69->MathieuHelpMe/Classifier.cpp:136]   --->   Operation 712 'partselect' 'tmp_249_i_i' <Predicate = (!exitcond4_i_i)> <Delay = 0.00>
ST_4 : Operation 713 [1/1] (0.00ns)   --->   "%tmp_250_i_i = call i8 @_ssdm_op_PartSelect.i8.i125.i32.i32(i125 %svs_V_10_load, i32 112, i32 119)" [MathieuHelpMe/Classifier.cpp:69->MathieuHelpMe/Classifier.cpp:136]   --->   Operation 713 'partselect' 'tmp_250_i_i' <Predicate = (!exitcond4_i_i)> <Delay = 0.00>
ST_4 : Operation 714 [1/1] (0.00ns)   --->   "%tmp_251_i_i = call i8 @_ssdm_op_PartSelect.i8.i125.i32.i32(i125 %svs_V_11_load, i32 112, i32 119)" [MathieuHelpMe/Classifier.cpp:69->MathieuHelpMe/Classifier.cpp:136]   --->   Operation 714 'partselect' 'tmp_251_i_i' <Predicate = (!exitcond4_i_i)> <Delay = 0.00>
ST_4 : Operation 715 [1/1] (0.00ns)   --->   "%tmp_252_i_i = call i8 @_ssdm_op_PartSelect.i8.i126.i32.i32(i126 %svs_V_12_load, i32 112, i32 119)" [MathieuHelpMe/Classifier.cpp:69->MathieuHelpMe/Classifier.cpp:136]   --->   Operation 715 'partselect' 'tmp_252_i_i' <Predicate = (!exitcond4_i_i)> <Delay = 0.00>
ST_4 : Operation 716 [1/1] (0.00ns)   --->   "%tmp_253_i_i = call i8 @_ssdm_op_PartSelect.i8.i127.i32.i32(i127 %svs_V_13_load, i32 112, i32 119)" [MathieuHelpMe/Classifier.cpp:69->MathieuHelpMe/Classifier.cpp:136]   --->   Operation 716 'partselect' 'tmp_253_i_i' <Predicate = (!exitcond4_i_i)> <Delay = 0.00>
ST_4 : Operation 717 [1/1] (0.00ns)   --->   "%tmp_254_i_i = call i8 @_ssdm_op_PartSelect.i8.i126.i32.i32(i126 %svs_V_14_load, i32 112, i32 119)" [MathieuHelpMe/Classifier.cpp:69->MathieuHelpMe/Classifier.cpp:136]   --->   Operation 717 'partselect' 'tmp_254_i_i' <Predicate = (!exitcond4_i_i)> <Delay = 0.00>
ST_4 : Operation 718 [1/1] (0.00ns)   --->   "%tmp_255_i_i = call i8 @_ssdm_op_PartSelect.i8.i128.i32.i32(i128 %svs_V_15_load, i32 112, i32 119)" [MathieuHelpMe/Classifier.cpp:69->MathieuHelpMe/Classifier.cpp:136]   --->   Operation 718 'partselect' 'tmp_255_i_i' <Predicate = (!exitcond4_i_i)> <Delay = 0.00>
ST_4 : Operation 719 [1/1] (0.00ns)   --->   "%tmp_255 = call i5 @_ssdm_op_PartSelect.i5.i125.i32.i32(i125 %svs_V_0_load, i32 120, i32 124)" [MathieuHelpMe/Classifier.cpp:69->MathieuHelpMe/Classifier.cpp:136]   --->   Operation 719 'partselect' 'tmp_255' <Predicate = (!exitcond4_i_i)> <Delay = 0.00>
ST_4 : Operation 720 [1/2] (2.32ns)   --->   "%x_local_15_V_load = load i8* %x_local_15_V_addr, align 1" [MathieuHelpMe/Classifier.cpp:70->MathieuHelpMe/Classifier.cpp:136]   --->   Operation 720 'load' 'x_local_15_V_load' <Predicate = (!exitcond4_i_i)> <Delay = 2.32> <Core = "RAM">   --->   Core 37 'RAM' <Latency = 1> <II = 1> <Delay = 2.32> <Storage> <Opcode : 'load' 'store'> <Ports = 2> <Width = 8> <Depth = 49> <RAM>
ST_4 : Operation 721 [1/1] (0.00ns)   --->   "%tmp_256 = call i5 @_ssdm_op_PartSelect.i5.i125.i32.i32(i125 %svs_V_1_load, i32 120, i32 124)" [MathieuHelpMe/Classifier.cpp:69->MathieuHelpMe/Classifier.cpp:136]   --->   Operation 721 'partselect' 'tmp_256' <Predicate = (!exitcond4_i_i)> <Delay = 0.00>
ST_4 : Operation 722 [1/1] (0.00ns)   --->   "%tmp_257 = call i5 @_ssdm_op_PartSelect.i5.i125.i32.i32(i125 %svs_V_2_load, i32 120, i32 124)" [MathieuHelpMe/Classifier.cpp:69->MathieuHelpMe/Classifier.cpp:136]   --->   Operation 722 'partselect' 'tmp_257' <Predicate = (!exitcond4_i_i)> <Delay = 0.00>
ST_4 : Operation 723 [1/1] (0.00ns)   --->   "%tmp_259_i_i = call i8 @_ssdm_op_PartSelect.i8.i128.i32.i32(i128 %svs_V_3_load, i32 120, i32 127)" [MathieuHelpMe/Classifier.cpp:69->MathieuHelpMe/Classifier.cpp:136]   --->   Operation 723 'partselect' 'tmp_259_i_i' <Predicate = (!exitcond4_i_i)> <Delay = 0.00>
ST_4 : Operation 724 [1/1] (0.00ns)   --->   "%tmp_258 = call i5 @_ssdm_op_PartSelect.i5.i125.i32.i32(i125 %svs_V_4_load, i32 120, i32 124)" [MathieuHelpMe/Classifier.cpp:69->MathieuHelpMe/Classifier.cpp:136]   --->   Operation 724 'partselect' 'tmp_258' <Predicate = (!exitcond4_i_i)> <Delay = 0.00>
ST_4 : Operation 725 [1/1] (0.00ns)   --->   "%tmp_260 = call i5 @_ssdm_op_PartSelect.i5.i125.i32.i32(i125 %svs_V_5_load, i32 120, i32 124)" [MathieuHelpMe/Classifier.cpp:69->MathieuHelpMe/Classifier.cpp:136]   --->   Operation 725 'partselect' 'tmp_260' <Predicate = (!exitcond4_i_i)> <Delay = 0.00>
ST_4 : Operation 726 [1/1] (0.00ns)   --->   "%tmp_261 = call i6 @_ssdm_op_PartSelect.i6.i126.i32.i32(i126 %svs_V_6_load, i32 120, i32 125)" [MathieuHelpMe/Classifier.cpp:69->MathieuHelpMe/Classifier.cpp:136]   --->   Operation 726 'partselect' 'tmp_261' <Predicate = (!exitcond4_i_i)> <Delay = 0.00>
ST_4 : Operation 727 [1/1] (0.00ns)   --->   "%tmp_262 = call i5 @_ssdm_op_PartSelect.i5.i125.i32.i32(i125 %svs_V_7_load, i32 120, i32 124)" [MathieuHelpMe/Classifier.cpp:69->MathieuHelpMe/Classifier.cpp:136]   --->   Operation 727 'partselect' 'tmp_262' <Predicate = (!exitcond4_i_i)> <Delay = 0.00>
ST_4 : Operation 728 [1/1] (0.00ns)   --->   "%tmp_264_i_i = call i8 @_ssdm_op_PartSelect.i8.i128.i32.i32(i128 %svs_V_8_load, i32 120, i32 127)" [MathieuHelpMe/Classifier.cpp:69->MathieuHelpMe/Classifier.cpp:136]   --->   Operation 728 'partselect' 'tmp_264_i_i' <Predicate = (!exitcond4_i_i)> <Delay = 0.00>
ST_4 : Operation 729 [1/1] (0.00ns)   --->   "%tmp_263 = call i6 @_ssdm_op_PartSelect.i6.i126.i32.i32(i126 %svs_V_9_load, i32 120, i32 125)" [MathieuHelpMe/Classifier.cpp:69->MathieuHelpMe/Classifier.cpp:136]   --->   Operation 729 'partselect' 'tmp_263' <Predicate = (!exitcond4_i_i)> <Delay = 0.00>
ST_4 : Operation 730 [1/1] (0.00ns)   --->   "%tmp_264 = call i5 @_ssdm_op_PartSelect.i5.i125.i32.i32(i125 %svs_V_10_load, i32 120, i32 124)" [MathieuHelpMe/Classifier.cpp:69->MathieuHelpMe/Classifier.cpp:136]   --->   Operation 730 'partselect' 'tmp_264' <Predicate = (!exitcond4_i_i)> <Delay = 0.00>
ST_4 : Operation 731 [1/1] (0.00ns)   --->   "%tmp_265 = call i5 @_ssdm_op_PartSelect.i5.i125.i32.i32(i125 %svs_V_11_load, i32 120, i32 124)" [MathieuHelpMe/Classifier.cpp:69->MathieuHelpMe/Classifier.cpp:136]   --->   Operation 731 'partselect' 'tmp_265' <Predicate = (!exitcond4_i_i)> <Delay = 0.00>
ST_4 : Operation 732 [1/1] (0.00ns)   --->   "%tmp_266 = call i6 @_ssdm_op_PartSelect.i6.i126.i32.i32(i126 %svs_V_12_load, i32 120, i32 125)" [MathieuHelpMe/Classifier.cpp:69->MathieuHelpMe/Classifier.cpp:136]   --->   Operation 732 'partselect' 'tmp_266' <Predicate = (!exitcond4_i_i)> <Delay = 0.00>
ST_4 : Operation 733 [1/1] (0.00ns)   --->   "%tmp_267 = call i7 @_ssdm_op_PartSelect.i7.i127.i32.i32(i127 %svs_V_13_load, i32 120, i32 126)" [MathieuHelpMe/Classifier.cpp:69->MathieuHelpMe/Classifier.cpp:136]   --->   Operation 733 'partselect' 'tmp_267' <Predicate = (!exitcond4_i_i)> <Delay = 0.00>
ST_4 : Operation 734 [1/1] (0.00ns)   --->   "%tmp_268 = call i6 @_ssdm_op_PartSelect.i6.i126.i32.i32(i126 %svs_V_14_load, i32 120, i32 125)" [MathieuHelpMe/Classifier.cpp:69->MathieuHelpMe/Classifier.cpp:136]   --->   Operation 734 'partselect' 'tmp_268' <Predicate = (!exitcond4_i_i)> <Delay = 0.00>
ST_4 : Operation 735 [1/1] (0.00ns)   --->   "%tmp_271_i_i = call i8 @_ssdm_op_PartSelect.i8.i128.i32.i32(i128 %svs_V_15_load, i32 120, i32 127)" [MathieuHelpMe/Classifier.cpp:69->MathieuHelpMe/Classifier.cpp:136]   --->   Operation 735 'partselect' 'tmp_271_i_i' <Predicate = (!exitcond4_i_i)> <Delay = 0.00>

State 5 <SV = 4> <Delay = 6.66>
ST_5 : Operation 736 [1/1] (0.00ns)   --->   "%tmp_23_0_i_i = call i30 @_ssdm_op_BitConcatenate.i30.i16.i14(i16 %r_V_0_i_i, i14 0)" [MathieuHelpMe/Classifier.cpp:72->MathieuHelpMe/Classifier.cpp:136]   --->   Operation 736 'bitconcatenate' 'tmp_23_0_i_i' <Predicate = (!exitcond4_i_i)> <Delay = 0.00>
ST_5 : Operation 737 [1/1] (0.00ns)   --->   "%tmp_23_0_cast_i_i_ca = sext i30 %tmp_23_0_i_i to i31" [MathieuHelpMe/Classifier.cpp:72->MathieuHelpMe/Classifier.cpp:136]   --->   Operation 737 'sext' 'tmp_23_0_cast_i_i_ca' <Predicate = (!exitcond4_i_i)> <Delay = 0.00>
ST_5 : Operation 738 [1/1] (0.00ns)   --->   "%tmp_23_0_1_i_i = call i30 @_ssdm_op_BitConcatenate.i30.i16.i14(i16 %r_V_0_1_i_i, i14 0)" [MathieuHelpMe/Classifier.cpp:72->MathieuHelpMe/Classifier.cpp:136]   --->   Operation 738 'bitconcatenate' 'tmp_23_0_1_i_i' <Predicate = (!exitcond4_i_i)> <Delay = 0.00>
ST_5 : Operation 739 [1/1] (0.00ns)   --->   "%tmp_23_0_1_cast_i_i_s = sext i30 %tmp_23_0_1_i_i to i31" [MathieuHelpMe/Classifier.cpp:72->MathieuHelpMe/Classifier.cpp:136]   --->   Operation 739 'sext' 'tmp_23_0_1_cast_i_i_s' <Predicate = (!exitcond4_i_i)> <Delay = 0.00>
ST_5 : Operation 740 [1/1] (0.00ns)   --->   "%tmp_23_0_2_i_i = call i30 @_ssdm_op_BitConcatenate.i30.i16.i14(i16 %r_V_0_2_i_i, i14 0)" [MathieuHelpMe/Classifier.cpp:72->MathieuHelpMe/Classifier.cpp:136]   --->   Operation 740 'bitconcatenate' 'tmp_23_0_2_i_i' <Predicate = (!exitcond4_i_i)> <Delay = 0.00>
ST_5 : Operation 741 [1/1] (0.00ns)   --->   "%tmp_23_0_2_cast_i_i_s = sext i30 %tmp_23_0_2_i_i to i31" [MathieuHelpMe/Classifier.cpp:72->MathieuHelpMe/Classifier.cpp:136]   --->   Operation 741 'sext' 'tmp_23_0_2_cast_i_i_s' <Predicate = (!exitcond4_i_i)> <Delay = 0.00>
ST_5 : Operation 742 [1/1] (0.00ns)   --->   "%tmp_23_0_3_i_i = call i30 @_ssdm_op_BitConcatenate.i30.i16.i14(i16 %r_V_0_3_i_i, i14 0)" [MathieuHelpMe/Classifier.cpp:72->MathieuHelpMe/Classifier.cpp:136]   --->   Operation 742 'bitconcatenate' 'tmp_23_0_3_i_i' <Predicate = (!exitcond4_i_i)> <Delay = 0.00>
ST_5 : Operation 743 [1/1] (0.00ns)   --->   "%tmp_23_0_3_cast_i_i_s = sext i30 %tmp_23_0_3_i_i to i31" [MathieuHelpMe/Classifier.cpp:72->MathieuHelpMe/Classifier.cpp:136]   --->   Operation 743 'sext' 'tmp_23_0_3_cast_i_i_s' <Predicate = (!exitcond4_i_i)> <Delay = 0.00>
ST_5 : Operation 744 [1/1] (0.00ns)   --->   "%tmp_23_0_4_i_i = call i30 @_ssdm_op_BitConcatenate.i30.i16.i14(i16 %r_V_0_4_i_i, i14 0)" [MathieuHelpMe/Classifier.cpp:72->MathieuHelpMe/Classifier.cpp:136]   --->   Operation 744 'bitconcatenate' 'tmp_23_0_4_i_i' <Predicate = (!exitcond4_i_i)> <Delay = 0.00>
ST_5 : Operation 745 [1/1] (0.00ns)   --->   "%tmp_23_0_4_cast_i_i_s = sext i30 %tmp_23_0_4_i_i to i31" [MathieuHelpMe/Classifier.cpp:72->MathieuHelpMe/Classifier.cpp:136]   --->   Operation 745 'sext' 'tmp_23_0_4_cast_i_i_s' <Predicate = (!exitcond4_i_i)> <Delay = 0.00>
ST_5 : Operation 746 [1/1] (0.00ns)   --->   "%tmp_23_0_5_i_i = call i30 @_ssdm_op_BitConcatenate.i30.i16.i14(i16 %r_V_0_5_i_i, i14 0)" [MathieuHelpMe/Classifier.cpp:72->MathieuHelpMe/Classifier.cpp:136]   --->   Operation 746 'bitconcatenate' 'tmp_23_0_5_i_i' <Predicate = (!exitcond4_i_i)> <Delay = 0.00>
ST_5 : Operation 747 [1/1] (0.00ns)   --->   "%tmp_23_0_5_cast_i_i_s = sext i30 %tmp_23_0_5_i_i to i31" [MathieuHelpMe/Classifier.cpp:72->MathieuHelpMe/Classifier.cpp:136]   --->   Operation 747 'sext' 'tmp_23_0_5_cast_i_i_s' <Predicate = (!exitcond4_i_i)> <Delay = 0.00>
ST_5 : Operation 748 [1/1] (0.00ns)   --->   "%tmp_23_0_6_i_i = call i30 @_ssdm_op_BitConcatenate.i30.i16.i14(i16 %r_V_0_6_i_i, i14 0)" [MathieuHelpMe/Classifier.cpp:72->MathieuHelpMe/Classifier.cpp:136]   --->   Operation 748 'bitconcatenate' 'tmp_23_0_6_i_i' <Predicate = (!exitcond4_i_i)> <Delay = 0.00>
ST_5 : Operation 749 [1/1] (0.00ns)   --->   "%tmp_23_0_6_cast_i_i_s = sext i30 %tmp_23_0_6_i_i to i31" [MathieuHelpMe/Classifier.cpp:72->MathieuHelpMe/Classifier.cpp:136]   --->   Operation 749 'sext' 'tmp_23_0_6_cast_i_i_s' <Predicate = (!exitcond4_i_i)> <Delay = 0.00>
ST_5 : Operation 750 [1/1] (0.00ns)   --->   "%tmp_23_0_7_i_i = call i30 @_ssdm_op_BitConcatenate.i30.i16.i14(i16 %r_V_0_7_i_i, i14 0)" [MathieuHelpMe/Classifier.cpp:72->MathieuHelpMe/Classifier.cpp:136]   --->   Operation 750 'bitconcatenate' 'tmp_23_0_7_i_i' <Predicate = (!exitcond4_i_i)> <Delay = 0.00>
ST_5 : Operation 751 [1/1] (0.00ns)   --->   "%tmp_23_0_7_cast_i_i_s = sext i30 %tmp_23_0_7_i_i to i31" [MathieuHelpMe/Classifier.cpp:72->MathieuHelpMe/Classifier.cpp:136]   --->   Operation 751 'sext' 'tmp_23_0_7_cast_i_i_s' <Predicate = (!exitcond4_i_i)> <Delay = 0.00>
ST_5 : Operation 752 [1/1] (0.00ns)   --->   "%tmp_23_0_8_i_i = call i30 @_ssdm_op_BitConcatenate.i30.i16.i14(i16 %r_V_0_8_i_i, i14 0)" [MathieuHelpMe/Classifier.cpp:72->MathieuHelpMe/Classifier.cpp:136]   --->   Operation 752 'bitconcatenate' 'tmp_23_0_8_i_i' <Predicate = (!exitcond4_i_i)> <Delay = 0.00>
ST_5 : Operation 753 [1/1] (0.00ns)   --->   "%tmp_23_0_8_cast_i_i_s = sext i30 %tmp_23_0_8_i_i to i31" [MathieuHelpMe/Classifier.cpp:72->MathieuHelpMe/Classifier.cpp:136]   --->   Operation 753 'sext' 'tmp_23_0_8_cast_i_i_s' <Predicate = (!exitcond4_i_i)> <Delay = 0.00>
ST_5 : Operation 754 [1/1] (0.00ns)   --->   "%tmp_23_0_9_i_i = call i30 @_ssdm_op_BitConcatenate.i30.i16.i14(i16 %r_V_0_9_i_i, i14 0)" [MathieuHelpMe/Classifier.cpp:72->MathieuHelpMe/Classifier.cpp:136]   --->   Operation 754 'bitconcatenate' 'tmp_23_0_9_i_i' <Predicate = (!exitcond4_i_i)> <Delay = 0.00>
ST_5 : Operation 755 [1/1] (0.00ns)   --->   "%tmp_23_0_9_cast_i_i_s = sext i30 %tmp_23_0_9_i_i to i31" [MathieuHelpMe/Classifier.cpp:72->MathieuHelpMe/Classifier.cpp:136]   --->   Operation 755 'sext' 'tmp_23_0_9_cast_i_i_s' <Predicate = (!exitcond4_i_i)> <Delay = 0.00>
ST_5 : Operation 756 [1/1] (0.00ns)   --->   "%tmp_23_0_i_i_34 = call i30 @_ssdm_op_BitConcatenate.i30.i16.i14(i16 %r_V_0_i_i_33, i14 0)" [MathieuHelpMe/Classifier.cpp:72->MathieuHelpMe/Classifier.cpp:136]   --->   Operation 756 'bitconcatenate' 'tmp_23_0_i_i_34' <Predicate = (!exitcond4_i_i)> <Delay = 0.00>
ST_5 : Operation 757 [1/1] (0.00ns)   --->   "%tmp_23_0_cast_i_i_c = sext i30 %tmp_23_0_i_i_34 to i31" [MathieuHelpMe/Classifier.cpp:72->MathieuHelpMe/Classifier.cpp:136]   --->   Operation 757 'sext' 'tmp_23_0_cast_i_i_c' <Predicate = (!exitcond4_i_i)> <Delay = 0.00>
ST_5 : Operation 758 [1/1] (0.00ns)   --->   "%tmp_23_0_10_i_i = call i30 @_ssdm_op_BitConcatenate.i30.i16.i14(i16 %r_V_0_10_i_i, i14 0)" [MathieuHelpMe/Classifier.cpp:72->MathieuHelpMe/Classifier.cpp:136]   --->   Operation 758 'bitconcatenate' 'tmp_23_0_10_i_i' <Predicate = (!exitcond4_i_i)> <Delay = 0.00>
ST_5 : Operation 759 [1/1] (0.00ns)   --->   "%tmp_23_0_10_cast_i_i = sext i30 %tmp_23_0_10_i_i to i31" [MathieuHelpMe/Classifier.cpp:72->MathieuHelpMe/Classifier.cpp:136]   --->   Operation 759 'sext' 'tmp_23_0_10_cast_i_i' <Predicate = (!exitcond4_i_i)> <Delay = 0.00>
ST_5 : Operation 760 [1/1] (0.00ns)   --->   "%tmp_23_0_11_i_i = call i30 @_ssdm_op_BitConcatenate.i30.i16.i14(i16 %r_V_0_11_i_i, i14 0)" [MathieuHelpMe/Classifier.cpp:72->MathieuHelpMe/Classifier.cpp:136]   --->   Operation 760 'bitconcatenate' 'tmp_23_0_11_i_i' <Predicate = (!exitcond4_i_i)> <Delay = 0.00>
ST_5 : Operation 761 [1/1] (0.00ns)   --->   "%tmp_23_0_11_cast_i_i = sext i30 %tmp_23_0_11_i_i to i31" [MathieuHelpMe/Classifier.cpp:72->MathieuHelpMe/Classifier.cpp:136]   --->   Operation 761 'sext' 'tmp_23_0_11_cast_i_i' <Predicate = (!exitcond4_i_i)> <Delay = 0.00>
ST_5 : Operation 762 [1/1] (0.00ns)   --->   "%tmp_23_0_12_i_i = call i30 @_ssdm_op_BitConcatenate.i30.i16.i14(i16 %r_V_0_12_i_i, i14 0)" [MathieuHelpMe/Classifier.cpp:72->MathieuHelpMe/Classifier.cpp:136]   --->   Operation 762 'bitconcatenate' 'tmp_23_0_12_i_i' <Predicate = (!exitcond4_i_i)> <Delay = 0.00>
ST_5 : Operation 763 [1/1] (0.00ns)   --->   "%tmp_23_0_12_cast_i_i = sext i30 %tmp_23_0_12_i_i to i31" [MathieuHelpMe/Classifier.cpp:72->MathieuHelpMe/Classifier.cpp:136]   --->   Operation 763 'sext' 'tmp_23_0_12_cast_i_i' <Predicate = (!exitcond4_i_i)> <Delay = 0.00>
ST_5 : Operation 764 [1/1] (0.00ns)   --->   "%tmp_23_0_13_i_i = call i30 @_ssdm_op_BitConcatenate.i30.i16.i14(i16 %r_V_0_13_i_i, i14 0)" [MathieuHelpMe/Classifier.cpp:72->MathieuHelpMe/Classifier.cpp:136]   --->   Operation 764 'bitconcatenate' 'tmp_23_0_13_i_i' <Predicate = (!exitcond4_i_i)> <Delay = 0.00>
ST_5 : Operation 765 [1/1] (0.00ns)   --->   "%tmp_23_0_13_cast_i_i = sext i30 %tmp_23_0_13_i_i to i31" [MathieuHelpMe/Classifier.cpp:72->MathieuHelpMe/Classifier.cpp:136]   --->   Operation 765 'sext' 'tmp_23_0_13_cast_i_i' <Predicate = (!exitcond4_i_i)> <Delay = 0.00>
ST_5 : Operation 766 [1/1] (0.00ns)   --->   "%tmp_23_0_14_i_i = call i30 @_ssdm_op_BitConcatenate.i30.i16.i14(i16 %r_V_0_14_i_i, i14 0)" [MathieuHelpMe/Classifier.cpp:72->MathieuHelpMe/Classifier.cpp:136]   --->   Operation 766 'bitconcatenate' 'tmp_23_0_14_i_i' <Predicate = (!exitcond4_i_i)> <Delay = 0.00>
ST_5 : Operation 767 [1/1] (0.00ns)   --->   "%tmp_23_0_14_cast_i_i = sext i30 %tmp_23_0_14_i_i to i31" [MathieuHelpMe/Classifier.cpp:74->MathieuHelpMe/Classifier.cpp:136]   --->   Operation 767 'sext' 'tmp_23_0_14_cast_i_i' <Predicate = (!exitcond4_i_i)> <Delay = 0.00>
ST_5 : Operation 768 [1/1] (0.00ns)   --->   "%tmp_23_1_i_i = call i30 @_ssdm_op_BitConcatenate.i30.i16.i14(i16 %r_V_135_i_i, i14 0)" [MathieuHelpMe/Classifier.cpp:72->MathieuHelpMe/Classifier.cpp:136]   --->   Operation 768 'bitconcatenate' 'tmp_23_1_i_i' <Predicate = (!exitcond4_i_i)> <Delay = 0.00>
ST_5 : Operation 769 [1/1] (0.00ns)   --->   "%tmp_23_1_cast_i_i_ca = sext i30 %tmp_23_1_i_i to i31" [MathieuHelpMe/Classifier.cpp:69->MathieuHelpMe/Classifier.cpp:136]   --->   Operation 769 'sext' 'tmp_23_1_cast_i_i_ca' <Predicate = (!exitcond4_i_i)> <Delay = 0.00>
ST_5 : Operation 770 [1/1] (0.00ns)   --->   "%tmp_23_1_1_i_i = call i30 @_ssdm_op_BitConcatenate.i30.i16.i14(i16 %r_V_135_1_i_i, i14 0)" [MathieuHelpMe/Classifier.cpp:72->MathieuHelpMe/Classifier.cpp:136]   --->   Operation 770 'bitconcatenate' 'tmp_23_1_1_i_i' <Predicate = (!exitcond4_i_i)> <Delay = 0.00>
ST_5 : Operation 771 [1/1] (0.00ns)   --->   "%tmp_23_1_1_cast_i_i_s = sext i30 %tmp_23_1_1_i_i to i31" [MathieuHelpMe/Classifier.cpp:69->MathieuHelpMe/Classifier.cpp:136]   --->   Operation 771 'sext' 'tmp_23_1_1_cast_i_i_s' <Predicate = (!exitcond4_i_i)> <Delay = 0.00>
ST_5 : Operation 772 [1/1] (0.00ns)   --->   "%tmp_23_1_2_i_i = call i30 @_ssdm_op_BitConcatenate.i30.i16.i14(i16 %r_V_135_2_i_i, i14 0)" [MathieuHelpMe/Classifier.cpp:72->MathieuHelpMe/Classifier.cpp:136]   --->   Operation 772 'bitconcatenate' 'tmp_23_1_2_i_i' <Predicate = (!exitcond4_i_i)> <Delay = 0.00>
ST_5 : Operation 773 [1/1] (0.00ns)   --->   "%tmp_23_1_2_cast_i_i_s = sext i30 %tmp_23_1_2_i_i to i31" [MathieuHelpMe/Classifier.cpp:69->MathieuHelpMe/Classifier.cpp:136]   --->   Operation 773 'sext' 'tmp_23_1_2_cast_i_i_s' <Predicate = (!exitcond4_i_i)> <Delay = 0.00>
ST_5 : Operation 774 [1/1] (0.00ns)   --->   "%tmp_23_1_3_i_i = call i30 @_ssdm_op_BitConcatenate.i30.i16.i14(i16 %r_V_135_3_i_i, i14 0)" [MathieuHelpMe/Classifier.cpp:72->MathieuHelpMe/Classifier.cpp:136]   --->   Operation 774 'bitconcatenate' 'tmp_23_1_3_i_i' <Predicate = (!exitcond4_i_i)> <Delay = 0.00>
ST_5 : Operation 775 [1/1] (0.00ns)   --->   "%tmp_23_1_3_cast_i_i_s = sext i30 %tmp_23_1_3_i_i to i31" [MathieuHelpMe/Classifier.cpp:69->MathieuHelpMe/Classifier.cpp:136]   --->   Operation 775 'sext' 'tmp_23_1_3_cast_i_i_s' <Predicate = (!exitcond4_i_i)> <Delay = 0.00>
ST_5 : Operation 776 [1/1] (0.00ns)   --->   "%tmp_23_1_4_i_i = call i30 @_ssdm_op_BitConcatenate.i30.i16.i14(i16 %r_V_135_4_i_i, i14 0)" [MathieuHelpMe/Classifier.cpp:72->MathieuHelpMe/Classifier.cpp:136]   --->   Operation 776 'bitconcatenate' 'tmp_23_1_4_i_i' <Predicate = (!exitcond4_i_i)> <Delay = 0.00>
ST_5 : Operation 777 [1/1] (0.00ns)   --->   "%tmp_23_1_4_cast_i_i_s = sext i30 %tmp_23_1_4_i_i to i31" [MathieuHelpMe/Classifier.cpp:69->MathieuHelpMe/Classifier.cpp:136]   --->   Operation 777 'sext' 'tmp_23_1_4_cast_i_i_s' <Predicate = (!exitcond4_i_i)> <Delay = 0.00>
ST_5 : Operation 778 [1/1] (0.00ns)   --->   "%tmp_23_1_5_i_i = call i30 @_ssdm_op_BitConcatenate.i30.i16.i14(i16 %r_V_135_5_i_i, i14 0)" [MathieuHelpMe/Classifier.cpp:72->MathieuHelpMe/Classifier.cpp:136]   --->   Operation 778 'bitconcatenate' 'tmp_23_1_5_i_i' <Predicate = (!exitcond4_i_i)> <Delay = 0.00>
ST_5 : Operation 779 [1/1] (0.00ns)   --->   "%tmp_23_1_5_cast_i_i_s = sext i30 %tmp_23_1_5_i_i to i31" [MathieuHelpMe/Classifier.cpp:69->MathieuHelpMe/Classifier.cpp:136]   --->   Operation 779 'sext' 'tmp_23_1_5_cast_i_i_s' <Predicate = (!exitcond4_i_i)> <Delay = 0.00>
ST_5 : Operation 780 [1/1] (0.00ns)   --->   "%tmp_23_1_6_i_i = call i30 @_ssdm_op_BitConcatenate.i30.i16.i14(i16 %r_V_135_6_i_i, i14 0)" [MathieuHelpMe/Classifier.cpp:72->MathieuHelpMe/Classifier.cpp:136]   --->   Operation 780 'bitconcatenate' 'tmp_23_1_6_i_i' <Predicate = (!exitcond4_i_i)> <Delay = 0.00>
ST_5 : Operation 781 [1/1] (0.00ns)   --->   "%tmp_23_1_6_cast_i_i_s = sext i30 %tmp_23_1_6_i_i to i31" [MathieuHelpMe/Classifier.cpp:69->MathieuHelpMe/Classifier.cpp:136]   --->   Operation 781 'sext' 'tmp_23_1_6_cast_i_i_s' <Predicate = (!exitcond4_i_i)> <Delay = 0.00>
ST_5 : Operation 782 [1/1] (0.00ns)   --->   "%tmp_23_1_7_i_i = call i30 @_ssdm_op_BitConcatenate.i30.i16.i14(i16 %r_V_135_7_i_i, i14 0)" [MathieuHelpMe/Classifier.cpp:72->MathieuHelpMe/Classifier.cpp:136]   --->   Operation 782 'bitconcatenate' 'tmp_23_1_7_i_i' <Predicate = (!exitcond4_i_i)> <Delay = 0.00>
ST_5 : Operation 783 [1/1] (0.00ns)   --->   "%tmp_23_1_7_cast_i_i_s = sext i30 %tmp_23_1_7_i_i to i31" [MathieuHelpMe/Classifier.cpp:69->MathieuHelpMe/Classifier.cpp:136]   --->   Operation 783 'sext' 'tmp_23_1_7_cast_i_i_s' <Predicate = (!exitcond4_i_i)> <Delay = 0.00>
ST_5 : Operation 784 [1/1] (0.00ns)   --->   "%tmp_23_1_8_i_i = call i30 @_ssdm_op_BitConcatenate.i30.i16.i14(i16 %r_V_135_8_i_i, i14 0)" [MathieuHelpMe/Classifier.cpp:72->MathieuHelpMe/Classifier.cpp:136]   --->   Operation 784 'bitconcatenate' 'tmp_23_1_8_i_i' <Predicate = (!exitcond4_i_i)> <Delay = 0.00>
ST_5 : Operation 785 [1/1] (0.00ns)   --->   "%tmp_23_1_8_cast_i_i_s = sext i30 %tmp_23_1_8_i_i to i31" [MathieuHelpMe/Classifier.cpp:69->MathieuHelpMe/Classifier.cpp:136]   --->   Operation 785 'sext' 'tmp_23_1_8_cast_i_i_s' <Predicate = (!exitcond4_i_i)> <Delay = 0.00>
ST_5 : Operation 786 [1/1] (0.00ns)   --->   "%tmp_23_1_9_i_i = call i30 @_ssdm_op_BitConcatenate.i30.i16.i14(i16 %r_V_135_9_i_i, i14 0)" [MathieuHelpMe/Classifier.cpp:72->MathieuHelpMe/Classifier.cpp:136]   --->   Operation 786 'bitconcatenate' 'tmp_23_1_9_i_i' <Predicate = (!exitcond4_i_i)> <Delay = 0.00>
ST_5 : Operation 787 [1/1] (0.00ns)   --->   "%tmp_23_1_9_cast_i_i_s = sext i30 %tmp_23_1_9_i_i to i31" [MathieuHelpMe/Classifier.cpp:69->MathieuHelpMe/Classifier.cpp:136]   --->   Operation 787 'sext' 'tmp_23_1_9_cast_i_i_s' <Predicate = (!exitcond4_i_i)> <Delay = 0.00>
ST_5 : Operation 788 [1/1] (0.00ns)   --->   "%tmp_23_1_i_i_38 = call i30 @_ssdm_op_BitConcatenate.i30.i16.i14(i16 %r_V_135_i_i_37, i14 0)" [MathieuHelpMe/Classifier.cpp:72->MathieuHelpMe/Classifier.cpp:136]   --->   Operation 788 'bitconcatenate' 'tmp_23_1_i_i_38' <Predicate = (!exitcond4_i_i)> <Delay = 0.00>
ST_5 : Operation 789 [1/1] (0.00ns)   --->   "%tmp_23_1_cast_i_i_c = sext i30 %tmp_23_1_i_i_38 to i31" [MathieuHelpMe/Classifier.cpp:69->MathieuHelpMe/Classifier.cpp:136]   --->   Operation 789 'sext' 'tmp_23_1_cast_i_i_c' <Predicate = (!exitcond4_i_i)> <Delay = 0.00>
ST_5 : Operation 790 [1/1] (0.00ns)   --->   "%tmp_23_1_10_i_i = call i30 @_ssdm_op_BitConcatenate.i30.i16.i14(i16 %r_V_135_10_i_i, i14 0)" [MathieuHelpMe/Classifier.cpp:72->MathieuHelpMe/Classifier.cpp:136]   --->   Operation 790 'bitconcatenate' 'tmp_23_1_10_i_i' <Predicate = (!exitcond4_i_i)> <Delay = 0.00>
ST_5 : Operation 791 [1/1] (0.00ns)   --->   "%tmp_23_1_10_cast_i_i = sext i30 %tmp_23_1_10_i_i to i31" [MathieuHelpMe/Classifier.cpp:69->MathieuHelpMe/Classifier.cpp:136]   --->   Operation 791 'sext' 'tmp_23_1_10_cast_i_i' <Predicate = (!exitcond4_i_i)> <Delay = 0.00>
ST_5 : Operation 792 [1/1] (0.00ns)   --->   "%tmp_23_1_11_i_i = call i30 @_ssdm_op_BitConcatenate.i30.i16.i14(i16 %r_V_135_11_i_i, i14 0)" [MathieuHelpMe/Classifier.cpp:72->MathieuHelpMe/Classifier.cpp:136]   --->   Operation 792 'bitconcatenate' 'tmp_23_1_11_i_i' <Predicate = (!exitcond4_i_i)> <Delay = 0.00>
ST_5 : Operation 793 [1/1] (0.00ns)   --->   "%tmp_23_1_11_cast_i_i = sext i30 %tmp_23_1_11_i_i to i31" [MathieuHelpMe/Classifier.cpp:69->MathieuHelpMe/Classifier.cpp:136]   --->   Operation 793 'sext' 'tmp_23_1_11_cast_i_i' <Predicate = (!exitcond4_i_i)> <Delay = 0.00>
ST_5 : Operation 794 [1/1] (0.00ns)   --->   "%tmp_23_1_12_i_i = call i30 @_ssdm_op_BitConcatenate.i30.i16.i14(i16 %r_V_135_12_i_i, i14 0)" [MathieuHelpMe/Classifier.cpp:72->MathieuHelpMe/Classifier.cpp:136]   --->   Operation 794 'bitconcatenate' 'tmp_23_1_12_i_i' <Predicate = (!exitcond4_i_i)> <Delay = 0.00>
ST_5 : Operation 795 [1/1] (0.00ns)   --->   "%tmp_23_1_12_cast_i_i = sext i30 %tmp_23_1_12_i_i to i31" [MathieuHelpMe/Classifier.cpp:69->MathieuHelpMe/Classifier.cpp:136]   --->   Operation 795 'sext' 'tmp_23_1_12_cast_i_i' <Predicate = (!exitcond4_i_i)> <Delay = 0.00>
ST_5 : Operation 796 [1/1] (0.00ns)   --->   "%tmp_23_1_13_i_i = call i30 @_ssdm_op_BitConcatenate.i30.i16.i14(i16 %r_V_135_13_i_i, i14 0)" [MathieuHelpMe/Classifier.cpp:72->MathieuHelpMe/Classifier.cpp:136]   --->   Operation 796 'bitconcatenate' 'tmp_23_1_13_i_i' <Predicate = (!exitcond4_i_i)> <Delay = 0.00>
ST_5 : Operation 797 [1/1] (0.00ns)   --->   "%tmp_23_1_13_cast_i_i = sext i30 %tmp_23_1_13_i_i to i31" [MathieuHelpMe/Classifier.cpp:69->MathieuHelpMe/Classifier.cpp:136]   --->   Operation 797 'sext' 'tmp_23_1_13_cast_i_i' <Predicate = (!exitcond4_i_i)> <Delay = 0.00>
ST_5 : Operation 798 [1/1] (0.00ns)   --->   "%tmp_23_1_14_i_i = call i30 @_ssdm_op_BitConcatenate.i30.i16.i14(i16 %r_V_135_14_i_i, i14 0)" [MathieuHelpMe/Classifier.cpp:72->MathieuHelpMe/Classifier.cpp:136]   --->   Operation 798 'bitconcatenate' 'tmp_23_1_14_i_i' <Predicate = (!exitcond4_i_i)> <Delay = 0.00>
ST_5 : Operation 799 [1/1] (0.00ns)   --->   "%tmp_23_1_14_cast_i_i = sext i30 %tmp_23_1_14_i_i to i31" [MathieuHelpMe/Classifier.cpp:72->MathieuHelpMe/Classifier.cpp:136]   --->   Operation 799 'sext' 'tmp_23_1_14_cast_i_i' <Predicate = (!exitcond4_i_i)> <Delay = 0.00>
ST_5 : Operation 800 [1/1] (0.00ns)   --->   "%tmp_23_2_i_i = call i30 @_ssdm_op_BitConcatenate.i30.i16.i14(i16 %r_V_2_i_i, i14 0)" [MathieuHelpMe/Classifier.cpp:72->MathieuHelpMe/Classifier.cpp:136]   --->   Operation 800 'bitconcatenate' 'tmp_23_2_i_i' <Predicate = (!exitcond4_i_i)> <Delay = 0.00>
ST_5 : Operation 801 [1/1] (0.00ns)   --->   "%tmp_23_2_cast_i_i_ca = sext i30 %tmp_23_2_i_i to i31" [MathieuHelpMe/Classifier.cpp:69->MathieuHelpMe/Classifier.cpp:136]   --->   Operation 801 'sext' 'tmp_23_2_cast_i_i_ca' <Predicate = (!exitcond4_i_i)> <Delay = 0.00>
ST_5 : Operation 802 [1/1] (0.00ns)   --->   "%tmp_23_2_1_i_i = call i30 @_ssdm_op_BitConcatenate.i30.i16.i14(i16 %r_V_2_1_i_i, i14 0)" [MathieuHelpMe/Classifier.cpp:72->MathieuHelpMe/Classifier.cpp:136]   --->   Operation 802 'bitconcatenate' 'tmp_23_2_1_i_i' <Predicate = (!exitcond4_i_i)> <Delay = 0.00>
ST_5 : Operation 803 [1/1] (0.00ns)   --->   "%tmp_23_2_1_cast_i_i_s = sext i30 %tmp_23_2_1_i_i to i31" [MathieuHelpMe/Classifier.cpp:69->MathieuHelpMe/Classifier.cpp:136]   --->   Operation 803 'sext' 'tmp_23_2_1_cast_i_i_s' <Predicate = (!exitcond4_i_i)> <Delay = 0.00>
ST_5 : Operation 804 [1/1] (0.00ns)   --->   "%tmp_23_2_2_i_i = call i30 @_ssdm_op_BitConcatenate.i30.i16.i14(i16 %r_V_2_2_i_i, i14 0)" [MathieuHelpMe/Classifier.cpp:72->MathieuHelpMe/Classifier.cpp:136]   --->   Operation 804 'bitconcatenate' 'tmp_23_2_2_i_i' <Predicate = (!exitcond4_i_i)> <Delay = 0.00>
ST_5 : Operation 805 [1/1] (0.00ns)   --->   "%tmp_23_2_2_cast_i_i_s = sext i30 %tmp_23_2_2_i_i to i31" [MathieuHelpMe/Classifier.cpp:69->MathieuHelpMe/Classifier.cpp:136]   --->   Operation 805 'sext' 'tmp_23_2_2_cast_i_i_s' <Predicate = (!exitcond4_i_i)> <Delay = 0.00>
ST_5 : Operation 806 [1/1] (0.00ns)   --->   "%tmp_23_2_3_i_i = call i30 @_ssdm_op_BitConcatenate.i30.i16.i14(i16 %r_V_2_3_i_i, i14 0)" [MathieuHelpMe/Classifier.cpp:72->MathieuHelpMe/Classifier.cpp:136]   --->   Operation 806 'bitconcatenate' 'tmp_23_2_3_i_i' <Predicate = (!exitcond4_i_i)> <Delay = 0.00>
ST_5 : Operation 807 [1/1] (0.00ns)   --->   "%tmp_23_2_3_cast_i_i_s = sext i30 %tmp_23_2_3_i_i to i31" [MathieuHelpMe/Classifier.cpp:69->MathieuHelpMe/Classifier.cpp:136]   --->   Operation 807 'sext' 'tmp_23_2_3_cast_i_i_s' <Predicate = (!exitcond4_i_i)> <Delay = 0.00>
ST_5 : Operation 808 [1/1] (0.00ns)   --->   "%tmp_23_2_4_i_i = call i30 @_ssdm_op_BitConcatenate.i30.i16.i14(i16 %r_V_2_4_i_i, i14 0)" [MathieuHelpMe/Classifier.cpp:72->MathieuHelpMe/Classifier.cpp:136]   --->   Operation 808 'bitconcatenate' 'tmp_23_2_4_i_i' <Predicate = (!exitcond4_i_i)> <Delay = 0.00>
ST_5 : Operation 809 [1/1] (0.00ns)   --->   "%tmp_23_2_4_cast_i_i_s = sext i30 %tmp_23_2_4_i_i to i31" [MathieuHelpMe/Classifier.cpp:69->MathieuHelpMe/Classifier.cpp:136]   --->   Operation 809 'sext' 'tmp_23_2_4_cast_i_i_s' <Predicate = (!exitcond4_i_i)> <Delay = 0.00>
ST_5 : Operation 810 [1/1] (0.00ns)   --->   "%tmp_23_2_5_i_i = call i30 @_ssdm_op_BitConcatenate.i30.i16.i14(i16 %r_V_2_5_i_i, i14 0)" [MathieuHelpMe/Classifier.cpp:72->MathieuHelpMe/Classifier.cpp:136]   --->   Operation 810 'bitconcatenate' 'tmp_23_2_5_i_i' <Predicate = (!exitcond4_i_i)> <Delay = 0.00>
ST_5 : Operation 811 [1/1] (0.00ns)   --->   "%tmp_23_2_5_cast_i_i_s = sext i30 %tmp_23_2_5_i_i to i31" [MathieuHelpMe/Classifier.cpp:69->MathieuHelpMe/Classifier.cpp:136]   --->   Operation 811 'sext' 'tmp_23_2_5_cast_i_i_s' <Predicate = (!exitcond4_i_i)> <Delay = 0.00>
ST_5 : Operation 812 [1/1] (0.00ns)   --->   "%tmp_23_2_6_i_i = call i30 @_ssdm_op_BitConcatenate.i30.i16.i14(i16 %r_V_2_6_i_i, i14 0)" [MathieuHelpMe/Classifier.cpp:72->MathieuHelpMe/Classifier.cpp:136]   --->   Operation 812 'bitconcatenate' 'tmp_23_2_6_i_i' <Predicate = (!exitcond4_i_i)> <Delay = 0.00>
ST_5 : Operation 813 [1/1] (0.00ns)   --->   "%tmp_23_2_6_cast_i_i_s = sext i30 %tmp_23_2_6_i_i to i31" [MathieuHelpMe/Classifier.cpp:69->MathieuHelpMe/Classifier.cpp:136]   --->   Operation 813 'sext' 'tmp_23_2_6_cast_i_i_s' <Predicate = (!exitcond4_i_i)> <Delay = 0.00>
ST_5 : Operation 814 [1/1] (0.00ns)   --->   "%tmp_23_2_7_i_i = call i30 @_ssdm_op_BitConcatenate.i30.i16.i14(i16 %r_V_2_7_i_i, i14 0)" [MathieuHelpMe/Classifier.cpp:72->MathieuHelpMe/Classifier.cpp:136]   --->   Operation 814 'bitconcatenate' 'tmp_23_2_7_i_i' <Predicate = (!exitcond4_i_i)> <Delay = 0.00>
ST_5 : Operation 815 [1/1] (0.00ns)   --->   "%tmp_23_2_7_cast_i_i_s = sext i30 %tmp_23_2_7_i_i to i31" [MathieuHelpMe/Classifier.cpp:69->MathieuHelpMe/Classifier.cpp:136]   --->   Operation 815 'sext' 'tmp_23_2_7_cast_i_i_s' <Predicate = (!exitcond4_i_i)> <Delay = 0.00>
ST_5 : Operation 816 [1/1] (0.00ns)   --->   "%tmp_23_2_8_i_i = call i30 @_ssdm_op_BitConcatenate.i30.i16.i14(i16 %r_V_2_8_i_i, i14 0)" [MathieuHelpMe/Classifier.cpp:72->MathieuHelpMe/Classifier.cpp:136]   --->   Operation 816 'bitconcatenate' 'tmp_23_2_8_i_i' <Predicate = (!exitcond4_i_i)> <Delay = 0.00>
ST_5 : Operation 817 [1/1] (0.00ns)   --->   "%tmp_23_2_8_cast_i_i_s = sext i30 %tmp_23_2_8_i_i to i31" [MathieuHelpMe/Classifier.cpp:69->MathieuHelpMe/Classifier.cpp:136]   --->   Operation 817 'sext' 'tmp_23_2_8_cast_i_i_s' <Predicate = (!exitcond4_i_i)> <Delay = 0.00>
ST_5 : Operation 818 [1/1] (0.00ns)   --->   "%tmp_23_2_9_i_i = call i30 @_ssdm_op_BitConcatenate.i30.i16.i14(i16 %r_V_2_9_i_i, i14 0)" [MathieuHelpMe/Classifier.cpp:72->MathieuHelpMe/Classifier.cpp:136]   --->   Operation 818 'bitconcatenate' 'tmp_23_2_9_i_i' <Predicate = (!exitcond4_i_i)> <Delay = 0.00>
ST_5 : Operation 819 [1/1] (0.00ns)   --->   "%tmp_23_2_9_cast_i_i_s = sext i30 %tmp_23_2_9_i_i to i31" [MathieuHelpMe/Classifier.cpp:69->MathieuHelpMe/Classifier.cpp:136]   --->   Operation 819 'sext' 'tmp_23_2_9_cast_i_i_s' <Predicate = (!exitcond4_i_i)> <Delay = 0.00>
ST_5 : Operation 820 [1/1] (0.00ns)   --->   "%tmp_23_2_i_i_41 = call i30 @_ssdm_op_BitConcatenate.i30.i16.i14(i16 %r_V_2_i_i_40, i14 0)" [MathieuHelpMe/Classifier.cpp:72->MathieuHelpMe/Classifier.cpp:136]   --->   Operation 820 'bitconcatenate' 'tmp_23_2_i_i_41' <Predicate = (!exitcond4_i_i)> <Delay = 0.00>
ST_5 : Operation 821 [1/1] (0.00ns)   --->   "%tmp_23_2_cast_i_i_c = sext i30 %tmp_23_2_i_i_41 to i31" [MathieuHelpMe/Classifier.cpp:69->MathieuHelpMe/Classifier.cpp:136]   --->   Operation 821 'sext' 'tmp_23_2_cast_i_i_c' <Predicate = (!exitcond4_i_i)> <Delay = 0.00>
ST_5 : Operation 822 [1/1] (0.00ns)   --->   "%tmp_23_2_10_i_i = call i30 @_ssdm_op_BitConcatenate.i30.i16.i14(i16 %r_V_2_10_i_i, i14 0)" [MathieuHelpMe/Classifier.cpp:72->MathieuHelpMe/Classifier.cpp:136]   --->   Operation 822 'bitconcatenate' 'tmp_23_2_10_i_i' <Predicate = (!exitcond4_i_i)> <Delay = 0.00>
ST_5 : Operation 823 [1/1] (0.00ns)   --->   "%tmp_23_2_10_cast_i_i = sext i30 %tmp_23_2_10_i_i to i31" [MathieuHelpMe/Classifier.cpp:69->MathieuHelpMe/Classifier.cpp:136]   --->   Operation 823 'sext' 'tmp_23_2_10_cast_i_i' <Predicate = (!exitcond4_i_i)> <Delay = 0.00>
ST_5 : Operation 824 [1/1] (0.00ns)   --->   "%tmp_23_2_11_i_i = call i30 @_ssdm_op_BitConcatenate.i30.i16.i14(i16 %r_V_2_11_i_i, i14 0)" [MathieuHelpMe/Classifier.cpp:72->MathieuHelpMe/Classifier.cpp:136]   --->   Operation 824 'bitconcatenate' 'tmp_23_2_11_i_i' <Predicate = (!exitcond4_i_i)> <Delay = 0.00>
ST_5 : Operation 825 [1/1] (0.00ns)   --->   "%tmp_23_2_11_cast_i_i = sext i30 %tmp_23_2_11_i_i to i31" [MathieuHelpMe/Classifier.cpp:69->MathieuHelpMe/Classifier.cpp:136]   --->   Operation 825 'sext' 'tmp_23_2_11_cast_i_i' <Predicate = (!exitcond4_i_i)> <Delay = 0.00>
ST_5 : Operation 826 [1/1] (0.00ns)   --->   "%tmp_23_2_12_i_i = call i30 @_ssdm_op_BitConcatenate.i30.i16.i14(i16 %r_V_2_12_i_i, i14 0)" [MathieuHelpMe/Classifier.cpp:72->MathieuHelpMe/Classifier.cpp:136]   --->   Operation 826 'bitconcatenate' 'tmp_23_2_12_i_i' <Predicate = (!exitcond4_i_i)> <Delay = 0.00>
ST_5 : Operation 827 [1/1] (0.00ns)   --->   "%tmp_23_2_12_cast_i_i = sext i30 %tmp_23_2_12_i_i to i31" [MathieuHelpMe/Classifier.cpp:69->MathieuHelpMe/Classifier.cpp:136]   --->   Operation 827 'sext' 'tmp_23_2_12_cast_i_i' <Predicate = (!exitcond4_i_i)> <Delay = 0.00>
ST_5 : Operation 828 [1/1] (0.00ns)   --->   "%tmp_23_2_13_i_i = call i30 @_ssdm_op_BitConcatenate.i30.i16.i14(i16 %r_V_2_13_i_i, i14 0)" [MathieuHelpMe/Classifier.cpp:72->MathieuHelpMe/Classifier.cpp:136]   --->   Operation 828 'bitconcatenate' 'tmp_23_2_13_i_i' <Predicate = (!exitcond4_i_i)> <Delay = 0.00>
ST_5 : Operation 829 [1/1] (0.00ns)   --->   "%tmp_23_2_13_cast_i_i = sext i30 %tmp_23_2_13_i_i to i31" [MathieuHelpMe/Classifier.cpp:69->MathieuHelpMe/Classifier.cpp:136]   --->   Operation 829 'sext' 'tmp_23_2_13_cast_i_i' <Predicate = (!exitcond4_i_i)> <Delay = 0.00>
ST_5 : Operation 830 [1/1] (0.00ns)   --->   "%tmp_23_2_14_i_i = call i30 @_ssdm_op_BitConcatenate.i30.i16.i14(i16 %r_V_2_14_i_i, i14 0)" [MathieuHelpMe/Classifier.cpp:72->MathieuHelpMe/Classifier.cpp:136]   --->   Operation 830 'bitconcatenate' 'tmp_23_2_14_i_i' <Predicate = (!exitcond4_i_i)> <Delay = 0.00>
ST_5 : Operation 831 [1/1] (0.00ns)   --->   "%tmp_23_2_14_cast_i_i = sext i30 %tmp_23_2_14_i_i to i31" [MathieuHelpMe/Classifier.cpp:72->MathieuHelpMe/Classifier.cpp:136]   --->   Operation 831 'sext' 'tmp_23_2_14_cast_i_i' <Predicate = (!exitcond4_i_i)> <Delay = 0.00>
ST_5 : Operation 832 [1/1] (0.00ns)   --->   "%tmp_23_3_i_i = call i30 @_ssdm_op_BitConcatenate.i30.i16.i14(i16 %r_V_3_i_i, i14 0)" [MathieuHelpMe/Classifier.cpp:72->MathieuHelpMe/Classifier.cpp:136]   --->   Operation 832 'bitconcatenate' 'tmp_23_3_i_i' <Predicate = (!exitcond4_i_i)> <Delay = 0.00>
ST_5 : Operation 833 [1/1] (0.00ns)   --->   "%tmp_23_3_cast_i_i_ca = sext i30 %tmp_23_3_i_i to i31" [MathieuHelpMe/Classifier.cpp:69->MathieuHelpMe/Classifier.cpp:136]   --->   Operation 833 'sext' 'tmp_23_3_cast_i_i_ca' <Predicate = (!exitcond4_i_i)> <Delay = 0.00>
ST_5 : Operation 834 [1/1] (0.00ns)   --->   "%tmp_23_3_1_i_i = call i30 @_ssdm_op_BitConcatenate.i30.i16.i14(i16 %r_V_3_1_i_i, i14 0)" [MathieuHelpMe/Classifier.cpp:72->MathieuHelpMe/Classifier.cpp:136]   --->   Operation 834 'bitconcatenate' 'tmp_23_3_1_i_i' <Predicate = (!exitcond4_i_i)> <Delay = 0.00>
ST_5 : Operation 835 [1/1] (0.00ns)   --->   "%tmp_23_3_1_cast_i_i_s = sext i30 %tmp_23_3_1_i_i to i31" [MathieuHelpMe/Classifier.cpp:69->MathieuHelpMe/Classifier.cpp:136]   --->   Operation 835 'sext' 'tmp_23_3_1_cast_i_i_s' <Predicate = (!exitcond4_i_i)> <Delay = 0.00>
ST_5 : Operation 836 [1/1] (0.00ns)   --->   "%tmp_23_3_2_i_i = call i30 @_ssdm_op_BitConcatenate.i30.i16.i14(i16 %r_V_3_2_i_i, i14 0)" [MathieuHelpMe/Classifier.cpp:72->MathieuHelpMe/Classifier.cpp:136]   --->   Operation 836 'bitconcatenate' 'tmp_23_3_2_i_i' <Predicate = (!exitcond4_i_i)> <Delay = 0.00>
ST_5 : Operation 837 [1/1] (0.00ns)   --->   "%tmp_23_3_2_cast_i_i_s = sext i30 %tmp_23_3_2_i_i to i31" [MathieuHelpMe/Classifier.cpp:69->MathieuHelpMe/Classifier.cpp:136]   --->   Operation 837 'sext' 'tmp_23_3_2_cast_i_i_s' <Predicate = (!exitcond4_i_i)> <Delay = 0.00>
ST_5 : Operation 838 [1/1] (0.00ns)   --->   "%tmp_23_3_3_i_i = call i30 @_ssdm_op_BitConcatenate.i30.i16.i14(i16 %r_V_3_3_i_i, i14 0)" [MathieuHelpMe/Classifier.cpp:72->MathieuHelpMe/Classifier.cpp:136]   --->   Operation 838 'bitconcatenate' 'tmp_23_3_3_i_i' <Predicate = (!exitcond4_i_i)> <Delay = 0.00>
ST_5 : Operation 839 [1/1] (0.00ns)   --->   "%tmp_23_3_3_cast_i_i_s = sext i30 %tmp_23_3_3_i_i to i31" [MathieuHelpMe/Classifier.cpp:69->MathieuHelpMe/Classifier.cpp:136]   --->   Operation 839 'sext' 'tmp_23_3_3_cast_i_i_s' <Predicate = (!exitcond4_i_i)> <Delay = 0.00>
ST_5 : Operation 840 [1/1] (0.00ns)   --->   "%tmp_23_3_4_i_i = call i30 @_ssdm_op_BitConcatenate.i30.i16.i14(i16 %r_V_3_4_i_i, i14 0)" [MathieuHelpMe/Classifier.cpp:72->MathieuHelpMe/Classifier.cpp:136]   --->   Operation 840 'bitconcatenate' 'tmp_23_3_4_i_i' <Predicate = (!exitcond4_i_i)> <Delay = 0.00>
ST_5 : Operation 841 [1/1] (0.00ns)   --->   "%tmp_23_3_4_cast_i_i_s = sext i30 %tmp_23_3_4_i_i to i31" [MathieuHelpMe/Classifier.cpp:69->MathieuHelpMe/Classifier.cpp:136]   --->   Operation 841 'sext' 'tmp_23_3_4_cast_i_i_s' <Predicate = (!exitcond4_i_i)> <Delay = 0.00>
ST_5 : Operation 842 [1/1] (0.00ns)   --->   "%tmp_23_3_5_i_i = call i30 @_ssdm_op_BitConcatenate.i30.i16.i14(i16 %r_V_3_5_i_i, i14 0)" [MathieuHelpMe/Classifier.cpp:72->MathieuHelpMe/Classifier.cpp:136]   --->   Operation 842 'bitconcatenate' 'tmp_23_3_5_i_i' <Predicate = (!exitcond4_i_i)> <Delay = 0.00>
ST_5 : Operation 843 [1/1] (0.00ns)   --->   "%tmp_23_3_5_cast_i_i_s = sext i30 %tmp_23_3_5_i_i to i31" [MathieuHelpMe/Classifier.cpp:69->MathieuHelpMe/Classifier.cpp:136]   --->   Operation 843 'sext' 'tmp_23_3_5_cast_i_i_s' <Predicate = (!exitcond4_i_i)> <Delay = 0.00>
ST_5 : Operation 844 [1/1] (0.00ns)   --->   "%tmp_23_3_6_i_i = call i30 @_ssdm_op_BitConcatenate.i30.i16.i14(i16 %r_V_3_6_i_i, i14 0)" [MathieuHelpMe/Classifier.cpp:72->MathieuHelpMe/Classifier.cpp:136]   --->   Operation 844 'bitconcatenate' 'tmp_23_3_6_i_i' <Predicate = (!exitcond4_i_i)> <Delay = 0.00>
ST_5 : Operation 845 [1/1] (0.00ns)   --->   "%tmp_23_3_6_cast_i_i_s = sext i30 %tmp_23_3_6_i_i to i31" [MathieuHelpMe/Classifier.cpp:69->MathieuHelpMe/Classifier.cpp:136]   --->   Operation 845 'sext' 'tmp_23_3_6_cast_i_i_s' <Predicate = (!exitcond4_i_i)> <Delay = 0.00>
ST_5 : Operation 846 [1/1] (0.00ns)   --->   "%tmp_23_3_7_i_i = call i30 @_ssdm_op_BitConcatenate.i30.i16.i14(i16 %r_V_3_7_i_i, i14 0)" [MathieuHelpMe/Classifier.cpp:72->MathieuHelpMe/Classifier.cpp:136]   --->   Operation 846 'bitconcatenate' 'tmp_23_3_7_i_i' <Predicate = (!exitcond4_i_i)> <Delay = 0.00>
ST_5 : Operation 847 [1/1] (0.00ns)   --->   "%tmp_23_3_7_cast_i_i_s = sext i30 %tmp_23_3_7_i_i to i31" [MathieuHelpMe/Classifier.cpp:69->MathieuHelpMe/Classifier.cpp:136]   --->   Operation 847 'sext' 'tmp_23_3_7_cast_i_i_s' <Predicate = (!exitcond4_i_i)> <Delay = 0.00>
ST_5 : Operation 848 [1/1] (0.00ns)   --->   "%tmp_23_3_8_i_i = call i30 @_ssdm_op_BitConcatenate.i30.i16.i14(i16 %r_V_3_8_i_i, i14 0)" [MathieuHelpMe/Classifier.cpp:72->MathieuHelpMe/Classifier.cpp:136]   --->   Operation 848 'bitconcatenate' 'tmp_23_3_8_i_i' <Predicate = (!exitcond4_i_i)> <Delay = 0.00>
ST_5 : Operation 849 [1/1] (0.00ns)   --->   "%tmp_23_3_8_cast_i_i_s = sext i30 %tmp_23_3_8_i_i to i31" [MathieuHelpMe/Classifier.cpp:69->MathieuHelpMe/Classifier.cpp:136]   --->   Operation 849 'sext' 'tmp_23_3_8_cast_i_i_s' <Predicate = (!exitcond4_i_i)> <Delay = 0.00>
ST_5 : Operation 850 [1/1] (0.00ns)   --->   "%tmp_23_3_9_i_i = call i30 @_ssdm_op_BitConcatenate.i30.i16.i14(i16 %r_V_3_9_i_i, i14 0)" [MathieuHelpMe/Classifier.cpp:72->MathieuHelpMe/Classifier.cpp:136]   --->   Operation 850 'bitconcatenate' 'tmp_23_3_9_i_i' <Predicate = (!exitcond4_i_i)> <Delay = 0.00>
ST_5 : Operation 851 [1/1] (0.00ns)   --->   "%tmp_23_3_9_cast_i_i_s = sext i30 %tmp_23_3_9_i_i to i31" [MathieuHelpMe/Classifier.cpp:69->MathieuHelpMe/Classifier.cpp:136]   --->   Operation 851 'sext' 'tmp_23_3_9_cast_i_i_s' <Predicate = (!exitcond4_i_i)> <Delay = 0.00>
ST_5 : Operation 852 [1/1] (0.00ns)   --->   "%tmp_23_3_i_i_44 = call i30 @_ssdm_op_BitConcatenate.i30.i16.i14(i16 %r_V_3_i_i_43, i14 0)" [MathieuHelpMe/Classifier.cpp:72->MathieuHelpMe/Classifier.cpp:136]   --->   Operation 852 'bitconcatenate' 'tmp_23_3_i_i_44' <Predicate = (!exitcond4_i_i)> <Delay = 0.00>
ST_5 : Operation 853 [1/1] (0.00ns)   --->   "%tmp_23_3_cast_i_i_c = sext i30 %tmp_23_3_i_i_44 to i31" [MathieuHelpMe/Classifier.cpp:69->MathieuHelpMe/Classifier.cpp:136]   --->   Operation 853 'sext' 'tmp_23_3_cast_i_i_c' <Predicate = (!exitcond4_i_i)> <Delay = 0.00>
ST_5 : Operation 854 [1/1] (0.00ns)   --->   "%tmp_23_3_10_i_i = call i30 @_ssdm_op_BitConcatenate.i30.i16.i14(i16 %r_V_3_10_i_i, i14 0)" [MathieuHelpMe/Classifier.cpp:72->MathieuHelpMe/Classifier.cpp:136]   --->   Operation 854 'bitconcatenate' 'tmp_23_3_10_i_i' <Predicate = (!exitcond4_i_i)> <Delay = 0.00>
ST_5 : Operation 855 [1/1] (0.00ns)   --->   "%tmp_23_3_10_cast_i_i = sext i30 %tmp_23_3_10_i_i to i31" [MathieuHelpMe/Classifier.cpp:69->MathieuHelpMe/Classifier.cpp:136]   --->   Operation 855 'sext' 'tmp_23_3_10_cast_i_i' <Predicate = (!exitcond4_i_i)> <Delay = 0.00>
ST_5 : Operation 856 [1/1] (0.00ns)   --->   "%tmp_23_3_11_i_i = call i30 @_ssdm_op_BitConcatenate.i30.i16.i14(i16 %r_V_3_11_i_i, i14 0)" [MathieuHelpMe/Classifier.cpp:72->MathieuHelpMe/Classifier.cpp:136]   --->   Operation 856 'bitconcatenate' 'tmp_23_3_11_i_i' <Predicate = (!exitcond4_i_i)> <Delay = 0.00>
ST_5 : Operation 857 [1/1] (0.00ns)   --->   "%tmp_23_3_11_cast_i_i = sext i30 %tmp_23_3_11_i_i to i31" [MathieuHelpMe/Classifier.cpp:69->MathieuHelpMe/Classifier.cpp:136]   --->   Operation 857 'sext' 'tmp_23_3_11_cast_i_i' <Predicate = (!exitcond4_i_i)> <Delay = 0.00>
ST_5 : Operation 858 [1/1] (0.00ns)   --->   "%tmp_23_3_12_i_i = call i30 @_ssdm_op_BitConcatenate.i30.i16.i14(i16 %r_V_3_12_i_i, i14 0)" [MathieuHelpMe/Classifier.cpp:72->MathieuHelpMe/Classifier.cpp:136]   --->   Operation 858 'bitconcatenate' 'tmp_23_3_12_i_i' <Predicate = (!exitcond4_i_i)> <Delay = 0.00>
ST_5 : Operation 859 [1/1] (0.00ns)   --->   "%tmp_23_3_12_cast_i_i = sext i30 %tmp_23_3_12_i_i to i31" [MathieuHelpMe/Classifier.cpp:69->MathieuHelpMe/Classifier.cpp:136]   --->   Operation 859 'sext' 'tmp_23_3_12_cast_i_i' <Predicate = (!exitcond4_i_i)> <Delay = 0.00>
ST_5 : Operation 860 [1/1] (0.00ns)   --->   "%tmp_23_3_13_i_i = call i30 @_ssdm_op_BitConcatenate.i30.i16.i14(i16 %r_V_3_13_i_i, i14 0)" [MathieuHelpMe/Classifier.cpp:72->MathieuHelpMe/Classifier.cpp:136]   --->   Operation 860 'bitconcatenate' 'tmp_23_3_13_i_i' <Predicate = (!exitcond4_i_i)> <Delay = 0.00>
ST_5 : Operation 861 [1/1] (0.00ns)   --->   "%tmp_23_3_13_cast_i_i = sext i30 %tmp_23_3_13_i_i to i31" [MathieuHelpMe/Classifier.cpp:69->MathieuHelpMe/Classifier.cpp:136]   --->   Operation 861 'sext' 'tmp_23_3_13_cast_i_i' <Predicate = (!exitcond4_i_i)> <Delay = 0.00>
ST_5 : Operation 862 [1/1] (0.00ns)   --->   "%tmp_23_3_14_i_i = call i30 @_ssdm_op_BitConcatenate.i30.i16.i14(i16 %r_V_3_14_i_i, i14 0)" [MathieuHelpMe/Classifier.cpp:72->MathieuHelpMe/Classifier.cpp:136]   --->   Operation 862 'bitconcatenate' 'tmp_23_3_14_i_i' <Predicate = (!exitcond4_i_i)> <Delay = 0.00>
ST_5 : Operation 863 [1/1] (0.00ns)   --->   "%tmp_23_3_14_cast_i_i = sext i30 %tmp_23_3_14_i_i to i31" [MathieuHelpMe/Classifier.cpp:72->MathieuHelpMe/Classifier.cpp:136]   --->   Operation 863 'sext' 'tmp_23_3_14_cast_i_i' <Predicate = (!exitcond4_i_i)> <Delay = 0.00>
ST_5 : Operation 864 [1/1] (0.00ns)   --->   "%OP1_V_4_i_i = sext i8 %tmp_80_i_i to i16" [MathieuHelpMe/Classifier.cpp:71->MathieuHelpMe/Classifier.cpp:136]   --->   Operation 864 'sext' 'OP1_V_4_i_i' <Predicate = (!exitcond4_i_i)> <Delay = 0.00>
ST_5 : Operation 865 [1/1] (0.00ns)   --->   "%OP2_V_4_i_i = sext i8 %x_local_4_V_load to i16" [MathieuHelpMe/Classifier.cpp:71->MathieuHelpMe/Classifier.cpp:136]   --->   Operation 865 'sext' 'OP2_V_4_i_i' <Predicate = (!exitcond4_i_i)> <Delay = 0.00>
ST_5 : Operation 866 [1/1] (4.17ns)   --->   "%r_V_4_i_i = mul i16 %OP2_V_4_i_i, %OP1_V_4_i_i" [MathieuHelpMe/Classifier.cpp:71->MathieuHelpMe/Classifier.cpp:136]   --->   Operation 866 'mul' 'r_V_4_i_i' <Predicate = (!exitcond4_i_i)> <Delay = 4.17> <Core = "Mul">   --->   Core 16 'Mul' <Latency = 0> <II = 1> <Delay = 3.74> <FuncUnit> <Opcode : 'mul'> <InPorts = 2> <OutPorts = 1>
ST_5 : Operation 867 [1/1] (0.00ns)   --->   "%tmp_23_4_i_i = call i30 @_ssdm_op_BitConcatenate.i30.i16.i14(i16 %r_V_4_i_i, i14 0)" [MathieuHelpMe/Classifier.cpp:72->MathieuHelpMe/Classifier.cpp:136]   --->   Operation 867 'bitconcatenate' 'tmp_23_4_i_i' <Predicate = (!exitcond4_i_i)> <Delay = 0.00>
ST_5 : Operation 868 [1/1] (0.00ns)   --->   "%tmp_23_4_cast_i_i_ca = sext i30 %tmp_23_4_i_i to i31" [MathieuHelpMe/Classifier.cpp:69->MathieuHelpMe/Classifier.cpp:136]   --->   Operation 868 'sext' 'tmp_23_4_cast_i_i_ca' <Predicate = (!exitcond4_i_i)> <Delay = 0.00>
ST_5 : Operation 869 [1/1] (0.00ns)   --->   "%OP1_V_4_1_i_i = sext i8 %tmp_81_i_i to i16" [MathieuHelpMe/Classifier.cpp:71->MathieuHelpMe/Classifier.cpp:136]   --->   Operation 869 'sext' 'OP1_V_4_1_i_i' <Predicate = (!exitcond4_i_i)> <Delay = 0.00>
ST_5 : Operation 870 [1/1] (4.17ns)   --->   "%r_V_4_1_i_i = mul i16 %OP2_V_4_i_i, %OP1_V_4_1_i_i" [MathieuHelpMe/Classifier.cpp:71->MathieuHelpMe/Classifier.cpp:136]   --->   Operation 870 'mul' 'r_V_4_1_i_i' <Predicate = (!exitcond4_i_i)> <Delay = 4.17> <Core = "Mul">   --->   Core 16 'Mul' <Latency = 0> <II = 1> <Delay = 3.74> <FuncUnit> <Opcode : 'mul'> <InPorts = 2> <OutPorts = 1>
ST_5 : Operation 871 [1/1] (0.00ns)   --->   "%tmp_23_4_1_i_i = call i30 @_ssdm_op_BitConcatenate.i30.i16.i14(i16 %r_V_4_1_i_i, i14 0)" [MathieuHelpMe/Classifier.cpp:72->MathieuHelpMe/Classifier.cpp:136]   --->   Operation 871 'bitconcatenate' 'tmp_23_4_1_i_i' <Predicate = (!exitcond4_i_i)> <Delay = 0.00>
ST_5 : Operation 872 [1/1] (0.00ns)   --->   "%tmp_23_4_1_cast_i_i_s = sext i30 %tmp_23_4_1_i_i to i31" [MathieuHelpMe/Classifier.cpp:69->MathieuHelpMe/Classifier.cpp:136]   --->   Operation 872 'sext' 'tmp_23_4_1_cast_i_i_s' <Predicate = (!exitcond4_i_i)> <Delay = 0.00>
ST_5 : Operation 873 [1/1] (0.00ns)   --->   "%OP1_V_4_2_i_i = sext i8 %tmp_82_i_i to i16" [MathieuHelpMe/Classifier.cpp:71->MathieuHelpMe/Classifier.cpp:136]   --->   Operation 873 'sext' 'OP1_V_4_2_i_i' <Predicate = (!exitcond4_i_i)> <Delay = 0.00>
ST_5 : Operation 874 [1/1] (4.17ns)   --->   "%r_V_4_2_i_i = mul i16 %OP2_V_4_i_i, %OP1_V_4_2_i_i" [MathieuHelpMe/Classifier.cpp:71->MathieuHelpMe/Classifier.cpp:136]   --->   Operation 874 'mul' 'r_V_4_2_i_i' <Predicate = (!exitcond4_i_i)> <Delay = 4.17> <Core = "Mul">   --->   Core 16 'Mul' <Latency = 0> <II = 1> <Delay = 3.74> <FuncUnit> <Opcode : 'mul'> <InPorts = 2> <OutPorts = 1>
ST_5 : Operation 875 [1/1] (0.00ns)   --->   "%tmp_23_4_2_i_i = call i30 @_ssdm_op_BitConcatenate.i30.i16.i14(i16 %r_V_4_2_i_i, i14 0)" [MathieuHelpMe/Classifier.cpp:72->MathieuHelpMe/Classifier.cpp:136]   --->   Operation 875 'bitconcatenate' 'tmp_23_4_2_i_i' <Predicate = (!exitcond4_i_i)> <Delay = 0.00>
ST_5 : Operation 876 [1/1] (0.00ns)   --->   "%tmp_23_4_2_cast_i_i_s = sext i30 %tmp_23_4_2_i_i to i31" [MathieuHelpMe/Classifier.cpp:69->MathieuHelpMe/Classifier.cpp:136]   --->   Operation 876 'sext' 'tmp_23_4_2_cast_i_i_s' <Predicate = (!exitcond4_i_i)> <Delay = 0.00>
ST_5 : Operation 877 [1/1] (0.00ns)   --->   "%OP1_V_4_3_i_i = sext i8 %tmp_83_i_i to i16" [MathieuHelpMe/Classifier.cpp:71->MathieuHelpMe/Classifier.cpp:136]   --->   Operation 877 'sext' 'OP1_V_4_3_i_i' <Predicate = (!exitcond4_i_i)> <Delay = 0.00>
ST_5 : Operation 878 [1/1] (4.17ns)   --->   "%r_V_4_3_i_i = mul i16 %OP2_V_4_i_i, %OP1_V_4_3_i_i" [MathieuHelpMe/Classifier.cpp:71->MathieuHelpMe/Classifier.cpp:136]   --->   Operation 878 'mul' 'r_V_4_3_i_i' <Predicate = (!exitcond4_i_i)> <Delay = 4.17> <Core = "Mul">   --->   Core 16 'Mul' <Latency = 0> <II = 1> <Delay = 3.74> <FuncUnit> <Opcode : 'mul'> <InPorts = 2> <OutPorts = 1>
ST_5 : Operation 879 [1/1] (0.00ns)   --->   "%tmp_23_4_3_i_i = call i30 @_ssdm_op_BitConcatenate.i30.i16.i14(i16 %r_V_4_3_i_i, i14 0)" [MathieuHelpMe/Classifier.cpp:72->MathieuHelpMe/Classifier.cpp:136]   --->   Operation 879 'bitconcatenate' 'tmp_23_4_3_i_i' <Predicate = (!exitcond4_i_i)> <Delay = 0.00>
ST_5 : Operation 880 [1/1] (0.00ns)   --->   "%tmp_23_4_3_cast_i_i_s = sext i30 %tmp_23_4_3_i_i to i31" [MathieuHelpMe/Classifier.cpp:69->MathieuHelpMe/Classifier.cpp:136]   --->   Operation 880 'sext' 'tmp_23_4_3_cast_i_i_s' <Predicate = (!exitcond4_i_i)> <Delay = 0.00>
ST_5 : Operation 881 [1/1] (0.00ns)   --->   "%OP1_V_4_4_i_i = sext i8 %tmp_84_i_i to i16" [MathieuHelpMe/Classifier.cpp:71->MathieuHelpMe/Classifier.cpp:136]   --->   Operation 881 'sext' 'OP1_V_4_4_i_i' <Predicate = (!exitcond4_i_i)> <Delay = 0.00>
ST_5 : Operation 882 [1/1] (4.17ns)   --->   "%r_V_4_4_i_i = mul i16 %OP2_V_4_i_i, %OP1_V_4_4_i_i" [MathieuHelpMe/Classifier.cpp:71->MathieuHelpMe/Classifier.cpp:136]   --->   Operation 882 'mul' 'r_V_4_4_i_i' <Predicate = (!exitcond4_i_i)> <Delay = 4.17> <Core = "Mul">   --->   Core 16 'Mul' <Latency = 0> <II = 1> <Delay = 3.74> <FuncUnit> <Opcode : 'mul'> <InPorts = 2> <OutPorts = 1>
ST_5 : Operation 883 [1/1] (0.00ns)   --->   "%tmp_23_4_4_i_i = call i30 @_ssdm_op_BitConcatenate.i30.i16.i14(i16 %r_V_4_4_i_i, i14 0)" [MathieuHelpMe/Classifier.cpp:72->MathieuHelpMe/Classifier.cpp:136]   --->   Operation 883 'bitconcatenate' 'tmp_23_4_4_i_i' <Predicate = (!exitcond4_i_i)> <Delay = 0.00>
ST_5 : Operation 884 [1/1] (0.00ns)   --->   "%tmp_23_4_4_cast_i_i_s = sext i30 %tmp_23_4_4_i_i to i31" [MathieuHelpMe/Classifier.cpp:69->MathieuHelpMe/Classifier.cpp:136]   --->   Operation 884 'sext' 'tmp_23_4_4_cast_i_i_s' <Predicate = (!exitcond4_i_i)> <Delay = 0.00>
ST_5 : Operation 885 [1/1] (0.00ns)   --->   "%OP1_V_4_5_i_i = sext i8 %tmp_85_i_i to i16" [MathieuHelpMe/Classifier.cpp:71->MathieuHelpMe/Classifier.cpp:136]   --->   Operation 885 'sext' 'OP1_V_4_5_i_i' <Predicate = (!exitcond4_i_i)> <Delay = 0.00>
ST_5 : Operation 886 [1/1] (4.17ns)   --->   "%r_V_4_5_i_i = mul i16 %OP2_V_4_i_i, %OP1_V_4_5_i_i" [MathieuHelpMe/Classifier.cpp:71->MathieuHelpMe/Classifier.cpp:136]   --->   Operation 886 'mul' 'r_V_4_5_i_i' <Predicate = (!exitcond4_i_i)> <Delay = 4.17> <Core = "Mul">   --->   Core 16 'Mul' <Latency = 0> <II = 1> <Delay = 3.74> <FuncUnit> <Opcode : 'mul'> <InPorts = 2> <OutPorts = 1>
ST_5 : Operation 887 [1/1] (0.00ns)   --->   "%tmp_23_4_5_i_i = call i30 @_ssdm_op_BitConcatenate.i30.i16.i14(i16 %r_V_4_5_i_i, i14 0)" [MathieuHelpMe/Classifier.cpp:72->MathieuHelpMe/Classifier.cpp:136]   --->   Operation 887 'bitconcatenate' 'tmp_23_4_5_i_i' <Predicate = (!exitcond4_i_i)> <Delay = 0.00>
ST_5 : Operation 888 [1/1] (0.00ns)   --->   "%tmp_23_4_5_cast_i_i_s = sext i30 %tmp_23_4_5_i_i to i31" [MathieuHelpMe/Classifier.cpp:69->MathieuHelpMe/Classifier.cpp:136]   --->   Operation 888 'sext' 'tmp_23_4_5_cast_i_i_s' <Predicate = (!exitcond4_i_i)> <Delay = 0.00>
ST_5 : Operation 889 [1/1] (0.00ns)   --->   "%OP1_V_4_6_i_i = sext i8 %tmp_86_i_i to i16" [MathieuHelpMe/Classifier.cpp:71->MathieuHelpMe/Classifier.cpp:136]   --->   Operation 889 'sext' 'OP1_V_4_6_i_i' <Predicate = (!exitcond4_i_i)> <Delay = 0.00>
ST_5 : Operation 890 [1/1] (4.17ns)   --->   "%r_V_4_6_i_i = mul i16 %OP2_V_4_i_i, %OP1_V_4_6_i_i" [MathieuHelpMe/Classifier.cpp:71->MathieuHelpMe/Classifier.cpp:136]   --->   Operation 890 'mul' 'r_V_4_6_i_i' <Predicate = (!exitcond4_i_i)> <Delay = 4.17> <Core = "Mul">   --->   Core 16 'Mul' <Latency = 0> <II = 1> <Delay = 3.74> <FuncUnit> <Opcode : 'mul'> <InPorts = 2> <OutPorts = 1>
ST_5 : Operation 891 [1/1] (0.00ns)   --->   "%tmp_23_4_6_i_i = call i30 @_ssdm_op_BitConcatenate.i30.i16.i14(i16 %r_V_4_6_i_i, i14 0)" [MathieuHelpMe/Classifier.cpp:72->MathieuHelpMe/Classifier.cpp:136]   --->   Operation 891 'bitconcatenate' 'tmp_23_4_6_i_i' <Predicate = (!exitcond4_i_i)> <Delay = 0.00>
ST_5 : Operation 892 [1/1] (0.00ns)   --->   "%tmp_23_4_6_cast_i_i_s = sext i30 %tmp_23_4_6_i_i to i31" [MathieuHelpMe/Classifier.cpp:69->MathieuHelpMe/Classifier.cpp:136]   --->   Operation 892 'sext' 'tmp_23_4_6_cast_i_i_s' <Predicate = (!exitcond4_i_i)> <Delay = 0.00>
ST_5 : Operation 893 [1/1] (0.00ns)   --->   "%OP1_V_4_7_i_i = sext i8 %tmp_87_i_i to i16" [MathieuHelpMe/Classifier.cpp:71->MathieuHelpMe/Classifier.cpp:136]   --->   Operation 893 'sext' 'OP1_V_4_7_i_i' <Predicate = (!exitcond4_i_i)> <Delay = 0.00>
ST_5 : Operation 894 [1/1] (4.17ns)   --->   "%r_V_4_7_i_i = mul i16 %OP2_V_4_i_i, %OP1_V_4_7_i_i" [MathieuHelpMe/Classifier.cpp:71->MathieuHelpMe/Classifier.cpp:136]   --->   Operation 894 'mul' 'r_V_4_7_i_i' <Predicate = (!exitcond4_i_i)> <Delay = 4.17> <Core = "Mul">   --->   Core 16 'Mul' <Latency = 0> <II = 1> <Delay = 3.74> <FuncUnit> <Opcode : 'mul'> <InPorts = 2> <OutPorts = 1>
ST_5 : Operation 895 [1/1] (0.00ns)   --->   "%tmp_23_4_7_i_i = call i30 @_ssdm_op_BitConcatenate.i30.i16.i14(i16 %r_V_4_7_i_i, i14 0)" [MathieuHelpMe/Classifier.cpp:72->MathieuHelpMe/Classifier.cpp:136]   --->   Operation 895 'bitconcatenate' 'tmp_23_4_7_i_i' <Predicate = (!exitcond4_i_i)> <Delay = 0.00>
ST_5 : Operation 896 [1/1] (0.00ns)   --->   "%tmp_23_4_7_cast_i_i_s = sext i30 %tmp_23_4_7_i_i to i31" [MathieuHelpMe/Classifier.cpp:69->MathieuHelpMe/Classifier.cpp:136]   --->   Operation 896 'sext' 'tmp_23_4_7_cast_i_i_s' <Predicate = (!exitcond4_i_i)> <Delay = 0.00>
ST_5 : Operation 897 [1/1] (0.00ns)   --->   "%OP1_V_4_8_i_i = sext i8 %tmp_88_i_i to i16" [MathieuHelpMe/Classifier.cpp:71->MathieuHelpMe/Classifier.cpp:136]   --->   Operation 897 'sext' 'OP1_V_4_8_i_i' <Predicate = (!exitcond4_i_i)> <Delay = 0.00>
ST_5 : Operation 898 [1/1] (4.17ns)   --->   "%r_V_4_8_i_i = mul i16 %OP2_V_4_i_i, %OP1_V_4_8_i_i" [MathieuHelpMe/Classifier.cpp:71->MathieuHelpMe/Classifier.cpp:136]   --->   Operation 898 'mul' 'r_V_4_8_i_i' <Predicate = (!exitcond4_i_i)> <Delay = 4.17> <Core = "Mul">   --->   Core 16 'Mul' <Latency = 0> <II = 1> <Delay = 3.74> <FuncUnit> <Opcode : 'mul'> <InPorts = 2> <OutPorts = 1>
ST_5 : Operation 899 [1/1] (0.00ns)   --->   "%tmp_23_4_8_i_i = call i30 @_ssdm_op_BitConcatenate.i30.i16.i14(i16 %r_V_4_8_i_i, i14 0)" [MathieuHelpMe/Classifier.cpp:72->MathieuHelpMe/Classifier.cpp:136]   --->   Operation 899 'bitconcatenate' 'tmp_23_4_8_i_i' <Predicate = (!exitcond4_i_i)> <Delay = 0.00>
ST_5 : Operation 900 [1/1] (0.00ns)   --->   "%tmp_23_4_8_cast_i_i_s = sext i30 %tmp_23_4_8_i_i to i31" [MathieuHelpMe/Classifier.cpp:69->MathieuHelpMe/Classifier.cpp:136]   --->   Operation 900 'sext' 'tmp_23_4_8_cast_i_i_s' <Predicate = (!exitcond4_i_i)> <Delay = 0.00>
ST_5 : Operation 901 [1/1] (0.00ns)   --->   "%OP1_V_4_9_i_i = sext i8 %tmp_89_i_i to i16" [MathieuHelpMe/Classifier.cpp:71->MathieuHelpMe/Classifier.cpp:136]   --->   Operation 901 'sext' 'OP1_V_4_9_i_i' <Predicate = (!exitcond4_i_i)> <Delay = 0.00>
ST_5 : Operation 902 [1/1] (4.17ns)   --->   "%r_V_4_9_i_i = mul i16 %OP2_V_4_i_i, %OP1_V_4_9_i_i" [MathieuHelpMe/Classifier.cpp:71->MathieuHelpMe/Classifier.cpp:136]   --->   Operation 902 'mul' 'r_V_4_9_i_i' <Predicate = (!exitcond4_i_i)> <Delay = 4.17> <Core = "Mul">   --->   Core 16 'Mul' <Latency = 0> <II = 1> <Delay = 3.74> <FuncUnit> <Opcode : 'mul'> <InPorts = 2> <OutPorts = 1>
ST_5 : Operation 903 [1/1] (0.00ns)   --->   "%tmp_23_4_9_i_i = call i30 @_ssdm_op_BitConcatenate.i30.i16.i14(i16 %r_V_4_9_i_i, i14 0)" [MathieuHelpMe/Classifier.cpp:72->MathieuHelpMe/Classifier.cpp:136]   --->   Operation 903 'bitconcatenate' 'tmp_23_4_9_i_i' <Predicate = (!exitcond4_i_i)> <Delay = 0.00>
ST_5 : Operation 904 [1/1] (0.00ns)   --->   "%tmp_23_4_9_cast_i_i_s = sext i30 %tmp_23_4_9_i_i to i31" [MathieuHelpMe/Classifier.cpp:69->MathieuHelpMe/Classifier.cpp:136]   --->   Operation 904 'sext' 'tmp_23_4_9_cast_i_i_s' <Predicate = (!exitcond4_i_i)> <Delay = 0.00>
ST_5 : Operation 905 [1/1] (0.00ns)   --->   "%OP1_V_4_i_i_45 = sext i8 %tmp_90_i_i to i16" [MathieuHelpMe/Classifier.cpp:71->MathieuHelpMe/Classifier.cpp:136]   --->   Operation 905 'sext' 'OP1_V_4_i_i_45' <Predicate = (!exitcond4_i_i)> <Delay = 0.00>
ST_5 : Operation 906 [1/1] (4.17ns)   --->   "%r_V_4_i_i_46 = mul i16 %OP2_V_4_i_i, %OP1_V_4_i_i_45" [MathieuHelpMe/Classifier.cpp:71->MathieuHelpMe/Classifier.cpp:136]   --->   Operation 906 'mul' 'r_V_4_i_i_46' <Predicate = (!exitcond4_i_i)> <Delay = 4.17> <Core = "Mul">   --->   Core 16 'Mul' <Latency = 0> <II = 1> <Delay = 3.74> <FuncUnit> <Opcode : 'mul'> <InPorts = 2> <OutPorts = 1>
ST_5 : Operation 907 [1/1] (0.00ns)   --->   "%tmp_23_4_i_i_47 = call i30 @_ssdm_op_BitConcatenate.i30.i16.i14(i16 %r_V_4_i_i_46, i14 0)" [MathieuHelpMe/Classifier.cpp:72->MathieuHelpMe/Classifier.cpp:136]   --->   Operation 907 'bitconcatenate' 'tmp_23_4_i_i_47' <Predicate = (!exitcond4_i_i)> <Delay = 0.00>
ST_5 : Operation 908 [1/1] (0.00ns)   --->   "%tmp_23_4_cast_i_i_c = sext i30 %tmp_23_4_i_i_47 to i31" [MathieuHelpMe/Classifier.cpp:69->MathieuHelpMe/Classifier.cpp:136]   --->   Operation 908 'sext' 'tmp_23_4_cast_i_i_c' <Predicate = (!exitcond4_i_i)> <Delay = 0.00>
ST_5 : Operation 909 [1/1] (0.00ns)   --->   "%OP1_V_4_10_i_i = sext i8 %tmp_91_i_i to i16" [MathieuHelpMe/Classifier.cpp:71->MathieuHelpMe/Classifier.cpp:136]   --->   Operation 909 'sext' 'OP1_V_4_10_i_i' <Predicate = (!exitcond4_i_i)> <Delay = 0.00>
ST_5 : Operation 910 [1/1] (4.17ns)   --->   "%r_V_4_10_i_i = mul i16 %OP2_V_4_i_i, %OP1_V_4_10_i_i" [MathieuHelpMe/Classifier.cpp:71->MathieuHelpMe/Classifier.cpp:136]   --->   Operation 910 'mul' 'r_V_4_10_i_i' <Predicate = (!exitcond4_i_i)> <Delay = 4.17> <Core = "Mul">   --->   Core 16 'Mul' <Latency = 0> <II = 1> <Delay = 3.74> <FuncUnit> <Opcode : 'mul'> <InPorts = 2> <OutPorts = 1>
ST_5 : Operation 911 [1/1] (0.00ns)   --->   "%tmp_23_4_10_i_i = call i30 @_ssdm_op_BitConcatenate.i30.i16.i14(i16 %r_V_4_10_i_i, i14 0)" [MathieuHelpMe/Classifier.cpp:72->MathieuHelpMe/Classifier.cpp:136]   --->   Operation 911 'bitconcatenate' 'tmp_23_4_10_i_i' <Predicate = (!exitcond4_i_i)> <Delay = 0.00>
ST_5 : Operation 912 [1/1] (0.00ns)   --->   "%tmp_23_4_10_cast_i_i = sext i30 %tmp_23_4_10_i_i to i31" [MathieuHelpMe/Classifier.cpp:69->MathieuHelpMe/Classifier.cpp:136]   --->   Operation 912 'sext' 'tmp_23_4_10_cast_i_i' <Predicate = (!exitcond4_i_i)> <Delay = 0.00>
ST_5 : Operation 913 [1/1] (0.00ns)   --->   "%OP1_V_4_11_i_i = sext i8 %tmp_92_i_i to i16" [MathieuHelpMe/Classifier.cpp:71->MathieuHelpMe/Classifier.cpp:136]   --->   Operation 913 'sext' 'OP1_V_4_11_i_i' <Predicate = (!exitcond4_i_i)> <Delay = 0.00>
ST_5 : Operation 914 [1/1] (4.17ns)   --->   "%r_V_4_11_i_i = mul i16 %OP2_V_4_i_i, %OP1_V_4_11_i_i" [MathieuHelpMe/Classifier.cpp:71->MathieuHelpMe/Classifier.cpp:136]   --->   Operation 914 'mul' 'r_V_4_11_i_i' <Predicate = (!exitcond4_i_i)> <Delay = 4.17> <Core = "Mul">   --->   Core 16 'Mul' <Latency = 0> <II = 1> <Delay = 3.74> <FuncUnit> <Opcode : 'mul'> <InPorts = 2> <OutPorts = 1>
ST_5 : Operation 915 [1/1] (0.00ns)   --->   "%tmp_23_4_11_i_i = call i30 @_ssdm_op_BitConcatenate.i30.i16.i14(i16 %r_V_4_11_i_i, i14 0)" [MathieuHelpMe/Classifier.cpp:72->MathieuHelpMe/Classifier.cpp:136]   --->   Operation 915 'bitconcatenate' 'tmp_23_4_11_i_i' <Predicate = (!exitcond4_i_i)> <Delay = 0.00>
ST_5 : Operation 916 [1/1] (0.00ns)   --->   "%tmp_23_4_11_cast_i_i = sext i30 %tmp_23_4_11_i_i to i31" [MathieuHelpMe/Classifier.cpp:69->MathieuHelpMe/Classifier.cpp:136]   --->   Operation 916 'sext' 'tmp_23_4_11_cast_i_i' <Predicate = (!exitcond4_i_i)> <Delay = 0.00>
ST_5 : Operation 917 [1/1] (0.00ns)   --->   "%OP1_V_4_12_i_i = sext i8 %tmp_93_i_i to i16" [MathieuHelpMe/Classifier.cpp:71->MathieuHelpMe/Classifier.cpp:136]   --->   Operation 917 'sext' 'OP1_V_4_12_i_i' <Predicate = (!exitcond4_i_i)> <Delay = 0.00>
ST_5 : Operation 918 [1/1] (4.17ns)   --->   "%r_V_4_12_i_i = mul i16 %OP2_V_4_i_i, %OP1_V_4_12_i_i" [MathieuHelpMe/Classifier.cpp:71->MathieuHelpMe/Classifier.cpp:136]   --->   Operation 918 'mul' 'r_V_4_12_i_i' <Predicate = (!exitcond4_i_i)> <Delay = 4.17> <Core = "Mul">   --->   Core 16 'Mul' <Latency = 0> <II = 1> <Delay = 3.74> <FuncUnit> <Opcode : 'mul'> <InPorts = 2> <OutPorts = 1>
ST_5 : Operation 919 [1/1] (0.00ns)   --->   "%tmp_23_4_12_i_i = call i30 @_ssdm_op_BitConcatenate.i30.i16.i14(i16 %r_V_4_12_i_i, i14 0)" [MathieuHelpMe/Classifier.cpp:72->MathieuHelpMe/Classifier.cpp:136]   --->   Operation 919 'bitconcatenate' 'tmp_23_4_12_i_i' <Predicate = (!exitcond4_i_i)> <Delay = 0.00>
ST_5 : Operation 920 [1/1] (0.00ns)   --->   "%tmp_23_4_12_cast_i_i = sext i30 %tmp_23_4_12_i_i to i31" [MathieuHelpMe/Classifier.cpp:69->MathieuHelpMe/Classifier.cpp:136]   --->   Operation 920 'sext' 'tmp_23_4_12_cast_i_i' <Predicate = (!exitcond4_i_i)> <Delay = 0.00>
ST_5 : Operation 921 [1/1] (0.00ns)   --->   "%OP1_V_4_13_i_i = sext i8 %tmp_94_i_i to i16" [MathieuHelpMe/Classifier.cpp:71->MathieuHelpMe/Classifier.cpp:136]   --->   Operation 921 'sext' 'OP1_V_4_13_i_i' <Predicate = (!exitcond4_i_i)> <Delay = 0.00>
ST_5 : Operation 922 [1/1] (4.17ns)   --->   "%r_V_4_13_i_i = mul i16 %OP2_V_4_i_i, %OP1_V_4_13_i_i" [MathieuHelpMe/Classifier.cpp:71->MathieuHelpMe/Classifier.cpp:136]   --->   Operation 922 'mul' 'r_V_4_13_i_i' <Predicate = (!exitcond4_i_i)> <Delay = 4.17> <Core = "Mul">   --->   Core 16 'Mul' <Latency = 0> <II = 1> <Delay = 3.74> <FuncUnit> <Opcode : 'mul'> <InPorts = 2> <OutPorts = 1>
ST_5 : Operation 923 [1/1] (0.00ns)   --->   "%tmp_23_4_13_i_i = call i30 @_ssdm_op_BitConcatenate.i30.i16.i14(i16 %r_V_4_13_i_i, i14 0)" [MathieuHelpMe/Classifier.cpp:72->MathieuHelpMe/Classifier.cpp:136]   --->   Operation 923 'bitconcatenate' 'tmp_23_4_13_i_i' <Predicate = (!exitcond4_i_i)> <Delay = 0.00>
ST_5 : Operation 924 [1/1] (0.00ns)   --->   "%tmp_23_4_13_cast_i_i = sext i30 %tmp_23_4_13_i_i to i31" [MathieuHelpMe/Classifier.cpp:69->MathieuHelpMe/Classifier.cpp:136]   --->   Operation 924 'sext' 'tmp_23_4_13_cast_i_i' <Predicate = (!exitcond4_i_i)> <Delay = 0.00>
ST_5 : Operation 925 [1/1] (0.00ns)   --->   "%OP1_V_4_14_i_i = sext i8 %tmp_95_i_i to i16" [MathieuHelpMe/Classifier.cpp:71->MathieuHelpMe/Classifier.cpp:136]   --->   Operation 925 'sext' 'OP1_V_4_14_i_i' <Predicate = (!exitcond4_i_i)> <Delay = 0.00>
ST_5 : Operation 926 [1/1] (4.17ns)   --->   "%r_V_4_14_i_i = mul i16 %OP2_V_4_i_i, %OP1_V_4_14_i_i" [MathieuHelpMe/Classifier.cpp:71->MathieuHelpMe/Classifier.cpp:136]   --->   Operation 926 'mul' 'r_V_4_14_i_i' <Predicate = (!exitcond4_i_i)> <Delay = 4.17> <Core = "Mul">   --->   Core 16 'Mul' <Latency = 0> <II = 1> <Delay = 3.74> <FuncUnit> <Opcode : 'mul'> <InPorts = 2> <OutPorts = 1>
ST_5 : Operation 927 [1/1] (0.00ns)   --->   "%tmp_23_4_14_i_i = call i30 @_ssdm_op_BitConcatenate.i30.i16.i14(i16 %r_V_4_14_i_i, i14 0)" [MathieuHelpMe/Classifier.cpp:72->MathieuHelpMe/Classifier.cpp:136]   --->   Operation 927 'bitconcatenate' 'tmp_23_4_14_i_i' <Predicate = (!exitcond4_i_i)> <Delay = 0.00>
ST_5 : Operation 928 [1/1] (0.00ns)   --->   "%tmp_23_4_14_cast_i_i = sext i30 %tmp_23_4_14_i_i to i31" [MathieuHelpMe/Classifier.cpp:72->MathieuHelpMe/Classifier.cpp:136]   --->   Operation 928 'sext' 'tmp_23_4_14_cast_i_i' <Predicate = (!exitcond4_i_i)> <Delay = 0.00>
ST_5 : Operation 929 [1/1] (0.00ns)   --->   "%OP1_V_5_i_i = sext i8 %tmp_96_i_i to i16" [MathieuHelpMe/Classifier.cpp:71->MathieuHelpMe/Classifier.cpp:136]   --->   Operation 929 'sext' 'OP1_V_5_i_i' <Predicate = (!exitcond4_i_i)> <Delay = 0.00>
ST_5 : Operation 930 [1/1] (0.00ns)   --->   "%OP2_V_5_i_i = sext i8 %x_local_5_V_load to i16" [MathieuHelpMe/Classifier.cpp:71->MathieuHelpMe/Classifier.cpp:136]   --->   Operation 930 'sext' 'OP2_V_5_i_i' <Predicate = (!exitcond4_i_i)> <Delay = 0.00>
ST_5 : Operation 931 [1/1] (4.17ns)   --->   "%r_V_5_i_i = mul i16 %OP2_V_5_i_i, %OP1_V_5_i_i" [MathieuHelpMe/Classifier.cpp:71->MathieuHelpMe/Classifier.cpp:136]   --->   Operation 931 'mul' 'r_V_5_i_i' <Predicate = (!exitcond4_i_i)> <Delay = 4.17> <Core = "Mul">   --->   Core 16 'Mul' <Latency = 0> <II = 1> <Delay = 3.74> <FuncUnit> <Opcode : 'mul'> <InPorts = 2> <OutPorts = 1>
ST_5 : Operation 932 [1/1] (0.00ns)   --->   "%tmp_23_5_i_i = call i30 @_ssdm_op_BitConcatenate.i30.i16.i14(i16 %r_V_5_i_i, i14 0)" [MathieuHelpMe/Classifier.cpp:72->MathieuHelpMe/Classifier.cpp:136]   --->   Operation 932 'bitconcatenate' 'tmp_23_5_i_i' <Predicate = (!exitcond4_i_i)> <Delay = 0.00>
ST_5 : Operation 933 [1/1] (0.00ns)   --->   "%tmp_23_5_cast_i_i_ca = sext i30 %tmp_23_5_i_i to i31" [MathieuHelpMe/Classifier.cpp:69->MathieuHelpMe/Classifier.cpp:136]   --->   Operation 933 'sext' 'tmp_23_5_cast_i_i_ca' <Predicate = (!exitcond4_i_i)> <Delay = 0.00>
ST_5 : Operation 934 [1/1] (0.00ns)   --->   "%OP1_V_5_1_i_i = sext i8 %tmp_97_i_i to i16" [MathieuHelpMe/Classifier.cpp:71->MathieuHelpMe/Classifier.cpp:136]   --->   Operation 934 'sext' 'OP1_V_5_1_i_i' <Predicate = (!exitcond4_i_i)> <Delay = 0.00>
ST_5 : Operation 935 [1/1] (4.17ns)   --->   "%r_V_5_1_i_i = mul i16 %OP2_V_5_i_i, %OP1_V_5_1_i_i" [MathieuHelpMe/Classifier.cpp:71->MathieuHelpMe/Classifier.cpp:136]   --->   Operation 935 'mul' 'r_V_5_1_i_i' <Predicate = (!exitcond4_i_i)> <Delay = 4.17> <Core = "Mul">   --->   Core 16 'Mul' <Latency = 0> <II = 1> <Delay = 3.74> <FuncUnit> <Opcode : 'mul'> <InPorts = 2> <OutPorts = 1>
ST_5 : Operation 936 [1/1] (0.00ns)   --->   "%tmp_23_5_1_i_i = call i30 @_ssdm_op_BitConcatenate.i30.i16.i14(i16 %r_V_5_1_i_i, i14 0)" [MathieuHelpMe/Classifier.cpp:72->MathieuHelpMe/Classifier.cpp:136]   --->   Operation 936 'bitconcatenate' 'tmp_23_5_1_i_i' <Predicate = (!exitcond4_i_i)> <Delay = 0.00>
ST_5 : Operation 937 [1/1] (0.00ns)   --->   "%tmp_23_5_1_cast_i_i_s = sext i30 %tmp_23_5_1_i_i to i31" [MathieuHelpMe/Classifier.cpp:69->MathieuHelpMe/Classifier.cpp:136]   --->   Operation 937 'sext' 'tmp_23_5_1_cast_i_i_s' <Predicate = (!exitcond4_i_i)> <Delay = 0.00>
ST_5 : Operation 938 [1/1] (0.00ns)   --->   "%OP1_V_5_2_i_i = sext i8 %tmp_98_i_i to i16" [MathieuHelpMe/Classifier.cpp:71->MathieuHelpMe/Classifier.cpp:136]   --->   Operation 938 'sext' 'OP1_V_5_2_i_i' <Predicate = (!exitcond4_i_i)> <Delay = 0.00>
ST_5 : Operation 939 [1/1] (4.17ns)   --->   "%r_V_5_2_i_i = mul i16 %OP2_V_5_i_i, %OP1_V_5_2_i_i" [MathieuHelpMe/Classifier.cpp:71->MathieuHelpMe/Classifier.cpp:136]   --->   Operation 939 'mul' 'r_V_5_2_i_i' <Predicate = (!exitcond4_i_i)> <Delay = 4.17> <Core = "Mul">   --->   Core 16 'Mul' <Latency = 0> <II = 1> <Delay = 3.74> <FuncUnit> <Opcode : 'mul'> <InPorts = 2> <OutPorts = 1>
ST_5 : Operation 940 [1/1] (0.00ns)   --->   "%tmp_23_5_2_i_i = call i30 @_ssdm_op_BitConcatenate.i30.i16.i14(i16 %r_V_5_2_i_i, i14 0)" [MathieuHelpMe/Classifier.cpp:72->MathieuHelpMe/Classifier.cpp:136]   --->   Operation 940 'bitconcatenate' 'tmp_23_5_2_i_i' <Predicate = (!exitcond4_i_i)> <Delay = 0.00>
ST_5 : Operation 941 [1/1] (0.00ns)   --->   "%tmp_23_5_2_cast_i_i_s = sext i30 %tmp_23_5_2_i_i to i31" [MathieuHelpMe/Classifier.cpp:69->MathieuHelpMe/Classifier.cpp:136]   --->   Operation 941 'sext' 'tmp_23_5_2_cast_i_i_s' <Predicate = (!exitcond4_i_i)> <Delay = 0.00>
ST_5 : Operation 942 [1/1] (0.00ns)   --->   "%OP1_V_5_3_i_i = sext i8 %tmp_99_i_i to i16" [MathieuHelpMe/Classifier.cpp:71->MathieuHelpMe/Classifier.cpp:136]   --->   Operation 942 'sext' 'OP1_V_5_3_i_i' <Predicate = (!exitcond4_i_i)> <Delay = 0.00>
ST_5 : Operation 943 [1/1] (4.17ns)   --->   "%r_V_5_3_i_i = mul i16 %OP2_V_5_i_i, %OP1_V_5_3_i_i" [MathieuHelpMe/Classifier.cpp:71->MathieuHelpMe/Classifier.cpp:136]   --->   Operation 943 'mul' 'r_V_5_3_i_i' <Predicate = (!exitcond4_i_i)> <Delay = 4.17> <Core = "Mul">   --->   Core 16 'Mul' <Latency = 0> <II = 1> <Delay = 3.74> <FuncUnit> <Opcode : 'mul'> <InPorts = 2> <OutPorts = 1>
ST_5 : Operation 944 [1/1] (0.00ns)   --->   "%tmp_23_5_3_i_i = call i30 @_ssdm_op_BitConcatenate.i30.i16.i14(i16 %r_V_5_3_i_i, i14 0)" [MathieuHelpMe/Classifier.cpp:72->MathieuHelpMe/Classifier.cpp:136]   --->   Operation 944 'bitconcatenate' 'tmp_23_5_3_i_i' <Predicate = (!exitcond4_i_i)> <Delay = 0.00>
ST_5 : Operation 945 [1/1] (0.00ns)   --->   "%tmp_23_5_3_cast_i_i_s = sext i30 %tmp_23_5_3_i_i to i31" [MathieuHelpMe/Classifier.cpp:69->MathieuHelpMe/Classifier.cpp:136]   --->   Operation 945 'sext' 'tmp_23_5_3_cast_i_i_s' <Predicate = (!exitcond4_i_i)> <Delay = 0.00>
ST_5 : Operation 946 [1/1] (0.00ns)   --->   "%OP1_V_5_4_i_i = sext i8 %tmp_100_i_i to i16" [MathieuHelpMe/Classifier.cpp:71->MathieuHelpMe/Classifier.cpp:136]   --->   Operation 946 'sext' 'OP1_V_5_4_i_i' <Predicate = (!exitcond4_i_i)> <Delay = 0.00>
ST_5 : Operation 947 [1/1] (4.17ns)   --->   "%r_V_5_4_i_i = mul i16 %OP2_V_5_i_i, %OP1_V_5_4_i_i" [MathieuHelpMe/Classifier.cpp:71->MathieuHelpMe/Classifier.cpp:136]   --->   Operation 947 'mul' 'r_V_5_4_i_i' <Predicate = (!exitcond4_i_i)> <Delay = 4.17> <Core = "Mul">   --->   Core 16 'Mul' <Latency = 0> <II = 1> <Delay = 3.74> <FuncUnit> <Opcode : 'mul'> <InPorts = 2> <OutPorts = 1>
ST_5 : Operation 948 [1/1] (0.00ns)   --->   "%tmp_23_5_4_i_i = call i30 @_ssdm_op_BitConcatenate.i30.i16.i14(i16 %r_V_5_4_i_i, i14 0)" [MathieuHelpMe/Classifier.cpp:72->MathieuHelpMe/Classifier.cpp:136]   --->   Operation 948 'bitconcatenate' 'tmp_23_5_4_i_i' <Predicate = (!exitcond4_i_i)> <Delay = 0.00>
ST_5 : Operation 949 [1/1] (0.00ns)   --->   "%tmp_23_5_4_cast_i_i_s = sext i30 %tmp_23_5_4_i_i to i31" [MathieuHelpMe/Classifier.cpp:69->MathieuHelpMe/Classifier.cpp:136]   --->   Operation 949 'sext' 'tmp_23_5_4_cast_i_i_s' <Predicate = (!exitcond4_i_i)> <Delay = 0.00>
ST_5 : Operation 950 [1/1] (0.00ns)   --->   "%OP1_V_5_5_i_i = sext i8 %tmp_101_i_i to i16" [MathieuHelpMe/Classifier.cpp:71->MathieuHelpMe/Classifier.cpp:136]   --->   Operation 950 'sext' 'OP1_V_5_5_i_i' <Predicate = (!exitcond4_i_i)> <Delay = 0.00>
ST_5 : Operation 951 [1/1] (4.17ns)   --->   "%r_V_5_5_i_i = mul i16 %OP2_V_5_i_i, %OP1_V_5_5_i_i" [MathieuHelpMe/Classifier.cpp:71->MathieuHelpMe/Classifier.cpp:136]   --->   Operation 951 'mul' 'r_V_5_5_i_i' <Predicate = (!exitcond4_i_i)> <Delay = 4.17> <Core = "Mul">   --->   Core 16 'Mul' <Latency = 0> <II = 1> <Delay = 3.74> <FuncUnit> <Opcode : 'mul'> <InPorts = 2> <OutPorts = 1>
ST_5 : Operation 952 [1/1] (0.00ns)   --->   "%tmp_23_5_5_i_i = call i30 @_ssdm_op_BitConcatenate.i30.i16.i14(i16 %r_V_5_5_i_i, i14 0)" [MathieuHelpMe/Classifier.cpp:72->MathieuHelpMe/Classifier.cpp:136]   --->   Operation 952 'bitconcatenate' 'tmp_23_5_5_i_i' <Predicate = (!exitcond4_i_i)> <Delay = 0.00>
ST_5 : Operation 953 [1/1] (0.00ns)   --->   "%tmp_23_5_5_cast_i_i_s = sext i30 %tmp_23_5_5_i_i to i31" [MathieuHelpMe/Classifier.cpp:69->MathieuHelpMe/Classifier.cpp:136]   --->   Operation 953 'sext' 'tmp_23_5_5_cast_i_i_s' <Predicate = (!exitcond4_i_i)> <Delay = 0.00>
ST_5 : Operation 954 [1/1] (0.00ns)   --->   "%OP1_V_5_6_i_i = sext i8 %tmp_102_i_i to i16" [MathieuHelpMe/Classifier.cpp:71->MathieuHelpMe/Classifier.cpp:136]   --->   Operation 954 'sext' 'OP1_V_5_6_i_i' <Predicate = (!exitcond4_i_i)> <Delay = 0.00>
ST_5 : Operation 955 [1/1] (4.17ns)   --->   "%r_V_5_6_i_i = mul i16 %OP2_V_5_i_i, %OP1_V_5_6_i_i" [MathieuHelpMe/Classifier.cpp:71->MathieuHelpMe/Classifier.cpp:136]   --->   Operation 955 'mul' 'r_V_5_6_i_i' <Predicate = (!exitcond4_i_i)> <Delay = 4.17> <Core = "Mul">   --->   Core 16 'Mul' <Latency = 0> <II = 1> <Delay = 3.74> <FuncUnit> <Opcode : 'mul'> <InPorts = 2> <OutPorts = 1>
ST_5 : Operation 956 [1/1] (0.00ns)   --->   "%tmp_23_5_6_i_i = call i30 @_ssdm_op_BitConcatenate.i30.i16.i14(i16 %r_V_5_6_i_i, i14 0)" [MathieuHelpMe/Classifier.cpp:72->MathieuHelpMe/Classifier.cpp:136]   --->   Operation 956 'bitconcatenate' 'tmp_23_5_6_i_i' <Predicate = (!exitcond4_i_i)> <Delay = 0.00>
ST_5 : Operation 957 [1/1] (0.00ns)   --->   "%tmp_23_5_6_cast_i_i_s = sext i30 %tmp_23_5_6_i_i to i31" [MathieuHelpMe/Classifier.cpp:69->MathieuHelpMe/Classifier.cpp:136]   --->   Operation 957 'sext' 'tmp_23_5_6_cast_i_i_s' <Predicate = (!exitcond4_i_i)> <Delay = 0.00>
ST_5 : Operation 958 [1/1] (0.00ns)   --->   "%OP1_V_5_7_i_i = sext i8 %tmp_103_i_i to i16" [MathieuHelpMe/Classifier.cpp:71->MathieuHelpMe/Classifier.cpp:136]   --->   Operation 958 'sext' 'OP1_V_5_7_i_i' <Predicate = (!exitcond4_i_i)> <Delay = 0.00>
ST_5 : Operation 959 [1/1] (4.17ns)   --->   "%r_V_5_7_i_i = mul i16 %OP2_V_5_i_i, %OP1_V_5_7_i_i" [MathieuHelpMe/Classifier.cpp:71->MathieuHelpMe/Classifier.cpp:136]   --->   Operation 959 'mul' 'r_V_5_7_i_i' <Predicate = (!exitcond4_i_i)> <Delay = 4.17> <Core = "Mul">   --->   Core 16 'Mul' <Latency = 0> <II = 1> <Delay = 3.74> <FuncUnit> <Opcode : 'mul'> <InPorts = 2> <OutPorts = 1>
ST_5 : Operation 960 [1/1] (0.00ns)   --->   "%tmp_23_5_7_i_i = call i30 @_ssdm_op_BitConcatenate.i30.i16.i14(i16 %r_V_5_7_i_i, i14 0)" [MathieuHelpMe/Classifier.cpp:72->MathieuHelpMe/Classifier.cpp:136]   --->   Operation 960 'bitconcatenate' 'tmp_23_5_7_i_i' <Predicate = (!exitcond4_i_i)> <Delay = 0.00>
ST_5 : Operation 961 [1/1] (0.00ns)   --->   "%tmp_23_5_7_cast_i_i_s = sext i30 %tmp_23_5_7_i_i to i31" [MathieuHelpMe/Classifier.cpp:69->MathieuHelpMe/Classifier.cpp:136]   --->   Operation 961 'sext' 'tmp_23_5_7_cast_i_i_s' <Predicate = (!exitcond4_i_i)> <Delay = 0.00>
ST_5 : Operation 962 [1/1] (0.00ns)   --->   "%OP1_V_5_8_i_i = sext i8 %tmp_104_i_i to i16" [MathieuHelpMe/Classifier.cpp:71->MathieuHelpMe/Classifier.cpp:136]   --->   Operation 962 'sext' 'OP1_V_5_8_i_i' <Predicate = (!exitcond4_i_i)> <Delay = 0.00>
ST_5 : Operation 963 [1/1] (4.17ns)   --->   "%r_V_5_8_i_i = mul i16 %OP2_V_5_i_i, %OP1_V_5_8_i_i" [MathieuHelpMe/Classifier.cpp:71->MathieuHelpMe/Classifier.cpp:136]   --->   Operation 963 'mul' 'r_V_5_8_i_i' <Predicate = (!exitcond4_i_i)> <Delay = 4.17> <Core = "Mul">   --->   Core 16 'Mul' <Latency = 0> <II = 1> <Delay = 3.74> <FuncUnit> <Opcode : 'mul'> <InPorts = 2> <OutPorts = 1>
ST_5 : Operation 964 [1/1] (0.00ns)   --->   "%tmp_23_5_8_i_i = call i30 @_ssdm_op_BitConcatenate.i30.i16.i14(i16 %r_V_5_8_i_i, i14 0)" [MathieuHelpMe/Classifier.cpp:72->MathieuHelpMe/Classifier.cpp:136]   --->   Operation 964 'bitconcatenate' 'tmp_23_5_8_i_i' <Predicate = (!exitcond4_i_i)> <Delay = 0.00>
ST_5 : Operation 965 [1/1] (0.00ns)   --->   "%tmp_23_5_8_cast_i_i_s = sext i30 %tmp_23_5_8_i_i to i31" [MathieuHelpMe/Classifier.cpp:69->MathieuHelpMe/Classifier.cpp:136]   --->   Operation 965 'sext' 'tmp_23_5_8_cast_i_i_s' <Predicate = (!exitcond4_i_i)> <Delay = 0.00>
ST_5 : Operation 966 [1/1] (0.00ns)   --->   "%OP1_V_5_9_i_i = sext i8 %tmp_105_i_i to i16" [MathieuHelpMe/Classifier.cpp:71->MathieuHelpMe/Classifier.cpp:136]   --->   Operation 966 'sext' 'OP1_V_5_9_i_i' <Predicate = (!exitcond4_i_i)> <Delay = 0.00>
ST_5 : Operation 967 [1/1] (4.17ns)   --->   "%r_V_5_9_i_i = mul i16 %OP2_V_5_i_i, %OP1_V_5_9_i_i" [MathieuHelpMe/Classifier.cpp:71->MathieuHelpMe/Classifier.cpp:136]   --->   Operation 967 'mul' 'r_V_5_9_i_i' <Predicate = (!exitcond4_i_i)> <Delay = 4.17> <Core = "Mul">   --->   Core 16 'Mul' <Latency = 0> <II = 1> <Delay = 3.74> <FuncUnit> <Opcode : 'mul'> <InPorts = 2> <OutPorts = 1>
ST_5 : Operation 968 [1/1] (0.00ns)   --->   "%tmp_23_5_9_i_i = call i30 @_ssdm_op_BitConcatenate.i30.i16.i14(i16 %r_V_5_9_i_i, i14 0)" [MathieuHelpMe/Classifier.cpp:72->MathieuHelpMe/Classifier.cpp:136]   --->   Operation 968 'bitconcatenate' 'tmp_23_5_9_i_i' <Predicate = (!exitcond4_i_i)> <Delay = 0.00>
ST_5 : Operation 969 [1/1] (0.00ns)   --->   "%tmp_23_5_9_cast_i_i_s = sext i30 %tmp_23_5_9_i_i to i31" [MathieuHelpMe/Classifier.cpp:69->MathieuHelpMe/Classifier.cpp:136]   --->   Operation 969 'sext' 'tmp_23_5_9_cast_i_i_s' <Predicate = (!exitcond4_i_i)> <Delay = 0.00>
ST_5 : Operation 970 [1/1] (0.00ns)   --->   "%OP1_V_5_i_i_48 = sext i8 %tmp_106_i_i to i16" [MathieuHelpMe/Classifier.cpp:71->MathieuHelpMe/Classifier.cpp:136]   --->   Operation 970 'sext' 'OP1_V_5_i_i_48' <Predicate = (!exitcond4_i_i)> <Delay = 0.00>
ST_5 : Operation 971 [1/1] (4.17ns)   --->   "%r_V_5_i_i_49 = mul i16 %OP2_V_5_i_i, %OP1_V_5_i_i_48" [MathieuHelpMe/Classifier.cpp:71->MathieuHelpMe/Classifier.cpp:136]   --->   Operation 971 'mul' 'r_V_5_i_i_49' <Predicate = (!exitcond4_i_i)> <Delay = 4.17> <Core = "Mul">   --->   Core 16 'Mul' <Latency = 0> <II = 1> <Delay = 3.74> <FuncUnit> <Opcode : 'mul'> <InPorts = 2> <OutPorts = 1>
ST_5 : Operation 972 [1/1] (0.00ns)   --->   "%tmp_23_5_i_i_50 = call i30 @_ssdm_op_BitConcatenate.i30.i16.i14(i16 %r_V_5_i_i_49, i14 0)" [MathieuHelpMe/Classifier.cpp:72->MathieuHelpMe/Classifier.cpp:136]   --->   Operation 972 'bitconcatenate' 'tmp_23_5_i_i_50' <Predicate = (!exitcond4_i_i)> <Delay = 0.00>
ST_5 : Operation 973 [1/1] (0.00ns)   --->   "%tmp_23_5_cast_i_i_c = sext i30 %tmp_23_5_i_i_50 to i31" [MathieuHelpMe/Classifier.cpp:69->MathieuHelpMe/Classifier.cpp:136]   --->   Operation 973 'sext' 'tmp_23_5_cast_i_i_c' <Predicate = (!exitcond4_i_i)> <Delay = 0.00>
ST_5 : Operation 974 [1/1] (0.00ns)   --->   "%OP1_V_5_10_i_i = sext i8 %tmp_107_i_i to i16" [MathieuHelpMe/Classifier.cpp:71->MathieuHelpMe/Classifier.cpp:136]   --->   Operation 974 'sext' 'OP1_V_5_10_i_i' <Predicate = (!exitcond4_i_i)> <Delay = 0.00>
ST_5 : Operation 975 [1/1] (4.17ns)   --->   "%r_V_5_10_i_i = mul i16 %OP2_V_5_i_i, %OP1_V_5_10_i_i" [MathieuHelpMe/Classifier.cpp:71->MathieuHelpMe/Classifier.cpp:136]   --->   Operation 975 'mul' 'r_V_5_10_i_i' <Predicate = (!exitcond4_i_i)> <Delay = 4.17> <Core = "Mul">   --->   Core 16 'Mul' <Latency = 0> <II = 1> <Delay = 3.74> <FuncUnit> <Opcode : 'mul'> <InPorts = 2> <OutPorts = 1>
ST_5 : Operation 976 [1/1] (0.00ns)   --->   "%tmp_23_5_10_i_i = call i30 @_ssdm_op_BitConcatenate.i30.i16.i14(i16 %r_V_5_10_i_i, i14 0)" [MathieuHelpMe/Classifier.cpp:72->MathieuHelpMe/Classifier.cpp:136]   --->   Operation 976 'bitconcatenate' 'tmp_23_5_10_i_i' <Predicate = (!exitcond4_i_i)> <Delay = 0.00>
ST_5 : Operation 977 [1/1] (0.00ns)   --->   "%tmp_23_5_10_cast_i_i = sext i30 %tmp_23_5_10_i_i to i31" [MathieuHelpMe/Classifier.cpp:69->MathieuHelpMe/Classifier.cpp:136]   --->   Operation 977 'sext' 'tmp_23_5_10_cast_i_i' <Predicate = (!exitcond4_i_i)> <Delay = 0.00>
ST_5 : Operation 978 [1/1] (0.00ns)   --->   "%OP1_V_5_11_i_i = sext i8 %tmp_108_i_i to i16" [MathieuHelpMe/Classifier.cpp:71->MathieuHelpMe/Classifier.cpp:136]   --->   Operation 978 'sext' 'OP1_V_5_11_i_i' <Predicate = (!exitcond4_i_i)> <Delay = 0.00>
ST_5 : Operation 979 [1/1] (4.17ns)   --->   "%r_V_5_11_i_i = mul i16 %OP2_V_5_i_i, %OP1_V_5_11_i_i" [MathieuHelpMe/Classifier.cpp:71->MathieuHelpMe/Classifier.cpp:136]   --->   Operation 979 'mul' 'r_V_5_11_i_i' <Predicate = (!exitcond4_i_i)> <Delay = 4.17> <Core = "Mul">   --->   Core 16 'Mul' <Latency = 0> <II = 1> <Delay = 3.74> <FuncUnit> <Opcode : 'mul'> <InPorts = 2> <OutPorts = 1>
ST_5 : Operation 980 [1/1] (0.00ns)   --->   "%tmp_23_5_11_i_i = call i30 @_ssdm_op_BitConcatenate.i30.i16.i14(i16 %r_V_5_11_i_i, i14 0)" [MathieuHelpMe/Classifier.cpp:72->MathieuHelpMe/Classifier.cpp:136]   --->   Operation 980 'bitconcatenate' 'tmp_23_5_11_i_i' <Predicate = (!exitcond4_i_i)> <Delay = 0.00>
ST_5 : Operation 981 [1/1] (0.00ns)   --->   "%tmp_23_5_11_cast_i_i = sext i30 %tmp_23_5_11_i_i to i31" [MathieuHelpMe/Classifier.cpp:69->MathieuHelpMe/Classifier.cpp:136]   --->   Operation 981 'sext' 'tmp_23_5_11_cast_i_i' <Predicate = (!exitcond4_i_i)> <Delay = 0.00>
ST_5 : Operation 982 [1/1] (0.00ns)   --->   "%OP1_V_5_12_i_i = sext i8 %tmp_109_i_i to i16" [MathieuHelpMe/Classifier.cpp:71->MathieuHelpMe/Classifier.cpp:136]   --->   Operation 982 'sext' 'OP1_V_5_12_i_i' <Predicate = (!exitcond4_i_i)> <Delay = 0.00>
ST_5 : Operation 983 [1/1] (4.17ns)   --->   "%r_V_5_12_i_i = mul i16 %OP2_V_5_i_i, %OP1_V_5_12_i_i" [MathieuHelpMe/Classifier.cpp:71->MathieuHelpMe/Classifier.cpp:136]   --->   Operation 983 'mul' 'r_V_5_12_i_i' <Predicate = (!exitcond4_i_i)> <Delay = 4.17> <Core = "Mul">   --->   Core 16 'Mul' <Latency = 0> <II = 1> <Delay = 3.74> <FuncUnit> <Opcode : 'mul'> <InPorts = 2> <OutPorts = 1>
ST_5 : Operation 984 [1/1] (0.00ns)   --->   "%tmp_23_5_12_i_i = call i30 @_ssdm_op_BitConcatenate.i30.i16.i14(i16 %r_V_5_12_i_i, i14 0)" [MathieuHelpMe/Classifier.cpp:72->MathieuHelpMe/Classifier.cpp:136]   --->   Operation 984 'bitconcatenate' 'tmp_23_5_12_i_i' <Predicate = (!exitcond4_i_i)> <Delay = 0.00>
ST_5 : Operation 985 [1/1] (0.00ns)   --->   "%tmp_23_5_12_cast_i_i = sext i30 %tmp_23_5_12_i_i to i31" [MathieuHelpMe/Classifier.cpp:69->MathieuHelpMe/Classifier.cpp:136]   --->   Operation 985 'sext' 'tmp_23_5_12_cast_i_i' <Predicate = (!exitcond4_i_i)> <Delay = 0.00>
ST_5 : Operation 986 [1/1] (0.00ns)   --->   "%OP1_V_5_13_i_i = sext i8 %tmp_110_i_i to i16" [MathieuHelpMe/Classifier.cpp:71->MathieuHelpMe/Classifier.cpp:136]   --->   Operation 986 'sext' 'OP1_V_5_13_i_i' <Predicate = (!exitcond4_i_i)> <Delay = 0.00>
ST_5 : Operation 987 [1/1] (4.17ns)   --->   "%r_V_5_13_i_i = mul i16 %OP2_V_5_i_i, %OP1_V_5_13_i_i" [MathieuHelpMe/Classifier.cpp:71->MathieuHelpMe/Classifier.cpp:136]   --->   Operation 987 'mul' 'r_V_5_13_i_i' <Predicate = (!exitcond4_i_i)> <Delay = 4.17> <Core = "Mul">   --->   Core 16 'Mul' <Latency = 0> <II = 1> <Delay = 3.74> <FuncUnit> <Opcode : 'mul'> <InPorts = 2> <OutPorts = 1>
ST_5 : Operation 988 [1/1] (0.00ns)   --->   "%tmp_23_5_13_i_i = call i30 @_ssdm_op_BitConcatenate.i30.i16.i14(i16 %r_V_5_13_i_i, i14 0)" [MathieuHelpMe/Classifier.cpp:72->MathieuHelpMe/Classifier.cpp:136]   --->   Operation 988 'bitconcatenate' 'tmp_23_5_13_i_i' <Predicate = (!exitcond4_i_i)> <Delay = 0.00>
ST_5 : Operation 989 [1/1] (0.00ns)   --->   "%tmp_23_5_13_cast_i_i = sext i30 %tmp_23_5_13_i_i to i31" [MathieuHelpMe/Classifier.cpp:69->MathieuHelpMe/Classifier.cpp:136]   --->   Operation 989 'sext' 'tmp_23_5_13_cast_i_i' <Predicate = (!exitcond4_i_i)> <Delay = 0.00>
ST_5 : Operation 990 [1/1] (0.00ns)   --->   "%OP1_V_5_14_i_i = sext i8 %tmp_111_i_i to i16" [MathieuHelpMe/Classifier.cpp:71->MathieuHelpMe/Classifier.cpp:136]   --->   Operation 990 'sext' 'OP1_V_5_14_i_i' <Predicate = (!exitcond4_i_i)> <Delay = 0.00>
ST_5 : Operation 991 [1/1] (4.17ns)   --->   "%r_V_5_14_i_i = mul i16 %OP2_V_5_i_i, %OP1_V_5_14_i_i" [MathieuHelpMe/Classifier.cpp:71->MathieuHelpMe/Classifier.cpp:136]   --->   Operation 991 'mul' 'r_V_5_14_i_i' <Predicate = (!exitcond4_i_i)> <Delay = 4.17> <Core = "Mul">   --->   Core 16 'Mul' <Latency = 0> <II = 1> <Delay = 3.74> <FuncUnit> <Opcode : 'mul'> <InPorts = 2> <OutPorts = 1>
ST_5 : Operation 992 [1/1] (0.00ns)   --->   "%tmp_23_5_14_i_i = call i30 @_ssdm_op_BitConcatenate.i30.i16.i14(i16 %r_V_5_14_i_i, i14 0)" [MathieuHelpMe/Classifier.cpp:72->MathieuHelpMe/Classifier.cpp:136]   --->   Operation 992 'bitconcatenate' 'tmp_23_5_14_i_i' <Predicate = (!exitcond4_i_i)> <Delay = 0.00>
ST_5 : Operation 993 [1/1] (0.00ns)   --->   "%tmp_23_5_14_cast_i_i = sext i30 %tmp_23_5_14_i_i to i31" [MathieuHelpMe/Classifier.cpp:72->MathieuHelpMe/Classifier.cpp:136]   --->   Operation 993 'sext' 'tmp_23_5_14_cast_i_i' <Predicate = (!exitcond4_i_i)> <Delay = 0.00>
ST_5 : Operation 994 [1/1] (0.00ns)   --->   "%OP1_V_6_i_i = sext i8 %tmp_112_i_i to i16" [MathieuHelpMe/Classifier.cpp:71->MathieuHelpMe/Classifier.cpp:136]   --->   Operation 994 'sext' 'OP1_V_6_i_i' <Predicate = (!exitcond4_i_i)> <Delay = 0.00>
ST_5 : Operation 995 [1/1] (0.00ns)   --->   "%OP2_V_6_i_i = sext i8 %x_local_6_V_load to i16" [MathieuHelpMe/Classifier.cpp:71->MathieuHelpMe/Classifier.cpp:136]   --->   Operation 995 'sext' 'OP2_V_6_i_i' <Predicate = (!exitcond4_i_i)> <Delay = 0.00>
ST_5 : Operation 996 [1/1] (4.17ns)   --->   "%r_V_6_i_i = mul i16 %OP2_V_6_i_i, %OP1_V_6_i_i" [MathieuHelpMe/Classifier.cpp:71->MathieuHelpMe/Classifier.cpp:136]   --->   Operation 996 'mul' 'r_V_6_i_i' <Predicate = (!exitcond4_i_i)> <Delay = 4.17> <Core = "Mul">   --->   Core 16 'Mul' <Latency = 0> <II = 1> <Delay = 3.74> <FuncUnit> <Opcode : 'mul'> <InPorts = 2> <OutPorts = 1>
ST_5 : Operation 997 [1/1] (0.00ns)   --->   "%tmp_23_6_i_i = call i30 @_ssdm_op_BitConcatenate.i30.i16.i14(i16 %r_V_6_i_i, i14 0)" [MathieuHelpMe/Classifier.cpp:72->MathieuHelpMe/Classifier.cpp:136]   --->   Operation 997 'bitconcatenate' 'tmp_23_6_i_i' <Predicate = (!exitcond4_i_i)> <Delay = 0.00>
ST_5 : Operation 998 [1/1] (0.00ns)   --->   "%tmp_23_6_cast_i_i_ca = sext i30 %tmp_23_6_i_i to i31" [MathieuHelpMe/Classifier.cpp:69->MathieuHelpMe/Classifier.cpp:136]   --->   Operation 998 'sext' 'tmp_23_6_cast_i_i_ca' <Predicate = (!exitcond4_i_i)> <Delay = 0.00>
ST_5 : Operation 999 [1/1] (0.00ns)   --->   "%OP1_V_6_1_i_i = sext i8 %tmp_113_i_i to i16" [MathieuHelpMe/Classifier.cpp:71->MathieuHelpMe/Classifier.cpp:136]   --->   Operation 999 'sext' 'OP1_V_6_1_i_i' <Predicate = (!exitcond4_i_i)> <Delay = 0.00>
ST_5 : Operation 1000 [1/1] (4.17ns)   --->   "%r_V_6_1_i_i = mul i16 %OP2_V_6_i_i, %OP1_V_6_1_i_i" [MathieuHelpMe/Classifier.cpp:71->MathieuHelpMe/Classifier.cpp:136]   --->   Operation 1000 'mul' 'r_V_6_1_i_i' <Predicate = (!exitcond4_i_i)> <Delay = 4.17> <Core = "Mul">   --->   Core 16 'Mul' <Latency = 0> <II = 1> <Delay = 3.74> <FuncUnit> <Opcode : 'mul'> <InPorts = 2> <OutPorts = 1>
ST_5 : Operation 1001 [1/1] (0.00ns)   --->   "%tmp_23_6_1_i_i = call i30 @_ssdm_op_BitConcatenate.i30.i16.i14(i16 %r_V_6_1_i_i, i14 0)" [MathieuHelpMe/Classifier.cpp:72->MathieuHelpMe/Classifier.cpp:136]   --->   Operation 1001 'bitconcatenate' 'tmp_23_6_1_i_i' <Predicate = (!exitcond4_i_i)> <Delay = 0.00>
ST_5 : Operation 1002 [1/1] (0.00ns)   --->   "%tmp_23_6_1_cast_i_i_s = sext i30 %tmp_23_6_1_i_i to i31" [MathieuHelpMe/Classifier.cpp:69->MathieuHelpMe/Classifier.cpp:136]   --->   Operation 1002 'sext' 'tmp_23_6_1_cast_i_i_s' <Predicate = (!exitcond4_i_i)> <Delay = 0.00>
ST_5 : Operation 1003 [1/1] (0.00ns)   --->   "%OP1_V_6_2_i_i = sext i8 %tmp_114_i_i to i16" [MathieuHelpMe/Classifier.cpp:71->MathieuHelpMe/Classifier.cpp:136]   --->   Operation 1003 'sext' 'OP1_V_6_2_i_i' <Predicate = (!exitcond4_i_i)> <Delay = 0.00>
ST_5 : Operation 1004 [1/1] (4.17ns)   --->   "%r_V_6_2_i_i = mul i16 %OP2_V_6_i_i, %OP1_V_6_2_i_i" [MathieuHelpMe/Classifier.cpp:71->MathieuHelpMe/Classifier.cpp:136]   --->   Operation 1004 'mul' 'r_V_6_2_i_i' <Predicate = (!exitcond4_i_i)> <Delay = 4.17> <Core = "Mul">   --->   Core 16 'Mul' <Latency = 0> <II = 1> <Delay = 3.74> <FuncUnit> <Opcode : 'mul'> <InPorts = 2> <OutPorts = 1>
ST_5 : Operation 1005 [1/1] (0.00ns)   --->   "%tmp_23_6_2_i_i = call i30 @_ssdm_op_BitConcatenate.i30.i16.i14(i16 %r_V_6_2_i_i, i14 0)" [MathieuHelpMe/Classifier.cpp:72->MathieuHelpMe/Classifier.cpp:136]   --->   Operation 1005 'bitconcatenate' 'tmp_23_6_2_i_i' <Predicate = (!exitcond4_i_i)> <Delay = 0.00>
ST_5 : Operation 1006 [1/1] (0.00ns)   --->   "%tmp_23_6_2_cast_i_i_s = sext i30 %tmp_23_6_2_i_i to i31" [MathieuHelpMe/Classifier.cpp:69->MathieuHelpMe/Classifier.cpp:136]   --->   Operation 1006 'sext' 'tmp_23_6_2_cast_i_i_s' <Predicate = (!exitcond4_i_i)> <Delay = 0.00>
ST_5 : Operation 1007 [1/1] (0.00ns)   --->   "%OP1_V_6_3_i_i = sext i8 %tmp_115_i_i to i16" [MathieuHelpMe/Classifier.cpp:71->MathieuHelpMe/Classifier.cpp:136]   --->   Operation 1007 'sext' 'OP1_V_6_3_i_i' <Predicate = (!exitcond4_i_i)> <Delay = 0.00>
ST_5 : Operation 1008 [1/1] (4.17ns)   --->   "%r_V_6_3_i_i = mul i16 %OP2_V_6_i_i, %OP1_V_6_3_i_i" [MathieuHelpMe/Classifier.cpp:71->MathieuHelpMe/Classifier.cpp:136]   --->   Operation 1008 'mul' 'r_V_6_3_i_i' <Predicate = (!exitcond4_i_i)> <Delay = 4.17> <Core = "Mul">   --->   Core 16 'Mul' <Latency = 0> <II = 1> <Delay = 3.74> <FuncUnit> <Opcode : 'mul'> <InPorts = 2> <OutPorts = 1>
ST_5 : Operation 1009 [1/1] (0.00ns)   --->   "%tmp_23_6_3_i_i = call i30 @_ssdm_op_BitConcatenate.i30.i16.i14(i16 %r_V_6_3_i_i, i14 0)" [MathieuHelpMe/Classifier.cpp:72->MathieuHelpMe/Classifier.cpp:136]   --->   Operation 1009 'bitconcatenate' 'tmp_23_6_3_i_i' <Predicate = (!exitcond4_i_i)> <Delay = 0.00>
ST_5 : Operation 1010 [1/1] (0.00ns)   --->   "%tmp_23_6_3_cast_i_i_s = sext i30 %tmp_23_6_3_i_i to i31" [MathieuHelpMe/Classifier.cpp:69->MathieuHelpMe/Classifier.cpp:136]   --->   Operation 1010 'sext' 'tmp_23_6_3_cast_i_i_s' <Predicate = (!exitcond4_i_i)> <Delay = 0.00>
ST_5 : Operation 1011 [1/1] (0.00ns)   --->   "%OP1_V_6_4_i_i = sext i8 %tmp_116_i_i to i16" [MathieuHelpMe/Classifier.cpp:71->MathieuHelpMe/Classifier.cpp:136]   --->   Operation 1011 'sext' 'OP1_V_6_4_i_i' <Predicate = (!exitcond4_i_i)> <Delay = 0.00>
ST_5 : Operation 1012 [1/1] (4.17ns)   --->   "%r_V_6_4_i_i = mul i16 %OP2_V_6_i_i, %OP1_V_6_4_i_i" [MathieuHelpMe/Classifier.cpp:71->MathieuHelpMe/Classifier.cpp:136]   --->   Operation 1012 'mul' 'r_V_6_4_i_i' <Predicate = (!exitcond4_i_i)> <Delay = 4.17> <Core = "Mul">   --->   Core 16 'Mul' <Latency = 0> <II = 1> <Delay = 3.74> <FuncUnit> <Opcode : 'mul'> <InPorts = 2> <OutPorts = 1>
ST_5 : Operation 1013 [1/1] (0.00ns)   --->   "%tmp_23_6_4_i_i = call i30 @_ssdm_op_BitConcatenate.i30.i16.i14(i16 %r_V_6_4_i_i, i14 0)" [MathieuHelpMe/Classifier.cpp:72->MathieuHelpMe/Classifier.cpp:136]   --->   Operation 1013 'bitconcatenate' 'tmp_23_6_4_i_i' <Predicate = (!exitcond4_i_i)> <Delay = 0.00>
ST_5 : Operation 1014 [1/1] (0.00ns)   --->   "%tmp_23_6_4_cast_i_i_s = sext i30 %tmp_23_6_4_i_i to i31" [MathieuHelpMe/Classifier.cpp:69->MathieuHelpMe/Classifier.cpp:136]   --->   Operation 1014 'sext' 'tmp_23_6_4_cast_i_i_s' <Predicate = (!exitcond4_i_i)> <Delay = 0.00>
ST_5 : Operation 1015 [1/1] (0.00ns)   --->   "%OP1_V_6_5_i_i = sext i8 %tmp_117_i_i to i16" [MathieuHelpMe/Classifier.cpp:71->MathieuHelpMe/Classifier.cpp:136]   --->   Operation 1015 'sext' 'OP1_V_6_5_i_i' <Predicate = (!exitcond4_i_i)> <Delay = 0.00>
ST_5 : Operation 1016 [1/1] (4.17ns)   --->   "%r_V_6_5_i_i = mul i16 %OP2_V_6_i_i, %OP1_V_6_5_i_i" [MathieuHelpMe/Classifier.cpp:71->MathieuHelpMe/Classifier.cpp:136]   --->   Operation 1016 'mul' 'r_V_6_5_i_i' <Predicate = (!exitcond4_i_i)> <Delay = 4.17> <Core = "Mul">   --->   Core 16 'Mul' <Latency = 0> <II = 1> <Delay = 3.74> <FuncUnit> <Opcode : 'mul'> <InPorts = 2> <OutPorts = 1>
ST_5 : Operation 1017 [1/1] (0.00ns)   --->   "%tmp_23_6_5_i_i = call i30 @_ssdm_op_BitConcatenate.i30.i16.i14(i16 %r_V_6_5_i_i, i14 0)" [MathieuHelpMe/Classifier.cpp:72->MathieuHelpMe/Classifier.cpp:136]   --->   Operation 1017 'bitconcatenate' 'tmp_23_6_5_i_i' <Predicate = (!exitcond4_i_i)> <Delay = 0.00>
ST_5 : Operation 1018 [1/1] (0.00ns)   --->   "%tmp_23_6_5_cast_i_i_s = sext i30 %tmp_23_6_5_i_i to i31" [MathieuHelpMe/Classifier.cpp:69->MathieuHelpMe/Classifier.cpp:136]   --->   Operation 1018 'sext' 'tmp_23_6_5_cast_i_i_s' <Predicate = (!exitcond4_i_i)> <Delay = 0.00>
ST_5 : Operation 1019 [1/1] (0.00ns)   --->   "%OP1_V_6_6_i_i = sext i8 %tmp_118_i_i to i16" [MathieuHelpMe/Classifier.cpp:71->MathieuHelpMe/Classifier.cpp:136]   --->   Operation 1019 'sext' 'OP1_V_6_6_i_i' <Predicate = (!exitcond4_i_i)> <Delay = 0.00>
ST_5 : Operation 1020 [1/1] (4.17ns)   --->   "%r_V_6_6_i_i = mul i16 %OP2_V_6_i_i, %OP1_V_6_6_i_i" [MathieuHelpMe/Classifier.cpp:71->MathieuHelpMe/Classifier.cpp:136]   --->   Operation 1020 'mul' 'r_V_6_6_i_i' <Predicate = (!exitcond4_i_i)> <Delay = 4.17> <Core = "Mul">   --->   Core 16 'Mul' <Latency = 0> <II = 1> <Delay = 3.74> <FuncUnit> <Opcode : 'mul'> <InPorts = 2> <OutPorts = 1>
ST_5 : Operation 1021 [1/1] (0.00ns)   --->   "%tmp_23_6_6_i_i = call i30 @_ssdm_op_BitConcatenate.i30.i16.i14(i16 %r_V_6_6_i_i, i14 0)" [MathieuHelpMe/Classifier.cpp:72->MathieuHelpMe/Classifier.cpp:136]   --->   Operation 1021 'bitconcatenate' 'tmp_23_6_6_i_i' <Predicate = (!exitcond4_i_i)> <Delay = 0.00>
ST_5 : Operation 1022 [1/1] (0.00ns)   --->   "%tmp_23_6_6_cast_i_i_s = sext i30 %tmp_23_6_6_i_i to i31" [MathieuHelpMe/Classifier.cpp:69->MathieuHelpMe/Classifier.cpp:136]   --->   Operation 1022 'sext' 'tmp_23_6_6_cast_i_i_s' <Predicate = (!exitcond4_i_i)> <Delay = 0.00>
ST_5 : Operation 1023 [1/1] (0.00ns)   --->   "%OP1_V_6_7_i_i = sext i8 %tmp_119_i_i to i16" [MathieuHelpMe/Classifier.cpp:71->MathieuHelpMe/Classifier.cpp:136]   --->   Operation 1023 'sext' 'OP1_V_6_7_i_i' <Predicate = (!exitcond4_i_i)> <Delay = 0.00>
ST_5 : Operation 1024 [1/1] (4.17ns)   --->   "%r_V_6_7_i_i = mul i16 %OP2_V_6_i_i, %OP1_V_6_7_i_i" [MathieuHelpMe/Classifier.cpp:71->MathieuHelpMe/Classifier.cpp:136]   --->   Operation 1024 'mul' 'r_V_6_7_i_i' <Predicate = (!exitcond4_i_i)> <Delay = 4.17> <Core = "Mul">   --->   Core 16 'Mul' <Latency = 0> <II = 1> <Delay = 3.74> <FuncUnit> <Opcode : 'mul'> <InPorts = 2> <OutPorts = 1>
ST_5 : Operation 1025 [1/1] (0.00ns)   --->   "%tmp_23_6_7_i_i = call i30 @_ssdm_op_BitConcatenate.i30.i16.i14(i16 %r_V_6_7_i_i, i14 0)" [MathieuHelpMe/Classifier.cpp:72->MathieuHelpMe/Classifier.cpp:136]   --->   Operation 1025 'bitconcatenate' 'tmp_23_6_7_i_i' <Predicate = (!exitcond4_i_i)> <Delay = 0.00>
ST_5 : Operation 1026 [1/1] (0.00ns)   --->   "%tmp_23_6_7_cast_i_i_s = sext i30 %tmp_23_6_7_i_i to i31" [MathieuHelpMe/Classifier.cpp:69->MathieuHelpMe/Classifier.cpp:136]   --->   Operation 1026 'sext' 'tmp_23_6_7_cast_i_i_s' <Predicate = (!exitcond4_i_i)> <Delay = 0.00>
ST_5 : Operation 1027 [1/1] (0.00ns)   --->   "%OP1_V_6_8_i_i = sext i8 %tmp_120_i_i to i16" [MathieuHelpMe/Classifier.cpp:71->MathieuHelpMe/Classifier.cpp:136]   --->   Operation 1027 'sext' 'OP1_V_6_8_i_i' <Predicate = (!exitcond4_i_i)> <Delay = 0.00>
ST_5 : Operation 1028 [1/1] (4.17ns)   --->   "%r_V_6_8_i_i = mul i16 %OP2_V_6_i_i, %OP1_V_6_8_i_i" [MathieuHelpMe/Classifier.cpp:71->MathieuHelpMe/Classifier.cpp:136]   --->   Operation 1028 'mul' 'r_V_6_8_i_i' <Predicate = (!exitcond4_i_i)> <Delay = 4.17> <Core = "Mul">   --->   Core 16 'Mul' <Latency = 0> <II = 1> <Delay = 3.74> <FuncUnit> <Opcode : 'mul'> <InPorts = 2> <OutPorts = 1>
ST_5 : Operation 1029 [1/1] (0.00ns)   --->   "%tmp_23_6_8_i_i = call i30 @_ssdm_op_BitConcatenate.i30.i16.i14(i16 %r_V_6_8_i_i, i14 0)" [MathieuHelpMe/Classifier.cpp:72->MathieuHelpMe/Classifier.cpp:136]   --->   Operation 1029 'bitconcatenate' 'tmp_23_6_8_i_i' <Predicate = (!exitcond4_i_i)> <Delay = 0.00>
ST_5 : Operation 1030 [1/1] (0.00ns)   --->   "%tmp_23_6_8_cast_i_i_s = sext i30 %tmp_23_6_8_i_i to i31" [MathieuHelpMe/Classifier.cpp:69->MathieuHelpMe/Classifier.cpp:136]   --->   Operation 1030 'sext' 'tmp_23_6_8_cast_i_i_s' <Predicate = (!exitcond4_i_i)> <Delay = 0.00>
ST_5 : Operation 1031 [1/1] (0.00ns)   --->   "%OP1_V_6_9_i_i = sext i8 %tmp_121_i_i to i16" [MathieuHelpMe/Classifier.cpp:71->MathieuHelpMe/Classifier.cpp:136]   --->   Operation 1031 'sext' 'OP1_V_6_9_i_i' <Predicate = (!exitcond4_i_i)> <Delay = 0.00>
ST_5 : Operation 1032 [1/1] (4.17ns)   --->   "%r_V_6_9_i_i = mul i16 %OP2_V_6_i_i, %OP1_V_6_9_i_i" [MathieuHelpMe/Classifier.cpp:71->MathieuHelpMe/Classifier.cpp:136]   --->   Operation 1032 'mul' 'r_V_6_9_i_i' <Predicate = (!exitcond4_i_i)> <Delay = 4.17> <Core = "Mul">   --->   Core 16 'Mul' <Latency = 0> <II = 1> <Delay = 3.74> <FuncUnit> <Opcode : 'mul'> <InPorts = 2> <OutPorts = 1>
ST_5 : Operation 1033 [1/1] (0.00ns)   --->   "%tmp_23_6_9_i_i = call i30 @_ssdm_op_BitConcatenate.i30.i16.i14(i16 %r_V_6_9_i_i, i14 0)" [MathieuHelpMe/Classifier.cpp:72->MathieuHelpMe/Classifier.cpp:136]   --->   Operation 1033 'bitconcatenate' 'tmp_23_6_9_i_i' <Predicate = (!exitcond4_i_i)> <Delay = 0.00>
ST_5 : Operation 1034 [1/1] (0.00ns)   --->   "%tmp_23_6_9_cast_i_i_s = sext i30 %tmp_23_6_9_i_i to i31" [MathieuHelpMe/Classifier.cpp:69->MathieuHelpMe/Classifier.cpp:136]   --->   Operation 1034 'sext' 'tmp_23_6_9_cast_i_i_s' <Predicate = (!exitcond4_i_i)> <Delay = 0.00>
ST_5 : Operation 1035 [1/1] (0.00ns)   --->   "%OP1_V_6_i_i_51 = sext i8 %tmp_122_i_i to i16" [MathieuHelpMe/Classifier.cpp:71->MathieuHelpMe/Classifier.cpp:136]   --->   Operation 1035 'sext' 'OP1_V_6_i_i_51' <Predicate = (!exitcond4_i_i)> <Delay = 0.00>
ST_5 : Operation 1036 [1/1] (4.17ns)   --->   "%r_V_6_i_i_52 = mul i16 %OP2_V_6_i_i, %OP1_V_6_i_i_51" [MathieuHelpMe/Classifier.cpp:71->MathieuHelpMe/Classifier.cpp:136]   --->   Operation 1036 'mul' 'r_V_6_i_i_52' <Predicate = (!exitcond4_i_i)> <Delay = 4.17> <Core = "Mul">   --->   Core 16 'Mul' <Latency = 0> <II = 1> <Delay = 3.74> <FuncUnit> <Opcode : 'mul'> <InPorts = 2> <OutPorts = 1>
ST_5 : Operation 1037 [1/1] (0.00ns)   --->   "%tmp_23_6_i_i_53 = call i30 @_ssdm_op_BitConcatenate.i30.i16.i14(i16 %r_V_6_i_i_52, i14 0)" [MathieuHelpMe/Classifier.cpp:72->MathieuHelpMe/Classifier.cpp:136]   --->   Operation 1037 'bitconcatenate' 'tmp_23_6_i_i_53' <Predicate = (!exitcond4_i_i)> <Delay = 0.00>
ST_5 : Operation 1038 [1/1] (0.00ns)   --->   "%tmp_23_6_cast_i_i_c = sext i30 %tmp_23_6_i_i_53 to i31" [MathieuHelpMe/Classifier.cpp:69->MathieuHelpMe/Classifier.cpp:136]   --->   Operation 1038 'sext' 'tmp_23_6_cast_i_i_c' <Predicate = (!exitcond4_i_i)> <Delay = 0.00>
ST_5 : Operation 1039 [1/1] (0.00ns)   --->   "%OP1_V_6_10_i_i = sext i8 %tmp_123_i_i to i16" [MathieuHelpMe/Classifier.cpp:71->MathieuHelpMe/Classifier.cpp:136]   --->   Operation 1039 'sext' 'OP1_V_6_10_i_i' <Predicate = (!exitcond4_i_i)> <Delay = 0.00>
ST_5 : Operation 1040 [1/1] (4.17ns)   --->   "%r_V_6_10_i_i = mul i16 %OP2_V_6_i_i, %OP1_V_6_10_i_i" [MathieuHelpMe/Classifier.cpp:71->MathieuHelpMe/Classifier.cpp:136]   --->   Operation 1040 'mul' 'r_V_6_10_i_i' <Predicate = (!exitcond4_i_i)> <Delay = 4.17> <Core = "Mul">   --->   Core 16 'Mul' <Latency = 0> <II = 1> <Delay = 3.74> <FuncUnit> <Opcode : 'mul'> <InPorts = 2> <OutPorts = 1>
ST_5 : Operation 1041 [1/1] (0.00ns)   --->   "%tmp_23_6_10_i_i = call i30 @_ssdm_op_BitConcatenate.i30.i16.i14(i16 %r_V_6_10_i_i, i14 0)" [MathieuHelpMe/Classifier.cpp:72->MathieuHelpMe/Classifier.cpp:136]   --->   Operation 1041 'bitconcatenate' 'tmp_23_6_10_i_i' <Predicate = (!exitcond4_i_i)> <Delay = 0.00>
ST_5 : Operation 1042 [1/1] (0.00ns)   --->   "%tmp_23_6_10_cast_i_i = sext i30 %tmp_23_6_10_i_i to i31" [MathieuHelpMe/Classifier.cpp:69->MathieuHelpMe/Classifier.cpp:136]   --->   Operation 1042 'sext' 'tmp_23_6_10_cast_i_i' <Predicate = (!exitcond4_i_i)> <Delay = 0.00>
ST_5 : Operation 1043 [1/1] (0.00ns)   --->   "%OP1_V_6_11_i_i = sext i8 %tmp_124_i_i to i16" [MathieuHelpMe/Classifier.cpp:71->MathieuHelpMe/Classifier.cpp:136]   --->   Operation 1043 'sext' 'OP1_V_6_11_i_i' <Predicate = (!exitcond4_i_i)> <Delay = 0.00>
ST_5 : Operation 1044 [1/1] (4.17ns)   --->   "%r_V_6_11_i_i = mul i16 %OP2_V_6_i_i, %OP1_V_6_11_i_i" [MathieuHelpMe/Classifier.cpp:71->MathieuHelpMe/Classifier.cpp:136]   --->   Operation 1044 'mul' 'r_V_6_11_i_i' <Predicate = (!exitcond4_i_i)> <Delay = 4.17> <Core = "Mul">   --->   Core 16 'Mul' <Latency = 0> <II = 1> <Delay = 3.74> <FuncUnit> <Opcode : 'mul'> <InPorts = 2> <OutPorts = 1>
ST_5 : Operation 1045 [1/1] (0.00ns)   --->   "%tmp_23_6_11_i_i = call i30 @_ssdm_op_BitConcatenate.i30.i16.i14(i16 %r_V_6_11_i_i, i14 0)" [MathieuHelpMe/Classifier.cpp:72->MathieuHelpMe/Classifier.cpp:136]   --->   Operation 1045 'bitconcatenate' 'tmp_23_6_11_i_i' <Predicate = (!exitcond4_i_i)> <Delay = 0.00>
ST_5 : Operation 1046 [1/1] (0.00ns)   --->   "%tmp_23_6_11_cast_i_i = sext i30 %tmp_23_6_11_i_i to i31" [MathieuHelpMe/Classifier.cpp:69->MathieuHelpMe/Classifier.cpp:136]   --->   Operation 1046 'sext' 'tmp_23_6_11_cast_i_i' <Predicate = (!exitcond4_i_i)> <Delay = 0.00>
ST_5 : Operation 1047 [1/1] (0.00ns)   --->   "%OP1_V_6_12_i_i = sext i8 %tmp_125_i_i to i16" [MathieuHelpMe/Classifier.cpp:71->MathieuHelpMe/Classifier.cpp:136]   --->   Operation 1047 'sext' 'OP1_V_6_12_i_i' <Predicate = (!exitcond4_i_i)> <Delay = 0.00>
ST_5 : Operation 1048 [1/1] (4.17ns)   --->   "%r_V_6_12_i_i = mul i16 %OP2_V_6_i_i, %OP1_V_6_12_i_i" [MathieuHelpMe/Classifier.cpp:71->MathieuHelpMe/Classifier.cpp:136]   --->   Operation 1048 'mul' 'r_V_6_12_i_i' <Predicate = (!exitcond4_i_i)> <Delay = 4.17> <Core = "Mul">   --->   Core 16 'Mul' <Latency = 0> <II = 1> <Delay = 3.74> <FuncUnit> <Opcode : 'mul'> <InPorts = 2> <OutPorts = 1>
ST_5 : Operation 1049 [1/1] (0.00ns)   --->   "%tmp_23_6_12_i_i = call i30 @_ssdm_op_BitConcatenate.i30.i16.i14(i16 %r_V_6_12_i_i, i14 0)" [MathieuHelpMe/Classifier.cpp:72->MathieuHelpMe/Classifier.cpp:136]   --->   Operation 1049 'bitconcatenate' 'tmp_23_6_12_i_i' <Predicate = (!exitcond4_i_i)> <Delay = 0.00>
ST_5 : Operation 1050 [1/1] (0.00ns)   --->   "%tmp_23_6_12_cast_i_i = sext i30 %tmp_23_6_12_i_i to i31" [MathieuHelpMe/Classifier.cpp:69->MathieuHelpMe/Classifier.cpp:136]   --->   Operation 1050 'sext' 'tmp_23_6_12_cast_i_i' <Predicate = (!exitcond4_i_i)> <Delay = 0.00>
ST_5 : Operation 1051 [1/1] (0.00ns)   --->   "%OP1_V_6_13_i_i = sext i8 %tmp_126_i_i to i16" [MathieuHelpMe/Classifier.cpp:71->MathieuHelpMe/Classifier.cpp:136]   --->   Operation 1051 'sext' 'OP1_V_6_13_i_i' <Predicate = (!exitcond4_i_i)> <Delay = 0.00>
ST_5 : Operation 1052 [1/1] (4.17ns)   --->   "%r_V_6_13_i_i = mul i16 %OP2_V_6_i_i, %OP1_V_6_13_i_i" [MathieuHelpMe/Classifier.cpp:71->MathieuHelpMe/Classifier.cpp:136]   --->   Operation 1052 'mul' 'r_V_6_13_i_i' <Predicate = (!exitcond4_i_i)> <Delay = 4.17> <Core = "Mul">   --->   Core 16 'Mul' <Latency = 0> <II = 1> <Delay = 3.74> <FuncUnit> <Opcode : 'mul'> <InPorts = 2> <OutPorts = 1>
ST_5 : Operation 1053 [1/1] (0.00ns)   --->   "%tmp_23_6_13_i_i = call i30 @_ssdm_op_BitConcatenate.i30.i16.i14(i16 %r_V_6_13_i_i, i14 0)" [MathieuHelpMe/Classifier.cpp:72->MathieuHelpMe/Classifier.cpp:136]   --->   Operation 1053 'bitconcatenate' 'tmp_23_6_13_i_i' <Predicate = (!exitcond4_i_i)> <Delay = 0.00>
ST_5 : Operation 1054 [1/1] (0.00ns)   --->   "%tmp_23_6_13_cast_i_i = sext i30 %tmp_23_6_13_i_i to i31" [MathieuHelpMe/Classifier.cpp:69->MathieuHelpMe/Classifier.cpp:136]   --->   Operation 1054 'sext' 'tmp_23_6_13_cast_i_i' <Predicate = (!exitcond4_i_i)> <Delay = 0.00>
ST_5 : Operation 1055 [1/1] (0.00ns)   --->   "%OP1_V_6_14_i_i = sext i8 %tmp_127_i_i to i16" [MathieuHelpMe/Classifier.cpp:71->MathieuHelpMe/Classifier.cpp:136]   --->   Operation 1055 'sext' 'OP1_V_6_14_i_i' <Predicate = (!exitcond4_i_i)> <Delay = 0.00>
ST_5 : Operation 1056 [1/1] (4.17ns)   --->   "%r_V_6_14_i_i = mul i16 %OP2_V_6_i_i, %OP1_V_6_14_i_i" [MathieuHelpMe/Classifier.cpp:71->MathieuHelpMe/Classifier.cpp:136]   --->   Operation 1056 'mul' 'r_V_6_14_i_i' <Predicate = (!exitcond4_i_i)> <Delay = 4.17> <Core = "Mul">   --->   Core 16 'Mul' <Latency = 0> <II = 1> <Delay = 3.74> <FuncUnit> <Opcode : 'mul'> <InPorts = 2> <OutPorts = 1>
ST_5 : Operation 1057 [1/1] (0.00ns)   --->   "%tmp_23_6_14_i_i = call i30 @_ssdm_op_BitConcatenate.i30.i16.i14(i16 %r_V_6_14_i_i, i14 0)" [MathieuHelpMe/Classifier.cpp:72->MathieuHelpMe/Classifier.cpp:136]   --->   Operation 1057 'bitconcatenate' 'tmp_23_6_14_i_i' <Predicate = (!exitcond4_i_i)> <Delay = 0.00>
ST_5 : Operation 1058 [1/1] (0.00ns)   --->   "%tmp_23_6_14_cast_i_i = sext i30 %tmp_23_6_14_i_i to i31" [MathieuHelpMe/Classifier.cpp:72->MathieuHelpMe/Classifier.cpp:136]   --->   Operation 1058 'sext' 'tmp_23_6_14_cast_i_i' <Predicate = (!exitcond4_i_i)> <Delay = 0.00>
ST_5 : Operation 1059 [1/1] (0.00ns)   --->   "%OP1_V_7_i_i = sext i8 %tmp_128_i_i to i16" [MathieuHelpMe/Classifier.cpp:71->MathieuHelpMe/Classifier.cpp:136]   --->   Operation 1059 'sext' 'OP1_V_7_i_i' <Predicate = (!exitcond4_i_i)> <Delay = 0.00>
ST_5 : Operation 1060 [1/1] (0.00ns)   --->   "%OP2_V_7_i_i = sext i8 %x_local_7_V_load to i16" [MathieuHelpMe/Classifier.cpp:71->MathieuHelpMe/Classifier.cpp:136]   --->   Operation 1060 'sext' 'OP2_V_7_i_i' <Predicate = (!exitcond4_i_i)> <Delay = 0.00>
ST_5 : Operation 1061 [1/1] (4.17ns)   --->   "%r_V_7_i_i = mul i16 %OP2_V_7_i_i, %OP1_V_7_i_i" [MathieuHelpMe/Classifier.cpp:71->MathieuHelpMe/Classifier.cpp:136]   --->   Operation 1061 'mul' 'r_V_7_i_i' <Predicate = (!exitcond4_i_i)> <Delay = 4.17> <Core = "Mul">   --->   Core 16 'Mul' <Latency = 0> <II = 1> <Delay = 3.74> <FuncUnit> <Opcode : 'mul'> <InPorts = 2> <OutPorts = 1>
ST_5 : Operation 1062 [1/1] (0.00ns)   --->   "%tmp_23_7_i_i = call i30 @_ssdm_op_BitConcatenate.i30.i16.i14(i16 %r_V_7_i_i, i14 0)" [MathieuHelpMe/Classifier.cpp:72->MathieuHelpMe/Classifier.cpp:136]   --->   Operation 1062 'bitconcatenate' 'tmp_23_7_i_i' <Predicate = (!exitcond4_i_i)> <Delay = 0.00>
ST_5 : Operation 1063 [1/1] (0.00ns)   --->   "%tmp_23_7_cast_i_i_ca = sext i30 %tmp_23_7_i_i to i31" [MathieuHelpMe/Classifier.cpp:69->MathieuHelpMe/Classifier.cpp:136]   --->   Operation 1063 'sext' 'tmp_23_7_cast_i_i_ca' <Predicate = (!exitcond4_i_i)> <Delay = 0.00>
ST_5 : Operation 1064 [1/1] (0.00ns)   --->   "%OP1_V_7_1_i_i = sext i8 %tmp_129_i_i to i16" [MathieuHelpMe/Classifier.cpp:71->MathieuHelpMe/Classifier.cpp:136]   --->   Operation 1064 'sext' 'OP1_V_7_1_i_i' <Predicate = (!exitcond4_i_i)> <Delay = 0.00>
ST_5 : Operation 1065 [1/1] (4.17ns)   --->   "%r_V_7_1_i_i = mul i16 %OP2_V_7_i_i, %OP1_V_7_1_i_i" [MathieuHelpMe/Classifier.cpp:71->MathieuHelpMe/Classifier.cpp:136]   --->   Operation 1065 'mul' 'r_V_7_1_i_i' <Predicate = (!exitcond4_i_i)> <Delay = 4.17> <Core = "Mul">   --->   Core 16 'Mul' <Latency = 0> <II = 1> <Delay = 3.74> <FuncUnit> <Opcode : 'mul'> <InPorts = 2> <OutPorts = 1>
ST_5 : Operation 1066 [1/1] (0.00ns)   --->   "%tmp_23_7_1_i_i = call i30 @_ssdm_op_BitConcatenate.i30.i16.i14(i16 %r_V_7_1_i_i, i14 0)" [MathieuHelpMe/Classifier.cpp:72->MathieuHelpMe/Classifier.cpp:136]   --->   Operation 1066 'bitconcatenate' 'tmp_23_7_1_i_i' <Predicate = (!exitcond4_i_i)> <Delay = 0.00>
ST_5 : Operation 1067 [1/1] (0.00ns)   --->   "%tmp_23_7_1_cast_i_i_s = sext i30 %tmp_23_7_1_i_i to i31" [MathieuHelpMe/Classifier.cpp:69->MathieuHelpMe/Classifier.cpp:136]   --->   Operation 1067 'sext' 'tmp_23_7_1_cast_i_i_s' <Predicate = (!exitcond4_i_i)> <Delay = 0.00>
ST_5 : Operation 1068 [1/1] (0.00ns)   --->   "%OP1_V_7_2_i_i = sext i8 %tmp_130_i_i to i16" [MathieuHelpMe/Classifier.cpp:71->MathieuHelpMe/Classifier.cpp:136]   --->   Operation 1068 'sext' 'OP1_V_7_2_i_i' <Predicate = (!exitcond4_i_i)> <Delay = 0.00>
ST_5 : Operation 1069 [1/1] (4.17ns)   --->   "%r_V_7_2_i_i = mul i16 %OP2_V_7_i_i, %OP1_V_7_2_i_i" [MathieuHelpMe/Classifier.cpp:71->MathieuHelpMe/Classifier.cpp:136]   --->   Operation 1069 'mul' 'r_V_7_2_i_i' <Predicate = (!exitcond4_i_i)> <Delay = 4.17> <Core = "Mul">   --->   Core 16 'Mul' <Latency = 0> <II = 1> <Delay = 3.74> <FuncUnit> <Opcode : 'mul'> <InPorts = 2> <OutPorts = 1>
ST_5 : Operation 1070 [1/1] (0.00ns)   --->   "%tmp_23_7_2_i_i = call i30 @_ssdm_op_BitConcatenate.i30.i16.i14(i16 %r_V_7_2_i_i, i14 0)" [MathieuHelpMe/Classifier.cpp:72->MathieuHelpMe/Classifier.cpp:136]   --->   Operation 1070 'bitconcatenate' 'tmp_23_7_2_i_i' <Predicate = (!exitcond4_i_i)> <Delay = 0.00>
ST_5 : Operation 1071 [1/1] (0.00ns)   --->   "%tmp_23_7_2_cast_i_i_s = sext i30 %tmp_23_7_2_i_i to i31" [MathieuHelpMe/Classifier.cpp:69->MathieuHelpMe/Classifier.cpp:136]   --->   Operation 1071 'sext' 'tmp_23_7_2_cast_i_i_s' <Predicate = (!exitcond4_i_i)> <Delay = 0.00>
ST_5 : Operation 1072 [1/1] (0.00ns)   --->   "%OP1_V_7_3_i_i = sext i8 %tmp_131_i_i to i16" [MathieuHelpMe/Classifier.cpp:71->MathieuHelpMe/Classifier.cpp:136]   --->   Operation 1072 'sext' 'OP1_V_7_3_i_i' <Predicate = (!exitcond4_i_i)> <Delay = 0.00>
ST_5 : Operation 1073 [1/1] (4.17ns)   --->   "%r_V_7_3_i_i = mul i16 %OP2_V_7_i_i, %OP1_V_7_3_i_i" [MathieuHelpMe/Classifier.cpp:71->MathieuHelpMe/Classifier.cpp:136]   --->   Operation 1073 'mul' 'r_V_7_3_i_i' <Predicate = (!exitcond4_i_i)> <Delay = 4.17> <Core = "Mul">   --->   Core 16 'Mul' <Latency = 0> <II = 1> <Delay = 3.74> <FuncUnit> <Opcode : 'mul'> <InPorts = 2> <OutPorts = 1>
ST_5 : Operation 1074 [1/1] (0.00ns)   --->   "%tmp_23_7_3_i_i = call i30 @_ssdm_op_BitConcatenate.i30.i16.i14(i16 %r_V_7_3_i_i, i14 0)" [MathieuHelpMe/Classifier.cpp:72->MathieuHelpMe/Classifier.cpp:136]   --->   Operation 1074 'bitconcatenate' 'tmp_23_7_3_i_i' <Predicate = (!exitcond4_i_i)> <Delay = 0.00>
ST_5 : Operation 1075 [1/1] (0.00ns)   --->   "%tmp_23_7_3_cast_i_i_s = sext i30 %tmp_23_7_3_i_i to i31" [MathieuHelpMe/Classifier.cpp:69->MathieuHelpMe/Classifier.cpp:136]   --->   Operation 1075 'sext' 'tmp_23_7_3_cast_i_i_s' <Predicate = (!exitcond4_i_i)> <Delay = 0.00>
ST_5 : Operation 1076 [1/1] (0.00ns)   --->   "%OP1_V_7_4_i_i = sext i8 %tmp_132_i_i to i16" [MathieuHelpMe/Classifier.cpp:71->MathieuHelpMe/Classifier.cpp:136]   --->   Operation 1076 'sext' 'OP1_V_7_4_i_i' <Predicate = (!exitcond4_i_i)> <Delay = 0.00>
ST_5 : Operation 1077 [1/1] (4.17ns)   --->   "%r_V_7_4_i_i = mul i16 %OP2_V_7_i_i, %OP1_V_7_4_i_i" [MathieuHelpMe/Classifier.cpp:71->MathieuHelpMe/Classifier.cpp:136]   --->   Operation 1077 'mul' 'r_V_7_4_i_i' <Predicate = (!exitcond4_i_i)> <Delay = 4.17> <Core = "Mul">   --->   Core 16 'Mul' <Latency = 0> <II = 1> <Delay = 3.74> <FuncUnit> <Opcode : 'mul'> <InPorts = 2> <OutPorts = 1>
ST_5 : Operation 1078 [1/1] (0.00ns)   --->   "%tmp_23_7_4_i_i = call i30 @_ssdm_op_BitConcatenate.i30.i16.i14(i16 %r_V_7_4_i_i, i14 0)" [MathieuHelpMe/Classifier.cpp:72->MathieuHelpMe/Classifier.cpp:136]   --->   Operation 1078 'bitconcatenate' 'tmp_23_7_4_i_i' <Predicate = (!exitcond4_i_i)> <Delay = 0.00>
ST_5 : Operation 1079 [1/1] (0.00ns)   --->   "%tmp_23_7_4_cast_i_i_s = sext i30 %tmp_23_7_4_i_i to i31" [MathieuHelpMe/Classifier.cpp:69->MathieuHelpMe/Classifier.cpp:136]   --->   Operation 1079 'sext' 'tmp_23_7_4_cast_i_i_s' <Predicate = (!exitcond4_i_i)> <Delay = 0.00>
ST_5 : Operation 1080 [1/1] (0.00ns)   --->   "%OP1_V_7_5_i_i = sext i8 %tmp_133_i_i to i16" [MathieuHelpMe/Classifier.cpp:71->MathieuHelpMe/Classifier.cpp:136]   --->   Operation 1080 'sext' 'OP1_V_7_5_i_i' <Predicate = (!exitcond4_i_i)> <Delay = 0.00>
ST_5 : Operation 1081 [1/1] (4.17ns)   --->   "%r_V_7_5_i_i = mul i16 %OP2_V_7_i_i, %OP1_V_7_5_i_i" [MathieuHelpMe/Classifier.cpp:71->MathieuHelpMe/Classifier.cpp:136]   --->   Operation 1081 'mul' 'r_V_7_5_i_i' <Predicate = (!exitcond4_i_i)> <Delay = 4.17> <Core = "Mul">   --->   Core 16 'Mul' <Latency = 0> <II = 1> <Delay = 3.74> <FuncUnit> <Opcode : 'mul'> <InPorts = 2> <OutPorts = 1>
ST_5 : Operation 1082 [1/1] (0.00ns)   --->   "%tmp_23_7_5_i_i = call i30 @_ssdm_op_BitConcatenate.i30.i16.i14(i16 %r_V_7_5_i_i, i14 0)" [MathieuHelpMe/Classifier.cpp:72->MathieuHelpMe/Classifier.cpp:136]   --->   Operation 1082 'bitconcatenate' 'tmp_23_7_5_i_i' <Predicate = (!exitcond4_i_i)> <Delay = 0.00>
ST_5 : Operation 1083 [1/1] (0.00ns)   --->   "%tmp_23_7_5_cast_i_i_s = sext i30 %tmp_23_7_5_i_i to i31" [MathieuHelpMe/Classifier.cpp:69->MathieuHelpMe/Classifier.cpp:136]   --->   Operation 1083 'sext' 'tmp_23_7_5_cast_i_i_s' <Predicate = (!exitcond4_i_i)> <Delay = 0.00>
ST_5 : Operation 1084 [1/1] (0.00ns)   --->   "%OP1_V_7_6_i_i = sext i8 %tmp_134_i_i to i16" [MathieuHelpMe/Classifier.cpp:71->MathieuHelpMe/Classifier.cpp:136]   --->   Operation 1084 'sext' 'OP1_V_7_6_i_i' <Predicate = (!exitcond4_i_i)> <Delay = 0.00>
ST_5 : Operation 1085 [1/1] (4.17ns)   --->   "%r_V_7_6_i_i = mul i16 %OP2_V_7_i_i, %OP1_V_7_6_i_i" [MathieuHelpMe/Classifier.cpp:71->MathieuHelpMe/Classifier.cpp:136]   --->   Operation 1085 'mul' 'r_V_7_6_i_i' <Predicate = (!exitcond4_i_i)> <Delay = 4.17> <Core = "Mul">   --->   Core 16 'Mul' <Latency = 0> <II = 1> <Delay = 3.74> <FuncUnit> <Opcode : 'mul'> <InPorts = 2> <OutPorts = 1>
ST_5 : Operation 1086 [1/1] (0.00ns)   --->   "%tmp_23_7_6_i_i = call i30 @_ssdm_op_BitConcatenate.i30.i16.i14(i16 %r_V_7_6_i_i, i14 0)" [MathieuHelpMe/Classifier.cpp:72->MathieuHelpMe/Classifier.cpp:136]   --->   Operation 1086 'bitconcatenate' 'tmp_23_7_6_i_i' <Predicate = (!exitcond4_i_i)> <Delay = 0.00>
ST_5 : Operation 1087 [1/1] (0.00ns)   --->   "%tmp_23_7_6_cast_i_i_s = sext i30 %tmp_23_7_6_i_i to i31" [MathieuHelpMe/Classifier.cpp:69->MathieuHelpMe/Classifier.cpp:136]   --->   Operation 1087 'sext' 'tmp_23_7_6_cast_i_i_s' <Predicate = (!exitcond4_i_i)> <Delay = 0.00>
ST_5 : Operation 1088 [1/1] (0.00ns)   --->   "%OP1_V_7_7_i_i = sext i8 %tmp_135_i_i to i16" [MathieuHelpMe/Classifier.cpp:71->MathieuHelpMe/Classifier.cpp:136]   --->   Operation 1088 'sext' 'OP1_V_7_7_i_i' <Predicate = (!exitcond4_i_i)> <Delay = 0.00>
ST_5 : Operation 1089 [1/1] (4.17ns)   --->   "%r_V_7_7_i_i = mul i16 %OP2_V_7_i_i, %OP1_V_7_7_i_i" [MathieuHelpMe/Classifier.cpp:71->MathieuHelpMe/Classifier.cpp:136]   --->   Operation 1089 'mul' 'r_V_7_7_i_i' <Predicate = (!exitcond4_i_i)> <Delay = 4.17> <Core = "Mul">   --->   Core 16 'Mul' <Latency = 0> <II = 1> <Delay = 3.74> <FuncUnit> <Opcode : 'mul'> <InPorts = 2> <OutPorts = 1>
ST_5 : Operation 1090 [1/1] (0.00ns)   --->   "%tmp_23_7_7_i_i = call i30 @_ssdm_op_BitConcatenate.i30.i16.i14(i16 %r_V_7_7_i_i, i14 0)" [MathieuHelpMe/Classifier.cpp:72->MathieuHelpMe/Classifier.cpp:136]   --->   Operation 1090 'bitconcatenate' 'tmp_23_7_7_i_i' <Predicate = (!exitcond4_i_i)> <Delay = 0.00>
ST_5 : Operation 1091 [1/1] (0.00ns)   --->   "%tmp_23_7_7_cast_i_i_s = sext i30 %tmp_23_7_7_i_i to i31" [MathieuHelpMe/Classifier.cpp:69->MathieuHelpMe/Classifier.cpp:136]   --->   Operation 1091 'sext' 'tmp_23_7_7_cast_i_i_s' <Predicate = (!exitcond4_i_i)> <Delay = 0.00>
ST_5 : Operation 1092 [1/1] (0.00ns)   --->   "%OP1_V_7_8_i_i = sext i8 %tmp_136_i_i to i16" [MathieuHelpMe/Classifier.cpp:71->MathieuHelpMe/Classifier.cpp:136]   --->   Operation 1092 'sext' 'OP1_V_7_8_i_i' <Predicate = (!exitcond4_i_i)> <Delay = 0.00>
ST_5 : Operation 1093 [1/1] (4.17ns)   --->   "%r_V_7_8_i_i = mul i16 %OP2_V_7_i_i, %OP1_V_7_8_i_i" [MathieuHelpMe/Classifier.cpp:71->MathieuHelpMe/Classifier.cpp:136]   --->   Operation 1093 'mul' 'r_V_7_8_i_i' <Predicate = (!exitcond4_i_i)> <Delay = 4.17> <Core = "Mul">   --->   Core 16 'Mul' <Latency = 0> <II = 1> <Delay = 3.74> <FuncUnit> <Opcode : 'mul'> <InPorts = 2> <OutPorts = 1>
ST_5 : Operation 1094 [1/1] (0.00ns)   --->   "%tmp_23_7_8_i_i = call i30 @_ssdm_op_BitConcatenate.i30.i16.i14(i16 %r_V_7_8_i_i, i14 0)" [MathieuHelpMe/Classifier.cpp:72->MathieuHelpMe/Classifier.cpp:136]   --->   Operation 1094 'bitconcatenate' 'tmp_23_7_8_i_i' <Predicate = (!exitcond4_i_i)> <Delay = 0.00>
ST_5 : Operation 1095 [1/1] (0.00ns)   --->   "%tmp_23_7_8_cast_i_i_s = sext i30 %tmp_23_7_8_i_i to i31" [MathieuHelpMe/Classifier.cpp:69->MathieuHelpMe/Classifier.cpp:136]   --->   Operation 1095 'sext' 'tmp_23_7_8_cast_i_i_s' <Predicate = (!exitcond4_i_i)> <Delay = 0.00>
ST_5 : Operation 1096 [1/1] (0.00ns)   --->   "%OP1_V_7_9_i_i = sext i8 %tmp_137_i_i to i16" [MathieuHelpMe/Classifier.cpp:71->MathieuHelpMe/Classifier.cpp:136]   --->   Operation 1096 'sext' 'OP1_V_7_9_i_i' <Predicate = (!exitcond4_i_i)> <Delay = 0.00>
ST_5 : Operation 1097 [1/1] (4.17ns)   --->   "%r_V_7_9_i_i = mul i16 %OP2_V_7_i_i, %OP1_V_7_9_i_i" [MathieuHelpMe/Classifier.cpp:71->MathieuHelpMe/Classifier.cpp:136]   --->   Operation 1097 'mul' 'r_V_7_9_i_i' <Predicate = (!exitcond4_i_i)> <Delay = 4.17> <Core = "Mul">   --->   Core 16 'Mul' <Latency = 0> <II = 1> <Delay = 3.74> <FuncUnit> <Opcode : 'mul'> <InPorts = 2> <OutPorts = 1>
ST_5 : Operation 1098 [1/1] (0.00ns)   --->   "%tmp_23_7_9_i_i = call i30 @_ssdm_op_BitConcatenate.i30.i16.i14(i16 %r_V_7_9_i_i, i14 0)" [MathieuHelpMe/Classifier.cpp:72->MathieuHelpMe/Classifier.cpp:136]   --->   Operation 1098 'bitconcatenate' 'tmp_23_7_9_i_i' <Predicate = (!exitcond4_i_i)> <Delay = 0.00>
ST_5 : Operation 1099 [1/1] (0.00ns)   --->   "%tmp_23_7_9_cast_i_i_s = sext i30 %tmp_23_7_9_i_i to i31" [MathieuHelpMe/Classifier.cpp:69->MathieuHelpMe/Classifier.cpp:136]   --->   Operation 1099 'sext' 'tmp_23_7_9_cast_i_i_s' <Predicate = (!exitcond4_i_i)> <Delay = 0.00>
ST_5 : Operation 1100 [1/1] (0.00ns)   --->   "%OP1_V_7_i_i_54 = sext i8 %tmp_138_i_i to i16" [MathieuHelpMe/Classifier.cpp:71->MathieuHelpMe/Classifier.cpp:136]   --->   Operation 1100 'sext' 'OP1_V_7_i_i_54' <Predicate = (!exitcond4_i_i)> <Delay = 0.00>
ST_5 : Operation 1101 [1/1] (4.17ns)   --->   "%r_V_7_i_i_55 = mul i16 %OP2_V_7_i_i, %OP1_V_7_i_i_54" [MathieuHelpMe/Classifier.cpp:71->MathieuHelpMe/Classifier.cpp:136]   --->   Operation 1101 'mul' 'r_V_7_i_i_55' <Predicate = (!exitcond4_i_i)> <Delay = 4.17> <Core = "Mul">   --->   Core 16 'Mul' <Latency = 0> <II = 1> <Delay = 3.74> <FuncUnit> <Opcode : 'mul'> <InPorts = 2> <OutPorts = 1>
ST_5 : Operation 1102 [1/1] (0.00ns)   --->   "%tmp_23_7_i_i_56 = call i30 @_ssdm_op_BitConcatenate.i30.i16.i14(i16 %r_V_7_i_i_55, i14 0)" [MathieuHelpMe/Classifier.cpp:72->MathieuHelpMe/Classifier.cpp:136]   --->   Operation 1102 'bitconcatenate' 'tmp_23_7_i_i_56' <Predicate = (!exitcond4_i_i)> <Delay = 0.00>
ST_5 : Operation 1103 [1/1] (0.00ns)   --->   "%tmp_23_7_cast_i_i_c = sext i30 %tmp_23_7_i_i_56 to i31" [MathieuHelpMe/Classifier.cpp:69->MathieuHelpMe/Classifier.cpp:136]   --->   Operation 1103 'sext' 'tmp_23_7_cast_i_i_c' <Predicate = (!exitcond4_i_i)> <Delay = 0.00>
ST_5 : Operation 1104 [1/1] (0.00ns)   --->   "%OP1_V_7_10_i_i = sext i8 %tmp_139_i_i to i16" [MathieuHelpMe/Classifier.cpp:71->MathieuHelpMe/Classifier.cpp:136]   --->   Operation 1104 'sext' 'OP1_V_7_10_i_i' <Predicate = (!exitcond4_i_i)> <Delay = 0.00>
ST_5 : Operation 1105 [1/1] (4.17ns)   --->   "%r_V_7_10_i_i = mul i16 %OP2_V_7_i_i, %OP1_V_7_10_i_i" [MathieuHelpMe/Classifier.cpp:71->MathieuHelpMe/Classifier.cpp:136]   --->   Operation 1105 'mul' 'r_V_7_10_i_i' <Predicate = (!exitcond4_i_i)> <Delay = 4.17> <Core = "Mul">   --->   Core 16 'Mul' <Latency = 0> <II = 1> <Delay = 3.74> <FuncUnit> <Opcode : 'mul'> <InPorts = 2> <OutPorts = 1>
ST_5 : Operation 1106 [1/1] (0.00ns)   --->   "%tmp_23_7_10_i_i = call i30 @_ssdm_op_BitConcatenate.i30.i16.i14(i16 %r_V_7_10_i_i, i14 0)" [MathieuHelpMe/Classifier.cpp:72->MathieuHelpMe/Classifier.cpp:136]   --->   Operation 1106 'bitconcatenate' 'tmp_23_7_10_i_i' <Predicate = (!exitcond4_i_i)> <Delay = 0.00>
ST_5 : Operation 1107 [1/1] (0.00ns)   --->   "%tmp_23_7_10_cast_i_i = sext i30 %tmp_23_7_10_i_i to i31" [MathieuHelpMe/Classifier.cpp:69->MathieuHelpMe/Classifier.cpp:136]   --->   Operation 1107 'sext' 'tmp_23_7_10_cast_i_i' <Predicate = (!exitcond4_i_i)> <Delay = 0.00>
ST_5 : Operation 1108 [1/1] (0.00ns)   --->   "%OP1_V_7_11_i_i = sext i8 %tmp_140_i_i to i16" [MathieuHelpMe/Classifier.cpp:71->MathieuHelpMe/Classifier.cpp:136]   --->   Operation 1108 'sext' 'OP1_V_7_11_i_i' <Predicate = (!exitcond4_i_i)> <Delay = 0.00>
ST_5 : Operation 1109 [1/1] (4.17ns)   --->   "%r_V_7_11_i_i = mul i16 %OP2_V_7_i_i, %OP1_V_7_11_i_i" [MathieuHelpMe/Classifier.cpp:71->MathieuHelpMe/Classifier.cpp:136]   --->   Operation 1109 'mul' 'r_V_7_11_i_i' <Predicate = (!exitcond4_i_i)> <Delay = 4.17> <Core = "Mul">   --->   Core 16 'Mul' <Latency = 0> <II = 1> <Delay = 3.74> <FuncUnit> <Opcode : 'mul'> <InPorts = 2> <OutPorts = 1>
ST_5 : Operation 1110 [1/1] (0.00ns)   --->   "%tmp_23_7_11_i_i = call i30 @_ssdm_op_BitConcatenate.i30.i16.i14(i16 %r_V_7_11_i_i, i14 0)" [MathieuHelpMe/Classifier.cpp:72->MathieuHelpMe/Classifier.cpp:136]   --->   Operation 1110 'bitconcatenate' 'tmp_23_7_11_i_i' <Predicate = (!exitcond4_i_i)> <Delay = 0.00>
ST_5 : Operation 1111 [1/1] (0.00ns)   --->   "%tmp_23_7_11_cast_i_i = sext i30 %tmp_23_7_11_i_i to i31" [MathieuHelpMe/Classifier.cpp:69->MathieuHelpMe/Classifier.cpp:136]   --->   Operation 1111 'sext' 'tmp_23_7_11_cast_i_i' <Predicate = (!exitcond4_i_i)> <Delay = 0.00>
ST_5 : Operation 1112 [1/1] (0.00ns)   --->   "%OP1_V_7_12_i_i = sext i8 %tmp_141_i_i to i16" [MathieuHelpMe/Classifier.cpp:71->MathieuHelpMe/Classifier.cpp:136]   --->   Operation 1112 'sext' 'OP1_V_7_12_i_i' <Predicate = (!exitcond4_i_i)> <Delay = 0.00>
ST_5 : Operation 1113 [1/1] (4.17ns)   --->   "%r_V_7_12_i_i = mul i16 %OP2_V_7_i_i, %OP1_V_7_12_i_i" [MathieuHelpMe/Classifier.cpp:71->MathieuHelpMe/Classifier.cpp:136]   --->   Operation 1113 'mul' 'r_V_7_12_i_i' <Predicate = (!exitcond4_i_i)> <Delay = 4.17> <Core = "Mul">   --->   Core 16 'Mul' <Latency = 0> <II = 1> <Delay = 3.74> <FuncUnit> <Opcode : 'mul'> <InPorts = 2> <OutPorts = 1>
ST_5 : Operation 1114 [1/1] (0.00ns)   --->   "%tmp_23_7_12_i_i = call i30 @_ssdm_op_BitConcatenate.i30.i16.i14(i16 %r_V_7_12_i_i, i14 0)" [MathieuHelpMe/Classifier.cpp:72->MathieuHelpMe/Classifier.cpp:136]   --->   Operation 1114 'bitconcatenate' 'tmp_23_7_12_i_i' <Predicate = (!exitcond4_i_i)> <Delay = 0.00>
ST_5 : Operation 1115 [1/1] (0.00ns)   --->   "%tmp_23_7_12_cast_i_i = sext i30 %tmp_23_7_12_i_i to i31" [MathieuHelpMe/Classifier.cpp:69->MathieuHelpMe/Classifier.cpp:136]   --->   Operation 1115 'sext' 'tmp_23_7_12_cast_i_i' <Predicate = (!exitcond4_i_i)> <Delay = 0.00>
ST_5 : Operation 1116 [1/1] (0.00ns)   --->   "%OP1_V_7_13_i_i = sext i8 %tmp_142_i_i to i16" [MathieuHelpMe/Classifier.cpp:71->MathieuHelpMe/Classifier.cpp:136]   --->   Operation 1116 'sext' 'OP1_V_7_13_i_i' <Predicate = (!exitcond4_i_i)> <Delay = 0.00>
ST_5 : Operation 1117 [1/1] (4.17ns)   --->   "%r_V_7_13_i_i = mul i16 %OP2_V_7_i_i, %OP1_V_7_13_i_i" [MathieuHelpMe/Classifier.cpp:71->MathieuHelpMe/Classifier.cpp:136]   --->   Operation 1117 'mul' 'r_V_7_13_i_i' <Predicate = (!exitcond4_i_i)> <Delay = 4.17> <Core = "Mul">   --->   Core 16 'Mul' <Latency = 0> <II = 1> <Delay = 3.74> <FuncUnit> <Opcode : 'mul'> <InPorts = 2> <OutPorts = 1>
ST_5 : Operation 1118 [1/1] (0.00ns)   --->   "%tmp_23_7_13_i_i = call i30 @_ssdm_op_BitConcatenate.i30.i16.i14(i16 %r_V_7_13_i_i, i14 0)" [MathieuHelpMe/Classifier.cpp:72->MathieuHelpMe/Classifier.cpp:136]   --->   Operation 1118 'bitconcatenate' 'tmp_23_7_13_i_i' <Predicate = (!exitcond4_i_i)> <Delay = 0.00>
ST_5 : Operation 1119 [1/1] (0.00ns)   --->   "%tmp_23_7_13_cast_i_i = sext i30 %tmp_23_7_13_i_i to i31" [MathieuHelpMe/Classifier.cpp:69->MathieuHelpMe/Classifier.cpp:136]   --->   Operation 1119 'sext' 'tmp_23_7_13_cast_i_i' <Predicate = (!exitcond4_i_i)> <Delay = 0.00>
ST_5 : Operation 1120 [1/1] (0.00ns)   --->   "%OP1_V_7_14_i_i = sext i8 %tmp_143_i_i to i16" [MathieuHelpMe/Classifier.cpp:71->MathieuHelpMe/Classifier.cpp:136]   --->   Operation 1120 'sext' 'OP1_V_7_14_i_i' <Predicate = (!exitcond4_i_i)> <Delay = 0.00>
ST_5 : Operation 1121 [1/1] (4.17ns)   --->   "%r_V_7_14_i_i = mul i16 %OP2_V_7_i_i, %OP1_V_7_14_i_i" [MathieuHelpMe/Classifier.cpp:71->MathieuHelpMe/Classifier.cpp:136]   --->   Operation 1121 'mul' 'r_V_7_14_i_i' <Predicate = (!exitcond4_i_i)> <Delay = 4.17> <Core = "Mul">   --->   Core 16 'Mul' <Latency = 0> <II = 1> <Delay = 3.74> <FuncUnit> <Opcode : 'mul'> <InPorts = 2> <OutPorts = 1>
ST_5 : Operation 1122 [1/1] (0.00ns)   --->   "%tmp_23_7_14_i_i = call i30 @_ssdm_op_BitConcatenate.i30.i16.i14(i16 %r_V_7_14_i_i, i14 0)" [MathieuHelpMe/Classifier.cpp:72->MathieuHelpMe/Classifier.cpp:136]   --->   Operation 1122 'bitconcatenate' 'tmp_23_7_14_i_i' <Predicate = (!exitcond4_i_i)> <Delay = 0.00>
ST_5 : Operation 1123 [1/1] (0.00ns)   --->   "%tmp_23_7_14_cast_i_i = sext i30 %tmp_23_7_14_i_i to i31" [MathieuHelpMe/Classifier.cpp:72->MathieuHelpMe/Classifier.cpp:136]   --->   Operation 1123 'sext' 'tmp_23_7_14_cast_i_i' <Predicate = (!exitcond4_i_i)> <Delay = 0.00>
ST_5 : Operation 1124 [1/1] (0.00ns)   --->   "%tmp_23_8_i_i = call i30 @_ssdm_op_BitConcatenate.i30.i16.i14(i16 %r_V_8_i_i, i14 0)" [MathieuHelpMe/Classifier.cpp:72->MathieuHelpMe/Classifier.cpp:136]   --->   Operation 1124 'bitconcatenate' 'tmp_23_8_i_i' <Predicate = (!exitcond4_i_i)> <Delay = 0.00>
ST_5 : Operation 1125 [1/1] (0.00ns)   --->   "%tmp_23_8_cast_i_i_ca = sext i30 %tmp_23_8_i_i to i31" [MathieuHelpMe/Classifier.cpp:69->MathieuHelpMe/Classifier.cpp:136]   --->   Operation 1125 'sext' 'tmp_23_8_cast_i_i_ca' <Predicate = (!exitcond4_i_i)> <Delay = 0.00>
ST_5 : Operation 1126 [1/1] (0.00ns)   --->   "%tmp_23_8_1_i_i = call i30 @_ssdm_op_BitConcatenate.i30.i16.i14(i16 %r_V_8_1_i_i, i14 0)" [MathieuHelpMe/Classifier.cpp:72->MathieuHelpMe/Classifier.cpp:136]   --->   Operation 1126 'bitconcatenate' 'tmp_23_8_1_i_i' <Predicate = (!exitcond4_i_i)> <Delay = 0.00>
ST_5 : Operation 1127 [1/1] (0.00ns)   --->   "%tmp_23_8_1_cast_i_i_s = sext i30 %tmp_23_8_1_i_i to i31" [MathieuHelpMe/Classifier.cpp:69->MathieuHelpMe/Classifier.cpp:136]   --->   Operation 1127 'sext' 'tmp_23_8_1_cast_i_i_s' <Predicate = (!exitcond4_i_i)> <Delay = 0.00>
ST_5 : Operation 1128 [1/1] (0.00ns)   --->   "%tmp_23_8_2_i_i = call i30 @_ssdm_op_BitConcatenate.i30.i16.i14(i16 %r_V_8_2_i_i, i14 0)" [MathieuHelpMe/Classifier.cpp:72->MathieuHelpMe/Classifier.cpp:136]   --->   Operation 1128 'bitconcatenate' 'tmp_23_8_2_i_i' <Predicate = (!exitcond4_i_i)> <Delay = 0.00>
ST_5 : Operation 1129 [1/1] (0.00ns)   --->   "%tmp_23_8_2_cast_i_i_s = sext i30 %tmp_23_8_2_i_i to i31" [MathieuHelpMe/Classifier.cpp:69->MathieuHelpMe/Classifier.cpp:136]   --->   Operation 1129 'sext' 'tmp_23_8_2_cast_i_i_s' <Predicate = (!exitcond4_i_i)> <Delay = 0.00>
ST_5 : Operation 1130 [1/1] (0.00ns)   --->   "%tmp_23_8_3_i_i = call i30 @_ssdm_op_BitConcatenate.i30.i16.i14(i16 %r_V_8_3_i_i, i14 0)" [MathieuHelpMe/Classifier.cpp:72->MathieuHelpMe/Classifier.cpp:136]   --->   Operation 1130 'bitconcatenate' 'tmp_23_8_3_i_i' <Predicate = (!exitcond4_i_i)> <Delay = 0.00>
ST_5 : Operation 1131 [1/1] (0.00ns)   --->   "%tmp_23_8_3_cast_i_i_s = sext i30 %tmp_23_8_3_i_i to i31" [MathieuHelpMe/Classifier.cpp:69->MathieuHelpMe/Classifier.cpp:136]   --->   Operation 1131 'sext' 'tmp_23_8_3_cast_i_i_s' <Predicate = (!exitcond4_i_i)> <Delay = 0.00>
ST_5 : Operation 1132 [1/1] (0.00ns)   --->   "%tmp_23_8_4_i_i = call i30 @_ssdm_op_BitConcatenate.i30.i16.i14(i16 %r_V_8_4_i_i, i14 0)" [MathieuHelpMe/Classifier.cpp:72->MathieuHelpMe/Classifier.cpp:136]   --->   Operation 1132 'bitconcatenate' 'tmp_23_8_4_i_i' <Predicate = (!exitcond4_i_i)> <Delay = 0.00>
ST_5 : Operation 1133 [1/1] (0.00ns)   --->   "%tmp_23_8_4_cast_i_i_s = sext i30 %tmp_23_8_4_i_i to i31" [MathieuHelpMe/Classifier.cpp:69->MathieuHelpMe/Classifier.cpp:136]   --->   Operation 1133 'sext' 'tmp_23_8_4_cast_i_i_s' <Predicate = (!exitcond4_i_i)> <Delay = 0.00>
ST_5 : Operation 1134 [1/1] (0.00ns)   --->   "%tmp_23_8_5_i_i = call i30 @_ssdm_op_BitConcatenate.i30.i16.i14(i16 %r_V_8_5_i_i, i14 0)" [MathieuHelpMe/Classifier.cpp:72->MathieuHelpMe/Classifier.cpp:136]   --->   Operation 1134 'bitconcatenate' 'tmp_23_8_5_i_i' <Predicate = (!exitcond4_i_i)> <Delay = 0.00>
ST_5 : Operation 1135 [1/1] (0.00ns)   --->   "%tmp_23_8_5_cast_i_i_s = sext i30 %tmp_23_8_5_i_i to i31" [MathieuHelpMe/Classifier.cpp:69->MathieuHelpMe/Classifier.cpp:136]   --->   Operation 1135 'sext' 'tmp_23_8_5_cast_i_i_s' <Predicate = (!exitcond4_i_i)> <Delay = 0.00>
ST_5 : Operation 1136 [1/1] (0.00ns)   --->   "%tmp_23_8_6_i_i = call i30 @_ssdm_op_BitConcatenate.i30.i16.i14(i16 %r_V_8_6_i_i, i14 0)" [MathieuHelpMe/Classifier.cpp:72->MathieuHelpMe/Classifier.cpp:136]   --->   Operation 1136 'bitconcatenate' 'tmp_23_8_6_i_i' <Predicate = (!exitcond4_i_i)> <Delay = 0.00>
ST_5 : Operation 1137 [1/1] (0.00ns)   --->   "%tmp_23_8_6_cast_i_i_s = sext i30 %tmp_23_8_6_i_i to i31" [MathieuHelpMe/Classifier.cpp:69->MathieuHelpMe/Classifier.cpp:136]   --->   Operation 1137 'sext' 'tmp_23_8_6_cast_i_i_s' <Predicate = (!exitcond4_i_i)> <Delay = 0.00>
ST_5 : Operation 1138 [1/1] (0.00ns)   --->   "%tmp_23_8_7_i_i = call i30 @_ssdm_op_BitConcatenate.i30.i16.i14(i16 %r_V_8_7_i_i, i14 0)" [MathieuHelpMe/Classifier.cpp:72->MathieuHelpMe/Classifier.cpp:136]   --->   Operation 1138 'bitconcatenate' 'tmp_23_8_7_i_i' <Predicate = (!exitcond4_i_i)> <Delay = 0.00>
ST_5 : Operation 1139 [1/1] (0.00ns)   --->   "%tmp_23_8_7_cast_i_i_s = sext i30 %tmp_23_8_7_i_i to i31" [MathieuHelpMe/Classifier.cpp:69->MathieuHelpMe/Classifier.cpp:136]   --->   Operation 1139 'sext' 'tmp_23_8_7_cast_i_i_s' <Predicate = (!exitcond4_i_i)> <Delay = 0.00>
ST_5 : Operation 1140 [1/1] (0.00ns)   --->   "%tmp_23_8_8_i_i = call i30 @_ssdm_op_BitConcatenate.i30.i16.i14(i16 %r_V_8_8_i_i, i14 0)" [MathieuHelpMe/Classifier.cpp:72->MathieuHelpMe/Classifier.cpp:136]   --->   Operation 1140 'bitconcatenate' 'tmp_23_8_8_i_i' <Predicate = (!exitcond4_i_i)> <Delay = 0.00>
ST_5 : Operation 1141 [1/1] (0.00ns)   --->   "%tmp_23_8_8_cast_i_i_s = sext i30 %tmp_23_8_8_i_i to i31" [MathieuHelpMe/Classifier.cpp:69->MathieuHelpMe/Classifier.cpp:136]   --->   Operation 1141 'sext' 'tmp_23_8_8_cast_i_i_s' <Predicate = (!exitcond4_i_i)> <Delay = 0.00>
ST_5 : Operation 1142 [1/1] (0.00ns)   --->   "%tmp_23_8_9_i_i = call i30 @_ssdm_op_BitConcatenate.i30.i16.i14(i16 %r_V_8_9_i_i, i14 0)" [MathieuHelpMe/Classifier.cpp:72->MathieuHelpMe/Classifier.cpp:136]   --->   Operation 1142 'bitconcatenate' 'tmp_23_8_9_i_i' <Predicate = (!exitcond4_i_i)> <Delay = 0.00>
ST_5 : Operation 1143 [1/1] (0.00ns)   --->   "%tmp_23_8_9_cast_i_i_s = sext i30 %tmp_23_8_9_i_i to i31" [MathieuHelpMe/Classifier.cpp:69->MathieuHelpMe/Classifier.cpp:136]   --->   Operation 1143 'sext' 'tmp_23_8_9_cast_i_i_s' <Predicate = (!exitcond4_i_i)> <Delay = 0.00>
ST_5 : Operation 1144 [1/1] (0.00ns)   --->   "%tmp_23_8_i_i_59 = call i30 @_ssdm_op_BitConcatenate.i30.i16.i14(i16 %r_V_8_i_i_58, i14 0)" [MathieuHelpMe/Classifier.cpp:72->MathieuHelpMe/Classifier.cpp:136]   --->   Operation 1144 'bitconcatenate' 'tmp_23_8_i_i_59' <Predicate = (!exitcond4_i_i)> <Delay = 0.00>
ST_5 : Operation 1145 [1/1] (0.00ns)   --->   "%tmp_23_8_cast_i_i_c = sext i30 %tmp_23_8_i_i_59 to i31" [MathieuHelpMe/Classifier.cpp:69->MathieuHelpMe/Classifier.cpp:136]   --->   Operation 1145 'sext' 'tmp_23_8_cast_i_i_c' <Predicate = (!exitcond4_i_i)> <Delay = 0.00>
ST_5 : Operation 1146 [1/1] (0.00ns)   --->   "%tmp_23_8_10_i_i = call i30 @_ssdm_op_BitConcatenate.i30.i16.i14(i16 %r_V_8_10_i_i, i14 0)" [MathieuHelpMe/Classifier.cpp:72->MathieuHelpMe/Classifier.cpp:136]   --->   Operation 1146 'bitconcatenate' 'tmp_23_8_10_i_i' <Predicate = (!exitcond4_i_i)> <Delay = 0.00>
ST_5 : Operation 1147 [1/1] (0.00ns)   --->   "%tmp_23_8_10_cast_i_i = sext i30 %tmp_23_8_10_i_i to i31" [MathieuHelpMe/Classifier.cpp:69->MathieuHelpMe/Classifier.cpp:136]   --->   Operation 1147 'sext' 'tmp_23_8_10_cast_i_i' <Predicate = (!exitcond4_i_i)> <Delay = 0.00>
ST_5 : Operation 1148 [1/1] (0.00ns)   --->   "%tmp_23_8_11_i_i = call i30 @_ssdm_op_BitConcatenate.i30.i16.i14(i16 %r_V_8_11_i_i, i14 0)" [MathieuHelpMe/Classifier.cpp:72->MathieuHelpMe/Classifier.cpp:136]   --->   Operation 1148 'bitconcatenate' 'tmp_23_8_11_i_i' <Predicate = (!exitcond4_i_i)> <Delay = 0.00>
ST_5 : Operation 1149 [1/1] (0.00ns)   --->   "%tmp_23_8_11_cast_i_i = sext i30 %tmp_23_8_11_i_i to i31" [MathieuHelpMe/Classifier.cpp:69->MathieuHelpMe/Classifier.cpp:136]   --->   Operation 1149 'sext' 'tmp_23_8_11_cast_i_i' <Predicate = (!exitcond4_i_i)> <Delay = 0.00>
ST_5 : Operation 1150 [1/1] (0.00ns)   --->   "%tmp_23_8_12_i_i = call i30 @_ssdm_op_BitConcatenate.i30.i16.i14(i16 %r_V_8_12_i_i, i14 0)" [MathieuHelpMe/Classifier.cpp:72->MathieuHelpMe/Classifier.cpp:136]   --->   Operation 1150 'bitconcatenate' 'tmp_23_8_12_i_i' <Predicate = (!exitcond4_i_i)> <Delay = 0.00>
ST_5 : Operation 1151 [1/1] (0.00ns)   --->   "%tmp_23_8_12_cast_i_i = sext i30 %tmp_23_8_12_i_i to i31" [MathieuHelpMe/Classifier.cpp:69->MathieuHelpMe/Classifier.cpp:136]   --->   Operation 1151 'sext' 'tmp_23_8_12_cast_i_i' <Predicate = (!exitcond4_i_i)> <Delay = 0.00>
ST_5 : Operation 1152 [1/1] (0.00ns)   --->   "%tmp_23_8_13_i_i = call i30 @_ssdm_op_BitConcatenate.i30.i16.i14(i16 %r_V_8_13_i_i, i14 0)" [MathieuHelpMe/Classifier.cpp:72->MathieuHelpMe/Classifier.cpp:136]   --->   Operation 1152 'bitconcatenate' 'tmp_23_8_13_i_i' <Predicate = (!exitcond4_i_i)> <Delay = 0.00>
ST_5 : Operation 1153 [1/1] (0.00ns)   --->   "%tmp_23_8_13_cast_i_i = sext i30 %tmp_23_8_13_i_i to i31" [MathieuHelpMe/Classifier.cpp:69->MathieuHelpMe/Classifier.cpp:136]   --->   Operation 1153 'sext' 'tmp_23_8_13_cast_i_i' <Predicate = (!exitcond4_i_i)> <Delay = 0.00>
ST_5 : Operation 1154 [1/1] (0.00ns)   --->   "%tmp_23_8_14_i_i = call i30 @_ssdm_op_BitConcatenate.i30.i16.i14(i16 %r_V_8_14_i_i, i14 0)" [MathieuHelpMe/Classifier.cpp:72->MathieuHelpMe/Classifier.cpp:136]   --->   Operation 1154 'bitconcatenate' 'tmp_23_8_14_i_i' <Predicate = (!exitcond4_i_i)> <Delay = 0.00>
ST_5 : Operation 1155 [1/1] (0.00ns)   --->   "%tmp_23_8_14_cast_i_i = sext i30 %tmp_23_8_14_i_i to i31" [MathieuHelpMe/Classifier.cpp:72->MathieuHelpMe/Classifier.cpp:136]   --->   Operation 1155 'sext' 'tmp_23_8_14_cast_i_i' <Predicate = (!exitcond4_i_i)> <Delay = 0.00>
ST_5 : Operation 1156 [1/1] (0.00ns)   --->   "%tmp_23_9_i_i = call i30 @_ssdm_op_BitConcatenate.i30.i16.i14(i16 %r_V_9_i_i, i14 0)" [MathieuHelpMe/Classifier.cpp:72->MathieuHelpMe/Classifier.cpp:136]   --->   Operation 1156 'bitconcatenate' 'tmp_23_9_i_i' <Predicate = (!exitcond4_i_i)> <Delay = 0.00>
ST_5 : Operation 1157 [1/1] (0.00ns)   --->   "%tmp_23_9_cast_i_i_ca = sext i30 %tmp_23_9_i_i to i31" [MathieuHelpMe/Classifier.cpp:69->MathieuHelpMe/Classifier.cpp:136]   --->   Operation 1157 'sext' 'tmp_23_9_cast_i_i_ca' <Predicate = (!exitcond4_i_i)> <Delay = 0.00>
ST_5 : Operation 1158 [1/1] (0.00ns)   --->   "%tmp_23_9_1_i_i = call i30 @_ssdm_op_BitConcatenate.i30.i16.i14(i16 %r_V_9_1_i_i, i14 0)" [MathieuHelpMe/Classifier.cpp:72->MathieuHelpMe/Classifier.cpp:136]   --->   Operation 1158 'bitconcatenate' 'tmp_23_9_1_i_i' <Predicate = (!exitcond4_i_i)> <Delay = 0.00>
ST_5 : Operation 1159 [1/1] (0.00ns)   --->   "%tmp_23_9_1_cast_i_i_s = sext i30 %tmp_23_9_1_i_i to i31" [MathieuHelpMe/Classifier.cpp:69->MathieuHelpMe/Classifier.cpp:136]   --->   Operation 1159 'sext' 'tmp_23_9_1_cast_i_i_s' <Predicate = (!exitcond4_i_i)> <Delay = 0.00>
ST_5 : Operation 1160 [1/1] (0.00ns)   --->   "%tmp_23_9_2_i_i = call i30 @_ssdm_op_BitConcatenate.i30.i16.i14(i16 %r_V_9_2_i_i, i14 0)" [MathieuHelpMe/Classifier.cpp:72->MathieuHelpMe/Classifier.cpp:136]   --->   Operation 1160 'bitconcatenate' 'tmp_23_9_2_i_i' <Predicate = (!exitcond4_i_i)> <Delay = 0.00>
ST_5 : Operation 1161 [1/1] (0.00ns)   --->   "%tmp_23_9_2_cast_i_i_s = sext i30 %tmp_23_9_2_i_i to i31" [MathieuHelpMe/Classifier.cpp:69->MathieuHelpMe/Classifier.cpp:136]   --->   Operation 1161 'sext' 'tmp_23_9_2_cast_i_i_s' <Predicate = (!exitcond4_i_i)> <Delay = 0.00>
ST_5 : Operation 1162 [1/1] (0.00ns)   --->   "%tmp_23_9_3_i_i = call i30 @_ssdm_op_BitConcatenate.i30.i16.i14(i16 %r_V_9_3_i_i, i14 0)" [MathieuHelpMe/Classifier.cpp:72->MathieuHelpMe/Classifier.cpp:136]   --->   Operation 1162 'bitconcatenate' 'tmp_23_9_3_i_i' <Predicate = (!exitcond4_i_i)> <Delay = 0.00>
ST_5 : Operation 1163 [1/1] (0.00ns)   --->   "%tmp_23_9_3_cast_i_i_s = sext i30 %tmp_23_9_3_i_i to i31" [MathieuHelpMe/Classifier.cpp:69->MathieuHelpMe/Classifier.cpp:136]   --->   Operation 1163 'sext' 'tmp_23_9_3_cast_i_i_s' <Predicate = (!exitcond4_i_i)> <Delay = 0.00>
ST_5 : Operation 1164 [1/1] (0.00ns)   --->   "%tmp_23_9_4_i_i = call i30 @_ssdm_op_BitConcatenate.i30.i16.i14(i16 %r_V_9_4_i_i, i14 0)" [MathieuHelpMe/Classifier.cpp:72->MathieuHelpMe/Classifier.cpp:136]   --->   Operation 1164 'bitconcatenate' 'tmp_23_9_4_i_i' <Predicate = (!exitcond4_i_i)> <Delay = 0.00>
ST_5 : Operation 1165 [1/1] (0.00ns)   --->   "%tmp_23_9_4_cast_i_i_s = sext i30 %tmp_23_9_4_i_i to i31" [MathieuHelpMe/Classifier.cpp:69->MathieuHelpMe/Classifier.cpp:136]   --->   Operation 1165 'sext' 'tmp_23_9_4_cast_i_i_s' <Predicate = (!exitcond4_i_i)> <Delay = 0.00>
ST_5 : Operation 1166 [1/1] (0.00ns)   --->   "%tmp_23_9_5_i_i = call i30 @_ssdm_op_BitConcatenate.i30.i16.i14(i16 %r_V_9_5_i_i, i14 0)" [MathieuHelpMe/Classifier.cpp:72->MathieuHelpMe/Classifier.cpp:136]   --->   Operation 1166 'bitconcatenate' 'tmp_23_9_5_i_i' <Predicate = (!exitcond4_i_i)> <Delay = 0.00>
ST_5 : Operation 1167 [1/1] (0.00ns)   --->   "%tmp_23_9_5_cast_i_i_s = sext i30 %tmp_23_9_5_i_i to i31" [MathieuHelpMe/Classifier.cpp:69->MathieuHelpMe/Classifier.cpp:136]   --->   Operation 1167 'sext' 'tmp_23_9_5_cast_i_i_s' <Predicate = (!exitcond4_i_i)> <Delay = 0.00>
ST_5 : Operation 1168 [1/1] (0.00ns)   --->   "%tmp_23_9_6_i_i = call i30 @_ssdm_op_BitConcatenate.i30.i16.i14(i16 %r_V_9_6_i_i, i14 0)" [MathieuHelpMe/Classifier.cpp:72->MathieuHelpMe/Classifier.cpp:136]   --->   Operation 1168 'bitconcatenate' 'tmp_23_9_6_i_i' <Predicate = (!exitcond4_i_i)> <Delay = 0.00>
ST_5 : Operation 1169 [1/1] (0.00ns)   --->   "%tmp_23_9_6_cast_i_i_s = sext i30 %tmp_23_9_6_i_i to i31" [MathieuHelpMe/Classifier.cpp:69->MathieuHelpMe/Classifier.cpp:136]   --->   Operation 1169 'sext' 'tmp_23_9_6_cast_i_i_s' <Predicate = (!exitcond4_i_i)> <Delay = 0.00>
ST_5 : Operation 1170 [1/1] (0.00ns)   --->   "%tmp_23_9_7_i_i = call i30 @_ssdm_op_BitConcatenate.i30.i16.i14(i16 %r_V_9_7_i_i, i14 0)" [MathieuHelpMe/Classifier.cpp:72->MathieuHelpMe/Classifier.cpp:136]   --->   Operation 1170 'bitconcatenate' 'tmp_23_9_7_i_i' <Predicate = (!exitcond4_i_i)> <Delay = 0.00>
ST_5 : Operation 1171 [1/1] (0.00ns)   --->   "%tmp_23_9_7_cast_i_i_s = sext i30 %tmp_23_9_7_i_i to i31" [MathieuHelpMe/Classifier.cpp:69->MathieuHelpMe/Classifier.cpp:136]   --->   Operation 1171 'sext' 'tmp_23_9_7_cast_i_i_s' <Predicate = (!exitcond4_i_i)> <Delay = 0.00>
ST_5 : Operation 1172 [1/1] (0.00ns)   --->   "%tmp_23_9_8_i_i = call i30 @_ssdm_op_BitConcatenate.i30.i16.i14(i16 %r_V_9_8_i_i, i14 0)" [MathieuHelpMe/Classifier.cpp:72->MathieuHelpMe/Classifier.cpp:136]   --->   Operation 1172 'bitconcatenate' 'tmp_23_9_8_i_i' <Predicate = (!exitcond4_i_i)> <Delay = 0.00>
ST_5 : Operation 1173 [1/1] (0.00ns)   --->   "%tmp_23_9_8_cast_i_i_s = sext i30 %tmp_23_9_8_i_i to i31" [MathieuHelpMe/Classifier.cpp:69->MathieuHelpMe/Classifier.cpp:136]   --->   Operation 1173 'sext' 'tmp_23_9_8_cast_i_i_s' <Predicate = (!exitcond4_i_i)> <Delay = 0.00>
ST_5 : Operation 1174 [1/1] (0.00ns)   --->   "%tmp_23_9_9_i_i = call i30 @_ssdm_op_BitConcatenate.i30.i16.i14(i16 %r_V_9_9_i_i, i14 0)" [MathieuHelpMe/Classifier.cpp:72->MathieuHelpMe/Classifier.cpp:136]   --->   Operation 1174 'bitconcatenate' 'tmp_23_9_9_i_i' <Predicate = (!exitcond4_i_i)> <Delay = 0.00>
ST_5 : Operation 1175 [1/1] (0.00ns)   --->   "%tmp_23_9_9_cast_i_i_s = sext i30 %tmp_23_9_9_i_i to i31" [MathieuHelpMe/Classifier.cpp:69->MathieuHelpMe/Classifier.cpp:136]   --->   Operation 1175 'sext' 'tmp_23_9_9_cast_i_i_s' <Predicate = (!exitcond4_i_i)> <Delay = 0.00>
ST_5 : Operation 1176 [1/1] (0.00ns)   --->   "%tmp_23_9_i_i_62 = call i30 @_ssdm_op_BitConcatenate.i30.i16.i14(i16 %r_V_9_i_i_61, i14 0)" [MathieuHelpMe/Classifier.cpp:72->MathieuHelpMe/Classifier.cpp:136]   --->   Operation 1176 'bitconcatenate' 'tmp_23_9_i_i_62' <Predicate = (!exitcond4_i_i)> <Delay = 0.00>
ST_5 : Operation 1177 [1/1] (0.00ns)   --->   "%tmp_23_9_cast_i_i_c = sext i30 %tmp_23_9_i_i_62 to i31" [MathieuHelpMe/Classifier.cpp:69->MathieuHelpMe/Classifier.cpp:136]   --->   Operation 1177 'sext' 'tmp_23_9_cast_i_i_c' <Predicate = (!exitcond4_i_i)> <Delay = 0.00>
ST_5 : Operation 1178 [1/1] (0.00ns)   --->   "%tmp_23_9_10_i_i = call i30 @_ssdm_op_BitConcatenate.i30.i16.i14(i16 %r_V_9_10_i_i, i14 0)" [MathieuHelpMe/Classifier.cpp:72->MathieuHelpMe/Classifier.cpp:136]   --->   Operation 1178 'bitconcatenate' 'tmp_23_9_10_i_i' <Predicate = (!exitcond4_i_i)> <Delay = 0.00>
ST_5 : Operation 1179 [1/1] (0.00ns)   --->   "%tmp_23_9_10_cast_i_i = sext i30 %tmp_23_9_10_i_i to i31" [MathieuHelpMe/Classifier.cpp:69->MathieuHelpMe/Classifier.cpp:136]   --->   Operation 1179 'sext' 'tmp_23_9_10_cast_i_i' <Predicate = (!exitcond4_i_i)> <Delay = 0.00>
ST_5 : Operation 1180 [1/1] (0.00ns)   --->   "%tmp_23_9_11_i_i = call i30 @_ssdm_op_BitConcatenate.i30.i16.i14(i16 %r_V_9_11_i_i, i14 0)" [MathieuHelpMe/Classifier.cpp:72->MathieuHelpMe/Classifier.cpp:136]   --->   Operation 1180 'bitconcatenate' 'tmp_23_9_11_i_i' <Predicate = (!exitcond4_i_i)> <Delay = 0.00>
ST_5 : Operation 1181 [1/1] (0.00ns)   --->   "%tmp_23_9_11_cast_i_i = sext i30 %tmp_23_9_11_i_i to i31" [MathieuHelpMe/Classifier.cpp:69->MathieuHelpMe/Classifier.cpp:136]   --->   Operation 1181 'sext' 'tmp_23_9_11_cast_i_i' <Predicate = (!exitcond4_i_i)> <Delay = 0.00>
ST_5 : Operation 1182 [1/1] (0.00ns)   --->   "%tmp_23_9_12_i_i = call i30 @_ssdm_op_BitConcatenate.i30.i16.i14(i16 %r_V_9_12_i_i, i14 0)" [MathieuHelpMe/Classifier.cpp:72->MathieuHelpMe/Classifier.cpp:136]   --->   Operation 1182 'bitconcatenate' 'tmp_23_9_12_i_i' <Predicate = (!exitcond4_i_i)> <Delay = 0.00>
ST_5 : Operation 1183 [1/1] (0.00ns)   --->   "%tmp_23_9_12_cast_i_i = sext i30 %tmp_23_9_12_i_i to i31" [MathieuHelpMe/Classifier.cpp:69->MathieuHelpMe/Classifier.cpp:136]   --->   Operation 1183 'sext' 'tmp_23_9_12_cast_i_i' <Predicate = (!exitcond4_i_i)> <Delay = 0.00>
ST_5 : Operation 1184 [1/1] (0.00ns)   --->   "%tmp_23_9_13_i_i = call i30 @_ssdm_op_BitConcatenate.i30.i16.i14(i16 %r_V_9_13_i_i, i14 0)" [MathieuHelpMe/Classifier.cpp:72->MathieuHelpMe/Classifier.cpp:136]   --->   Operation 1184 'bitconcatenate' 'tmp_23_9_13_i_i' <Predicate = (!exitcond4_i_i)> <Delay = 0.00>
ST_5 : Operation 1185 [1/1] (0.00ns)   --->   "%tmp_23_9_13_cast_i_i = sext i30 %tmp_23_9_13_i_i to i31" [MathieuHelpMe/Classifier.cpp:69->MathieuHelpMe/Classifier.cpp:136]   --->   Operation 1185 'sext' 'tmp_23_9_13_cast_i_i' <Predicate = (!exitcond4_i_i)> <Delay = 0.00>
ST_5 : Operation 1186 [1/1] (0.00ns)   --->   "%tmp_23_9_14_i_i = call i30 @_ssdm_op_BitConcatenate.i30.i16.i14(i16 %r_V_9_14_i_i, i14 0)" [MathieuHelpMe/Classifier.cpp:72->MathieuHelpMe/Classifier.cpp:136]   --->   Operation 1186 'bitconcatenate' 'tmp_23_9_14_i_i' <Predicate = (!exitcond4_i_i)> <Delay = 0.00>
ST_5 : Operation 1187 [1/1] (0.00ns)   --->   "%tmp_23_9_14_cast_i_i = sext i30 %tmp_23_9_14_i_i to i31" [MathieuHelpMe/Classifier.cpp:72->MathieuHelpMe/Classifier.cpp:136]   --->   Operation 1187 'sext' 'tmp_23_9_14_cast_i_i' <Predicate = (!exitcond4_i_i)> <Delay = 0.00>
ST_5 : Operation 1188 [1/1] (0.00ns)   --->   "%tmp_23_10_i_i = call i30 @_ssdm_op_BitConcatenate.i30.i16.i14(i16 %r_V_10_i_i, i14 0)" [MathieuHelpMe/Classifier.cpp:72->MathieuHelpMe/Classifier.cpp:136]   --->   Operation 1188 'bitconcatenate' 'tmp_23_10_i_i' <Predicate = (!exitcond4_i_i)> <Delay = 0.00>
ST_5 : Operation 1189 [1/1] (0.00ns)   --->   "%tmp_23_10_cast_i_i_c = sext i30 %tmp_23_10_i_i to i31" [MathieuHelpMe/Classifier.cpp:69->MathieuHelpMe/Classifier.cpp:136]   --->   Operation 1189 'sext' 'tmp_23_10_cast_i_i_c' <Predicate = (!exitcond4_i_i)> <Delay = 0.00>
ST_5 : Operation 1190 [1/1] (0.00ns)   --->   "%tmp_23_10_1_i_i = call i30 @_ssdm_op_BitConcatenate.i30.i16.i14(i16 %r_V_10_1_i_i, i14 0)" [MathieuHelpMe/Classifier.cpp:72->MathieuHelpMe/Classifier.cpp:136]   --->   Operation 1190 'bitconcatenate' 'tmp_23_10_1_i_i' <Predicate = (!exitcond4_i_i)> <Delay = 0.00>
ST_5 : Operation 1191 [1/1] (0.00ns)   --->   "%tmp_23_10_1_cast_i_i = sext i30 %tmp_23_10_1_i_i to i31" [MathieuHelpMe/Classifier.cpp:69->MathieuHelpMe/Classifier.cpp:136]   --->   Operation 1191 'sext' 'tmp_23_10_1_cast_i_i' <Predicate = (!exitcond4_i_i)> <Delay = 0.00>
ST_5 : Operation 1192 [1/1] (0.00ns)   --->   "%tmp_23_10_2_i_i = call i30 @_ssdm_op_BitConcatenate.i30.i16.i14(i16 %r_V_10_2_i_i, i14 0)" [MathieuHelpMe/Classifier.cpp:72->MathieuHelpMe/Classifier.cpp:136]   --->   Operation 1192 'bitconcatenate' 'tmp_23_10_2_i_i' <Predicate = (!exitcond4_i_i)> <Delay = 0.00>
ST_5 : Operation 1193 [1/1] (0.00ns)   --->   "%tmp_23_10_2_cast_i_i = sext i30 %tmp_23_10_2_i_i to i31" [MathieuHelpMe/Classifier.cpp:69->MathieuHelpMe/Classifier.cpp:136]   --->   Operation 1193 'sext' 'tmp_23_10_2_cast_i_i' <Predicate = (!exitcond4_i_i)> <Delay = 0.00>
ST_5 : Operation 1194 [1/1] (0.00ns)   --->   "%tmp_23_10_3_i_i = call i30 @_ssdm_op_BitConcatenate.i30.i16.i14(i16 %r_V_10_3_i_i, i14 0)" [MathieuHelpMe/Classifier.cpp:72->MathieuHelpMe/Classifier.cpp:136]   --->   Operation 1194 'bitconcatenate' 'tmp_23_10_3_i_i' <Predicate = (!exitcond4_i_i)> <Delay = 0.00>
ST_5 : Operation 1195 [1/1] (0.00ns)   --->   "%tmp_23_10_3_cast_i_i = sext i30 %tmp_23_10_3_i_i to i31" [MathieuHelpMe/Classifier.cpp:69->MathieuHelpMe/Classifier.cpp:136]   --->   Operation 1195 'sext' 'tmp_23_10_3_cast_i_i' <Predicate = (!exitcond4_i_i)> <Delay = 0.00>
ST_5 : Operation 1196 [1/1] (0.00ns)   --->   "%tmp_23_10_4_i_i = call i30 @_ssdm_op_BitConcatenate.i30.i16.i14(i16 %r_V_10_4_i_i, i14 0)" [MathieuHelpMe/Classifier.cpp:72->MathieuHelpMe/Classifier.cpp:136]   --->   Operation 1196 'bitconcatenate' 'tmp_23_10_4_i_i' <Predicate = (!exitcond4_i_i)> <Delay = 0.00>
ST_5 : Operation 1197 [1/1] (0.00ns)   --->   "%tmp_23_10_4_cast_i_i = sext i30 %tmp_23_10_4_i_i to i31" [MathieuHelpMe/Classifier.cpp:69->MathieuHelpMe/Classifier.cpp:136]   --->   Operation 1197 'sext' 'tmp_23_10_4_cast_i_i' <Predicate = (!exitcond4_i_i)> <Delay = 0.00>
ST_5 : Operation 1198 [1/1] (0.00ns)   --->   "%tmp_23_10_5_i_i = call i30 @_ssdm_op_BitConcatenate.i30.i16.i14(i16 %r_V_10_5_i_i, i14 0)" [MathieuHelpMe/Classifier.cpp:72->MathieuHelpMe/Classifier.cpp:136]   --->   Operation 1198 'bitconcatenate' 'tmp_23_10_5_i_i' <Predicate = (!exitcond4_i_i)> <Delay = 0.00>
ST_5 : Operation 1199 [1/1] (0.00ns)   --->   "%tmp_23_10_5_cast_i_i = sext i30 %tmp_23_10_5_i_i to i31" [MathieuHelpMe/Classifier.cpp:69->MathieuHelpMe/Classifier.cpp:136]   --->   Operation 1199 'sext' 'tmp_23_10_5_cast_i_i' <Predicate = (!exitcond4_i_i)> <Delay = 0.00>
ST_5 : Operation 1200 [1/1] (0.00ns)   --->   "%tmp_23_10_6_i_i = call i30 @_ssdm_op_BitConcatenate.i30.i16.i14(i16 %r_V_10_6_i_i, i14 0)" [MathieuHelpMe/Classifier.cpp:72->MathieuHelpMe/Classifier.cpp:136]   --->   Operation 1200 'bitconcatenate' 'tmp_23_10_6_i_i' <Predicate = (!exitcond4_i_i)> <Delay = 0.00>
ST_5 : Operation 1201 [1/1] (0.00ns)   --->   "%tmp_23_10_6_cast_i_i = sext i30 %tmp_23_10_6_i_i to i31" [MathieuHelpMe/Classifier.cpp:69->MathieuHelpMe/Classifier.cpp:136]   --->   Operation 1201 'sext' 'tmp_23_10_6_cast_i_i' <Predicate = (!exitcond4_i_i)> <Delay = 0.00>
ST_5 : Operation 1202 [1/1] (0.00ns)   --->   "%tmp_23_10_7_i_i = call i30 @_ssdm_op_BitConcatenate.i30.i16.i14(i16 %r_V_10_7_i_i, i14 0)" [MathieuHelpMe/Classifier.cpp:72->MathieuHelpMe/Classifier.cpp:136]   --->   Operation 1202 'bitconcatenate' 'tmp_23_10_7_i_i' <Predicate = (!exitcond4_i_i)> <Delay = 0.00>
ST_5 : Operation 1203 [1/1] (0.00ns)   --->   "%tmp_23_10_7_cast_i_i = sext i30 %tmp_23_10_7_i_i to i31" [MathieuHelpMe/Classifier.cpp:69->MathieuHelpMe/Classifier.cpp:136]   --->   Operation 1203 'sext' 'tmp_23_10_7_cast_i_i' <Predicate = (!exitcond4_i_i)> <Delay = 0.00>
ST_5 : Operation 1204 [1/1] (0.00ns)   --->   "%tmp_23_10_8_i_i = call i30 @_ssdm_op_BitConcatenate.i30.i16.i14(i16 %r_V_10_8_i_i, i14 0)" [MathieuHelpMe/Classifier.cpp:72->MathieuHelpMe/Classifier.cpp:136]   --->   Operation 1204 'bitconcatenate' 'tmp_23_10_8_i_i' <Predicate = (!exitcond4_i_i)> <Delay = 0.00>
ST_5 : Operation 1205 [1/1] (0.00ns)   --->   "%tmp_23_10_8_cast_i_i = sext i30 %tmp_23_10_8_i_i to i31" [MathieuHelpMe/Classifier.cpp:69->MathieuHelpMe/Classifier.cpp:136]   --->   Operation 1205 'sext' 'tmp_23_10_8_cast_i_i' <Predicate = (!exitcond4_i_i)> <Delay = 0.00>
ST_5 : Operation 1206 [1/1] (0.00ns)   --->   "%tmp_23_10_9_i_i = call i30 @_ssdm_op_BitConcatenate.i30.i16.i14(i16 %r_V_10_9_i_i, i14 0)" [MathieuHelpMe/Classifier.cpp:72->MathieuHelpMe/Classifier.cpp:136]   --->   Operation 1206 'bitconcatenate' 'tmp_23_10_9_i_i' <Predicate = (!exitcond4_i_i)> <Delay = 0.00>
ST_5 : Operation 1207 [1/1] (0.00ns)   --->   "%tmp_23_10_9_cast_i_i = sext i30 %tmp_23_10_9_i_i to i31" [MathieuHelpMe/Classifier.cpp:69->MathieuHelpMe/Classifier.cpp:136]   --->   Operation 1207 'sext' 'tmp_23_10_9_cast_i_i' <Predicate = (!exitcond4_i_i)> <Delay = 0.00>
ST_5 : Operation 1208 [1/1] (0.00ns)   --->   "%tmp_23_10_i_i_65 = call i30 @_ssdm_op_BitConcatenate.i30.i16.i14(i16 %r_V_10_i_i_64, i14 0)" [MathieuHelpMe/Classifier.cpp:72->MathieuHelpMe/Classifier.cpp:136]   --->   Operation 1208 'bitconcatenate' 'tmp_23_10_i_i_65' <Predicate = (!exitcond4_i_i)> <Delay = 0.00>
ST_5 : Operation 1209 [1/1] (0.00ns)   --->   "%tmp_23_10_cast_i_i_s = sext i30 %tmp_23_10_i_i_65 to i31" [MathieuHelpMe/Classifier.cpp:69->MathieuHelpMe/Classifier.cpp:136]   --->   Operation 1209 'sext' 'tmp_23_10_cast_i_i_s' <Predicate = (!exitcond4_i_i)> <Delay = 0.00>
ST_5 : Operation 1210 [1/1] (0.00ns)   --->   "%tmp_23_10_10_i_i = call i30 @_ssdm_op_BitConcatenate.i30.i16.i14(i16 %r_V_10_10_i_i, i14 0)" [MathieuHelpMe/Classifier.cpp:72->MathieuHelpMe/Classifier.cpp:136]   --->   Operation 1210 'bitconcatenate' 'tmp_23_10_10_i_i' <Predicate = (!exitcond4_i_i)> <Delay = 0.00>
ST_5 : Operation 1211 [1/1] (0.00ns)   --->   "%tmp_23_10_10_cast_i_s = sext i30 %tmp_23_10_10_i_i to i31" [MathieuHelpMe/Classifier.cpp:69->MathieuHelpMe/Classifier.cpp:136]   --->   Operation 1211 'sext' 'tmp_23_10_10_cast_i_s' <Predicate = (!exitcond4_i_i)> <Delay = 0.00>
ST_5 : Operation 1212 [1/1] (0.00ns)   --->   "%tmp_23_10_11_i_i = call i30 @_ssdm_op_BitConcatenate.i30.i16.i14(i16 %r_V_10_11_i_i, i14 0)" [MathieuHelpMe/Classifier.cpp:72->MathieuHelpMe/Classifier.cpp:136]   --->   Operation 1212 'bitconcatenate' 'tmp_23_10_11_i_i' <Predicate = (!exitcond4_i_i)> <Delay = 0.00>
ST_5 : Operation 1213 [1/1] (0.00ns)   --->   "%tmp_23_10_11_cast_i_s = sext i30 %tmp_23_10_11_i_i to i31" [MathieuHelpMe/Classifier.cpp:69->MathieuHelpMe/Classifier.cpp:136]   --->   Operation 1213 'sext' 'tmp_23_10_11_cast_i_s' <Predicate = (!exitcond4_i_i)> <Delay = 0.00>
ST_5 : Operation 1214 [1/1] (0.00ns)   --->   "%tmp_23_10_12_i_i = call i30 @_ssdm_op_BitConcatenate.i30.i16.i14(i16 %r_V_10_12_i_i, i14 0)" [MathieuHelpMe/Classifier.cpp:72->MathieuHelpMe/Classifier.cpp:136]   --->   Operation 1214 'bitconcatenate' 'tmp_23_10_12_i_i' <Predicate = (!exitcond4_i_i)> <Delay = 0.00>
ST_5 : Operation 1215 [1/1] (0.00ns)   --->   "%tmp_23_10_12_cast_i_s = sext i30 %tmp_23_10_12_i_i to i31" [MathieuHelpMe/Classifier.cpp:69->MathieuHelpMe/Classifier.cpp:136]   --->   Operation 1215 'sext' 'tmp_23_10_12_cast_i_s' <Predicate = (!exitcond4_i_i)> <Delay = 0.00>
ST_5 : Operation 1216 [1/1] (0.00ns)   --->   "%tmp_23_10_13_i_i = call i30 @_ssdm_op_BitConcatenate.i30.i16.i14(i16 %r_V_10_13_i_i, i14 0)" [MathieuHelpMe/Classifier.cpp:72->MathieuHelpMe/Classifier.cpp:136]   --->   Operation 1216 'bitconcatenate' 'tmp_23_10_13_i_i' <Predicate = (!exitcond4_i_i)> <Delay = 0.00>
ST_5 : Operation 1217 [1/1] (0.00ns)   --->   "%tmp_23_10_13_cast_i_s = sext i30 %tmp_23_10_13_i_i to i31" [MathieuHelpMe/Classifier.cpp:69->MathieuHelpMe/Classifier.cpp:136]   --->   Operation 1217 'sext' 'tmp_23_10_13_cast_i_s' <Predicate = (!exitcond4_i_i)> <Delay = 0.00>
ST_5 : Operation 1218 [1/1] (0.00ns)   --->   "%tmp_23_10_14_i_i = call i30 @_ssdm_op_BitConcatenate.i30.i16.i14(i16 %r_V_10_14_i_i, i14 0)" [MathieuHelpMe/Classifier.cpp:72->MathieuHelpMe/Classifier.cpp:136]   --->   Operation 1218 'bitconcatenate' 'tmp_23_10_14_i_i' <Predicate = (!exitcond4_i_i)> <Delay = 0.00>
ST_5 : Operation 1219 [1/1] (0.00ns)   --->   "%tmp_23_10_14_cast_i_s = sext i30 %tmp_23_10_14_i_i to i31" [MathieuHelpMe/Classifier.cpp:72->MathieuHelpMe/Classifier.cpp:136]   --->   Operation 1219 'sext' 'tmp_23_10_14_cast_i_s' <Predicate = (!exitcond4_i_i)> <Delay = 0.00>
ST_5 : Operation 1220 [1/1] (0.00ns)   --->   "%tmp_23_11_i_i = call i30 @_ssdm_op_BitConcatenate.i30.i16.i14(i16 %r_V_11_i_i, i14 0)" [MathieuHelpMe/Classifier.cpp:72->MathieuHelpMe/Classifier.cpp:136]   --->   Operation 1220 'bitconcatenate' 'tmp_23_11_i_i' <Predicate = (!exitcond4_i_i)> <Delay = 0.00>
ST_5 : Operation 1221 [1/1] (0.00ns)   --->   "%tmp_23_11_cast_i_i_c = sext i30 %tmp_23_11_i_i to i31" [MathieuHelpMe/Classifier.cpp:69->MathieuHelpMe/Classifier.cpp:136]   --->   Operation 1221 'sext' 'tmp_23_11_cast_i_i_c' <Predicate = (!exitcond4_i_i)> <Delay = 0.00>
ST_5 : Operation 1222 [1/1] (0.00ns)   --->   "%tmp_23_11_1_i_i = call i30 @_ssdm_op_BitConcatenate.i30.i16.i14(i16 %r_V_11_1_i_i, i14 0)" [MathieuHelpMe/Classifier.cpp:72->MathieuHelpMe/Classifier.cpp:136]   --->   Operation 1222 'bitconcatenate' 'tmp_23_11_1_i_i' <Predicate = (!exitcond4_i_i)> <Delay = 0.00>
ST_5 : Operation 1223 [1/1] (0.00ns)   --->   "%tmp_23_11_1_cast_i_i = sext i30 %tmp_23_11_1_i_i to i31" [MathieuHelpMe/Classifier.cpp:69->MathieuHelpMe/Classifier.cpp:136]   --->   Operation 1223 'sext' 'tmp_23_11_1_cast_i_i' <Predicate = (!exitcond4_i_i)> <Delay = 0.00>
ST_5 : Operation 1224 [1/1] (0.00ns)   --->   "%tmp_23_11_2_i_i = call i30 @_ssdm_op_BitConcatenate.i30.i16.i14(i16 %r_V_11_2_i_i, i14 0)" [MathieuHelpMe/Classifier.cpp:72->MathieuHelpMe/Classifier.cpp:136]   --->   Operation 1224 'bitconcatenate' 'tmp_23_11_2_i_i' <Predicate = (!exitcond4_i_i)> <Delay = 0.00>
ST_5 : Operation 1225 [1/1] (0.00ns)   --->   "%tmp_23_11_2_cast_i_i = sext i30 %tmp_23_11_2_i_i to i31" [MathieuHelpMe/Classifier.cpp:69->MathieuHelpMe/Classifier.cpp:136]   --->   Operation 1225 'sext' 'tmp_23_11_2_cast_i_i' <Predicate = (!exitcond4_i_i)> <Delay = 0.00>
ST_5 : Operation 1226 [1/1] (0.00ns)   --->   "%tmp_23_11_3_i_i = call i30 @_ssdm_op_BitConcatenate.i30.i16.i14(i16 %r_V_11_3_i_i, i14 0)" [MathieuHelpMe/Classifier.cpp:72->MathieuHelpMe/Classifier.cpp:136]   --->   Operation 1226 'bitconcatenate' 'tmp_23_11_3_i_i' <Predicate = (!exitcond4_i_i)> <Delay = 0.00>
ST_5 : Operation 1227 [1/1] (0.00ns)   --->   "%tmp_23_11_3_cast_i_i = sext i30 %tmp_23_11_3_i_i to i31" [MathieuHelpMe/Classifier.cpp:69->MathieuHelpMe/Classifier.cpp:136]   --->   Operation 1227 'sext' 'tmp_23_11_3_cast_i_i' <Predicate = (!exitcond4_i_i)> <Delay = 0.00>
ST_5 : Operation 1228 [1/1] (0.00ns)   --->   "%tmp_23_11_4_i_i = call i30 @_ssdm_op_BitConcatenate.i30.i16.i14(i16 %r_V_11_4_i_i, i14 0)" [MathieuHelpMe/Classifier.cpp:72->MathieuHelpMe/Classifier.cpp:136]   --->   Operation 1228 'bitconcatenate' 'tmp_23_11_4_i_i' <Predicate = (!exitcond4_i_i)> <Delay = 0.00>
ST_5 : Operation 1229 [1/1] (0.00ns)   --->   "%tmp_23_11_4_cast_i_i = sext i30 %tmp_23_11_4_i_i to i31" [MathieuHelpMe/Classifier.cpp:69->MathieuHelpMe/Classifier.cpp:136]   --->   Operation 1229 'sext' 'tmp_23_11_4_cast_i_i' <Predicate = (!exitcond4_i_i)> <Delay = 0.00>
ST_5 : Operation 1230 [1/1] (0.00ns)   --->   "%tmp_23_11_5_i_i = call i30 @_ssdm_op_BitConcatenate.i30.i16.i14(i16 %r_V_11_5_i_i, i14 0)" [MathieuHelpMe/Classifier.cpp:72->MathieuHelpMe/Classifier.cpp:136]   --->   Operation 1230 'bitconcatenate' 'tmp_23_11_5_i_i' <Predicate = (!exitcond4_i_i)> <Delay = 0.00>
ST_5 : Operation 1231 [1/1] (0.00ns)   --->   "%tmp_23_11_5_cast_i_i = sext i30 %tmp_23_11_5_i_i to i31" [MathieuHelpMe/Classifier.cpp:69->MathieuHelpMe/Classifier.cpp:136]   --->   Operation 1231 'sext' 'tmp_23_11_5_cast_i_i' <Predicate = (!exitcond4_i_i)> <Delay = 0.00>
ST_5 : Operation 1232 [1/1] (0.00ns)   --->   "%tmp_23_11_6_i_i = call i30 @_ssdm_op_BitConcatenate.i30.i16.i14(i16 %r_V_11_6_i_i, i14 0)" [MathieuHelpMe/Classifier.cpp:72->MathieuHelpMe/Classifier.cpp:136]   --->   Operation 1232 'bitconcatenate' 'tmp_23_11_6_i_i' <Predicate = (!exitcond4_i_i)> <Delay = 0.00>
ST_5 : Operation 1233 [1/1] (0.00ns)   --->   "%tmp_23_11_6_cast_i_i = sext i30 %tmp_23_11_6_i_i to i31" [MathieuHelpMe/Classifier.cpp:69->MathieuHelpMe/Classifier.cpp:136]   --->   Operation 1233 'sext' 'tmp_23_11_6_cast_i_i' <Predicate = (!exitcond4_i_i)> <Delay = 0.00>
ST_5 : Operation 1234 [1/1] (0.00ns)   --->   "%tmp_23_11_7_i_i = call i30 @_ssdm_op_BitConcatenate.i30.i16.i14(i16 %r_V_11_7_i_i, i14 0)" [MathieuHelpMe/Classifier.cpp:72->MathieuHelpMe/Classifier.cpp:136]   --->   Operation 1234 'bitconcatenate' 'tmp_23_11_7_i_i' <Predicate = (!exitcond4_i_i)> <Delay = 0.00>
ST_5 : Operation 1235 [1/1] (0.00ns)   --->   "%tmp_23_11_7_cast_i_i = sext i30 %tmp_23_11_7_i_i to i31" [MathieuHelpMe/Classifier.cpp:69->MathieuHelpMe/Classifier.cpp:136]   --->   Operation 1235 'sext' 'tmp_23_11_7_cast_i_i' <Predicate = (!exitcond4_i_i)> <Delay = 0.00>
ST_5 : Operation 1236 [1/1] (0.00ns)   --->   "%tmp_23_11_8_i_i = call i30 @_ssdm_op_BitConcatenate.i30.i16.i14(i16 %r_V_11_8_i_i, i14 0)" [MathieuHelpMe/Classifier.cpp:72->MathieuHelpMe/Classifier.cpp:136]   --->   Operation 1236 'bitconcatenate' 'tmp_23_11_8_i_i' <Predicate = (!exitcond4_i_i)> <Delay = 0.00>
ST_5 : Operation 1237 [1/1] (0.00ns)   --->   "%tmp_23_11_8_cast_i_i = sext i30 %tmp_23_11_8_i_i to i31" [MathieuHelpMe/Classifier.cpp:69->MathieuHelpMe/Classifier.cpp:136]   --->   Operation 1237 'sext' 'tmp_23_11_8_cast_i_i' <Predicate = (!exitcond4_i_i)> <Delay = 0.00>
ST_5 : Operation 1238 [1/1] (0.00ns)   --->   "%tmp_23_11_9_i_i = call i30 @_ssdm_op_BitConcatenate.i30.i16.i14(i16 %r_V_11_9_i_i, i14 0)" [MathieuHelpMe/Classifier.cpp:72->MathieuHelpMe/Classifier.cpp:136]   --->   Operation 1238 'bitconcatenate' 'tmp_23_11_9_i_i' <Predicate = (!exitcond4_i_i)> <Delay = 0.00>
ST_5 : Operation 1239 [1/1] (0.00ns)   --->   "%tmp_23_11_9_cast_i_i = sext i30 %tmp_23_11_9_i_i to i31" [MathieuHelpMe/Classifier.cpp:69->MathieuHelpMe/Classifier.cpp:136]   --->   Operation 1239 'sext' 'tmp_23_11_9_cast_i_i' <Predicate = (!exitcond4_i_i)> <Delay = 0.00>
ST_5 : Operation 1240 [1/1] (0.00ns)   --->   "%tmp_23_11_i_i_68 = call i30 @_ssdm_op_BitConcatenate.i30.i16.i14(i16 %r_V_11_i_i_67, i14 0)" [MathieuHelpMe/Classifier.cpp:72->MathieuHelpMe/Classifier.cpp:136]   --->   Operation 1240 'bitconcatenate' 'tmp_23_11_i_i_68' <Predicate = (!exitcond4_i_i)> <Delay = 0.00>
ST_5 : Operation 1241 [1/1] (0.00ns)   --->   "%tmp_23_11_cast_i_i_s = sext i30 %tmp_23_11_i_i_68 to i31" [MathieuHelpMe/Classifier.cpp:69->MathieuHelpMe/Classifier.cpp:136]   --->   Operation 1241 'sext' 'tmp_23_11_cast_i_i_s' <Predicate = (!exitcond4_i_i)> <Delay = 0.00>
ST_5 : Operation 1242 [1/1] (0.00ns)   --->   "%tmp_23_11_10_i_i = call i30 @_ssdm_op_BitConcatenate.i30.i16.i14(i16 %r_V_11_10_i_i, i14 0)" [MathieuHelpMe/Classifier.cpp:72->MathieuHelpMe/Classifier.cpp:136]   --->   Operation 1242 'bitconcatenate' 'tmp_23_11_10_i_i' <Predicate = (!exitcond4_i_i)> <Delay = 0.00>
ST_5 : Operation 1243 [1/1] (0.00ns)   --->   "%tmp_23_11_10_cast_i_s = sext i30 %tmp_23_11_10_i_i to i31" [MathieuHelpMe/Classifier.cpp:69->MathieuHelpMe/Classifier.cpp:136]   --->   Operation 1243 'sext' 'tmp_23_11_10_cast_i_s' <Predicate = (!exitcond4_i_i)> <Delay = 0.00>
ST_5 : Operation 1244 [1/1] (0.00ns)   --->   "%tmp_23_11_11_i_i = call i30 @_ssdm_op_BitConcatenate.i30.i16.i14(i16 %r_V_11_11_i_i, i14 0)" [MathieuHelpMe/Classifier.cpp:72->MathieuHelpMe/Classifier.cpp:136]   --->   Operation 1244 'bitconcatenate' 'tmp_23_11_11_i_i' <Predicate = (!exitcond4_i_i)> <Delay = 0.00>
ST_5 : Operation 1245 [1/1] (0.00ns)   --->   "%tmp_23_11_11_cast_i_s = sext i30 %tmp_23_11_11_i_i to i31" [MathieuHelpMe/Classifier.cpp:69->MathieuHelpMe/Classifier.cpp:136]   --->   Operation 1245 'sext' 'tmp_23_11_11_cast_i_s' <Predicate = (!exitcond4_i_i)> <Delay = 0.00>
ST_5 : Operation 1246 [1/1] (0.00ns)   --->   "%tmp_23_11_12_i_i = call i30 @_ssdm_op_BitConcatenate.i30.i16.i14(i16 %r_V_11_12_i_i, i14 0)" [MathieuHelpMe/Classifier.cpp:72->MathieuHelpMe/Classifier.cpp:136]   --->   Operation 1246 'bitconcatenate' 'tmp_23_11_12_i_i' <Predicate = (!exitcond4_i_i)> <Delay = 0.00>
ST_5 : Operation 1247 [1/1] (0.00ns)   --->   "%tmp_23_11_12_cast_i_s = sext i30 %tmp_23_11_12_i_i to i31" [MathieuHelpMe/Classifier.cpp:69->MathieuHelpMe/Classifier.cpp:136]   --->   Operation 1247 'sext' 'tmp_23_11_12_cast_i_s' <Predicate = (!exitcond4_i_i)> <Delay = 0.00>
ST_5 : Operation 1248 [1/1] (0.00ns)   --->   "%tmp_23_11_13_i_i = call i30 @_ssdm_op_BitConcatenate.i30.i16.i14(i16 %r_V_11_13_i_i, i14 0)" [MathieuHelpMe/Classifier.cpp:72->MathieuHelpMe/Classifier.cpp:136]   --->   Operation 1248 'bitconcatenate' 'tmp_23_11_13_i_i' <Predicate = (!exitcond4_i_i)> <Delay = 0.00>
ST_5 : Operation 1249 [1/1] (0.00ns)   --->   "%tmp_23_11_13_cast_i_s = sext i30 %tmp_23_11_13_i_i to i31" [MathieuHelpMe/Classifier.cpp:69->MathieuHelpMe/Classifier.cpp:136]   --->   Operation 1249 'sext' 'tmp_23_11_13_cast_i_s' <Predicate = (!exitcond4_i_i)> <Delay = 0.00>
ST_5 : Operation 1250 [1/1] (0.00ns)   --->   "%tmp_23_11_14_i_i = call i30 @_ssdm_op_BitConcatenate.i30.i16.i14(i16 %r_V_11_14_i_i, i14 0)" [MathieuHelpMe/Classifier.cpp:72->MathieuHelpMe/Classifier.cpp:136]   --->   Operation 1250 'bitconcatenate' 'tmp_23_11_14_i_i' <Predicate = (!exitcond4_i_i)> <Delay = 0.00>
ST_5 : Operation 1251 [1/1] (0.00ns)   --->   "%tmp_23_11_14_cast_i_s = sext i30 %tmp_23_11_14_i_i to i31" [MathieuHelpMe/Classifier.cpp:72->MathieuHelpMe/Classifier.cpp:136]   --->   Operation 1251 'sext' 'tmp_23_11_14_cast_i_s' <Predicate = (!exitcond4_i_i)> <Delay = 0.00>
ST_5 : Operation 1252 [1/1] (0.00ns)   --->   "%OP1_V_12_i_i = sext i8 %tmp_208_i_i to i16" [MathieuHelpMe/Classifier.cpp:71->MathieuHelpMe/Classifier.cpp:136]   --->   Operation 1252 'sext' 'OP1_V_12_i_i' <Predicate = (!exitcond4_i_i)> <Delay = 0.00>
ST_5 : Operation 1253 [1/1] (0.00ns)   --->   "%OP2_V_12_i_i = sext i8 %x_local_12_V_load to i16" [MathieuHelpMe/Classifier.cpp:71->MathieuHelpMe/Classifier.cpp:136]   --->   Operation 1253 'sext' 'OP2_V_12_i_i' <Predicate = (!exitcond4_i_i)> <Delay = 0.00>
ST_5 : Operation 1254 [1/1] (4.17ns)   --->   "%r_V_12_i_i = mul i16 %OP2_V_12_i_i, %OP1_V_12_i_i" [MathieuHelpMe/Classifier.cpp:71->MathieuHelpMe/Classifier.cpp:136]   --->   Operation 1254 'mul' 'r_V_12_i_i' <Predicate = (!exitcond4_i_i)> <Delay = 4.17> <Core = "Mul">   --->   Core 16 'Mul' <Latency = 0> <II = 1> <Delay = 3.74> <FuncUnit> <Opcode : 'mul'> <InPorts = 2> <OutPorts = 1>
ST_5 : Operation 1255 [1/1] (0.00ns)   --->   "%tmp_23_12_i_i = call i30 @_ssdm_op_BitConcatenate.i30.i16.i14(i16 %r_V_12_i_i, i14 0)" [MathieuHelpMe/Classifier.cpp:72->MathieuHelpMe/Classifier.cpp:136]   --->   Operation 1255 'bitconcatenate' 'tmp_23_12_i_i' <Predicate = (!exitcond4_i_i)> <Delay = 0.00>
ST_5 : Operation 1256 [1/1] (0.00ns)   --->   "%tmp_23_12_cast_i_i_c = sext i30 %tmp_23_12_i_i to i31" [MathieuHelpMe/Classifier.cpp:69->MathieuHelpMe/Classifier.cpp:136]   --->   Operation 1256 'sext' 'tmp_23_12_cast_i_i_c' <Predicate = (!exitcond4_i_i)> <Delay = 0.00>
ST_5 : Operation 1257 [1/1] (0.00ns)   --->   "%OP1_V_12_1_i_i = sext i8 %tmp_209_i_i to i16" [MathieuHelpMe/Classifier.cpp:71->MathieuHelpMe/Classifier.cpp:136]   --->   Operation 1257 'sext' 'OP1_V_12_1_i_i' <Predicate = (!exitcond4_i_i)> <Delay = 0.00>
ST_5 : Operation 1258 [1/1] (4.17ns)   --->   "%r_V_12_1_i_i = mul i16 %OP2_V_12_i_i, %OP1_V_12_1_i_i" [MathieuHelpMe/Classifier.cpp:71->MathieuHelpMe/Classifier.cpp:136]   --->   Operation 1258 'mul' 'r_V_12_1_i_i' <Predicate = (!exitcond4_i_i)> <Delay = 4.17> <Core = "Mul">   --->   Core 16 'Mul' <Latency = 0> <II = 1> <Delay = 3.74> <FuncUnit> <Opcode : 'mul'> <InPorts = 2> <OutPorts = 1>
ST_5 : Operation 1259 [1/1] (0.00ns)   --->   "%tmp_23_12_1_i_i = call i30 @_ssdm_op_BitConcatenate.i30.i16.i14(i16 %r_V_12_1_i_i, i14 0)" [MathieuHelpMe/Classifier.cpp:72->MathieuHelpMe/Classifier.cpp:136]   --->   Operation 1259 'bitconcatenate' 'tmp_23_12_1_i_i' <Predicate = (!exitcond4_i_i)> <Delay = 0.00>
ST_5 : Operation 1260 [1/1] (0.00ns)   --->   "%tmp_23_12_1_cast_i_i = sext i30 %tmp_23_12_1_i_i to i31" [MathieuHelpMe/Classifier.cpp:69->MathieuHelpMe/Classifier.cpp:136]   --->   Operation 1260 'sext' 'tmp_23_12_1_cast_i_i' <Predicate = (!exitcond4_i_i)> <Delay = 0.00>
ST_5 : Operation 1261 [1/1] (0.00ns)   --->   "%OP1_V_12_2_i_i = sext i8 %tmp_210_i_i to i16" [MathieuHelpMe/Classifier.cpp:71->MathieuHelpMe/Classifier.cpp:136]   --->   Operation 1261 'sext' 'OP1_V_12_2_i_i' <Predicate = (!exitcond4_i_i)> <Delay = 0.00>
ST_5 : Operation 1262 [1/1] (4.17ns)   --->   "%r_V_12_2_i_i = mul i16 %OP2_V_12_i_i, %OP1_V_12_2_i_i" [MathieuHelpMe/Classifier.cpp:71->MathieuHelpMe/Classifier.cpp:136]   --->   Operation 1262 'mul' 'r_V_12_2_i_i' <Predicate = (!exitcond4_i_i)> <Delay = 4.17> <Core = "Mul">   --->   Core 16 'Mul' <Latency = 0> <II = 1> <Delay = 3.74> <FuncUnit> <Opcode : 'mul'> <InPorts = 2> <OutPorts = 1>
ST_5 : Operation 1263 [1/1] (0.00ns)   --->   "%tmp_23_12_2_i_i = call i30 @_ssdm_op_BitConcatenate.i30.i16.i14(i16 %r_V_12_2_i_i, i14 0)" [MathieuHelpMe/Classifier.cpp:72->MathieuHelpMe/Classifier.cpp:136]   --->   Operation 1263 'bitconcatenate' 'tmp_23_12_2_i_i' <Predicate = (!exitcond4_i_i)> <Delay = 0.00>
ST_5 : Operation 1264 [1/1] (0.00ns)   --->   "%tmp_23_12_2_cast_i_i = sext i30 %tmp_23_12_2_i_i to i31" [MathieuHelpMe/Classifier.cpp:69->MathieuHelpMe/Classifier.cpp:136]   --->   Operation 1264 'sext' 'tmp_23_12_2_cast_i_i' <Predicate = (!exitcond4_i_i)> <Delay = 0.00>
ST_5 : Operation 1265 [1/1] (0.00ns)   --->   "%OP1_V_12_3_i_i = sext i8 %tmp_211_i_i to i16" [MathieuHelpMe/Classifier.cpp:71->MathieuHelpMe/Classifier.cpp:136]   --->   Operation 1265 'sext' 'OP1_V_12_3_i_i' <Predicate = (!exitcond4_i_i)> <Delay = 0.00>
ST_5 : Operation 1266 [1/1] (4.17ns)   --->   "%r_V_12_3_i_i = mul i16 %OP2_V_12_i_i, %OP1_V_12_3_i_i" [MathieuHelpMe/Classifier.cpp:71->MathieuHelpMe/Classifier.cpp:136]   --->   Operation 1266 'mul' 'r_V_12_3_i_i' <Predicate = (!exitcond4_i_i)> <Delay = 4.17> <Core = "Mul">   --->   Core 16 'Mul' <Latency = 0> <II = 1> <Delay = 3.74> <FuncUnit> <Opcode : 'mul'> <InPorts = 2> <OutPorts = 1>
ST_5 : Operation 1267 [1/1] (0.00ns)   --->   "%tmp_23_12_3_i_i = call i30 @_ssdm_op_BitConcatenate.i30.i16.i14(i16 %r_V_12_3_i_i, i14 0)" [MathieuHelpMe/Classifier.cpp:72->MathieuHelpMe/Classifier.cpp:136]   --->   Operation 1267 'bitconcatenate' 'tmp_23_12_3_i_i' <Predicate = (!exitcond4_i_i)> <Delay = 0.00>
ST_5 : Operation 1268 [1/1] (0.00ns)   --->   "%tmp_23_12_3_cast_i_i = sext i30 %tmp_23_12_3_i_i to i31" [MathieuHelpMe/Classifier.cpp:69->MathieuHelpMe/Classifier.cpp:136]   --->   Operation 1268 'sext' 'tmp_23_12_3_cast_i_i' <Predicate = (!exitcond4_i_i)> <Delay = 0.00>
ST_5 : Operation 1269 [1/1] (0.00ns)   --->   "%OP1_V_12_4_i_i = sext i8 %tmp_212_i_i to i16" [MathieuHelpMe/Classifier.cpp:71->MathieuHelpMe/Classifier.cpp:136]   --->   Operation 1269 'sext' 'OP1_V_12_4_i_i' <Predicate = (!exitcond4_i_i)> <Delay = 0.00>
ST_5 : Operation 1270 [1/1] (4.17ns)   --->   "%r_V_12_4_i_i = mul i16 %OP2_V_12_i_i, %OP1_V_12_4_i_i" [MathieuHelpMe/Classifier.cpp:71->MathieuHelpMe/Classifier.cpp:136]   --->   Operation 1270 'mul' 'r_V_12_4_i_i' <Predicate = (!exitcond4_i_i)> <Delay = 4.17> <Core = "Mul">   --->   Core 16 'Mul' <Latency = 0> <II = 1> <Delay = 3.74> <FuncUnit> <Opcode : 'mul'> <InPorts = 2> <OutPorts = 1>
ST_5 : Operation 1271 [1/1] (0.00ns)   --->   "%tmp_23_12_4_i_i = call i30 @_ssdm_op_BitConcatenate.i30.i16.i14(i16 %r_V_12_4_i_i, i14 0)" [MathieuHelpMe/Classifier.cpp:72->MathieuHelpMe/Classifier.cpp:136]   --->   Operation 1271 'bitconcatenate' 'tmp_23_12_4_i_i' <Predicate = (!exitcond4_i_i)> <Delay = 0.00>
ST_5 : Operation 1272 [1/1] (0.00ns)   --->   "%tmp_23_12_4_cast_i_i = sext i30 %tmp_23_12_4_i_i to i31" [MathieuHelpMe/Classifier.cpp:69->MathieuHelpMe/Classifier.cpp:136]   --->   Operation 1272 'sext' 'tmp_23_12_4_cast_i_i' <Predicate = (!exitcond4_i_i)> <Delay = 0.00>
ST_5 : Operation 1273 [1/1] (0.00ns)   --->   "%OP1_V_12_5_i_i = sext i8 %tmp_213_i_i to i16" [MathieuHelpMe/Classifier.cpp:71->MathieuHelpMe/Classifier.cpp:136]   --->   Operation 1273 'sext' 'OP1_V_12_5_i_i' <Predicate = (!exitcond4_i_i)> <Delay = 0.00>
ST_5 : Operation 1274 [1/1] (4.17ns)   --->   "%r_V_12_5_i_i = mul i16 %OP2_V_12_i_i, %OP1_V_12_5_i_i" [MathieuHelpMe/Classifier.cpp:71->MathieuHelpMe/Classifier.cpp:136]   --->   Operation 1274 'mul' 'r_V_12_5_i_i' <Predicate = (!exitcond4_i_i)> <Delay = 4.17> <Core = "Mul">   --->   Core 16 'Mul' <Latency = 0> <II = 1> <Delay = 3.74> <FuncUnit> <Opcode : 'mul'> <InPorts = 2> <OutPorts = 1>
ST_5 : Operation 1275 [1/1] (0.00ns)   --->   "%tmp_23_12_5_i_i = call i30 @_ssdm_op_BitConcatenate.i30.i16.i14(i16 %r_V_12_5_i_i, i14 0)" [MathieuHelpMe/Classifier.cpp:72->MathieuHelpMe/Classifier.cpp:136]   --->   Operation 1275 'bitconcatenate' 'tmp_23_12_5_i_i' <Predicate = (!exitcond4_i_i)> <Delay = 0.00>
ST_5 : Operation 1276 [1/1] (0.00ns)   --->   "%tmp_23_12_5_cast_i_i = sext i30 %tmp_23_12_5_i_i to i31" [MathieuHelpMe/Classifier.cpp:69->MathieuHelpMe/Classifier.cpp:136]   --->   Operation 1276 'sext' 'tmp_23_12_5_cast_i_i' <Predicate = (!exitcond4_i_i)> <Delay = 0.00>
ST_5 : Operation 1277 [1/1] (0.00ns)   --->   "%OP1_V_12_6_i_i = sext i8 %tmp_214_i_i to i16" [MathieuHelpMe/Classifier.cpp:71->MathieuHelpMe/Classifier.cpp:136]   --->   Operation 1277 'sext' 'OP1_V_12_6_i_i' <Predicate = (!exitcond4_i_i)> <Delay = 0.00>
ST_5 : Operation 1278 [1/1] (4.17ns)   --->   "%r_V_12_6_i_i = mul i16 %OP2_V_12_i_i, %OP1_V_12_6_i_i" [MathieuHelpMe/Classifier.cpp:71->MathieuHelpMe/Classifier.cpp:136]   --->   Operation 1278 'mul' 'r_V_12_6_i_i' <Predicate = (!exitcond4_i_i)> <Delay = 4.17> <Core = "Mul">   --->   Core 16 'Mul' <Latency = 0> <II = 1> <Delay = 3.74> <FuncUnit> <Opcode : 'mul'> <InPorts = 2> <OutPorts = 1>
ST_5 : Operation 1279 [1/1] (0.00ns)   --->   "%tmp_23_12_6_i_i = call i30 @_ssdm_op_BitConcatenate.i30.i16.i14(i16 %r_V_12_6_i_i, i14 0)" [MathieuHelpMe/Classifier.cpp:72->MathieuHelpMe/Classifier.cpp:136]   --->   Operation 1279 'bitconcatenate' 'tmp_23_12_6_i_i' <Predicate = (!exitcond4_i_i)> <Delay = 0.00>
ST_5 : Operation 1280 [1/1] (0.00ns)   --->   "%tmp_23_12_6_cast_i_i = sext i30 %tmp_23_12_6_i_i to i31" [MathieuHelpMe/Classifier.cpp:69->MathieuHelpMe/Classifier.cpp:136]   --->   Operation 1280 'sext' 'tmp_23_12_6_cast_i_i' <Predicate = (!exitcond4_i_i)> <Delay = 0.00>
ST_5 : Operation 1281 [1/1] (0.00ns)   --->   "%OP1_V_12_7_i_i = sext i8 %tmp_215_i_i to i16" [MathieuHelpMe/Classifier.cpp:71->MathieuHelpMe/Classifier.cpp:136]   --->   Operation 1281 'sext' 'OP1_V_12_7_i_i' <Predicate = (!exitcond4_i_i)> <Delay = 0.00>
ST_5 : Operation 1282 [1/1] (4.17ns)   --->   "%r_V_12_7_i_i = mul i16 %OP2_V_12_i_i, %OP1_V_12_7_i_i" [MathieuHelpMe/Classifier.cpp:71->MathieuHelpMe/Classifier.cpp:136]   --->   Operation 1282 'mul' 'r_V_12_7_i_i' <Predicate = (!exitcond4_i_i)> <Delay = 4.17> <Core = "Mul">   --->   Core 16 'Mul' <Latency = 0> <II = 1> <Delay = 3.74> <FuncUnit> <Opcode : 'mul'> <InPorts = 2> <OutPorts = 1>
ST_5 : Operation 1283 [1/1] (0.00ns)   --->   "%tmp_23_12_7_i_i = call i30 @_ssdm_op_BitConcatenate.i30.i16.i14(i16 %r_V_12_7_i_i, i14 0)" [MathieuHelpMe/Classifier.cpp:72->MathieuHelpMe/Classifier.cpp:136]   --->   Operation 1283 'bitconcatenate' 'tmp_23_12_7_i_i' <Predicate = (!exitcond4_i_i)> <Delay = 0.00>
ST_5 : Operation 1284 [1/1] (0.00ns)   --->   "%tmp_23_12_7_cast_i_i = sext i30 %tmp_23_12_7_i_i to i31" [MathieuHelpMe/Classifier.cpp:69->MathieuHelpMe/Classifier.cpp:136]   --->   Operation 1284 'sext' 'tmp_23_12_7_cast_i_i' <Predicate = (!exitcond4_i_i)> <Delay = 0.00>
ST_5 : Operation 1285 [1/1] (0.00ns)   --->   "%OP1_V_12_8_i_i = sext i8 %tmp_216_i_i to i16" [MathieuHelpMe/Classifier.cpp:71->MathieuHelpMe/Classifier.cpp:136]   --->   Operation 1285 'sext' 'OP1_V_12_8_i_i' <Predicate = (!exitcond4_i_i)> <Delay = 0.00>
ST_5 : Operation 1286 [1/1] (4.17ns)   --->   "%r_V_12_8_i_i = mul i16 %OP2_V_12_i_i, %OP1_V_12_8_i_i" [MathieuHelpMe/Classifier.cpp:71->MathieuHelpMe/Classifier.cpp:136]   --->   Operation 1286 'mul' 'r_V_12_8_i_i' <Predicate = (!exitcond4_i_i)> <Delay = 4.17> <Core = "Mul">   --->   Core 16 'Mul' <Latency = 0> <II = 1> <Delay = 3.74> <FuncUnit> <Opcode : 'mul'> <InPorts = 2> <OutPorts = 1>
ST_5 : Operation 1287 [1/1] (0.00ns)   --->   "%tmp_23_12_8_i_i = call i30 @_ssdm_op_BitConcatenate.i30.i16.i14(i16 %r_V_12_8_i_i, i14 0)" [MathieuHelpMe/Classifier.cpp:72->MathieuHelpMe/Classifier.cpp:136]   --->   Operation 1287 'bitconcatenate' 'tmp_23_12_8_i_i' <Predicate = (!exitcond4_i_i)> <Delay = 0.00>
ST_5 : Operation 1288 [1/1] (0.00ns)   --->   "%tmp_23_12_8_cast_i_i = sext i30 %tmp_23_12_8_i_i to i31" [MathieuHelpMe/Classifier.cpp:69->MathieuHelpMe/Classifier.cpp:136]   --->   Operation 1288 'sext' 'tmp_23_12_8_cast_i_i' <Predicate = (!exitcond4_i_i)> <Delay = 0.00>
ST_5 : Operation 1289 [1/1] (0.00ns)   --->   "%OP1_V_12_9_i_i = sext i8 %tmp_217_i_i to i16" [MathieuHelpMe/Classifier.cpp:71->MathieuHelpMe/Classifier.cpp:136]   --->   Operation 1289 'sext' 'OP1_V_12_9_i_i' <Predicate = (!exitcond4_i_i)> <Delay = 0.00>
ST_5 : Operation 1290 [1/1] (4.17ns)   --->   "%r_V_12_9_i_i = mul i16 %OP2_V_12_i_i, %OP1_V_12_9_i_i" [MathieuHelpMe/Classifier.cpp:71->MathieuHelpMe/Classifier.cpp:136]   --->   Operation 1290 'mul' 'r_V_12_9_i_i' <Predicate = (!exitcond4_i_i)> <Delay = 4.17> <Core = "Mul">   --->   Core 16 'Mul' <Latency = 0> <II = 1> <Delay = 3.74> <FuncUnit> <Opcode : 'mul'> <InPorts = 2> <OutPorts = 1>
ST_5 : Operation 1291 [1/1] (0.00ns)   --->   "%tmp_23_12_9_i_i = call i30 @_ssdm_op_BitConcatenate.i30.i16.i14(i16 %r_V_12_9_i_i, i14 0)" [MathieuHelpMe/Classifier.cpp:72->MathieuHelpMe/Classifier.cpp:136]   --->   Operation 1291 'bitconcatenate' 'tmp_23_12_9_i_i' <Predicate = (!exitcond4_i_i)> <Delay = 0.00>
ST_5 : Operation 1292 [1/1] (0.00ns)   --->   "%tmp_23_12_9_cast_i_i = sext i30 %tmp_23_12_9_i_i to i31" [MathieuHelpMe/Classifier.cpp:69->MathieuHelpMe/Classifier.cpp:136]   --->   Operation 1292 'sext' 'tmp_23_12_9_cast_i_i' <Predicate = (!exitcond4_i_i)> <Delay = 0.00>
ST_5 : Operation 1293 [1/1] (0.00ns)   --->   "%OP1_V_12_i_i_69 = sext i8 %tmp_218_i_i to i16" [MathieuHelpMe/Classifier.cpp:71->MathieuHelpMe/Classifier.cpp:136]   --->   Operation 1293 'sext' 'OP1_V_12_i_i_69' <Predicate = (!exitcond4_i_i)> <Delay = 0.00>
ST_5 : Operation 1294 [1/1] (4.17ns)   --->   "%r_V_12_i_i_70 = mul i16 %OP2_V_12_i_i, %OP1_V_12_i_i_69" [MathieuHelpMe/Classifier.cpp:71->MathieuHelpMe/Classifier.cpp:136]   --->   Operation 1294 'mul' 'r_V_12_i_i_70' <Predicate = (!exitcond4_i_i)> <Delay = 4.17> <Core = "Mul">   --->   Core 16 'Mul' <Latency = 0> <II = 1> <Delay = 3.74> <FuncUnit> <Opcode : 'mul'> <InPorts = 2> <OutPorts = 1>
ST_5 : Operation 1295 [1/1] (0.00ns)   --->   "%tmp_23_12_i_i_71 = call i30 @_ssdm_op_BitConcatenate.i30.i16.i14(i16 %r_V_12_i_i_70, i14 0)" [MathieuHelpMe/Classifier.cpp:72->MathieuHelpMe/Classifier.cpp:136]   --->   Operation 1295 'bitconcatenate' 'tmp_23_12_i_i_71' <Predicate = (!exitcond4_i_i)> <Delay = 0.00>
ST_5 : Operation 1296 [1/1] (0.00ns)   --->   "%tmp_23_12_cast_i_i_s = sext i30 %tmp_23_12_i_i_71 to i31" [MathieuHelpMe/Classifier.cpp:69->MathieuHelpMe/Classifier.cpp:136]   --->   Operation 1296 'sext' 'tmp_23_12_cast_i_i_s' <Predicate = (!exitcond4_i_i)> <Delay = 0.00>
ST_5 : Operation 1297 [1/1] (0.00ns)   --->   "%OP1_V_12_10_i_i = sext i8 %tmp_219_i_i to i16" [MathieuHelpMe/Classifier.cpp:71->MathieuHelpMe/Classifier.cpp:136]   --->   Operation 1297 'sext' 'OP1_V_12_10_i_i' <Predicate = (!exitcond4_i_i)> <Delay = 0.00>
ST_5 : Operation 1298 [1/1] (4.17ns)   --->   "%r_V_12_10_i_i = mul i16 %OP2_V_12_i_i, %OP1_V_12_10_i_i" [MathieuHelpMe/Classifier.cpp:71->MathieuHelpMe/Classifier.cpp:136]   --->   Operation 1298 'mul' 'r_V_12_10_i_i' <Predicate = (!exitcond4_i_i)> <Delay = 4.17> <Core = "Mul">   --->   Core 16 'Mul' <Latency = 0> <II = 1> <Delay = 3.74> <FuncUnit> <Opcode : 'mul'> <InPorts = 2> <OutPorts = 1>
ST_5 : Operation 1299 [1/1] (0.00ns)   --->   "%tmp_23_12_10_i_i = call i30 @_ssdm_op_BitConcatenate.i30.i16.i14(i16 %r_V_12_10_i_i, i14 0)" [MathieuHelpMe/Classifier.cpp:72->MathieuHelpMe/Classifier.cpp:136]   --->   Operation 1299 'bitconcatenate' 'tmp_23_12_10_i_i' <Predicate = (!exitcond4_i_i)> <Delay = 0.00>
ST_5 : Operation 1300 [1/1] (0.00ns)   --->   "%tmp_23_12_10_cast_i_s = sext i30 %tmp_23_12_10_i_i to i31" [MathieuHelpMe/Classifier.cpp:69->MathieuHelpMe/Classifier.cpp:136]   --->   Operation 1300 'sext' 'tmp_23_12_10_cast_i_s' <Predicate = (!exitcond4_i_i)> <Delay = 0.00>
ST_5 : Operation 1301 [1/1] (0.00ns)   --->   "%OP1_V_12_11_i_i = sext i8 %tmp_220_i_i to i16" [MathieuHelpMe/Classifier.cpp:71->MathieuHelpMe/Classifier.cpp:136]   --->   Operation 1301 'sext' 'OP1_V_12_11_i_i' <Predicate = (!exitcond4_i_i)> <Delay = 0.00>
ST_5 : Operation 1302 [1/1] (4.17ns)   --->   "%r_V_12_11_i_i = mul i16 %OP2_V_12_i_i, %OP1_V_12_11_i_i" [MathieuHelpMe/Classifier.cpp:71->MathieuHelpMe/Classifier.cpp:136]   --->   Operation 1302 'mul' 'r_V_12_11_i_i' <Predicate = (!exitcond4_i_i)> <Delay = 4.17> <Core = "Mul">   --->   Core 16 'Mul' <Latency = 0> <II = 1> <Delay = 3.74> <FuncUnit> <Opcode : 'mul'> <InPorts = 2> <OutPorts = 1>
ST_5 : Operation 1303 [1/1] (0.00ns)   --->   "%tmp_23_12_11_i_i = call i30 @_ssdm_op_BitConcatenate.i30.i16.i14(i16 %r_V_12_11_i_i, i14 0)" [MathieuHelpMe/Classifier.cpp:72->MathieuHelpMe/Classifier.cpp:136]   --->   Operation 1303 'bitconcatenate' 'tmp_23_12_11_i_i' <Predicate = (!exitcond4_i_i)> <Delay = 0.00>
ST_5 : Operation 1304 [1/1] (0.00ns)   --->   "%tmp_23_12_11_cast_i_s = sext i30 %tmp_23_12_11_i_i to i31" [MathieuHelpMe/Classifier.cpp:69->MathieuHelpMe/Classifier.cpp:136]   --->   Operation 1304 'sext' 'tmp_23_12_11_cast_i_s' <Predicate = (!exitcond4_i_i)> <Delay = 0.00>
ST_5 : Operation 1305 [1/1] (0.00ns)   --->   "%OP1_V_12_12_i_i = sext i8 %tmp_221_i_i to i16" [MathieuHelpMe/Classifier.cpp:71->MathieuHelpMe/Classifier.cpp:136]   --->   Operation 1305 'sext' 'OP1_V_12_12_i_i' <Predicate = (!exitcond4_i_i)> <Delay = 0.00>
ST_5 : Operation 1306 [1/1] (4.17ns)   --->   "%r_V_12_12_i_i = mul i16 %OP2_V_12_i_i, %OP1_V_12_12_i_i" [MathieuHelpMe/Classifier.cpp:71->MathieuHelpMe/Classifier.cpp:136]   --->   Operation 1306 'mul' 'r_V_12_12_i_i' <Predicate = (!exitcond4_i_i)> <Delay = 4.17> <Core = "Mul">   --->   Core 16 'Mul' <Latency = 0> <II = 1> <Delay = 3.74> <FuncUnit> <Opcode : 'mul'> <InPorts = 2> <OutPorts = 1>
ST_5 : Operation 1307 [1/1] (0.00ns)   --->   "%tmp_23_12_12_i_i = call i30 @_ssdm_op_BitConcatenate.i30.i16.i14(i16 %r_V_12_12_i_i, i14 0)" [MathieuHelpMe/Classifier.cpp:72->MathieuHelpMe/Classifier.cpp:136]   --->   Operation 1307 'bitconcatenate' 'tmp_23_12_12_i_i' <Predicate = (!exitcond4_i_i)> <Delay = 0.00>
ST_5 : Operation 1308 [1/1] (0.00ns)   --->   "%tmp_23_12_12_cast_i_s = sext i30 %tmp_23_12_12_i_i to i31" [MathieuHelpMe/Classifier.cpp:69->MathieuHelpMe/Classifier.cpp:136]   --->   Operation 1308 'sext' 'tmp_23_12_12_cast_i_s' <Predicate = (!exitcond4_i_i)> <Delay = 0.00>
ST_5 : Operation 1309 [1/1] (0.00ns)   --->   "%OP1_V_12_13_i_i = sext i8 %tmp_222_i_i to i16" [MathieuHelpMe/Classifier.cpp:71->MathieuHelpMe/Classifier.cpp:136]   --->   Operation 1309 'sext' 'OP1_V_12_13_i_i' <Predicate = (!exitcond4_i_i)> <Delay = 0.00>
ST_5 : Operation 1310 [1/1] (4.17ns)   --->   "%r_V_12_13_i_i = mul i16 %OP2_V_12_i_i, %OP1_V_12_13_i_i" [MathieuHelpMe/Classifier.cpp:71->MathieuHelpMe/Classifier.cpp:136]   --->   Operation 1310 'mul' 'r_V_12_13_i_i' <Predicate = (!exitcond4_i_i)> <Delay = 4.17> <Core = "Mul">   --->   Core 16 'Mul' <Latency = 0> <II = 1> <Delay = 3.74> <FuncUnit> <Opcode : 'mul'> <InPorts = 2> <OutPorts = 1>
ST_5 : Operation 1311 [1/1] (0.00ns)   --->   "%tmp_23_12_13_i_i = call i30 @_ssdm_op_BitConcatenate.i30.i16.i14(i16 %r_V_12_13_i_i, i14 0)" [MathieuHelpMe/Classifier.cpp:72->MathieuHelpMe/Classifier.cpp:136]   --->   Operation 1311 'bitconcatenate' 'tmp_23_12_13_i_i' <Predicate = (!exitcond4_i_i)> <Delay = 0.00>
ST_5 : Operation 1312 [1/1] (0.00ns)   --->   "%tmp_23_12_13_cast_i_s = sext i30 %tmp_23_12_13_i_i to i31" [MathieuHelpMe/Classifier.cpp:69->MathieuHelpMe/Classifier.cpp:136]   --->   Operation 1312 'sext' 'tmp_23_12_13_cast_i_s' <Predicate = (!exitcond4_i_i)> <Delay = 0.00>
ST_5 : Operation 1313 [1/1] (0.00ns)   --->   "%OP1_V_12_14_i_i = sext i8 %tmp_223_i_i to i16" [MathieuHelpMe/Classifier.cpp:71->MathieuHelpMe/Classifier.cpp:136]   --->   Operation 1313 'sext' 'OP1_V_12_14_i_i' <Predicate = (!exitcond4_i_i)> <Delay = 0.00>
ST_5 : Operation 1314 [1/1] (4.17ns)   --->   "%r_V_12_14_i_i = mul i16 %OP2_V_12_i_i, %OP1_V_12_14_i_i" [MathieuHelpMe/Classifier.cpp:71->MathieuHelpMe/Classifier.cpp:136]   --->   Operation 1314 'mul' 'r_V_12_14_i_i' <Predicate = (!exitcond4_i_i)> <Delay = 4.17> <Core = "Mul">   --->   Core 16 'Mul' <Latency = 0> <II = 1> <Delay = 3.74> <FuncUnit> <Opcode : 'mul'> <InPorts = 2> <OutPorts = 1>
ST_5 : Operation 1315 [1/1] (0.00ns)   --->   "%tmp_23_12_14_i_i = call i30 @_ssdm_op_BitConcatenate.i30.i16.i14(i16 %r_V_12_14_i_i, i14 0)" [MathieuHelpMe/Classifier.cpp:72->MathieuHelpMe/Classifier.cpp:136]   --->   Operation 1315 'bitconcatenate' 'tmp_23_12_14_i_i' <Predicate = (!exitcond4_i_i)> <Delay = 0.00>
ST_5 : Operation 1316 [1/1] (0.00ns)   --->   "%tmp_23_12_14_cast_i_s = sext i30 %tmp_23_12_14_i_i to i31" [MathieuHelpMe/Classifier.cpp:72->MathieuHelpMe/Classifier.cpp:136]   --->   Operation 1316 'sext' 'tmp_23_12_14_cast_i_s' <Predicate = (!exitcond4_i_i)> <Delay = 0.00>
ST_5 : Operation 1317 [1/1] (0.00ns)   --->   "%OP1_V_13_i_i = sext i8 %tmp_224_i_i to i16" [MathieuHelpMe/Classifier.cpp:71->MathieuHelpMe/Classifier.cpp:136]   --->   Operation 1317 'sext' 'OP1_V_13_i_i' <Predicate = (!exitcond4_i_i)> <Delay = 0.00>
ST_5 : Operation 1318 [1/1] (0.00ns)   --->   "%OP2_V_13_i_i = sext i8 %x_local_13_V_load to i16" [MathieuHelpMe/Classifier.cpp:71->MathieuHelpMe/Classifier.cpp:136]   --->   Operation 1318 'sext' 'OP2_V_13_i_i' <Predicate = (!exitcond4_i_i)> <Delay = 0.00>
ST_5 : Operation 1319 [1/1] (4.17ns)   --->   "%r_V_13_i_i = mul i16 %OP2_V_13_i_i, %OP1_V_13_i_i" [MathieuHelpMe/Classifier.cpp:71->MathieuHelpMe/Classifier.cpp:136]   --->   Operation 1319 'mul' 'r_V_13_i_i' <Predicate = (!exitcond4_i_i)> <Delay = 4.17> <Core = "Mul">   --->   Core 16 'Mul' <Latency = 0> <II = 1> <Delay = 3.74> <FuncUnit> <Opcode : 'mul'> <InPorts = 2> <OutPorts = 1>
ST_5 : Operation 1320 [1/1] (0.00ns)   --->   "%tmp_23_13_i_i = call i30 @_ssdm_op_BitConcatenate.i30.i16.i14(i16 %r_V_13_i_i, i14 0)" [MathieuHelpMe/Classifier.cpp:72->MathieuHelpMe/Classifier.cpp:136]   --->   Operation 1320 'bitconcatenate' 'tmp_23_13_i_i' <Predicate = (!exitcond4_i_i)> <Delay = 0.00>
ST_5 : Operation 1321 [1/1] (0.00ns)   --->   "%tmp_23_13_cast_i_i_c = sext i30 %tmp_23_13_i_i to i31" [MathieuHelpMe/Classifier.cpp:69->MathieuHelpMe/Classifier.cpp:136]   --->   Operation 1321 'sext' 'tmp_23_13_cast_i_i_c' <Predicate = (!exitcond4_i_i)> <Delay = 0.00>
ST_5 : Operation 1322 [1/1] (0.00ns)   --->   "%OP1_V_13_1_i_i = sext i8 %tmp_225_i_i to i16" [MathieuHelpMe/Classifier.cpp:71->MathieuHelpMe/Classifier.cpp:136]   --->   Operation 1322 'sext' 'OP1_V_13_1_i_i' <Predicate = (!exitcond4_i_i)> <Delay = 0.00>
ST_5 : Operation 1323 [1/1] (4.17ns)   --->   "%r_V_13_1_i_i = mul i16 %OP2_V_13_i_i, %OP1_V_13_1_i_i" [MathieuHelpMe/Classifier.cpp:71->MathieuHelpMe/Classifier.cpp:136]   --->   Operation 1323 'mul' 'r_V_13_1_i_i' <Predicate = (!exitcond4_i_i)> <Delay = 4.17> <Core = "Mul">   --->   Core 16 'Mul' <Latency = 0> <II = 1> <Delay = 3.74> <FuncUnit> <Opcode : 'mul'> <InPorts = 2> <OutPorts = 1>
ST_5 : Operation 1324 [1/1] (0.00ns)   --->   "%tmp_23_13_1_i_i = call i30 @_ssdm_op_BitConcatenate.i30.i16.i14(i16 %r_V_13_1_i_i, i14 0)" [MathieuHelpMe/Classifier.cpp:72->MathieuHelpMe/Classifier.cpp:136]   --->   Operation 1324 'bitconcatenate' 'tmp_23_13_1_i_i' <Predicate = (!exitcond4_i_i)> <Delay = 0.00>
ST_5 : Operation 1325 [1/1] (0.00ns)   --->   "%tmp_23_13_1_cast_i_i = sext i30 %tmp_23_13_1_i_i to i31" [MathieuHelpMe/Classifier.cpp:69->MathieuHelpMe/Classifier.cpp:136]   --->   Operation 1325 'sext' 'tmp_23_13_1_cast_i_i' <Predicate = (!exitcond4_i_i)> <Delay = 0.00>
ST_5 : Operation 1326 [1/1] (0.00ns)   --->   "%OP1_V_13_2_i_i = sext i8 %tmp_226_i_i to i16" [MathieuHelpMe/Classifier.cpp:71->MathieuHelpMe/Classifier.cpp:136]   --->   Operation 1326 'sext' 'OP1_V_13_2_i_i' <Predicate = (!exitcond4_i_i)> <Delay = 0.00>
ST_5 : Operation 1327 [1/1] (4.17ns)   --->   "%r_V_13_2_i_i = mul i16 %OP2_V_13_i_i, %OP1_V_13_2_i_i" [MathieuHelpMe/Classifier.cpp:71->MathieuHelpMe/Classifier.cpp:136]   --->   Operation 1327 'mul' 'r_V_13_2_i_i' <Predicate = (!exitcond4_i_i)> <Delay = 4.17> <Core = "Mul">   --->   Core 16 'Mul' <Latency = 0> <II = 1> <Delay = 3.74> <FuncUnit> <Opcode : 'mul'> <InPorts = 2> <OutPorts = 1>
ST_5 : Operation 1328 [1/1] (0.00ns)   --->   "%tmp_23_13_2_i_i = call i30 @_ssdm_op_BitConcatenate.i30.i16.i14(i16 %r_V_13_2_i_i, i14 0)" [MathieuHelpMe/Classifier.cpp:72->MathieuHelpMe/Classifier.cpp:136]   --->   Operation 1328 'bitconcatenate' 'tmp_23_13_2_i_i' <Predicate = (!exitcond4_i_i)> <Delay = 0.00>
ST_5 : Operation 1329 [1/1] (0.00ns)   --->   "%tmp_23_13_2_cast_i_i = sext i30 %tmp_23_13_2_i_i to i31" [MathieuHelpMe/Classifier.cpp:69->MathieuHelpMe/Classifier.cpp:136]   --->   Operation 1329 'sext' 'tmp_23_13_2_cast_i_i' <Predicate = (!exitcond4_i_i)> <Delay = 0.00>
ST_5 : Operation 1330 [1/1] (0.00ns)   --->   "%OP1_V_13_3_i_i = sext i8 %tmp_227_i_i to i16" [MathieuHelpMe/Classifier.cpp:71->MathieuHelpMe/Classifier.cpp:136]   --->   Operation 1330 'sext' 'OP1_V_13_3_i_i' <Predicate = (!exitcond4_i_i)> <Delay = 0.00>
ST_5 : Operation 1331 [1/1] (4.17ns)   --->   "%r_V_13_3_i_i = mul i16 %OP2_V_13_i_i, %OP1_V_13_3_i_i" [MathieuHelpMe/Classifier.cpp:71->MathieuHelpMe/Classifier.cpp:136]   --->   Operation 1331 'mul' 'r_V_13_3_i_i' <Predicate = (!exitcond4_i_i)> <Delay = 4.17> <Core = "Mul">   --->   Core 16 'Mul' <Latency = 0> <II = 1> <Delay = 3.74> <FuncUnit> <Opcode : 'mul'> <InPorts = 2> <OutPorts = 1>
ST_5 : Operation 1332 [1/1] (0.00ns)   --->   "%tmp_23_13_3_i_i = call i30 @_ssdm_op_BitConcatenate.i30.i16.i14(i16 %r_V_13_3_i_i, i14 0)" [MathieuHelpMe/Classifier.cpp:72->MathieuHelpMe/Classifier.cpp:136]   --->   Operation 1332 'bitconcatenate' 'tmp_23_13_3_i_i' <Predicate = (!exitcond4_i_i)> <Delay = 0.00>
ST_5 : Operation 1333 [1/1] (0.00ns)   --->   "%tmp_23_13_3_cast_i_i = sext i30 %tmp_23_13_3_i_i to i31" [MathieuHelpMe/Classifier.cpp:69->MathieuHelpMe/Classifier.cpp:136]   --->   Operation 1333 'sext' 'tmp_23_13_3_cast_i_i' <Predicate = (!exitcond4_i_i)> <Delay = 0.00>
ST_5 : Operation 1334 [1/1] (0.00ns)   --->   "%OP1_V_13_4_i_i = sext i8 %tmp_228_i_i to i16" [MathieuHelpMe/Classifier.cpp:71->MathieuHelpMe/Classifier.cpp:136]   --->   Operation 1334 'sext' 'OP1_V_13_4_i_i' <Predicate = (!exitcond4_i_i)> <Delay = 0.00>
ST_5 : Operation 1335 [1/1] (4.17ns)   --->   "%r_V_13_4_i_i = mul i16 %OP2_V_13_i_i, %OP1_V_13_4_i_i" [MathieuHelpMe/Classifier.cpp:71->MathieuHelpMe/Classifier.cpp:136]   --->   Operation 1335 'mul' 'r_V_13_4_i_i' <Predicate = (!exitcond4_i_i)> <Delay = 4.17> <Core = "Mul">   --->   Core 16 'Mul' <Latency = 0> <II = 1> <Delay = 3.74> <FuncUnit> <Opcode : 'mul'> <InPorts = 2> <OutPorts = 1>
ST_5 : Operation 1336 [1/1] (0.00ns)   --->   "%tmp_23_13_4_i_i = call i30 @_ssdm_op_BitConcatenate.i30.i16.i14(i16 %r_V_13_4_i_i, i14 0)" [MathieuHelpMe/Classifier.cpp:72->MathieuHelpMe/Classifier.cpp:136]   --->   Operation 1336 'bitconcatenate' 'tmp_23_13_4_i_i' <Predicate = (!exitcond4_i_i)> <Delay = 0.00>
ST_5 : Operation 1337 [1/1] (0.00ns)   --->   "%tmp_23_13_4_cast_i_i = sext i30 %tmp_23_13_4_i_i to i31" [MathieuHelpMe/Classifier.cpp:69->MathieuHelpMe/Classifier.cpp:136]   --->   Operation 1337 'sext' 'tmp_23_13_4_cast_i_i' <Predicate = (!exitcond4_i_i)> <Delay = 0.00>
ST_5 : Operation 1338 [1/1] (0.00ns)   --->   "%OP1_V_13_5_i_i = sext i8 %tmp_229_i_i to i16" [MathieuHelpMe/Classifier.cpp:71->MathieuHelpMe/Classifier.cpp:136]   --->   Operation 1338 'sext' 'OP1_V_13_5_i_i' <Predicate = (!exitcond4_i_i)> <Delay = 0.00>
ST_5 : Operation 1339 [1/1] (4.17ns)   --->   "%r_V_13_5_i_i = mul i16 %OP2_V_13_i_i, %OP1_V_13_5_i_i" [MathieuHelpMe/Classifier.cpp:71->MathieuHelpMe/Classifier.cpp:136]   --->   Operation 1339 'mul' 'r_V_13_5_i_i' <Predicate = (!exitcond4_i_i)> <Delay = 4.17> <Core = "Mul">   --->   Core 16 'Mul' <Latency = 0> <II = 1> <Delay = 3.74> <FuncUnit> <Opcode : 'mul'> <InPorts = 2> <OutPorts = 1>
ST_5 : Operation 1340 [1/1] (0.00ns)   --->   "%tmp_23_13_5_i_i = call i30 @_ssdm_op_BitConcatenate.i30.i16.i14(i16 %r_V_13_5_i_i, i14 0)" [MathieuHelpMe/Classifier.cpp:72->MathieuHelpMe/Classifier.cpp:136]   --->   Operation 1340 'bitconcatenate' 'tmp_23_13_5_i_i' <Predicate = (!exitcond4_i_i)> <Delay = 0.00>
ST_5 : Operation 1341 [1/1] (0.00ns)   --->   "%tmp_23_13_5_cast_i_i = sext i30 %tmp_23_13_5_i_i to i31" [MathieuHelpMe/Classifier.cpp:69->MathieuHelpMe/Classifier.cpp:136]   --->   Operation 1341 'sext' 'tmp_23_13_5_cast_i_i' <Predicate = (!exitcond4_i_i)> <Delay = 0.00>
ST_5 : Operation 1342 [1/1] (0.00ns)   --->   "%OP1_V_13_6_i_i = sext i8 %tmp_230_i_i to i16" [MathieuHelpMe/Classifier.cpp:71->MathieuHelpMe/Classifier.cpp:136]   --->   Operation 1342 'sext' 'OP1_V_13_6_i_i' <Predicate = (!exitcond4_i_i)> <Delay = 0.00>
ST_5 : Operation 1343 [1/1] (4.17ns)   --->   "%r_V_13_6_i_i = mul i16 %OP2_V_13_i_i, %OP1_V_13_6_i_i" [MathieuHelpMe/Classifier.cpp:71->MathieuHelpMe/Classifier.cpp:136]   --->   Operation 1343 'mul' 'r_V_13_6_i_i' <Predicate = (!exitcond4_i_i)> <Delay = 4.17> <Core = "Mul">   --->   Core 16 'Mul' <Latency = 0> <II = 1> <Delay = 3.74> <FuncUnit> <Opcode : 'mul'> <InPorts = 2> <OutPorts = 1>
ST_5 : Operation 1344 [1/1] (0.00ns)   --->   "%tmp_23_13_6_i_i = call i30 @_ssdm_op_BitConcatenate.i30.i16.i14(i16 %r_V_13_6_i_i, i14 0)" [MathieuHelpMe/Classifier.cpp:72->MathieuHelpMe/Classifier.cpp:136]   --->   Operation 1344 'bitconcatenate' 'tmp_23_13_6_i_i' <Predicate = (!exitcond4_i_i)> <Delay = 0.00>
ST_5 : Operation 1345 [1/1] (0.00ns)   --->   "%tmp_23_13_6_cast_i_i = sext i30 %tmp_23_13_6_i_i to i31" [MathieuHelpMe/Classifier.cpp:69->MathieuHelpMe/Classifier.cpp:136]   --->   Operation 1345 'sext' 'tmp_23_13_6_cast_i_i' <Predicate = (!exitcond4_i_i)> <Delay = 0.00>
ST_5 : Operation 1346 [1/1] (0.00ns)   --->   "%OP1_V_13_7_i_i = sext i8 %tmp_231_i_i to i16" [MathieuHelpMe/Classifier.cpp:71->MathieuHelpMe/Classifier.cpp:136]   --->   Operation 1346 'sext' 'OP1_V_13_7_i_i' <Predicate = (!exitcond4_i_i)> <Delay = 0.00>
ST_5 : Operation 1347 [1/1] (4.17ns)   --->   "%r_V_13_7_i_i = mul i16 %OP2_V_13_i_i, %OP1_V_13_7_i_i" [MathieuHelpMe/Classifier.cpp:71->MathieuHelpMe/Classifier.cpp:136]   --->   Operation 1347 'mul' 'r_V_13_7_i_i' <Predicate = (!exitcond4_i_i)> <Delay = 4.17> <Core = "Mul">   --->   Core 16 'Mul' <Latency = 0> <II = 1> <Delay = 3.74> <FuncUnit> <Opcode : 'mul'> <InPorts = 2> <OutPorts = 1>
ST_5 : Operation 1348 [1/1] (0.00ns)   --->   "%tmp_23_13_7_i_i = call i30 @_ssdm_op_BitConcatenate.i30.i16.i14(i16 %r_V_13_7_i_i, i14 0)" [MathieuHelpMe/Classifier.cpp:72->MathieuHelpMe/Classifier.cpp:136]   --->   Operation 1348 'bitconcatenate' 'tmp_23_13_7_i_i' <Predicate = (!exitcond4_i_i)> <Delay = 0.00>
ST_5 : Operation 1349 [1/1] (0.00ns)   --->   "%tmp_23_13_7_cast_i_i = sext i30 %tmp_23_13_7_i_i to i31" [MathieuHelpMe/Classifier.cpp:69->MathieuHelpMe/Classifier.cpp:136]   --->   Operation 1349 'sext' 'tmp_23_13_7_cast_i_i' <Predicate = (!exitcond4_i_i)> <Delay = 0.00>
ST_5 : Operation 1350 [1/1] (0.00ns)   --->   "%OP1_V_13_8_i_i = sext i8 %tmp_232_i_i to i16" [MathieuHelpMe/Classifier.cpp:71->MathieuHelpMe/Classifier.cpp:136]   --->   Operation 1350 'sext' 'OP1_V_13_8_i_i' <Predicate = (!exitcond4_i_i)> <Delay = 0.00>
ST_5 : Operation 1351 [1/1] (4.17ns)   --->   "%r_V_13_8_i_i = mul i16 %OP2_V_13_i_i, %OP1_V_13_8_i_i" [MathieuHelpMe/Classifier.cpp:71->MathieuHelpMe/Classifier.cpp:136]   --->   Operation 1351 'mul' 'r_V_13_8_i_i' <Predicate = (!exitcond4_i_i)> <Delay = 4.17> <Core = "Mul">   --->   Core 16 'Mul' <Latency = 0> <II = 1> <Delay = 3.74> <FuncUnit> <Opcode : 'mul'> <InPorts = 2> <OutPorts = 1>
ST_5 : Operation 1352 [1/1] (0.00ns)   --->   "%tmp_23_13_8_i_i = call i30 @_ssdm_op_BitConcatenate.i30.i16.i14(i16 %r_V_13_8_i_i, i14 0)" [MathieuHelpMe/Classifier.cpp:72->MathieuHelpMe/Classifier.cpp:136]   --->   Operation 1352 'bitconcatenate' 'tmp_23_13_8_i_i' <Predicate = (!exitcond4_i_i)> <Delay = 0.00>
ST_5 : Operation 1353 [1/1] (0.00ns)   --->   "%tmp_23_13_8_cast_i_i = sext i30 %tmp_23_13_8_i_i to i31" [MathieuHelpMe/Classifier.cpp:69->MathieuHelpMe/Classifier.cpp:136]   --->   Operation 1353 'sext' 'tmp_23_13_8_cast_i_i' <Predicate = (!exitcond4_i_i)> <Delay = 0.00>
ST_5 : Operation 1354 [1/1] (0.00ns)   --->   "%OP1_V_13_9_i_i = sext i8 %tmp_233_i_i to i16" [MathieuHelpMe/Classifier.cpp:71->MathieuHelpMe/Classifier.cpp:136]   --->   Operation 1354 'sext' 'OP1_V_13_9_i_i' <Predicate = (!exitcond4_i_i)> <Delay = 0.00>
ST_5 : Operation 1355 [1/1] (4.17ns)   --->   "%r_V_13_9_i_i = mul i16 %OP2_V_13_i_i, %OP1_V_13_9_i_i" [MathieuHelpMe/Classifier.cpp:71->MathieuHelpMe/Classifier.cpp:136]   --->   Operation 1355 'mul' 'r_V_13_9_i_i' <Predicate = (!exitcond4_i_i)> <Delay = 4.17> <Core = "Mul">   --->   Core 16 'Mul' <Latency = 0> <II = 1> <Delay = 3.74> <FuncUnit> <Opcode : 'mul'> <InPorts = 2> <OutPorts = 1>
ST_5 : Operation 1356 [1/1] (0.00ns)   --->   "%tmp_23_13_9_i_i = call i30 @_ssdm_op_BitConcatenate.i30.i16.i14(i16 %r_V_13_9_i_i, i14 0)" [MathieuHelpMe/Classifier.cpp:72->MathieuHelpMe/Classifier.cpp:136]   --->   Operation 1356 'bitconcatenate' 'tmp_23_13_9_i_i' <Predicate = (!exitcond4_i_i)> <Delay = 0.00>
ST_5 : Operation 1357 [1/1] (0.00ns)   --->   "%tmp_23_13_9_cast_i_i = sext i30 %tmp_23_13_9_i_i to i31" [MathieuHelpMe/Classifier.cpp:69->MathieuHelpMe/Classifier.cpp:136]   --->   Operation 1357 'sext' 'tmp_23_13_9_cast_i_i' <Predicate = (!exitcond4_i_i)> <Delay = 0.00>
ST_5 : Operation 1358 [1/1] (0.00ns)   --->   "%OP1_V_13_i_i_72 = sext i8 %tmp_234_i_i to i16" [MathieuHelpMe/Classifier.cpp:71->MathieuHelpMe/Classifier.cpp:136]   --->   Operation 1358 'sext' 'OP1_V_13_i_i_72' <Predicate = (!exitcond4_i_i)> <Delay = 0.00>
ST_5 : Operation 1359 [1/1] (4.17ns)   --->   "%r_V_13_i_i_73 = mul i16 %OP2_V_13_i_i, %OP1_V_13_i_i_72" [MathieuHelpMe/Classifier.cpp:71->MathieuHelpMe/Classifier.cpp:136]   --->   Operation 1359 'mul' 'r_V_13_i_i_73' <Predicate = (!exitcond4_i_i)> <Delay = 4.17> <Core = "Mul">   --->   Core 16 'Mul' <Latency = 0> <II = 1> <Delay = 3.74> <FuncUnit> <Opcode : 'mul'> <InPorts = 2> <OutPorts = 1>
ST_5 : Operation 1360 [1/1] (0.00ns)   --->   "%tmp_23_13_i_i_74 = call i30 @_ssdm_op_BitConcatenate.i30.i16.i14(i16 %r_V_13_i_i_73, i14 0)" [MathieuHelpMe/Classifier.cpp:72->MathieuHelpMe/Classifier.cpp:136]   --->   Operation 1360 'bitconcatenate' 'tmp_23_13_i_i_74' <Predicate = (!exitcond4_i_i)> <Delay = 0.00>
ST_5 : Operation 1361 [1/1] (0.00ns)   --->   "%tmp_23_13_cast_i_i_s = sext i30 %tmp_23_13_i_i_74 to i31" [MathieuHelpMe/Classifier.cpp:69->MathieuHelpMe/Classifier.cpp:136]   --->   Operation 1361 'sext' 'tmp_23_13_cast_i_i_s' <Predicate = (!exitcond4_i_i)> <Delay = 0.00>
ST_5 : Operation 1362 [1/1] (0.00ns)   --->   "%OP1_V_13_10_i_i = sext i8 %tmp_235_i_i to i16" [MathieuHelpMe/Classifier.cpp:71->MathieuHelpMe/Classifier.cpp:136]   --->   Operation 1362 'sext' 'OP1_V_13_10_i_i' <Predicate = (!exitcond4_i_i)> <Delay = 0.00>
ST_5 : Operation 1363 [1/1] (4.17ns)   --->   "%r_V_13_10_i_i = mul i16 %OP2_V_13_i_i, %OP1_V_13_10_i_i" [MathieuHelpMe/Classifier.cpp:71->MathieuHelpMe/Classifier.cpp:136]   --->   Operation 1363 'mul' 'r_V_13_10_i_i' <Predicate = (!exitcond4_i_i)> <Delay = 4.17> <Core = "Mul">   --->   Core 16 'Mul' <Latency = 0> <II = 1> <Delay = 3.74> <FuncUnit> <Opcode : 'mul'> <InPorts = 2> <OutPorts = 1>
ST_5 : Operation 1364 [1/1] (0.00ns)   --->   "%tmp_23_13_10_i_i = call i30 @_ssdm_op_BitConcatenate.i30.i16.i14(i16 %r_V_13_10_i_i, i14 0)" [MathieuHelpMe/Classifier.cpp:72->MathieuHelpMe/Classifier.cpp:136]   --->   Operation 1364 'bitconcatenate' 'tmp_23_13_10_i_i' <Predicate = (!exitcond4_i_i)> <Delay = 0.00>
ST_5 : Operation 1365 [1/1] (0.00ns)   --->   "%tmp_23_13_10_cast_i_s = sext i30 %tmp_23_13_10_i_i to i31" [MathieuHelpMe/Classifier.cpp:69->MathieuHelpMe/Classifier.cpp:136]   --->   Operation 1365 'sext' 'tmp_23_13_10_cast_i_s' <Predicate = (!exitcond4_i_i)> <Delay = 0.00>
ST_5 : Operation 1366 [1/1] (0.00ns)   --->   "%OP1_V_13_11_i_i = sext i8 %tmp_236_i_i to i16" [MathieuHelpMe/Classifier.cpp:71->MathieuHelpMe/Classifier.cpp:136]   --->   Operation 1366 'sext' 'OP1_V_13_11_i_i' <Predicate = (!exitcond4_i_i)> <Delay = 0.00>
ST_5 : Operation 1367 [1/1] (4.17ns)   --->   "%r_V_13_11_i_i = mul i16 %OP2_V_13_i_i, %OP1_V_13_11_i_i" [MathieuHelpMe/Classifier.cpp:71->MathieuHelpMe/Classifier.cpp:136]   --->   Operation 1367 'mul' 'r_V_13_11_i_i' <Predicate = (!exitcond4_i_i)> <Delay = 4.17> <Core = "Mul">   --->   Core 16 'Mul' <Latency = 0> <II = 1> <Delay = 3.74> <FuncUnit> <Opcode : 'mul'> <InPorts = 2> <OutPorts = 1>
ST_5 : Operation 1368 [1/1] (0.00ns)   --->   "%tmp_23_13_11_i_i = call i30 @_ssdm_op_BitConcatenate.i30.i16.i14(i16 %r_V_13_11_i_i, i14 0)" [MathieuHelpMe/Classifier.cpp:72->MathieuHelpMe/Classifier.cpp:136]   --->   Operation 1368 'bitconcatenate' 'tmp_23_13_11_i_i' <Predicate = (!exitcond4_i_i)> <Delay = 0.00>
ST_5 : Operation 1369 [1/1] (0.00ns)   --->   "%tmp_23_13_11_cast_i_s = sext i30 %tmp_23_13_11_i_i to i31" [MathieuHelpMe/Classifier.cpp:69->MathieuHelpMe/Classifier.cpp:136]   --->   Operation 1369 'sext' 'tmp_23_13_11_cast_i_s' <Predicate = (!exitcond4_i_i)> <Delay = 0.00>
ST_5 : Operation 1370 [1/1] (0.00ns)   --->   "%OP1_V_13_12_i_i = sext i8 %tmp_237_i_i to i16" [MathieuHelpMe/Classifier.cpp:71->MathieuHelpMe/Classifier.cpp:136]   --->   Operation 1370 'sext' 'OP1_V_13_12_i_i' <Predicate = (!exitcond4_i_i)> <Delay = 0.00>
ST_5 : Operation 1371 [1/1] (4.17ns)   --->   "%r_V_13_12_i_i = mul i16 %OP2_V_13_i_i, %OP1_V_13_12_i_i" [MathieuHelpMe/Classifier.cpp:71->MathieuHelpMe/Classifier.cpp:136]   --->   Operation 1371 'mul' 'r_V_13_12_i_i' <Predicate = (!exitcond4_i_i)> <Delay = 4.17> <Core = "Mul">   --->   Core 16 'Mul' <Latency = 0> <II = 1> <Delay = 3.74> <FuncUnit> <Opcode : 'mul'> <InPorts = 2> <OutPorts = 1>
ST_5 : Operation 1372 [1/1] (0.00ns)   --->   "%tmp_23_13_12_i_i = call i30 @_ssdm_op_BitConcatenate.i30.i16.i14(i16 %r_V_13_12_i_i, i14 0)" [MathieuHelpMe/Classifier.cpp:72->MathieuHelpMe/Classifier.cpp:136]   --->   Operation 1372 'bitconcatenate' 'tmp_23_13_12_i_i' <Predicate = (!exitcond4_i_i)> <Delay = 0.00>
ST_5 : Operation 1373 [1/1] (0.00ns)   --->   "%tmp_23_13_12_cast_i_s = sext i30 %tmp_23_13_12_i_i to i31" [MathieuHelpMe/Classifier.cpp:69->MathieuHelpMe/Classifier.cpp:136]   --->   Operation 1373 'sext' 'tmp_23_13_12_cast_i_s' <Predicate = (!exitcond4_i_i)> <Delay = 0.00>
ST_5 : Operation 1374 [1/1] (0.00ns)   --->   "%OP1_V_13_13_i_i = sext i8 %tmp_238_i_i to i16" [MathieuHelpMe/Classifier.cpp:71->MathieuHelpMe/Classifier.cpp:136]   --->   Operation 1374 'sext' 'OP1_V_13_13_i_i' <Predicate = (!exitcond4_i_i)> <Delay = 0.00>
ST_5 : Operation 1375 [1/1] (4.17ns)   --->   "%r_V_13_13_i_i = mul i16 %OP2_V_13_i_i, %OP1_V_13_13_i_i" [MathieuHelpMe/Classifier.cpp:71->MathieuHelpMe/Classifier.cpp:136]   --->   Operation 1375 'mul' 'r_V_13_13_i_i' <Predicate = (!exitcond4_i_i)> <Delay = 4.17> <Core = "Mul">   --->   Core 16 'Mul' <Latency = 0> <II = 1> <Delay = 3.74> <FuncUnit> <Opcode : 'mul'> <InPorts = 2> <OutPorts = 1>
ST_5 : Operation 1376 [1/1] (0.00ns)   --->   "%tmp_23_13_13_i_i = call i30 @_ssdm_op_BitConcatenate.i30.i16.i14(i16 %r_V_13_13_i_i, i14 0)" [MathieuHelpMe/Classifier.cpp:72->MathieuHelpMe/Classifier.cpp:136]   --->   Operation 1376 'bitconcatenate' 'tmp_23_13_13_i_i' <Predicate = (!exitcond4_i_i)> <Delay = 0.00>
ST_5 : Operation 1377 [1/1] (0.00ns)   --->   "%tmp_23_13_13_cast_i_s = sext i30 %tmp_23_13_13_i_i to i31" [MathieuHelpMe/Classifier.cpp:69->MathieuHelpMe/Classifier.cpp:136]   --->   Operation 1377 'sext' 'tmp_23_13_13_cast_i_s' <Predicate = (!exitcond4_i_i)> <Delay = 0.00>
ST_5 : Operation 1378 [1/1] (0.00ns)   --->   "%OP1_V_13_14_i_i = sext i8 %tmp_239_i_i to i16" [MathieuHelpMe/Classifier.cpp:71->MathieuHelpMe/Classifier.cpp:136]   --->   Operation 1378 'sext' 'OP1_V_13_14_i_i' <Predicate = (!exitcond4_i_i)> <Delay = 0.00>
ST_5 : Operation 1379 [1/1] (4.17ns)   --->   "%r_V_13_14_i_i = mul i16 %OP2_V_13_i_i, %OP1_V_13_14_i_i" [MathieuHelpMe/Classifier.cpp:71->MathieuHelpMe/Classifier.cpp:136]   --->   Operation 1379 'mul' 'r_V_13_14_i_i' <Predicate = (!exitcond4_i_i)> <Delay = 4.17> <Core = "Mul">   --->   Core 16 'Mul' <Latency = 0> <II = 1> <Delay = 3.74> <FuncUnit> <Opcode : 'mul'> <InPorts = 2> <OutPorts = 1>
ST_5 : Operation 1380 [1/1] (0.00ns)   --->   "%tmp_23_13_14_i_i = call i30 @_ssdm_op_BitConcatenate.i30.i16.i14(i16 %r_V_13_14_i_i, i14 0)" [MathieuHelpMe/Classifier.cpp:72->MathieuHelpMe/Classifier.cpp:136]   --->   Operation 1380 'bitconcatenate' 'tmp_23_13_14_i_i' <Predicate = (!exitcond4_i_i)> <Delay = 0.00>
ST_5 : Operation 1381 [1/1] (0.00ns)   --->   "%tmp_23_13_14_cast_i_s = sext i30 %tmp_23_13_14_i_i to i31" [MathieuHelpMe/Classifier.cpp:72->MathieuHelpMe/Classifier.cpp:136]   --->   Operation 1381 'sext' 'tmp_23_13_14_cast_i_s' <Predicate = (!exitcond4_i_i)> <Delay = 0.00>
ST_5 : Operation 1382 [1/1] (0.00ns)   --->   "%OP1_V_14_i_i = sext i8 %tmp_240_i_i to i16" [MathieuHelpMe/Classifier.cpp:71->MathieuHelpMe/Classifier.cpp:136]   --->   Operation 1382 'sext' 'OP1_V_14_i_i' <Predicate = (!exitcond4_i_i)> <Delay = 0.00>
ST_5 : Operation 1383 [1/1] (0.00ns)   --->   "%OP2_V_14_i_i = sext i8 %x_local_14_V_load to i16" [MathieuHelpMe/Classifier.cpp:71->MathieuHelpMe/Classifier.cpp:136]   --->   Operation 1383 'sext' 'OP2_V_14_i_i' <Predicate = (!exitcond4_i_i)> <Delay = 0.00>
ST_5 : Operation 1384 [1/1] (4.17ns)   --->   "%r_V_14_i_i = mul i16 %OP2_V_14_i_i, %OP1_V_14_i_i" [MathieuHelpMe/Classifier.cpp:71->MathieuHelpMe/Classifier.cpp:136]   --->   Operation 1384 'mul' 'r_V_14_i_i' <Predicate = (!exitcond4_i_i)> <Delay = 4.17> <Core = "Mul">   --->   Core 16 'Mul' <Latency = 0> <II = 1> <Delay = 3.74> <FuncUnit> <Opcode : 'mul'> <InPorts = 2> <OutPorts = 1>
ST_5 : Operation 1385 [1/1] (0.00ns)   --->   "%tmp_23_14_i_i = call i30 @_ssdm_op_BitConcatenate.i30.i16.i14(i16 %r_V_14_i_i, i14 0)" [MathieuHelpMe/Classifier.cpp:72->MathieuHelpMe/Classifier.cpp:136]   --->   Operation 1385 'bitconcatenate' 'tmp_23_14_i_i' <Predicate = (!exitcond4_i_i)> <Delay = 0.00>
ST_5 : Operation 1386 [1/1] (0.00ns)   --->   "%tmp_23_14_cast_i_i_c = sext i30 %tmp_23_14_i_i to i31" [MathieuHelpMe/Classifier.cpp:69->MathieuHelpMe/Classifier.cpp:136]   --->   Operation 1386 'sext' 'tmp_23_14_cast_i_i_c' <Predicate = (!exitcond4_i_i)> <Delay = 0.00>
ST_5 : Operation 1387 [1/1] (0.00ns)   --->   "%OP1_V_14_1_i_i = sext i8 %tmp_241_i_i to i16" [MathieuHelpMe/Classifier.cpp:71->MathieuHelpMe/Classifier.cpp:136]   --->   Operation 1387 'sext' 'OP1_V_14_1_i_i' <Predicate = (!exitcond4_i_i)> <Delay = 0.00>
ST_5 : Operation 1388 [1/1] (4.17ns)   --->   "%r_V_14_1_i_i = mul i16 %OP2_V_14_i_i, %OP1_V_14_1_i_i" [MathieuHelpMe/Classifier.cpp:71->MathieuHelpMe/Classifier.cpp:136]   --->   Operation 1388 'mul' 'r_V_14_1_i_i' <Predicate = (!exitcond4_i_i)> <Delay = 4.17> <Core = "Mul">   --->   Core 16 'Mul' <Latency = 0> <II = 1> <Delay = 3.74> <FuncUnit> <Opcode : 'mul'> <InPorts = 2> <OutPorts = 1>
ST_5 : Operation 1389 [1/1] (0.00ns)   --->   "%tmp_23_14_1_i_i = call i30 @_ssdm_op_BitConcatenate.i30.i16.i14(i16 %r_V_14_1_i_i, i14 0)" [MathieuHelpMe/Classifier.cpp:72->MathieuHelpMe/Classifier.cpp:136]   --->   Operation 1389 'bitconcatenate' 'tmp_23_14_1_i_i' <Predicate = (!exitcond4_i_i)> <Delay = 0.00>
ST_5 : Operation 1390 [1/1] (0.00ns)   --->   "%tmp_23_14_1_cast_i_i = sext i30 %tmp_23_14_1_i_i to i31" [MathieuHelpMe/Classifier.cpp:69->MathieuHelpMe/Classifier.cpp:136]   --->   Operation 1390 'sext' 'tmp_23_14_1_cast_i_i' <Predicate = (!exitcond4_i_i)> <Delay = 0.00>
ST_5 : Operation 1391 [1/1] (0.00ns)   --->   "%OP1_V_14_2_i_i = sext i8 %tmp_242_i_i to i16" [MathieuHelpMe/Classifier.cpp:71->MathieuHelpMe/Classifier.cpp:136]   --->   Operation 1391 'sext' 'OP1_V_14_2_i_i' <Predicate = (!exitcond4_i_i)> <Delay = 0.00>
ST_5 : Operation 1392 [1/1] (4.17ns)   --->   "%r_V_14_2_i_i = mul i16 %OP2_V_14_i_i, %OP1_V_14_2_i_i" [MathieuHelpMe/Classifier.cpp:71->MathieuHelpMe/Classifier.cpp:136]   --->   Operation 1392 'mul' 'r_V_14_2_i_i' <Predicate = (!exitcond4_i_i)> <Delay = 4.17> <Core = "Mul">   --->   Core 16 'Mul' <Latency = 0> <II = 1> <Delay = 3.74> <FuncUnit> <Opcode : 'mul'> <InPorts = 2> <OutPorts = 1>
ST_5 : Operation 1393 [1/1] (0.00ns)   --->   "%tmp_23_14_2_i_i = call i30 @_ssdm_op_BitConcatenate.i30.i16.i14(i16 %r_V_14_2_i_i, i14 0)" [MathieuHelpMe/Classifier.cpp:72->MathieuHelpMe/Classifier.cpp:136]   --->   Operation 1393 'bitconcatenate' 'tmp_23_14_2_i_i' <Predicate = (!exitcond4_i_i)> <Delay = 0.00>
ST_5 : Operation 1394 [1/1] (0.00ns)   --->   "%tmp_23_14_2_cast_i_i = sext i30 %tmp_23_14_2_i_i to i31" [MathieuHelpMe/Classifier.cpp:69->MathieuHelpMe/Classifier.cpp:136]   --->   Operation 1394 'sext' 'tmp_23_14_2_cast_i_i' <Predicate = (!exitcond4_i_i)> <Delay = 0.00>
ST_5 : Operation 1395 [1/1] (0.00ns)   --->   "%OP1_V_14_3_i_i = sext i8 %tmp_243_i_i to i16" [MathieuHelpMe/Classifier.cpp:71->MathieuHelpMe/Classifier.cpp:136]   --->   Operation 1395 'sext' 'OP1_V_14_3_i_i' <Predicate = (!exitcond4_i_i)> <Delay = 0.00>
ST_5 : Operation 1396 [1/1] (4.17ns)   --->   "%r_V_14_3_i_i = mul i16 %OP2_V_14_i_i, %OP1_V_14_3_i_i" [MathieuHelpMe/Classifier.cpp:71->MathieuHelpMe/Classifier.cpp:136]   --->   Operation 1396 'mul' 'r_V_14_3_i_i' <Predicate = (!exitcond4_i_i)> <Delay = 4.17> <Core = "Mul">   --->   Core 16 'Mul' <Latency = 0> <II = 1> <Delay = 3.74> <FuncUnit> <Opcode : 'mul'> <InPorts = 2> <OutPorts = 1>
ST_5 : Operation 1397 [1/1] (0.00ns)   --->   "%tmp_23_14_3_i_i = call i30 @_ssdm_op_BitConcatenate.i30.i16.i14(i16 %r_V_14_3_i_i, i14 0)" [MathieuHelpMe/Classifier.cpp:72->MathieuHelpMe/Classifier.cpp:136]   --->   Operation 1397 'bitconcatenate' 'tmp_23_14_3_i_i' <Predicate = (!exitcond4_i_i)> <Delay = 0.00>
ST_5 : Operation 1398 [1/1] (0.00ns)   --->   "%tmp_23_14_3_cast_i_i = sext i30 %tmp_23_14_3_i_i to i31" [MathieuHelpMe/Classifier.cpp:69->MathieuHelpMe/Classifier.cpp:136]   --->   Operation 1398 'sext' 'tmp_23_14_3_cast_i_i' <Predicate = (!exitcond4_i_i)> <Delay = 0.00>
ST_5 : Operation 1399 [1/1] (0.00ns)   --->   "%OP1_V_14_4_i_i = sext i8 %tmp_244_i_i to i16" [MathieuHelpMe/Classifier.cpp:71->MathieuHelpMe/Classifier.cpp:136]   --->   Operation 1399 'sext' 'OP1_V_14_4_i_i' <Predicate = (!exitcond4_i_i)> <Delay = 0.00>
ST_5 : Operation 1400 [1/1] (4.17ns)   --->   "%r_V_14_4_i_i = mul i16 %OP2_V_14_i_i, %OP1_V_14_4_i_i" [MathieuHelpMe/Classifier.cpp:71->MathieuHelpMe/Classifier.cpp:136]   --->   Operation 1400 'mul' 'r_V_14_4_i_i' <Predicate = (!exitcond4_i_i)> <Delay = 4.17> <Core = "Mul">   --->   Core 16 'Mul' <Latency = 0> <II = 1> <Delay = 3.74> <FuncUnit> <Opcode : 'mul'> <InPorts = 2> <OutPorts = 1>
ST_5 : Operation 1401 [1/1] (0.00ns)   --->   "%tmp_23_14_4_i_i = call i30 @_ssdm_op_BitConcatenate.i30.i16.i14(i16 %r_V_14_4_i_i, i14 0)" [MathieuHelpMe/Classifier.cpp:72->MathieuHelpMe/Classifier.cpp:136]   --->   Operation 1401 'bitconcatenate' 'tmp_23_14_4_i_i' <Predicate = (!exitcond4_i_i)> <Delay = 0.00>
ST_5 : Operation 1402 [1/1] (0.00ns)   --->   "%tmp_23_14_4_cast_i_i = sext i30 %tmp_23_14_4_i_i to i31" [MathieuHelpMe/Classifier.cpp:69->MathieuHelpMe/Classifier.cpp:136]   --->   Operation 1402 'sext' 'tmp_23_14_4_cast_i_i' <Predicate = (!exitcond4_i_i)> <Delay = 0.00>
ST_5 : Operation 1403 [1/1] (0.00ns)   --->   "%OP1_V_14_5_i_i = sext i8 %tmp_245_i_i to i16" [MathieuHelpMe/Classifier.cpp:71->MathieuHelpMe/Classifier.cpp:136]   --->   Operation 1403 'sext' 'OP1_V_14_5_i_i' <Predicate = (!exitcond4_i_i)> <Delay = 0.00>
ST_5 : Operation 1404 [1/1] (4.17ns)   --->   "%r_V_14_5_i_i = mul i16 %OP2_V_14_i_i, %OP1_V_14_5_i_i" [MathieuHelpMe/Classifier.cpp:71->MathieuHelpMe/Classifier.cpp:136]   --->   Operation 1404 'mul' 'r_V_14_5_i_i' <Predicate = (!exitcond4_i_i)> <Delay = 4.17> <Core = "Mul">   --->   Core 16 'Mul' <Latency = 0> <II = 1> <Delay = 3.74> <FuncUnit> <Opcode : 'mul'> <InPorts = 2> <OutPorts = 1>
ST_5 : Operation 1405 [1/1] (0.00ns)   --->   "%tmp_23_14_5_i_i = call i30 @_ssdm_op_BitConcatenate.i30.i16.i14(i16 %r_V_14_5_i_i, i14 0)" [MathieuHelpMe/Classifier.cpp:72->MathieuHelpMe/Classifier.cpp:136]   --->   Operation 1405 'bitconcatenate' 'tmp_23_14_5_i_i' <Predicate = (!exitcond4_i_i)> <Delay = 0.00>
ST_5 : Operation 1406 [1/1] (0.00ns)   --->   "%tmp_23_14_5_cast_i_i = sext i30 %tmp_23_14_5_i_i to i31" [MathieuHelpMe/Classifier.cpp:69->MathieuHelpMe/Classifier.cpp:136]   --->   Operation 1406 'sext' 'tmp_23_14_5_cast_i_i' <Predicate = (!exitcond4_i_i)> <Delay = 0.00>
ST_5 : Operation 1407 [1/1] (0.00ns)   --->   "%OP1_V_14_6_i_i = sext i8 %tmp_246_i_i to i16" [MathieuHelpMe/Classifier.cpp:71->MathieuHelpMe/Classifier.cpp:136]   --->   Operation 1407 'sext' 'OP1_V_14_6_i_i' <Predicate = (!exitcond4_i_i)> <Delay = 0.00>
ST_5 : Operation 1408 [1/1] (4.17ns)   --->   "%r_V_14_6_i_i = mul i16 %OP2_V_14_i_i, %OP1_V_14_6_i_i" [MathieuHelpMe/Classifier.cpp:71->MathieuHelpMe/Classifier.cpp:136]   --->   Operation 1408 'mul' 'r_V_14_6_i_i' <Predicate = (!exitcond4_i_i)> <Delay = 4.17> <Core = "Mul">   --->   Core 16 'Mul' <Latency = 0> <II = 1> <Delay = 3.74> <FuncUnit> <Opcode : 'mul'> <InPorts = 2> <OutPorts = 1>
ST_5 : Operation 1409 [1/1] (0.00ns)   --->   "%tmp_23_14_6_i_i = call i30 @_ssdm_op_BitConcatenate.i30.i16.i14(i16 %r_V_14_6_i_i, i14 0)" [MathieuHelpMe/Classifier.cpp:72->MathieuHelpMe/Classifier.cpp:136]   --->   Operation 1409 'bitconcatenate' 'tmp_23_14_6_i_i' <Predicate = (!exitcond4_i_i)> <Delay = 0.00>
ST_5 : Operation 1410 [1/1] (0.00ns)   --->   "%tmp_23_14_6_cast_i_i = sext i30 %tmp_23_14_6_i_i to i31" [MathieuHelpMe/Classifier.cpp:69->MathieuHelpMe/Classifier.cpp:136]   --->   Operation 1410 'sext' 'tmp_23_14_6_cast_i_i' <Predicate = (!exitcond4_i_i)> <Delay = 0.00>
ST_5 : Operation 1411 [1/1] (0.00ns)   --->   "%OP1_V_14_7_i_i = sext i8 %tmp_247_i_i to i16" [MathieuHelpMe/Classifier.cpp:71->MathieuHelpMe/Classifier.cpp:136]   --->   Operation 1411 'sext' 'OP1_V_14_7_i_i' <Predicate = (!exitcond4_i_i)> <Delay = 0.00>
ST_5 : Operation 1412 [1/1] (4.17ns)   --->   "%r_V_14_7_i_i = mul i16 %OP2_V_14_i_i, %OP1_V_14_7_i_i" [MathieuHelpMe/Classifier.cpp:71->MathieuHelpMe/Classifier.cpp:136]   --->   Operation 1412 'mul' 'r_V_14_7_i_i' <Predicate = (!exitcond4_i_i)> <Delay = 4.17> <Core = "Mul">   --->   Core 16 'Mul' <Latency = 0> <II = 1> <Delay = 3.74> <FuncUnit> <Opcode : 'mul'> <InPorts = 2> <OutPorts = 1>
ST_5 : Operation 1413 [1/1] (0.00ns)   --->   "%tmp_23_14_7_i_i = call i30 @_ssdm_op_BitConcatenate.i30.i16.i14(i16 %r_V_14_7_i_i, i14 0)" [MathieuHelpMe/Classifier.cpp:72->MathieuHelpMe/Classifier.cpp:136]   --->   Operation 1413 'bitconcatenate' 'tmp_23_14_7_i_i' <Predicate = (!exitcond4_i_i)> <Delay = 0.00>
ST_5 : Operation 1414 [1/1] (0.00ns)   --->   "%tmp_23_14_7_cast_i_i = sext i30 %tmp_23_14_7_i_i to i31" [MathieuHelpMe/Classifier.cpp:69->MathieuHelpMe/Classifier.cpp:136]   --->   Operation 1414 'sext' 'tmp_23_14_7_cast_i_i' <Predicate = (!exitcond4_i_i)> <Delay = 0.00>
ST_5 : Operation 1415 [1/1] (0.00ns)   --->   "%OP1_V_14_8_i_i = sext i8 %tmp_248_i_i to i16" [MathieuHelpMe/Classifier.cpp:71->MathieuHelpMe/Classifier.cpp:136]   --->   Operation 1415 'sext' 'OP1_V_14_8_i_i' <Predicate = (!exitcond4_i_i)> <Delay = 0.00>
ST_5 : Operation 1416 [1/1] (4.17ns)   --->   "%r_V_14_8_i_i = mul i16 %OP2_V_14_i_i, %OP1_V_14_8_i_i" [MathieuHelpMe/Classifier.cpp:71->MathieuHelpMe/Classifier.cpp:136]   --->   Operation 1416 'mul' 'r_V_14_8_i_i' <Predicate = (!exitcond4_i_i)> <Delay = 4.17> <Core = "Mul">   --->   Core 16 'Mul' <Latency = 0> <II = 1> <Delay = 3.74> <FuncUnit> <Opcode : 'mul'> <InPorts = 2> <OutPorts = 1>
ST_5 : Operation 1417 [1/1] (0.00ns)   --->   "%tmp_23_14_8_i_i = call i30 @_ssdm_op_BitConcatenate.i30.i16.i14(i16 %r_V_14_8_i_i, i14 0)" [MathieuHelpMe/Classifier.cpp:72->MathieuHelpMe/Classifier.cpp:136]   --->   Operation 1417 'bitconcatenate' 'tmp_23_14_8_i_i' <Predicate = (!exitcond4_i_i)> <Delay = 0.00>
ST_5 : Operation 1418 [1/1] (0.00ns)   --->   "%tmp_23_14_8_cast_i_i = sext i30 %tmp_23_14_8_i_i to i31" [MathieuHelpMe/Classifier.cpp:69->MathieuHelpMe/Classifier.cpp:136]   --->   Operation 1418 'sext' 'tmp_23_14_8_cast_i_i' <Predicate = (!exitcond4_i_i)> <Delay = 0.00>
ST_5 : Operation 1419 [1/1] (0.00ns)   --->   "%OP1_V_14_9_i_i = sext i8 %tmp_249_i_i to i16" [MathieuHelpMe/Classifier.cpp:71->MathieuHelpMe/Classifier.cpp:136]   --->   Operation 1419 'sext' 'OP1_V_14_9_i_i' <Predicate = (!exitcond4_i_i)> <Delay = 0.00>
ST_5 : Operation 1420 [1/1] (4.17ns)   --->   "%r_V_14_9_i_i = mul i16 %OP2_V_14_i_i, %OP1_V_14_9_i_i" [MathieuHelpMe/Classifier.cpp:71->MathieuHelpMe/Classifier.cpp:136]   --->   Operation 1420 'mul' 'r_V_14_9_i_i' <Predicate = (!exitcond4_i_i)> <Delay = 4.17> <Core = "Mul">   --->   Core 16 'Mul' <Latency = 0> <II = 1> <Delay = 3.74> <FuncUnit> <Opcode : 'mul'> <InPorts = 2> <OutPorts = 1>
ST_5 : Operation 1421 [1/1] (0.00ns)   --->   "%tmp_23_14_9_i_i = call i30 @_ssdm_op_BitConcatenate.i30.i16.i14(i16 %r_V_14_9_i_i, i14 0)" [MathieuHelpMe/Classifier.cpp:72->MathieuHelpMe/Classifier.cpp:136]   --->   Operation 1421 'bitconcatenate' 'tmp_23_14_9_i_i' <Predicate = (!exitcond4_i_i)> <Delay = 0.00>
ST_5 : Operation 1422 [1/1] (0.00ns)   --->   "%tmp_23_14_9_cast_i_i = sext i30 %tmp_23_14_9_i_i to i31" [MathieuHelpMe/Classifier.cpp:69->MathieuHelpMe/Classifier.cpp:136]   --->   Operation 1422 'sext' 'tmp_23_14_9_cast_i_i' <Predicate = (!exitcond4_i_i)> <Delay = 0.00>
ST_5 : Operation 1423 [1/1] (0.00ns)   --->   "%OP1_V_14_i_i_75 = sext i8 %tmp_250_i_i to i16" [MathieuHelpMe/Classifier.cpp:71->MathieuHelpMe/Classifier.cpp:136]   --->   Operation 1423 'sext' 'OP1_V_14_i_i_75' <Predicate = (!exitcond4_i_i)> <Delay = 0.00>
ST_5 : Operation 1424 [1/1] (4.17ns)   --->   "%r_V_14_i_i_76 = mul i16 %OP2_V_14_i_i, %OP1_V_14_i_i_75" [MathieuHelpMe/Classifier.cpp:71->MathieuHelpMe/Classifier.cpp:136]   --->   Operation 1424 'mul' 'r_V_14_i_i_76' <Predicate = (!exitcond4_i_i)> <Delay = 4.17> <Core = "Mul">   --->   Core 16 'Mul' <Latency = 0> <II = 1> <Delay = 3.74> <FuncUnit> <Opcode : 'mul'> <InPorts = 2> <OutPorts = 1>
ST_5 : Operation 1425 [1/1] (0.00ns)   --->   "%tmp_23_14_i_i_77 = call i30 @_ssdm_op_BitConcatenate.i30.i16.i14(i16 %r_V_14_i_i_76, i14 0)" [MathieuHelpMe/Classifier.cpp:72->MathieuHelpMe/Classifier.cpp:136]   --->   Operation 1425 'bitconcatenate' 'tmp_23_14_i_i_77' <Predicate = (!exitcond4_i_i)> <Delay = 0.00>
ST_5 : Operation 1426 [1/1] (0.00ns)   --->   "%tmp_23_14_cast_i_i_s = sext i30 %tmp_23_14_i_i_77 to i31" [MathieuHelpMe/Classifier.cpp:69->MathieuHelpMe/Classifier.cpp:136]   --->   Operation 1426 'sext' 'tmp_23_14_cast_i_i_s' <Predicate = (!exitcond4_i_i)> <Delay = 0.00>
ST_5 : Operation 1427 [1/1] (0.00ns)   --->   "%OP1_V_14_10_i_i = sext i8 %tmp_251_i_i to i16" [MathieuHelpMe/Classifier.cpp:71->MathieuHelpMe/Classifier.cpp:136]   --->   Operation 1427 'sext' 'OP1_V_14_10_i_i' <Predicate = (!exitcond4_i_i)> <Delay = 0.00>
ST_5 : Operation 1428 [1/1] (4.17ns)   --->   "%r_V_14_10_i_i = mul i16 %OP2_V_14_i_i, %OP1_V_14_10_i_i" [MathieuHelpMe/Classifier.cpp:71->MathieuHelpMe/Classifier.cpp:136]   --->   Operation 1428 'mul' 'r_V_14_10_i_i' <Predicate = (!exitcond4_i_i)> <Delay = 4.17> <Core = "Mul">   --->   Core 16 'Mul' <Latency = 0> <II = 1> <Delay = 3.74> <FuncUnit> <Opcode : 'mul'> <InPorts = 2> <OutPorts = 1>
ST_5 : Operation 1429 [1/1] (0.00ns)   --->   "%tmp_23_14_10_i_i = call i30 @_ssdm_op_BitConcatenate.i30.i16.i14(i16 %r_V_14_10_i_i, i14 0)" [MathieuHelpMe/Classifier.cpp:72->MathieuHelpMe/Classifier.cpp:136]   --->   Operation 1429 'bitconcatenate' 'tmp_23_14_10_i_i' <Predicate = (!exitcond4_i_i)> <Delay = 0.00>
ST_5 : Operation 1430 [1/1] (0.00ns)   --->   "%tmp_23_14_10_cast_i_s = sext i30 %tmp_23_14_10_i_i to i31" [MathieuHelpMe/Classifier.cpp:69->MathieuHelpMe/Classifier.cpp:136]   --->   Operation 1430 'sext' 'tmp_23_14_10_cast_i_s' <Predicate = (!exitcond4_i_i)> <Delay = 0.00>
ST_5 : Operation 1431 [1/1] (0.00ns)   --->   "%OP1_V_14_11_i_i = sext i8 %tmp_252_i_i to i16" [MathieuHelpMe/Classifier.cpp:71->MathieuHelpMe/Classifier.cpp:136]   --->   Operation 1431 'sext' 'OP1_V_14_11_i_i' <Predicate = (!exitcond4_i_i)> <Delay = 0.00>
ST_5 : Operation 1432 [1/1] (4.17ns)   --->   "%r_V_14_11_i_i = mul i16 %OP2_V_14_i_i, %OP1_V_14_11_i_i" [MathieuHelpMe/Classifier.cpp:71->MathieuHelpMe/Classifier.cpp:136]   --->   Operation 1432 'mul' 'r_V_14_11_i_i' <Predicate = (!exitcond4_i_i)> <Delay = 4.17> <Core = "Mul">   --->   Core 16 'Mul' <Latency = 0> <II = 1> <Delay = 3.74> <FuncUnit> <Opcode : 'mul'> <InPorts = 2> <OutPorts = 1>
ST_5 : Operation 1433 [1/1] (0.00ns)   --->   "%tmp_23_14_11_i_i = call i30 @_ssdm_op_BitConcatenate.i30.i16.i14(i16 %r_V_14_11_i_i, i14 0)" [MathieuHelpMe/Classifier.cpp:72->MathieuHelpMe/Classifier.cpp:136]   --->   Operation 1433 'bitconcatenate' 'tmp_23_14_11_i_i' <Predicate = (!exitcond4_i_i)> <Delay = 0.00>
ST_5 : Operation 1434 [1/1] (0.00ns)   --->   "%tmp_23_14_11_cast_i_s = sext i30 %tmp_23_14_11_i_i to i31" [MathieuHelpMe/Classifier.cpp:69->MathieuHelpMe/Classifier.cpp:136]   --->   Operation 1434 'sext' 'tmp_23_14_11_cast_i_s' <Predicate = (!exitcond4_i_i)> <Delay = 0.00>
ST_5 : Operation 1435 [1/1] (0.00ns)   --->   "%OP1_V_14_12_i_i = sext i8 %tmp_253_i_i to i16" [MathieuHelpMe/Classifier.cpp:71->MathieuHelpMe/Classifier.cpp:136]   --->   Operation 1435 'sext' 'OP1_V_14_12_i_i' <Predicate = (!exitcond4_i_i)> <Delay = 0.00>
ST_5 : Operation 1436 [1/1] (4.17ns)   --->   "%r_V_14_12_i_i = mul i16 %OP2_V_14_i_i, %OP1_V_14_12_i_i" [MathieuHelpMe/Classifier.cpp:71->MathieuHelpMe/Classifier.cpp:136]   --->   Operation 1436 'mul' 'r_V_14_12_i_i' <Predicate = (!exitcond4_i_i)> <Delay = 4.17> <Core = "Mul">   --->   Core 16 'Mul' <Latency = 0> <II = 1> <Delay = 3.74> <FuncUnit> <Opcode : 'mul'> <InPorts = 2> <OutPorts = 1>
ST_5 : Operation 1437 [1/1] (0.00ns)   --->   "%tmp_23_14_12_i_i = call i30 @_ssdm_op_BitConcatenate.i30.i16.i14(i16 %r_V_14_12_i_i, i14 0)" [MathieuHelpMe/Classifier.cpp:72->MathieuHelpMe/Classifier.cpp:136]   --->   Operation 1437 'bitconcatenate' 'tmp_23_14_12_i_i' <Predicate = (!exitcond4_i_i)> <Delay = 0.00>
ST_5 : Operation 1438 [1/1] (0.00ns)   --->   "%tmp_23_14_12_cast_i_s = sext i30 %tmp_23_14_12_i_i to i31" [MathieuHelpMe/Classifier.cpp:69->MathieuHelpMe/Classifier.cpp:136]   --->   Operation 1438 'sext' 'tmp_23_14_12_cast_i_s' <Predicate = (!exitcond4_i_i)> <Delay = 0.00>
ST_5 : Operation 1439 [1/1] (0.00ns)   --->   "%OP1_V_14_13_i_i = sext i8 %tmp_254_i_i to i16" [MathieuHelpMe/Classifier.cpp:71->MathieuHelpMe/Classifier.cpp:136]   --->   Operation 1439 'sext' 'OP1_V_14_13_i_i' <Predicate = (!exitcond4_i_i)> <Delay = 0.00>
ST_5 : Operation 1440 [1/1] (4.17ns)   --->   "%r_V_14_13_i_i = mul i16 %OP2_V_14_i_i, %OP1_V_14_13_i_i" [MathieuHelpMe/Classifier.cpp:71->MathieuHelpMe/Classifier.cpp:136]   --->   Operation 1440 'mul' 'r_V_14_13_i_i' <Predicate = (!exitcond4_i_i)> <Delay = 4.17> <Core = "Mul">   --->   Core 16 'Mul' <Latency = 0> <II = 1> <Delay = 3.74> <FuncUnit> <Opcode : 'mul'> <InPorts = 2> <OutPorts = 1>
ST_5 : Operation 1441 [1/1] (0.00ns)   --->   "%tmp_23_14_13_i_i = call i30 @_ssdm_op_BitConcatenate.i30.i16.i14(i16 %r_V_14_13_i_i, i14 0)" [MathieuHelpMe/Classifier.cpp:72->MathieuHelpMe/Classifier.cpp:136]   --->   Operation 1441 'bitconcatenate' 'tmp_23_14_13_i_i' <Predicate = (!exitcond4_i_i)> <Delay = 0.00>
ST_5 : Operation 1442 [1/1] (0.00ns)   --->   "%tmp_23_14_13_cast_i_s = sext i30 %tmp_23_14_13_i_i to i31" [MathieuHelpMe/Classifier.cpp:69->MathieuHelpMe/Classifier.cpp:136]   --->   Operation 1442 'sext' 'tmp_23_14_13_cast_i_s' <Predicate = (!exitcond4_i_i)> <Delay = 0.00>
ST_5 : Operation 1443 [1/1] (0.00ns)   --->   "%OP1_V_14_14_i_i = sext i8 %tmp_255_i_i to i16" [MathieuHelpMe/Classifier.cpp:71->MathieuHelpMe/Classifier.cpp:136]   --->   Operation 1443 'sext' 'OP1_V_14_14_i_i' <Predicate = (!exitcond4_i_i)> <Delay = 0.00>
ST_5 : Operation 1444 [1/1] (4.17ns)   --->   "%r_V_14_14_i_i = mul i16 %OP2_V_14_i_i, %OP1_V_14_14_i_i" [MathieuHelpMe/Classifier.cpp:71->MathieuHelpMe/Classifier.cpp:136]   --->   Operation 1444 'mul' 'r_V_14_14_i_i' <Predicate = (!exitcond4_i_i)> <Delay = 4.17> <Core = "Mul">   --->   Core 16 'Mul' <Latency = 0> <II = 1> <Delay = 3.74> <FuncUnit> <Opcode : 'mul'> <InPorts = 2> <OutPorts = 1>
ST_5 : Operation 1445 [1/1] (0.00ns)   --->   "%tmp_23_14_14_i_i = call i30 @_ssdm_op_BitConcatenate.i30.i16.i14(i16 %r_V_14_14_i_i, i14 0)" [MathieuHelpMe/Classifier.cpp:72->MathieuHelpMe/Classifier.cpp:136]   --->   Operation 1445 'bitconcatenate' 'tmp_23_14_14_i_i' <Predicate = (!exitcond4_i_i)> <Delay = 0.00>
ST_5 : Operation 1446 [1/1] (0.00ns)   --->   "%tmp_23_14_14_cast_i_s = sext i30 %tmp_23_14_14_i_i to i31" [MathieuHelpMe/Classifier.cpp:72->MathieuHelpMe/Classifier.cpp:136]   --->   Operation 1446 'sext' 'tmp_23_14_14_cast_i_s' <Predicate = (!exitcond4_i_i)> <Delay = 0.00>
ST_5 : Operation 1447 [1/1] (0.00ns)   --->   "%OP1_V_15_i_i = sext i5 %tmp_255 to i16" [MathieuHelpMe/Classifier.cpp:71->MathieuHelpMe/Classifier.cpp:136]   --->   Operation 1447 'sext' 'OP1_V_15_i_i' <Predicate = (!exitcond4_i_i)> <Delay = 0.00>
ST_5 : Operation 1448 [1/1] (0.00ns)   --->   "%OP2_V_15_i_i = sext i8 %x_local_15_V_load to i16" [MathieuHelpMe/Classifier.cpp:71->MathieuHelpMe/Classifier.cpp:136]   --->   Operation 1448 'sext' 'OP2_V_15_i_i' <Predicate = (!exitcond4_i_i)> <Delay = 0.00>
ST_5 : Operation 1449 [1/1] (4.17ns)   --->   "%r_V_15_i_i = mul i16 %OP2_V_15_i_i, %OP1_V_15_i_i" [MathieuHelpMe/Classifier.cpp:71->MathieuHelpMe/Classifier.cpp:136]   --->   Operation 1449 'mul' 'r_V_15_i_i' <Predicate = (!exitcond4_i_i)> <Delay = 4.17> <Core = "Mul">   --->   Core 16 'Mul' <Latency = 0> <II = 1> <Delay = 3.74> <FuncUnit> <Opcode : 'mul'> <InPorts = 2> <OutPorts = 1>
ST_5 : Operation 1450 [1/1] (0.00ns)   --->   "%tmp_23_15_i_i = call i30 @_ssdm_op_BitConcatenate.i30.i16.i14(i16 %r_V_15_i_i, i14 0)" [MathieuHelpMe/Classifier.cpp:72->MathieuHelpMe/Classifier.cpp:136]   --->   Operation 1450 'bitconcatenate' 'tmp_23_15_i_i' <Predicate = (!exitcond4_i_i)> <Delay = 0.00>
ST_5 : Operation 1451 [1/1] (0.00ns)   --->   "%tmp_23_15_cast_i_i_c = sext i30 %tmp_23_15_i_i to i31" [MathieuHelpMe/Classifier.cpp:72->MathieuHelpMe/Classifier.cpp:136]   --->   Operation 1451 'sext' 'tmp_23_15_cast_i_i_c' <Predicate = (!exitcond4_i_i)> <Delay = 0.00>
ST_5 : Operation 1452 [1/1] (2.49ns)   --->   "%tmp2 = add i31 %tmp_23_1_cast_i_i_ca, %tmp_23_0_cast_i_i_ca" [MathieuHelpMe/Classifier.cpp:72->MathieuHelpMe/Classifier.cpp:136]   --->   Operation 1452 'add' 'tmp2' <Predicate = (!exitcond4_i_i)> <Delay = 2.49> <Core = "AddSub">   --->   Core 14 'AddSub' <Latency = 0> <II = 1> <Delay = 2.55> <FuncUnit> <Opcode : 'add' 'sub'> <InPorts = 2> <OutPorts = 1>
ST_5 : Operation 1453 [1/1] (0.00ns)   --->   "%tmp2_cast = sext i31 %tmp2 to i32" [MathieuHelpMe/Classifier.cpp:72->MathieuHelpMe/Classifier.cpp:136]   --->   Operation 1453 'sext' 'tmp2_cast' <Predicate = (!exitcond4_i_i)> <Delay = 0.00>
ST_5 : Operation 1454 [1/1] (2.49ns)   --->   "%tmp3 = add i31 %tmp_23_3_cast_i_i_ca, %tmp_23_2_cast_i_i_ca" [MathieuHelpMe/Classifier.cpp:72->MathieuHelpMe/Classifier.cpp:136]   --->   Operation 1454 'add' 'tmp3' <Predicate = (!exitcond4_i_i)> <Delay = 2.49> <Core = "AddSub">   --->   Core 14 'AddSub' <Latency = 0> <II = 1> <Delay = 2.55> <FuncUnit> <Opcode : 'add' 'sub'> <InPorts = 2> <OutPorts = 1>
ST_5 : Operation 1455 [1/1] (0.00ns)   --->   "%tmp3_cast = sext i31 %tmp3 to i32" [MathieuHelpMe/Classifier.cpp:72->MathieuHelpMe/Classifier.cpp:136]   --->   Operation 1455 'sext' 'tmp3_cast' <Predicate = (!exitcond4_i_i)> <Delay = 0.00>
ST_5 : Operation 1456 [1/1] (2.52ns)   --->   "%tmp1 = add i32 %tmp2_cast, %tmp3_cast" [MathieuHelpMe/Classifier.cpp:72->MathieuHelpMe/Classifier.cpp:136]   --->   Operation 1456 'add' 'tmp1' <Predicate = (!exitcond4_i_i)> <Delay = 2.52> <Core = "AddSub">   --->   Core 14 'AddSub' <Latency = 0> <II = 1> <Delay = 2.55> <FuncUnit> <Opcode : 'add' 'sub'> <InPorts = 2> <OutPorts = 1>
ST_5 : Operation 1457 [1/1] (2.49ns)   --->   "%tmp5 = add i31 %tmp_23_5_cast_i_i_ca, %tmp_23_4_cast_i_i_ca" [MathieuHelpMe/Classifier.cpp:72->MathieuHelpMe/Classifier.cpp:136]   --->   Operation 1457 'add' 'tmp5' <Predicate = (!exitcond4_i_i)> <Delay = 2.49> <Core = "AddSub">   --->   Core 14 'AddSub' <Latency = 0> <II = 1> <Delay = 2.55> <FuncUnit> <Opcode : 'add' 'sub'> <InPorts = 2> <OutPorts = 1>
ST_5 : Operation 1458 [1/1] (2.49ns)   --->   "%tmp6 = add i31 %tmp_23_7_cast_i_i_ca, %tmp_23_6_cast_i_i_ca" [MathieuHelpMe/Classifier.cpp:72->MathieuHelpMe/Classifier.cpp:136]   --->   Operation 1458 'add' 'tmp6' <Predicate = (!exitcond4_i_i)> <Delay = 2.49> <Core = "AddSub">   --->   Core 14 'AddSub' <Latency = 0> <II = 1> <Delay = 2.55> <FuncUnit> <Opcode : 'add' 'sub'> <InPorts = 2> <OutPorts = 1>
ST_5 : Operation 1459 [1/1] (2.49ns)   --->   "%tmp9 = add i31 %tmp_23_9_cast_i_i_ca, %tmp_23_8_cast_i_i_ca" [MathieuHelpMe/Classifier.cpp:72->MathieuHelpMe/Classifier.cpp:136]   --->   Operation 1459 'add' 'tmp9' <Predicate = (!exitcond4_i_i)> <Delay = 2.49> <Core = "AddSub">   --->   Core 14 'AddSub' <Latency = 0> <II = 1> <Delay = 2.55> <FuncUnit> <Opcode : 'add' 'sub'> <InPorts = 2> <OutPorts = 1>
ST_5 : Operation 1460 [1/1] (0.00ns)   --->   "%tmp9_cast = sext i31 %tmp9 to i32" [MathieuHelpMe/Classifier.cpp:72->MathieuHelpMe/Classifier.cpp:136]   --->   Operation 1460 'sext' 'tmp9_cast' <Predicate = (!exitcond4_i_i)> <Delay = 0.00>
ST_5 : Operation 1461 [1/1] (2.49ns)   --->   "%tmp10 = add i31 %tmp_23_11_cast_i_i_c, %tmp_23_10_cast_i_i_c" [MathieuHelpMe/Classifier.cpp:72->MathieuHelpMe/Classifier.cpp:136]   --->   Operation 1461 'add' 'tmp10' <Predicate = (!exitcond4_i_i)> <Delay = 2.49> <Core = "AddSub">   --->   Core 14 'AddSub' <Latency = 0> <II = 1> <Delay = 2.55> <FuncUnit> <Opcode : 'add' 'sub'> <InPorts = 2> <OutPorts = 1>
ST_5 : Operation 1462 [1/1] (0.00ns)   --->   "%tmp10_cast = sext i31 %tmp10 to i32" [MathieuHelpMe/Classifier.cpp:72->MathieuHelpMe/Classifier.cpp:136]   --->   Operation 1462 'sext' 'tmp10_cast' <Predicate = (!exitcond4_i_i)> <Delay = 0.00>
ST_5 : Operation 1463 [1/1] (2.52ns)   --->   "%tmp8 = add i32 %tmp9_cast, %tmp10_cast" [MathieuHelpMe/Classifier.cpp:72->MathieuHelpMe/Classifier.cpp:136]   --->   Operation 1463 'add' 'tmp8' <Predicate = (!exitcond4_i_i)> <Delay = 2.52> <Core = "AddSub">   --->   Core 14 'AddSub' <Latency = 0> <II = 1> <Delay = 2.55> <FuncUnit> <Opcode : 'add' 'sub'> <InPorts = 2> <OutPorts = 1>
ST_5 : Operation 1464 [1/1] (2.49ns)   --->   "%tmp12 = add i31 %tmp_23_13_cast_i_i_c, %tmp_23_12_cast_i_i_c" [MathieuHelpMe/Classifier.cpp:72->MathieuHelpMe/Classifier.cpp:136]   --->   Operation 1464 'add' 'tmp12' <Predicate = (!exitcond4_i_i)> <Delay = 2.49> <Core = "AddSub">   --->   Core 14 'AddSub' <Latency = 0> <II = 1> <Delay = 2.55> <FuncUnit> <Opcode : 'add' 'sub'> <InPorts = 2> <OutPorts = 1>
ST_5 : Operation 1465 [1/1] (2.49ns)   --->   "%tmp13 = add i31 %tmp_23_15_cast_i_i_c, %tmp_23_14_cast_i_i_c" [MathieuHelpMe/Classifier.cpp:72->MathieuHelpMe/Classifier.cpp:136]   --->   Operation 1465 'add' 'tmp13' <Predicate = (!exitcond4_i_i)> <Delay = 2.49> <Core = "AddSub">   --->   Core 14 'AddSub' <Latency = 0> <II = 1> <Delay = 2.55> <FuncUnit> <Opcode : 'add' 'sub'> <InPorts = 2> <OutPorts = 1>
ST_5 : Operation 1466 [1/1] (0.00ns)   --->   "%OP1_V_15_1_i_i = sext i5 %tmp_256 to i16" [MathieuHelpMe/Classifier.cpp:71->MathieuHelpMe/Classifier.cpp:136]   --->   Operation 1466 'sext' 'OP1_V_15_1_i_i' <Predicate = (!exitcond4_i_i)> <Delay = 0.00>
ST_5 : Operation 1467 [1/1] (4.17ns)   --->   "%r_V_15_1_i_i = mul i16 %OP2_V_15_i_i, %OP1_V_15_1_i_i" [MathieuHelpMe/Classifier.cpp:71->MathieuHelpMe/Classifier.cpp:136]   --->   Operation 1467 'mul' 'r_V_15_1_i_i' <Predicate = (!exitcond4_i_i)> <Delay = 4.17> <Core = "Mul">   --->   Core 16 'Mul' <Latency = 0> <II = 1> <Delay = 3.74> <FuncUnit> <Opcode : 'mul'> <InPorts = 2> <OutPorts = 1>
ST_5 : Operation 1468 [1/1] (0.00ns)   --->   "%tmp_23_15_1_i_i = call i30 @_ssdm_op_BitConcatenate.i30.i16.i14(i16 %r_V_15_1_i_i, i14 0)" [MathieuHelpMe/Classifier.cpp:72->MathieuHelpMe/Classifier.cpp:136]   --->   Operation 1468 'bitconcatenate' 'tmp_23_15_1_i_i' <Predicate = (!exitcond4_i_i)> <Delay = 0.00>
ST_5 : Operation 1469 [1/1] (0.00ns)   --->   "%tmp_23_15_1_cast_i_i = sext i30 %tmp_23_15_1_i_i to i31" [MathieuHelpMe/Classifier.cpp:72->MathieuHelpMe/Classifier.cpp:136]   --->   Operation 1469 'sext' 'tmp_23_15_1_cast_i_i' <Predicate = (!exitcond4_i_i)> <Delay = 0.00>
ST_5 : Operation 1470 [1/1] (2.49ns)   --->   "%tmp16 = add i31 %tmp_23_1_1_cast_i_i_s, %tmp_23_0_1_cast_i_i_s" [MathieuHelpMe/Classifier.cpp:72->MathieuHelpMe/Classifier.cpp:136]   --->   Operation 1470 'add' 'tmp16' <Predicate = (!exitcond4_i_i)> <Delay = 2.49> <Core = "AddSub">   --->   Core 14 'AddSub' <Latency = 0> <II = 1> <Delay = 2.55> <FuncUnit> <Opcode : 'add' 'sub'> <InPorts = 2> <OutPorts = 1>
ST_5 : Operation 1471 [1/1] (0.00ns)   --->   "%tmp16_cast = sext i31 %tmp16 to i32" [MathieuHelpMe/Classifier.cpp:72->MathieuHelpMe/Classifier.cpp:136]   --->   Operation 1471 'sext' 'tmp16_cast' <Predicate = (!exitcond4_i_i)> <Delay = 0.00>
ST_5 : Operation 1472 [1/1] (2.49ns)   --->   "%tmp17 = add i31 %tmp_23_3_1_cast_i_i_s, %tmp_23_2_1_cast_i_i_s" [MathieuHelpMe/Classifier.cpp:72->MathieuHelpMe/Classifier.cpp:136]   --->   Operation 1472 'add' 'tmp17' <Predicate = (!exitcond4_i_i)> <Delay = 2.49> <Core = "AddSub">   --->   Core 14 'AddSub' <Latency = 0> <II = 1> <Delay = 2.55> <FuncUnit> <Opcode : 'add' 'sub'> <InPorts = 2> <OutPorts = 1>
ST_5 : Operation 1473 [1/1] (0.00ns)   --->   "%tmp17_cast = sext i31 %tmp17 to i32" [MathieuHelpMe/Classifier.cpp:72->MathieuHelpMe/Classifier.cpp:136]   --->   Operation 1473 'sext' 'tmp17_cast' <Predicate = (!exitcond4_i_i)> <Delay = 0.00>
ST_5 : Operation 1474 [1/1] (2.52ns)   --->   "%tmp15 = add i32 %tmp16_cast, %tmp17_cast" [MathieuHelpMe/Classifier.cpp:72->MathieuHelpMe/Classifier.cpp:136]   --->   Operation 1474 'add' 'tmp15' <Predicate = (!exitcond4_i_i)> <Delay = 2.52> <Core = "AddSub">   --->   Core 14 'AddSub' <Latency = 0> <II = 1> <Delay = 2.55> <FuncUnit> <Opcode : 'add' 'sub'> <InPorts = 2> <OutPorts = 1>
ST_5 : Operation 1475 [1/1] (2.49ns)   --->   "%tmp19 = add i31 %tmp_23_5_1_cast_i_i_s, %tmp_23_4_1_cast_i_i_s" [MathieuHelpMe/Classifier.cpp:72->MathieuHelpMe/Classifier.cpp:136]   --->   Operation 1475 'add' 'tmp19' <Predicate = (!exitcond4_i_i)> <Delay = 2.49> <Core = "AddSub">   --->   Core 14 'AddSub' <Latency = 0> <II = 1> <Delay = 2.55> <FuncUnit> <Opcode : 'add' 'sub'> <InPorts = 2> <OutPorts = 1>
ST_5 : Operation 1476 [1/1] (2.49ns)   --->   "%tmp20 = add i31 %tmp_23_7_1_cast_i_i_s, %tmp_23_6_1_cast_i_i_s" [MathieuHelpMe/Classifier.cpp:72->MathieuHelpMe/Classifier.cpp:136]   --->   Operation 1476 'add' 'tmp20' <Predicate = (!exitcond4_i_i)> <Delay = 2.49> <Core = "AddSub">   --->   Core 14 'AddSub' <Latency = 0> <II = 1> <Delay = 2.55> <FuncUnit> <Opcode : 'add' 'sub'> <InPorts = 2> <OutPorts = 1>
ST_5 : Operation 1477 [1/1] (2.49ns)   --->   "%tmp23 = add i31 %tmp_23_9_1_cast_i_i_s, %tmp_23_8_1_cast_i_i_s" [MathieuHelpMe/Classifier.cpp:72->MathieuHelpMe/Classifier.cpp:136]   --->   Operation 1477 'add' 'tmp23' <Predicate = (!exitcond4_i_i)> <Delay = 2.49> <Core = "AddSub">   --->   Core 14 'AddSub' <Latency = 0> <II = 1> <Delay = 2.55> <FuncUnit> <Opcode : 'add' 'sub'> <InPorts = 2> <OutPorts = 1>
ST_5 : Operation 1478 [1/1] (0.00ns)   --->   "%tmp23_cast = sext i31 %tmp23 to i32" [MathieuHelpMe/Classifier.cpp:72->MathieuHelpMe/Classifier.cpp:136]   --->   Operation 1478 'sext' 'tmp23_cast' <Predicate = (!exitcond4_i_i)> <Delay = 0.00>
ST_5 : Operation 1479 [1/1] (2.49ns)   --->   "%tmp24 = add i31 %tmp_23_11_1_cast_i_i, %tmp_23_10_1_cast_i_i" [MathieuHelpMe/Classifier.cpp:72->MathieuHelpMe/Classifier.cpp:136]   --->   Operation 1479 'add' 'tmp24' <Predicate = (!exitcond4_i_i)> <Delay = 2.49> <Core = "AddSub">   --->   Core 14 'AddSub' <Latency = 0> <II = 1> <Delay = 2.55> <FuncUnit> <Opcode : 'add' 'sub'> <InPorts = 2> <OutPorts = 1>
ST_5 : Operation 1480 [1/1] (0.00ns)   --->   "%tmp24_cast = sext i31 %tmp24 to i32" [MathieuHelpMe/Classifier.cpp:72->MathieuHelpMe/Classifier.cpp:136]   --->   Operation 1480 'sext' 'tmp24_cast' <Predicate = (!exitcond4_i_i)> <Delay = 0.00>
ST_5 : Operation 1481 [1/1] (2.52ns)   --->   "%tmp22 = add i32 %tmp23_cast, %tmp24_cast" [MathieuHelpMe/Classifier.cpp:72->MathieuHelpMe/Classifier.cpp:136]   --->   Operation 1481 'add' 'tmp22' <Predicate = (!exitcond4_i_i)> <Delay = 2.52> <Core = "AddSub">   --->   Core 14 'AddSub' <Latency = 0> <II = 1> <Delay = 2.55> <FuncUnit> <Opcode : 'add' 'sub'> <InPorts = 2> <OutPorts = 1>
ST_5 : Operation 1482 [1/1] (2.49ns)   --->   "%tmp26 = add i31 %tmp_23_13_1_cast_i_i, %tmp_23_12_1_cast_i_i" [MathieuHelpMe/Classifier.cpp:72->MathieuHelpMe/Classifier.cpp:136]   --->   Operation 1482 'add' 'tmp26' <Predicate = (!exitcond4_i_i)> <Delay = 2.49> <Core = "AddSub">   --->   Core 14 'AddSub' <Latency = 0> <II = 1> <Delay = 2.55> <FuncUnit> <Opcode : 'add' 'sub'> <InPorts = 2> <OutPorts = 1>
ST_5 : Operation 1483 [1/1] (2.49ns)   --->   "%tmp27 = add i31 %tmp_23_15_1_cast_i_i, %tmp_23_14_1_cast_i_i" [MathieuHelpMe/Classifier.cpp:72->MathieuHelpMe/Classifier.cpp:136]   --->   Operation 1483 'add' 'tmp27' <Predicate = (!exitcond4_i_i)> <Delay = 2.49> <Core = "AddSub">   --->   Core 14 'AddSub' <Latency = 0> <II = 1> <Delay = 2.55> <FuncUnit> <Opcode : 'add' 'sub'> <InPorts = 2> <OutPorts = 1>
ST_5 : Operation 1484 [1/1] (0.00ns)   --->   "%OP1_V_15_2_i_i = sext i5 %tmp_257 to i16" [MathieuHelpMe/Classifier.cpp:71->MathieuHelpMe/Classifier.cpp:136]   --->   Operation 1484 'sext' 'OP1_V_15_2_i_i' <Predicate = (!exitcond4_i_i)> <Delay = 0.00>
ST_5 : Operation 1485 [1/1] (4.17ns)   --->   "%r_V_15_2_i_i = mul i16 %OP2_V_15_i_i, %OP1_V_15_2_i_i" [MathieuHelpMe/Classifier.cpp:71->MathieuHelpMe/Classifier.cpp:136]   --->   Operation 1485 'mul' 'r_V_15_2_i_i' <Predicate = (!exitcond4_i_i)> <Delay = 4.17> <Core = "Mul">   --->   Core 16 'Mul' <Latency = 0> <II = 1> <Delay = 3.74> <FuncUnit> <Opcode : 'mul'> <InPorts = 2> <OutPorts = 1>
ST_5 : Operation 1486 [1/1] (0.00ns)   --->   "%tmp_23_15_2_i_i = call i30 @_ssdm_op_BitConcatenate.i30.i16.i14(i16 %r_V_15_2_i_i, i14 0)" [MathieuHelpMe/Classifier.cpp:72->MathieuHelpMe/Classifier.cpp:136]   --->   Operation 1486 'bitconcatenate' 'tmp_23_15_2_i_i' <Predicate = (!exitcond4_i_i)> <Delay = 0.00>
ST_5 : Operation 1487 [1/1] (0.00ns)   --->   "%tmp_23_15_2_cast_i_i = sext i30 %tmp_23_15_2_i_i to i31" [MathieuHelpMe/Classifier.cpp:72->MathieuHelpMe/Classifier.cpp:136]   --->   Operation 1487 'sext' 'tmp_23_15_2_cast_i_i' <Predicate = (!exitcond4_i_i)> <Delay = 0.00>
ST_5 : Operation 1488 [1/1] (2.49ns)   --->   "%tmp30 = add i31 %tmp_23_1_2_cast_i_i_s, %tmp_23_0_2_cast_i_i_s" [MathieuHelpMe/Classifier.cpp:72->MathieuHelpMe/Classifier.cpp:136]   --->   Operation 1488 'add' 'tmp30' <Predicate = (!exitcond4_i_i)> <Delay = 2.49> <Core = "AddSub">   --->   Core 14 'AddSub' <Latency = 0> <II = 1> <Delay = 2.55> <FuncUnit> <Opcode : 'add' 'sub'> <InPorts = 2> <OutPorts = 1>
ST_5 : Operation 1489 [1/1] (0.00ns)   --->   "%tmp30_cast = sext i31 %tmp30 to i32" [MathieuHelpMe/Classifier.cpp:72->MathieuHelpMe/Classifier.cpp:136]   --->   Operation 1489 'sext' 'tmp30_cast' <Predicate = (!exitcond4_i_i)> <Delay = 0.00>
ST_5 : Operation 1490 [1/1] (2.49ns)   --->   "%tmp31 = add i31 %tmp_23_3_2_cast_i_i_s, %tmp_23_2_2_cast_i_i_s" [MathieuHelpMe/Classifier.cpp:72->MathieuHelpMe/Classifier.cpp:136]   --->   Operation 1490 'add' 'tmp31' <Predicate = (!exitcond4_i_i)> <Delay = 2.49> <Core = "AddSub">   --->   Core 14 'AddSub' <Latency = 0> <II = 1> <Delay = 2.55> <FuncUnit> <Opcode : 'add' 'sub'> <InPorts = 2> <OutPorts = 1>
ST_5 : Operation 1491 [1/1] (0.00ns)   --->   "%tmp31_cast = sext i31 %tmp31 to i32" [MathieuHelpMe/Classifier.cpp:72->MathieuHelpMe/Classifier.cpp:136]   --->   Operation 1491 'sext' 'tmp31_cast' <Predicate = (!exitcond4_i_i)> <Delay = 0.00>
ST_5 : Operation 1492 [1/1] (2.52ns)   --->   "%tmp29 = add i32 %tmp30_cast, %tmp31_cast" [MathieuHelpMe/Classifier.cpp:72->MathieuHelpMe/Classifier.cpp:136]   --->   Operation 1492 'add' 'tmp29' <Predicate = (!exitcond4_i_i)> <Delay = 2.52> <Core = "AddSub">   --->   Core 14 'AddSub' <Latency = 0> <II = 1> <Delay = 2.55> <FuncUnit> <Opcode : 'add' 'sub'> <InPorts = 2> <OutPorts = 1>
ST_5 : Operation 1493 [1/1] (2.49ns)   --->   "%tmp33 = add i31 %tmp_23_5_2_cast_i_i_s, %tmp_23_4_2_cast_i_i_s" [MathieuHelpMe/Classifier.cpp:72->MathieuHelpMe/Classifier.cpp:136]   --->   Operation 1493 'add' 'tmp33' <Predicate = (!exitcond4_i_i)> <Delay = 2.49> <Core = "AddSub">   --->   Core 14 'AddSub' <Latency = 0> <II = 1> <Delay = 2.55> <FuncUnit> <Opcode : 'add' 'sub'> <InPorts = 2> <OutPorts = 1>
ST_5 : Operation 1494 [1/1] (2.49ns)   --->   "%tmp34 = add i31 %tmp_23_7_2_cast_i_i_s, %tmp_23_6_2_cast_i_i_s" [MathieuHelpMe/Classifier.cpp:72->MathieuHelpMe/Classifier.cpp:136]   --->   Operation 1494 'add' 'tmp34' <Predicate = (!exitcond4_i_i)> <Delay = 2.49> <Core = "AddSub">   --->   Core 14 'AddSub' <Latency = 0> <II = 1> <Delay = 2.55> <FuncUnit> <Opcode : 'add' 'sub'> <InPorts = 2> <OutPorts = 1>
ST_5 : Operation 1495 [1/1] (2.49ns)   --->   "%tmp37 = add i31 %tmp_23_9_2_cast_i_i_s, %tmp_23_8_2_cast_i_i_s" [MathieuHelpMe/Classifier.cpp:72->MathieuHelpMe/Classifier.cpp:136]   --->   Operation 1495 'add' 'tmp37' <Predicate = (!exitcond4_i_i)> <Delay = 2.49> <Core = "AddSub">   --->   Core 14 'AddSub' <Latency = 0> <II = 1> <Delay = 2.55> <FuncUnit> <Opcode : 'add' 'sub'> <InPorts = 2> <OutPorts = 1>
ST_5 : Operation 1496 [1/1] (0.00ns)   --->   "%tmp37_cast = sext i31 %tmp37 to i32" [MathieuHelpMe/Classifier.cpp:72->MathieuHelpMe/Classifier.cpp:136]   --->   Operation 1496 'sext' 'tmp37_cast' <Predicate = (!exitcond4_i_i)> <Delay = 0.00>
ST_5 : Operation 1497 [1/1] (2.49ns)   --->   "%tmp38 = add i31 %tmp_23_11_2_cast_i_i, %tmp_23_10_2_cast_i_i" [MathieuHelpMe/Classifier.cpp:72->MathieuHelpMe/Classifier.cpp:136]   --->   Operation 1497 'add' 'tmp38' <Predicate = (!exitcond4_i_i)> <Delay = 2.49> <Core = "AddSub">   --->   Core 14 'AddSub' <Latency = 0> <II = 1> <Delay = 2.55> <FuncUnit> <Opcode : 'add' 'sub'> <InPorts = 2> <OutPorts = 1>
ST_5 : Operation 1498 [1/1] (0.00ns)   --->   "%tmp38_cast = sext i31 %tmp38 to i32" [MathieuHelpMe/Classifier.cpp:72->MathieuHelpMe/Classifier.cpp:136]   --->   Operation 1498 'sext' 'tmp38_cast' <Predicate = (!exitcond4_i_i)> <Delay = 0.00>
ST_5 : Operation 1499 [1/1] (2.52ns)   --->   "%tmp36 = add i32 %tmp37_cast, %tmp38_cast" [MathieuHelpMe/Classifier.cpp:72->MathieuHelpMe/Classifier.cpp:136]   --->   Operation 1499 'add' 'tmp36' <Predicate = (!exitcond4_i_i)> <Delay = 2.52> <Core = "AddSub">   --->   Core 14 'AddSub' <Latency = 0> <II = 1> <Delay = 2.55> <FuncUnit> <Opcode : 'add' 'sub'> <InPorts = 2> <OutPorts = 1>
ST_5 : Operation 1500 [1/1] (2.49ns)   --->   "%tmp40 = add i31 %tmp_23_13_2_cast_i_i, %tmp_23_12_2_cast_i_i" [MathieuHelpMe/Classifier.cpp:72->MathieuHelpMe/Classifier.cpp:136]   --->   Operation 1500 'add' 'tmp40' <Predicate = (!exitcond4_i_i)> <Delay = 2.49> <Core = "AddSub">   --->   Core 14 'AddSub' <Latency = 0> <II = 1> <Delay = 2.55> <FuncUnit> <Opcode : 'add' 'sub'> <InPorts = 2> <OutPorts = 1>
ST_5 : Operation 1501 [1/1] (2.49ns)   --->   "%tmp41 = add i31 %tmp_23_15_2_cast_i_i, %tmp_23_14_2_cast_i_i" [MathieuHelpMe/Classifier.cpp:72->MathieuHelpMe/Classifier.cpp:136]   --->   Operation 1501 'add' 'tmp41' <Predicate = (!exitcond4_i_i)> <Delay = 2.49> <Core = "AddSub">   --->   Core 14 'AddSub' <Latency = 0> <II = 1> <Delay = 2.55> <FuncUnit> <Opcode : 'add' 'sub'> <InPorts = 2> <OutPorts = 1>
ST_5 : Operation 1502 [1/1] (0.00ns)   --->   "%OP1_V_15_3_i_i = sext i8 %tmp_259_i_i to i16" [MathieuHelpMe/Classifier.cpp:71->MathieuHelpMe/Classifier.cpp:136]   --->   Operation 1502 'sext' 'OP1_V_15_3_i_i' <Predicate = (!exitcond4_i_i)> <Delay = 0.00>
ST_5 : Operation 1503 [1/1] (4.17ns)   --->   "%r_V_15_3_i_i = mul i16 %OP2_V_15_i_i, %OP1_V_15_3_i_i" [MathieuHelpMe/Classifier.cpp:71->MathieuHelpMe/Classifier.cpp:136]   --->   Operation 1503 'mul' 'r_V_15_3_i_i' <Predicate = (!exitcond4_i_i)> <Delay = 4.17> <Core = "Mul">   --->   Core 16 'Mul' <Latency = 0> <II = 1> <Delay = 3.74> <FuncUnit> <Opcode : 'mul'> <InPorts = 2> <OutPorts = 1>
ST_5 : Operation 1504 [1/1] (0.00ns)   --->   "%tmp_23_15_3_i_i = call i30 @_ssdm_op_BitConcatenate.i30.i16.i14(i16 %r_V_15_3_i_i, i14 0)" [MathieuHelpMe/Classifier.cpp:72->MathieuHelpMe/Classifier.cpp:136]   --->   Operation 1504 'bitconcatenate' 'tmp_23_15_3_i_i' <Predicate = (!exitcond4_i_i)> <Delay = 0.00>
ST_5 : Operation 1505 [1/1] (0.00ns)   --->   "%tmp_23_15_3_cast_i_i = sext i30 %tmp_23_15_3_i_i to i31" [MathieuHelpMe/Classifier.cpp:72->MathieuHelpMe/Classifier.cpp:136]   --->   Operation 1505 'sext' 'tmp_23_15_3_cast_i_i' <Predicate = (!exitcond4_i_i)> <Delay = 0.00>
ST_5 : Operation 1506 [1/1] (2.49ns)   --->   "%tmp44 = add i31 %tmp_23_1_3_cast_i_i_s, %tmp_23_0_3_cast_i_i_s" [MathieuHelpMe/Classifier.cpp:72->MathieuHelpMe/Classifier.cpp:136]   --->   Operation 1506 'add' 'tmp44' <Predicate = (!exitcond4_i_i)> <Delay = 2.49> <Core = "AddSub">   --->   Core 14 'AddSub' <Latency = 0> <II = 1> <Delay = 2.55> <FuncUnit> <Opcode : 'add' 'sub'> <InPorts = 2> <OutPorts = 1>
ST_5 : Operation 1507 [1/1] (0.00ns)   --->   "%tmp44_cast = sext i31 %tmp44 to i32" [MathieuHelpMe/Classifier.cpp:72->MathieuHelpMe/Classifier.cpp:136]   --->   Operation 1507 'sext' 'tmp44_cast' <Predicate = (!exitcond4_i_i)> <Delay = 0.00>
ST_5 : Operation 1508 [1/1] (2.49ns)   --->   "%tmp45 = add i31 %tmp_23_3_3_cast_i_i_s, %tmp_23_2_3_cast_i_i_s" [MathieuHelpMe/Classifier.cpp:72->MathieuHelpMe/Classifier.cpp:136]   --->   Operation 1508 'add' 'tmp45' <Predicate = (!exitcond4_i_i)> <Delay = 2.49> <Core = "AddSub">   --->   Core 14 'AddSub' <Latency = 0> <II = 1> <Delay = 2.55> <FuncUnit> <Opcode : 'add' 'sub'> <InPorts = 2> <OutPorts = 1>
ST_5 : Operation 1509 [1/1] (0.00ns)   --->   "%tmp45_cast = sext i31 %tmp45 to i32" [MathieuHelpMe/Classifier.cpp:72->MathieuHelpMe/Classifier.cpp:136]   --->   Operation 1509 'sext' 'tmp45_cast' <Predicate = (!exitcond4_i_i)> <Delay = 0.00>
ST_5 : Operation 1510 [1/1] (2.52ns)   --->   "%tmp43 = add i32 %tmp44_cast, %tmp45_cast" [MathieuHelpMe/Classifier.cpp:72->MathieuHelpMe/Classifier.cpp:136]   --->   Operation 1510 'add' 'tmp43' <Predicate = (!exitcond4_i_i)> <Delay = 2.52> <Core = "AddSub">   --->   Core 14 'AddSub' <Latency = 0> <II = 1> <Delay = 2.55> <FuncUnit> <Opcode : 'add' 'sub'> <InPorts = 2> <OutPorts = 1>
ST_5 : Operation 1511 [1/1] (2.49ns)   --->   "%tmp47 = add i31 %tmp_23_5_3_cast_i_i_s, %tmp_23_4_3_cast_i_i_s" [MathieuHelpMe/Classifier.cpp:72->MathieuHelpMe/Classifier.cpp:136]   --->   Operation 1511 'add' 'tmp47' <Predicate = (!exitcond4_i_i)> <Delay = 2.49> <Core = "AddSub">   --->   Core 14 'AddSub' <Latency = 0> <II = 1> <Delay = 2.55> <FuncUnit> <Opcode : 'add' 'sub'> <InPorts = 2> <OutPorts = 1>
ST_5 : Operation 1512 [1/1] (2.49ns)   --->   "%tmp48 = add i31 %tmp_23_7_3_cast_i_i_s, %tmp_23_6_3_cast_i_i_s" [MathieuHelpMe/Classifier.cpp:72->MathieuHelpMe/Classifier.cpp:136]   --->   Operation 1512 'add' 'tmp48' <Predicate = (!exitcond4_i_i)> <Delay = 2.49> <Core = "AddSub">   --->   Core 14 'AddSub' <Latency = 0> <II = 1> <Delay = 2.55> <FuncUnit> <Opcode : 'add' 'sub'> <InPorts = 2> <OutPorts = 1>
ST_5 : Operation 1513 [1/1] (2.49ns)   --->   "%tmp51 = add i31 %tmp_23_9_3_cast_i_i_s, %tmp_23_8_3_cast_i_i_s" [MathieuHelpMe/Classifier.cpp:72->MathieuHelpMe/Classifier.cpp:136]   --->   Operation 1513 'add' 'tmp51' <Predicate = (!exitcond4_i_i)> <Delay = 2.49> <Core = "AddSub">   --->   Core 14 'AddSub' <Latency = 0> <II = 1> <Delay = 2.55> <FuncUnit> <Opcode : 'add' 'sub'> <InPorts = 2> <OutPorts = 1>
ST_5 : Operation 1514 [1/1] (0.00ns)   --->   "%tmp51_cast = sext i31 %tmp51 to i32" [MathieuHelpMe/Classifier.cpp:72->MathieuHelpMe/Classifier.cpp:136]   --->   Operation 1514 'sext' 'tmp51_cast' <Predicate = (!exitcond4_i_i)> <Delay = 0.00>
ST_5 : Operation 1515 [1/1] (2.49ns)   --->   "%tmp52 = add i31 %tmp_23_11_3_cast_i_i, %tmp_23_10_3_cast_i_i" [MathieuHelpMe/Classifier.cpp:72->MathieuHelpMe/Classifier.cpp:136]   --->   Operation 1515 'add' 'tmp52' <Predicate = (!exitcond4_i_i)> <Delay = 2.49> <Core = "AddSub">   --->   Core 14 'AddSub' <Latency = 0> <II = 1> <Delay = 2.55> <FuncUnit> <Opcode : 'add' 'sub'> <InPorts = 2> <OutPorts = 1>
ST_5 : Operation 1516 [1/1] (0.00ns)   --->   "%tmp52_cast = sext i31 %tmp52 to i32" [MathieuHelpMe/Classifier.cpp:72->MathieuHelpMe/Classifier.cpp:136]   --->   Operation 1516 'sext' 'tmp52_cast' <Predicate = (!exitcond4_i_i)> <Delay = 0.00>
ST_5 : Operation 1517 [1/1] (2.52ns)   --->   "%tmp50 = add i32 %tmp51_cast, %tmp52_cast" [MathieuHelpMe/Classifier.cpp:72->MathieuHelpMe/Classifier.cpp:136]   --->   Operation 1517 'add' 'tmp50' <Predicate = (!exitcond4_i_i)> <Delay = 2.52> <Core = "AddSub">   --->   Core 14 'AddSub' <Latency = 0> <II = 1> <Delay = 2.55> <FuncUnit> <Opcode : 'add' 'sub'> <InPorts = 2> <OutPorts = 1>
ST_5 : Operation 1518 [1/1] (2.49ns)   --->   "%tmp54 = add i31 %tmp_23_13_3_cast_i_i, %tmp_23_12_3_cast_i_i" [MathieuHelpMe/Classifier.cpp:72->MathieuHelpMe/Classifier.cpp:136]   --->   Operation 1518 'add' 'tmp54' <Predicate = (!exitcond4_i_i)> <Delay = 2.49> <Core = "AddSub">   --->   Core 14 'AddSub' <Latency = 0> <II = 1> <Delay = 2.55> <FuncUnit> <Opcode : 'add' 'sub'> <InPorts = 2> <OutPorts = 1>
ST_5 : Operation 1519 [1/1] (2.49ns)   --->   "%tmp55 = add i31 %tmp_23_15_3_cast_i_i, %tmp_23_14_3_cast_i_i" [MathieuHelpMe/Classifier.cpp:72->MathieuHelpMe/Classifier.cpp:136]   --->   Operation 1519 'add' 'tmp55' <Predicate = (!exitcond4_i_i)> <Delay = 2.49> <Core = "AddSub">   --->   Core 14 'AddSub' <Latency = 0> <II = 1> <Delay = 2.55> <FuncUnit> <Opcode : 'add' 'sub'> <InPorts = 2> <OutPorts = 1>
ST_5 : Operation 1520 [1/1] (0.00ns)   --->   "%OP1_V_15_4_i_i = sext i5 %tmp_258 to i16" [MathieuHelpMe/Classifier.cpp:71->MathieuHelpMe/Classifier.cpp:136]   --->   Operation 1520 'sext' 'OP1_V_15_4_i_i' <Predicate = (!exitcond4_i_i)> <Delay = 0.00>
ST_5 : Operation 1521 [1/1] (4.17ns)   --->   "%r_V_15_4_i_i = mul i16 %OP2_V_15_i_i, %OP1_V_15_4_i_i" [MathieuHelpMe/Classifier.cpp:71->MathieuHelpMe/Classifier.cpp:136]   --->   Operation 1521 'mul' 'r_V_15_4_i_i' <Predicate = (!exitcond4_i_i)> <Delay = 4.17> <Core = "Mul">   --->   Core 16 'Mul' <Latency = 0> <II = 1> <Delay = 3.74> <FuncUnit> <Opcode : 'mul'> <InPorts = 2> <OutPorts = 1>
ST_5 : Operation 1522 [1/1] (0.00ns)   --->   "%tmp_23_15_4_i_i = call i30 @_ssdm_op_BitConcatenate.i30.i16.i14(i16 %r_V_15_4_i_i, i14 0)" [MathieuHelpMe/Classifier.cpp:72->MathieuHelpMe/Classifier.cpp:136]   --->   Operation 1522 'bitconcatenate' 'tmp_23_15_4_i_i' <Predicate = (!exitcond4_i_i)> <Delay = 0.00>
ST_5 : Operation 1523 [1/1] (0.00ns)   --->   "%tmp_23_15_4_cast_i_i = sext i30 %tmp_23_15_4_i_i to i31" [MathieuHelpMe/Classifier.cpp:72->MathieuHelpMe/Classifier.cpp:136]   --->   Operation 1523 'sext' 'tmp_23_15_4_cast_i_i' <Predicate = (!exitcond4_i_i)> <Delay = 0.00>
ST_5 : Operation 1524 [1/1] (2.49ns)   --->   "%tmp58 = add i31 %tmp_23_1_4_cast_i_i_s, %tmp_23_0_4_cast_i_i_s" [MathieuHelpMe/Classifier.cpp:72->MathieuHelpMe/Classifier.cpp:136]   --->   Operation 1524 'add' 'tmp58' <Predicate = (!exitcond4_i_i)> <Delay = 2.49> <Core = "AddSub">   --->   Core 14 'AddSub' <Latency = 0> <II = 1> <Delay = 2.55> <FuncUnit> <Opcode : 'add' 'sub'> <InPorts = 2> <OutPorts = 1>
ST_5 : Operation 1525 [1/1] (0.00ns)   --->   "%tmp58_cast = sext i31 %tmp58 to i32" [MathieuHelpMe/Classifier.cpp:72->MathieuHelpMe/Classifier.cpp:136]   --->   Operation 1525 'sext' 'tmp58_cast' <Predicate = (!exitcond4_i_i)> <Delay = 0.00>
ST_5 : Operation 1526 [1/1] (2.49ns)   --->   "%tmp59 = add i31 %tmp_23_3_4_cast_i_i_s, %tmp_23_2_4_cast_i_i_s" [MathieuHelpMe/Classifier.cpp:72->MathieuHelpMe/Classifier.cpp:136]   --->   Operation 1526 'add' 'tmp59' <Predicate = (!exitcond4_i_i)> <Delay = 2.49> <Core = "AddSub">   --->   Core 14 'AddSub' <Latency = 0> <II = 1> <Delay = 2.55> <FuncUnit> <Opcode : 'add' 'sub'> <InPorts = 2> <OutPorts = 1>
ST_5 : Operation 1527 [1/1] (0.00ns)   --->   "%tmp59_cast = sext i31 %tmp59 to i32" [MathieuHelpMe/Classifier.cpp:72->MathieuHelpMe/Classifier.cpp:136]   --->   Operation 1527 'sext' 'tmp59_cast' <Predicate = (!exitcond4_i_i)> <Delay = 0.00>
ST_5 : Operation 1528 [1/1] (2.52ns)   --->   "%tmp57 = add i32 %tmp58_cast, %tmp59_cast" [MathieuHelpMe/Classifier.cpp:72->MathieuHelpMe/Classifier.cpp:136]   --->   Operation 1528 'add' 'tmp57' <Predicate = (!exitcond4_i_i)> <Delay = 2.52> <Core = "AddSub">   --->   Core 14 'AddSub' <Latency = 0> <II = 1> <Delay = 2.55> <FuncUnit> <Opcode : 'add' 'sub'> <InPorts = 2> <OutPorts = 1>
ST_5 : Operation 1529 [1/1] (2.49ns)   --->   "%tmp61 = add i31 %tmp_23_5_4_cast_i_i_s, %tmp_23_4_4_cast_i_i_s" [MathieuHelpMe/Classifier.cpp:72->MathieuHelpMe/Classifier.cpp:136]   --->   Operation 1529 'add' 'tmp61' <Predicate = (!exitcond4_i_i)> <Delay = 2.49> <Core = "AddSub">   --->   Core 14 'AddSub' <Latency = 0> <II = 1> <Delay = 2.55> <FuncUnit> <Opcode : 'add' 'sub'> <InPorts = 2> <OutPorts = 1>
ST_5 : Operation 1530 [1/1] (2.49ns)   --->   "%tmp62 = add i31 %tmp_23_7_4_cast_i_i_s, %tmp_23_6_4_cast_i_i_s" [MathieuHelpMe/Classifier.cpp:72->MathieuHelpMe/Classifier.cpp:136]   --->   Operation 1530 'add' 'tmp62' <Predicate = (!exitcond4_i_i)> <Delay = 2.49> <Core = "AddSub">   --->   Core 14 'AddSub' <Latency = 0> <II = 1> <Delay = 2.55> <FuncUnit> <Opcode : 'add' 'sub'> <InPorts = 2> <OutPorts = 1>
ST_5 : Operation 1531 [1/1] (2.49ns)   --->   "%tmp65 = add i31 %tmp_23_9_4_cast_i_i_s, %tmp_23_8_4_cast_i_i_s" [MathieuHelpMe/Classifier.cpp:72->MathieuHelpMe/Classifier.cpp:136]   --->   Operation 1531 'add' 'tmp65' <Predicate = (!exitcond4_i_i)> <Delay = 2.49> <Core = "AddSub">   --->   Core 14 'AddSub' <Latency = 0> <II = 1> <Delay = 2.55> <FuncUnit> <Opcode : 'add' 'sub'> <InPorts = 2> <OutPorts = 1>
ST_5 : Operation 1532 [1/1] (0.00ns)   --->   "%tmp65_cast = sext i31 %tmp65 to i32" [MathieuHelpMe/Classifier.cpp:72->MathieuHelpMe/Classifier.cpp:136]   --->   Operation 1532 'sext' 'tmp65_cast' <Predicate = (!exitcond4_i_i)> <Delay = 0.00>
ST_5 : Operation 1533 [1/1] (2.49ns)   --->   "%tmp66 = add i31 %tmp_23_11_4_cast_i_i, %tmp_23_10_4_cast_i_i" [MathieuHelpMe/Classifier.cpp:72->MathieuHelpMe/Classifier.cpp:136]   --->   Operation 1533 'add' 'tmp66' <Predicate = (!exitcond4_i_i)> <Delay = 2.49> <Core = "AddSub">   --->   Core 14 'AddSub' <Latency = 0> <II = 1> <Delay = 2.55> <FuncUnit> <Opcode : 'add' 'sub'> <InPorts = 2> <OutPorts = 1>
ST_5 : Operation 1534 [1/1] (0.00ns)   --->   "%tmp66_cast = sext i31 %tmp66 to i32" [MathieuHelpMe/Classifier.cpp:72->MathieuHelpMe/Classifier.cpp:136]   --->   Operation 1534 'sext' 'tmp66_cast' <Predicate = (!exitcond4_i_i)> <Delay = 0.00>
ST_5 : Operation 1535 [1/1] (2.52ns)   --->   "%tmp64 = add i32 %tmp65_cast, %tmp66_cast" [MathieuHelpMe/Classifier.cpp:72->MathieuHelpMe/Classifier.cpp:136]   --->   Operation 1535 'add' 'tmp64' <Predicate = (!exitcond4_i_i)> <Delay = 2.52> <Core = "AddSub">   --->   Core 14 'AddSub' <Latency = 0> <II = 1> <Delay = 2.55> <FuncUnit> <Opcode : 'add' 'sub'> <InPorts = 2> <OutPorts = 1>
ST_5 : Operation 1536 [1/1] (2.49ns)   --->   "%tmp68 = add i31 %tmp_23_13_4_cast_i_i, %tmp_23_12_4_cast_i_i" [MathieuHelpMe/Classifier.cpp:72->MathieuHelpMe/Classifier.cpp:136]   --->   Operation 1536 'add' 'tmp68' <Predicate = (!exitcond4_i_i)> <Delay = 2.49> <Core = "AddSub">   --->   Core 14 'AddSub' <Latency = 0> <II = 1> <Delay = 2.55> <FuncUnit> <Opcode : 'add' 'sub'> <InPorts = 2> <OutPorts = 1>
ST_5 : Operation 1537 [1/1] (2.49ns)   --->   "%tmp69 = add i31 %tmp_23_15_4_cast_i_i, %tmp_23_14_4_cast_i_i" [MathieuHelpMe/Classifier.cpp:72->MathieuHelpMe/Classifier.cpp:136]   --->   Operation 1537 'add' 'tmp69' <Predicate = (!exitcond4_i_i)> <Delay = 2.49> <Core = "AddSub">   --->   Core 14 'AddSub' <Latency = 0> <II = 1> <Delay = 2.55> <FuncUnit> <Opcode : 'add' 'sub'> <InPorts = 2> <OutPorts = 1>
ST_5 : Operation 1538 [1/1] (0.00ns)   --->   "%OP1_V_15_5_i_i = sext i5 %tmp_260 to i16" [MathieuHelpMe/Classifier.cpp:71->MathieuHelpMe/Classifier.cpp:136]   --->   Operation 1538 'sext' 'OP1_V_15_5_i_i' <Predicate = (!exitcond4_i_i)> <Delay = 0.00>
ST_5 : Operation 1539 [1/1] (4.17ns)   --->   "%r_V_15_5_i_i = mul i16 %OP2_V_15_i_i, %OP1_V_15_5_i_i" [MathieuHelpMe/Classifier.cpp:71->MathieuHelpMe/Classifier.cpp:136]   --->   Operation 1539 'mul' 'r_V_15_5_i_i' <Predicate = (!exitcond4_i_i)> <Delay = 4.17> <Core = "Mul">   --->   Core 16 'Mul' <Latency = 0> <II = 1> <Delay = 3.74> <FuncUnit> <Opcode : 'mul'> <InPorts = 2> <OutPorts = 1>
ST_5 : Operation 1540 [1/1] (0.00ns)   --->   "%tmp_23_15_5_i_i = call i30 @_ssdm_op_BitConcatenate.i30.i16.i14(i16 %r_V_15_5_i_i, i14 0)" [MathieuHelpMe/Classifier.cpp:72->MathieuHelpMe/Classifier.cpp:136]   --->   Operation 1540 'bitconcatenate' 'tmp_23_15_5_i_i' <Predicate = (!exitcond4_i_i)> <Delay = 0.00>
ST_5 : Operation 1541 [1/1] (0.00ns)   --->   "%tmp_23_15_5_cast_i_i = sext i30 %tmp_23_15_5_i_i to i31" [MathieuHelpMe/Classifier.cpp:72->MathieuHelpMe/Classifier.cpp:136]   --->   Operation 1541 'sext' 'tmp_23_15_5_cast_i_i' <Predicate = (!exitcond4_i_i)> <Delay = 0.00>
ST_5 : Operation 1542 [1/1] (2.49ns)   --->   "%tmp72 = add i31 %tmp_23_1_5_cast_i_i_s, %tmp_23_0_5_cast_i_i_s" [MathieuHelpMe/Classifier.cpp:72->MathieuHelpMe/Classifier.cpp:136]   --->   Operation 1542 'add' 'tmp72' <Predicate = (!exitcond4_i_i)> <Delay = 2.49> <Core = "AddSub">   --->   Core 14 'AddSub' <Latency = 0> <II = 1> <Delay = 2.55> <FuncUnit> <Opcode : 'add' 'sub'> <InPorts = 2> <OutPorts = 1>
ST_5 : Operation 1543 [1/1] (0.00ns)   --->   "%tmp72_cast = sext i31 %tmp72 to i32" [MathieuHelpMe/Classifier.cpp:72->MathieuHelpMe/Classifier.cpp:136]   --->   Operation 1543 'sext' 'tmp72_cast' <Predicate = (!exitcond4_i_i)> <Delay = 0.00>
ST_5 : Operation 1544 [1/1] (2.49ns)   --->   "%tmp73 = add i31 %tmp_23_3_5_cast_i_i_s, %tmp_23_2_5_cast_i_i_s" [MathieuHelpMe/Classifier.cpp:72->MathieuHelpMe/Classifier.cpp:136]   --->   Operation 1544 'add' 'tmp73' <Predicate = (!exitcond4_i_i)> <Delay = 2.49> <Core = "AddSub">   --->   Core 14 'AddSub' <Latency = 0> <II = 1> <Delay = 2.55> <FuncUnit> <Opcode : 'add' 'sub'> <InPorts = 2> <OutPorts = 1>
ST_5 : Operation 1545 [1/1] (0.00ns)   --->   "%tmp73_cast = sext i31 %tmp73 to i32" [MathieuHelpMe/Classifier.cpp:72->MathieuHelpMe/Classifier.cpp:136]   --->   Operation 1545 'sext' 'tmp73_cast' <Predicate = (!exitcond4_i_i)> <Delay = 0.00>
ST_5 : Operation 1546 [1/1] (2.52ns)   --->   "%tmp71 = add i32 %tmp72_cast, %tmp73_cast" [MathieuHelpMe/Classifier.cpp:72->MathieuHelpMe/Classifier.cpp:136]   --->   Operation 1546 'add' 'tmp71' <Predicate = (!exitcond4_i_i)> <Delay = 2.52> <Core = "AddSub">   --->   Core 14 'AddSub' <Latency = 0> <II = 1> <Delay = 2.55> <FuncUnit> <Opcode : 'add' 'sub'> <InPorts = 2> <OutPorts = 1>
ST_5 : Operation 1547 [1/1] (2.49ns)   --->   "%tmp75 = add i31 %tmp_23_5_5_cast_i_i_s, %tmp_23_4_5_cast_i_i_s" [MathieuHelpMe/Classifier.cpp:72->MathieuHelpMe/Classifier.cpp:136]   --->   Operation 1547 'add' 'tmp75' <Predicate = (!exitcond4_i_i)> <Delay = 2.49> <Core = "AddSub">   --->   Core 14 'AddSub' <Latency = 0> <II = 1> <Delay = 2.55> <FuncUnit> <Opcode : 'add' 'sub'> <InPorts = 2> <OutPorts = 1>
ST_5 : Operation 1548 [1/1] (2.49ns)   --->   "%tmp76 = add i31 %tmp_23_7_5_cast_i_i_s, %tmp_23_6_5_cast_i_i_s" [MathieuHelpMe/Classifier.cpp:72->MathieuHelpMe/Classifier.cpp:136]   --->   Operation 1548 'add' 'tmp76' <Predicate = (!exitcond4_i_i)> <Delay = 2.49> <Core = "AddSub">   --->   Core 14 'AddSub' <Latency = 0> <II = 1> <Delay = 2.55> <FuncUnit> <Opcode : 'add' 'sub'> <InPorts = 2> <OutPorts = 1>
ST_5 : Operation 1549 [1/1] (2.49ns)   --->   "%tmp79 = add i31 %tmp_23_9_5_cast_i_i_s, %tmp_23_8_5_cast_i_i_s" [MathieuHelpMe/Classifier.cpp:72->MathieuHelpMe/Classifier.cpp:136]   --->   Operation 1549 'add' 'tmp79' <Predicate = (!exitcond4_i_i)> <Delay = 2.49> <Core = "AddSub">   --->   Core 14 'AddSub' <Latency = 0> <II = 1> <Delay = 2.55> <FuncUnit> <Opcode : 'add' 'sub'> <InPorts = 2> <OutPorts = 1>
ST_5 : Operation 1550 [1/1] (0.00ns)   --->   "%tmp79_cast = sext i31 %tmp79 to i32" [MathieuHelpMe/Classifier.cpp:72->MathieuHelpMe/Classifier.cpp:136]   --->   Operation 1550 'sext' 'tmp79_cast' <Predicate = (!exitcond4_i_i)> <Delay = 0.00>
ST_5 : Operation 1551 [1/1] (2.49ns)   --->   "%tmp80 = add i31 %tmp_23_11_5_cast_i_i, %tmp_23_10_5_cast_i_i" [MathieuHelpMe/Classifier.cpp:72->MathieuHelpMe/Classifier.cpp:136]   --->   Operation 1551 'add' 'tmp80' <Predicate = (!exitcond4_i_i)> <Delay = 2.49> <Core = "AddSub">   --->   Core 14 'AddSub' <Latency = 0> <II = 1> <Delay = 2.55> <FuncUnit> <Opcode : 'add' 'sub'> <InPorts = 2> <OutPorts = 1>
ST_5 : Operation 1552 [1/1] (0.00ns)   --->   "%tmp80_cast = sext i31 %tmp80 to i32" [MathieuHelpMe/Classifier.cpp:72->MathieuHelpMe/Classifier.cpp:136]   --->   Operation 1552 'sext' 'tmp80_cast' <Predicate = (!exitcond4_i_i)> <Delay = 0.00>
ST_5 : Operation 1553 [1/1] (2.52ns)   --->   "%tmp78 = add i32 %tmp79_cast, %tmp80_cast" [MathieuHelpMe/Classifier.cpp:72->MathieuHelpMe/Classifier.cpp:136]   --->   Operation 1553 'add' 'tmp78' <Predicate = (!exitcond4_i_i)> <Delay = 2.52> <Core = "AddSub">   --->   Core 14 'AddSub' <Latency = 0> <II = 1> <Delay = 2.55> <FuncUnit> <Opcode : 'add' 'sub'> <InPorts = 2> <OutPorts = 1>
ST_5 : Operation 1554 [1/1] (2.49ns)   --->   "%tmp82 = add i31 %tmp_23_13_5_cast_i_i, %tmp_23_12_5_cast_i_i" [MathieuHelpMe/Classifier.cpp:72->MathieuHelpMe/Classifier.cpp:136]   --->   Operation 1554 'add' 'tmp82' <Predicate = (!exitcond4_i_i)> <Delay = 2.49> <Core = "AddSub">   --->   Core 14 'AddSub' <Latency = 0> <II = 1> <Delay = 2.55> <FuncUnit> <Opcode : 'add' 'sub'> <InPorts = 2> <OutPorts = 1>
ST_5 : Operation 1555 [1/1] (2.49ns)   --->   "%tmp83 = add i31 %tmp_23_15_5_cast_i_i, %tmp_23_14_5_cast_i_i" [MathieuHelpMe/Classifier.cpp:72->MathieuHelpMe/Classifier.cpp:136]   --->   Operation 1555 'add' 'tmp83' <Predicate = (!exitcond4_i_i)> <Delay = 2.49> <Core = "AddSub">   --->   Core 14 'AddSub' <Latency = 0> <II = 1> <Delay = 2.55> <FuncUnit> <Opcode : 'add' 'sub'> <InPorts = 2> <OutPorts = 1>
ST_5 : Operation 1556 [1/1] (0.00ns)   --->   "%OP1_V_15_6_i_i = sext i6 %tmp_261 to i16" [MathieuHelpMe/Classifier.cpp:71->MathieuHelpMe/Classifier.cpp:136]   --->   Operation 1556 'sext' 'OP1_V_15_6_i_i' <Predicate = (!exitcond4_i_i)> <Delay = 0.00>
ST_5 : Operation 1557 [1/1] (4.17ns)   --->   "%r_V_15_6_i_i = mul i16 %OP2_V_15_i_i, %OP1_V_15_6_i_i" [MathieuHelpMe/Classifier.cpp:71->MathieuHelpMe/Classifier.cpp:136]   --->   Operation 1557 'mul' 'r_V_15_6_i_i' <Predicate = (!exitcond4_i_i)> <Delay = 4.17> <Core = "Mul">   --->   Core 16 'Mul' <Latency = 0> <II = 1> <Delay = 3.74> <FuncUnit> <Opcode : 'mul'> <InPorts = 2> <OutPorts = 1>
ST_5 : Operation 1558 [1/1] (0.00ns)   --->   "%tmp_23_15_6_i_i = call i30 @_ssdm_op_BitConcatenate.i30.i16.i14(i16 %r_V_15_6_i_i, i14 0)" [MathieuHelpMe/Classifier.cpp:72->MathieuHelpMe/Classifier.cpp:136]   --->   Operation 1558 'bitconcatenate' 'tmp_23_15_6_i_i' <Predicate = (!exitcond4_i_i)> <Delay = 0.00>
ST_5 : Operation 1559 [1/1] (0.00ns)   --->   "%tmp_23_15_6_cast_i_i = sext i30 %tmp_23_15_6_i_i to i31" [MathieuHelpMe/Classifier.cpp:72->MathieuHelpMe/Classifier.cpp:136]   --->   Operation 1559 'sext' 'tmp_23_15_6_cast_i_i' <Predicate = (!exitcond4_i_i)> <Delay = 0.00>
ST_5 : Operation 1560 [1/1] (2.49ns)   --->   "%tmp86 = add i31 %tmp_23_1_6_cast_i_i_s, %tmp_23_0_6_cast_i_i_s" [MathieuHelpMe/Classifier.cpp:72->MathieuHelpMe/Classifier.cpp:136]   --->   Operation 1560 'add' 'tmp86' <Predicate = (!exitcond4_i_i)> <Delay = 2.49> <Core = "AddSub">   --->   Core 14 'AddSub' <Latency = 0> <II = 1> <Delay = 2.55> <FuncUnit> <Opcode : 'add' 'sub'> <InPorts = 2> <OutPorts = 1>
ST_5 : Operation 1561 [1/1] (0.00ns)   --->   "%tmp86_cast = sext i31 %tmp86 to i32" [MathieuHelpMe/Classifier.cpp:72->MathieuHelpMe/Classifier.cpp:136]   --->   Operation 1561 'sext' 'tmp86_cast' <Predicate = (!exitcond4_i_i)> <Delay = 0.00>
ST_5 : Operation 1562 [1/1] (2.49ns)   --->   "%tmp87 = add i31 %tmp_23_3_6_cast_i_i_s, %tmp_23_2_6_cast_i_i_s" [MathieuHelpMe/Classifier.cpp:72->MathieuHelpMe/Classifier.cpp:136]   --->   Operation 1562 'add' 'tmp87' <Predicate = (!exitcond4_i_i)> <Delay = 2.49> <Core = "AddSub">   --->   Core 14 'AddSub' <Latency = 0> <II = 1> <Delay = 2.55> <FuncUnit> <Opcode : 'add' 'sub'> <InPorts = 2> <OutPorts = 1>
ST_5 : Operation 1563 [1/1] (0.00ns)   --->   "%tmp87_cast = sext i31 %tmp87 to i32" [MathieuHelpMe/Classifier.cpp:72->MathieuHelpMe/Classifier.cpp:136]   --->   Operation 1563 'sext' 'tmp87_cast' <Predicate = (!exitcond4_i_i)> <Delay = 0.00>
ST_5 : Operation 1564 [1/1] (2.52ns)   --->   "%tmp85 = add i32 %tmp86_cast, %tmp87_cast" [MathieuHelpMe/Classifier.cpp:72->MathieuHelpMe/Classifier.cpp:136]   --->   Operation 1564 'add' 'tmp85' <Predicate = (!exitcond4_i_i)> <Delay = 2.52> <Core = "AddSub">   --->   Core 14 'AddSub' <Latency = 0> <II = 1> <Delay = 2.55> <FuncUnit> <Opcode : 'add' 'sub'> <InPorts = 2> <OutPorts = 1>
ST_5 : Operation 1565 [1/1] (2.49ns)   --->   "%tmp89 = add i31 %tmp_23_5_6_cast_i_i_s, %tmp_23_4_6_cast_i_i_s" [MathieuHelpMe/Classifier.cpp:72->MathieuHelpMe/Classifier.cpp:136]   --->   Operation 1565 'add' 'tmp89' <Predicate = (!exitcond4_i_i)> <Delay = 2.49> <Core = "AddSub">   --->   Core 14 'AddSub' <Latency = 0> <II = 1> <Delay = 2.55> <FuncUnit> <Opcode : 'add' 'sub'> <InPorts = 2> <OutPorts = 1>
ST_5 : Operation 1566 [1/1] (2.49ns)   --->   "%tmp90 = add i31 %tmp_23_7_6_cast_i_i_s, %tmp_23_6_6_cast_i_i_s" [MathieuHelpMe/Classifier.cpp:72->MathieuHelpMe/Classifier.cpp:136]   --->   Operation 1566 'add' 'tmp90' <Predicate = (!exitcond4_i_i)> <Delay = 2.49> <Core = "AddSub">   --->   Core 14 'AddSub' <Latency = 0> <II = 1> <Delay = 2.55> <FuncUnit> <Opcode : 'add' 'sub'> <InPorts = 2> <OutPorts = 1>
ST_5 : Operation 1567 [1/1] (2.49ns)   --->   "%tmp93 = add i31 %tmp_23_9_6_cast_i_i_s, %tmp_23_8_6_cast_i_i_s" [MathieuHelpMe/Classifier.cpp:72->MathieuHelpMe/Classifier.cpp:136]   --->   Operation 1567 'add' 'tmp93' <Predicate = (!exitcond4_i_i)> <Delay = 2.49> <Core = "AddSub">   --->   Core 14 'AddSub' <Latency = 0> <II = 1> <Delay = 2.55> <FuncUnit> <Opcode : 'add' 'sub'> <InPorts = 2> <OutPorts = 1>
ST_5 : Operation 1568 [1/1] (0.00ns)   --->   "%tmp93_cast = sext i31 %tmp93 to i32" [MathieuHelpMe/Classifier.cpp:72->MathieuHelpMe/Classifier.cpp:136]   --->   Operation 1568 'sext' 'tmp93_cast' <Predicate = (!exitcond4_i_i)> <Delay = 0.00>
ST_5 : Operation 1569 [1/1] (2.49ns)   --->   "%tmp94 = add i31 %tmp_23_11_6_cast_i_i, %tmp_23_10_6_cast_i_i" [MathieuHelpMe/Classifier.cpp:72->MathieuHelpMe/Classifier.cpp:136]   --->   Operation 1569 'add' 'tmp94' <Predicate = (!exitcond4_i_i)> <Delay = 2.49> <Core = "AddSub">   --->   Core 14 'AddSub' <Latency = 0> <II = 1> <Delay = 2.55> <FuncUnit> <Opcode : 'add' 'sub'> <InPorts = 2> <OutPorts = 1>
ST_5 : Operation 1570 [1/1] (0.00ns)   --->   "%tmp94_cast = sext i31 %tmp94 to i32" [MathieuHelpMe/Classifier.cpp:72->MathieuHelpMe/Classifier.cpp:136]   --->   Operation 1570 'sext' 'tmp94_cast' <Predicate = (!exitcond4_i_i)> <Delay = 0.00>
ST_5 : Operation 1571 [1/1] (2.52ns)   --->   "%tmp92 = add i32 %tmp93_cast, %tmp94_cast" [MathieuHelpMe/Classifier.cpp:72->MathieuHelpMe/Classifier.cpp:136]   --->   Operation 1571 'add' 'tmp92' <Predicate = (!exitcond4_i_i)> <Delay = 2.52> <Core = "AddSub">   --->   Core 14 'AddSub' <Latency = 0> <II = 1> <Delay = 2.55> <FuncUnit> <Opcode : 'add' 'sub'> <InPorts = 2> <OutPorts = 1>
ST_5 : Operation 1572 [1/1] (2.49ns)   --->   "%tmp96 = add i31 %tmp_23_13_6_cast_i_i, %tmp_23_12_6_cast_i_i" [MathieuHelpMe/Classifier.cpp:72->MathieuHelpMe/Classifier.cpp:136]   --->   Operation 1572 'add' 'tmp96' <Predicate = (!exitcond4_i_i)> <Delay = 2.49> <Core = "AddSub">   --->   Core 14 'AddSub' <Latency = 0> <II = 1> <Delay = 2.55> <FuncUnit> <Opcode : 'add' 'sub'> <InPorts = 2> <OutPorts = 1>
ST_5 : Operation 1573 [1/1] (2.49ns)   --->   "%tmp97 = add i31 %tmp_23_15_6_cast_i_i, %tmp_23_14_6_cast_i_i" [MathieuHelpMe/Classifier.cpp:72->MathieuHelpMe/Classifier.cpp:136]   --->   Operation 1573 'add' 'tmp97' <Predicate = (!exitcond4_i_i)> <Delay = 2.49> <Core = "AddSub">   --->   Core 14 'AddSub' <Latency = 0> <II = 1> <Delay = 2.55> <FuncUnit> <Opcode : 'add' 'sub'> <InPorts = 2> <OutPorts = 1>
ST_5 : Operation 1574 [1/1] (0.00ns)   --->   "%OP1_V_15_7_i_i = sext i5 %tmp_262 to i16" [MathieuHelpMe/Classifier.cpp:71->MathieuHelpMe/Classifier.cpp:136]   --->   Operation 1574 'sext' 'OP1_V_15_7_i_i' <Predicate = (!exitcond4_i_i)> <Delay = 0.00>
ST_5 : Operation 1575 [1/1] (4.17ns)   --->   "%r_V_15_7_i_i = mul i16 %OP2_V_15_i_i, %OP1_V_15_7_i_i" [MathieuHelpMe/Classifier.cpp:71->MathieuHelpMe/Classifier.cpp:136]   --->   Operation 1575 'mul' 'r_V_15_7_i_i' <Predicate = (!exitcond4_i_i)> <Delay = 4.17> <Core = "Mul">   --->   Core 16 'Mul' <Latency = 0> <II = 1> <Delay = 3.74> <FuncUnit> <Opcode : 'mul'> <InPorts = 2> <OutPorts = 1>
ST_5 : Operation 1576 [1/1] (0.00ns)   --->   "%tmp_23_15_7_i_i = call i30 @_ssdm_op_BitConcatenate.i30.i16.i14(i16 %r_V_15_7_i_i, i14 0)" [MathieuHelpMe/Classifier.cpp:72->MathieuHelpMe/Classifier.cpp:136]   --->   Operation 1576 'bitconcatenate' 'tmp_23_15_7_i_i' <Predicate = (!exitcond4_i_i)> <Delay = 0.00>
ST_5 : Operation 1577 [1/1] (0.00ns)   --->   "%tmp_23_15_7_cast_i_i = sext i30 %tmp_23_15_7_i_i to i31" [MathieuHelpMe/Classifier.cpp:72->MathieuHelpMe/Classifier.cpp:136]   --->   Operation 1577 'sext' 'tmp_23_15_7_cast_i_i' <Predicate = (!exitcond4_i_i)> <Delay = 0.00>
ST_5 : Operation 1578 [1/1] (2.49ns)   --->   "%tmp100 = add i31 %tmp_23_1_7_cast_i_i_s, %tmp_23_0_7_cast_i_i_s" [MathieuHelpMe/Classifier.cpp:72->MathieuHelpMe/Classifier.cpp:136]   --->   Operation 1578 'add' 'tmp100' <Predicate = (!exitcond4_i_i)> <Delay = 2.49> <Core = "AddSub">   --->   Core 14 'AddSub' <Latency = 0> <II = 1> <Delay = 2.55> <FuncUnit> <Opcode : 'add' 'sub'> <InPorts = 2> <OutPorts = 1>
ST_5 : Operation 1579 [1/1] (0.00ns)   --->   "%tmp100_cast = sext i31 %tmp100 to i32" [MathieuHelpMe/Classifier.cpp:72->MathieuHelpMe/Classifier.cpp:136]   --->   Operation 1579 'sext' 'tmp100_cast' <Predicate = (!exitcond4_i_i)> <Delay = 0.00>
ST_5 : Operation 1580 [1/1] (2.49ns)   --->   "%tmp101 = add i31 %tmp_23_3_7_cast_i_i_s, %tmp_23_2_7_cast_i_i_s" [MathieuHelpMe/Classifier.cpp:72->MathieuHelpMe/Classifier.cpp:136]   --->   Operation 1580 'add' 'tmp101' <Predicate = (!exitcond4_i_i)> <Delay = 2.49> <Core = "AddSub">   --->   Core 14 'AddSub' <Latency = 0> <II = 1> <Delay = 2.55> <FuncUnit> <Opcode : 'add' 'sub'> <InPorts = 2> <OutPorts = 1>
ST_5 : Operation 1581 [1/1] (0.00ns)   --->   "%tmp101_cast = sext i31 %tmp101 to i32" [MathieuHelpMe/Classifier.cpp:72->MathieuHelpMe/Classifier.cpp:136]   --->   Operation 1581 'sext' 'tmp101_cast' <Predicate = (!exitcond4_i_i)> <Delay = 0.00>
ST_5 : Operation 1582 [1/1] (2.52ns)   --->   "%tmp99 = add i32 %tmp100_cast, %tmp101_cast" [MathieuHelpMe/Classifier.cpp:72->MathieuHelpMe/Classifier.cpp:136]   --->   Operation 1582 'add' 'tmp99' <Predicate = (!exitcond4_i_i)> <Delay = 2.52> <Core = "AddSub">   --->   Core 14 'AddSub' <Latency = 0> <II = 1> <Delay = 2.55> <FuncUnit> <Opcode : 'add' 'sub'> <InPorts = 2> <OutPorts = 1>
ST_5 : Operation 1583 [1/1] (2.49ns)   --->   "%tmp103 = add i31 %tmp_23_5_7_cast_i_i_s, %tmp_23_4_7_cast_i_i_s" [MathieuHelpMe/Classifier.cpp:72->MathieuHelpMe/Classifier.cpp:136]   --->   Operation 1583 'add' 'tmp103' <Predicate = (!exitcond4_i_i)> <Delay = 2.49> <Core = "AddSub">   --->   Core 14 'AddSub' <Latency = 0> <II = 1> <Delay = 2.55> <FuncUnit> <Opcode : 'add' 'sub'> <InPorts = 2> <OutPorts = 1>
ST_5 : Operation 1584 [1/1] (2.49ns)   --->   "%tmp104 = add i31 %tmp_23_7_7_cast_i_i_s, %tmp_23_6_7_cast_i_i_s" [MathieuHelpMe/Classifier.cpp:72->MathieuHelpMe/Classifier.cpp:136]   --->   Operation 1584 'add' 'tmp104' <Predicate = (!exitcond4_i_i)> <Delay = 2.49> <Core = "AddSub">   --->   Core 14 'AddSub' <Latency = 0> <II = 1> <Delay = 2.55> <FuncUnit> <Opcode : 'add' 'sub'> <InPorts = 2> <OutPorts = 1>
ST_5 : Operation 1585 [1/1] (2.49ns)   --->   "%tmp107 = add i31 %tmp_23_9_7_cast_i_i_s, %tmp_23_8_7_cast_i_i_s" [MathieuHelpMe/Classifier.cpp:72->MathieuHelpMe/Classifier.cpp:136]   --->   Operation 1585 'add' 'tmp107' <Predicate = (!exitcond4_i_i)> <Delay = 2.49> <Core = "AddSub">   --->   Core 14 'AddSub' <Latency = 0> <II = 1> <Delay = 2.55> <FuncUnit> <Opcode : 'add' 'sub'> <InPorts = 2> <OutPorts = 1>
ST_5 : Operation 1586 [1/1] (0.00ns)   --->   "%tmp107_cast = sext i31 %tmp107 to i32" [MathieuHelpMe/Classifier.cpp:72->MathieuHelpMe/Classifier.cpp:136]   --->   Operation 1586 'sext' 'tmp107_cast' <Predicate = (!exitcond4_i_i)> <Delay = 0.00>
ST_5 : Operation 1587 [1/1] (2.49ns)   --->   "%tmp108 = add i31 %tmp_23_11_7_cast_i_i, %tmp_23_10_7_cast_i_i" [MathieuHelpMe/Classifier.cpp:72->MathieuHelpMe/Classifier.cpp:136]   --->   Operation 1587 'add' 'tmp108' <Predicate = (!exitcond4_i_i)> <Delay = 2.49> <Core = "AddSub">   --->   Core 14 'AddSub' <Latency = 0> <II = 1> <Delay = 2.55> <FuncUnit> <Opcode : 'add' 'sub'> <InPorts = 2> <OutPorts = 1>
ST_5 : Operation 1588 [1/1] (0.00ns)   --->   "%tmp108_cast = sext i31 %tmp108 to i32" [MathieuHelpMe/Classifier.cpp:72->MathieuHelpMe/Classifier.cpp:136]   --->   Operation 1588 'sext' 'tmp108_cast' <Predicate = (!exitcond4_i_i)> <Delay = 0.00>
ST_5 : Operation 1589 [1/1] (2.52ns)   --->   "%tmp106 = add i32 %tmp107_cast, %tmp108_cast" [MathieuHelpMe/Classifier.cpp:72->MathieuHelpMe/Classifier.cpp:136]   --->   Operation 1589 'add' 'tmp106' <Predicate = (!exitcond4_i_i)> <Delay = 2.52> <Core = "AddSub">   --->   Core 14 'AddSub' <Latency = 0> <II = 1> <Delay = 2.55> <FuncUnit> <Opcode : 'add' 'sub'> <InPorts = 2> <OutPorts = 1>
ST_5 : Operation 1590 [1/1] (2.49ns)   --->   "%tmp110 = add i31 %tmp_23_13_7_cast_i_i, %tmp_23_12_7_cast_i_i" [MathieuHelpMe/Classifier.cpp:72->MathieuHelpMe/Classifier.cpp:136]   --->   Operation 1590 'add' 'tmp110' <Predicate = (!exitcond4_i_i)> <Delay = 2.49> <Core = "AddSub">   --->   Core 14 'AddSub' <Latency = 0> <II = 1> <Delay = 2.55> <FuncUnit> <Opcode : 'add' 'sub'> <InPorts = 2> <OutPorts = 1>
ST_5 : Operation 1591 [1/1] (2.49ns)   --->   "%tmp111 = add i31 %tmp_23_15_7_cast_i_i, %tmp_23_14_7_cast_i_i" [MathieuHelpMe/Classifier.cpp:72->MathieuHelpMe/Classifier.cpp:136]   --->   Operation 1591 'add' 'tmp111' <Predicate = (!exitcond4_i_i)> <Delay = 2.49> <Core = "AddSub">   --->   Core 14 'AddSub' <Latency = 0> <II = 1> <Delay = 2.55> <FuncUnit> <Opcode : 'add' 'sub'> <InPorts = 2> <OutPorts = 1>
ST_5 : Operation 1592 [1/1] (0.00ns)   --->   "%OP1_V_15_8_i_i = sext i8 %tmp_264_i_i to i16" [MathieuHelpMe/Classifier.cpp:71->MathieuHelpMe/Classifier.cpp:136]   --->   Operation 1592 'sext' 'OP1_V_15_8_i_i' <Predicate = (!exitcond4_i_i)> <Delay = 0.00>
ST_5 : Operation 1593 [1/1] (4.17ns)   --->   "%r_V_15_8_i_i = mul i16 %OP2_V_15_i_i, %OP1_V_15_8_i_i" [MathieuHelpMe/Classifier.cpp:71->MathieuHelpMe/Classifier.cpp:136]   --->   Operation 1593 'mul' 'r_V_15_8_i_i' <Predicate = (!exitcond4_i_i)> <Delay = 4.17> <Core = "Mul">   --->   Core 16 'Mul' <Latency = 0> <II = 1> <Delay = 3.74> <FuncUnit> <Opcode : 'mul'> <InPorts = 2> <OutPorts = 1>
ST_5 : Operation 1594 [1/1] (0.00ns)   --->   "%tmp_23_15_8_i_i = call i30 @_ssdm_op_BitConcatenate.i30.i16.i14(i16 %r_V_15_8_i_i, i14 0)" [MathieuHelpMe/Classifier.cpp:72->MathieuHelpMe/Classifier.cpp:136]   --->   Operation 1594 'bitconcatenate' 'tmp_23_15_8_i_i' <Predicate = (!exitcond4_i_i)> <Delay = 0.00>
ST_5 : Operation 1595 [1/1] (0.00ns)   --->   "%tmp_23_15_8_cast_i_i = sext i30 %tmp_23_15_8_i_i to i31" [MathieuHelpMe/Classifier.cpp:72->MathieuHelpMe/Classifier.cpp:136]   --->   Operation 1595 'sext' 'tmp_23_15_8_cast_i_i' <Predicate = (!exitcond4_i_i)> <Delay = 0.00>
ST_5 : Operation 1596 [1/1] (2.49ns)   --->   "%tmp114 = add i31 %tmp_23_1_8_cast_i_i_s, %tmp_23_0_8_cast_i_i_s" [MathieuHelpMe/Classifier.cpp:72->MathieuHelpMe/Classifier.cpp:136]   --->   Operation 1596 'add' 'tmp114' <Predicate = (!exitcond4_i_i)> <Delay = 2.49> <Core = "AddSub">   --->   Core 14 'AddSub' <Latency = 0> <II = 1> <Delay = 2.55> <FuncUnit> <Opcode : 'add' 'sub'> <InPorts = 2> <OutPorts = 1>
ST_5 : Operation 1597 [1/1] (0.00ns)   --->   "%tmp114_cast = sext i31 %tmp114 to i32" [MathieuHelpMe/Classifier.cpp:72->MathieuHelpMe/Classifier.cpp:136]   --->   Operation 1597 'sext' 'tmp114_cast' <Predicate = (!exitcond4_i_i)> <Delay = 0.00>
ST_5 : Operation 1598 [1/1] (2.49ns)   --->   "%tmp115 = add i31 %tmp_23_3_8_cast_i_i_s, %tmp_23_2_8_cast_i_i_s" [MathieuHelpMe/Classifier.cpp:72->MathieuHelpMe/Classifier.cpp:136]   --->   Operation 1598 'add' 'tmp115' <Predicate = (!exitcond4_i_i)> <Delay = 2.49> <Core = "AddSub">   --->   Core 14 'AddSub' <Latency = 0> <II = 1> <Delay = 2.55> <FuncUnit> <Opcode : 'add' 'sub'> <InPorts = 2> <OutPorts = 1>
ST_5 : Operation 1599 [1/1] (0.00ns)   --->   "%tmp115_cast = sext i31 %tmp115 to i32" [MathieuHelpMe/Classifier.cpp:72->MathieuHelpMe/Classifier.cpp:136]   --->   Operation 1599 'sext' 'tmp115_cast' <Predicate = (!exitcond4_i_i)> <Delay = 0.00>
ST_5 : Operation 1600 [1/1] (2.52ns)   --->   "%tmp113 = add i32 %tmp114_cast, %tmp115_cast" [MathieuHelpMe/Classifier.cpp:72->MathieuHelpMe/Classifier.cpp:136]   --->   Operation 1600 'add' 'tmp113' <Predicate = (!exitcond4_i_i)> <Delay = 2.52> <Core = "AddSub">   --->   Core 14 'AddSub' <Latency = 0> <II = 1> <Delay = 2.55> <FuncUnit> <Opcode : 'add' 'sub'> <InPorts = 2> <OutPorts = 1>
ST_5 : Operation 1601 [1/1] (2.49ns)   --->   "%tmp117 = add i31 %tmp_23_5_8_cast_i_i_s, %tmp_23_4_8_cast_i_i_s" [MathieuHelpMe/Classifier.cpp:72->MathieuHelpMe/Classifier.cpp:136]   --->   Operation 1601 'add' 'tmp117' <Predicate = (!exitcond4_i_i)> <Delay = 2.49> <Core = "AddSub">   --->   Core 14 'AddSub' <Latency = 0> <II = 1> <Delay = 2.55> <FuncUnit> <Opcode : 'add' 'sub'> <InPorts = 2> <OutPorts = 1>
ST_5 : Operation 1602 [1/1] (2.49ns)   --->   "%tmp118 = add i31 %tmp_23_7_8_cast_i_i_s, %tmp_23_6_8_cast_i_i_s" [MathieuHelpMe/Classifier.cpp:72->MathieuHelpMe/Classifier.cpp:136]   --->   Operation 1602 'add' 'tmp118' <Predicate = (!exitcond4_i_i)> <Delay = 2.49> <Core = "AddSub">   --->   Core 14 'AddSub' <Latency = 0> <II = 1> <Delay = 2.55> <FuncUnit> <Opcode : 'add' 'sub'> <InPorts = 2> <OutPorts = 1>
ST_5 : Operation 1603 [1/1] (2.49ns)   --->   "%tmp121 = add i31 %tmp_23_9_8_cast_i_i_s, %tmp_23_8_8_cast_i_i_s" [MathieuHelpMe/Classifier.cpp:72->MathieuHelpMe/Classifier.cpp:136]   --->   Operation 1603 'add' 'tmp121' <Predicate = (!exitcond4_i_i)> <Delay = 2.49> <Core = "AddSub">   --->   Core 14 'AddSub' <Latency = 0> <II = 1> <Delay = 2.55> <FuncUnit> <Opcode : 'add' 'sub'> <InPorts = 2> <OutPorts = 1>
ST_5 : Operation 1604 [1/1] (0.00ns)   --->   "%tmp121_cast = sext i31 %tmp121 to i32" [MathieuHelpMe/Classifier.cpp:72->MathieuHelpMe/Classifier.cpp:136]   --->   Operation 1604 'sext' 'tmp121_cast' <Predicate = (!exitcond4_i_i)> <Delay = 0.00>
ST_5 : Operation 1605 [1/1] (2.49ns)   --->   "%tmp122 = add i31 %tmp_23_11_8_cast_i_i, %tmp_23_10_8_cast_i_i" [MathieuHelpMe/Classifier.cpp:72->MathieuHelpMe/Classifier.cpp:136]   --->   Operation 1605 'add' 'tmp122' <Predicate = (!exitcond4_i_i)> <Delay = 2.49> <Core = "AddSub">   --->   Core 14 'AddSub' <Latency = 0> <II = 1> <Delay = 2.55> <FuncUnit> <Opcode : 'add' 'sub'> <InPorts = 2> <OutPorts = 1>
ST_5 : Operation 1606 [1/1] (0.00ns)   --->   "%tmp122_cast = sext i31 %tmp122 to i32" [MathieuHelpMe/Classifier.cpp:72->MathieuHelpMe/Classifier.cpp:136]   --->   Operation 1606 'sext' 'tmp122_cast' <Predicate = (!exitcond4_i_i)> <Delay = 0.00>
ST_5 : Operation 1607 [1/1] (2.52ns)   --->   "%tmp120 = add i32 %tmp121_cast, %tmp122_cast" [MathieuHelpMe/Classifier.cpp:72->MathieuHelpMe/Classifier.cpp:136]   --->   Operation 1607 'add' 'tmp120' <Predicate = (!exitcond4_i_i)> <Delay = 2.52> <Core = "AddSub">   --->   Core 14 'AddSub' <Latency = 0> <II = 1> <Delay = 2.55> <FuncUnit> <Opcode : 'add' 'sub'> <InPorts = 2> <OutPorts = 1>
ST_5 : Operation 1608 [1/1] (2.49ns)   --->   "%tmp124 = add i31 %tmp_23_13_8_cast_i_i, %tmp_23_12_8_cast_i_i" [MathieuHelpMe/Classifier.cpp:72->MathieuHelpMe/Classifier.cpp:136]   --->   Operation 1608 'add' 'tmp124' <Predicate = (!exitcond4_i_i)> <Delay = 2.49> <Core = "AddSub">   --->   Core 14 'AddSub' <Latency = 0> <II = 1> <Delay = 2.55> <FuncUnit> <Opcode : 'add' 'sub'> <InPorts = 2> <OutPorts = 1>
ST_5 : Operation 1609 [1/1] (2.49ns)   --->   "%tmp125 = add i31 %tmp_23_15_8_cast_i_i, %tmp_23_14_8_cast_i_i" [MathieuHelpMe/Classifier.cpp:72->MathieuHelpMe/Classifier.cpp:136]   --->   Operation 1609 'add' 'tmp125' <Predicate = (!exitcond4_i_i)> <Delay = 2.49> <Core = "AddSub">   --->   Core 14 'AddSub' <Latency = 0> <II = 1> <Delay = 2.55> <FuncUnit> <Opcode : 'add' 'sub'> <InPorts = 2> <OutPorts = 1>
ST_5 : Operation 1610 [1/1] (0.00ns)   --->   "%OP1_V_15_9_i_i = sext i6 %tmp_263 to i16" [MathieuHelpMe/Classifier.cpp:71->MathieuHelpMe/Classifier.cpp:136]   --->   Operation 1610 'sext' 'OP1_V_15_9_i_i' <Predicate = (!exitcond4_i_i)> <Delay = 0.00>
ST_5 : Operation 1611 [1/1] (4.17ns)   --->   "%r_V_15_9_i_i = mul i16 %OP2_V_15_i_i, %OP1_V_15_9_i_i" [MathieuHelpMe/Classifier.cpp:71->MathieuHelpMe/Classifier.cpp:136]   --->   Operation 1611 'mul' 'r_V_15_9_i_i' <Predicate = (!exitcond4_i_i)> <Delay = 4.17> <Core = "Mul">   --->   Core 16 'Mul' <Latency = 0> <II = 1> <Delay = 3.74> <FuncUnit> <Opcode : 'mul'> <InPorts = 2> <OutPorts = 1>
ST_5 : Operation 1612 [1/1] (0.00ns)   --->   "%tmp_23_15_9_i_i = call i30 @_ssdm_op_BitConcatenate.i30.i16.i14(i16 %r_V_15_9_i_i, i14 0)" [MathieuHelpMe/Classifier.cpp:72->MathieuHelpMe/Classifier.cpp:136]   --->   Operation 1612 'bitconcatenate' 'tmp_23_15_9_i_i' <Predicate = (!exitcond4_i_i)> <Delay = 0.00>
ST_5 : Operation 1613 [1/1] (0.00ns)   --->   "%tmp_23_15_9_cast_i_i = sext i30 %tmp_23_15_9_i_i to i31" [MathieuHelpMe/Classifier.cpp:72->MathieuHelpMe/Classifier.cpp:136]   --->   Operation 1613 'sext' 'tmp_23_15_9_cast_i_i' <Predicate = (!exitcond4_i_i)> <Delay = 0.00>
ST_5 : Operation 1614 [1/1] (2.49ns)   --->   "%tmp128 = add i31 %tmp_23_1_9_cast_i_i_s, %tmp_23_0_9_cast_i_i_s" [MathieuHelpMe/Classifier.cpp:72->MathieuHelpMe/Classifier.cpp:136]   --->   Operation 1614 'add' 'tmp128' <Predicate = (!exitcond4_i_i)> <Delay = 2.49> <Core = "AddSub">   --->   Core 14 'AddSub' <Latency = 0> <II = 1> <Delay = 2.55> <FuncUnit> <Opcode : 'add' 'sub'> <InPorts = 2> <OutPorts = 1>
ST_5 : Operation 1615 [1/1] (0.00ns)   --->   "%tmp128_cast = sext i31 %tmp128 to i32" [MathieuHelpMe/Classifier.cpp:72->MathieuHelpMe/Classifier.cpp:136]   --->   Operation 1615 'sext' 'tmp128_cast' <Predicate = (!exitcond4_i_i)> <Delay = 0.00>
ST_5 : Operation 1616 [1/1] (2.49ns)   --->   "%tmp129 = add i31 %tmp_23_3_9_cast_i_i_s, %tmp_23_2_9_cast_i_i_s" [MathieuHelpMe/Classifier.cpp:72->MathieuHelpMe/Classifier.cpp:136]   --->   Operation 1616 'add' 'tmp129' <Predicate = (!exitcond4_i_i)> <Delay = 2.49> <Core = "AddSub">   --->   Core 14 'AddSub' <Latency = 0> <II = 1> <Delay = 2.55> <FuncUnit> <Opcode : 'add' 'sub'> <InPorts = 2> <OutPorts = 1>
ST_5 : Operation 1617 [1/1] (0.00ns)   --->   "%tmp129_cast = sext i31 %tmp129 to i32" [MathieuHelpMe/Classifier.cpp:72->MathieuHelpMe/Classifier.cpp:136]   --->   Operation 1617 'sext' 'tmp129_cast' <Predicate = (!exitcond4_i_i)> <Delay = 0.00>
ST_5 : Operation 1618 [1/1] (2.52ns)   --->   "%tmp127 = add i32 %tmp128_cast, %tmp129_cast" [MathieuHelpMe/Classifier.cpp:72->MathieuHelpMe/Classifier.cpp:136]   --->   Operation 1618 'add' 'tmp127' <Predicate = (!exitcond4_i_i)> <Delay = 2.52> <Core = "AddSub">   --->   Core 14 'AddSub' <Latency = 0> <II = 1> <Delay = 2.55> <FuncUnit> <Opcode : 'add' 'sub'> <InPorts = 2> <OutPorts = 1>
ST_5 : Operation 1619 [1/1] (2.49ns)   --->   "%tmp131 = add i31 %tmp_23_5_9_cast_i_i_s, %tmp_23_4_9_cast_i_i_s" [MathieuHelpMe/Classifier.cpp:72->MathieuHelpMe/Classifier.cpp:136]   --->   Operation 1619 'add' 'tmp131' <Predicate = (!exitcond4_i_i)> <Delay = 2.49> <Core = "AddSub">   --->   Core 14 'AddSub' <Latency = 0> <II = 1> <Delay = 2.55> <FuncUnit> <Opcode : 'add' 'sub'> <InPorts = 2> <OutPorts = 1>
ST_5 : Operation 1620 [1/1] (2.49ns)   --->   "%tmp132 = add i31 %tmp_23_7_9_cast_i_i_s, %tmp_23_6_9_cast_i_i_s" [MathieuHelpMe/Classifier.cpp:72->MathieuHelpMe/Classifier.cpp:136]   --->   Operation 1620 'add' 'tmp132' <Predicate = (!exitcond4_i_i)> <Delay = 2.49> <Core = "AddSub">   --->   Core 14 'AddSub' <Latency = 0> <II = 1> <Delay = 2.55> <FuncUnit> <Opcode : 'add' 'sub'> <InPorts = 2> <OutPorts = 1>
ST_5 : Operation 1621 [1/1] (2.49ns)   --->   "%tmp135 = add i31 %tmp_23_9_9_cast_i_i_s, %tmp_23_8_9_cast_i_i_s" [MathieuHelpMe/Classifier.cpp:72->MathieuHelpMe/Classifier.cpp:136]   --->   Operation 1621 'add' 'tmp135' <Predicate = (!exitcond4_i_i)> <Delay = 2.49> <Core = "AddSub">   --->   Core 14 'AddSub' <Latency = 0> <II = 1> <Delay = 2.55> <FuncUnit> <Opcode : 'add' 'sub'> <InPorts = 2> <OutPorts = 1>
ST_5 : Operation 1622 [1/1] (0.00ns)   --->   "%tmp135_cast = sext i31 %tmp135 to i32" [MathieuHelpMe/Classifier.cpp:72->MathieuHelpMe/Classifier.cpp:136]   --->   Operation 1622 'sext' 'tmp135_cast' <Predicate = (!exitcond4_i_i)> <Delay = 0.00>
ST_5 : Operation 1623 [1/1] (2.49ns)   --->   "%tmp136 = add i31 %tmp_23_11_9_cast_i_i, %tmp_23_10_9_cast_i_i" [MathieuHelpMe/Classifier.cpp:72->MathieuHelpMe/Classifier.cpp:136]   --->   Operation 1623 'add' 'tmp136' <Predicate = (!exitcond4_i_i)> <Delay = 2.49> <Core = "AddSub">   --->   Core 14 'AddSub' <Latency = 0> <II = 1> <Delay = 2.55> <FuncUnit> <Opcode : 'add' 'sub'> <InPorts = 2> <OutPorts = 1>
ST_5 : Operation 1624 [1/1] (0.00ns)   --->   "%tmp136_cast = sext i31 %tmp136 to i32" [MathieuHelpMe/Classifier.cpp:72->MathieuHelpMe/Classifier.cpp:136]   --->   Operation 1624 'sext' 'tmp136_cast' <Predicate = (!exitcond4_i_i)> <Delay = 0.00>
ST_5 : Operation 1625 [1/1] (2.52ns)   --->   "%tmp134 = add i32 %tmp135_cast, %tmp136_cast" [MathieuHelpMe/Classifier.cpp:72->MathieuHelpMe/Classifier.cpp:136]   --->   Operation 1625 'add' 'tmp134' <Predicate = (!exitcond4_i_i)> <Delay = 2.52> <Core = "AddSub">   --->   Core 14 'AddSub' <Latency = 0> <II = 1> <Delay = 2.55> <FuncUnit> <Opcode : 'add' 'sub'> <InPorts = 2> <OutPorts = 1>
ST_5 : Operation 1626 [1/1] (2.49ns)   --->   "%tmp138 = add i31 %tmp_23_13_9_cast_i_i, %tmp_23_12_9_cast_i_i" [MathieuHelpMe/Classifier.cpp:72->MathieuHelpMe/Classifier.cpp:136]   --->   Operation 1626 'add' 'tmp138' <Predicate = (!exitcond4_i_i)> <Delay = 2.49> <Core = "AddSub">   --->   Core 14 'AddSub' <Latency = 0> <II = 1> <Delay = 2.55> <FuncUnit> <Opcode : 'add' 'sub'> <InPorts = 2> <OutPorts = 1>
ST_5 : Operation 1627 [1/1] (2.49ns)   --->   "%tmp139 = add i31 %tmp_23_15_9_cast_i_i, %tmp_23_14_9_cast_i_i" [MathieuHelpMe/Classifier.cpp:72->MathieuHelpMe/Classifier.cpp:136]   --->   Operation 1627 'add' 'tmp139' <Predicate = (!exitcond4_i_i)> <Delay = 2.49> <Core = "AddSub">   --->   Core 14 'AddSub' <Latency = 0> <II = 1> <Delay = 2.55> <FuncUnit> <Opcode : 'add' 'sub'> <InPorts = 2> <OutPorts = 1>
ST_5 : Operation 1628 [1/1] (0.00ns)   --->   "%OP1_V_15_i_i_78 = sext i5 %tmp_264 to i16" [MathieuHelpMe/Classifier.cpp:71->MathieuHelpMe/Classifier.cpp:136]   --->   Operation 1628 'sext' 'OP1_V_15_i_i_78' <Predicate = (!exitcond4_i_i)> <Delay = 0.00>
ST_5 : Operation 1629 [1/1] (4.17ns)   --->   "%r_V_15_i_i_79 = mul i16 %OP2_V_15_i_i, %OP1_V_15_i_i_78" [MathieuHelpMe/Classifier.cpp:71->MathieuHelpMe/Classifier.cpp:136]   --->   Operation 1629 'mul' 'r_V_15_i_i_79' <Predicate = (!exitcond4_i_i)> <Delay = 4.17> <Core = "Mul">   --->   Core 16 'Mul' <Latency = 0> <II = 1> <Delay = 3.74> <FuncUnit> <Opcode : 'mul'> <InPorts = 2> <OutPorts = 1>
ST_5 : Operation 1630 [1/1] (0.00ns)   --->   "%tmp_23_15_i_i_80 = call i30 @_ssdm_op_BitConcatenate.i30.i16.i14(i16 %r_V_15_i_i_79, i14 0)" [MathieuHelpMe/Classifier.cpp:72->MathieuHelpMe/Classifier.cpp:136]   --->   Operation 1630 'bitconcatenate' 'tmp_23_15_i_i_80' <Predicate = (!exitcond4_i_i)> <Delay = 0.00>
ST_5 : Operation 1631 [1/1] (0.00ns)   --->   "%tmp_23_15_cast_i_i_s = sext i30 %tmp_23_15_i_i_80 to i31" [MathieuHelpMe/Classifier.cpp:72->MathieuHelpMe/Classifier.cpp:136]   --->   Operation 1631 'sext' 'tmp_23_15_cast_i_i_s' <Predicate = (!exitcond4_i_i)> <Delay = 0.00>
ST_5 : Operation 1632 [1/1] (2.49ns)   --->   "%tmp142 = add i31 %tmp_23_1_cast_i_i_c, %tmp_23_0_cast_i_i_c" [MathieuHelpMe/Classifier.cpp:72->MathieuHelpMe/Classifier.cpp:136]   --->   Operation 1632 'add' 'tmp142' <Predicate = (!exitcond4_i_i)> <Delay = 2.49> <Core = "AddSub">   --->   Core 14 'AddSub' <Latency = 0> <II = 1> <Delay = 2.55> <FuncUnit> <Opcode : 'add' 'sub'> <InPorts = 2> <OutPorts = 1>
ST_5 : Operation 1633 [1/1] (0.00ns)   --->   "%tmp142_cast = sext i31 %tmp142 to i32" [MathieuHelpMe/Classifier.cpp:72->MathieuHelpMe/Classifier.cpp:136]   --->   Operation 1633 'sext' 'tmp142_cast' <Predicate = (!exitcond4_i_i)> <Delay = 0.00>
ST_5 : Operation 1634 [1/1] (2.49ns)   --->   "%tmp143 = add i31 %tmp_23_3_cast_i_i_c, %tmp_23_2_cast_i_i_c" [MathieuHelpMe/Classifier.cpp:72->MathieuHelpMe/Classifier.cpp:136]   --->   Operation 1634 'add' 'tmp143' <Predicate = (!exitcond4_i_i)> <Delay = 2.49> <Core = "AddSub">   --->   Core 14 'AddSub' <Latency = 0> <II = 1> <Delay = 2.55> <FuncUnit> <Opcode : 'add' 'sub'> <InPorts = 2> <OutPorts = 1>
ST_5 : Operation 1635 [1/1] (0.00ns)   --->   "%tmp143_cast = sext i31 %tmp143 to i32" [MathieuHelpMe/Classifier.cpp:72->MathieuHelpMe/Classifier.cpp:136]   --->   Operation 1635 'sext' 'tmp143_cast' <Predicate = (!exitcond4_i_i)> <Delay = 0.00>
ST_5 : Operation 1636 [1/1] (2.52ns)   --->   "%tmp141 = add i32 %tmp142_cast, %tmp143_cast" [MathieuHelpMe/Classifier.cpp:72->MathieuHelpMe/Classifier.cpp:136]   --->   Operation 1636 'add' 'tmp141' <Predicate = (!exitcond4_i_i)> <Delay = 2.52> <Core = "AddSub">   --->   Core 14 'AddSub' <Latency = 0> <II = 1> <Delay = 2.55> <FuncUnit> <Opcode : 'add' 'sub'> <InPorts = 2> <OutPorts = 1>
ST_5 : Operation 1637 [1/1] (2.49ns)   --->   "%tmp145 = add i31 %tmp_23_5_cast_i_i_c, %tmp_23_4_cast_i_i_c" [MathieuHelpMe/Classifier.cpp:72->MathieuHelpMe/Classifier.cpp:136]   --->   Operation 1637 'add' 'tmp145' <Predicate = (!exitcond4_i_i)> <Delay = 2.49> <Core = "AddSub">   --->   Core 14 'AddSub' <Latency = 0> <II = 1> <Delay = 2.55> <FuncUnit> <Opcode : 'add' 'sub'> <InPorts = 2> <OutPorts = 1>
ST_5 : Operation 1638 [1/1] (2.49ns)   --->   "%tmp146 = add i31 %tmp_23_7_cast_i_i_c, %tmp_23_6_cast_i_i_c" [MathieuHelpMe/Classifier.cpp:72->MathieuHelpMe/Classifier.cpp:136]   --->   Operation 1638 'add' 'tmp146' <Predicate = (!exitcond4_i_i)> <Delay = 2.49> <Core = "AddSub">   --->   Core 14 'AddSub' <Latency = 0> <II = 1> <Delay = 2.55> <FuncUnit> <Opcode : 'add' 'sub'> <InPorts = 2> <OutPorts = 1>
ST_5 : Operation 1639 [1/1] (2.49ns)   --->   "%tmp149 = add i31 %tmp_23_9_cast_i_i_c, %tmp_23_8_cast_i_i_c" [MathieuHelpMe/Classifier.cpp:72->MathieuHelpMe/Classifier.cpp:136]   --->   Operation 1639 'add' 'tmp149' <Predicate = (!exitcond4_i_i)> <Delay = 2.49> <Core = "AddSub">   --->   Core 14 'AddSub' <Latency = 0> <II = 1> <Delay = 2.55> <FuncUnit> <Opcode : 'add' 'sub'> <InPorts = 2> <OutPorts = 1>
ST_5 : Operation 1640 [1/1] (0.00ns)   --->   "%tmp149_cast = sext i31 %tmp149 to i32" [MathieuHelpMe/Classifier.cpp:72->MathieuHelpMe/Classifier.cpp:136]   --->   Operation 1640 'sext' 'tmp149_cast' <Predicate = (!exitcond4_i_i)> <Delay = 0.00>
ST_5 : Operation 1641 [1/1] (2.49ns)   --->   "%tmp150 = add i31 %tmp_23_11_cast_i_i_s, %tmp_23_10_cast_i_i_s" [MathieuHelpMe/Classifier.cpp:72->MathieuHelpMe/Classifier.cpp:136]   --->   Operation 1641 'add' 'tmp150' <Predicate = (!exitcond4_i_i)> <Delay = 2.49> <Core = "AddSub">   --->   Core 14 'AddSub' <Latency = 0> <II = 1> <Delay = 2.55> <FuncUnit> <Opcode : 'add' 'sub'> <InPorts = 2> <OutPorts = 1>
ST_5 : Operation 1642 [1/1] (0.00ns)   --->   "%tmp150_cast = sext i31 %tmp150 to i32" [MathieuHelpMe/Classifier.cpp:72->MathieuHelpMe/Classifier.cpp:136]   --->   Operation 1642 'sext' 'tmp150_cast' <Predicate = (!exitcond4_i_i)> <Delay = 0.00>
ST_5 : Operation 1643 [1/1] (2.52ns)   --->   "%tmp148 = add i32 %tmp149_cast, %tmp150_cast" [MathieuHelpMe/Classifier.cpp:72->MathieuHelpMe/Classifier.cpp:136]   --->   Operation 1643 'add' 'tmp148' <Predicate = (!exitcond4_i_i)> <Delay = 2.52> <Core = "AddSub">   --->   Core 14 'AddSub' <Latency = 0> <II = 1> <Delay = 2.55> <FuncUnit> <Opcode : 'add' 'sub'> <InPorts = 2> <OutPorts = 1>
ST_5 : Operation 1644 [1/1] (2.49ns)   --->   "%tmp152 = add i31 %tmp_23_13_cast_i_i_s, %tmp_23_12_cast_i_i_s" [MathieuHelpMe/Classifier.cpp:72->MathieuHelpMe/Classifier.cpp:136]   --->   Operation 1644 'add' 'tmp152' <Predicate = (!exitcond4_i_i)> <Delay = 2.49> <Core = "AddSub">   --->   Core 14 'AddSub' <Latency = 0> <II = 1> <Delay = 2.55> <FuncUnit> <Opcode : 'add' 'sub'> <InPorts = 2> <OutPorts = 1>
ST_5 : Operation 1645 [1/1] (2.49ns)   --->   "%tmp153 = add i31 %tmp_23_15_cast_i_i_s, %tmp_23_14_cast_i_i_s" [MathieuHelpMe/Classifier.cpp:72->MathieuHelpMe/Classifier.cpp:136]   --->   Operation 1645 'add' 'tmp153' <Predicate = (!exitcond4_i_i)> <Delay = 2.49> <Core = "AddSub">   --->   Core 14 'AddSub' <Latency = 0> <II = 1> <Delay = 2.55> <FuncUnit> <Opcode : 'add' 'sub'> <InPorts = 2> <OutPorts = 1>
ST_5 : Operation 1646 [1/1] (0.00ns)   --->   "%OP1_V_15_10_i_i = sext i5 %tmp_265 to i16" [MathieuHelpMe/Classifier.cpp:71->MathieuHelpMe/Classifier.cpp:136]   --->   Operation 1646 'sext' 'OP1_V_15_10_i_i' <Predicate = (!exitcond4_i_i)> <Delay = 0.00>
ST_5 : Operation 1647 [1/1] (4.17ns)   --->   "%r_V_15_10_i_i = mul i16 %OP2_V_15_i_i, %OP1_V_15_10_i_i" [MathieuHelpMe/Classifier.cpp:71->MathieuHelpMe/Classifier.cpp:136]   --->   Operation 1647 'mul' 'r_V_15_10_i_i' <Predicate = (!exitcond4_i_i)> <Delay = 4.17> <Core = "Mul">   --->   Core 16 'Mul' <Latency = 0> <II = 1> <Delay = 3.74> <FuncUnit> <Opcode : 'mul'> <InPorts = 2> <OutPorts = 1>
ST_5 : Operation 1648 [1/1] (0.00ns)   --->   "%tmp_23_15_10_i_i = call i30 @_ssdm_op_BitConcatenate.i30.i16.i14(i16 %r_V_15_10_i_i, i14 0)" [MathieuHelpMe/Classifier.cpp:72->MathieuHelpMe/Classifier.cpp:136]   --->   Operation 1648 'bitconcatenate' 'tmp_23_15_10_i_i' <Predicate = (!exitcond4_i_i)> <Delay = 0.00>
ST_5 : Operation 1649 [1/1] (0.00ns)   --->   "%tmp_23_15_10_cast_i_s = sext i30 %tmp_23_15_10_i_i to i31" [MathieuHelpMe/Classifier.cpp:72->MathieuHelpMe/Classifier.cpp:136]   --->   Operation 1649 'sext' 'tmp_23_15_10_cast_i_s' <Predicate = (!exitcond4_i_i)> <Delay = 0.00>
ST_5 : Operation 1650 [1/1] (2.49ns)   --->   "%tmp156 = add i31 %tmp_23_1_10_cast_i_i, %tmp_23_0_10_cast_i_i" [MathieuHelpMe/Classifier.cpp:72->MathieuHelpMe/Classifier.cpp:136]   --->   Operation 1650 'add' 'tmp156' <Predicate = (!exitcond4_i_i)> <Delay = 2.49> <Core = "AddSub">   --->   Core 14 'AddSub' <Latency = 0> <II = 1> <Delay = 2.55> <FuncUnit> <Opcode : 'add' 'sub'> <InPorts = 2> <OutPorts = 1>
ST_5 : Operation 1651 [1/1] (0.00ns)   --->   "%tmp156_cast = sext i31 %tmp156 to i32" [MathieuHelpMe/Classifier.cpp:72->MathieuHelpMe/Classifier.cpp:136]   --->   Operation 1651 'sext' 'tmp156_cast' <Predicate = (!exitcond4_i_i)> <Delay = 0.00>
ST_5 : Operation 1652 [1/1] (2.49ns)   --->   "%tmp157 = add i31 %tmp_23_3_10_cast_i_i, %tmp_23_2_10_cast_i_i" [MathieuHelpMe/Classifier.cpp:72->MathieuHelpMe/Classifier.cpp:136]   --->   Operation 1652 'add' 'tmp157' <Predicate = (!exitcond4_i_i)> <Delay = 2.49> <Core = "AddSub">   --->   Core 14 'AddSub' <Latency = 0> <II = 1> <Delay = 2.55> <FuncUnit> <Opcode : 'add' 'sub'> <InPorts = 2> <OutPorts = 1>
ST_5 : Operation 1653 [1/1] (0.00ns)   --->   "%tmp157_cast = sext i31 %tmp157 to i32" [MathieuHelpMe/Classifier.cpp:72->MathieuHelpMe/Classifier.cpp:136]   --->   Operation 1653 'sext' 'tmp157_cast' <Predicate = (!exitcond4_i_i)> <Delay = 0.00>
ST_5 : Operation 1654 [1/1] (2.52ns)   --->   "%tmp155 = add i32 %tmp156_cast, %tmp157_cast" [MathieuHelpMe/Classifier.cpp:72->MathieuHelpMe/Classifier.cpp:136]   --->   Operation 1654 'add' 'tmp155' <Predicate = (!exitcond4_i_i)> <Delay = 2.52> <Core = "AddSub">   --->   Core 14 'AddSub' <Latency = 0> <II = 1> <Delay = 2.55> <FuncUnit> <Opcode : 'add' 'sub'> <InPorts = 2> <OutPorts = 1>
ST_5 : Operation 1655 [1/1] (2.49ns)   --->   "%tmp159 = add i31 %tmp_23_5_10_cast_i_i, %tmp_23_4_10_cast_i_i" [MathieuHelpMe/Classifier.cpp:72->MathieuHelpMe/Classifier.cpp:136]   --->   Operation 1655 'add' 'tmp159' <Predicate = (!exitcond4_i_i)> <Delay = 2.49> <Core = "AddSub">   --->   Core 14 'AddSub' <Latency = 0> <II = 1> <Delay = 2.55> <FuncUnit> <Opcode : 'add' 'sub'> <InPorts = 2> <OutPorts = 1>
ST_5 : Operation 1656 [1/1] (2.49ns)   --->   "%tmp160 = add i31 %tmp_23_7_10_cast_i_i, %tmp_23_6_10_cast_i_i" [MathieuHelpMe/Classifier.cpp:72->MathieuHelpMe/Classifier.cpp:136]   --->   Operation 1656 'add' 'tmp160' <Predicate = (!exitcond4_i_i)> <Delay = 2.49> <Core = "AddSub">   --->   Core 14 'AddSub' <Latency = 0> <II = 1> <Delay = 2.55> <FuncUnit> <Opcode : 'add' 'sub'> <InPorts = 2> <OutPorts = 1>
ST_5 : Operation 1657 [1/1] (2.49ns)   --->   "%tmp163 = add i31 %tmp_23_9_10_cast_i_i, %tmp_23_8_10_cast_i_i" [MathieuHelpMe/Classifier.cpp:72->MathieuHelpMe/Classifier.cpp:136]   --->   Operation 1657 'add' 'tmp163' <Predicate = (!exitcond4_i_i)> <Delay = 2.49> <Core = "AddSub">   --->   Core 14 'AddSub' <Latency = 0> <II = 1> <Delay = 2.55> <FuncUnit> <Opcode : 'add' 'sub'> <InPorts = 2> <OutPorts = 1>
ST_5 : Operation 1658 [1/1] (0.00ns)   --->   "%tmp163_cast = sext i31 %tmp163 to i32" [MathieuHelpMe/Classifier.cpp:72->MathieuHelpMe/Classifier.cpp:136]   --->   Operation 1658 'sext' 'tmp163_cast' <Predicate = (!exitcond4_i_i)> <Delay = 0.00>
ST_5 : Operation 1659 [1/1] (2.49ns)   --->   "%tmp164 = add i31 %tmp_23_11_10_cast_i_s, %tmp_23_10_10_cast_i_s" [MathieuHelpMe/Classifier.cpp:72->MathieuHelpMe/Classifier.cpp:136]   --->   Operation 1659 'add' 'tmp164' <Predicate = (!exitcond4_i_i)> <Delay = 2.49> <Core = "AddSub">   --->   Core 14 'AddSub' <Latency = 0> <II = 1> <Delay = 2.55> <FuncUnit> <Opcode : 'add' 'sub'> <InPorts = 2> <OutPorts = 1>
ST_5 : Operation 1660 [1/1] (0.00ns)   --->   "%tmp164_cast = sext i31 %tmp164 to i32" [MathieuHelpMe/Classifier.cpp:72->MathieuHelpMe/Classifier.cpp:136]   --->   Operation 1660 'sext' 'tmp164_cast' <Predicate = (!exitcond4_i_i)> <Delay = 0.00>
ST_5 : Operation 1661 [1/1] (2.52ns)   --->   "%tmp162 = add i32 %tmp163_cast, %tmp164_cast" [MathieuHelpMe/Classifier.cpp:72->MathieuHelpMe/Classifier.cpp:136]   --->   Operation 1661 'add' 'tmp162' <Predicate = (!exitcond4_i_i)> <Delay = 2.52> <Core = "AddSub">   --->   Core 14 'AddSub' <Latency = 0> <II = 1> <Delay = 2.55> <FuncUnit> <Opcode : 'add' 'sub'> <InPorts = 2> <OutPorts = 1>
ST_5 : Operation 1662 [1/1] (2.49ns)   --->   "%tmp166 = add i31 %tmp_23_13_10_cast_i_s, %tmp_23_12_10_cast_i_s" [MathieuHelpMe/Classifier.cpp:72->MathieuHelpMe/Classifier.cpp:136]   --->   Operation 1662 'add' 'tmp166' <Predicate = (!exitcond4_i_i)> <Delay = 2.49> <Core = "AddSub">   --->   Core 14 'AddSub' <Latency = 0> <II = 1> <Delay = 2.55> <FuncUnit> <Opcode : 'add' 'sub'> <InPorts = 2> <OutPorts = 1>
ST_5 : Operation 1663 [1/1] (2.49ns)   --->   "%tmp167 = add i31 %tmp_23_15_10_cast_i_s, %tmp_23_14_10_cast_i_s" [MathieuHelpMe/Classifier.cpp:72->MathieuHelpMe/Classifier.cpp:136]   --->   Operation 1663 'add' 'tmp167' <Predicate = (!exitcond4_i_i)> <Delay = 2.49> <Core = "AddSub">   --->   Core 14 'AddSub' <Latency = 0> <II = 1> <Delay = 2.55> <FuncUnit> <Opcode : 'add' 'sub'> <InPorts = 2> <OutPorts = 1>
ST_5 : Operation 1664 [1/1] (0.00ns)   --->   "%OP1_V_15_11_i_i = sext i6 %tmp_266 to i16" [MathieuHelpMe/Classifier.cpp:71->MathieuHelpMe/Classifier.cpp:136]   --->   Operation 1664 'sext' 'OP1_V_15_11_i_i' <Predicate = (!exitcond4_i_i)> <Delay = 0.00>
ST_5 : Operation 1665 [1/1] (4.17ns)   --->   "%r_V_15_11_i_i = mul i16 %OP2_V_15_i_i, %OP1_V_15_11_i_i" [MathieuHelpMe/Classifier.cpp:71->MathieuHelpMe/Classifier.cpp:136]   --->   Operation 1665 'mul' 'r_V_15_11_i_i' <Predicate = (!exitcond4_i_i)> <Delay = 4.17> <Core = "Mul">   --->   Core 16 'Mul' <Latency = 0> <II = 1> <Delay = 3.74> <FuncUnit> <Opcode : 'mul'> <InPorts = 2> <OutPorts = 1>
ST_5 : Operation 1666 [1/1] (0.00ns)   --->   "%tmp_23_15_11_i_i = call i30 @_ssdm_op_BitConcatenate.i30.i16.i14(i16 %r_V_15_11_i_i, i14 0)" [MathieuHelpMe/Classifier.cpp:72->MathieuHelpMe/Classifier.cpp:136]   --->   Operation 1666 'bitconcatenate' 'tmp_23_15_11_i_i' <Predicate = (!exitcond4_i_i)> <Delay = 0.00>
ST_5 : Operation 1667 [1/1] (0.00ns)   --->   "%tmp_23_15_11_cast_i_s = sext i30 %tmp_23_15_11_i_i to i31" [MathieuHelpMe/Classifier.cpp:72->MathieuHelpMe/Classifier.cpp:136]   --->   Operation 1667 'sext' 'tmp_23_15_11_cast_i_s' <Predicate = (!exitcond4_i_i)> <Delay = 0.00>
ST_5 : Operation 1668 [1/1] (2.49ns)   --->   "%tmp170 = add i31 %tmp_23_1_11_cast_i_i, %tmp_23_0_11_cast_i_i" [MathieuHelpMe/Classifier.cpp:72->MathieuHelpMe/Classifier.cpp:136]   --->   Operation 1668 'add' 'tmp170' <Predicate = (!exitcond4_i_i)> <Delay = 2.49> <Core = "AddSub">   --->   Core 14 'AddSub' <Latency = 0> <II = 1> <Delay = 2.55> <FuncUnit> <Opcode : 'add' 'sub'> <InPorts = 2> <OutPorts = 1>
ST_5 : Operation 1669 [1/1] (0.00ns)   --->   "%tmp170_cast = sext i31 %tmp170 to i32" [MathieuHelpMe/Classifier.cpp:72->MathieuHelpMe/Classifier.cpp:136]   --->   Operation 1669 'sext' 'tmp170_cast' <Predicate = (!exitcond4_i_i)> <Delay = 0.00>
ST_5 : Operation 1670 [1/1] (2.49ns)   --->   "%tmp171 = add i31 %tmp_23_3_11_cast_i_i, %tmp_23_2_11_cast_i_i" [MathieuHelpMe/Classifier.cpp:72->MathieuHelpMe/Classifier.cpp:136]   --->   Operation 1670 'add' 'tmp171' <Predicate = (!exitcond4_i_i)> <Delay = 2.49> <Core = "AddSub">   --->   Core 14 'AddSub' <Latency = 0> <II = 1> <Delay = 2.55> <FuncUnit> <Opcode : 'add' 'sub'> <InPorts = 2> <OutPorts = 1>
ST_5 : Operation 1671 [1/1] (0.00ns)   --->   "%tmp171_cast = sext i31 %tmp171 to i32" [MathieuHelpMe/Classifier.cpp:72->MathieuHelpMe/Classifier.cpp:136]   --->   Operation 1671 'sext' 'tmp171_cast' <Predicate = (!exitcond4_i_i)> <Delay = 0.00>
ST_5 : Operation 1672 [1/1] (2.52ns)   --->   "%tmp169 = add i32 %tmp170_cast, %tmp171_cast" [MathieuHelpMe/Classifier.cpp:72->MathieuHelpMe/Classifier.cpp:136]   --->   Operation 1672 'add' 'tmp169' <Predicate = (!exitcond4_i_i)> <Delay = 2.52> <Core = "AddSub">   --->   Core 14 'AddSub' <Latency = 0> <II = 1> <Delay = 2.55> <FuncUnit> <Opcode : 'add' 'sub'> <InPorts = 2> <OutPorts = 1>
ST_5 : Operation 1673 [1/1] (2.49ns)   --->   "%tmp173 = add i31 %tmp_23_5_11_cast_i_i, %tmp_23_4_11_cast_i_i" [MathieuHelpMe/Classifier.cpp:72->MathieuHelpMe/Classifier.cpp:136]   --->   Operation 1673 'add' 'tmp173' <Predicate = (!exitcond4_i_i)> <Delay = 2.49> <Core = "AddSub">   --->   Core 14 'AddSub' <Latency = 0> <II = 1> <Delay = 2.55> <FuncUnit> <Opcode : 'add' 'sub'> <InPorts = 2> <OutPorts = 1>
ST_5 : Operation 1674 [1/1] (2.49ns)   --->   "%tmp174 = add i31 %tmp_23_7_11_cast_i_i, %tmp_23_6_11_cast_i_i" [MathieuHelpMe/Classifier.cpp:72->MathieuHelpMe/Classifier.cpp:136]   --->   Operation 1674 'add' 'tmp174' <Predicate = (!exitcond4_i_i)> <Delay = 2.49> <Core = "AddSub">   --->   Core 14 'AddSub' <Latency = 0> <II = 1> <Delay = 2.55> <FuncUnit> <Opcode : 'add' 'sub'> <InPorts = 2> <OutPorts = 1>
ST_5 : Operation 1675 [1/1] (2.49ns)   --->   "%tmp177 = add i31 %tmp_23_9_11_cast_i_i, %tmp_23_8_11_cast_i_i" [MathieuHelpMe/Classifier.cpp:72->MathieuHelpMe/Classifier.cpp:136]   --->   Operation 1675 'add' 'tmp177' <Predicate = (!exitcond4_i_i)> <Delay = 2.49> <Core = "AddSub">   --->   Core 14 'AddSub' <Latency = 0> <II = 1> <Delay = 2.55> <FuncUnit> <Opcode : 'add' 'sub'> <InPorts = 2> <OutPorts = 1>
ST_5 : Operation 1676 [1/1] (0.00ns)   --->   "%tmp177_cast = sext i31 %tmp177 to i32" [MathieuHelpMe/Classifier.cpp:72->MathieuHelpMe/Classifier.cpp:136]   --->   Operation 1676 'sext' 'tmp177_cast' <Predicate = (!exitcond4_i_i)> <Delay = 0.00>
ST_5 : Operation 1677 [1/1] (2.49ns)   --->   "%tmp178 = add i31 %tmp_23_11_11_cast_i_s, %tmp_23_10_11_cast_i_s" [MathieuHelpMe/Classifier.cpp:72->MathieuHelpMe/Classifier.cpp:136]   --->   Operation 1677 'add' 'tmp178' <Predicate = (!exitcond4_i_i)> <Delay = 2.49> <Core = "AddSub">   --->   Core 14 'AddSub' <Latency = 0> <II = 1> <Delay = 2.55> <FuncUnit> <Opcode : 'add' 'sub'> <InPorts = 2> <OutPorts = 1>
ST_5 : Operation 1678 [1/1] (0.00ns)   --->   "%tmp178_cast = sext i31 %tmp178 to i32" [MathieuHelpMe/Classifier.cpp:72->MathieuHelpMe/Classifier.cpp:136]   --->   Operation 1678 'sext' 'tmp178_cast' <Predicate = (!exitcond4_i_i)> <Delay = 0.00>
ST_5 : Operation 1679 [1/1] (2.52ns)   --->   "%tmp176 = add i32 %tmp177_cast, %tmp178_cast" [MathieuHelpMe/Classifier.cpp:72->MathieuHelpMe/Classifier.cpp:136]   --->   Operation 1679 'add' 'tmp176' <Predicate = (!exitcond4_i_i)> <Delay = 2.52> <Core = "AddSub">   --->   Core 14 'AddSub' <Latency = 0> <II = 1> <Delay = 2.55> <FuncUnit> <Opcode : 'add' 'sub'> <InPorts = 2> <OutPorts = 1>
ST_5 : Operation 1680 [1/1] (2.49ns)   --->   "%tmp180 = add i31 %tmp_23_13_11_cast_i_s, %tmp_23_12_11_cast_i_s" [MathieuHelpMe/Classifier.cpp:72->MathieuHelpMe/Classifier.cpp:136]   --->   Operation 1680 'add' 'tmp180' <Predicate = (!exitcond4_i_i)> <Delay = 2.49> <Core = "AddSub">   --->   Core 14 'AddSub' <Latency = 0> <II = 1> <Delay = 2.55> <FuncUnit> <Opcode : 'add' 'sub'> <InPorts = 2> <OutPorts = 1>
ST_5 : Operation 1681 [1/1] (2.49ns)   --->   "%tmp181 = add i31 %tmp_23_15_11_cast_i_s, %tmp_23_14_11_cast_i_s" [MathieuHelpMe/Classifier.cpp:72->MathieuHelpMe/Classifier.cpp:136]   --->   Operation 1681 'add' 'tmp181' <Predicate = (!exitcond4_i_i)> <Delay = 2.49> <Core = "AddSub">   --->   Core 14 'AddSub' <Latency = 0> <II = 1> <Delay = 2.55> <FuncUnit> <Opcode : 'add' 'sub'> <InPorts = 2> <OutPorts = 1>
ST_5 : Operation 1682 [1/1] (0.00ns)   --->   "%OP1_V_15_12_i_i = sext i7 %tmp_267 to i16" [MathieuHelpMe/Classifier.cpp:71->MathieuHelpMe/Classifier.cpp:136]   --->   Operation 1682 'sext' 'OP1_V_15_12_i_i' <Predicate = (!exitcond4_i_i)> <Delay = 0.00>
ST_5 : Operation 1683 [1/1] (4.17ns)   --->   "%r_V_15_12_i_i = mul i16 %OP2_V_15_i_i, %OP1_V_15_12_i_i" [MathieuHelpMe/Classifier.cpp:71->MathieuHelpMe/Classifier.cpp:136]   --->   Operation 1683 'mul' 'r_V_15_12_i_i' <Predicate = (!exitcond4_i_i)> <Delay = 4.17> <Core = "Mul">   --->   Core 16 'Mul' <Latency = 0> <II = 1> <Delay = 3.74> <FuncUnit> <Opcode : 'mul'> <InPorts = 2> <OutPorts = 1>
ST_5 : Operation 1684 [1/1] (0.00ns)   --->   "%tmp_23_15_12_i_i = call i30 @_ssdm_op_BitConcatenate.i30.i16.i14(i16 %r_V_15_12_i_i, i14 0)" [MathieuHelpMe/Classifier.cpp:72->MathieuHelpMe/Classifier.cpp:136]   --->   Operation 1684 'bitconcatenate' 'tmp_23_15_12_i_i' <Predicate = (!exitcond4_i_i)> <Delay = 0.00>
ST_5 : Operation 1685 [1/1] (0.00ns)   --->   "%tmp_23_15_12_cast_i_s = sext i30 %tmp_23_15_12_i_i to i31" [MathieuHelpMe/Classifier.cpp:72->MathieuHelpMe/Classifier.cpp:136]   --->   Operation 1685 'sext' 'tmp_23_15_12_cast_i_s' <Predicate = (!exitcond4_i_i)> <Delay = 0.00>
ST_5 : Operation 1686 [1/1] (2.49ns)   --->   "%tmp184 = add i31 %tmp_23_1_12_cast_i_i, %tmp_23_0_12_cast_i_i" [MathieuHelpMe/Classifier.cpp:72->MathieuHelpMe/Classifier.cpp:136]   --->   Operation 1686 'add' 'tmp184' <Predicate = (!exitcond4_i_i)> <Delay = 2.49> <Core = "AddSub">   --->   Core 14 'AddSub' <Latency = 0> <II = 1> <Delay = 2.55> <FuncUnit> <Opcode : 'add' 'sub'> <InPorts = 2> <OutPorts = 1>
ST_5 : Operation 1687 [1/1] (0.00ns)   --->   "%tmp184_cast = sext i31 %tmp184 to i32" [MathieuHelpMe/Classifier.cpp:72->MathieuHelpMe/Classifier.cpp:136]   --->   Operation 1687 'sext' 'tmp184_cast' <Predicate = (!exitcond4_i_i)> <Delay = 0.00>
ST_5 : Operation 1688 [1/1] (2.49ns)   --->   "%tmp185 = add i31 %tmp_23_3_12_cast_i_i, %tmp_23_2_12_cast_i_i" [MathieuHelpMe/Classifier.cpp:72->MathieuHelpMe/Classifier.cpp:136]   --->   Operation 1688 'add' 'tmp185' <Predicate = (!exitcond4_i_i)> <Delay = 2.49> <Core = "AddSub">   --->   Core 14 'AddSub' <Latency = 0> <II = 1> <Delay = 2.55> <FuncUnit> <Opcode : 'add' 'sub'> <InPorts = 2> <OutPorts = 1>
ST_5 : Operation 1689 [1/1] (0.00ns)   --->   "%tmp185_cast = sext i31 %tmp185 to i32" [MathieuHelpMe/Classifier.cpp:72->MathieuHelpMe/Classifier.cpp:136]   --->   Operation 1689 'sext' 'tmp185_cast' <Predicate = (!exitcond4_i_i)> <Delay = 0.00>
ST_5 : Operation 1690 [1/1] (2.52ns)   --->   "%tmp183 = add i32 %tmp184_cast, %tmp185_cast" [MathieuHelpMe/Classifier.cpp:72->MathieuHelpMe/Classifier.cpp:136]   --->   Operation 1690 'add' 'tmp183' <Predicate = (!exitcond4_i_i)> <Delay = 2.52> <Core = "AddSub">   --->   Core 14 'AddSub' <Latency = 0> <II = 1> <Delay = 2.55> <FuncUnit> <Opcode : 'add' 'sub'> <InPorts = 2> <OutPorts = 1>
ST_5 : Operation 1691 [1/1] (2.49ns)   --->   "%tmp187 = add i31 %tmp_23_5_12_cast_i_i, %tmp_23_4_12_cast_i_i" [MathieuHelpMe/Classifier.cpp:72->MathieuHelpMe/Classifier.cpp:136]   --->   Operation 1691 'add' 'tmp187' <Predicate = (!exitcond4_i_i)> <Delay = 2.49> <Core = "AddSub">   --->   Core 14 'AddSub' <Latency = 0> <II = 1> <Delay = 2.55> <FuncUnit> <Opcode : 'add' 'sub'> <InPorts = 2> <OutPorts = 1>
ST_5 : Operation 1692 [1/1] (2.49ns)   --->   "%tmp188 = add i31 %tmp_23_7_12_cast_i_i, %tmp_23_6_12_cast_i_i" [MathieuHelpMe/Classifier.cpp:72->MathieuHelpMe/Classifier.cpp:136]   --->   Operation 1692 'add' 'tmp188' <Predicate = (!exitcond4_i_i)> <Delay = 2.49> <Core = "AddSub">   --->   Core 14 'AddSub' <Latency = 0> <II = 1> <Delay = 2.55> <FuncUnit> <Opcode : 'add' 'sub'> <InPorts = 2> <OutPorts = 1>
ST_5 : Operation 1693 [1/1] (2.49ns)   --->   "%tmp191 = add i31 %tmp_23_9_12_cast_i_i, %tmp_23_8_12_cast_i_i" [MathieuHelpMe/Classifier.cpp:72->MathieuHelpMe/Classifier.cpp:136]   --->   Operation 1693 'add' 'tmp191' <Predicate = (!exitcond4_i_i)> <Delay = 2.49> <Core = "AddSub">   --->   Core 14 'AddSub' <Latency = 0> <II = 1> <Delay = 2.55> <FuncUnit> <Opcode : 'add' 'sub'> <InPorts = 2> <OutPorts = 1>
ST_5 : Operation 1694 [1/1] (0.00ns)   --->   "%tmp191_cast = sext i31 %tmp191 to i32" [MathieuHelpMe/Classifier.cpp:72->MathieuHelpMe/Classifier.cpp:136]   --->   Operation 1694 'sext' 'tmp191_cast' <Predicate = (!exitcond4_i_i)> <Delay = 0.00>
ST_5 : Operation 1695 [1/1] (2.49ns)   --->   "%tmp192 = add i31 %tmp_23_11_12_cast_i_s, %tmp_23_10_12_cast_i_s" [MathieuHelpMe/Classifier.cpp:72->MathieuHelpMe/Classifier.cpp:136]   --->   Operation 1695 'add' 'tmp192' <Predicate = (!exitcond4_i_i)> <Delay = 2.49> <Core = "AddSub">   --->   Core 14 'AddSub' <Latency = 0> <II = 1> <Delay = 2.55> <FuncUnit> <Opcode : 'add' 'sub'> <InPorts = 2> <OutPorts = 1>
ST_5 : Operation 1696 [1/1] (0.00ns)   --->   "%tmp192_cast = sext i31 %tmp192 to i32" [MathieuHelpMe/Classifier.cpp:72->MathieuHelpMe/Classifier.cpp:136]   --->   Operation 1696 'sext' 'tmp192_cast' <Predicate = (!exitcond4_i_i)> <Delay = 0.00>
ST_5 : Operation 1697 [1/1] (2.52ns)   --->   "%tmp190 = add i32 %tmp191_cast, %tmp192_cast" [MathieuHelpMe/Classifier.cpp:72->MathieuHelpMe/Classifier.cpp:136]   --->   Operation 1697 'add' 'tmp190' <Predicate = (!exitcond4_i_i)> <Delay = 2.52> <Core = "AddSub">   --->   Core 14 'AddSub' <Latency = 0> <II = 1> <Delay = 2.55> <FuncUnit> <Opcode : 'add' 'sub'> <InPorts = 2> <OutPorts = 1>
ST_5 : Operation 1698 [1/1] (2.49ns)   --->   "%tmp194 = add i31 %tmp_23_13_12_cast_i_s, %tmp_23_12_12_cast_i_s" [MathieuHelpMe/Classifier.cpp:72->MathieuHelpMe/Classifier.cpp:136]   --->   Operation 1698 'add' 'tmp194' <Predicate = (!exitcond4_i_i)> <Delay = 2.49> <Core = "AddSub">   --->   Core 14 'AddSub' <Latency = 0> <II = 1> <Delay = 2.55> <FuncUnit> <Opcode : 'add' 'sub'> <InPorts = 2> <OutPorts = 1>
ST_5 : Operation 1699 [1/1] (2.49ns)   --->   "%tmp195 = add i31 %tmp_23_15_12_cast_i_s, %tmp_23_14_12_cast_i_s" [MathieuHelpMe/Classifier.cpp:72->MathieuHelpMe/Classifier.cpp:136]   --->   Operation 1699 'add' 'tmp195' <Predicate = (!exitcond4_i_i)> <Delay = 2.49> <Core = "AddSub">   --->   Core 14 'AddSub' <Latency = 0> <II = 1> <Delay = 2.55> <FuncUnit> <Opcode : 'add' 'sub'> <InPorts = 2> <OutPorts = 1>
ST_5 : Operation 1700 [1/1] (0.00ns)   --->   "%OP1_V_15_13_i_i = sext i6 %tmp_268 to i16" [MathieuHelpMe/Classifier.cpp:71->MathieuHelpMe/Classifier.cpp:136]   --->   Operation 1700 'sext' 'OP1_V_15_13_i_i' <Predicate = (!exitcond4_i_i)> <Delay = 0.00>
ST_5 : Operation 1701 [1/1] (4.17ns)   --->   "%r_V_15_13_i_i = mul i16 %OP2_V_15_i_i, %OP1_V_15_13_i_i" [MathieuHelpMe/Classifier.cpp:71->MathieuHelpMe/Classifier.cpp:136]   --->   Operation 1701 'mul' 'r_V_15_13_i_i' <Predicate = (!exitcond4_i_i)> <Delay = 4.17> <Core = "Mul">   --->   Core 16 'Mul' <Latency = 0> <II = 1> <Delay = 3.74> <FuncUnit> <Opcode : 'mul'> <InPorts = 2> <OutPorts = 1>
ST_5 : Operation 1702 [1/1] (0.00ns)   --->   "%tmp_23_15_13_i_i = call i30 @_ssdm_op_BitConcatenate.i30.i16.i14(i16 %r_V_15_13_i_i, i14 0)" [MathieuHelpMe/Classifier.cpp:72->MathieuHelpMe/Classifier.cpp:136]   --->   Operation 1702 'bitconcatenate' 'tmp_23_15_13_i_i' <Predicate = (!exitcond4_i_i)> <Delay = 0.00>
ST_5 : Operation 1703 [1/1] (0.00ns)   --->   "%tmp_23_15_13_cast_i_s = sext i30 %tmp_23_15_13_i_i to i31" [MathieuHelpMe/Classifier.cpp:72->MathieuHelpMe/Classifier.cpp:136]   --->   Operation 1703 'sext' 'tmp_23_15_13_cast_i_s' <Predicate = (!exitcond4_i_i)> <Delay = 0.00>
ST_5 : Operation 1704 [1/1] (2.49ns)   --->   "%tmp198 = add i31 %tmp_23_1_13_cast_i_i, %tmp_23_0_13_cast_i_i" [MathieuHelpMe/Classifier.cpp:72->MathieuHelpMe/Classifier.cpp:136]   --->   Operation 1704 'add' 'tmp198' <Predicate = (!exitcond4_i_i)> <Delay = 2.49> <Core = "AddSub">   --->   Core 14 'AddSub' <Latency = 0> <II = 1> <Delay = 2.55> <FuncUnit> <Opcode : 'add' 'sub'> <InPorts = 2> <OutPorts = 1>
ST_5 : Operation 1705 [1/1] (0.00ns)   --->   "%tmp198_cast = sext i31 %tmp198 to i32" [MathieuHelpMe/Classifier.cpp:72->MathieuHelpMe/Classifier.cpp:136]   --->   Operation 1705 'sext' 'tmp198_cast' <Predicate = (!exitcond4_i_i)> <Delay = 0.00>
ST_5 : Operation 1706 [1/1] (2.49ns)   --->   "%tmp199 = add i31 %tmp_23_3_13_cast_i_i, %tmp_23_2_13_cast_i_i" [MathieuHelpMe/Classifier.cpp:72->MathieuHelpMe/Classifier.cpp:136]   --->   Operation 1706 'add' 'tmp199' <Predicate = (!exitcond4_i_i)> <Delay = 2.49> <Core = "AddSub">   --->   Core 14 'AddSub' <Latency = 0> <II = 1> <Delay = 2.55> <FuncUnit> <Opcode : 'add' 'sub'> <InPorts = 2> <OutPorts = 1>
ST_5 : Operation 1707 [1/1] (0.00ns)   --->   "%tmp199_cast = sext i31 %tmp199 to i32" [MathieuHelpMe/Classifier.cpp:72->MathieuHelpMe/Classifier.cpp:136]   --->   Operation 1707 'sext' 'tmp199_cast' <Predicate = (!exitcond4_i_i)> <Delay = 0.00>
ST_5 : Operation 1708 [1/1] (2.52ns)   --->   "%tmp197 = add i32 %tmp198_cast, %tmp199_cast" [MathieuHelpMe/Classifier.cpp:72->MathieuHelpMe/Classifier.cpp:136]   --->   Operation 1708 'add' 'tmp197' <Predicate = (!exitcond4_i_i)> <Delay = 2.52> <Core = "AddSub">   --->   Core 14 'AddSub' <Latency = 0> <II = 1> <Delay = 2.55> <FuncUnit> <Opcode : 'add' 'sub'> <InPorts = 2> <OutPorts = 1>
ST_5 : Operation 1709 [1/1] (2.49ns)   --->   "%tmp201 = add i31 %tmp_23_5_13_cast_i_i, %tmp_23_4_13_cast_i_i" [MathieuHelpMe/Classifier.cpp:72->MathieuHelpMe/Classifier.cpp:136]   --->   Operation 1709 'add' 'tmp201' <Predicate = (!exitcond4_i_i)> <Delay = 2.49> <Core = "AddSub">   --->   Core 14 'AddSub' <Latency = 0> <II = 1> <Delay = 2.55> <FuncUnit> <Opcode : 'add' 'sub'> <InPorts = 2> <OutPorts = 1>
ST_5 : Operation 1710 [1/1] (2.49ns)   --->   "%tmp202 = add i31 %tmp_23_7_13_cast_i_i, %tmp_23_6_13_cast_i_i" [MathieuHelpMe/Classifier.cpp:72->MathieuHelpMe/Classifier.cpp:136]   --->   Operation 1710 'add' 'tmp202' <Predicate = (!exitcond4_i_i)> <Delay = 2.49> <Core = "AddSub">   --->   Core 14 'AddSub' <Latency = 0> <II = 1> <Delay = 2.55> <FuncUnit> <Opcode : 'add' 'sub'> <InPorts = 2> <OutPorts = 1>
ST_5 : Operation 1711 [1/1] (2.49ns)   --->   "%tmp205 = add i31 %tmp_23_9_13_cast_i_i, %tmp_23_8_13_cast_i_i" [MathieuHelpMe/Classifier.cpp:72->MathieuHelpMe/Classifier.cpp:136]   --->   Operation 1711 'add' 'tmp205' <Predicate = (!exitcond4_i_i)> <Delay = 2.49> <Core = "AddSub">   --->   Core 14 'AddSub' <Latency = 0> <II = 1> <Delay = 2.55> <FuncUnit> <Opcode : 'add' 'sub'> <InPorts = 2> <OutPorts = 1>
ST_5 : Operation 1712 [1/1] (0.00ns)   --->   "%tmp205_cast = sext i31 %tmp205 to i32" [MathieuHelpMe/Classifier.cpp:72->MathieuHelpMe/Classifier.cpp:136]   --->   Operation 1712 'sext' 'tmp205_cast' <Predicate = (!exitcond4_i_i)> <Delay = 0.00>
ST_5 : Operation 1713 [1/1] (2.49ns)   --->   "%tmp206 = add i31 %tmp_23_11_13_cast_i_s, %tmp_23_10_13_cast_i_s" [MathieuHelpMe/Classifier.cpp:72->MathieuHelpMe/Classifier.cpp:136]   --->   Operation 1713 'add' 'tmp206' <Predicate = (!exitcond4_i_i)> <Delay = 2.49> <Core = "AddSub">   --->   Core 14 'AddSub' <Latency = 0> <II = 1> <Delay = 2.55> <FuncUnit> <Opcode : 'add' 'sub'> <InPorts = 2> <OutPorts = 1>
ST_5 : Operation 1714 [1/1] (0.00ns)   --->   "%tmp206_cast = sext i31 %tmp206 to i32" [MathieuHelpMe/Classifier.cpp:72->MathieuHelpMe/Classifier.cpp:136]   --->   Operation 1714 'sext' 'tmp206_cast' <Predicate = (!exitcond4_i_i)> <Delay = 0.00>
ST_5 : Operation 1715 [1/1] (2.52ns)   --->   "%tmp204 = add i32 %tmp205_cast, %tmp206_cast" [MathieuHelpMe/Classifier.cpp:72->MathieuHelpMe/Classifier.cpp:136]   --->   Operation 1715 'add' 'tmp204' <Predicate = (!exitcond4_i_i)> <Delay = 2.52> <Core = "AddSub">   --->   Core 14 'AddSub' <Latency = 0> <II = 1> <Delay = 2.55> <FuncUnit> <Opcode : 'add' 'sub'> <InPorts = 2> <OutPorts = 1>
ST_5 : Operation 1716 [1/1] (2.49ns)   --->   "%tmp208 = add i31 %tmp_23_13_13_cast_i_s, %tmp_23_12_13_cast_i_s" [MathieuHelpMe/Classifier.cpp:72->MathieuHelpMe/Classifier.cpp:136]   --->   Operation 1716 'add' 'tmp208' <Predicate = (!exitcond4_i_i)> <Delay = 2.49> <Core = "AddSub">   --->   Core 14 'AddSub' <Latency = 0> <II = 1> <Delay = 2.55> <FuncUnit> <Opcode : 'add' 'sub'> <InPorts = 2> <OutPorts = 1>
ST_5 : Operation 1717 [1/1] (2.49ns)   --->   "%tmp209 = add i31 %tmp_23_15_13_cast_i_s, %tmp_23_14_13_cast_i_s" [MathieuHelpMe/Classifier.cpp:72->MathieuHelpMe/Classifier.cpp:136]   --->   Operation 1717 'add' 'tmp209' <Predicate = (!exitcond4_i_i)> <Delay = 2.49> <Core = "AddSub">   --->   Core 14 'AddSub' <Latency = 0> <II = 1> <Delay = 2.55> <FuncUnit> <Opcode : 'add' 'sub'> <InPorts = 2> <OutPorts = 1>
ST_5 : Operation 1718 [1/1] (0.00ns)   --->   "%OP1_V_15_14_i_i = sext i8 %tmp_271_i_i to i16" [MathieuHelpMe/Classifier.cpp:71->MathieuHelpMe/Classifier.cpp:136]   --->   Operation 1718 'sext' 'OP1_V_15_14_i_i' <Predicate = (!exitcond4_i_i)> <Delay = 0.00>
ST_5 : Operation 1719 [1/1] (4.17ns)   --->   "%r_V_15_14_i_i = mul i16 %OP2_V_15_i_i, %OP1_V_15_14_i_i" [MathieuHelpMe/Classifier.cpp:71->MathieuHelpMe/Classifier.cpp:136]   --->   Operation 1719 'mul' 'r_V_15_14_i_i' <Predicate = (!exitcond4_i_i)> <Delay = 4.17> <Core = "Mul">   --->   Core 16 'Mul' <Latency = 0> <II = 1> <Delay = 3.74> <FuncUnit> <Opcode : 'mul'> <InPorts = 2> <OutPorts = 1>
ST_5 : Operation 1720 [1/1] (0.00ns)   --->   "%tmp_23_15_14_i_i = call i30 @_ssdm_op_BitConcatenate.i30.i16.i14(i16 %r_V_15_14_i_i, i14 0)" [MathieuHelpMe/Classifier.cpp:72->MathieuHelpMe/Classifier.cpp:136]   --->   Operation 1720 'bitconcatenate' 'tmp_23_15_14_i_i' <Predicate = (!exitcond4_i_i)> <Delay = 0.00>
ST_5 : Operation 1721 [1/1] (0.00ns)   --->   "%tmp_23_15_14_cast_i_s = sext i30 %tmp_23_15_14_i_i to i31" [MathieuHelpMe/Classifier.cpp:72->MathieuHelpMe/Classifier.cpp:136]   --->   Operation 1721 'sext' 'tmp_23_15_14_cast_i_s' <Predicate = (!exitcond4_i_i)> <Delay = 0.00>
ST_5 : Operation 1722 [1/1] (2.49ns)   --->   "%tmp212 = add i31 %tmp_23_1_14_cast_i_i, %tmp_23_0_14_cast_i_i" [MathieuHelpMe/Classifier.cpp:72->MathieuHelpMe/Classifier.cpp:136]   --->   Operation 1722 'add' 'tmp212' <Predicate = (!exitcond4_i_i)> <Delay = 2.49> <Core = "AddSub">   --->   Core 14 'AddSub' <Latency = 0> <II = 1> <Delay = 2.55> <FuncUnit> <Opcode : 'add' 'sub'> <InPorts = 2> <OutPorts = 1>
ST_5 : Operation 1723 [1/1] (0.00ns)   --->   "%tmp212_cast = sext i31 %tmp212 to i32" [MathieuHelpMe/Classifier.cpp:72->MathieuHelpMe/Classifier.cpp:136]   --->   Operation 1723 'sext' 'tmp212_cast' <Predicate = (!exitcond4_i_i)> <Delay = 0.00>
ST_5 : Operation 1724 [1/1] (2.49ns)   --->   "%tmp213 = add i31 %tmp_23_3_14_cast_i_i, %tmp_23_2_14_cast_i_i" [MathieuHelpMe/Classifier.cpp:72->MathieuHelpMe/Classifier.cpp:136]   --->   Operation 1724 'add' 'tmp213' <Predicate = (!exitcond4_i_i)> <Delay = 2.49> <Core = "AddSub">   --->   Core 14 'AddSub' <Latency = 0> <II = 1> <Delay = 2.55> <FuncUnit> <Opcode : 'add' 'sub'> <InPorts = 2> <OutPorts = 1>
ST_5 : Operation 1725 [1/1] (0.00ns)   --->   "%tmp213_cast = sext i31 %tmp213 to i32" [MathieuHelpMe/Classifier.cpp:72->MathieuHelpMe/Classifier.cpp:136]   --->   Operation 1725 'sext' 'tmp213_cast' <Predicate = (!exitcond4_i_i)> <Delay = 0.00>
ST_5 : Operation 1726 [1/1] (2.52ns)   --->   "%tmp211 = add i32 %tmp212_cast, %tmp213_cast" [MathieuHelpMe/Classifier.cpp:72->MathieuHelpMe/Classifier.cpp:136]   --->   Operation 1726 'add' 'tmp211' <Predicate = (!exitcond4_i_i)> <Delay = 2.52> <Core = "AddSub">   --->   Core 14 'AddSub' <Latency = 0> <II = 1> <Delay = 2.55> <FuncUnit> <Opcode : 'add' 'sub'> <InPorts = 2> <OutPorts = 1>
ST_5 : Operation 1727 [1/1] (2.49ns)   --->   "%tmp215 = add i31 %tmp_23_5_14_cast_i_i, %tmp_23_4_14_cast_i_i" [MathieuHelpMe/Classifier.cpp:72->MathieuHelpMe/Classifier.cpp:136]   --->   Operation 1727 'add' 'tmp215' <Predicate = (!exitcond4_i_i)> <Delay = 2.49> <Core = "AddSub">   --->   Core 14 'AddSub' <Latency = 0> <II = 1> <Delay = 2.55> <FuncUnit> <Opcode : 'add' 'sub'> <InPorts = 2> <OutPorts = 1>
ST_5 : Operation 1728 [1/1] (2.49ns)   --->   "%tmp216 = add i31 %tmp_23_7_14_cast_i_i, %tmp_23_6_14_cast_i_i" [MathieuHelpMe/Classifier.cpp:72->MathieuHelpMe/Classifier.cpp:136]   --->   Operation 1728 'add' 'tmp216' <Predicate = (!exitcond4_i_i)> <Delay = 2.49> <Core = "AddSub">   --->   Core 14 'AddSub' <Latency = 0> <II = 1> <Delay = 2.55> <FuncUnit> <Opcode : 'add' 'sub'> <InPorts = 2> <OutPorts = 1>
ST_5 : Operation 1729 [1/1] (2.49ns)   --->   "%tmp219 = add i31 %tmp_23_9_14_cast_i_i, %tmp_23_8_14_cast_i_i" [MathieuHelpMe/Classifier.cpp:72->MathieuHelpMe/Classifier.cpp:136]   --->   Operation 1729 'add' 'tmp219' <Predicate = (!exitcond4_i_i)> <Delay = 2.49> <Core = "AddSub">   --->   Core 14 'AddSub' <Latency = 0> <II = 1> <Delay = 2.55> <FuncUnit> <Opcode : 'add' 'sub'> <InPorts = 2> <OutPorts = 1>
ST_5 : Operation 1730 [1/1] (0.00ns)   --->   "%tmp219_cast = sext i31 %tmp219 to i32" [MathieuHelpMe/Classifier.cpp:72->MathieuHelpMe/Classifier.cpp:136]   --->   Operation 1730 'sext' 'tmp219_cast' <Predicate = (!exitcond4_i_i)> <Delay = 0.00>
ST_5 : Operation 1731 [1/1] (2.49ns)   --->   "%tmp220 = add i31 %tmp_23_11_14_cast_i_s, %tmp_23_10_14_cast_i_s" [MathieuHelpMe/Classifier.cpp:72->MathieuHelpMe/Classifier.cpp:136]   --->   Operation 1731 'add' 'tmp220' <Predicate = (!exitcond4_i_i)> <Delay = 2.49> <Core = "AddSub">   --->   Core 14 'AddSub' <Latency = 0> <II = 1> <Delay = 2.55> <FuncUnit> <Opcode : 'add' 'sub'> <InPorts = 2> <OutPorts = 1>
ST_5 : Operation 1732 [1/1] (0.00ns)   --->   "%tmp220_cast = sext i31 %tmp220 to i32" [MathieuHelpMe/Classifier.cpp:72->MathieuHelpMe/Classifier.cpp:136]   --->   Operation 1732 'sext' 'tmp220_cast' <Predicate = (!exitcond4_i_i)> <Delay = 0.00>
ST_5 : Operation 1733 [1/1] (2.52ns)   --->   "%tmp218 = add i32 %tmp219_cast, %tmp220_cast" [MathieuHelpMe/Classifier.cpp:72->MathieuHelpMe/Classifier.cpp:136]   --->   Operation 1733 'add' 'tmp218' <Predicate = (!exitcond4_i_i)> <Delay = 2.52> <Core = "AddSub">   --->   Core 14 'AddSub' <Latency = 0> <II = 1> <Delay = 2.55> <FuncUnit> <Opcode : 'add' 'sub'> <InPorts = 2> <OutPorts = 1>
ST_5 : Operation 1734 [1/1] (2.49ns)   --->   "%tmp222 = add i31 %tmp_23_13_14_cast_i_s, %tmp_23_12_14_cast_i_s" [MathieuHelpMe/Classifier.cpp:72->MathieuHelpMe/Classifier.cpp:136]   --->   Operation 1734 'add' 'tmp222' <Predicate = (!exitcond4_i_i)> <Delay = 2.49> <Core = "AddSub">   --->   Core 14 'AddSub' <Latency = 0> <II = 1> <Delay = 2.55> <FuncUnit> <Opcode : 'add' 'sub'> <InPorts = 2> <OutPorts = 1>
ST_5 : Operation 1735 [1/1] (2.49ns)   --->   "%tmp223 = add i31 %tmp_23_15_14_cast_i_s, %tmp_23_14_14_cast_i_s" [MathieuHelpMe/Classifier.cpp:72->MathieuHelpMe/Classifier.cpp:136]   --->   Operation 1735 'add' 'tmp223' <Predicate = (!exitcond4_i_i)> <Delay = 2.49> <Core = "AddSub">   --->   Core 14 'AddSub' <Latency = 0> <II = 1> <Delay = 2.55> <FuncUnit> <Opcode : 'add' 'sub'> <InPorts = 2> <OutPorts = 1>

State 6 <SV = 5> <Delay = 8.74>
ST_6 : Operation 1736 [1/1] (0.00ns)   --->   "call void (...)* @_ssdm_op_SpecLoopName([16 x i8]* @p_str11) nounwind" [MathieuHelpMe/Classifier.cpp:63->MathieuHelpMe/Classifier.cpp:136]   --->   Operation 1736 'specloopname' <Predicate = (!exitcond4_i_i)> <Delay = 0.00>
ST_6 : Operation 1737 [1/1] (0.00ns)   --->   "%tmp_3_i_i = call i32 (...)* @_ssdm_op_SpecRegionBegin([16 x i8]* @p_str11)" [MathieuHelpMe/Classifier.cpp:63->MathieuHelpMe/Classifier.cpp:136]   --->   Operation 1737 'specregionbegin' 'tmp_3_i_i' <Predicate = (!exitcond4_i_i)> <Delay = 0.00>
ST_6 : Operation 1738 [1/1] (0.00ns)   --->   "call void (...)* @_ssdm_op_SpecPipeline(i32 1, i32 1, i32 1, i32 0, [1 x i8]* @p_str) nounwind" [MathieuHelpMe/Classifier.cpp:64->MathieuHelpMe/Classifier.cpp:136]   --->   Operation 1738 'specpipeline' <Predicate = (!exitcond4_i_i)> <Delay = 0.00>
ST_6 : Operation 1739 [1/1] (0.00ns)   --->   "%empty_35 = call i32 (...)* @_ssdm_op_SpecRegionEnd([16 x i8]* @p_str11, i32 %tmp_3_i_i)" [MathieuHelpMe/Classifier.cpp:74->MathieuHelpMe/Classifier.cpp:136]   --->   Operation 1739 'specregionend' 'empty_35' <Predicate = (!exitcond4_i_i)> <Delay = 0.00>
ST_6 : Operation 1740 [1/1] (0.00ns)   --->   "%tmp5_cast = sext i31 %tmp5 to i32" [MathieuHelpMe/Classifier.cpp:72->MathieuHelpMe/Classifier.cpp:136]   --->   Operation 1740 'sext' 'tmp5_cast' <Predicate = (!exitcond4_i_i)> <Delay = 0.00>
ST_6 : Operation 1741 [1/1] (0.00ns)   --->   "%tmp6_cast = sext i31 %tmp6 to i32" [MathieuHelpMe/Classifier.cpp:72->MathieuHelpMe/Classifier.cpp:136]   --->   Operation 1741 'sext' 'tmp6_cast' <Predicate = (!exitcond4_i_i)> <Delay = 0.00>
ST_6 : Operation 1742 [1/1] (0.00ns) (grouped into TernaryAdder)   --->   "%tmp4 = add i32 %tmp5_cast, %tmp6_cast" [MathieuHelpMe/Classifier.cpp:72->MathieuHelpMe/Classifier.cpp:136]   --->   Operation 1742 'add' 'tmp4' <Predicate = (!exitcond4_i_i)> <Delay = 0.00> <Core = "TAddSub">   --->   Core 80 'TAddSub' <Latency = 0> <II = 1> <Delay = 2.18> <IPBlock> <Opcode : 'add' 'sub'> <InPorts = 3> <OutPorts = 1> <Sync> <CReg>
ST_6 : Operation 1743 [1/1] (4.37ns) (root node of TernaryAdder)   --->   "%tmp = add i32 %tmp1, %tmp4" [MathieuHelpMe/Classifier.cpp:72->MathieuHelpMe/Classifier.cpp:136]   --->   Operation 1743 'add' 'tmp' <Predicate = (!exitcond4_i_i)> <Delay = 4.37> <Core = "TAddSub">   --->   Core 80 'TAddSub' <Latency = 0> <II = 1> <Delay = 2.18> <IPBlock> <Opcode : 'add' 'sub'> <InPorts = 3> <OutPorts = 1> <Sync> <CReg>
ST_6 : Operation 1744 [1/1] (0.00ns)   --->   "%tmp12_cast = sext i31 %tmp12 to i32" [MathieuHelpMe/Classifier.cpp:72->MathieuHelpMe/Classifier.cpp:136]   --->   Operation 1744 'sext' 'tmp12_cast' <Predicate = (!exitcond4_i_i)> <Delay = 0.00>
ST_6 : Operation 1745 [1/1] (0.00ns)   --->   "%tmp13_cast = sext i31 %tmp13 to i32" [MathieuHelpMe/Classifier.cpp:72->MathieuHelpMe/Classifier.cpp:136]   --->   Operation 1745 'sext' 'tmp13_cast' <Predicate = (!exitcond4_i_i)> <Delay = 0.00>
ST_6 : Operation 1746 [1/1] (0.00ns) (grouped into TernaryAdder)   --->   "%tmp11 = add i32 %tmp12_cast, %tmp13_cast" [MathieuHelpMe/Classifier.cpp:72->MathieuHelpMe/Classifier.cpp:136]   --->   Operation 1746 'add' 'tmp11' <Predicate = (!exitcond4_i_i)> <Delay = 0.00> <Core = "TAddSub">   --->   Core 80 'TAddSub' <Latency = 0> <II = 1> <Delay = 2.18> <IPBlock> <Opcode : 'add' 'sub'> <InPorts = 3> <OutPorts = 1> <Sync> <CReg>
ST_6 : Operation 1747 [1/1] (4.37ns) (root node of TernaryAdder)   --->   "%tmp7 = add i32 %tmp8, %tmp11" [MathieuHelpMe/Classifier.cpp:72->MathieuHelpMe/Classifier.cpp:136]   --->   Operation 1747 'add' 'tmp7' <Predicate = (!exitcond4_i_i)> <Delay = 4.37> <Core = "TAddSub">   --->   Core 80 'TAddSub' <Latency = 0> <II = 1> <Delay = 2.18> <IPBlock> <Opcode : 'add' 'sub'> <InPorts = 3> <OutPorts = 1> <Sync> <CReg>
ST_6 : Operation 1748 [1/1] (0.00ns) (grouped into TernaryAdder)   --->   "%tmp_s = add i32 %tmp, %tmp7" [MathieuHelpMe/Classifier.cpp:72->MathieuHelpMe/Classifier.cpp:136]   --->   Operation 1748 'add' 'tmp_s' <Predicate = (!exitcond4_i_i)> <Delay = 0.00> <Core = "TAddSub">   --->   Core 80 'TAddSub' <Latency = 0> <II = 1> <Delay = 2.18> <IPBlock> <Opcode : 'add' 'sub'> <InPorts = 3> <OutPorts = 1> <Sync> <CReg>
ST_6 : Operation 1749 [1/1] (4.37ns) (root node of TernaryAdder)   --->   "%dot_products_0_V_1 = add i32 %tmp_s, %dot_products_0_V" [MathieuHelpMe/Classifier.cpp:72->MathieuHelpMe/Classifier.cpp:136]   --->   Operation 1749 'add' 'dot_products_0_V_1' <Predicate = (!exitcond4_i_i)> <Delay = 4.37> <Core = "TAddSub">   --->   Core 80 'TAddSub' <Latency = 0> <II = 1> <Delay = 2.18> <IPBlock> <Opcode : 'add' 'sub'> <InPorts = 3> <OutPorts = 1> <Sync> <CReg>
ST_6 : Operation 1750 [1/1] (0.00ns)   --->   "%tmp19_cast = sext i31 %tmp19 to i32" [MathieuHelpMe/Classifier.cpp:72->MathieuHelpMe/Classifier.cpp:136]   --->   Operation 1750 'sext' 'tmp19_cast' <Predicate = (!exitcond4_i_i)> <Delay = 0.00>
ST_6 : Operation 1751 [1/1] (0.00ns)   --->   "%tmp20_cast = sext i31 %tmp20 to i32" [MathieuHelpMe/Classifier.cpp:72->MathieuHelpMe/Classifier.cpp:136]   --->   Operation 1751 'sext' 'tmp20_cast' <Predicate = (!exitcond4_i_i)> <Delay = 0.00>
ST_6 : Operation 1752 [1/1] (0.00ns) (grouped into TernaryAdder)   --->   "%tmp18 = add i32 %tmp19_cast, %tmp20_cast" [MathieuHelpMe/Classifier.cpp:72->MathieuHelpMe/Classifier.cpp:136]   --->   Operation 1752 'add' 'tmp18' <Predicate = (!exitcond4_i_i)> <Delay = 0.00> <Core = "TAddSub">   --->   Core 80 'TAddSub' <Latency = 0> <II = 1> <Delay = 2.18> <IPBlock> <Opcode : 'add' 'sub'> <InPorts = 3> <OutPorts = 1> <Sync> <CReg>
ST_6 : Operation 1753 [1/1] (4.37ns) (root node of TernaryAdder)   --->   "%tmp14 = add i32 %tmp15, %tmp18" [MathieuHelpMe/Classifier.cpp:72->MathieuHelpMe/Classifier.cpp:136]   --->   Operation 1753 'add' 'tmp14' <Predicate = (!exitcond4_i_i)> <Delay = 4.37> <Core = "TAddSub">   --->   Core 80 'TAddSub' <Latency = 0> <II = 1> <Delay = 2.18> <IPBlock> <Opcode : 'add' 'sub'> <InPorts = 3> <OutPorts = 1> <Sync> <CReg>
ST_6 : Operation 1754 [1/1] (0.00ns)   --->   "%tmp26_cast = sext i31 %tmp26 to i32" [MathieuHelpMe/Classifier.cpp:72->MathieuHelpMe/Classifier.cpp:136]   --->   Operation 1754 'sext' 'tmp26_cast' <Predicate = (!exitcond4_i_i)> <Delay = 0.00>
ST_6 : Operation 1755 [1/1] (0.00ns)   --->   "%tmp27_cast = sext i31 %tmp27 to i32" [MathieuHelpMe/Classifier.cpp:72->MathieuHelpMe/Classifier.cpp:136]   --->   Operation 1755 'sext' 'tmp27_cast' <Predicate = (!exitcond4_i_i)> <Delay = 0.00>
ST_6 : Operation 1756 [1/1] (0.00ns) (grouped into TernaryAdder)   --->   "%tmp25 = add i32 %tmp26_cast, %tmp27_cast" [MathieuHelpMe/Classifier.cpp:72->MathieuHelpMe/Classifier.cpp:136]   --->   Operation 1756 'add' 'tmp25' <Predicate = (!exitcond4_i_i)> <Delay = 0.00> <Core = "TAddSub">   --->   Core 80 'TAddSub' <Latency = 0> <II = 1> <Delay = 2.18> <IPBlock> <Opcode : 'add' 'sub'> <InPorts = 3> <OutPorts = 1> <Sync> <CReg>
ST_6 : Operation 1757 [1/1] (4.37ns) (root node of TernaryAdder)   --->   "%tmp21 = add i32 %tmp22, %tmp25" [MathieuHelpMe/Classifier.cpp:72->MathieuHelpMe/Classifier.cpp:136]   --->   Operation 1757 'add' 'tmp21' <Predicate = (!exitcond4_i_i)> <Delay = 4.37> <Core = "TAddSub">   --->   Core 80 'TAddSub' <Latency = 0> <II = 1> <Delay = 2.18> <IPBlock> <Opcode : 'add' 'sub'> <InPorts = 3> <OutPorts = 1> <Sync> <CReg>
ST_6 : Operation 1758 [1/1] (0.00ns) (grouped into TernaryAdder)   --->   "%tmp_2 = add i32 %tmp14, %tmp21" [MathieuHelpMe/Classifier.cpp:72->MathieuHelpMe/Classifier.cpp:136]   --->   Operation 1758 'add' 'tmp_2' <Predicate = (!exitcond4_i_i)> <Delay = 0.00> <Core = "TAddSub">   --->   Core 80 'TAddSub' <Latency = 0> <II = 1> <Delay = 2.18> <IPBlock> <Opcode : 'add' 'sub'> <InPorts = 3> <OutPorts = 1> <Sync> <CReg>
ST_6 : Operation 1759 [1/1] (4.37ns) (root node of TernaryAdder)   --->   "%dot_products_1_V_1 = add i32 %tmp_2, %dot_products_1_V" [MathieuHelpMe/Classifier.cpp:72->MathieuHelpMe/Classifier.cpp:136]   --->   Operation 1759 'add' 'dot_products_1_V_1' <Predicate = (!exitcond4_i_i)> <Delay = 4.37> <Core = "TAddSub">   --->   Core 80 'TAddSub' <Latency = 0> <II = 1> <Delay = 2.18> <IPBlock> <Opcode : 'add' 'sub'> <InPorts = 3> <OutPorts = 1> <Sync> <CReg>
ST_6 : Operation 1760 [1/1] (0.00ns)   --->   "%tmp33_cast = sext i31 %tmp33 to i32" [MathieuHelpMe/Classifier.cpp:72->MathieuHelpMe/Classifier.cpp:136]   --->   Operation 1760 'sext' 'tmp33_cast' <Predicate = (!exitcond4_i_i)> <Delay = 0.00>
ST_6 : Operation 1761 [1/1] (0.00ns)   --->   "%tmp34_cast = sext i31 %tmp34 to i32" [MathieuHelpMe/Classifier.cpp:72->MathieuHelpMe/Classifier.cpp:136]   --->   Operation 1761 'sext' 'tmp34_cast' <Predicate = (!exitcond4_i_i)> <Delay = 0.00>
ST_6 : Operation 1762 [1/1] (0.00ns) (grouped into TernaryAdder)   --->   "%tmp32 = add i32 %tmp33_cast, %tmp34_cast" [MathieuHelpMe/Classifier.cpp:72->MathieuHelpMe/Classifier.cpp:136]   --->   Operation 1762 'add' 'tmp32' <Predicate = (!exitcond4_i_i)> <Delay = 0.00> <Core = "TAddSub">   --->   Core 80 'TAddSub' <Latency = 0> <II = 1> <Delay = 2.18> <IPBlock> <Opcode : 'add' 'sub'> <InPorts = 3> <OutPorts = 1> <Sync> <CReg>
ST_6 : Operation 1763 [1/1] (4.37ns) (root node of TernaryAdder)   --->   "%tmp28 = add i32 %tmp29, %tmp32" [MathieuHelpMe/Classifier.cpp:72->MathieuHelpMe/Classifier.cpp:136]   --->   Operation 1763 'add' 'tmp28' <Predicate = (!exitcond4_i_i)> <Delay = 4.37> <Core = "TAddSub">   --->   Core 80 'TAddSub' <Latency = 0> <II = 1> <Delay = 2.18> <IPBlock> <Opcode : 'add' 'sub'> <InPorts = 3> <OutPorts = 1> <Sync> <CReg>
ST_6 : Operation 1764 [1/1] (0.00ns)   --->   "%tmp40_cast = sext i31 %tmp40 to i32" [MathieuHelpMe/Classifier.cpp:72->MathieuHelpMe/Classifier.cpp:136]   --->   Operation 1764 'sext' 'tmp40_cast' <Predicate = (!exitcond4_i_i)> <Delay = 0.00>
ST_6 : Operation 1765 [1/1] (0.00ns)   --->   "%tmp41_cast = sext i31 %tmp41 to i32" [MathieuHelpMe/Classifier.cpp:72->MathieuHelpMe/Classifier.cpp:136]   --->   Operation 1765 'sext' 'tmp41_cast' <Predicate = (!exitcond4_i_i)> <Delay = 0.00>
ST_6 : Operation 1766 [1/1] (0.00ns) (grouped into TernaryAdder)   --->   "%tmp39 = add i32 %tmp40_cast, %tmp41_cast" [MathieuHelpMe/Classifier.cpp:72->MathieuHelpMe/Classifier.cpp:136]   --->   Operation 1766 'add' 'tmp39' <Predicate = (!exitcond4_i_i)> <Delay = 0.00> <Core = "TAddSub">   --->   Core 80 'TAddSub' <Latency = 0> <II = 1> <Delay = 2.18> <IPBlock> <Opcode : 'add' 'sub'> <InPorts = 3> <OutPorts = 1> <Sync> <CReg>
ST_6 : Operation 1767 [1/1] (4.37ns) (root node of TernaryAdder)   --->   "%tmp35 = add i32 %tmp36, %tmp39" [MathieuHelpMe/Classifier.cpp:72->MathieuHelpMe/Classifier.cpp:136]   --->   Operation 1767 'add' 'tmp35' <Predicate = (!exitcond4_i_i)> <Delay = 4.37> <Core = "TAddSub">   --->   Core 80 'TAddSub' <Latency = 0> <II = 1> <Delay = 2.18> <IPBlock> <Opcode : 'add' 'sub'> <InPorts = 3> <OutPorts = 1> <Sync> <CReg>
ST_6 : Operation 1768 [1/1] (0.00ns) (grouped into TernaryAdder)   --->   "%tmp_3 = add i32 %tmp28, %tmp35" [MathieuHelpMe/Classifier.cpp:72->MathieuHelpMe/Classifier.cpp:136]   --->   Operation 1768 'add' 'tmp_3' <Predicate = (!exitcond4_i_i)> <Delay = 0.00> <Core = "TAddSub">   --->   Core 80 'TAddSub' <Latency = 0> <II = 1> <Delay = 2.18> <IPBlock> <Opcode : 'add' 'sub'> <InPorts = 3> <OutPorts = 1> <Sync> <CReg>
ST_6 : Operation 1769 [1/1] (4.37ns) (root node of TernaryAdder)   --->   "%dot_products_2_V_1 = add i32 %tmp_3, %dot_products_2_V" [MathieuHelpMe/Classifier.cpp:72->MathieuHelpMe/Classifier.cpp:136]   --->   Operation 1769 'add' 'dot_products_2_V_1' <Predicate = (!exitcond4_i_i)> <Delay = 4.37> <Core = "TAddSub">   --->   Core 80 'TAddSub' <Latency = 0> <II = 1> <Delay = 2.18> <IPBlock> <Opcode : 'add' 'sub'> <InPorts = 3> <OutPorts = 1> <Sync> <CReg>
ST_6 : Operation 1770 [1/1] (0.00ns)   --->   "%tmp47_cast = sext i31 %tmp47 to i32" [MathieuHelpMe/Classifier.cpp:72->MathieuHelpMe/Classifier.cpp:136]   --->   Operation 1770 'sext' 'tmp47_cast' <Predicate = (!exitcond4_i_i)> <Delay = 0.00>
ST_6 : Operation 1771 [1/1] (0.00ns)   --->   "%tmp48_cast = sext i31 %tmp48 to i32" [MathieuHelpMe/Classifier.cpp:72->MathieuHelpMe/Classifier.cpp:136]   --->   Operation 1771 'sext' 'tmp48_cast' <Predicate = (!exitcond4_i_i)> <Delay = 0.00>
ST_6 : Operation 1772 [1/1] (0.00ns) (grouped into TernaryAdder)   --->   "%tmp46 = add i32 %tmp47_cast, %tmp48_cast" [MathieuHelpMe/Classifier.cpp:72->MathieuHelpMe/Classifier.cpp:136]   --->   Operation 1772 'add' 'tmp46' <Predicate = (!exitcond4_i_i)> <Delay = 0.00> <Core = "TAddSub">   --->   Core 80 'TAddSub' <Latency = 0> <II = 1> <Delay = 2.18> <IPBlock> <Opcode : 'add' 'sub'> <InPorts = 3> <OutPorts = 1> <Sync> <CReg>
ST_6 : Operation 1773 [1/1] (4.37ns) (root node of TernaryAdder)   --->   "%tmp42 = add i32 %tmp43, %tmp46" [MathieuHelpMe/Classifier.cpp:72->MathieuHelpMe/Classifier.cpp:136]   --->   Operation 1773 'add' 'tmp42' <Predicate = (!exitcond4_i_i)> <Delay = 4.37> <Core = "TAddSub">   --->   Core 80 'TAddSub' <Latency = 0> <II = 1> <Delay = 2.18> <IPBlock> <Opcode : 'add' 'sub'> <InPorts = 3> <OutPorts = 1> <Sync> <CReg>
ST_6 : Operation 1774 [1/1] (0.00ns)   --->   "%tmp54_cast = sext i31 %tmp54 to i32" [MathieuHelpMe/Classifier.cpp:72->MathieuHelpMe/Classifier.cpp:136]   --->   Operation 1774 'sext' 'tmp54_cast' <Predicate = (!exitcond4_i_i)> <Delay = 0.00>
ST_6 : Operation 1775 [1/1] (0.00ns)   --->   "%tmp55_cast = sext i31 %tmp55 to i32" [MathieuHelpMe/Classifier.cpp:72->MathieuHelpMe/Classifier.cpp:136]   --->   Operation 1775 'sext' 'tmp55_cast' <Predicate = (!exitcond4_i_i)> <Delay = 0.00>
ST_6 : Operation 1776 [1/1] (0.00ns) (grouped into TernaryAdder)   --->   "%tmp53 = add i32 %tmp54_cast, %tmp55_cast" [MathieuHelpMe/Classifier.cpp:72->MathieuHelpMe/Classifier.cpp:136]   --->   Operation 1776 'add' 'tmp53' <Predicate = (!exitcond4_i_i)> <Delay = 0.00> <Core = "TAddSub">   --->   Core 80 'TAddSub' <Latency = 0> <II = 1> <Delay = 2.18> <IPBlock> <Opcode : 'add' 'sub'> <InPorts = 3> <OutPorts = 1> <Sync> <CReg>
ST_6 : Operation 1777 [1/1] (4.37ns) (root node of TernaryAdder)   --->   "%tmp49 = add i32 %tmp50, %tmp53" [MathieuHelpMe/Classifier.cpp:72->MathieuHelpMe/Classifier.cpp:136]   --->   Operation 1777 'add' 'tmp49' <Predicate = (!exitcond4_i_i)> <Delay = 4.37> <Core = "TAddSub">   --->   Core 80 'TAddSub' <Latency = 0> <II = 1> <Delay = 2.18> <IPBlock> <Opcode : 'add' 'sub'> <InPorts = 3> <OutPorts = 1> <Sync> <CReg>
ST_6 : Operation 1778 [1/1] (0.00ns) (grouped into TernaryAdder)   --->   "%tmp_4 = add i32 %tmp42, %tmp49" [MathieuHelpMe/Classifier.cpp:72->MathieuHelpMe/Classifier.cpp:136]   --->   Operation 1778 'add' 'tmp_4' <Predicate = (!exitcond4_i_i)> <Delay = 0.00> <Core = "TAddSub">   --->   Core 80 'TAddSub' <Latency = 0> <II = 1> <Delay = 2.18> <IPBlock> <Opcode : 'add' 'sub'> <InPorts = 3> <OutPorts = 1> <Sync> <CReg>
ST_6 : Operation 1779 [1/1] (4.37ns) (root node of TernaryAdder)   --->   "%dot_products_3_V_1 = add i32 %tmp_4, %dot_products_3_V" [MathieuHelpMe/Classifier.cpp:72->MathieuHelpMe/Classifier.cpp:136]   --->   Operation 1779 'add' 'dot_products_3_V_1' <Predicate = (!exitcond4_i_i)> <Delay = 4.37> <Core = "TAddSub">   --->   Core 80 'TAddSub' <Latency = 0> <II = 1> <Delay = 2.18> <IPBlock> <Opcode : 'add' 'sub'> <InPorts = 3> <OutPorts = 1> <Sync> <CReg>
ST_6 : Operation 1780 [1/1] (0.00ns)   --->   "%tmp61_cast = sext i31 %tmp61 to i32" [MathieuHelpMe/Classifier.cpp:72->MathieuHelpMe/Classifier.cpp:136]   --->   Operation 1780 'sext' 'tmp61_cast' <Predicate = (!exitcond4_i_i)> <Delay = 0.00>
ST_6 : Operation 1781 [1/1] (0.00ns)   --->   "%tmp62_cast = sext i31 %tmp62 to i32" [MathieuHelpMe/Classifier.cpp:72->MathieuHelpMe/Classifier.cpp:136]   --->   Operation 1781 'sext' 'tmp62_cast' <Predicate = (!exitcond4_i_i)> <Delay = 0.00>
ST_6 : Operation 1782 [1/1] (0.00ns) (grouped into TernaryAdder)   --->   "%tmp60 = add i32 %tmp61_cast, %tmp62_cast" [MathieuHelpMe/Classifier.cpp:72->MathieuHelpMe/Classifier.cpp:136]   --->   Operation 1782 'add' 'tmp60' <Predicate = (!exitcond4_i_i)> <Delay = 0.00> <Core = "TAddSub">   --->   Core 80 'TAddSub' <Latency = 0> <II = 1> <Delay = 2.18> <IPBlock> <Opcode : 'add' 'sub'> <InPorts = 3> <OutPorts = 1> <Sync> <CReg>
ST_6 : Operation 1783 [1/1] (4.37ns) (root node of TernaryAdder)   --->   "%tmp56 = add i32 %tmp57, %tmp60" [MathieuHelpMe/Classifier.cpp:72->MathieuHelpMe/Classifier.cpp:136]   --->   Operation 1783 'add' 'tmp56' <Predicate = (!exitcond4_i_i)> <Delay = 4.37> <Core = "TAddSub">   --->   Core 80 'TAddSub' <Latency = 0> <II = 1> <Delay = 2.18> <IPBlock> <Opcode : 'add' 'sub'> <InPorts = 3> <OutPorts = 1> <Sync> <CReg>
ST_6 : Operation 1784 [1/1] (0.00ns)   --->   "%tmp68_cast = sext i31 %tmp68 to i32" [MathieuHelpMe/Classifier.cpp:72->MathieuHelpMe/Classifier.cpp:136]   --->   Operation 1784 'sext' 'tmp68_cast' <Predicate = (!exitcond4_i_i)> <Delay = 0.00>
ST_6 : Operation 1785 [1/1] (0.00ns)   --->   "%tmp69_cast = sext i31 %tmp69 to i32" [MathieuHelpMe/Classifier.cpp:72->MathieuHelpMe/Classifier.cpp:136]   --->   Operation 1785 'sext' 'tmp69_cast' <Predicate = (!exitcond4_i_i)> <Delay = 0.00>
ST_6 : Operation 1786 [1/1] (0.00ns) (grouped into TernaryAdder)   --->   "%tmp67 = add i32 %tmp68_cast, %tmp69_cast" [MathieuHelpMe/Classifier.cpp:72->MathieuHelpMe/Classifier.cpp:136]   --->   Operation 1786 'add' 'tmp67' <Predicate = (!exitcond4_i_i)> <Delay = 0.00> <Core = "TAddSub">   --->   Core 80 'TAddSub' <Latency = 0> <II = 1> <Delay = 2.18> <IPBlock> <Opcode : 'add' 'sub'> <InPorts = 3> <OutPorts = 1> <Sync> <CReg>
ST_6 : Operation 1787 [1/1] (4.37ns) (root node of TernaryAdder)   --->   "%tmp63 = add i32 %tmp64, %tmp67" [MathieuHelpMe/Classifier.cpp:72->MathieuHelpMe/Classifier.cpp:136]   --->   Operation 1787 'add' 'tmp63' <Predicate = (!exitcond4_i_i)> <Delay = 4.37> <Core = "TAddSub">   --->   Core 80 'TAddSub' <Latency = 0> <II = 1> <Delay = 2.18> <IPBlock> <Opcode : 'add' 'sub'> <InPorts = 3> <OutPorts = 1> <Sync> <CReg>
ST_6 : Operation 1788 [1/1] (0.00ns) (grouped into TernaryAdder)   --->   "%tmp_5 = add i32 %tmp56, %tmp63" [MathieuHelpMe/Classifier.cpp:72->MathieuHelpMe/Classifier.cpp:136]   --->   Operation 1788 'add' 'tmp_5' <Predicate = (!exitcond4_i_i)> <Delay = 0.00> <Core = "TAddSub">   --->   Core 80 'TAddSub' <Latency = 0> <II = 1> <Delay = 2.18> <IPBlock> <Opcode : 'add' 'sub'> <InPorts = 3> <OutPorts = 1> <Sync> <CReg>
ST_6 : Operation 1789 [1/1] (4.37ns) (root node of TernaryAdder)   --->   "%dot_products_4_V_1 = add i32 %tmp_5, %dot_products_4_V" [MathieuHelpMe/Classifier.cpp:72->MathieuHelpMe/Classifier.cpp:136]   --->   Operation 1789 'add' 'dot_products_4_V_1' <Predicate = (!exitcond4_i_i)> <Delay = 4.37> <Core = "TAddSub">   --->   Core 80 'TAddSub' <Latency = 0> <II = 1> <Delay = 2.18> <IPBlock> <Opcode : 'add' 'sub'> <InPorts = 3> <OutPorts = 1> <Sync> <CReg>
ST_6 : Operation 1790 [1/1] (0.00ns)   --->   "%tmp75_cast = sext i31 %tmp75 to i32" [MathieuHelpMe/Classifier.cpp:72->MathieuHelpMe/Classifier.cpp:136]   --->   Operation 1790 'sext' 'tmp75_cast' <Predicate = (!exitcond4_i_i)> <Delay = 0.00>
ST_6 : Operation 1791 [1/1] (0.00ns)   --->   "%tmp76_cast = sext i31 %tmp76 to i32" [MathieuHelpMe/Classifier.cpp:72->MathieuHelpMe/Classifier.cpp:136]   --->   Operation 1791 'sext' 'tmp76_cast' <Predicate = (!exitcond4_i_i)> <Delay = 0.00>
ST_6 : Operation 1792 [1/1] (0.00ns) (grouped into TernaryAdder)   --->   "%tmp74 = add i32 %tmp75_cast, %tmp76_cast" [MathieuHelpMe/Classifier.cpp:72->MathieuHelpMe/Classifier.cpp:136]   --->   Operation 1792 'add' 'tmp74' <Predicate = (!exitcond4_i_i)> <Delay = 0.00> <Core = "TAddSub">   --->   Core 80 'TAddSub' <Latency = 0> <II = 1> <Delay = 2.18> <IPBlock> <Opcode : 'add' 'sub'> <InPorts = 3> <OutPorts = 1> <Sync> <CReg>
ST_6 : Operation 1793 [1/1] (4.37ns) (root node of TernaryAdder)   --->   "%tmp70 = add i32 %tmp71, %tmp74" [MathieuHelpMe/Classifier.cpp:72->MathieuHelpMe/Classifier.cpp:136]   --->   Operation 1793 'add' 'tmp70' <Predicate = (!exitcond4_i_i)> <Delay = 4.37> <Core = "TAddSub">   --->   Core 80 'TAddSub' <Latency = 0> <II = 1> <Delay = 2.18> <IPBlock> <Opcode : 'add' 'sub'> <InPorts = 3> <OutPorts = 1> <Sync> <CReg>
ST_6 : Operation 1794 [1/1] (0.00ns)   --->   "%tmp82_cast = sext i31 %tmp82 to i32" [MathieuHelpMe/Classifier.cpp:72->MathieuHelpMe/Classifier.cpp:136]   --->   Operation 1794 'sext' 'tmp82_cast' <Predicate = (!exitcond4_i_i)> <Delay = 0.00>
ST_6 : Operation 1795 [1/1] (0.00ns)   --->   "%tmp83_cast = sext i31 %tmp83 to i32" [MathieuHelpMe/Classifier.cpp:72->MathieuHelpMe/Classifier.cpp:136]   --->   Operation 1795 'sext' 'tmp83_cast' <Predicate = (!exitcond4_i_i)> <Delay = 0.00>
ST_6 : Operation 1796 [1/1] (0.00ns) (grouped into TernaryAdder)   --->   "%tmp81 = add i32 %tmp82_cast, %tmp83_cast" [MathieuHelpMe/Classifier.cpp:72->MathieuHelpMe/Classifier.cpp:136]   --->   Operation 1796 'add' 'tmp81' <Predicate = (!exitcond4_i_i)> <Delay = 0.00> <Core = "TAddSub">   --->   Core 80 'TAddSub' <Latency = 0> <II = 1> <Delay = 2.18> <IPBlock> <Opcode : 'add' 'sub'> <InPorts = 3> <OutPorts = 1> <Sync> <CReg>
ST_6 : Operation 1797 [1/1] (4.37ns) (root node of TernaryAdder)   --->   "%tmp77 = add i32 %tmp78, %tmp81" [MathieuHelpMe/Classifier.cpp:72->MathieuHelpMe/Classifier.cpp:136]   --->   Operation 1797 'add' 'tmp77' <Predicate = (!exitcond4_i_i)> <Delay = 4.37> <Core = "TAddSub">   --->   Core 80 'TAddSub' <Latency = 0> <II = 1> <Delay = 2.18> <IPBlock> <Opcode : 'add' 'sub'> <InPorts = 3> <OutPorts = 1> <Sync> <CReg>
ST_6 : Operation 1798 [1/1] (0.00ns) (grouped into TernaryAdder)   --->   "%tmp_6 = add i32 %tmp70, %tmp77" [MathieuHelpMe/Classifier.cpp:72->MathieuHelpMe/Classifier.cpp:136]   --->   Operation 1798 'add' 'tmp_6' <Predicate = (!exitcond4_i_i)> <Delay = 0.00> <Core = "TAddSub">   --->   Core 80 'TAddSub' <Latency = 0> <II = 1> <Delay = 2.18> <IPBlock> <Opcode : 'add' 'sub'> <InPorts = 3> <OutPorts = 1> <Sync> <CReg>
ST_6 : Operation 1799 [1/1] (4.37ns) (root node of TernaryAdder)   --->   "%dot_products_5_V_1 = add i32 %tmp_6, %dot_products_5_V" [MathieuHelpMe/Classifier.cpp:72->MathieuHelpMe/Classifier.cpp:136]   --->   Operation 1799 'add' 'dot_products_5_V_1' <Predicate = (!exitcond4_i_i)> <Delay = 4.37> <Core = "TAddSub">   --->   Core 80 'TAddSub' <Latency = 0> <II = 1> <Delay = 2.18> <IPBlock> <Opcode : 'add' 'sub'> <InPorts = 3> <OutPorts = 1> <Sync> <CReg>
ST_6 : Operation 1800 [1/1] (0.00ns)   --->   "%tmp89_cast = sext i31 %tmp89 to i32" [MathieuHelpMe/Classifier.cpp:72->MathieuHelpMe/Classifier.cpp:136]   --->   Operation 1800 'sext' 'tmp89_cast' <Predicate = (!exitcond4_i_i)> <Delay = 0.00>
ST_6 : Operation 1801 [1/1] (0.00ns)   --->   "%tmp90_cast = sext i31 %tmp90 to i32" [MathieuHelpMe/Classifier.cpp:72->MathieuHelpMe/Classifier.cpp:136]   --->   Operation 1801 'sext' 'tmp90_cast' <Predicate = (!exitcond4_i_i)> <Delay = 0.00>
ST_6 : Operation 1802 [1/1] (0.00ns) (grouped into TernaryAdder)   --->   "%tmp88 = add i32 %tmp89_cast, %tmp90_cast" [MathieuHelpMe/Classifier.cpp:72->MathieuHelpMe/Classifier.cpp:136]   --->   Operation 1802 'add' 'tmp88' <Predicate = (!exitcond4_i_i)> <Delay = 0.00> <Core = "TAddSub">   --->   Core 80 'TAddSub' <Latency = 0> <II = 1> <Delay = 2.18> <IPBlock> <Opcode : 'add' 'sub'> <InPorts = 3> <OutPorts = 1> <Sync> <CReg>
ST_6 : Operation 1803 [1/1] (4.37ns) (root node of TernaryAdder)   --->   "%tmp84 = add i32 %tmp85, %tmp88" [MathieuHelpMe/Classifier.cpp:72->MathieuHelpMe/Classifier.cpp:136]   --->   Operation 1803 'add' 'tmp84' <Predicate = (!exitcond4_i_i)> <Delay = 4.37> <Core = "TAddSub">   --->   Core 80 'TAddSub' <Latency = 0> <II = 1> <Delay = 2.18> <IPBlock> <Opcode : 'add' 'sub'> <InPorts = 3> <OutPorts = 1> <Sync> <CReg>
ST_6 : Operation 1804 [1/1] (0.00ns)   --->   "%tmp96_cast = sext i31 %tmp96 to i32" [MathieuHelpMe/Classifier.cpp:72->MathieuHelpMe/Classifier.cpp:136]   --->   Operation 1804 'sext' 'tmp96_cast' <Predicate = (!exitcond4_i_i)> <Delay = 0.00>
ST_6 : Operation 1805 [1/1] (0.00ns)   --->   "%tmp97_cast = sext i31 %tmp97 to i32" [MathieuHelpMe/Classifier.cpp:72->MathieuHelpMe/Classifier.cpp:136]   --->   Operation 1805 'sext' 'tmp97_cast' <Predicate = (!exitcond4_i_i)> <Delay = 0.00>
ST_6 : Operation 1806 [1/1] (0.00ns) (grouped into TernaryAdder)   --->   "%tmp95 = add i32 %tmp96_cast, %tmp97_cast" [MathieuHelpMe/Classifier.cpp:72->MathieuHelpMe/Classifier.cpp:136]   --->   Operation 1806 'add' 'tmp95' <Predicate = (!exitcond4_i_i)> <Delay = 0.00> <Core = "TAddSub">   --->   Core 80 'TAddSub' <Latency = 0> <II = 1> <Delay = 2.18> <IPBlock> <Opcode : 'add' 'sub'> <InPorts = 3> <OutPorts = 1> <Sync> <CReg>
ST_6 : Operation 1807 [1/1] (4.37ns) (root node of TernaryAdder)   --->   "%tmp91 = add i32 %tmp92, %tmp95" [MathieuHelpMe/Classifier.cpp:72->MathieuHelpMe/Classifier.cpp:136]   --->   Operation 1807 'add' 'tmp91' <Predicate = (!exitcond4_i_i)> <Delay = 4.37> <Core = "TAddSub">   --->   Core 80 'TAddSub' <Latency = 0> <II = 1> <Delay = 2.18> <IPBlock> <Opcode : 'add' 'sub'> <InPorts = 3> <OutPorts = 1> <Sync> <CReg>
ST_6 : Operation 1808 [1/1] (0.00ns) (grouped into TernaryAdder)   --->   "%tmp_7 = add i32 %tmp84, %tmp91" [MathieuHelpMe/Classifier.cpp:72->MathieuHelpMe/Classifier.cpp:136]   --->   Operation 1808 'add' 'tmp_7' <Predicate = (!exitcond4_i_i)> <Delay = 0.00> <Core = "TAddSub">   --->   Core 80 'TAddSub' <Latency = 0> <II = 1> <Delay = 2.18> <IPBlock> <Opcode : 'add' 'sub'> <InPorts = 3> <OutPorts = 1> <Sync> <CReg>
ST_6 : Operation 1809 [1/1] (4.37ns) (root node of TernaryAdder)   --->   "%dot_products_6_V_1 = add i32 %tmp_7, %dot_products_6_V" [MathieuHelpMe/Classifier.cpp:72->MathieuHelpMe/Classifier.cpp:136]   --->   Operation 1809 'add' 'dot_products_6_V_1' <Predicate = (!exitcond4_i_i)> <Delay = 4.37> <Core = "TAddSub">   --->   Core 80 'TAddSub' <Latency = 0> <II = 1> <Delay = 2.18> <IPBlock> <Opcode : 'add' 'sub'> <InPorts = 3> <OutPorts = 1> <Sync> <CReg>
ST_6 : Operation 1810 [1/1] (0.00ns)   --->   "%tmp103_cast = sext i31 %tmp103 to i32" [MathieuHelpMe/Classifier.cpp:72->MathieuHelpMe/Classifier.cpp:136]   --->   Operation 1810 'sext' 'tmp103_cast' <Predicate = (!exitcond4_i_i)> <Delay = 0.00>
ST_6 : Operation 1811 [1/1] (0.00ns)   --->   "%tmp104_cast = sext i31 %tmp104 to i32" [MathieuHelpMe/Classifier.cpp:72->MathieuHelpMe/Classifier.cpp:136]   --->   Operation 1811 'sext' 'tmp104_cast' <Predicate = (!exitcond4_i_i)> <Delay = 0.00>
ST_6 : Operation 1812 [1/1] (0.00ns) (grouped into TernaryAdder)   --->   "%tmp102 = add i32 %tmp103_cast, %tmp104_cast" [MathieuHelpMe/Classifier.cpp:72->MathieuHelpMe/Classifier.cpp:136]   --->   Operation 1812 'add' 'tmp102' <Predicate = (!exitcond4_i_i)> <Delay = 0.00> <Core = "TAddSub">   --->   Core 80 'TAddSub' <Latency = 0> <II = 1> <Delay = 2.18> <IPBlock> <Opcode : 'add' 'sub'> <InPorts = 3> <OutPorts = 1> <Sync> <CReg>
ST_6 : Operation 1813 [1/1] (4.37ns) (root node of TernaryAdder)   --->   "%tmp98 = add i32 %tmp99, %tmp102" [MathieuHelpMe/Classifier.cpp:72->MathieuHelpMe/Classifier.cpp:136]   --->   Operation 1813 'add' 'tmp98' <Predicate = (!exitcond4_i_i)> <Delay = 4.37> <Core = "TAddSub">   --->   Core 80 'TAddSub' <Latency = 0> <II = 1> <Delay = 2.18> <IPBlock> <Opcode : 'add' 'sub'> <InPorts = 3> <OutPorts = 1> <Sync> <CReg>
ST_6 : Operation 1814 [1/1] (0.00ns)   --->   "%tmp110_cast = sext i31 %tmp110 to i32" [MathieuHelpMe/Classifier.cpp:72->MathieuHelpMe/Classifier.cpp:136]   --->   Operation 1814 'sext' 'tmp110_cast' <Predicate = (!exitcond4_i_i)> <Delay = 0.00>
ST_6 : Operation 1815 [1/1] (0.00ns)   --->   "%tmp111_cast = sext i31 %tmp111 to i32" [MathieuHelpMe/Classifier.cpp:72->MathieuHelpMe/Classifier.cpp:136]   --->   Operation 1815 'sext' 'tmp111_cast' <Predicate = (!exitcond4_i_i)> <Delay = 0.00>
ST_6 : Operation 1816 [1/1] (0.00ns) (grouped into TernaryAdder)   --->   "%tmp109 = add i32 %tmp110_cast, %tmp111_cast" [MathieuHelpMe/Classifier.cpp:72->MathieuHelpMe/Classifier.cpp:136]   --->   Operation 1816 'add' 'tmp109' <Predicate = (!exitcond4_i_i)> <Delay = 0.00> <Core = "TAddSub">   --->   Core 80 'TAddSub' <Latency = 0> <II = 1> <Delay = 2.18> <IPBlock> <Opcode : 'add' 'sub'> <InPorts = 3> <OutPorts = 1> <Sync> <CReg>
ST_6 : Operation 1817 [1/1] (4.37ns) (root node of TernaryAdder)   --->   "%tmp105 = add i32 %tmp106, %tmp109" [MathieuHelpMe/Classifier.cpp:72->MathieuHelpMe/Classifier.cpp:136]   --->   Operation 1817 'add' 'tmp105' <Predicate = (!exitcond4_i_i)> <Delay = 4.37> <Core = "TAddSub">   --->   Core 80 'TAddSub' <Latency = 0> <II = 1> <Delay = 2.18> <IPBlock> <Opcode : 'add' 'sub'> <InPorts = 3> <OutPorts = 1> <Sync> <CReg>
ST_6 : Operation 1818 [1/1] (0.00ns) (grouped into TernaryAdder)   --->   "%tmp_8 = add i32 %tmp98, %tmp105" [MathieuHelpMe/Classifier.cpp:72->MathieuHelpMe/Classifier.cpp:136]   --->   Operation 1818 'add' 'tmp_8' <Predicate = (!exitcond4_i_i)> <Delay = 0.00> <Core = "TAddSub">   --->   Core 80 'TAddSub' <Latency = 0> <II = 1> <Delay = 2.18> <IPBlock> <Opcode : 'add' 'sub'> <InPorts = 3> <OutPorts = 1> <Sync> <CReg>
ST_6 : Operation 1819 [1/1] (4.37ns) (root node of TernaryAdder)   --->   "%dot_products_7_V_1 = add i32 %tmp_8, %dot_products_7_V" [MathieuHelpMe/Classifier.cpp:72->MathieuHelpMe/Classifier.cpp:136]   --->   Operation 1819 'add' 'dot_products_7_V_1' <Predicate = (!exitcond4_i_i)> <Delay = 4.37> <Core = "TAddSub">   --->   Core 80 'TAddSub' <Latency = 0> <II = 1> <Delay = 2.18> <IPBlock> <Opcode : 'add' 'sub'> <InPorts = 3> <OutPorts = 1> <Sync> <CReg>
ST_6 : Operation 1820 [1/1] (0.00ns)   --->   "%tmp117_cast = sext i31 %tmp117 to i32" [MathieuHelpMe/Classifier.cpp:72->MathieuHelpMe/Classifier.cpp:136]   --->   Operation 1820 'sext' 'tmp117_cast' <Predicate = (!exitcond4_i_i)> <Delay = 0.00>
ST_6 : Operation 1821 [1/1] (0.00ns)   --->   "%tmp118_cast = sext i31 %tmp118 to i32" [MathieuHelpMe/Classifier.cpp:72->MathieuHelpMe/Classifier.cpp:136]   --->   Operation 1821 'sext' 'tmp118_cast' <Predicate = (!exitcond4_i_i)> <Delay = 0.00>
ST_6 : Operation 1822 [1/1] (0.00ns) (grouped into TernaryAdder)   --->   "%tmp116 = add i32 %tmp117_cast, %tmp118_cast" [MathieuHelpMe/Classifier.cpp:72->MathieuHelpMe/Classifier.cpp:136]   --->   Operation 1822 'add' 'tmp116' <Predicate = (!exitcond4_i_i)> <Delay = 0.00> <Core = "TAddSub">   --->   Core 80 'TAddSub' <Latency = 0> <II = 1> <Delay = 2.18> <IPBlock> <Opcode : 'add' 'sub'> <InPorts = 3> <OutPorts = 1> <Sync> <CReg>
ST_6 : Operation 1823 [1/1] (4.37ns) (root node of TernaryAdder)   --->   "%tmp112 = add i32 %tmp113, %tmp116" [MathieuHelpMe/Classifier.cpp:72->MathieuHelpMe/Classifier.cpp:136]   --->   Operation 1823 'add' 'tmp112' <Predicate = (!exitcond4_i_i)> <Delay = 4.37> <Core = "TAddSub">   --->   Core 80 'TAddSub' <Latency = 0> <II = 1> <Delay = 2.18> <IPBlock> <Opcode : 'add' 'sub'> <InPorts = 3> <OutPorts = 1> <Sync> <CReg>
ST_6 : Operation 1824 [1/1] (0.00ns)   --->   "%tmp124_cast = sext i31 %tmp124 to i32" [MathieuHelpMe/Classifier.cpp:72->MathieuHelpMe/Classifier.cpp:136]   --->   Operation 1824 'sext' 'tmp124_cast' <Predicate = (!exitcond4_i_i)> <Delay = 0.00>
ST_6 : Operation 1825 [1/1] (0.00ns)   --->   "%tmp125_cast = sext i31 %tmp125 to i32" [MathieuHelpMe/Classifier.cpp:72->MathieuHelpMe/Classifier.cpp:136]   --->   Operation 1825 'sext' 'tmp125_cast' <Predicate = (!exitcond4_i_i)> <Delay = 0.00>
ST_6 : Operation 1826 [1/1] (0.00ns) (grouped into TernaryAdder)   --->   "%tmp123 = add i32 %tmp124_cast, %tmp125_cast" [MathieuHelpMe/Classifier.cpp:72->MathieuHelpMe/Classifier.cpp:136]   --->   Operation 1826 'add' 'tmp123' <Predicate = (!exitcond4_i_i)> <Delay = 0.00> <Core = "TAddSub">   --->   Core 80 'TAddSub' <Latency = 0> <II = 1> <Delay = 2.18> <IPBlock> <Opcode : 'add' 'sub'> <InPorts = 3> <OutPorts = 1> <Sync> <CReg>
ST_6 : Operation 1827 [1/1] (4.37ns) (root node of TernaryAdder)   --->   "%tmp119 = add i32 %tmp120, %tmp123" [MathieuHelpMe/Classifier.cpp:72->MathieuHelpMe/Classifier.cpp:136]   --->   Operation 1827 'add' 'tmp119' <Predicate = (!exitcond4_i_i)> <Delay = 4.37> <Core = "TAddSub">   --->   Core 80 'TAddSub' <Latency = 0> <II = 1> <Delay = 2.18> <IPBlock> <Opcode : 'add' 'sub'> <InPorts = 3> <OutPorts = 1> <Sync> <CReg>
ST_6 : Operation 1828 [1/1] (0.00ns) (grouped into TernaryAdder)   --->   "%tmp_9 = add i32 %tmp112, %tmp119" [MathieuHelpMe/Classifier.cpp:72->MathieuHelpMe/Classifier.cpp:136]   --->   Operation 1828 'add' 'tmp_9' <Predicate = (!exitcond4_i_i)> <Delay = 0.00> <Core = "TAddSub">   --->   Core 80 'TAddSub' <Latency = 0> <II = 1> <Delay = 2.18> <IPBlock> <Opcode : 'add' 'sub'> <InPorts = 3> <OutPorts = 1> <Sync> <CReg>
ST_6 : Operation 1829 [1/1] (4.37ns) (root node of TernaryAdder)   --->   "%dot_products_8_V_1 = add i32 %tmp_9, %dot_products_8_V" [MathieuHelpMe/Classifier.cpp:72->MathieuHelpMe/Classifier.cpp:136]   --->   Operation 1829 'add' 'dot_products_8_V_1' <Predicate = (!exitcond4_i_i)> <Delay = 4.37> <Core = "TAddSub">   --->   Core 80 'TAddSub' <Latency = 0> <II = 1> <Delay = 2.18> <IPBlock> <Opcode : 'add' 'sub'> <InPorts = 3> <OutPorts = 1> <Sync> <CReg>
ST_6 : Operation 1830 [1/1] (0.00ns)   --->   "%tmp131_cast = sext i31 %tmp131 to i32" [MathieuHelpMe/Classifier.cpp:72->MathieuHelpMe/Classifier.cpp:136]   --->   Operation 1830 'sext' 'tmp131_cast' <Predicate = (!exitcond4_i_i)> <Delay = 0.00>
ST_6 : Operation 1831 [1/1] (0.00ns)   --->   "%tmp132_cast = sext i31 %tmp132 to i32" [MathieuHelpMe/Classifier.cpp:72->MathieuHelpMe/Classifier.cpp:136]   --->   Operation 1831 'sext' 'tmp132_cast' <Predicate = (!exitcond4_i_i)> <Delay = 0.00>
ST_6 : Operation 1832 [1/1] (0.00ns) (grouped into TernaryAdder)   --->   "%tmp130 = add i32 %tmp131_cast, %tmp132_cast" [MathieuHelpMe/Classifier.cpp:72->MathieuHelpMe/Classifier.cpp:136]   --->   Operation 1832 'add' 'tmp130' <Predicate = (!exitcond4_i_i)> <Delay = 0.00> <Core = "TAddSub">   --->   Core 80 'TAddSub' <Latency = 0> <II = 1> <Delay = 2.18> <IPBlock> <Opcode : 'add' 'sub'> <InPorts = 3> <OutPorts = 1> <Sync> <CReg>
ST_6 : Operation 1833 [1/1] (4.37ns) (root node of TernaryAdder)   --->   "%tmp126 = add i32 %tmp127, %tmp130" [MathieuHelpMe/Classifier.cpp:72->MathieuHelpMe/Classifier.cpp:136]   --->   Operation 1833 'add' 'tmp126' <Predicate = (!exitcond4_i_i)> <Delay = 4.37> <Core = "TAddSub">   --->   Core 80 'TAddSub' <Latency = 0> <II = 1> <Delay = 2.18> <IPBlock> <Opcode : 'add' 'sub'> <InPorts = 3> <OutPorts = 1> <Sync> <CReg>
ST_6 : Operation 1834 [1/1] (0.00ns)   --->   "%tmp138_cast = sext i31 %tmp138 to i32" [MathieuHelpMe/Classifier.cpp:72->MathieuHelpMe/Classifier.cpp:136]   --->   Operation 1834 'sext' 'tmp138_cast' <Predicate = (!exitcond4_i_i)> <Delay = 0.00>
ST_6 : Operation 1835 [1/1] (0.00ns)   --->   "%tmp139_cast = sext i31 %tmp139 to i32" [MathieuHelpMe/Classifier.cpp:72->MathieuHelpMe/Classifier.cpp:136]   --->   Operation 1835 'sext' 'tmp139_cast' <Predicate = (!exitcond4_i_i)> <Delay = 0.00>
ST_6 : Operation 1836 [1/1] (0.00ns) (grouped into TernaryAdder)   --->   "%tmp137 = add i32 %tmp138_cast, %tmp139_cast" [MathieuHelpMe/Classifier.cpp:72->MathieuHelpMe/Classifier.cpp:136]   --->   Operation 1836 'add' 'tmp137' <Predicate = (!exitcond4_i_i)> <Delay = 0.00> <Core = "TAddSub">   --->   Core 80 'TAddSub' <Latency = 0> <II = 1> <Delay = 2.18> <IPBlock> <Opcode : 'add' 'sub'> <InPorts = 3> <OutPorts = 1> <Sync> <CReg>
ST_6 : Operation 1837 [1/1] (4.37ns) (root node of TernaryAdder)   --->   "%tmp133 = add i32 %tmp134, %tmp137" [MathieuHelpMe/Classifier.cpp:72->MathieuHelpMe/Classifier.cpp:136]   --->   Operation 1837 'add' 'tmp133' <Predicate = (!exitcond4_i_i)> <Delay = 4.37> <Core = "TAddSub">   --->   Core 80 'TAddSub' <Latency = 0> <II = 1> <Delay = 2.18> <IPBlock> <Opcode : 'add' 'sub'> <InPorts = 3> <OutPorts = 1> <Sync> <CReg>
ST_6 : Operation 1838 [1/1] (0.00ns) (grouped into TernaryAdder)   --->   "%tmp_10 = add i32 %tmp126, %tmp133" [MathieuHelpMe/Classifier.cpp:72->MathieuHelpMe/Classifier.cpp:136]   --->   Operation 1838 'add' 'tmp_10' <Predicate = (!exitcond4_i_i)> <Delay = 0.00> <Core = "TAddSub">   --->   Core 80 'TAddSub' <Latency = 0> <II = 1> <Delay = 2.18> <IPBlock> <Opcode : 'add' 'sub'> <InPorts = 3> <OutPorts = 1> <Sync> <CReg>
ST_6 : Operation 1839 [1/1] (4.37ns) (root node of TernaryAdder)   --->   "%dot_products_9_V_1 = add i32 %tmp_10, %dot_products_9_V" [MathieuHelpMe/Classifier.cpp:72->MathieuHelpMe/Classifier.cpp:136]   --->   Operation 1839 'add' 'dot_products_9_V_1' <Predicate = (!exitcond4_i_i)> <Delay = 4.37> <Core = "TAddSub">   --->   Core 80 'TAddSub' <Latency = 0> <II = 1> <Delay = 2.18> <IPBlock> <Opcode : 'add' 'sub'> <InPorts = 3> <OutPorts = 1> <Sync> <CReg>
ST_6 : Operation 1840 [1/1] (0.00ns)   --->   "%tmp145_cast = sext i31 %tmp145 to i32" [MathieuHelpMe/Classifier.cpp:72->MathieuHelpMe/Classifier.cpp:136]   --->   Operation 1840 'sext' 'tmp145_cast' <Predicate = (!exitcond4_i_i)> <Delay = 0.00>
ST_6 : Operation 1841 [1/1] (0.00ns)   --->   "%tmp146_cast = sext i31 %tmp146 to i32" [MathieuHelpMe/Classifier.cpp:72->MathieuHelpMe/Classifier.cpp:136]   --->   Operation 1841 'sext' 'tmp146_cast' <Predicate = (!exitcond4_i_i)> <Delay = 0.00>
ST_6 : Operation 1842 [1/1] (0.00ns) (grouped into TernaryAdder)   --->   "%tmp144 = add i32 %tmp145_cast, %tmp146_cast" [MathieuHelpMe/Classifier.cpp:72->MathieuHelpMe/Classifier.cpp:136]   --->   Operation 1842 'add' 'tmp144' <Predicate = (!exitcond4_i_i)> <Delay = 0.00> <Core = "TAddSub">   --->   Core 80 'TAddSub' <Latency = 0> <II = 1> <Delay = 2.18> <IPBlock> <Opcode : 'add' 'sub'> <InPorts = 3> <OutPorts = 1> <Sync> <CReg>
ST_6 : Operation 1843 [1/1] (4.37ns) (root node of TernaryAdder)   --->   "%tmp140 = add i32 %tmp141, %tmp144" [MathieuHelpMe/Classifier.cpp:72->MathieuHelpMe/Classifier.cpp:136]   --->   Operation 1843 'add' 'tmp140' <Predicate = (!exitcond4_i_i)> <Delay = 4.37> <Core = "TAddSub">   --->   Core 80 'TAddSub' <Latency = 0> <II = 1> <Delay = 2.18> <IPBlock> <Opcode : 'add' 'sub'> <InPorts = 3> <OutPorts = 1> <Sync> <CReg>
ST_6 : Operation 1844 [1/1] (0.00ns)   --->   "%tmp152_cast = sext i31 %tmp152 to i32" [MathieuHelpMe/Classifier.cpp:72->MathieuHelpMe/Classifier.cpp:136]   --->   Operation 1844 'sext' 'tmp152_cast' <Predicate = (!exitcond4_i_i)> <Delay = 0.00>
ST_6 : Operation 1845 [1/1] (0.00ns)   --->   "%tmp153_cast = sext i31 %tmp153 to i32" [MathieuHelpMe/Classifier.cpp:72->MathieuHelpMe/Classifier.cpp:136]   --->   Operation 1845 'sext' 'tmp153_cast' <Predicate = (!exitcond4_i_i)> <Delay = 0.00>
ST_6 : Operation 1846 [1/1] (0.00ns) (grouped into TernaryAdder)   --->   "%tmp151 = add i32 %tmp152_cast, %tmp153_cast" [MathieuHelpMe/Classifier.cpp:72->MathieuHelpMe/Classifier.cpp:136]   --->   Operation 1846 'add' 'tmp151' <Predicate = (!exitcond4_i_i)> <Delay = 0.00> <Core = "TAddSub">   --->   Core 80 'TAddSub' <Latency = 0> <II = 1> <Delay = 2.18> <IPBlock> <Opcode : 'add' 'sub'> <InPorts = 3> <OutPorts = 1> <Sync> <CReg>
ST_6 : Operation 1847 [1/1] (4.37ns) (root node of TernaryAdder)   --->   "%tmp147 = add i32 %tmp148, %tmp151" [MathieuHelpMe/Classifier.cpp:72->MathieuHelpMe/Classifier.cpp:136]   --->   Operation 1847 'add' 'tmp147' <Predicate = (!exitcond4_i_i)> <Delay = 4.37> <Core = "TAddSub">   --->   Core 80 'TAddSub' <Latency = 0> <II = 1> <Delay = 2.18> <IPBlock> <Opcode : 'add' 'sub'> <InPorts = 3> <OutPorts = 1> <Sync> <CReg>
ST_6 : Operation 1848 [1/1] (0.00ns) (grouped into TernaryAdder)   --->   "%tmp_11 = add i32 %tmp140, %tmp147" [MathieuHelpMe/Classifier.cpp:72->MathieuHelpMe/Classifier.cpp:136]   --->   Operation 1848 'add' 'tmp_11' <Predicate = (!exitcond4_i_i)> <Delay = 0.00> <Core = "TAddSub">   --->   Core 80 'TAddSub' <Latency = 0> <II = 1> <Delay = 2.18> <IPBlock> <Opcode : 'add' 'sub'> <InPorts = 3> <OutPorts = 1> <Sync> <CReg>
ST_6 : Operation 1849 [1/1] (4.37ns) (root node of TernaryAdder)   --->   "%dot_products_10_V_1 = add i32 %tmp_11, %dot_products_10_V" [MathieuHelpMe/Classifier.cpp:72->MathieuHelpMe/Classifier.cpp:136]   --->   Operation 1849 'add' 'dot_products_10_V_1' <Predicate = (!exitcond4_i_i)> <Delay = 4.37> <Core = "TAddSub">   --->   Core 80 'TAddSub' <Latency = 0> <II = 1> <Delay = 2.18> <IPBlock> <Opcode : 'add' 'sub'> <InPorts = 3> <OutPorts = 1> <Sync> <CReg>
ST_6 : Operation 1850 [1/1] (0.00ns)   --->   "%tmp159_cast = sext i31 %tmp159 to i32" [MathieuHelpMe/Classifier.cpp:72->MathieuHelpMe/Classifier.cpp:136]   --->   Operation 1850 'sext' 'tmp159_cast' <Predicate = (!exitcond4_i_i)> <Delay = 0.00>
ST_6 : Operation 1851 [1/1] (0.00ns)   --->   "%tmp160_cast = sext i31 %tmp160 to i32" [MathieuHelpMe/Classifier.cpp:72->MathieuHelpMe/Classifier.cpp:136]   --->   Operation 1851 'sext' 'tmp160_cast' <Predicate = (!exitcond4_i_i)> <Delay = 0.00>
ST_6 : Operation 1852 [1/1] (0.00ns) (grouped into TernaryAdder)   --->   "%tmp158 = add i32 %tmp159_cast, %tmp160_cast" [MathieuHelpMe/Classifier.cpp:72->MathieuHelpMe/Classifier.cpp:136]   --->   Operation 1852 'add' 'tmp158' <Predicate = (!exitcond4_i_i)> <Delay = 0.00> <Core = "TAddSub">   --->   Core 80 'TAddSub' <Latency = 0> <II = 1> <Delay = 2.18> <IPBlock> <Opcode : 'add' 'sub'> <InPorts = 3> <OutPorts = 1> <Sync> <CReg>
ST_6 : Operation 1853 [1/1] (4.37ns) (root node of TernaryAdder)   --->   "%tmp154 = add i32 %tmp155, %tmp158" [MathieuHelpMe/Classifier.cpp:72->MathieuHelpMe/Classifier.cpp:136]   --->   Operation 1853 'add' 'tmp154' <Predicate = (!exitcond4_i_i)> <Delay = 4.37> <Core = "TAddSub">   --->   Core 80 'TAddSub' <Latency = 0> <II = 1> <Delay = 2.18> <IPBlock> <Opcode : 'add' 'sub'> <InPorts = 3> <OutPorts = 1> <Sync> <CReg>
ST_6 : Operation 1854 [1/1] (0.00ns)   --->   "%tmp166_cast = sext i31 %tmp166 to i32" [MathieuHelpMe/Classifier.cpp:72->MathieuHelpMe/Classifier.cpp:136]   --->   Operation 1854 'sext' 'tmp166_cast' <Predicate = (!exitcond4_i_i)> <Delay = 0.00>
ST_6 : Operation 1855 [1/1] (0.00ns)   --->   "%tmp167_cast = sext i31 %tmp167 to i32" [MathieuHelpMe/Classifier.cpp:72->MathieuHelpMe/Classifier.cpp:136]   --->   Operation 1855 'sext' 'tmp167_cast' <Predicate = (!exitcond4_i_i)> <Delay = 0.00>
ST_6 : Operation 1856 [1/1] (0.00ns) (grouped into TernaryAdder)   --->   "%tmp165 = add i32 %tmp166_cast, %tmp167_cast" [MathieuHelpMe/Classifier.cpp:72->MathieuHelpMe/Classifier.cpp:136]   --->   Operation 1856 'add' 'tmp165' <Predicate = (!exitcond4_i_i)> <Delay = 0.00> <Core = "TAddSub">   --->   Core 80 'TAddSub' <Latency = 0> <II = 1> <Delay = 2.18> <IPBlock> <Opcode : 'add' 'sub'> <InPorts = 3> <OutPorts = 1> <Sync> <CReg>
ST_6 : Operation 1857 [1/1] (4.37ns) (root node of TernaryAdder)   --->   "%tmp161 = add i32 %tmp162, %tmp165" [MathieuHelpMe/Classifier.cpp:72->MathieuHelpMe/Classifier.cpp:136]   --->   Operation 1857 'add' 'tmp161' <Predicate = (!exitcond4_i_i)> <Delay = 4.37> <Core = "TAddSub">   --->   Core 80 'TAddSub' <Latency = 0> <II = 1> <Delay = 2.18> <IPBlock> <Opcode : 'add' 'sub'> <InPorts = 3> <OutPorts = 1> <Sync> <CReg>
ST_6 : Operation 1858 [1/1] (0.00ns) (grouped into TernaryAdder)   --->   "%tmp_12 = add i32 %tmp154, %tmp161" [MathieuHelpMe/Classifier.cpp:72->MathieuHelpMe/Classifier.cpp:136]   --->   Operation 1858 'add' 'tmp_12' <Predicate = (!exitcond4_i_i)> <Delay = 0.00> <Core = "TAddSub">   --->   Core 80 'TAddSub' <Latency = 0> <II = 1> <Delay = 2.18> <IPBlock> <Opcode : 'add' 'sub'> <InPorts = 3> <OutPorts = 1> <Sync> <CReg>
ST_6 : Operation 1859 [1/1] (4.37ns) (root node of TernaryAdder)   --->   "%dot_products_11_V_1 = add i32 %tmp_12, %dot_products_11_V" [MathieuHelpMe/Classifier.cpp:72->MathieuHelpMe/Classifier.cpp:136]   --->   Operation 1859 'add' 'dot_products_11_V_1' <Predicate = (!exitcond4_i_i)> <Delay = 4.37> <Core = "TAddSub">   --->   Core 80 'TAddSub' <Latency = 0> <II = 1> <Delay = 2.18> <IPBlock> <Opcode : 'add' 'sub'> <InPorts = 3> <OutPorts = 1> <Sync> <CReg>
ST_6 : Operation 1860 [1/1] (0.00ns)   --->   "%tmp173_cast = sext i31 %tmp173 to i32" [MathieuHelpMe/Classifier.cpp:72->MathieuHelpMe/Classifier.cpp:136]   --->   Operation 1860 'sext' 'tmp173_cast' <Predicate = (!exitcond4_i_i)> <Delay = 0.00>
ST_6 : Operation 1861 [1/1] (0.00ns)   --->   "%tmp174_cast = sext i31 %tmp174 to i32" [MathieuHelpMe/Classifier.cpp:72->MathieuHelpMe/Classifier.cpp:136]   --->   Operation 1861 'sext' 'tmp174_cast' <Predicate = (!exitcond4_i_i)> <Delay = 0.00>
ST_6 : Operation 1862 [1/1] (0.00ns) (grouped into TernaryAdder)   --->   "%tmp172 = add i32 %tmp173_cast, %tmp174_cast" [MathieuHelpMe/Classifier.cpp:72->MathieuHelpMe/Classifier.cpp:136]   --->   Operation 1862 'add' 'tmp172' <Predicate = (!exitcond4_i_i)> <Delay = 0.00> <Core = "TAddSub">   --->   Core 80 'TAddSub' <Latency = 0> <II = 1> <Delay = 2.18> <IPBlock> <Opcode : 'add' 'sub'> <InPorts = 3> <OutPorts = 1> <Sync> <CReg>
ST_6 : Operation 1863 [1/1] (4.37ns) (root node of TernaryAdder)   --->   "%tmp168 = add i32 %tmp169, %tmp172" [MathieuHelpMe/Classifier.cpp:72->MathieuHelpMe/Classifier.cpp:136]   --->   Operation 1863 'add' 'tmp168' <Predicate = (!exitcond4_i_i)> <Delay = 4.37> <Core = "TAddSub">   --->   Core 80 'TAddSub' <Latency = 0> <II = 1> <Delay = 2.18> <IPBlock> <Opcode : 'add' 'sub'> <InPorts = 3> <OutPorts = 1> <Sync> <CReg>
ST_6 : Operation 1864 [1/1] (0.00ns)   --->   "%tmp180_cast = sext i31 %tmp180 to i32" [MathieuHelpMe/Classifier.cpp:72->MathieuHelpMe/Classifier.cpp:136]   --->   Operation 1864 'sext' 'tmp180_cast' <Predicate = (!exitcond4_i_i)> <Delay = 0.00>
ST_6 : Operation 1865 [1/1] (0.00ns)   --->   "%tmp181_cast = sext i31 %tmp181 to i32" [MathieuHelpMe/Classifier.cpp:72->MathieuHelpMe/Classifier.cpp:136]   --->   Operation 1865 'sext' 'tmp181_cast' <Predicate = (!exitcond4_i_i)> <Delay = 0.00>
ST_6 : Operation 1866 [1/1] (0.00ns) (grouped into TernaryAdder)   --->   "%tmp179 = add i32 %tmp180_cast, %tmp181_cast" [MathieuHelpMe/Classifier.cpp:72->MathieuHelpMe/Classifier.cpp:136]   --->   Operation 1866 'add' 'tmp179' <Predicate = (!exitcond4_i_i)> <Delay = 0.00> <Core = "TAddSub">   --->   Core 80 'TAddSub' <Latency = 0> <II = 1> <Delay = 2.18> <IPBlock> <Opcode : 'add' 'sub'> <InPorts = 3> <OutPorts = 1> <Sync> <CReg>
ST_6 : Operation 1867 [1/1] (4.37ns) (root node of TernaryAdder)   --->   "%tmp175 = add i32 %tmp176, %tmp179" [MathieuHelpMe/Classifier.cpp:72->MathieuHelpMe/Classifier.cpp:136]   --->   Operation 1867 'add' 'tmp175' <Predicate = (!exitcond4_i_i)> <Delay = 4.37> <Core = "TAddSub">   --->   Core 80 'TAddSub' <Latency = 0> <II = 1> <Delay = 2.18> <IPBlock> <Opcode : 'add' 'sub'> <InPorts = 3> <OutPorts = 1> <Sync> <CReg>
ST_6 : Operation 1868 [1/1] (0.00ns) (grouped into TernaryAdder)   --->   "%tmp_13 = add i32 %tmp168, %tmp175" [MathieuHelpMe/Classifier.cpp:72->MathieuHelpMe/Classifier.cpp:136]   --->   Operation 1868 'add' 'tmp_13' <Predicate = (!exitcond4_i_i)> <Delay = 0.00> <Core = "TAddSub">   --->   Core 80 'TAddSub' <Latency = 0> <II = 1> <Delay = 2.18> <IPBlock> <Opcode : 'add' 'sub'> <InPorts = 3> <OutPorts = 1> <Sync> <CReg>
ST_6 : Operation 1869 [1/1] (4.37ns) (root node of TernaryAdder)   --->   "%dot_products_12_V_1 = add i32 %tmp_13, %dot_products_12_V" [MathieuHelpMe/Classifier.cpp:72->MathieuHelpMe/Classifier.cpp:136]   --->   Operation 1869 'add' 'dot_products_12_V_1' <Predicate = (!exitcond4_i_i)> <Delay = 4.37> <Core = "TAddSub">   --->   Core 80 'TAddSub' <Latency = 0> <II = 1> <Delay = 2.18> <IPBlock> <Opcode : 'add' 'sub'> <InPorts = 3> <OutPorts = 1> <Sync> <CReg>
ST_6 : Operation 1870 [1/1] (0.00ns)   --->   "%tmp187_cast = sext i31 %tmp187 to i32" [MathieuHelpMe/Classifier.cpp:72->MathieuHelpMe/Classifier.cpp:136]   --->   Operation 1870 'sext' 'tmp187_cast' <Predicate = (!exitcond4_i_i)> <Delay = 0.00>
ST_6 : Operation 1871 [1/1] (0.00ns)   --->   "%tmp188_cast = sext i31 %tmp188 to i32" [MathieuHelpMe/Classifier.cpp:72->MathieuHelpMe/Classifier.cpp:136]   --->   Operation 1871 'sext' 'tmp188_cast' <Predicate = (!exitcond4_i_i)> <Delay = 0.00>
ST_6 : Operation 1872 [1/1] (0.00ns) (grouped into TernaryAdder)   --->   "%tmp186 = add i32 %tmp187_cast, %tmp188_cast" [MathieuHelpMe/Classifier.cpp:72->MathieuHelpMe/Classifier.cpp:136]   --->   Operation 1872 'add' 'tmp186' <Predicate = (!exitcond4_i_i)> <Delay = 0.00> <Core = "TAddSub">   --->   Core 80 'TAddSub' <Latency = 0> <II = 1> <Delay = 2.18> <IPBlock> <Opcode : 'add' 'sub'> <InPorts = 3> <OutPorts = 1> <Sync> <CReg>
ST_6 : Operation 1873 [1/1] (4.37ns) (root node of TernaryAdder)   --->   "%tmp182 = add i32 %tmp183, %tmp186" [MathieuHelpMe/Classifier.cpp:72->MathieuHelpMe/Classifier.cpp:136]   --->   Operation 1873 'add' 'tmp182' <Predicate = (!exitcond4_i_i)> <Delay = 4.37> <Core = "TAddSub">   --->   Core 80 'TAddSub' <Latency = 0> <II = 1> <Delay = 2.18> <IPBlock> <Opcode : 'add' 'sub'> <InPorts = 3> <OutPorts = 1> <Sync> <CReg>
ST_6 : Operation 1874 [1/1] (0.00ns)   --->   "%tmp194_cast = sext i31 %tmp194 to i32" [MathieuHelpMe/Classifier.cpp:72->MathieuHelpMe/Classifier.cpp:136]   --->   Operation 1874 'sext' 'tmp194_cast' <Predicate = (!exitcond4_i_i)> <Delay = 0.00>
ST_6 : Operation 1875 [1/1] (0.00ns)   --->   "%tmp195_cast = sext i31 %tmp195 to i32" [MathieuHelpMe/Classifier.cpp:72->MathieuHelpMe/Classifier.cpp:136]   --->   Operation 1875 'sext' 'tmp195_cast' <Predicate = (!exitcond4_i_i)> <Delay = 0.00>
ST_6 : Operation 1876 [1/1] (0.00ns) (grouped into TernaryAdder)   --->   "%tmp193 = add i32 %tmp194_cast, %tmp195_cast" [MathieuHelpMe/Classifier.cpp:72->MathieuHelpMe/Classifier.cpp:136]   --->   Operation 1876 'add' 'tmp193' <Predicate = (!exitcond4_i_i)> <Delay = 0.00> <Core = "TAddSub">   --->   Core 80 'TAddSub' <Latency = 0> <II = 1> <Delay = 2.18> <IPBlock> <Opcode : 'add' 'sub'> <InPorts = 3> <OutPorts = 1> <Sync> <CReg>
ST_6 : Operation 1877 [1/1] (4.37ns) (root node of TernaryAdder)   --->   "%tmp189 = add i32 %tmp190, %tmp193" [MathieuHelpMe/Classifier.cpp:72->MathieuHelpMe/Classifier.cpp:136]   --->   Operation 1877 'add' 'tmp189' <Predicate = (!exitcond4_i_i)> <Delay = 4.37> <Core = "TAddSub">   --->   Core 80 'TAddSub' <Latency = 0> <II = 1> <Delay = 2.18> <IPBlock> <Opcode : 'add' 'sub'> <InPorts = 3> <OutPorts = 1> <Sync> <CReg>
ST_6 : Operation 1878 [1/1] (0.00ns) (grouped into TernaryAdder)   --->   "%tmp_14 = add i32 %tmp182, %tmp189" [MathieuHelpMe/Classifier.cpp:72->MathieuHelpMe/Classifier.cpp:136]   --->   Operation 1878 'add' 'tmp_14' <Predicate = (!exitcond4_i_i)> <Delay = 0.00> <Core = "TAddSub">   --->   Core 80 'TAddSub' <Latency = 0> <II = 1> <Delay = 2.18> <IPBlock> <Opcode : 'add' 'sub'> <InPorts = 3> <OutPorts = 1> <Sync> <CReg>
ST_6 : Operation 1879 [1/1] (4.37ns) (root node of TernaryAdder)   --->   "%dot_products_13_V_1 = add i32 %tmp_14, %dot_products_13_V" [MathieuHelpMe/Classifier.cpp:72->MathieuHelpMe/Classifier.cpp:136]   --->   Operation 1879 'add' 'dot_products_13_V_1' <Predicate = (!exitcond4_i_i)> <Delay = 4.37> <Core = "TAddSub">   --->   Core 80 'TAddSub' <Latency = 0> <II = 1> <Delay = 2.18> <IPBlock> <Opcode : 'add' 'sub'> <InPorts = 3> <OutPorts = 1> <Sync> <CReg>
ST_6 : Operation 1880 [1/1] (0.00ns)   --->   "%tmp201_cast = sext i31 %tmp201 to i32" [MathieuHelpMe/Classifier.cpp:72->MathieuHelpMe/Classifier.cpp:136]   --->   Operation 1880 'sext' 'tmp201_cast' <Predicate = (!exitcond4_i_i)> <Delay = 0.00>
ST_6 : Operation 1881 [1/1] (0.00ns)   --->   "%tmp202_cast = sext i31 %tmp202 to i32" [MathieuHelpMe/Classifier.cpp:72->MathieuHelpMe/Classifier.cpp:136]   --->   Operation 1881 'sext' 'tmp202_cast' <Predicate = (!exitcond4_i_i)> <Delay = 0.00>
ST_6 : Operation 1882 [1/1] (0.00ns) (grouped into TernaryAdder)   --->   "%tmp200 = add i32 %tmp201_cast, %tmp202_cast" [MathieuHelpMe/Classifier.cpp:72->MathieuHelpMe/Classifier.cpp:136]   --->   Operation 1882 'add' 'tmp200' <Predicate = (!exitcond4_i_i)> <Delay = 0.00> <Core = "TAddSub">   --->   Core 80 'TAddSub' <Latency = 0> <II = 1> <Delay = 2.18> <IPBlock> <Opcode : 'add' 'sub'> <InPorts = 3> <OutPorts = 1> <Sync> <CReg>
ST_6 : Operation 1883 [1/1] (4.37ns) (root node of TernaryAdder)   --->   "%tmp196 = add i32 %tmp197, %tmp200" [MathieuHelpMe/Classifier.cpp:72->MathieuHelpMe/Classifier.cpp:136]   --->   Operation 1883 'add' 'tmp196' <Predicate = (!exitcond4_i_i)> <Delay = 4.37> <Core = "TAddSub">   --->   Core 80 'TAddSub' <Latency = 0> <II = 1> <Delay = 2.18> <IPBlock> <Opcode : 'add' 'sub'> <InPorts = 3> <OutPorts = 1> <Sync> <CReg>
ST_6 : Operation 1884 [1/1] (0.00ns)   --->   "%tmp208_cast = sext i31 %tmp208 to i32" [MathieuHelpMe/Classifier.cpp:72->MathieuHelpMe/Classifier.cpp:136]   --->   Operation 1884 'sext' 'tmp208_cast' <Predicate = (!exitcond4_i_i)> <Delay = 0.00>
ST_6 : Operation 1885 [1/1] (0.00ns)   --->   "%tmp209_cast = sext i31 %tmp209 to i32" [MathieuHelpMe/Classifier.cpp:72->MathieuHelpMe/Classifier.cpp:136]   --->   Operation 1885 'sext' 'tmp209_cast' <Predicate = (!exitcond4_i_i)> <Delay = 0.00>
ST_6 : Operation 1886 [1/1] (0.00ns) (grouped into TernaryAdder)   --->   "%tmp207 = add i32 %tmp208_cast, %tmp209_cast" [MathieuHelpMe/Classifier.cpp:72->MathieuHelpMe/Classifier.cpp:136]   --->   Operation 1886 'add' 'tmp207' <Predicate = (!exitcond4_i_i)> <Delay = 0.00> <Core = "TAddSub">   --->   Core 80 'TAddSub' <Latency = 0> <II = 1> <Delay = 2.18> <IPBlock> <Opcode : 'add' 'sub'> <InPorts = 3> <OutPorts = 1> <Sync> <CReg>
ST_6 : Operation 1887 [1/1] (4.37ns) (root node of TernaryAdder)   --->   "%tmp203 = add i32 %tmp204, %tmp207" [MathieuHelpMe/Classifier.cpp:72->MathieuHelpMe/Classifier.cpp:136]   --->   Operation 1887 'add' 'tmp203' <Predicate = (!exitcond4_i_i)> <Delay = 4.37> <Core = "TAddSub">   --->   Core 80 'TAddSub' <Latency = 0> <II = 1> <Delay = 2.18> <IPBlock> <Opcode : 'add' 'sub'> <InPorts = 3> <OutPorts = 1> <Sync> <CReg>
ST_6 : Operation 1888 [1/1] (0.00ns) (grouped into TernaryAdder)   --->   "%tmp_15 = add i32 %tmp196, %tmp203" [MathieuHelpMe/Classifier.cpp:72->MathieuHelpMe/Classifier.cpp:136]   --->   Operation 1888 'add' 'tmp_15' <Predicate = (!exitcond4_i_i)> <Delay = 0.00> <Core = "TAddSub">   --->   Core 80 'TAddSub' <Latency = 0> <II = 1> <Delay = 2.18> <IPBlock> <Opcode : 'add' 'sub'> <InPorts = 3> <OutPorts = 1> <Sync> <CReg>
ST_6 : Operation 1889 [1/1] (4.37ns) (root node of TernaryAdder)   --->   "%dot_products_14_V_1 = add i32 %tmp_15, %dot_products_14_V" [MathieuHelpMe/Classifier.cpp:72->MathieuHelpMe/Classifier.cpp:136]   --->   Operation 1889 'add' 'dot_products_14_V_1' <Predicate = (!exitcond4_i_i)> <Delay = 4.37> <Core = "TAddSub">   --->   Core 80 'TAddSub' <Latency = 0> <II = 1> <Delay = 2.18> <IPBlock> <Opcode : 'add' 'sub'> <InPorts = 3> <OutPorts = 1> <Sync> <CReg>
ST_6 : Operation 1890 [1/1] (0.00ns)   --->   "%tmp215_cast = sext i31 %tmp215 to i32" [MathieuHelpMe/Classifier.cpp:72->MathieuHelpMe/Classifier.cpp:136]   --->   Operation 1890 'sext' 'tmp215_cast' <Predicate = (!exitcond4_i_i)> <Delay = 0.00>
ST_6 : Operation 1891 [1/1] (0.00ns)   --->   "%tmp216_cast = sext i31 %tmp216 to i32" [MathieuHelpMe/Classifier.cpp:72->MathieuHelpMe/Classifier.cpp:136]   --->   Operation 1891 'sext' 'tmp216_cast' <Predicate = (!exitcond4_i_i)> <Delay = 0.00>
ST_6 : Operation 1892 [1/1] (0.00ns) (grouped into TernaryAdder)   --->   "%tmp214 = add i32 %tmp215_cast, %tmp216_cast" [MathieuHelpMe/Classifier.cpp:72->MathieuHelpMe/Classifier.cpp:136]   --->   Operation 1892 'add' 'tmp214' <Predicate = (!exitcond4_i_i)> <Delay = 0.00> <Core = "TAddSub">   --->   Core 80 'TAddSub' <Latency = 0> <II = 1> <Delay = 2.18> <IPBlock> <Opcode : 'add' 'sub'> <InPorts = 3> <OutPorts = 1> <Sync> <CReg>
ST_6 : Operation 1893 [1/1] (4.37ns) (root node of TernaryAdder)   --->   "%tmp210 = add i32 %tmp211, %tmp214" [MathieuHelpMe/Classifier.cpp:72->MathieuHelpMe/Classifier.cpp:136]   --->   Operation 1893 'add' 'tmp210' <Predicate = (!exitcond4_i_i)> <Delay = 4.37> <Core = "TAddSub">   --->   Core 80 'TAddSub' <Latency = 0> <II = 1> <Delay = 2.18> <IPBlock> <Opcode : 'add' 'sub'> <InPorts = 3> <OutPorts = 1> <Sync> <CReg>
ST_6 : Operation 1894 [1/1] (0.00ns)   --->   "%tmp222_cast = sext i31 %tmp222 to i32" [MathieuHelpMe/Classifier.cpp:72->MathieuHelpMe/Classifier.cpp:136]   --->   Operation 1894 'sext' 'tmp222_cast' <Predicate = (!exitcond4_i_i)> <Delay = 0.00>
ST_6 : Operation 1895 [1/1] (0.00ns)   --->   "%tmp223_cast = sext i31 %tmp223 to i32" [MathieuHelpMe/Classifier.cpp:72->MathieuHelpMe/Classifier.cpp:136]   --->   Operation 1895 'sext' 'tmp223_cast' <Predicate = (!exitcond4_i_i)> <Delay = 0.00>
ST_6 : Operation 1896 [1/1] (0.00ns) (grouped into TernaryAdder)   --->   "%tmp221 = add i32 %tmp222_cast, %tmp223_cast" [MathieuHelpMe/Classifier.cpp:72->MathieuHelpMe/Classifier.cpp:136]   --->   Operation 1896 'add' 'tmp221' <Predicate = (!exitcond4_i_i)> <Delay = 0.00> <Core = "TAddSub">   --->   Core 80 'TAddSub' <Latency = 0> <II = 1> <Delay = 2.18> <IPBlock> <Opcode : 'add' 'sub'> <InPorts = 3> <OutPorts = 1> <Sync> <CReg>
ST_6 : Operation 1897 [1/1] (4.37ns) (root node of TernaryAdder)   --->   "%tmp217 = add i32 %tmp218, %tmp221" [MathieuHelpMe/Classifier.cpp:72->MathieuHelpMe/Classifier.cpp:136]   --->   Operation 1897 'add' 'tmp217' <Predicate = (!exitcond4_i_i)> <Delay = 4.37> <Core = "TAddSub">   --->   Core 80 'TAddSub' <Latency = 0> <II = 1> <Delay = 2.18> <IPBlock> <Opcode : 'add' 'sub'> <InPorts = 3> <OutPorts = 1> <Sync> <CReg>
ST_6 : Operation 1898 [1/1] (0.00ns) (grouped into TernaryAdder)   --->   "%tmp_16 = add i32 %tmp210, %tmp217" [MathieuHelpMe/Classifier.cpp:72->MathieuHelpMe/Classifier.cpp:136]   --->   Operation 1898 'add' 'tmp_16' <Predicate = (!exitcond4_i_i)> <Delay = 0.00> <Core = "TAddSub">   --->   Core 80 'TAddSub' <Latency = 0> <II = 1> <Delay = 2.18> <IPBlock> <Opcode : 'add' 'sub'> <InPorts = 3> <OutPorts = 1> <Sync> <CReg>
ST_6 : Operation 1899 [1/1] (4.37ns) (root node of TernaryAdder)   --->   "%dot_products_15_V_1 = add i32 %tmp_16, %dot_products_15_V" [MathieuHelpMe/Classifier.cpp:72->MathieuHelpMe/Classifier.cpp:136]   --->   Operation 1899 'add' 'dot_products_15_V_1' <Predicate = (!exitcond4_i_i)> <Delay = 4.37> <Core = "TAddSub">   --->   Core 80 'TAddSub' <Latency = 0> <II = 1> <Delay = 2.18> <IPBlock> <Opcode : 'add' 'sub'> <InPorts = 3> <OutPorts = 1> <Sync> <CReg>
ST_6 : Operation 1900 [1/1] (0.00ns)   --->   "br label %.preheader207.0.i.i" [MathieuHelpMe/Classifier.cpp:63->MathieuHelpMe/Classifier.cpp:136]   --->   Operation 1900 'br' <Predicate = (!exitcond4_i_i)> <Delay = 0.00>

State 7 <SV = 3> <Delay = 1.76>
ST_7 : Operation 1901 [1/1] (1.76ns)   --->   "br label %.preheader206.i.i" [MathieuHelpMe/Classifier.cpp:76->MathieuHelpMe/Classifier.cpp:136]   --->   Operation 1901 'br' <Predicate = true> <Delay = 1.76>

State 8 <SV = 4> <Delay = 5.16>
ST_8 : Operation 1902 [1/1] (0.00ns)   --->   "%k3_i_i = phi i5 [ %k, %compute_exp.exit5751.i.i ], [ 0, %.preheader206.i.i.preheader ]"   --->   Operation 1902 'phi' 'k3_i_i' <Predicate = true> <Delay = 0.00>
ST_8 : Operation 1903 [1/1] (1.36ns)   --->   "%exitcond5_i_i = icmp eq i5 %k3_i_i, -16" [MathieuHelpMe/Classifier.cpp:76->MathieuHelpMe/Classifier.cpp:136]   --->   Operation 1903 'icmp' 'exitcond5_i_i' <Predicate = true> <Delay = 1.36> <Core = "Cmp">   --->   Core 25 'Cmp' <Latency = 0> <II = 1> <Delay = 1.99> <FuncUnit> <Opcode : 'icmp'> <InPorts = 2> <OutPorts = 1>
ST_8 : Operation 1904 [1/1] (0.00ns)   --->   "%empty_81 = call i32 (...)* @_ssdm_op_SpecLoopTripCount(i64 16, i64 16, i64 16)"   --->   Operation 1904 'speclooptripcount' 'empty_81' <Predicate = true> <Delay = 0.00>
ST_8 : Operation 1905 [1/1] (1.78ns)   --->   "%k = add i5 %k3_i_i, 1" [MathieuHelpMe/Classifier.cpp:76->MathieuHelpMe/Classifier.cpp:136]   --->   Operation 1905 'add' 'k' <Predicate = true> <Delay = 1.78> <Core = "AddSub">   --->   Core 14 'AddSub' <Latency = 0> <II = 1> <Delay = 2.55> <FuncUnit> <Opcode : 'add' 'sub'> <InPorts = 2> <OutPorts = 1>
ST_8 : Operation 1906 [1/1] (0.00ns)   --->   "br i1 %exitcond5_i_i, label %0, label %._crit_edge.i.i" [MathieuHelpMe/Classifier.cpp:76->MathieuHelpMe/Classifier.cpp:136]   --->   Operation 1906 'br' <Predicate = true> <Delay = 0.00>
ST_8 : Operation 1907 [1/1] (0.00ns)   --->   "%k3_cast321_i_i = zext i5 %k3_i_i to i8" [MathieuHelpMe/Classifier.cpp:76->MathieuHelpMe/Classifier.cpp:136]   --->   Operation 1907 'zext' 'k3_cast321_i_i' <Predicate = (!exitcond5_i_i)> <Delay = 0.00>
ST_8 : Operation 1908 [1/1] (0.00ns)   --->   "call void (...)* @_ssdm_op_SpecLoopName([17 x i8]* @p_str13) nounwind" [MathieuHelpMe/Classifier.cpp:76->MathieuHelpMe/Classifier.cpp:136]   --->   Operation 1908 'specloopname' <Predicate = (!exitcond5_i_i)> <Delay = 0.00>
ST_8 : Operation 1909 [1/1] (0.00ns)   --->   "%tmp_272_i_i = call i32 (...)* @_ssdm_op_SpecRegionBegin([17 x i8]* @p_str13)" [MathieuHelpMe/Classifier.cpp:76->MathieuHelpMe/Classifier.cpp:136]   --->   Operation 1909 'specregionbegin' 'tmp_272_i_i' <Predicate = (!exitcond5_i_i)> <Delay = 0.00>
ST_8 : Operation 1910 [1/1] (0.00ns)   --->   "call void (...)* @_ssdm_op_SpecPipeline(i32 1, i32 1, i32 1, i32 0, [1 x i8]* @p_str) nounwind" [MathieuHelpMe/Classifier.cpp:77->MathieuHelpMe/Classifier.cpp:136]   --->   Operation 1910 'specpipeline' <Predicate = (!exitcond5_i_i)> <Delay = 0.00>
ST_8 : Operation 1911 [1/1] (0.00ns)   --->   "%tmp_269 = trunc i5 %k3_i_i to i4" [MathieuHelpMe/Classifier.cpp:76->MathieuHelpMe/Classifier.cpp:136]   --->   Operation 1911 'trunc' 'tmp_269' <Predicate = (!exitcond5_i_i)> <Delay = 0.00>
ST_8 : Operation 1912 [1/1] (1.91ns)   --->   "%tmp_9_i_i = add i8 %i_i_i, %k3_cast321_i_i" [MathieuHelpMe/Classifier.cpp:80->MathieuHelpMe/Classifier.cpp:136]   --->   Operation 1912 'add' 'tmp_9_i_i' <Predicate = (!exitcond5_i_i)> <Delay = 1.91> <Core = "AddSub">   --->   Core 14 'AddSub' <Latency = 0> <II = 1> <Delay = 2.55> <FuncUnit> <Opcode : 'add' 'sub'> <InPorts = 2> <OutPorts = 1>
ST_8 : Operation 1913 [1/1] (0.00ns)   --->   "%newIndex5_i_i = call i4 @_ssdm_op_PartSelect.i4.i8.i32.i32(i8 %tmp_9_i_i, i32 4, i32 7)" [MathieuHelpMe/Classifier.cpp:80->MathieuHelpMe/Classifier.cpp:136]   --->   Operation 1913 'partselect' 'newIndex5_i_i' <Predicate = (!exitcond5_i_i)> <Delay = 0.00>
ST_8 : Operation 1914 [1/1] (0.00ns)   --->   "%newIndex6_i_i = zext i4 %newIndex5_i_i to i64" [MathieuHelpMe/Classifier.cpp:80->MathieuHelpMe/Classifier.cpp:136]   --->   Operation 1914 'zext' 'newIndex6_i_i' <Predicate = (!exitcond5_i_i)> <Delay = 0.00>
ST_8 : Operation 1915 [1/1] (0.00ns)   --->   "%sv_norms_V_0_addr = getelementptr [11 x i30]* @sv_norms_V_0, i64 0, i64 %newIndex6_i_i" [MathieuHelpMe/Classifier.cpp:80->MathieuHelpMe/Classifier.cpp:136]   --->   Operation 1915 'getelementptr' 'sv_norms_V_0_addr' <Predicate = (!exitcond5_i_i)> <Delay = 0.00>
ST_8 : Operation 1916 [1/1] (0.00ns)   --->   "%sv_norms_V_1_addr = getelementptr [11 x i28]* @sv_norms_V_1, i64 0, i64 %newIndex6_i_i" [MathieuHelpMe/Classifier.cpp:80->MathieuHelpMe/Classifier.cpp:136]   --->   Operation 1916 'getelementptr' 'sv_norms_V_1_addr' <Predicate = (!exitcond5_i_i)> <Delay = 0.00>
ST_8 : Operation 1917 [1/1] (0.00ns)   --->   "%sv_norms_V_2_addr = getelementptr [11 x i30]* @sv_norms_V_2, i64 0, i64 %newIndex6_i_i" [MathieuHelpMe/Classifier.cpp:80->MathieuHelpMe/Classifier.cpp:136]   --->   Operation 1917 'getelementptr' 'sv_norms_V_2_addr' <Predicate = (!exitcond5_i_i)> <Delay = 0.00>
ST_8 : Operation 1918 [1/1] (0.00ns)   --->   "%sv_norms_V_3_addr = getelementptr [11 x i28]* @sv_norms_V_3, i64 0, i64 %newIndex6_i_i" [MathieuHelpMe/Classifier.cpp:80->MathieuHelpMe/Classifier.cpp:136]   --->   Operation 1918 'getelementptr' 'sv_norms_V_3_addr' <Predicate = (!exitcond5_i_i)> <Delay = 0.00>
ST_8 : Operation 1919 [1/1] (0.00ns)   --->   "%sv_norms_V_4_addr = getelementptr [11 x i28]* @sv_norms_V_4, i64 0, i64 %newIndex6_i_i" [MathieuHelpMe/Classifier.cpp:80->MathieuHelpMe/Classifier.cpp:136]   --->   Operation 1919 'getelementptr' 'sv_norms_V_4_addr' <Predicate = (!exitcond5_i_i)> <Delay = 0.00>
ST_8 : Operation 1920 [1/1] (0.00ns)   --->   "%sv_norms_V_5_addr = getelementptr [10 x i28]* @sv_norms_V_5, i64 0, i64 %newIndex6_i_i" [MathieuHelpMe/Classifier.cpp:80->MathieuHelpMe/Classifier.cpp:136]   --->   Operation 1920 'getelementptr' 'sv_norms_V_5_addr' <Predicate = (!exitcond5_i_i)> <Delay = 0.00>
ST_8 : Operation 1921 [1/1] (0.00ns)   --->   "%sv_norms_V_6_addr = getelementptr [10 x i29]* @sv_norms_V_6, i64 0, i64 %newIndex6_i_i" [MathieuHelpMe/Classifier.cpp:80->MathieuHelpMe/Classifier.cpp:136]   --->   Operation 1921 'getelementptr' 'sv_norms_V_6_addr' <Predicate = (!exitcond5_i_i)> <Delay = 0.00>
ST_8 : Operation 1922 [1/1] (0.00ns)   --->   "%sv_norms_V_7_addr = getelementptr [10 x i27]* @sv_norms_V_7, i64 0, i64 %newIndex6_i_i" [MathieuHelpMe/Classifier.cpp:80->MathieuHelpMe/Classifier.cpp:136]   --->   Operation 1922 'getelementptr' 'sv_norms_V_7_addr' <Predicate = (!exitcond5_i_i)> <Delay = 0.00>
ST_8 : Operation 1923 [1/1] (0.00ns)   --->   "%sv_norms_V_8_addr = getelementptr [10 x i29]* @sv_norms_V_8, i64 0, i64 %newIndex6_i_i" [MathieuHelpMe/Classifier.cpp:80->MathieuHelpMe/Classifier.cpp:136]   --->   Operation 1923 'getelementptr' 'sv_norms_V_8_addr' <Predicate = (!exitcond5_i_i)> <Delay = 0.00>
ST_8 : Operation 1924 [1/1] (0.00ns)   --->   "%sv_norms_V_9_addr = getelementptr [10 x i29]* @sv_norms_V_9, i64 0, i64 %newIndex6_i_i" [MathieuHelpMe/Classifier.cpp:80->MathieuHelpMe/Classifier.cpp:136]   --->   Operation 1924 'getelementptr' 'sv_norms_V_9_addr' <Predicate = (!exitcond5_i_i)> <Delay = 0.00>
ST_8 : Operation 1925 [1/1] (0.00ns)   --->   "%sv_norms_V_10_addr = getelementptr [10 x i28]* @sv_norms_V_10, i64 0, i64 %newIndex6_i_i" [MathieuHelpMe/Classifier.cpp:80->MathieuHelpMe/Classifier.cpp:136]   --->   Operation 1925 'getelementptr' 'sv_norms_V_10_addr' <Predicate = (!exitcond5_i_i)> <Delay = 0.00>
ST_8 : Operation 1926 [1/1] (0.00ns)   --->   "%sv_norms_V_11_addr = getelementptr [10 x i28]* @sv_norms_V_11, i64 0, i64 %newIndex6_i_i" [MathieuHelpMe/Classifier.cpp:80->MathieuHelpMe/Classifier.cpp:136]   --->   Operation 1926 'getelementptr' 'sv_norms_V_11_addr' <Predicate = (!exitcond5_i_i)> <Delay = 0.00>
ST_8 : Operation 1927 [1/1] (0.00ns)   --->   "%sv_norms_V_12_addr = getelementptr [10 x i29]* @sv_norms_V_12, i64 0, i64 %newIndex6_i_i" [MathieuHelpMe/Classifier.cpp:80->MathieuHelpMe/Classifier.cpp:136]   --->   Operation 1927 'getelementptr' 'sv_norms_V_12_addr' <Predicate = (!exitcond5_i_i)> <Delay = 0.00>
ST_8 : Operation 1928 [1/1] (0.00ns)   --->   "%sv_norms_V_13_addr = getelementptr [10 x i28]* @sv_norms_V_13, i64 0, i64 %newIndex6_i_i" [MathieuHelpMe/Classifier.cpp:80->MathieuHelpMe/Classifier.cpp:136]   --->   Operation 1928 'getelementptr' 'sv_norms_V_13_addr' <Predicate = (!exitcond5_i_i)> <Delay = 0.00>
ST_8 : Operation 1929 [1/1] (0.00ns)   --->   "%sv_norms_V_14_addr = getelementptr [10 x i27]* @sv_norms_V_14, i64 0, i64 %newIndex6_i_i" [MathieuHelpMe/Classifier.cpp:80->MathieuHelpMe/Classifier.cpp:136]   --->   Operation 1929 'getelementptr' 'sv_norms_V_14_addr' <Predicate = (!exitcond5_i_i)> <Delay = 0.00>
ST_8 : Operation 1930 [1/1] (0.00ns)   --->   "%sv_norms_V_15_addr = getelementptr [10 x i30]* @sv_norms_V_15, i64 0, i64 %newIndex6_i_i" [MathieuHelpMe/Classifier.cpp:80->MathieuHelpMe/Classifier.cpp:136]   --->   Operation 1930 'getelementptr' 'sv_norms_V_15_addr' <Predicate = (!exitcond5_i_i)> <Delay = 0.00>
ST_8 : Operation 1931 [1/1] (1.42ns)   --->   "switch i4 %tmp_269, label %branch15.i.i [
    i4 0, label %branch0.i.i
    i4 1, label %branch1.i.i
    i4 2, label %branch2.i.i
    i4 3, label %branch3.i.i
    i4 4, label %branch4.i.i
    i4 5, label %branch5.i.i
    i4 6, label %branch6.i.i
    i4 7, label %branch7.i.i
    i4 -8, label %branch8.i.i
    i4 -7, label %branch9.i.i
    i4 -6, label %branch10.i.i
    i4 -5, label %branch11.i.i
    i4 -4, label %branch12.i.i
    i4 -3, label %branch13.i.i
    i4 -2, label %branch14.i.i
  ]" [MathieuHelpMe/Classifier.cpp:80->MathieuHelpMe/Classifier.cpp:136]   --->   Operation 1931 'switch' <Predicate = (!exitcond5_i_i)> <Delay = 1.42>
ST_8 : Operation 1932 [2/2] (3.25ns)   --->   "%sv_norms_V_14_load = load i27* %sv_norms_V_14_addr, align 4" [MathieuHelpMe/Classifier.cpp:80->MathieuHelpMe/Classifier.cpp:136]   --->   Operation 1932 'load' 'sv_norms_V_14_load' <Predicate = (!exitcond5_i_i & tmp_269 == 14)> <Delay = 3.25> <Core = "ROM_nP">   --->   Core 48 'ROM_nP' <Latency = 1> <II = 1> <Delay = 3.25> <Storage> <Opcode : 'load'> <Ports = 0> <Width = 5> <Depth = 11> <ROM>
ST_8 : Operation 1933 [2/2] (3.25ns)   --->   "%sv_norms_V_13_load = load i28* %sv_norms_V_13_addr, align 4" [MathieuHelpMe/Classifier.cpp:80->MathieuHelpMe/Classifier.cpp:136]   --->   Operation 1933 'load' 'sv_norms_V_13_load' <Predicate = (!exitcond5_i_i & tmp_269 == 13)> <Delay = 3.25> <Core = "ROM_nP">   --->   Core 48 'ROM_nP' <Latency = 1> <II = 1> <Delay = 3.25> <Storage> <Opcode : 'load'> <Ports = 0> <Width = 5> <Depth = 11> <ROM>
ST_8 : Operation 1934 [2/2] (3.25ns)   --->   "%sv_norms_V_12_load = load i29* %sv_norms_V_12_addr, align 4" [MathieuHelpMe/Classifier.cpp:80->MathieuHelpMe/Classifier.cpp:136]   --->   Operation 1934 'load' 'sv_norms_V_12_load' <Predicate = (!exitcond5_i_i & tmp_269 == 12)> <Delay = 3.25> <Core = "ROM_nP">   --->   Core 48 'ROM_nP' <Latency = 1> <II = 1> <Delay = 3.25> <Storage> <Opcode : 'load'> <Ports = 0> <Width = 5> <Depth = 11> <ROM>
ST_8 : Operation 1935 [2/2] (3.25ns)   --->   "%sv_norms_V_11_load = load i28* %sv_norms_V_11_addr, align 4" [MathieuHelpMe/Classifier.cpp:80->MathieuHelpMe/Classifier.cpp:136]   --->   Operation 1935 'load' 'sv_norms_V_11_load' <Predicate = (!exitcond5_i_i & tmp_269 == 11)> <Delay = 3.25> <Core = "ROM_nP">   --->   Core 48 'ROM_nP' <Latency = 1> <II = 1> <Delay = 3.25> <Storage> <Opcode : 'load'> <Ports = 0> <Width = 5> <Depth = 11> <ROM>
ST_8 : Operation 1936 [2/2] (3.25ns)   --->   "%sv_norms_V_10_load = load i28* %sv_norms_V_10_addr, align 4" [MathieuHelpMe/Classifier.cpp:80->MathieuHelpMe/Classifier.cpp:136]   --->   Operation 1936 'load' 'sv_norms_V_10_load' <Predicate = (!exitcond5_i_i & tmp_269 == 10)> <Delay = 3.25> <Core = "ROM_nP">   --->   Core 48 'ROM_nP' <Latency = 1> <II = 1> <Delay = 3.25> <Storage> <Opcode : 'load'> <Ports = 0> <Width = 5> <Depth = 11> <ROM>
ST_8 : Operation 1937 [2/2] (3.25ns)   --->   "%sv_norms_V_9_load = load i29* %sv_norms_V_9_addr, align 4" [MathieuHelpMe/Classifier.cpp:80->MathieuHelpMe/Classifier.cpp:136]   --->   Operation 1937 'load' 'sv_norms_V_9_load' <Predicate = (!exitcond5_i_i & tmp_269 == 9)> <Delay = 3.25> <Core = "ROM_nP">   --->   Core 48 'ROM_nP' <Latency = 1> <II = 1> <Delay = 3.25> <Storage> <Opcode : 'load'> <Ports = 0> <Width = 5> <Depth = 11> <ROM>
ST_8 : Operation 1938 [2/2] (3.25ns)   --->   "%sv_norms_V_8_load = load i29* %sv_norms_V_8_addr, align 4" [MathieuHelpMe/Classifier.cpp:80->MathieuHelpMe/Classifier.cpp:136]   --->   Operation 1938 'load' 'sv_norms_V_8_load' <Predicate = (!exitcond5_i_i & tmp_269 == 8)> <Delay = 3.25> <Core = "ROM_nP">   --->   Core 48 'ROM_nP' <Latency = 1> <II = 1> <Delay = 3.25> <Storage> <Opcode : 'load'> <Ports = 0> <Width = 5> <Depth = 11> <ROM>
ST_8 : Operation 1939 [2/2] (3.25ns)   --->   "%sv_norms_V_7_load = load i27* %sv_norms_V_7_addr, align 4" [MathieuHelpMe/Classifier.cpp:80->MathieuHelpMe/Classifier.cpp:136]   --->   Operation 1939 'load' 'sv_norms_V_7_load' <Predicate = (!exitcond5_i_i & tmp_269 == 7)> <Delay = 3.25> <Core = "ROM_nP">   --->   Core 48 'ROM_nP' <Latency = 1> <II = 1> <Delay = 3.25> <Storage> <Opcode : 'load'> <Ports = 0> <Width = 5> <Depth = 11> <ROM>
ST_8 : Operation 1940 [2/2] (3.25ns)   --->   "%sv_norms_V_6_load = load i29* %sv_norms_V_6_addr, align 4" [MathieuHelpMe/Classifier.cpp:80->MathieuHelpMe/Classifier.cpp:136]   --->   Operation 1940 'load' 'sv_norms_V_6_load' <Predicate = (!exitcond5_i_i & tmp_269 == 6)> <Delay = 3.25> <Core = "ROM_nP">   --->   Core 48 'ROM_nP' <Latency = 1> <II = 1> <Delay = 3.25> <Storage> <Opcode : 'load'> <Ports = 0> <Width = 5> <Depth = 11> <ROM>
ST_8 : Operation 1941 [2/2] (3.25ns)   --->   "%sv_norms_V_5_load = load i28* %sv_norms_V_5_addr, align 4" [MathieuHelpMe/Classifier.cpp:80->MathieuHelpMe/Classifier.cpp:136]   --->   Operation 1941 'load' 'sv_norms_V_5_load' <Predicate = (!exitcond5_i_i & tmp_269 == 5)> <Delay = 3.25> <Core = "ROM_nP">   --->   Core 48 'ROM_nP' <Latency = 1> <II = 1> <Delay = 3.25> <Storage> <Opcode : 'load'> <Ports = 0> <Width = 5> <Depth = 11> <ROM>
ST_8 : Operation 1942 [2/2] (3.25ns)   --->   "%sv_norms_V_4_load = load i28* %sv_norms_V_4_addr, align 4" [MathieuHelpMe/Classifier.cpp:80->MathieuHelpMe/Classifier.cpp:136]   --->   Operation 1942 'load' 'sv_norms_V_4_load' <Predicate = (!exitcond5_i_i & tmp_269 == 4)> <Delay = 3.25> <Core = "ROM_nP">   --->   Core 48 'ROM_nP' <Latency = 1> <II = 1> <Delay = 3.25> <Storage> <Opcode : 'load'> <Ports = 0> <Width = 5> <Depth = 11> <ROM>
ST_8 : Operation 1943 [2/2] (3.25ns)   --->   "%sv_norms_V_3_load = load i28* %sv_norms_V_3_addr, align 4" [MathieuHelpMe/Classifier.cpp:80->MathieuHelpMe/Classifier.cpp:136]   --->   Operation 1943 'load' 'sv_norms_V_3_load' <Predicate = (!exitcond5_i_i & tmp_269 == 3)> <Delay = 3.25> <Core = "ROM_nP">   --->   Core 48 'ROM_nP' <Latency = 1> <II = 1> <Delay = 3.25> <Storage> <Opcode : 'load'> <Ports = 0> <Width = 5> <Depth = 11> <ROM>
ST_8 : Operation 1944 [2/2] (3.25ns)   --->   "%sv_norms_V_2_load = load i30* %sv_norms_V_2_addr, align 4" [MathieuHelpMe/Classifier.cpp:80->MathieuHelpMe/Classifier.cpp:136]   --->   Operation 1944 'load' 'sv_norms_V_2_load' <Predicate = (!exitcond5_i_i & tmp_269 == 2)> <Delay = 3.25> <Core = "ROM_nP">   --->   Core 48 'ROM_nP' <Latency = 1> <II = 1> <Delay = 3.25> <Storage> <Opcode : 'load'> <Ports = 0> <Width = 5> <Depth = 11> <ROM>
ST_8 : Operation 1945 [2/2] (3.25ns)   --->   "%sv_norms_V_1_load = load i28* %sv_norms_V_1_addr, align 4" [MathieuHelpMe/Classifier.cpp:80->MathieuHelpMe/Classifier.cpp:136]   --->   Operation 1945 'load' 'sv_norms_V_1_load' <Predicate = (!exitcond5_i_i & tmp_269 == 1)> <Delay = 3.25> <Core = "ROM_nP">   --->   Core 48 'ROM_nP' <Latency = 1> <II = 1> <Delay = 3.25> <Storage> <Opcode : 'load'> <Ports = 0> <Width = 5> <Depth = 11> <ROM>
ST_8 : Operation 1946 [2/2] (3.25ns)   --->   "%sv_norms_V_0_load = load i30* %sv_norms_V_0_addr, align 4" [MathieuHelpMe/Classifier.cpp:80->MathieuHelpMe/Classifier.cpp:136]   --->   Operation 1946 'load' 'sv_norms_V_0_load' <Predicate = (!exitcond5_i_i & tmp_269 == 0)> <Delay = 3.25> <Core = "ROM_nP">   --->   Core 48 'ROM_nP' <Latency = 1> <II = 1> <Delay = 3.25> <Storage> <Opcode : 'load'> <Ports = 0> <Width = 5> <Depth = 11> <ROM>
ST_8 : Operation 1947 [2/2] (3.25ns)   --->   "%sv_norms_V_15_load = load i30* %sv_norms_V_15_addr, align 4" [MathieuHelpMe/Classifier.cpp:80->MathieuHelpMe/Classifier.cpp:136]   --->   Operation 1947 'load' 'sv_norms_V_15_load' <Predicate = (!exitcond5_i_i & tmp_269 == 15)> <Delay = 3.25> <Core = "ROM_nP">   --->   Core 48 'ROM_nP' <Latency = 1> <II = 1> <Delay = 3.25> <Storage> <Opcode : 'load'> <Ports = 0> <Width = 5> <Depth = 11> <ROM>
ST_8 : Operation 1948 [1/1] (0.00ns)   --->   "%alphas_V_1450_addr = getelementptr [11 x i6]* @alphas_V_1450, i64 0, i64 %newIndex6_i_i" [MathieuHelpMe/Classifier.cpp:80->MathieuHelpMe/Classifier.cpp:136]   --->   Operation 1948 'getelementptr' 'alphas_V_1450_addr' <Predicate = (!exitcond5_i_i & tmp_269 == 14)> <Delay = 0.00>
ST_8 : Operation 1949 [2/2] (3.25ns)   --->   "%alphas_V_1450_load = load i6* %alphas_V_1450_addr, align 1" [MathieuHelpMe/Classifier.cpp:80->MathieuHelpMe/Classifier.cpp:136]   --->   Operation 1949 'load' 'alphas_V_1450_load' <Predicate = (!exitcond5_i_i & tmp_269 == 14)> <Delay = 3.25> <Core = "ROM_nP">   --->   Core 48 'ROM_nP' <Latency = 1> <II = 1> <Delay = 3.25> <Storage> <Opcode : 'load'> <Ports = 0> <Width = 5> <Depth = 11> <ROM>
ST_8 : Operation 1950 [1/1] (0.00ns)   --->   "%alphas_V_1349_addr = getelementptr [11 x i5]* @alphas_V_1349, i64 0, i64 %newIndex6_i_i" [MathieuHelpMe/Classifier.cpp:80->MathieuHelpMe/Classifier.cpp:136]   --->   Operation 1950 'getelementptr' 'alphas_V_1349_addr' <Predicate = (!exitcond5_i_i & tmp_269 == 13)> <Delay = 0.00>
ST_8 : Operation 1951 [2/2] (3.25ns)   --->   "%alphas_V_1349_load = load i5* %alphas_V_1349_addr, align 1" [MathieuHelpMe/Classifier.cpp:80->MathieuHelpMe/Classifier.cpp:136]   --->   Operation 1951 'load' 'alphas_V_1349_load' <Predicate = (!exitcond5_i_i & tmp_269 == 13)> <Delay = 3.25> <Core = "ROM_nP">   --->   Core 48 'ROM_nP' <Latency = 1> <II = 1> <Delay = 3.25> <Storage> <Opcode : 'load'> <Ports = 0> <Width = 5> <Depth = 11> <ROM>
ST_8 : Operation 1952 [1/1] (0.00ns)   --->   "%alphas_V_1248_addr = getelementptr [11 x i5]* @alphas_V_1248, i64 0, i64 %newIndex6_i_i" [MathieuHelpMe/Classifier.cpp:80->MathieuHelpMe/Classifier.cpp:136]   --->   Operation 1952 'getelementptr' 'alphas_V_1248_addr' <Predicate = (!exitcond5_i_i & tmp_269 == 12)> <Delay = 0.00>
ST_8 : Operation 1953 [2/2] (3.25ns)   --->   "%alphas_V_1248_load = load i5* %alphas_V_1248_addr, align 1" [MathieuHelpMe/Classifier.cpp:80->MathieuHelpMe/Classifier.cpp:136]   --->   Operation 1953 'load' 'alphas_V_1248_load' <Predicate = (!exitcond5_i_i & tmp_269 == 12)> <Delay = 3.25> <Core = "ROM_nP">   --->   Core 48 'ROM_nP' <Latency = 1> <II = 1> <Delay = 3.25> <Storage> <Opcode : 'load'> <Ports = 0> <Width = 5> <Depth = 11> <ROM>
ST_8 : Operation 1954 [1/1] (0.00ns)   --->   "%alphas_V_1147_addr = getelementptr [11 x i7]* @alphas_V_1147, i64 0, i64 %newIndex6_i_i" [MathieuHelpMe/Classifier.cpp:80->MathieuHelpMe/Classifier.cpp:136]   --->   Operation 1954 'getelementptr' 'alphas_V_1147_addr' <Predicate = (!exitcond5_i_i & tmp_269 == 11)> <Delay = 0.00>
ST_8 : Operation 1955 [2/2] (3.25ns)   --->   "%alphas_V_1147_load = load i7* %alphas_V_1147_addr, align 1" [MathieuHelpMe/Classifier.cpp:80->MathieuHelpMe/Classifier.cpp:136]   --->   Operation 1955 'load' 'alphas_V_1147_load' <Predicate = (!exitcond5_i_i & tmp_269 == 11)> <Delay = 3.25> <Core = "ROM_nP">   --->   Core 48 'ROM_nP' <Latency = 1> <II = 1> <Delay = 3.25> <Storage> <Opcode : 'load'> <Ports = 0> <Width = 5> <Depth = 11> <ROM>
ST_8 : Operation 1956 [1/1] (0.00ns)   --->   "%alphas_V_1046_addr = getelementptr [11 x i6]* @alphas_V_1046, i64 0, i64 %newIndex6_i_i" [MathieuHelpMe/Classifier.cpp:80->MathieuHelpMe/Classifier.cpp:136]   --->   Operation 1956 'getelementptr' 'alphas_V_1046_addr' <Predicate = (!exitcond5_i_i & tmp_269 == 10)> <Delay = 0.00>
ST_8 : Operation 1957 [2/2] (3.25ns)   --->   "%alphas_V_1046_load = load i6* %alphas_V_1046_addr, align 1" [MathieuHelpMe/Classifier.cpp:80->MathieuHelpMe/Classifier.cpp:136]   --->   Operation 1957 'load' 'alphas_V_1046_load' <Predicate = (!exitcond5_i_i & tmp_269 == 10)> <Delay = 3.25> <Core = "ROM_nP">   --->   Core 48 'ROM_nP' <Latency = 1> <II = 1> <Delay = 3.25> <Storage> <Opcode : 'load'> <Ports = 0> <Width = 5> <Depth = 11> <ROM>
ST_8 : Operation 1958 [1/1] (0.00ns)   --->   "%alphas_V_959_addr = getelementptr [11 x i5]* @alphas_V_959, i64 0, i64 %newIndex6_i_i" [MathieuHelpMe/Classifier.cpp:80->MathieuHelpMe/Classifier.cpp:136]   --->   Operation 1958 'getelementptr' 'alphas_V_959_addr' <Predicate = (!exitcond5_i_i & tmp_269 == 9)> <Delay = 0.00>
ST_8 : Operation 1959 [2/2] (3.25ns)   --->   "%alphas_V_959_load = load i5* %alphas_V_959_addr, align 1" [MathieuHelpMe/Classifier.cpp:80->MathieuHelpMe/Classifier.cpp:136]   --->   Operation 1959 'load' 'alphas_V_959_load' <Predicate = (!exitcond5_i_i & tmp_269 == 9)> <Delay = 3.25> <Core = "ROM_nP">   --->   Core 48 'ROM_nP' <Latency = 1> <II = 1> <Delay = 3.25> <Storage> <Opcode : 'load'> <Ports = 0> <Width = 5> <Depth = 11> <ROM>
ST_8 : Operation 1960 [1/1] (0.00ns)   --->   "%alphas_V_858_addr = getelementptr [11 x i5]* @alphas_V_858, i64 0, i64 %newIndex6_i_i" [MathieuHelpMe/Classifier.cpp:80->MathieuHelpMe/Classifier.cpp:136]   --->   Operation 1960 'getelementptr' 'alphas_V_858_addr' <Predicate = (!exitcond5_i_i & tmp_269 == 8)> <Delay = 0.00>
ST_8 : Operation 1961 [2/2] (3.25ns)   --->   "%alphas_V_858_load = load i5* %alphas_V_858_addr, align 1" [MathieuHelpMe/Classifier.cpp:80->MathieuHelpMe/Classifier.cpp:136]   --->   Operation 1961 'load' 'alphas_V_858_load' <Predicate = (!exitcond5_i_i & tmp_269 == 8)> <Delay = 3.25> <Core = "ROM_nP">   --->   Core 48 'ROM_nP' <Latency = 1> <II = 1> <Delay = 3.25> <Storage> <Opcode : 'load'> <Ports = 0> <Width = 5> <Depth = 11> <ROM>
ST_8 : Operation 1962 [1/1] (0.00ns)   --->   "%alphas_V_757_addr = getelementptr [11 x i6]* @alphas_V_757, i64 0, i64 %newIndex6_i_i" [MathieuHelpMe/Classifier.cpp:80->MathieuHelpMe/Classifier.cpp:136]   --->   Operation 1962 'getelementptr' 'alphas_V_757_addr' <Predicate = (!exitcond5_i_i & tmp_269 == 7)> <Delay = 0.00>
ST_8 : Operation 1963 [2/2] (3.25ns)   --->   "%alphas_V_757_load = load i6* %alphas_V_757_addr, align 1" [MathieuHelpMe/Classifier.cpp:80->MathieuHelpMe/Classifier.cpp:136]   --->   Operation 1963 'load' 'alphas_V_757_load' <Predicate = (!exitcond5_i_i & tmp_269 == 7)> <Delay = 3.25> <Core = "ROM_nP">   --->   Core 48 'ROM_nP' <Latency = 1> <II = 1> <Delay = 3.25> <Storage> <Opcode : 'load'> <Ports = 0> <Width = 5> <Depth = 11> <ROM>
ST_8 : Operation 1964 [1/1] (0.00ns)   --->   "%alphas_V_656_addr = getelementptr [11 x i5]* @alphas_V_656, i64 0, i64 %newIndex6_i_i" [MathieuHelpMe/Classifier.cpp:80->MathieuHelpMe/Classifier.cpp:136]   --->   Operation 1964 'getelementptr' 'alphas_V_656_addr' <Predicate = (!exitcond5_i_i & tmp_269 == 6)> <Delay = 0.00>
ST_8 : Operation 1965 [2/2] (3.25ns)   --->   "%alphas_V_656_load = load i5* %alphas_V_656_addr, align 1" [MathieuHelpMe/Classifier.cpp:80->MathieuHelpMe/Classifier.cpp:136]   --->   Operation 1965 'load' 'alphas_V_656_load' <Predicate = (!exitcond5_i_i & tmp_269 == 6)> <Delay = 3.25> <Core = "ROM_nP">   --->   Core 48 'ROM_nP' <Latency = 1> <II = 1> <Delay = 3.25> <Storage> <Opcode : 'load'> <Ports = 0> <Width = 5> <Depth = 11> <ROM>
ST_8 : Operation 1966 [1/1] (0.00ns)   --->   "%alphas_V_555_addr = getelementptr [11 x i5]* @alphas_V_555, i64 0, i64 %newIndex6_i_i" [MathieuHelpMe/Classifier.cpp:80->MathieuHelpMe/Classifier.cpp:136]   --->   Operation 1966 'getelementptr' 'alphas_V_555_addr' <Predicate = (!exitcond5_i_i & tmp_269 == 5)> <Delay = 0.00>
ST_8 : Operation 1967 [2/2] (3.25ns)   --->   "%alphas_V_555_load = load i5* %alphas_V_555_addr, align 1" [MathieuHelpMe/Classifier.cpp:80->MathieuHelpMe/Classifier.cpp:136]   --->   Operation 1967 'load' 'alphas_V_555_load' <Predicate = (!exitcond5_i_i & tmp_269 == 5)> <Delay = 3.25> <Core = "ROM_nP">   --->   Core 48 'ROM_nP' <Latency = 1> <II = 1> <Delay = 3.25> <Storage> <Opcode : 'load'> <Ports = 0> <Width = 5> <Depth = 11> <ROM>
ST_8 : Operation 1968 [1/1] (0.00ns)   --->   "%alphas_V_454_addr = getelementptr [11 x i6]* @alphas_V_454, i64 0, i64 %newIndex6_i_i" [MathieuHelpMe/Classifier.cpp:80->MathieuHelpMe/Classifier.cpp:136]   --->   Operation 1968 'getelementptr' 'alphas_V_454_addr' <Predicate = (!exitcond5_i_i & tmp_269 == 4)> <Delay = 0.00>
ST_8 : Operation 1969 [2/2] (3.25ns)   --->   "%alphas_V_454_load = load i6* %alphas_V_454_addr, align 1" [MathieuHelpMe/Classifier.cpp:80->MathieuHelpMe/Classifier.cpp:136]   --->   Operation 1969 'load' 'alphas_V_454_load' <Predicate = (!exitcond5_i_i & tmp_269 == 4)> <Delay = 3.25> <Core = "ROM_nP">   --->   Core 48 'ROM_nP' <Latency = 1> <II = 1> <Delay = 3.25> <Storage> <Opcode : 'load'> <Ports = 0> <Width = 5> <Depth = 11> <ROM>
ST_8 : Operation 1970 [1/1] (0.00ns)   --->   "%alphas_V_353_addr = getelementptr [11 x i8]* @alphas_V_353, i64 0, i64 %newIndex6_i_i" [MathieuHelpMe/Classifier.cpp:80->MathieuHelpMe/Classifier.cpp:136]   --->   Operation 1970 'getelementptr' 'alphas_V_353_addr' <Predicate = (!exitcond5_i_i & tmp_269 == 3)> <Delay = 0.00>
ST_8 : Operation 1971 [2/2] (3.25ns)   --->   "%alphas_V_353_load = load i8* %alphas_V_353_addr, align 1" [MathieuHelpMe/Classifier.cpp:80->MathieuHelpMe/Classifier.cpp:136]   --->   Operation 1971 'load' 'alphas_V_353_load' <Predicate = (!exitcond5_i_i & tmp_269 == 3)> <Delay = 3.25> <Core = "ROM_nP">   --->   Core 48 'ROM_nP' <Latency = 1> <II = 1> <Delay = 3.25> <Storage> <Opcode : 'load'> <Ports = 0> <Width = 5> <Depth = 11> <ROM>
ST_8 : Operation 1972 [1/1] (0.00ns)   --->   "%alphas_V_252_addr = getelementptr [11 x i6]* @alphas_V_252, i64 0, i64 %newIndex6_i_i" [MathieuHelpMe/Classifier.cpp:80->MathieuHelpMe/Classifier.cpp:136]   --->   Operation 1972 'getelementptr' 'alphas_V_252_addr' <Predicate = (!exitcond5_i_i & tmp_269 == 2)> <Delay = 0.00>
ST_8 : Operation 1973 [2/2] (3.25ns)   --->   "%alphas_V_252_load = load i6* %alphas_V_252_addr, align 1" [MathieuHelpMe/Classifier.cpp:80->MathieuHelpMe/Classifier.cpp:136]   --->   Operation 1973 'load' 'alphas_V_252_load' <Predicate = (!exitcond5_i_i & tmp_269 == 2)> <Delay = 3.25> <Core = "ROM_nP">   --->   Core 48 'ROM_nP' <Latency = 1> <II = 1> <Delay = 3.25> <Storage> <Opcode : 'load'> <Ports = 0> <Width = 5> <Depth = 11> <ROM>
ST_8 : Operation 1974 [1/1] (0.00ns)   --->   "%alphas_V_145_addr = getelementptr [11 x i6]* @alphas_V_145, i64 0, i64 %newIndex6_i_i" [MathieuHelpMe/Classifier.cpp:80->MathieuHelpMe/Classifier.cpp:136]   --->   Operation 1974 'getelementptr' 'alphas_V_145_addr' <Predicate = (!exitcond5_i_i & tmp_269 == 1)> <Delay = 0.00>
ST_8 : Operation 1975 [2/2] (3.25ns)   --->   "%alphas_V_145_load = load i6* %alphas_V_145_addr, align 1" [MathieuHelpMe/Classifier.cpp:80->MathieuHelpMe/Classifier.cpp:136]   --->   Operation 1975 'load' 'alphas_V_145_load' <Predicate = (!exitcond5_i_i & tmp_269 == 1)> <Delay = 3.25> <Core = "ROM_nP">   --->   Core 48 'ROM_nP' <Latency = 1> <II = 1> <Delay = 3.25> <Storage> <Opcode : 'load'> <Ports = 0> <Width = 5> <Depth = 11> <ROM>
ST_8 : Operation 1976 [1/1] (0.00ns)   --->   "%alphas_V_044_addr = getelementptr [11 x i7]* @alphas_V_044, i64 0, i64 %newIndex6_i_i" [MathieuHelpMe/Classifier.cpp:80->MathieuHelpMe/Classifier.cpp:136]   --->   Operation 1976 'getelementptr' 'alphas_V_044_addr' <Predicate = (!exitcond5_i_i & tmp_269 == 0)> <Delay = 0.00>
ST_8 : Operation 1977 [2/2] (3.25ns)   --->   "%alphas_V_044_load = load i7* %alphas_V_044_addr, align 1" [MathieuHelpMe/Classifier.cpp:80->MathieuHelpMe/Classifier.cpp:136]   --->   Operation 1977 'load' 'alphas_V_044_load' <Predicate = (!exitcond5_i_i & tmp_269 == 0)> <Delay = 3.25> <Core = "ROM_nP">   --->   Core 48 'ROM_nP' <Latency = 1> <II = 1> <Delay = 3.25> <Storage> <Opcode : 'load'> <Ports = 0> <Width = 5> <Depth = 11> <ROM>
ST_8 : Operation 1978 [1/1] (0.00ns)   --->   "%alphas_V_1551_addr = getelementptr [11 x i5]* @alphas_V_1551, i64 0, i64 %newIndex6_i_i" [MathieuHelpMe/Classifier.cpp:80->MathieuHelpMe/Classifier.cpp:136]   --->   Operation 1978 'getelementptr' 'alphas_V_1551_addr' <Predicate = (!exitcond5_i_i & tmp_269 == 15)> <Delay = 0.00>
ST_8 : Operation 1979 [2/2] (3.25ns)   --->   "%alphas_V_1551_load = load i5* %alphas_V_1551_addr, align 1" [MathieuHelpMe/Classifier.cpp:80->MathieuHelpMe/Classifier.cpp:136]   --->   Operation 1979 'load' 'alphas_V_1551_load' <Predicate = (!exitcond5_i_i & tmp_269 == 15)> <Delay = 3.25> <Core = "ROM_nP">   --->   Core 48 'ROM_nP' <Latency = 1> <II = 1> <Delay = 3.25> <Storage> <Opcode : 'load'> <Ports = 0> <Width = 5> <Depth = 11> <ROM>

State 9 <SV = 5> <Delay = 3.25>
ST_9 : Operation 1980 [1/2] (3.25ns)   --->   "%sv_norms_V_14_load = load i27* %sv_norms_V_14_addr, align 4" [MathieuHelpMe/Classifier.cpp:80->MathieuHelpMe/Classifier.cpp:136]   --->   Operation 1980 'load' 'sv_norms_V_14_load' <Predicate = (!exitcond5_i_i & tmp_269 == 14)> <Delay = 3.25> <Core = "ROM_nP">   --->   Core 48 'ROM_nP' <Latency = 1> <II = 1> <Delay = 3.25> <Storage> <Opcode : 'load'> <Ports = 0> <Width = 5> <Depth = 11> <ROM>
ST_9 : Operation 1981 [1/1] (0.00ns)   --->   "%sv_norms_V_14_load_c = zext i27 %sv_norms_V_14_load to i30" [MathieuHelpMe/Classifier.cpp:80->MathieuHelpMe/Classifier.cpp:136]   --->   Operation 1981 'zext' 'sv_norms_V_14_load_c' <Predicate = (!exitcond5_i_i & tmp_269 == 14)> <Delay = 0.00>
ST_9 : Operation 1982 [1/1] (2.19ns)   --->   "br label %._crit_edge5446.i.i" [MathieuHelpMe/Classifier.cpp:80->MathieuHelpMe/Classifier.cpp:136]   --->   Operation 1982 'br' <Predicate = (!exitcond5_i_i & tmp_269 == 14)> <Delay = 2.19>
ST_9 : Operation 1983 [1/2] (3.25ns)   --->   "%sv_norms_V_13_load = load i28* %sv_norms_V_13_addr, align 4" [MathieuHelpMe/Classifier.cpp:80->MathieuHelpMe/Classifier.cpp:136]   --->   Operation 1983 'load' 'sv_norms_V_13_load' <Predicate = (!exitcond5_i_i & tmp_269 == 13)> <Delay = 3.25> <Core = "ROM_nP">   --->   Core 48 'ROM_nP' <Latency = 1> <II = 1> <Delay = 3.25> <Storage> <Opcode : 'load'> <Ports = 0> <Width = 5> <Depth = 11> <ROM>
ST_9 : Operation 1984 [1/1] (0.00ns)   --->   "%sv_norms_V_13_load_c = zext i28 %sv_norms_V_13_load to i30" [MathieuHelpMe/Classifier.cpp:80->MathieuHelpMe/Classifier.cpp:136]   --->   Operation 1984 'zext' 'sv_norms_V_13_load_c' <Predicate = (!exitcond5_i_i & tmp_269 == 13)> <Delay = 0.00>
ST_9 : Operation 1985 [1/1] (2.19ns)   --->   "br label %._crit_edge5446.i.i" [MathieuHelpMe/Classifier.cpp:80->MathieuHelpMe/Classifier.cpp:136]   --->   Operation 1985 'br' <Predicate = (!exitcond5_i_i & tmp_269 == 13)> <Delay = 2.19>
ST_9 : Operation 1986 [1/2] (3.25ns)   --->   "%sv_norms_V_12_load = load i29* %sv_norms_V_12_addr, align 4" [MathieuHelpMe/Classifier.cpp:80->MathieuHelpMe/Classifier.cpp:136]   --->   Operation 1986 'load' 'sv_norms_V_12_load' <Predicate = (!exitcond5_i_i & tmp_269 == 12)> <Delay = 3.25> <Core = "ROM_nP">   --->   Core 48 'ROM_nP' <Latency = 1> <II = 1> <Delay = 3.25> <Storage> <Opcode : 'load'> <Ports = 0> <Width = 5> <Depth = 11> <ROM>
ST_9 : Operation 1987 [1/1] (0.00ns)   --->   "%sv_norms_V_12_load_c = zext i29 %sv_norms_V_12_load to i30" [MathieuHelpMe/Classifier.cpp:80->MathieuHelpMe/Classifier.cpp:136]   --->   Operation 1987 'zext' 'sv_norms_V_12_load_c' <Predicate = (!exitcond5_i_i & tmp_269 == 12)> <Delay = 0.00>
ST_9 : Operation 1988 [1/1] (2.19ns)   --->   "br label %._crit_edge5446.i.i" [MathieuHelpMe/Classifier.cpp:80->MathieuHelpMe/Classifier.cpp:136]   --->   Operation 1988 'br' <Predicate = (!exitcond5_i_i & tmp_269 == 12)> <Delay = 2.19>
ST_9 : Operation 1989 [1/2] (3.25ns)   --->   "%sv_norms_V_11_load = load i28* %sv_norms_V_11_addr, align 4" [MathieuHelpMe/Classifier.cpp:80->MathieuHelpMe/Classifier.cpp:136]   --->   Operation 1989 'load' 'sv_norms_V_11_load' <Predicate = (!exitcond5_i_i & tmp_269 == 11)> <Delay = 3.25> <Core = "ROM_nP">   --->   Core 48 'ROM_nP' <Latency = 1> <II = 1> <Delay = 3.25> <Storage> <Opcode : 'load'> <Ports = 0> <Width = 5> <Depth = 11> <ROM>
ST_9 : Operation 1990 [1/1] (0.00ns)   --->   "%sv_norms_V_11_load_c = sext i28 %sv_norms_V_11_load to i30" [MathieuHelpMe/Classifier.cpp:80->MathieuHelpMe/Classifier.cpp:136]   --->   Operation 1990 'sext' 'sv_norms_V_11_load_c' <Predicate = (!exitcond5_i_i & tmp_269 == 11)> <Delay = 0.00>
ST_9 : Operation 1991 [1/1] (2.19ns)   --->   "br label %._crit_edge5446.i.i" [MathieuHelpMe/Classifier.cpp:80->MathieuHelpMe/Classifier.cpp:136]   --->   Operation 1991 'br' <Predicate = (!exitcond5_i_i & tmp_269 == 11)> <Delay = 2.19>
ST_9 : Operation 1992 [1/2] (3.25ns)   --->   "%sv_norms_V_10_load = load i28* %sv_norms_V_10_addr, align 4" [MathieuHelpMe/Classifier.cpp:80->MathieuHelpMe/Classifier.cpp:136]   --->   Operation 1992 'load' 'sv_norms_V_10_load' <Predicate = (!exitcond5_i_i & tmp_269 == 10)> <Delay = 3.25> <Core = "ROM_nP">   --->   Core 48 'ROM_nP' <Latency = 1> <II = 1> <Delay = 3.25> <Storage> <Opcode : 'load'> <Ports = 0> <Width = 5> <Depth = 11> <ROM>
ST_9 : Operation 1993 [1/1] (0.00ns)   --->   "%sv_norms_V_10_load_c = zext i28 %sv_norms_V_10_load to i30" [MathieuHelpMe/Classifier.cpp:80->MathieuHelpMe/Classifier.cpp:136]   --->   Operation 1993 'zext' 'sv_norms_V_10_load_c' <Predicate = (!exitcond5_i_i & tmp_269 == 10)> <Delay = 0.00>
ST_9 : Operation 1994 [1/1] (2.19ns)   --->   "br label %._crit_edge5446.i.i" [MathieuHelpMe/Classifier.cpp:80->MathieuHelpMe/Classifier.cpp:136]   --->   Operation 1994 'br' <Predicate = (!exitcond5_i_i & tmp_269 == 10)> <Delay = 2.19>
ST_9 : Operation 1995 [1/2] (3.25ns)   --->   "%sv_norms_V_9_load = load i29* %sv_norms_V_9_addr, align 4" [MathieuHelpMe/Classifier.cpp:80->MathieuHelpMe/Classifier.cpp:136]   --->   Operation 1995 'load' 'sv_norms_V_9_load' <Predicate = (!exitcond5_i_i & tmp_269 == 9)> <Delay = 3.25> <Core = "ROM_nP">   --->   Core 48 'ROM_nP' <Latency = 1> <II = 1> <Delay = 3.25> <Storage> <Opcode : 'load'> <Ports = 0> <Width = 5> <Depth = 11> <ROM>
ST_9 : Operation 1996 [1/1] (0.00ns)   --->   "%sv_norms_V_9_load_ca = zext i29 %sv_norms_V_9_load to i30" [MathieuHelpMe/Classifier.cpp:80->MathieuHelpMe/Classifier.cpp:136]   --->   Operation 1996 'zext' 'sv_norms_V_9_load_ca' <Predicate = (!exitcond5_i_i & tmp_269 == 9)> <Delay = 0.00>
ST_9 : Operation 1997 [1/1] (2.19ns)   --->   "br label %._crit_edge5446.i.i" [MathieuHelpMe/Classifier.cpp:80->MathieuHelpMe/Classifier.cpp:136]   --->   Operation 1997 'br' <Predicate = (!exitcond5_i_i & tmp_269 == 9)> <Delay = 2.19>
ST_9 : Operation 1998 [1/2] (3.25ns)   --->   "%sv_norms_V_8_load = load i29* %sv_norms_V_8_addr, align 4" [MathieuHelpMe/Classifier.cpp:80->MathieuHelpMe/Classifier.cpp:136]   --->   Operation 1998 'load' 'sv_norms_V_8_load' <Predicate = (!exitcond5_i_i & tmp_269 == 8)> <Delay = 3.25> <Core = "ROM_nP">   --->   Core 48 'ROM_nP' <Latency = 1> <II = 1> <Delay = 3.25> <Storage> <Opcode : 'load'> <Ports = 0> <Width = 5> <Depth = 11> <ROM>
ST_9 : Operation 1999 [1/1] (0.00ns)   --->   "%sv_norms_V_8_load_ca = zext i29 %sv_norms_V_8_load to i30" [MathieuHelpMe/Classifier.cpp:80->MathieuHelpMe/Classifier.cpp:136]   --->   Operation 1999 'zext' 'sv_norms_V_8_load_ca' <Predicate = (!exitcond5_i_i & tmp_269 == 8)> <Delay = 0.00>
ST_9 : Operation 2000 [1/1] (2.19ns)   --->   "br label %._crit_edge5446.i.i" [MathieuHelpMe/Classifier.cpp:80->MathieuHelpMe/Classifier.cpp:136]   --->   Operation 2000 'br' <Predicate = (!exitcond5_i_i & tmp_269 == 8)> <Delay = 2.19>
ST_9 : Operation 2001 [1/2] (3.25ns)   --->   "%sv_norms_V_7_load = load i27* %sv_norms_V_7_addr, align 4" [MathieuHelpMe/Classifier.cpp:80->MathieuHelpMe/Classifier.cpp:136]   --->   Operation 2001 'load' 'sv_norms_V_7_load' <Predicate = (!exitcond5_i_i & tmp_269 == 7)> <Delay = 3.25> <Core = "ROM_nP">   --->   Core 48 'ROM_nP' <Latency = 1> <II = 1> <Delay = 3.25> <Storage> <Opcode : 'load'> <Ports = 0> <Width = 5> <Depth = 11> <ROM>
ST_9 : Operation 2002 [1/1] (0.00ns)   --->   "%sv_norms_V_7_load_ca = zext i27 %sv_norms_V_7_load to i30" [MathieuHelpMe/Classifier.cpp:80->MathieuHelpMe/Classifier.cpp:136]   --->   Operation 2002 'zext' 'sv_norms_V_7_load_ca' <Predicate = (!exitcond5_i_i & tmp_269 == 7)> <Delay = 0.00>
ST_9 : Operation 2003 [1/1] (2.19ns)   --->   "br label %._crit_edge5446.i.i" [MathieuHelpMe/Classifier.cpp:80->MathieuHelpMe/Classifier.cpp:136]   --->   Operation 2003 'br' <Predicate = (!exitcond5_i_i & tmp_269 == 7)> <Delay = 2.19>
ST_9 : Operation 2004 [1/2] (3.25ns)   --->   "%sv_norms_V_6_load = load i29* %sv_norms_V_6_addr, align 4" [MathieuHelpMe/Classifier.cpp:80->MathieuHelpMe/Classifier.cpp:136]   --->   Operation 2004 'load' 'sv_norms_V_6_load' <Predicate = (!exitcond5_i_i & tmp_269 == 6)> <Delay = 3.25> <Core = "ROM_nP">   --->   Core 48 'ROM_nP' <Latency = 1> <II = 1> <Delay = 3.25> <Storage> <Opcode : 'load'> <Ports = 0> <Width = 5> <Depth = 11> <ROM>
ST_9 : Operation 2005 [1/1] (0.00ns)   --->   "%sv_norms_V_6_load_ca = zext i29 %sv_norms_V_6_load to i30" [MathieuHelpMe/Classifier.cpp:80->MathieuHelpMe/Classifier.cpp:136]   --->   Operation 2005 'zext' 'sv_norms_V_6_load_ca' <Predicate = (!exitcond5_i_i & tmp_269 == 6)> <Delay = 0.00>
ST_9 : Operation 2006 [1/1] (2.19ns)   --->   "br label %._crit_edge5446.i.i" [MathieuHelpMe/Classifier.cpp:80->MathieuHelpMe/Classifier.cpp:136]   --->   Operation 2006 'br' <Predicate = (!exitcond5_i_i & tmp_269 == 6)> <Delay = 2.19>
ST_9 : Operation 2007 [1/2] (3.25ns)   --->   "%sv_norms_V_5_load = load i28* %sv_norms_V_5_addr, align 4" [MathieuHelpMe/Classifier.cpp:80->MathieuHelpMe/Classifier.cpp:136]   --->   Operation 2007 'load' 'sv_norms_V_5_load' <Predicate = (!exitcond5_i_i & tmp_269 == 5)> <Delay = 3.25> <Core = "ROM_nP">   --->   Core 48 'ROM_nP' <Latency = 1> <II = 1> <Delay = 3.25> <Storage> <Opcode : 'load'> <Ports = 0> <Width = 5> <Depth = 11> <ROM>
ST_9 : Operation 2008 [1/1] (0.00ns)   --->   "%sv_norms_V_5_load_ca = zext i28 %sv_norms_V_5_load to i30" [MathieuHelpMe/Classifier.cpp:80->MathieuHelpMe/Classifier.cpp:136]   --->   Operation 2008 'zext' 'sv_norms_V_5_load_ca' <Predicate = (!exitcond5_i_i & tmp_269 == 5)> <Delay = 0.00>
ST_9 : Operation 2009 [1/1] (2.19ns)   --->   "br label %._crit_edge5446.i.i" [MathieuHelpMe/Classifier.cpp:80->MathieuHelpMe/Classifier.cpp:136]   --->   Operation 2009 'br' <Predicate = (!exitcond5_i_i & tmp_269 == 5)> <Delay = 2.19>
ST_9 : Operation 2010 [1/2] (3.25ns)   --->   "%sv_norms_V_4_load = load i28* %sv_norms_V_4_addr, align 4" [MathieuHelpMe/Classifier.cpp:80->MathieuHelpMe/Classifier.cpp:136]   --->   Operation 2010 'load' 'sv_norms_V_4_load' <Predicate = (!exitcond5_i_i & tmp_269 == 4)> <Delay = 3.25> <Core = "ROM_nP">   --->   Core 48 'ROM_nP' <Latency = 1> <II = 1> <Delay = 3.25> <Storage> <Opcode : 'load'> <Ports = 0> <Width = 5> <Depth = 11> <ROM>
ST_9 : Operation 2011 [1/1] (0.00ns)   --->   "%sv_norms_V_4_load_ca = zext i28 %sv_norms_V_4_load to i30" [MathieuHelpMe/Classifier.cpp:80->MathieuHelpMe/Classifier.cpp:136]   --->   Operation 2011 'zext' 'sv_norms_V_4_load_ca' <Predicate = (!exitcond5_i_i & tmp_269 == 4)> <Delay = 0.00>
ST_9 : Operation 2012 [1/1] (2.19ns)   --->   "br label %._crit_edge5446.i.i" [MathieuHelpMe/Classifier.cpp:80->MathieuHelpMe/Classifier.cpp:136]   --->   Operation 2012 'br' <Predicate = (!exitcond5_i_i & tmp_269 == 4)> <Delay = 2.19>
ST_9 : Operation 2013 [1/2] (3.25ns)   --->   "%sv_norms_V_3_load = load i28* %sv_norms_V_3_addr, align 4" [MathieuHelpMe/Classifier.cpp:80->MathieuHelpMe/Classifier.cpp:136]   --->   Operation 2013 'load' 'sv_norms_V_3_load' <Predicate = (!exitcond5_i_i & tmp_269 == 3)> <Delay = 3.25> <Core = "ROM_nP">   --->   Core 48 'ROM_nP' <Latency = 1> <II = 1> <Delay = 3.25> <Storage> <Opcode : 'load'> <Ports = 0> <Width = 5> <Depth = 11> <ROM>
ST_9 : Operation 2014 [1/1] (0.00ns)   --->   "%sv_norms_V_3_load_ca = zext i28 %sv_norms_V_3_load to i30" [MathieuHelpMe/Classifier.cpp:80->MathieuHelpMe/Classifier.cpp:136]   --->   Operation 2014 'zext' 'sv_norms_V_3_load_ca' <Predicate = (!exitcond5_i_i & tmp_269 == 3)> <Delay = 0.00>
ST_9 : Operation 2015 [1/1] (2.19ns)   --->   "br label %._crit_edge5446.i.i" [MathieuHelpMe/Classifier.cpp:80->MathieuHelpMe/Classifier.cpp:136]   --->   Operation 2015 'br' <Predicate = (!exitcond5_i_i & tmp_269 == 3)> <Delay = 2.19>
ST_9 : Operation 2016 [1/2] (3.25ns)   --->   "%sv_norms_V_2_load = load i30* %sv_norms_V_2_addr, align 4" [MathieuHelpMe/Classifier.cpp:80->MathieuHelpMe/Classifier.cpp:136]   --->   Operation 2016 'load' 'sv_norms_V_2_load' <Predicate = (!exitcond5_i_i & tmp_269 == 2)> <Delay = 3.25> <Core = "ROM_nP">   --->   Core 48 'ROM_nP' <Latency = 1> <II = 1> <Delay = 3.25> <Storage> <Opcode : 'load'> <Ports = 0> <Width = 5> <Depth = 11> <ROM>
ST_9 : Operation 2017 [1/1] (2.19ns)   --->   "br label %._crit_edge5446.i.i" [MathieuHelpMe/Classifier.cpp:80->MathieuHelpMe/Classifier.cpp:136]   --->   Operation 2017 'br' <Predicate = (!exitcond5_i_i & tmp_269 == 2)> <Delay = 2.19>
ST_9 : Operation 2018 [1/2] (3.25ns)   --->   "%sv_norms_V_1_load = load i28* %sv_norms_V_1_addr, align 4" [MathieuHelpMe/Classifier.cpp:80->MathieuHelpMe/Classifier.cpp:136]   --->   Operation 2018 'load' 'sv_norms_V_1_load' <Predicate = (!exitcond5_i_i & tmp_269 == 1)> <Delay = 3.25> <Core = "ROM_nP">   --->   Core 48 'ROM_nP' <Latency = 1> <II = 1> <Delay = 3.25> <Storage> <Opcode : 'load'> <Ports = 0> <Width = 5> <Depth = 11> <ROM>
ST_9 : Operation 2019 [1/1] (0.00ns)   --->   "%sv_norms_V_1_load_ca = zext i28 %sv_norms_V_1_load to i30" [MathieuHelpMe/Classifier.cpp:80->MathieuHelpMe/Classifier.cpp:136]   --->   Operation 2019 'zext' 'sv_norms_V_1_load_ca' <Predicate = (!exitcond5_i_i & tmp_269 == 1)> <Delay = 0.00>
ST_9 : Operation 2020 [1/1] (2.19ns)   --->   "br label %._crit_edge5446.i.i" [MathieuHelpMe/Classifier.cpp:80->MathieuHelpMe/Classifier.cpp:136]   --->   Operation 2020 'br' <Predicate = (!exitcond5_i_i & tmp_269 == 1)> <Delay = 2.19>
ST_9 : Operation 2021 [1/2] (3.25ns)   --->   "%sv_norms_V_0_load = load i30* %sv_norms_V_0_addr, align 4" [MathieuHelpMe/Classifier.cpp:80->MathieuHelpMe/Classifier.cpp:136]   --->   Operation 2021 'load' 'sv_norms_V_0_load' <Predicate = (!exitcond5_i_i & tmp_269 == 0)> <Delay = 3.25> <Core = "ROM_nP">   --->   Core 48 'ROM_nP' <Latency = 1> <II = 1> <Delay = 3.25> <Storage> <Opcode : 'load'> <Ports = 0> <Width = 5> <Depth = 11> <ROM>
ST_9 : Operation 2022 [1/1] (2.19ns)   --->   "br label %._crit_edge5446.i.i" [MathieuHelpMe/Classifier.cpp:80->MathieuHelpMe/Classifier.cpp:136]   --->   Operation 2022 'br' <Predicate = (!exitcond5_i_i & tmp_269 == 0)> <Delay = 2.19>
ST_9 : Operation 2023 [1/2] (3.25ns)   --->   "%sv_norms_V_15_load = load i30* %sv_norms_V_15_addr, align 4" [MathieuHelpMe/Classifier.cpp:80->MathieuHelpMe/Classifier.cpp:136]   --->   Operation 2023 'load' 'sv_norms_V_15_load' <Predicate = (!exitcond5_i_i & tmp_269 == 15)> <Delay = 3.25> <Core = "ROM_nP">   --->   Core 48 'ROM_nP' <Latency = 1> <II = 1> <Delay = 3.25> <Storage> <Opcode : 'load'> <Ports = 0> <Width = 5> <Depth = 11> <ROM>
ST_9 : Operation 2024 [1/1] (2.19ns)   --->   "br label %._crit_edge5446.i.i" [MathieuHelpMe/Classifier.cpp:80->MathieuHelpMe/Classifier.cpp:136]   --->   Operation 2024 'br' <Predicate = (!exitcond5_i_i & tmp_269 == 15)> <Delay = 2.19>
ST_9 : Operation 2025 [1/2] (3.25ns)   --->   "%alphas_V_1450_load = load i6* %alphas_V_1450_addr, align 1" [MathieuHelpMe/Classifier.cpp:80->MathieuHelpMe/Classifier.cpp:136]   --->   Operation 2025 'load' 'alphas_V_1450_load' <Predicate = (!exitcond5_i_i & tmp_269 == 14)> <Delay = 3.25> <Core = "ROM_nP">   --->   Core 48 'ROM_nP' <Latency = 1> <II = 1> <Delay = 3.25> <Storage> <Opcode : 'load'> <Ports = 0> <Width = 5> <Depth = 11> <ROM>
ST_9 : Operation 2026 [1/1] (0.00ns)   --->   "%alphas_V_1450_load_i = sext i6 %alphas_V_1450_load to i8" [MathieuHelpMe/Classifier.cpp:80->MathieuHelpMe/Classifier.cpp:136]   --->   Operation 2026 'sext' 'alphas_V_1450_load_i' <Predicate = (!exitcond5_i_i & tmp_269 == 14)> <Delay = 0.00>
ST_9 : Operation 2027 [1/1] (2.19ns)   --->   "br label %"aesl_mux_load.16[11 x i8]P.i32.i64.exit""   --->   Operation 2027 'br' <Predicate = (!exitcond5_i_i & tmp_269 == 14)> <Delay = 2.19>
ST_9 : Operation 2028 [1/2] (3.25ns)   --->   "%alphas_V_1349_load = load i5* %alphas_V_1349_addr, align 1" [MathieuHelpMe/Classifier.cpp:80->MathieuHelpMe/Classifier.cpp:136]   --->   Operation 2028 'load' 'alphas_V_1349_load' <Predicate = (!exitcond5_i_i & tmp_269 == 13)> <Delay = 3.25> <Core = "ROM_nP">   --->   Core 48 'ROM_nP' <Latency = 1> <II = 1> <Delay = 3.25> <Storage> <Opcode : 'load'> <Ports = 0> <Width = 5> <Depth = 11> <ROM>
ST_9 : Operation 2029 [1/1] (0.00ns)   --->   "%alphas_V_1349_load_i = sext i5 %alphas_V_1349_load to i8" [MathieuHelpMe/Classifier.cpp:80->MathieuHelpMe/Classifier.cpp:136]   --->   Operation 2029 'sext' 'alphas_V_1349_load_i' <Predicate = (!exitcond5_i_i & tmp_269 == 13)> <Delay = 0.00>
ST_9 : Operation 2030 [1/1] (2.19ns)   --->   "br label %"aesl_mux_load.16[11 x i8]P.i32.i64.exit""   --->   Operation 2030 'br' <Predicate = (!exitcond5_i_i & tmp_269 == 13)> <Delay = 2.19>
ST_9 : Operation 2031 [1/2] (3.25ns)   --->   "%alphas_V_1248_load = load i5* %alphas_V_1248_addr, align 1" [MathieuHelpMe/Classifier.cpp:80->MathieuHelpMe/Classifier.cpp:136]   --->   Operation 2031 'load' 'alphas_V_1248_load' <Predicate = (!exitcond5_i_i & tmp_269 == 12)> <Delay = 3.25> <Core = "ROM_nP">   --->   Core 48 'ROM_nP' <Latency = 1> <II = 1> <Delay = 3.25> <Storage> <Opcode : 'load'> <Ports = 0> <Width = 5> <Depth = 11> <ROM>
ST_9 : Operation 2032 [1/1] (0.00ns)   --->   "%alphas_V_1248_load_i = sext i5 %alphas_V_1248_load to i8" [MathieuHelpMe/Classifier.cpp:80->MathieuHelpMe/Classifier.cpp:136]   --->   Operation 2032 'sext' 'alphas_V_1248_load_i' <Predicate = (!exitcond5_i_i & tmp_269 == 12)> <Delay = 0.00>
ST_9 : Operation 2033 [1/1] (2.19ns)   --->   "br label %"aesl_mux_load.16[11 x i8]P.i32.i64.exit""   --->   Operation 2033 'br' <Predicate = (!exitcond5_i_i & tmp_269 == 12)> <Delay = 2.19>
ST_9 : Operation 2034 [1/2] (3.25ns)   --->   "%alphas_V_1147_load = load i7* %alphas_V_1147_addr, align 1" [MathieuHelpMe/Classifier.cpp:80->MathieuHelpMe/Classifier.cpp:136]   --->   Operation 2034 'load' 'alphas_V_1147_load' <Predicate = (!exitcond5_i_i & tmp_269 == 11)> <Delay = 3.25> <Core = "ROM_nP">   --->   Core 48 'ROM_nP' <Latency = 1> <II = 1> <Delay = 3.25> <Storage> <Opcode : 'load'> <Ports = 0> <Width = 5> <Depth = 11> <ROM>
ST_9 : Operation 2035 [1/1] (0.00ns)   --->   "%alphas_V_1147_load_i = sext i7 %alphas_V_1147_load to i8" [MathieuHelpMe/Classifier.cpp:80->MathieuHelpMe/Classifier.cpp:136]   --->   Operation 2035 'sext' 'alphas_V_1147_load_i' <Predicate = (!exitcond5_i_i & tmp_269 == 11)> <Delay = 0.00>
ST_9 : Operation 2036 [1/1] (2.19ns)   --->   "br label %"aesl_mux_load.16[11 x i8]P.i32.i64.exit""   --->   Operation 2036 'br' <Predicate = (!exitcond5_i_i & tmp_269 == 11)> <Delay = 2.19>
ST_9 : Operation 2037 [1/2] (3.25ns)   --->   "%alphas_V_1046_load = load i6* %alphas_V_1046_addr, align 1" [MathieuHelpMe/Classifier.cpp:80->MathieuHelpMe/Classifier.cpp:136]   --->   Operation 2037 'load' 'alphas_V_1046_load' <Predicate = (!exitcond5_i_i & tmp_269 == 10)> <Delay = 3.25> <Core = "ROM_nP">   --->   Core 48 'ROM_nP' <Latency = 1> <II = 1> <Delay = 3.25> <Storage> <Opcode : 'load'> <Ports = 0> <Width = 5> <Depth = 11> <ROM>
ST_9 : Operation 2038 [1/1] (0.00ns)   --->   "%alphas_V_1046_load_i = sext i6 %alphas_V_1046_load to i8" [MathieuHelpMe/Classifier.cpp:80->MathieuHelpMe/Classifier.cpp:136]   --->   Operation 2038 'sext' 'alphas_V_1046_load_i' <Predicate = (!exitcond5_i_i & tmp_269 == 10)> <Delay = 0.00>
ST_9 : Operation 2039 [1/1] (2.19ns)   --->   "br label %"aesl_mux_load.16[11 x i8]P.i32.i64.exit""   --->   Operation 2039 'br' <Predicate = (!exitcond5_i_i & tmp_269 == 10)> <Delay = 2.19>
ST_9 : Operation 2040 [1/2] (3.25ns)   --->   "%alphas_V_959_load = load i5* %alphas_V_959_addr, align 1" [MathieuHelpMe/Classifier.cpp:80->MathieuHelpMe/Classifier.cpp:136]   --->   Operation 2040 'load' 'alphas_V_959_load' <Predicate = (!exitcond5_i_i & tmp_269 == 9)> <Delay = 3.25> <Core = "ROM_nP">   --->   Core 48 'ROM_nP' <Latency = 1> <II = 1> <Delay = 3.25> <Storage> <Opcode : 'load'> <Ports = 0> <Width = 5> <Depth = 11> <ROM>
ST_9 : Operation 2041 [1/1] (0.00ns)   --->   "%alphas_V_959_load_i_s = sext i5 %alphas_V_959_load to i8" [MathieuHelpMe/Classifier.cpp:80->MathieuHelpMe/Classifier.cpp:136]   --->   Operation 2041 'sext' 'alphas_V_959_load_i_s' <Predicate = (!exitcond5_i_i & tmp_269 == 9)> <Delay = 0.00>
ST_9 : Operation 2042 [1/1] (2.19ns)   --->   "br label %"aesl_mux_load.16[11 x i8]P.i32.i64.exit""   --->   Operation 2042 'br' <Predicate = (!exitcond5_i_i & tmp_269 == 9)> <Delay = 2.19>
ST_9 : Operation 2043 [1/2] (3.25ns)   --->   "%alphas_V_858_load = load i5* %alphas_V_858_addr, align 1" [MathieuHelpMe/Classifier.cpp:80->MathieuHelpMe/Classifier.cpp:136]   --->   Operation 2043 'load' 'alphas_V_858_load' <Predicate = (!exitcond5_i_i & tmp_269 == 8)> <Delay = 3.25> <Core = "ROM_nP">   --->   Core 48 'ROM_nP' <Latency = 1> <II = 1> <Delay = 3.25> <Storage> <Opcode : 'load'> <Ports = 0> <Width = 5> <Depth = 11> <ROM>
ST_9 : Operation 2044 [1/1] (0.00ns)   --->   "%alphas_V_858_load_i_s = sext i5 %alphas_V_858_load to i8" [MathieuHelpMe/Classifier.cpp:80->MathieuHelpMe/Classifier.cpp:136]   --->   Operation 2044 'sext' 'alphas_V_858_load_i_s' <Predicate = (!exitcond5_i_i & tmp_269 == 8)> <Delay = 0.00>
ST_9 : Operation 2045 [1/1] (2.19ns)   --->   "br label %"aesl_mux_load.16[11 x i8]P.i32.i64.exit""   --->   Operation 2045 'br' <Predicate = (!exitcond5_i_i & tmp_269 == 8)> <Delay = 2.19>
ST_9 : Operation 2046 [1/2] (3.25ns)   --->   "%alphas_V_757_load = load i6* %alphas_V_757_addr, align 1" [MathieuHelpMe/Classifier.cpp:80->MathieuHelpMe/Classifier.cpp:136]   --->   Operation 2046 'load' 'alphas_V_757_load' <Predicate = (!exitcond5_i_i & tmp_269 == 7)> <Delay = 3.25> <Core = "ROM_nP">   --->   Core 48 'ROM_nP' <Latency = 1> <II = 1> <Delay = 3.25> <Storage> <Opcode : 'load'> <Ports = 0> <Width = 5> <Depth = 11> <ROM>
ST_9 : Operation 2047 [1/1] (0.00ns)   --->   "%alphas_V_757_load_i_s = sext i6 %alphas_V_757_load to i8" [MathieuHelpMe/Classifier.cpp:80->MathieuHelpMe/Classifier.cpp:136]   --->   Operation 2047 'sext' 'alphas_V_757_load_i_s' <Predicate = (!exitcond5_i_i & tmp_269 == 7)> <Delay = 0.00>
ST_9 : Operation 2048 [1/1] (2.19ns)   --->   "br label %"aesl_mux_load.16[11 x i8]P.i32.i64.exit""   --->   Operation 2048 'br' <Predicate = (!exitcond5_i_i & tmp_269 == 7)> <Delay = 2.19>
ST_9 : Operation 2049 [1/2] (3.25ns)   --->   "%alphas_V_656_load = load i5* %alphas_V_656_addr, align 1" [MathieuHelpMe/Classifier.cpp:80->MathieuHelpMe/Classifier.cpp:136]   --->   Operation 2049 'load' 'alphas_V_656_load' <Predicate = (!exitcond5_i_i & tmp_269 == 6)> <Delay = 3.25> <Core = "ROM_nP">   --->   Core 48 'ROM_nP' <Latency = 1> <II = 1> <Delay = 3.25> <Storage> <Opcode : 'load'> <Ports = 0> <Width = 5> <Depth = 11> <ROM>
ST_9 : Operation 2050 [1/1] (0.00ns)   --->   "%alphas_V_656_load_i_s = sext i5 %alphas_V_656_load to i8" [MathieuHelpMe/Classifier.cpp:80->MathieuHelpMe/Classifier.cpp:136]   --->   Operation 2050 'sext' 'alphas_V_656_load_i_s' <Predicate = (!exitcond5_i_i & tmp_269 == 6)> <Delay = 0.00>
ST_9 : Operation 2051 [1/1] (2.19ns)   --->   "br label %"aesl_mux_load.16[11 x i8]P.i32.i64.exit""   --->   Operation 2051 'br' <Predicate = (!exitcond5_i_i & tmp_269 == 6)> <Delay = 2.19>
ST_9 : Operation 2052 [1/2] (3.25ns)   --->   "%alphas_V_555_load = load i5* %alphas_V_555_addr, align 1" [MathieuHelpMe/Classifier.cpp:80->MathieuHelpMe/Classifier.cpp:136]   --->   Operation 2052 'load' 'alphas_V_555_load' <Predicate = (!exitcond5_i_i & tmp_269 == 5)> <Delay = 3.25> <Core = "ROM_nP">   --->   Core 48 'ROM_nP' <Latency = 1> <II = 1> <Delay = 3.25> <Storage> <Opcode : 'load'> <Ports = 0> <Width = 5> <Depth = 11> <ROM>
ST_9 : Operation 2053 [1/1] (0.00ns)   --->   "%alphas_V_555_load_i_s = sext i5 %alphas_V_555_load to i8" [MathieuHelpMe/Classifier.cpp:80->MathieuHelpMe/Classifier.cpp:136]   --->   Operation 2053 'sext' 'alphas_V_555_load_i_s' <Predicate = (!exitcond5_i_i & tmp_269 == 5)> <Delay = 0.00>
ST_9 : Operation 2054 [1/1] (2.19ns)   --->   "br label %"aesl_mux_load.16[11 x i8]P.i32.i64.exit""   --->   Operation 2054 'br' <Predicate = (!exitcond5_i_i & tmp_269 == 5)> <Delay = 2.19>
ST_9 : Operation 2055 [1/2] (3.25ns)   --->   "%alphas_V_454_load = load i6* %alphas_V_454_addr, align 1" [MathieuHelpMe/Classifier.cpp:80->MathieuHelpMe/Classifier.cpp:136]   --->   Operation 2055 'load' 'alphas_V_454_load' <Predicate = (!exitcond5_i_i & tmp_269 == 4)> <Delay = 3.25> <Core = "ROM_nP">   --->   Core 48 'ROM_nP' <Latency = 1> <II = 1> <Delay = 3.25> <Storage> <Opcode : 'load'> <Ports = 0> <Width = 5> <Depth = 11> <ROM>
ST_9 : Operation 2056 [1/1] (0.00ns)   --->   "%alphas_V_454_load_i_s = sext i6 %alphas_V_454_load to i8" [MathieuHelpMe/Classifier.cpp:80->MathieuHelpMe/Classifier.cpp:136]   --->   Operation 2056 'sext' 'alphas_V_454_load_i_s' <Predicate = (!exitcond5_i_i & tmp_269 == 4)> <Delay = 0.00>
ST_9 : Operation 2057 [1/1] (2.19ns)   --->   "br label %"aesl_mux_load.16[11 x i8]P.i32.i64.exit""   --->   Operation 2057 'br' <Predicate = (!exitcond5_i_i & tmp_269 == 4)> <Delay = 2.19>
ST_9 : Operation 2058 [1/2] (3.25ns)   --->   "%alphas_V_353_load = load i8* %alphas_V_353_addr, align 1" [MathieuHelpMe/Classifier.cpp:80->MathieuHelpMe/Classifier.cpp:136]   --->   Operation 2058 'load' 'alphas_V_353_load' <Predicate = (!exitcond5_i_i & tmp_269 == 3)> <Delay = 3.25> <Core = "ROM_nP">   --->   Core 48 'ROM_nP' <Latency = 1> <II = 1> <Delay = 3.25> <Storage> <Opcode : 'load'> <Ports = 0> <Width = 5> <Depth = 11> <ROM>
ST_9 : Operation 2059 [1/1] (2.19ns)   --->   "br label %"aesl_mux_load.16[11 x i8]P.i32.i64.exit""   --->   Operation 2059 'br' <Predicate = (!exitcond5_i_i & tmp_269 == 3)> <Delay = 2.19>
ST_9 : Operation 2060 [1/2] (3.25ns)   --->   "%alphas_V_252_load = load i6* %alphas_V_252_addr, align 1" [MathieuHelpMe/Classifier.cpp:80->MathieuHelpMe/Classifier.cpp:136]   --->   Operation 2060 'load' 'alphas_V_252_load' <Predicate = (!exitcond5_i_i & tmp_269 == 2)> <Delay = 3.25> <Core = "ROM_nP">   --->   Core 48 'ROM_nP' <Latency = 1> <II = 1> <Delay = 3.25> <Storage> <Opcode : 'load'> <Ports = 0> <Width = 5> <Depth = 11> <ROM>
ST_9 : Operation 2061 [1/1] (0.00ns)   --->   "%alphas_V_252_load_i_s = sext i6 %alphas_V_252_load to i8" [MathieuHelpMe/Classifier.cpp:80->MathieuHelpMe/Classifier.cpp:136]   --->   Operation 2061 'sext' 'alphas_V_252_load_i_s' <Predicate = (!exitcond5_i_i & tmp_269 == 2)> <Delay = 0.00>
ST_9 : Operation 2062 [1/1] (2.19ns)   --->   "br label %"aesl_mux_load.16[11 x i8]P.i32.i64.exit""   --->   Operation 2062 'br' <Predicate = (!exitcond5_i_i & tmp_269 == 2)> <Delay = 2.19>
ST_9 : Operation 2063 [1/2] (3.25ns)   --->   "%alphas_V_145_load = load i6* %alphas_V_145_addr, align 1" [MathieuHelpMe/Classifier.cpp:80->MathieuHelpMe/Classifier.cpp:136]   --->   Operation 2063 'load' 'alphas_V_145_load' <Predicate = (!exitcond5_i_i & tmp_269 == 1)> <Delay = 3.25> <Core = "ROM_nP">   --->   Core 48 'ROM_nP' <Latency = 1> <II = 1> <Delay = 3.25> <Storage> <Opcode : 'load'> <Ports = 0> <Width = 5> <Depth = 11> <ROM>
ST_9 : Operation 2064 [1/1] (0.00ns)   --->   "%alphas_V_145_load_i_s = sext i6 %alphas_V_145_load to i8" [MathieuHelpMe/Classifier.cpp:80->MathieuHelpMe/Classifier.cpp:136]   --->   Operation 2064 'sext' 'alphas_V_145_load_i_s' <Predicate = (!exitcond5_i_i & tmp_269 == 1)> <Delay = 0.00>
ST_9 : Operation 2065 [1/1] (2.19ns)   --->   "br label %"aesl_mux_load.16[11 x i8]P.i32.i64.exit""   --->   Operation 2065 'br' <Predicate = (!exitcond5_i_i & tmp_269 == 1)> <Delay = 2.19>
ST_9 : Operation 2066 [1/2] (3.25ns)   --->   "%alphas_V_044_load = load i7* %alphas_V_044_addr, align 1" [MathieuHelpMe/Classifier.cpp:80->MathieuHelpMe/Classifier.cpp:136]   --->   Operation 2066 'load' 'alphas_V_044_load' <Predicate = (!exitcond5_i_i & tmp_269 == 0)> <Delay = 3.25> <Core = "ROM_nP">   --->   Core 48 'ROM_nP' <Latency = 1> <II = 1> <Delay = 3.25> <Storage> <Opcode : 'load'> <Ports = 0> <Width = 5> <Depth = 11> <ROM>
ST_9 : Operation 2067 [1/1] (0.00ns)   --->   "%alphas_V_044_load_i_s = sext i7 %alphas_V_044_load to i8" [MathieuHelpMe/Classifier.cpp:80->MathieuHelpMe/Classifier.cpp:136]   --->   Operation 2067 'sext' 'alphas_V_044_load_i_s' <Predicate = (!exitcond5_i_i & tmp_269 == 0)> <Delay = 0.00>
ST_9 : Operation 2068 [1/1] (2.19ns)   --->   "br label %"aesl_mux_load.16[11 x i8]P.i32.i64.exit""   --->   Operation 2068 'br' <Predicate = (!exitcond5_i_i & tmp_269 == 0)> <Delay = 2.19>
ST_9 : Operation 2069 [1/2] (3.25ns)   --->   "%alphas_V_1551_load = load i5* %alphas_V_1551_addr, align 1" [MathieuHelpMe/Classifier.cpp:80->MathieuHelpMe/Classifier.cpp:136]   --->   Operation 2069 'load' 'alphas_V_1551_load' <Predicate = (!exitcond5_i_i & tmp_269 == 15)> <Delay = 3.25> <Core = "ROM_nP">   --->   Core 48 'ROM_nP' <Latency = 1> <II = 1> <Delay = 3.25> <Storage> <Opcode : 'load'> <Ports = 0> <Width = 5> <Depth = 11> <ROM>
ST_9 : Operation 2070 [1/1] (0.00ns)   --->   "%alphas_V_1551_load_i = sext i5 %alphas_V_1551_load to i8" [MathieuHelpMe/Classifier.cpp:80->MathieuHelpMe/Classifier.cpp:136]   --->   Operation 2070 'sext' 'alphas_V_1551_load_i' <Predicate = (!exitcond5_i_i & tmp_269 == 15)> <Delay = 0.00>
ST_9 : Operation 2071 [1/1] (2.19ns)   --->   "br label %"aesl_mux_load.16[11 x i8]P.i32.i64.exit""   --->   Operation 2071 'br' <Predicate = (!exitcond5_i_i & tmp_269 == 15)> <Delay = 2.19>

State 10 <SV = 6> <Delay = 6.43>
ST_10 : Operation 2072 [1/1] (0.00ns)   --->   "%p_Val2_1 = phi i30 [ %sv_norms_V_0_load, %branch0.i.i ], [ %sv_norms_V_1_load_ca, %branch1.i.i ], [ %sv_norms_V_2_load, %branch2.i.i ], [ %sv_norms_V_3_load_ca, %branch3.i.i ], [ %sv_norms_V_4_load_ca, %branch4.i.i ], [ %sv_norms_V_5_load_ca, %branch5.i.i ], [ %sv_norms_V_6_load_ca, %branch6.i.i ], [ %sv_norms_V_7_load_ca, %branch7.i.i ], [ %sv_norms_V_8_load_ca, %branch8.i.i ], [ %sv_norms_V_9_load_ca, %branch9.i.i ], [ %sv_norms_V_10_load_c, %branch10.i.i ], [ %sv_norms_V_11_load_c, %branch11.i.i ], [ %sv_norms_V_12_load_c, %branch12.i.i ], [ %sv_norms_V_13_load_c, %branch13.i.i ], [ %sv_norms_V_14_load_c, %branch14.i.i ], [ %sv_norms_V_15_load, %branch15.i.i ]" [MathieuHelpMe/Classifier.cpp:80->MathieuHelpMe/Classifier.cpp:136]   --->   Operation 2072 'phi' 'p_Val2_1' <Predicate = (!exitcond5_i_i)> <Delay = 0.00>
ST_10 : Operation 2073 [1/1] (0.00ns)   --->   "%p_Val2_2_cast_i_i = zext i30 %p_Val2_1 to i32" [MathieuHelpMe/Classifier.cpp:80->MathieuHelpMe/Classifier.cpp:136]   --->   Operation 2073 'zext' 'p_Val2_2_cast_i_i' <Predicate = (!exitcond5_i_i)> <Delay = 0.00>
ST_10 : Operation 2074 [1/1] (2.06ns)   --->   "%tmp_17 = call i32 @_ssdm_op_Mux.ap_auto.16i32.i4(i32 %dot_products_0_V, i32 %dot_products_1_V, i32 %dot_products_2_V, i32 %dot_products_3_V, i32 %dot_products_4_V, i32 %dot_products_5_V, i32 %dot_products_6_V, i32 %dot_products_7_V, i32 %dot_products_8_V, i32 %dot_products_9_V, i32 %dot_products_10_V, i32 %dot_products_11_V, i32 %dot_products_12_V, i32 %dot_products_13_V, i32 %dot_products_14_V, i32 %dot_products_15_V, i4 %tmp_269)" [MathieuHelpMe/Classifier.cpp:72->MathieuHelpMe/Classifier.cpp:136]   --->   Operation 2074 'mux' 'tmp_17' <Predicate = (!exitcond5_i_i)> <Delay = 2.06> <Core = "MuxnS">   --->   Core 31 'MuxnS' <Latency = 0> <II = 1> <Delay = 2.06> <FuncUnit> <Opcode : 'mux'> <InPorts = 2> <OutPorts = 1>
ST_10 : Operation 2075 [1/1] (0.00ns) (grouped into TernaryAdder)   --->   "%p_Val2_i_i = add i32 %p_Val2_cast_i_i, %p_Val2_2_cast_i_i" [MathieuHelpMe/Classifier.cpp:82->MathieuHelpMe/Classifier.cpp:136]   --->   Operation 2075 'add' 'p_Val2_i_i' <Predicate = (!exitcond5_i_i)> <Delay = 0.00> <Core = "TAddSub">   --->   Core 80 'TAddSub' <Latency = 0> <II = 1> <Delay = 2.18> <IPBlock> <Opcode : 'add' 'sub'> <InPorts = 3> <OutPorts = 1> <Sync> <CReg>
ST_10 : Operation 2076 [1/1] (0.00ns)   --->   "%p_Val2_2 = shl i32 %tmp_17, 1" [MathieuHelpMe/Classifier.cpp:82->MathieuHelpMe/Classifier.cpp:136]   --->   Operation 2076 'shl' 'p_Val2_2' <Predicate = (!exitcond5_i_i)> <Delay = 0.00>
ST_10 : Operation 2077 [1/1] (4.37ns) (root node of TernaryAdder)   --->   "%dist_sq_V = sub i32 %p_Val2_i_i, %p_Val2_2" [MathieuHelpMe/Classifier.cpp:82->MathieuHelpMe/Classifier.cpp:136]   --->   Operation 2077 'sub' 'dist_sq_V' <Predicate = (!exitcond5_i_i)> <Delay = 4.37> <Core = "TAddSub">   --->   Core 80 'TAddSub' <Latency = 0> <II = 1> <Delay = 2.18> <IPBlock> <Opcode : 'add' 'sub'> <InPorts = 3> <OutPorts = 1> <Sync> <CReg>
ST_10 : Operation 2078 [1/1] (0.00ns)   --->   "%tmp_271 = call i1 @_ssdm_op_BitSelect.i1.i32.i32(i32 %dist_sq_V, i32 31)" [MathieuHelpMe/Classifier.cpp:84->MathieuHelpMe/Classifier.cpp:136]   --->   Operation 2078 'bitselect' 'tmp_271' <Predicate = (!exitcond5_i_i)> <Delay = 0.00>
ST_10 : Operation 2079 [1/1] (0.00ns)   --->   "%tmp_21 = call i20 @_ssdm_op_PartSelect.i20.i32.i32.i32(i32 %dist_sq_V, i32 10, i32 29)" [MathieuHelpMe/Classifier.cpp:87->MathieuHelpMe/Classifier.cpp:136]   --->   Operation 2079 'partselect' 'tmp_21' <Predicate = (!exitcond5_i_i)> <Delay = 0.00>
ST_10 : Operation 2080 [1/1] (0.00ns)   --->   "%UnifiedRetVal_i = phi i8 [ %alphas_V_044_load_i_s, %case0.i ], [ %alphas_V_145_load_i_s, %case1.i ], [ %alphas_V_252_load_i_s, %case2.i ], [ %alphas_V_353_load, %case3.i ], [ %alphas_V_454_load_i_s, %case4.i ], [ %alphas_V_555_load_i_s, %case5.i ], [ %alphas_V_656_load_i_s, %case6.i ], [ %alphas_V_757_load_i_s, %case7.i ], [ %alphas_V_858_load_i_s, %case8.i ], [ %alphas_V_959_load_i_s, %case9.i ], [ %alphas_V_1046_load_i, %case10.i ], [ %alphas_V_1147_load_i, %case11.i ], [ %alphas_V_1248_load_i, %case12.i ], [ %alphas_V_1349_load_i, %case13.i ], [ %alphas_V_1450_load_i, %case14.i ], [ %alphas_V_1551_load_i, %case15.i ]" [MathieuHelpMe/Classifier.cpp:80->MathieuHelpMe/Classifier.cpp:136]   --->   Operation 2080 'phi' 'UnifiedRetVal_i' <Predicate = true> <Delay = 0.00>
ST_10 : Operation 2081 [1/1] (1.42ns)   --->   "switch i4 %tmp_269, label %branch31.i.i [
    i4 0, label %"aesl_mux_load.16[11 x i8]P.i32.i64.exit.compute_exp.exit5751.i.i_crit_edge"
    i4 1, label %branch17.i.i
    i4 2, label %branch18.i.i
    i4 3, label %branch19.i.i
    i4 4, label %branch20.i.i
    i4 5, label %branch21.i.i
    i4 6, label %branch22.i.i
    i4 7, label %branch23.i.i
    i4 -8, label %branch24.i.i
    i4 -7, label %branch25.i.i
    i4 -6, label %branch26.i.i
    i4 -5, label %branch27.i.i
    i4 -4, label %branch28.i.i
    i4 -3, label %branch29.i.i
    i4 -2, label %branch30.i.i
  ]" [MathieuHelpMe/Classifier.cpp:89->MathieuHelpMe/Classifier.cpp:136]   --->   Operation 2081 'switch' <Predicate = true> <Delay = 1.42>

State 11 <SV = 7> <Delay = 7.14>
ST_11 : Operation 2082 [1/1] (2.19ns)   --->   "%p_op = sub i20 0, %tmp_21" [MathieuHelpMe/Classifier.cpp:87->MathieuHelpMe/Classifier.cpp:136]   --->   Operation 2082 'sub' 'p_op' <Predicate = (!exitcond5_i_i & !tmp_271)> <Delay = 2.19> <Core = "AddSub">   --->   Core 14 'AddSub' <Latency = 0> <II = 1> <Delay = 2.55> <FuncUnit> <Opcode : 'add' 'sub'> <InPorts = 2> <OutPorts = 1>
ST_11 : Operation 2083 [1/1] (0.70ns)   --->   "%p_Val2_3 = select i1 %tmp_271, i20 0, i20 %p_op" [MathieuHelpMe/Classifier.cpp:87->MathieuHelpMe/Classifier.cpp:136]   --->   Operation 2083 'select' 'p_Val2_3' <Predicate = (!exitcond5_i_i)> <Delay = 0.70> <Core = "Sel">   --->   Core 26 'Sel' <Latency = 0> <II = 1> <Delay = 0.70> <FuncUnit> <Opcode : 'select'> <InPorts = 3> <OutPorts = 1>
ST_11 : Operation 2084 [1/1] (0.00ns)   --->   "%tmp_272 = call i1 @_ssdm_op_BitSelect.i1.i20.i32(i20 %p_Val2_3, i32 19)" [MathieuHelpMe/Exp.cpp:13->MathieuHelpMe/Classifier.cpp:87->MathieuHelpMe/Classifier.cpp:136]   --->   Operation 2084 'bitselect' 'tmp_272' <Predicate = (!exitcond5_i_i)> <Delay = 0.00>
ST_11 : Operation 2085 [1/1] (1.76ns)   --->   "br i1 %tmp_272, label %_ZrsILi16ELb0EE11ap_int_baseIXT_EXT0_EXleT_Li64EEERKS1_i.exit.i.i.i, label %compute_exp.exit.i.i" [MathieuHelpMe/Exp.cpp:13->MathieuHelpMe/Classifier.cpp:87->MathieuHelpMe/Classifier.cpp:136]   --->   Operation 2085 'br' <Predicate = (!exitcond5_i_i)> <Delay = 1.76>
ST_11 : Operation 2086 [1/1] (0.00ns)   --->   "%frac_raw_V = call i5 @_ssdm_op_PartSelect.i5.i20.i32.i32(i20 %p_Val2_3, i32 4, i32 8)" [MathieuHelpMe/Classifier.cpp:87->MathieuHelpMe/Classifier.cpp:136]   --->   Operation 2086 'partselect' 'frac_raw_V' <Predicate = (!exitcond5_i_i & tmp_272)> <Delay = 0.00>
ST_11 : Operation 2087 [1/1] (0.00ns)   --->   "%p_Val2_s_82 = call i11 @_ssdm_op_PartSelect.i11.i20.i32.i32(i20 %p_Val2_3, i32 9, i32 19)" [MathieuHelpMe/Exp.cpp:22->MathieuHelpMe/Classifier.cpp:87->MathieuHelpMe/Classifier.cpp:136]   --->   Operation 2087 'partselect' 'p_Val2_s_82' <Predicate = (!exitcond5_i_i & tmp_272)> <Delay = 0.00>
ST_11 : Operation 2088 [1/1] (0.99ns)   --->   "%r_V = xor i11 %p_Val2_s_82, -1024" [MathieuHelpMe/Exp.cpp:22->MathieuHelpMe/Classifier.cpp:87->MathieuHelpMe/Classifier.cpp:136]   --->   Operation 2088 'xor' 'r_V' <Predicate = (!exitcond5_i_i & tmp_272)> <Delay = 0.99> <Core = "LogicGate">   --->   Core 27 'LogicGate' <Latency = 0> <II = 1> <Delay = 0.99> <FuncUnit> <Opcode : 'and' 'or' 'xor'> <InPorts = 2> <OutPorts = 1>
ST_11 : Operation 2089 [1/1] (0.00ns)   --->   "%tmp_28_i_i = zext i11 %r_V to i64" [MathieuHelpMe/Exp.cpp:29->MathieuHelpMe/Classifier.cpp:87->MathieuHelpMe/Classifier.cpp:136]   --->   Operation 2089 'zext' 'tmp_28_i_i' <Predicate = (!exitcond5_i_i & tmp_272)> <Delay = 0.00>
ST_11 : Operation 2090 [1/1] (0.00ns)   --->   "%EXP_LUT_V_addr = getelementptr [1024 x i32]* @EXP_LUT_V, i64 0, i64 %tmp_28_i_i" [MathieuHelpMe/Exp.cpp:29->MathieuHelpMe/Classifier.cpp:87->MathieuHelpMe/Classifier.cpp:136]   --->   Operation 2090 'getelementptr' 'EXP_LUT_V_addr' <Predicate = (!exitcond5_i_i & tmp_272)> <Delay = 0.00>
ST_11 : Operation 2091 [2/2] (3.25ns)   --->   "%e_V = load i32* %EXP_LUT_V_addr, align 4" [MathieuHelpMe/Exp.cpp:29->MathieuHelpMe/Classifier.cpp:87->MathieuHelpMe/Classifier.cpp:136]   --->   Operation 2091 'load' 'e_V' <Predicate = (!exitcond5_i_i & tmp_272)> <Delay = 3.25> <Core = "ROM_nP">   --->   Core 48 'ROM_nP' <Latency = 1> <II = 1> <Delay = 3.25> <Storage> <Opcode : 'load'> <Ports = 0> <Width = 5> <Depth = 11> <ROM>

State 12 <SV = 8> <Delay = 3.25>
ST_12 : Operation 2092 [1/2] (3.25ns)   --->   "%e_V = load i32* %EXP_LUT_V_addr, align 4" [MathieuHelpMe/Exp.cpp:29->MathieuHelpMe/Classifier.cpp:87->MathieuHelpMe/Classifier.cpp:136]   --->   Operation 2092 'load' 'e_V' <Predicate = (!exitcond5_i_i & tmp_272)> <Delay = 3.25> <Core = "ROM_nP">   --->   Core 48 'ROM_nP' <Latency = 1> <II = 1> <Delay = 3.25> <Storage> <Opcode : 'load'> <Ports = 0> <Width = 5> <Depth = 11> <ROM>
ST_12 : Operation 2093 [1/1] (0.00ns)   --->   "%y0_raw_V = trunc i32 %e_V to i20" [MathieuHelpMe/Exp.cpp:30->MathieuHelpMe/Classifier.cpp:87->MathieuHelpMe/Classifier.cpp:136]   --->   Operation 2093 'trunc' 'y0_raw_V' <Predicate = (!exitcond5_i_i & tmp_272)> <Delay = 0.00>
ST_12 : Operation 2094 [1/1] (0.00ns)   --->   "%tmp_18 = call i12 @_ssdm_op_PartSelect.i12.i32.i32.i32(i32 %e_V, i32 20, i32 31)" [MathieuHelpMe/Exp.cpp:31->MathieuHelpMe/Classifier.cpp:87->MathieuHelpMe/Classifier.cpp:136]   --->   Operation 2094 'partselect' 'tmp_18' <Predicate = (!exitcond5_i_i & tmp_272)> <Delay = 0.00>

State 13 <SV = 9> <Delay = 6.38>
ST_13 : Operation 2095 [1/1] (0.00ns)   --->   "%p_0122_0_i_cast_i_i_c = zext i12 %tmp_18 to i17" [MathieuHelpMe/Exp.cpp:36->MathieuHelpMe/Classifier.cpp:87->MathieuHelpMe/Classifier.cpp:136]   --->   Operation 2095 'zext' 'p_0122_0_i_cast_i_i_c' <Predicate = (!exitcond5_i_i & tmp_272)> <Delay = 0.00>
ST_13 : Operation 2096 [1/1] (0.00ns)   --->   "%p_0116_0_i_cast_i_i_c = zext i5 %frac_raw_V to i17" [MathieuHelpMe/Exp.cpp:36->MathieuHelpMe/Classifier.cpp:87->MathieuHelpMe/Classifier.cpp:136]   --->   Operation 2096 'zext' 'p_0116_0_i_cast_i_i_c' <Predicate = (!exitcond5_i_i & tmp_272)> <Delay = 0.00>
ST_13 : Operation 2097 [1/1] (6.38ns)   --->   "%prod_V = mul i17 %p_0122_0_i_cast_i_i_c, %p_0116_0_i_cast_i_i_c" [MathieuHelpMe/Exp.cpp:36->MathieuHelpMe/Classifier.cpp:87->MathieuHelpMe/Classifier.cpp:136]   --->   Operation 2097 'mul' 'prod_V' <Predicate = (!exitcond5_i_i & tmp_272)> <Delay = 6.38> <Core = "DSP48">   --->   Core 61 'DSP48' <Latency = 0> <II = 1> <Delay = 6.38> <IPBlock> <Opcode : 'mul' 'add' 'sub' 'select'> <InPorts = 0> <OutPorts = 1> <Sync> <CReg>
ST_13 : Operation 2098 [1/1] (0.00ns)   --->   "%inc_raw_V = call i12 @_ssdm_op_PartSelect.i12.i17.i32.i32(i17 %prod_V, i32 5, i32 16)" [MathieuHelpMe/Exp.cpp:36->MathieuHelpMe/Classifier.cpp:87->MathieuHelpMe/Classifier.cpp:136]   --->   Operation 2098 'partselect' 'inc_raw_V' <Predicate = (!exitcond5_i_i & tmp_272)> <Delay = 0.00>

State 14 <SV = 10> <Delay = 2.19>
ST_14 : Operation 2099 [1/1] (0.00ns)   --->   "%tmp_32_i_i_cast = zext i12 %inc_raw_V to i20" [MathieuHelpMe/Exp.cpp:36->MathieuHelpMe/Classifier.cpp:87->MathieuHelpMe/Classifier.cpp:136]   --->   Operation 2099 'zext' 'tmp_32_i_i_cast' <Predicate = (!exitcond5_i_i & tmp_272)> <Delay = 0.00>
ST_14 : Operation 2100 [1/1] (2.19ns)   --->   "%loc_V = add i20 %tmp_32_i_i_cast, %y0_raw_V" [MathieuHelpMe/Exp.cpp:36->MathieuHelpMe/Classifier.cpp:87->MathieuHelpMe/Classifier.cpp:136]   --->   Operation 2100 'add' 'loc_V' <Predicate = (!exitcond5_i_i & tmp_272)> <Delay = 2.19> <Core = "AddSub">   --->   Core 14 'AddSub' <Latency = 0> <II = 1> <Delay = 2.55> <FuncUnit> <Opcode : 'add' 'sub'> <InPorts = 2> <OutPorts = 1>
ST_14 : Operation 2101 [1/1] (1.76ns)   --->   "br label %compute_exp.exit.i.i" [MathieuHelpMe/Exp.cpp:42->MathieuHelpMe/Classifier.cpp:87->MathieuHelpMe/Classifier.cpp:136]   --->   Operation 2101 'br' <Predicate = (!exitcond5_i_i & tmp_272)> <Delay = 1.76>

State 15 <SV = 11> <Delay = 6.38>
ST_15 : Operation 2102 [1/1] (0.00ns)   --->   "%p_Val2_5 = phi i20 [ %loc_V, %_ZrsILi16ELb0EE11ap_int_baseIXT_EXT0_EXleT_Li64EEERKS1_i.exit.i.i.i ], [ -524288, %._crit_edge5446.i.i ]"   --->   Operation 2102 'phi' 'p_Val2_5' <Predicate = true> <Delay = 0.00>
ST_15 : Operation 2103 [1/1] (0.00ns)   --->   "%tmp_36_i_i = call i22 @_ssdm_op_BitConcatenate.i22.i20.i2(i20 %p_Val2_5, i2 0)" [MathieuHelpMe/Classifier.cpp:87->MathieuHelpMe/Classifier.cpp:136]   --->   Operation 2103 'bitconcatenate' 'tmp_36_i_i' <Predicate = true> <Delay = 0.00>
ST_15 : Operation 2104 [1/1] (1.42ns)   --->   "switch i4 %tmp_269, label %case15.i [
    i4 0, label %case0.i
    i4 1, label %case1.i
    i4 2, label %case2.i
    i4 3, label %case3.i
    i4 4, label %case4.i
    i4 5, label %case5.i
    i4 6, label %case6.i
    i4 7, label %case7.i
    i4 -8, label %case8.i
    i4 -7, label %case9.i
    i4 -6, label %case10.i
    i4 -5, label %case11.i
    i4 -4, label %case12.i
    i4 -3, label %case13.i
    i4 -2, label %case14.i
  ]" [MathieuHelpMe/Classifier.cpp:76->MathieuHelpMe/Classifier.cpp:136]   --->   Operation 2104 'switch' <Predicate = true> <Delay = 1.42>
ST_15 : Operation 2105 [1/1] (0.00ns)   --->   "%OP1_V = sext i8 %UnifiedRetVal_i to i30" [MathieuHelpMe/Classifier.cpp:89->MathieuHelpMe/Classifier.cpp:136]   --->   Operation 2105 'sext' 'OP1_V' <Predicate = true> <Delay = 0.00>
ST_15 : Operation 2106 [1/1] (0.00ns)   --->   "%OP2_V = sext i22 %tmp_36_i_i to i30" [MathieuHelpMe/Classifier.cpp:89->MathieuHelpMe/Classifier.cpp:136]   --->   Operation 2106 'sext' 'OP2_V' <Predicate = true> <Delay = 0.00>
ST_15 : Operation 2107 [1/1] (6.38ns)   --->   "%p_Val2_6 = mul i30 %OP2_V, %OP1_V" [MathieuHelpMe/Classifier.cpp:89->MathieuHelpMe/Classifier.cpp:136]   --->   Operation 2107 'mul' 'p_Val2_6' <Predicate = true> <Delay = 6.38> <Core = "DSP48">   --->   Core 61 'DSP48' <Latency = 0> <II = 1> <Delay = 6.38> <IPBlock> <Opcode : 'mul' 'add' 'sub' 'select'> <InPorts = 0> <OutPorts = 1> <Sync> <CReg>
ST_15 : Operation 2108 [1/1] (0.00ns)   --->   "%tmp_279_i_i = call i22 @_ssdm_op_PartSelect.i22.i30.i32.i32(i30 %p_Val2_6, i32 8, i32 29)" [MathieuHelpMe/Classifier.cpp:89->MathieuHelpMe/Classifier.cpp:136]   --->   Operation 2108 'partselect' 'tmp_279_i_i' <Predicate = true> <Delay = 0.00>
ST_15 : Operation 2109 [1/1] (0.00ns)   --->   "br label %compute_exp.exit5751.i.i" [MathieuHelpMe/Classifier.cpp:89->MathieuHelpMe/Classifier.cpp:136]   --->   Operation 2109 'br' <Predicate = (tmp_269 == 14)> <Delay = 0.00>
ST_15 : Operation 2110 [1/1] (0.00ns)   --->   "br label %compute_exp.exit5751.i.i" [MathieuHelpMe/Classifier.cpp:89->MathieuHelpMe/Classifier.cpp:136]   --->   Operation 2110 'br' <Predicate = (tmp_269 == 13)> <Delay = 0.00>
ST_15 : Operation 2111 [1/1] (0.00ns)   --->   "br label %compute_exp.exit5751.i.i" [MathieuHelpMe/Classifier.cpp:89->MathieuHelpMe/Classifier.cpp:136]   --->   Operation 2111 'br' <Predicate = (tmp_269 == 12)> <Delay = 0.00>
ST_15 : Operation 2112 [1/1] (0.00ns)   --->   "br label %compute_exp.exit5751.i.i" [MathieuHelpMe/Classifier.cpp:89->MathieuHelpMe/Classifier.cpp:136]   --->   Operation 2112 'br' <Predicate = (tmp_269 == 11)> <Delay = 0.00>
ST_15 : Operation 2113 [1/1] (0.00ns)   --->   "br label %compute_exp.exit5751.i.i" [MathieuHelpMe/Classifier.cpp:89->MathieuHelpMe/Classifier.cpp:136]   --->   Operation 2113 'br' <Predicate = (tmp_269 == 10)> <Delay = 0.00>
ST_15 : Operation 2114 [1/1] (0.00ns)   --->   "br label %compute_exp.exit5751.i.i" [MathieuHelpMe/Classifier.cpp:89->MathieuHelpMe/Classifier.cpp:136]   --->   Operation 2114 'br' <Predicate = (tmp_269 == 9)> <Delay = 0.00>
ST_15 : Operation 2115 [1/1] (0.00ns)   --->   "br label %compute_exp.exit5751.i.i" [MathieuHelpMe/Classifier.cpp:89->MathieuHelpMe/Classifier.cpp:136]   --->   Operation 2115 'br' <Predicate = (tmp_269 == 8)> <Delay = 0.00>
ST_15 : Operation 2116 [1/1] (0.00ns)   --->   "br label %compute_exp.exit5751.i.i" [MathieuHelpMe/Classifier.cpp:89->MathieuHelpMe/Classifier.cpp:136]   --->   Operation 2116 'br' <Predicate = (tmp_269 == 7)> <Delay = 0.00>
ST_15 : Operation 2117 [1/1] (0.00ns)   --->   "br label %compute_exp.exit5751.i.i" [MathieuHelpMe/Classifier.cpp:89->MathieuHelpMe/Classifier.cpp:136]   --->   Operation 2117 'br' <Predicate = (tmp_269 == 6)> <Delay = 0.00>
ST_15 : Operation 2118 [1/1] (0.00ns)   --->   "br label %compute_exp.exit5751.i.i" [MathieuHelpMe/Classifier.cpp:89->MathieuHelpMe/Classifier.cpp:136]   --->   Operation 2118 'br' <Predicate = (tmp_269 == 5)> <Delay = 0.00>
ST_15 : Operation 2119 [1/1] (0.00ns)   --->   "br label %compute_exp.exit5751.i.i" [MathieuHelpMe/Classifier.cpp:89->MathieuHelpMe/Classifier.cpp:136]   --->   Operation 2119 'br' <Predicate = (tmp_269 == 4)> <Delay = 0.00>
ST_15 : Operation 2120 [1/1] (0.00ns)   --->   "br label %compute_exp.exit5751.i.i" [MathieuHelpMe/Classifier.cpp:89->MathieuHelpMe/Classifier.cpp:136]   --->   Operation 2120 'br' <Predicate = (tmp_269 == 3)> <Delay = 0.00>
ST_15 : Operation 2121 [1/1] (0.00ns)   --->   "br label %compute_exp.exit5751.i.i" [MathieuHelpMe/Classifier.cpp:89->MathieuHelpMe/Classifier.cpp:136]   --->   Operation 2121 'br' <Predicate = (tmp_269 == 2)> <Delay = 0.00>
ST_15 : Operation 2122 [1/1] (0.00ns)   --->   "br label %compute_exp.exit5751.i.i" [MathieuHelpMe/Classifier.cpp:89->MathieuHelpMe/Classifier.cpp:136]   --->   Operation 2122 'br' <Predicate = (tmp_269 == 1)> <Delay = 0.00>
ST_15 : Operation 2123 [1/1] (0.00ns)   --->   "br label %compute_exp.exit5751.i.i" [MathieuHelpMe/Classifier.cpp:89->MathieuHelpMe/Classifier.cpp:136]   --->   Operation 2123 'br' <Predicate = (tmp_269 == 0)> <Delay = 0.00>
ST_15 : Operation 2124 [1/1] (0.00ns)   --->   "br label %compute_exp.exit5751.i.i" [MathieuHelpMe/Classifier.cpp:89->MathieuHelpMe/Classifier.cpp:136]   --->   Operation 2124 'br' <Predicate = (tmp_269 == 15)> <Delay = 0.00>

State 16 <SV = 12> <Delay = 6.38>
ST_16 : Operation 2125 [1/1] (0.00ns)   --->   "%partial_sum_15_V_1_s = load i32* %partial_sum_15_V_1"   --->   Operation 2125 'load' 'partial_sum_15_V_1_s' <Predicate = true> <Delay = 0.00>
ST_16 : Operation 2126 [1/1] (0.00ns)   --->   "%partial_sum_15_V_2_s = load i32* %partial_sum_15_V_2"   --->   Operation 2126 'load' 'partial_sum_15_V_2_s' <Predicate = true> <Delay = 0.00>
ST_16 : Operation 2127 [1/1] (0.00ns)   --->   "%partial_sum_15_V_3_s = load i32* %partial_sum_15_V_3"   --->   Operation 2127 'load' 'partial_sum_15_V_3_s' <Predicate = true> <Delay = 0.00>
ST_16 : Operation 2128 [1/1] (0.00ns)   --->   "%partial_sum_15_V_4_s = load i32* %partial_sum_15_V_4"   --->   Operation 2128 'load' 'partial_sum_15_V_4_s' <Predicate = true> <Delay = 0.00>
ST_16 : Operation 2129 [1/1] (0.00ns)   --->   "%partial_sum_15_V_5_s = load i32* %partial_sum_15_V_5"   --->   Operation 2129 'load' 'partial_sum_15_V_5_s' <Predicate = true> <Delay = 0.00>
ST_16 : Operation 2130 [1/1] (0.00ns)   --->   "%partial_sum_15_V_6_s = load i32* %partial_sum_15_V_6"   --->   Operation 2130 'load' 'partial_sum_15_V_6_s' <Predicate = true> <Delay = 0.00>
ST_16 : Operation 2131 [1/1] (0.00ns)   --->   "%partial_sum_15_V_7_s = load i32* %partial_sum_15_V_7"   --->   Operation 2131 'load' 'partial_sum_15_V_7_s' <Predicate = true> <Delay = 0.00>
ST_16 : Operation 2132 [1/1] (0.00ns)   --->   "%partial_sum_15_V_8_s = load i32* %partial_sum_15_V_8"   --->   Operation 2132 'load' 'partial_sum_15_V_8_s' <Predicate = true> <Delay = 0.00>
ST_16 : Operation 2133 [1/1] (0.00ns)   --->   "%partial_sum_15_V_9_s = load i32* %partial_sum_15_V_9"   --->   Operation 2133 'load' 'partial_sum_15_V_9_s' <Predicate = true> <Delay = 0.00>
ST_16 : Operation 2134 [1/1] (0.00ns)   --->   "%partial_sum_15_V_10_1 = load i32* %partial_sum_15_V_10"   --->   Operation 2134 'load' 'partial_sum_15_V_10_1' <Predicate = true> <Delay = 0.00>
ST_16 : Operation 2135 [1/1] (0.00ns)   --->   "%partial_sum_15_V_11_1 = load i32* %partial_sum_15_V_11"   --->   Operation 2135 'load' 'partial_sum_15_V_11_1' <Predicate = true> <Delay = 0.00>
ST_16 : Operation 2136 [1/1] (0.00ns)   --->   "%partial_sum_15_V_12_1 = load i32* %partial_sum_15_V_12"   --->   Operation 2136 'load' 'partial_sum_15_V_12_1' <Predicate = true> <Delay = 0.00>
ST_16 : Operation 2137 [1/1] (0.00ns)   --->   "%partial_sum_15_V_13_1 = load i32* %partial_sum_15_V_13"   --->   Operation 2137 'load' 'partial_sum_15_V_13_1' <Predicate = true> <Delay = 0.00>
ST_16 : Operation 2138 [1/1] (0.00ns)   --->   "%partial_sum_15_V_14_1 = load i32* %partial_sum_15_V_14"   --->   Operation 2138 'load' 'partial_sum_15_V_14_1' <Predicate = true> <Delay = 0.00>
ST_16 : Operation 2139 [1/1] (0.00ns)   --->   "%partial_sum_15_V_15_1 = load i32* %partial_sum_15_V_15"   --->   Operation 2139 'load' 'partial_sum_15_V_15_1' <Predicate = true> <Delay = 0.00>
ST_16 : Operation 2140 [1/1] (0.00ns)   --->   "%partial_sum_15_V_lo = load i32* %partial_sum_15_V"   --->   Operation 2140 'load' 'partial_sum_15_V_lo' <Predicate = true> <Delay = 0.00>
ST_16 : Operation 2141 [1/1] (0.00ns)   --->   "%p_Val2_8 = sext i22 %tmp_279_i_i to i32" [MathieuHelpMe/Classifier.cpp:89->MathieuHelpMe/Classifier.cpp:136]   --->   Operation 2141 'sext' 'p_Val2_8' <Predicate = true> <Delay = 0.00>
ST_16 : Operation 2142 [1/1] (2.06ns)   --->   "%p_Val2_7 = call i32 @_ssdm_op_Mux.ap_auto.16i32.i4(i32 %partial_sum_15_V_1_s, i32 %partial_sum_15_V_2_s, i32 %partial_sum_15_V_3_s, i32 %partial_sum_15_V_4_s, i32 %partial_sum_15_V_5_s, i32 %partial_sum_15_V_6_s, i32 %partial_sum_15_V_7_s, i32 %partial_sum_15_V_8_s, i32 %partial_sum_15_V_9_s, i32 %partial_sum_15_V_10_1, i32 %partial_sum_15_V_11_1, i32 %partial_sum_15_V_12_1, i32 %partial_sum_15_V_13_1, i32 %partial_sum_15_V_14_1, i32 %partial_sum_15_V_15_1, i32 %partial_sum_15_V_lo, i4 %tmp_269)" [MathieuHelpMe/Classifier.cpp:76->MathieuHelpMe/Classifier.cpp:136]   --->   Operation 2142 'mux' 'p_Val2_7' <Predicate = true> <Delay = 2.06> <Core = "MuxnS">   --->   Core 31 'MuxnS' <Latency = 0> <II = 1> <Delay = 2.06> <FuncUnit> <Opcode : 'mux'> <InPorts = 2> <OutPorts = 1>
ST_16 : Operation 2143 [1/1] (2.55ns)   --->   "%partial_sum_0_V = add i32 %p_Val2_7, %p_Val2_8" [MathieuHelpMe/Classifier.cpp:89->MathieuHelpMe/Classifier.cpp:136]   --->   Operation 2143 'add' 'partial_sum_0_V' <Predicate = true> <Delay = 2.55> <Core = "AddSub">   --->   Core 14 'AddSub' <Latency = 0> <II = 1> <Delay = 2.55> <FuncUnit> <Opcode : 'add' 'sub'> <InPorts = 2> <OutPorts = 1>
ST_16 : Operation 2144 [1/1] (1.76ns)   --->   "store i32 %partial_sum_0_V, i32* %partial_sum_15_V_15" [MathieuHelpMe/Classifier.cpp:89->MathieuHelpMe/Classifier.cpp:136]   --->   Operation 2144 'store' <Predicate = (tmp_269 == 14)> <Delay = 1.76>
ST_16 : Operation 2145 [1/1] (1.76ns)   --->   "store i32 %partial_sum_0_V, i32* %partial_sum_15_V_14" [MathieuHelpMe/Classifier.cpp:89->MathieuHelpMe/Classifier.cpp:136]   --->   Operation 2145 'store' <Predicate = (tmp_269 == 13)> <Delay = 1.76>
ST_16 : Operation 2146 [1/1] (1.76ns)   --->   "store i32 %partial_sum_0_V, i32* %partial_sum_15_V_13" [MathieuHelpMe/Classifier.cpp:89->MathieuHelpMe/Classifier.cpp:136]   --->   Operation 2146 'store' <Predicate = (tmp_269 == 12)> <Delay = 1.76>
ST_16 : Operation 2147 [1/1] (1.76ns)   --->   "store i32 %partial_sum_0_V, i32* %partial_sum_15_V_12" [MathieuHelpMe/Classifier.cpp:89->MathieuHelpMe/Classifier.cpp:136]   --->   Operation 2147 'store' <Predicate = (tmp_269 == 11)> <Delay = 1.76>
ST_16 : Operation 2148 [1/1] (1.76ns)   --->   "store i32 %partial_sum_0_V, i32* %partial_sum_15_V_11" [MathieuHelpMe/Classifier.cpp:89->MathieuHelpMe/Classifier.cpp:136]   --->   Operation 2148 'store' <Predicate = (tmp_269 == 10)> <Delay = 1.76>
ST_16 : Operation 2149 [1/1] (1.76ns)   --->   "store i32 %partial_sum_0_V, i32* %partial_sum_15_V_10" [MathieuHelpMe/Classifier.cpp:89->MathieuHelpMe/Classifier.cpp:136]   --->   Operation 2149 'store' <Predicate = (tmp_269 == 9)> <Delay = 1.76>
ST_16 : Operation 2150 [1/1] (1.76ns)   --->   "store i32 %partial_sum_0_V, i32* %partial_sum_15_V_9" [MathieuHelpMe/Classifier.cpp:89->MathieuHelpMe/Classifier.cpp:136]   --->   Operation 2150 'store' <Predicate = (tmp_269 == 8)> <Delay = 1.76>
ST_16 : Operation 2151 [1/1] (1.76ns)   --->   "store i32 %partial_sum_0_V, i32* %partial_sum_15_V_8" [MathieuHelpMe/Classifier.cpp:89->MathieuHelpMe/Classifier.cpp:136]   --->   Operation 2151 'store' <Predicate = (tmp_269 == 7)> <Delay = 1.76>
ST_16 : Operation 2152 [1/1] (1.76ns)   --->   "store i32 %partial_sum_0_V, i32* %partial_sum_15_V_7" [MathieuHelpMe/Classifier.cpp:89->MathieuHelpMe/Classifier.cpp:136]   --->   Operation 2152 'store' <Predicate = (tmp_269 == 6)> <Delay = 1.76>
ST_16 : Operation 2153 [1/1] (1.76ns)   --->   "store i32 %partial_sum_0_V, i32* %partial_sum_15_V_6" [MathieuHelpMe/Classifier.cpp:89->MathieuHelpMe/Classifier.cpp:136]   --->   Operation 2153 'store' <Predicate = (tmp_269 == 5)> <Delay = 1.76>
ST_16 : Operation 2154 [1/1] (1.76ns)   --->   "store i32 %partial_sum_0_V, i32* %partial_sum_15_V_5" [MathieuHelpMe/Classifier.cpp:89->MathieuHelpMe/Classifier.cpp:136]   --->   Operation 2154 'store' <Predicate = (tmp_269 == 4)> <Delay = 1.76>
ST_16 : Operation 2155 [1/1] (1.76ns)   --->   "store i32 %partial_sum_0_V, i32* %partial_sum_15_V_4" [MathieuHelpMe/Classifier.cpp:89->MathieuHelpMe/Classifier.cpp:136]   --->   Operation 2155 'store' <Predicate = (tmp_269 == 3)> <Delay = 1.76>
ST_16 : Operation 2156 [1/1] (1.76ns)   --->   "store i32 %partial_sum_0_V, i32* %partial_sum_15_V_3" [MathieuHelpMe/Classifier.cpp:89->MathieuHelpMe/Classifier.cpp:136]   --->   Operation 2156 'store' <Predicate = (tmp_269 == 2)> <Delay = 1.76>
ST_16 : Operation 2157 [1/1] (1.76ns)   --->   "store i32 %partial_sum_0_V, i32* %partial_sum_15_V_2" [MathieuHelpMe/Classifier.cpp:89->MathieuHelpMe/Classifier.cpp:136]   --->   Operation 2157 'store' <Predicate = (tmp_269 == 1)> <Delay = 1.76>
ST_16 : Operation 2158 [1/1] (1.76ns)   --->   "store i32 %partial_sum_0_V, i32* %partial_sum_15_V_1" [MathieuHelpMe/Classifier.cpp:89->MathieuHelpMe/Classifier.cpp:136]   --->   Operation 2158 'store' <Predicate = (tmp_269 == 0)> <Delay = 1.76>
ST_16 : Operation 2159 [1/1] (1.76ns)   --->   "store i32 %partial_sum_0_V, i32* %partial_sum_15_V" [MathieuHelpMe/Classifier.cpp:89->MathieuHelpMe/Classifier.cpp:136]   --->   Operation 2159 'store' <Predicate = (tmp_269 == 15)> <Delay = 1.76>
ST_16 : Operation 2160 [1/1] (0.00ns)   --->   "%empty_83 = call i32 (...)* @_ssdm_op_SpecRegionEnd([17 x i8]* @p_str13, i32 %tmp_272_i_i)" [MathieuHelpMe/Classifier.cpp:90->MathieuHelpMe/Classifier.cpp:136]   --->   Operation 2160 'specregionend' 'empty_83' <Predicate = (!exitcond5_i_i)> <Delay = 0.00>
ST_16 : Operation 2161 [1/1] (0.00ns)   --->   "br label %.preheader206.i.i" [MathieuHelpMe/Classifier.cpp:76->MathieuHelpMe/Classifier.cpp:136]   --->   Operation 2161 'br' <Predicate = (!exitcond5_i_i)> <Delay = 0.00>

State 17 <SV = 5> <Delay = 1.91>
ST_17 : Operation 2162 [1/1] (0.00ns)   --->   "%empty_84 = call i32 (...)* @_ssdm_op_SpecRegionEnd([16 x i8]* @p_str9, i32 %tmp_i_i_30)" [MathieuHelpMe/Classifier.cpp:91->MathieuHelpMe/Classifier.cpp:136]   --->   Operation 2162 'specregionend' 'empty_84' <Predicate = true> <Delay = 0.00>
ST_17 : Operation 2163 [1/1] (1.91ns)   --->   "%i = add i8 %i_i_i, 16" [MathieuHelpMe/Classifier.cpp:54->MathieuHelpMe/Classifier.cpp:136]   --->   Operation 2163 'add' 'i' <Predicate = true> <Delay = 1.91> <Core = "AddSub">   --->   Core 14 'AddSub' <Latency = 0> <II = 1> <Delay = 2.55> <FuncUnit> <Opcode : 'add' 'sub'> <InPorts = 2> <OutPorts = 1>
ST_17 : Operation 2164 [1/1] (0.00ns)   --->   "br label %.preheader208.i.i" [MathieuHelpMe/Classifier.cpp:54->MathieuHelpMe/Classifier.cpp:136]   --->   Operation 2164 'br' <Predicate = true> <Delay = 0.00>

State 18 <SV = 2> <Delay = 8.74>
ST_18 : Operation 2165 [1/1] (0.00ns)   --->   "%partial_sum_15_V_1_1 = load i32* %partial_sum_15_V_1" [MathieuHelpMe/Classifier.cpp:100->MathieuHelpMe/Classifier.cpp:136]   --->   Operation 2165 'load' 'partial_sum_15_V_1_1' <Predicate = true> <Delay = 0.00>
ST_18 : Operation 2166 [1/1] (0.00ns)   --->   "%partial_sum_15_V_2_1 = load i32* %partial_sum_15_V_2" [MathieuHelpMe/Classifier.cpp:100->MathieuHelpMe/Classifier.cpp:136]   --->   Operation 2166 'load' 'partial_sum_15_V_2_1' <Predicate = true> <Delay = 0.00>
ST_18 : Operation 2167 [1/1] (0.00ns)   --->   "%partial_sum_15_V_5_1 = load i32* %partial_sum_15_V_5" [MathieuHelpMe/Classifier.cpp:100->MathieuHelpMe/Classifier.cpp:136]   --->   Operation 2167 'load' 'partial_sum_15_V_5_1' <Predicate = true> <Delay = 0.00>
ST_18 : Operation 2168 [1/1] (0.00ns)   --->   "%partial_sum_15_V_6_1 = load i32* %partial_sum_15_V_6" [MathieuHelpMe/Classifier.cpp:100->MathieuHelpMe/Classifier.cpp:136]   --->   Operation 2168 'load' 'partial_sum_15_V_6_1' <Predicate = true> <Delay = 0.00>
ST_18 : Operation 2169 [1/1] (0.00ns) (grouped into TernaryAdder)   --->   "%tmp226 = add i32 %partial_sum_15_V_1_1, %partial_sum_15_V_2_1" [MathieuHelpMe/Classifier.cpp:100->MathieuHelpMe/Classifier.cpp:136]   --->   Operation 2169 'add' 'tmp226' <Predicate = true> <Delay = 0.00> <Core = "TAddSub">   --->   Core 80 'TAddSub' <Latency = 0> <II = 1> <Delay = 2.18> <IPBlock> <Opcode : 'add' 'sub'> <InPorts = 3> <OutPorts = 1> <Sync> <CReg>
ST_18 : Operation 2170 [1/1] (4.37ns) (root node of TernaryAdder)   --->   "%tmp225 = add i32 %tmp227, %tmp226" [MathieuHelpMe/Classifier.cpp:100->MathieuHelpMe/Classifier.cpp:136]   --->   Operation 2170 'add' 'tmp225' <Predicate = true> <Delay = 4.37> <Core = "TAddSub">   --->   Core 80 'TAddSub' <Latency = 0> <II = 1> <Delay = 2.18> <IPBlock> <Opcode : 'add' 'sub'> <InPorts = 3> <OutPorts = 1> <Sync> <CReg>
ST_18 : Operation 2171 [1/1] (0.00ns) (grouped into TernaryAdder)   --->   "%tmp229 = add i32 %partial_sum_15_V_5_1, %partial_sum_15_V_6_1" [MathieuHelpMe/Classifier.cpp:100->MathieuHelpMe/Classifier.cpp:136]   --->   Operation 2171 'add' 'tmp229' <Predicate = true> <Delay = 0.00> <Core = "TAddSub">   --->   Core 80 'TAddSub' <Latency = 0> <II = 1> <Delay = 2.18> <IPBlock> <Opcode : 'add' 'sub'> <InPorts = 3> <OutPorts = 1> <Sync> <CReg>
ST_18 : Operation 2172 [1/1] (4.37ns) (root node of TernaryAdder)   --->   "%tmp228 = add i32 %tmp230, %tmp229" [MathieuHelpMe/Classifier.cpp:100->MathieuHelpMe/Classifier.cpp:136]   --->   Operation 2172 'add' 'tmp228' <Predicate = true> <Delay = 4.37> <Core = "TAddSub">   --->   Core 80 'TAddSub' <Latency = 0> <II = 1> <Delay = 2.18> <IPBlock> <Opcode : 'add' 'sub'> <InPorts = 3> <OutPorts = 1> <Sync> <CReg>
ST_18 : Operation 2173 [1/1] (0.00ns) (grouped into TernaryAdder)   --->   "%tmp224 = add i32 %tmp228, %tmp225" [MathieuHelpMe/Classifier.cpp:100->MathieuHelpMe/Classifier.cpp:136]   --->   Operation 2173 'add' 'tmp224' <Predicate = true> <Delay = 0.00> <Core = "TAddSub">   --->   Core 80 'TAddSub' <Latency = 0> <II = 1> <Delay = 2.18> <IPBlock> <Opcode : 'add' 'sub'> <InPorts = 3> <OutPorts = 1> <Sync> <CReg>
ST_18 : Operation 2174 [1/1] (0.00ns) (grouped into TernaryAdder)   --->   "%tmp232 = add i32 %tmp234, %tmp233" [MathieuHelpMe/Classifier.cpp:100->MathieuHelpMe/Classifier.cpp:136]   --->   Operation 2174 'add' 'tmp232' <Predicate = true> <Delay = 0.00> <Core = "TAddSub">   --->   Core 80 'TAddSub' <Latency = 0> <II = 1> <Delay = 2.18> <IPBlock> <Opcode : 'add' 'sub'> <InPorts = 3> <OutPorts = 1> <Sync> <CReg>
ST_18 : Operation 2175 [1/1] (4.37ns) (root node of TernaryAdder)   --->   "%tmp231 = add i32 %tmp235, %tmp232" [MathieuHelpMe/Classifier.cpp:100->MathieuHelpMe/Classifier.cpp:136]   --->   Operation 2175 'add' 'tmp231' <Predicate = true> <Delay = 4.37> <Core = "TAddSub">   --->   Core 80 'TAddSub' <Latency = 0> <II = 1> <Delay = 2.18> <IPBlock> <Opcode : 'add' 'sub'> <InPorts = 3> <OutPorts = 1> <Sync> <CReg>
ST_18 : Operation 2176 [1/1] (4.37ns) (root node of TernaryAdder)   --->   "%out_val_data_V = add i32 %tmp231, %tmp224" [MathieuHelpMe/Classifier.cpp:100->MathieuHelpMe/Classifier.cpp:136]   --->   Operation 2176 'add' 'out_val_data_V' <Predicate = true> <Delay = 4.37> <Core = "TAddSub">   --->   Core 80 'TAddSub' <Latency = 0> <II = 1> <Delay = 2.18> <IPBlock> <Opcode : 'add' 'sub'> <InPorts = 3> <OutPorts = 1> <Sync> <CReg>
ST_18 : Operation 2177 [2/2] (0.00ns)   --->   "call void @_ssdm_op_Write.axis.volatile.i32P.i1P.i1P.i1P(i32* %out_stream_V_data_V, i1* %out_stream_V_keep_V, i1* %out_stream_V_strb_V, i1* %out_stream_V_last_V, i32 %out_val_data_V, i1 true, i1 true, i1 %out_val_last_V)" [MathieuHelpMe/Classifier.cpp:104->MathieuHelpMe/Classifier.cpp:136]   --->   Operation 2177 'write' <Predicate = true> <Delay = 0.00> <Core = "AXI4Stream">   --->   Core 5 'AXI4Stream' <Latency = 0> <II = 1> <Delay = 1.00> <Adapter> <Opcode : >

State 19 <SV = 3> <Delay = 0.00>
ST_19 : Operation 2178 [1/2] (0.00ns)   --->   "call void @_ssdm_op_Write.axis.volatile.i32P.i1P.i1P.i1P(i32* %out_stream_V_data_V, i1* %out_stream_V_keep_V, i1* %out_stream_V_strb_V, i1* %out_stream_V_last_V, i32 %out_val_data_V, i1 true, i1 true, i1 %out_val_last_V)" [MathieuHelpMe/Classifier.cpp:104->MathieuHelpMe/Classifier.cpp:136]   --->   Operation 2178 'write' <Predicate = true> <Delay = 0.00> <Core = "AXI4Stream">   --->   Core 5 'AXI4Stream' <Latency = 0> <II = 1> <Delay = 1.00> <Adapter> <Opcode : >
ST_19 : Operation 2179 [1/1] (0.00ns)   --->   "ret void"   --->   Operation 2179 'ret' <Predicate = true> <Delay = 0.00>


============================================================
+ Verbose Summary: Timing violations
============================================================
Target clock period: 10ns, clock uncertainty: 1.25ns.

 <State 1>: 3.63ns
The critical path consists of the following:
	fifo read on port 'n_0_i_i' [94]  (3.63 ns)

 <State 2>: 8.74ns
The critical path consists of the following:
	'load' operation ('partial_sum_15_V_15_2', MathieuHelpMe/Classifier.cpp:100->MathieuHelpMe/Classifier.cpp:136) on local variable 'partial_sum[15].V' [2207]  (0 ns)
	'add' operation ('tmp237', MathieuHelpMe/Classifier.cpp:100->MathieuHelpMe/Classifier.cpp:136) [2221]  (4.37 ns)
	'add' operation ('tmp235', MathieuHelpMe/Classifier.cpp:100->MathieuHelpMe/Classifier.cpp:136) [2222]  (4.37 ns)

 <State 3>: 4.98ns
The critical path consists of the following:
	'phi' operation ('j_i_i', MathieuHelpMe/Classifier.cpp:63->MathieuHelpMe/Classifier.cpp:136) with incoming values : ('j_1_i_i', MathieuHelpMe/Classifier.cpp:63->MathieuHelpMe/Classifier.cpp:136) [144]  (0 ns)
	'add' operation ('tmp_20', MathieuHelpMe/Classifier.cpp:54->MathieuHelpMe/Classifier.cpp:136) [155]  (1.73 ns)
	'getelementptr' operation ('svs_V_12_addr', MathieuHelpMe/Classifier.cpp:54->MathieuHelpMe/Classifier.cpp:136) [161]  (0 ns)
	'load' operation ('svs_V_12_load', MathieuHelpMe/Classifier.cpp:69->MathieuHelpMe/Classifier.cpp:136) on array 'svs_V_12' [248]  (3.25 ns)

 <State 4>: 7.42ns
The critical path consists of the following:
	'load' operation ('svs_V_0_load', MathieuHelpMe/Classifier.cpp:69->MathieuHelpMe/Classifier.cpp:136) on array 'svs_V_0' [174]  (3.25 ns)
	'mul' operation ('r_V_10_i_i', MathieuHelpMe/Classifier.cpp:71->MathieuHelpMe/Classifier.cpp:136) [1025]  (4.17 ns)

 <State 5>: 6.66ns
The critical path consists of the following:
	'mul' operation ('r_V_4_i_i', MathieuHelpMe/Classifier.cpp:71->MathieuHelpMe/Classifier.cpp:136) [527]  (4.17 ns)
	'add' operation ('tmp5', MathieuHelpMe/Classifier.cpp:72->MathieuHelpMe/Classifier.cpp:136) [1448]  (2.49 ns)

 <State 6>: 8.74ns
The critical path consists of the following:
	'add' operation ('tmp4', MathieuHelpMe/Classifier.cpp:72->MathieuHelpMe/Classifier.cpp:136) [1452]  (0 ns)
	'add' operation ('tmp', MathieuHelpMe/Classifier.cpp:72->MathieuHelpMe/Classifier.cpp:136) [1453]  (4.37 ns)
	'add' operation ('tmp_s', MathieuHelpMe/Classifier.cpp:72->MathieuHelpMe/Classifier.cpp:136) [1465]  (0 ns)
	'add' operation ('dot_products[0].V', MathieuHelpMe/Classifier.cpp:72->MathieuHelpMe/Classifier.cpp:136) [1466]  (4.37 ns)

 <State 7>: 1.77ns
The critical path consists of the following:
	multiplexor before 'phi' operation ('k') with incoming values : ('k', MathieuHelpMe/Classifier.cpp:76->MathieuHelpMe/Classifier.cpp:136) [1907]  (1.77 ns)

 <State 8>: 5.17ns
The critical path consists of the following:
	'phi' operation ('k') with incoming values : ('k', MathieuHelpMe/Classifier.cpp:76->MathieuHelpMe/Classifier.cpp:136) [1907]  (0 ns)
	'add' operation ('tmp_9_i_i', MathieuHelpMe/Classifier.cpp:80->MathieuHelpMe/Classifier.cpp:136) [1918]  (1.92 ns)
	'getelementptr' operation ('alphas_V_1450_addr', MathieuHelpMe/Classifier.cpp:80->MathieuHelpMe/Classifier.cpp:136) [2033]  (0 ns)
	'load' operation ('alphas_V_1450_load', MathieuHelpMe/Classifier.cpp:80->MathieuHelpMe/Classifier.cpp:136) on array 'alphas_V_1450' [2034]  (3.25 ns)

 <State 9>: 3.25ns
The critical path consists of the following:
	'load' operation ('sv_norms_V_14_load', MathieuHelpMe/Classifier.cpp:80->MathieuHelpMe/Classifier.cpp:136) on array 'sv_norms_V_14' [1939]  (3.25 ns)

 <State 10>: 6.44ns
The critical path consists of the following:
	'mux' operation ('tmp_17', MathieuHelpMe/Classifier.cpp:72->MathieuHelpMe/Classifier.cpp:136) [2002]  (2.06 ns)
	'shl' operation ('__Val2__', MathieuHelpMe/Classifier.cpp:82->MathieuHelpMe/Classifier.cpp:136) [2004]  (0 ns)
	'sub' operation ('dist_sq.V', MathieuHelpMe/Classifier.cpp:82->MathieuHelpMe/Classifier.cpp:136) [2005]  (4.37 ns)

 <State 11>: 7.15ns
The critical path consists of the following:
	'sub' operation ('p_op', MathieuHelpMe/Classifier.cpp:87->MathieuHelpMe/Classifier.cpp:136) [2008]  (2.2 ns)
	'select' operation ('__Val2__', MathieuHelpMe/Classifier.cpp:87->MathieuHelpMe/Classifier.cpp:136) [2009]  (0.708 ns)
	'xor' operation ('r.V', MathieuHelpMe/Exp.cpp:22->MathieuHelpMe/Classifier.cpp:87->MathieuHelpMe/Classifier.cpp:136) [2015]  (0.99 ns)
	'getelementptr' operation ('EXP_LUT_V_addr', MathieuHelpMe/Exp.cpp:29->MathieuHelpMe/Classifier.cpp:87->MathieuHelpMe/Classifier.cpp:136) [2017]  (0 ns)
	'load' operation ('e.V', MathieuHelpMe/Exp.cpp:29->MathieuHelpMe/Classifier.cpp:87->MathieuHelpMe/Classifier.cpp:136) on array 'EXP_LUT_V' [2018]  (3.25 ns)

 <State 12>: 3.25ns
The critical path consists of the following:
	'load' operation ('e.V', MathieuHelpMe/Exp.cpp:29->MathieuHelpMe/Classifier.cpp:87->MathieuHelpMe/Classifier.cpp:136) on array 'EXP_LUT_V' [2018]  (3.25 ns)

 <State 13>: 6.38ns
The critical path consists of the following:
	'mul' operation ('prod_V', MathieuHelpMe/Exp.cpp:36->MathieuHelpMe/Classifier.cpp:87->MathieuHelpMe/Classifier.cpp:136) [2023]  (6.38 ns)

 <State 14>: 2.2ns
The critical path consists of the following:
	'add' operation ('loc.V', MathieuHelpMe/Exp.cpp:36->MathieuHelpMe/Classifier.cpp:87->MathieuHelpMe/Classifier.cpp:136) [2026]  (2.2 ns)

 <State 15>: 6.38ns
The critical path consists of the following:
	'phi' operation ('loc.V') with incoming values : ('loc.V', MathieuHelpMe/Exp.cpp:36->MathieuHelpMe/Classifier.cpp:87->MathieuHelpMe/Classifier.cpp:136) [2029]  (0 ns)
	'mul' operation ('__Val2__', MathieuHelpMe/Classifier.cpp:89->MathieuHelpMe/Classifier.cpp:136) [2131]  (6.38 ns)

 <State 16>: 6.38ns
The critical path consists of the following:
	'load' operation ('partial_sum_15_V_1_s') on local variable 'partial_sum[15].V' [2113]  (0 ns)
	'mux' operation ('__Val2__', MathieuHelpMe/Classifier.cpp:76->MathieuHelpMe/Classifier.cpp:136) [2134]  (2.06 ns)
	'add' operation ('partial_sum[0].V', MathieuHelpMe/Classifier.cpp:89->MathieuHelpMe/Classifier.cpp:136) [2135]  (2.55 ns)
	'store' operation (MathieuHelpMe/Classifier.cpp:89->MathieuHelpMe/Classifier.cpp:136) of variable 'partial_sum[0].V', MathieuHelpMe/Classifier.cpp:89->MathieuHelpMe/Classifier.cpp:136 on local variable 'partial_sum[15].V' [2183]  (1.77 ns)

 <State 17>: 1.92ns
The critical path consists of the following:
	'add' operation ('i', MathieuHelpMe/Classifier.cpp:54->MathieuHelpMe/Classifier.cpp:136) [2190]  (1.92 ns)

 <State 18>: 8.74ns
The critical path consists of the following:
	'load' operation ('partial_sum_15_V_1_1', MathieuHelpMe/Classifier.cpp:100->MathieuHelpMe/Classifier.cpp:136) on local variable 'partial_sum[15].V' [2193]  (0 ns)
	'add' operation ('tmp226', MathieuHelpMe/Classifier.cpp:100->MathieuHelpMe/Classifier.cpp:136) [2209]  (0 ns)
	'add' operation ('tmp225', MathieuHelpMe/Classifier.cpp:100->MathieuHelpMe/Classifier.cpp:136) [2211]  (4.37 ns)
	'add' operation ('tmp224', MathieuHelpMe/Classifier.cpp:100->MathieuHelpMe/Classifier.cpp:136) [2215]  (0 ns)
	'add' operation ('out_val.data.V', MathieuHelpMe/Classifier.cpp:100->MathieuHelpMe/Classifier.cpp:136) [2224]  (4.37 ns)

 <State 19>: 0ns
The critical path consists of the following:


============================================================
+ Verbose Summary: Binding
============================================================
N/A
* FSMD analyzer results:
  - Output states:
 - Input state : 
  - Chain level:
	State 1
	State 2
	State 3
	State 4
	State 5
	State 6
	State 7
	State 8
	State 9
	State 10
	State 11
	State 12
	State 13
	State 14
	State 15
	State 16
	State 17
	State 18
	State 19


============================================================
+ Verbose Summary: Datapath Resource usage 
============================================================
N/A
