

================================================================
== Vivado HLS Report for 'dataflow_in_loop_Bat'
================================================================
* Date:           Fri Mar  7 16:33:18 2014

* Version:        2018.2 (Build 2258646 on Thu Jun 14 20:25:20 MDT 2018)
* Project:        MathieuHelpMe
* Solution:       solution1
* Product family: zynq
* Target device:  xc7z020clg484-1


================================================================
== Performance Estimates
================================================================
+ Timing (ns): 
    * Summary: 
    +--------+-------+----------+------------+
    |  Clock | Target| Estimated| Uncertainty|
    +--------+-------+----------+------------+
    |ap_clk  |  10.00|     8.847|        1.25|
    +--------+-------+----------+------------+

+ Latency (clock cycles): 
    * Summary: 
    +-----+-----+-----+-----+----------+
    |  Latency  |  Interval | Pipeline |
    | min | max | min | max |   Type   |
    +-----+-----+-----+-----+----------+
    |  220|  508|  119|  407| dataflow |
    +-----+-----+-----+-----+----------+

    + Detail: 
        * Instance: 
        +---------------------------------+----------------------+-----+-----+-----+-----+---------+
        |                                 |                      |  Latency  |  Interval | Pipeline|
        |             Instance            |        Module        | min | max | min | max |   Type  |
        +---------------------------------+----------------------+-----+-----+-----+-----+---------+
        |grp_compute_and_output_fu_344    |compute_and_output    |  118|  406|  118|  406|   none  |
        |grp_load_and_calc_norm53_fu_619  |load_and_calc_norm53  |  101|  101|  101|  101|   none  |
        +---------------------------------+----------------------+-----+-----+-----+-----+---------+

        * Loop: 
        N/A

============================================================
+ Verbose Summary: Synthesis Manager
============================================================
InlineROM: 1
ExposeGlobal: 0
============================================================
+ Verbose Summary: CDFG Model
============================================================
IsTopModel: 0
ResetActiveHigh: 1
IsCombinational: 2
IsDatapathOnly: 0
HasWiredReturn: 1
HasMFsm: 0
HasVarLatency: 1
IsPipeline: 0
IsRtlPipelined: 0
IsInstanceOverlapped: 0
IsDontTouch: 0
HasImplIP: 0
IsGatedGlobalClock: 0


============================================================
+ Verbose Summary: Schedule
============================================================
* Number of FSM states : 4
* Pipeline : 0
* Dataflow Pipeline: 1
  DF-Pipeline-0: Size = 4, States = { 1 2 3 4 }

* FSM state transitions: 
1 --> 
	2  / true
2 --> 
	3  / true
3 --> 
	4  / true
4 --> 

* FSM state operations: 

State 1 <SV = 0> <Delay = 5.95>
ST_1 : Operation 5 [1/1] (0.00ns)   --->   "%num_images_read = call i32 @_ssdm_op_Read.ap_auto.i32(i32 %num_images)"   --->   Operation 5 'read' 'num_images_read' <Predicate = true> <Delay = 0.00>
ST_1 : Operation 6 [1/1] (0.00ns)   --->   "%n_read = call i31 @_ssdm_op_Read.ap_auto.i31(i31 %n)"   --->   Operation 6 'read' 'n_read' <Predicate = true> <Delay = 0.00>
ST_1 : Operation 7 [1/1] (0.00ns)   --->   "%num_images_c = alloca i32, align 4"   --->   Operation 7 'alloca' 'num_images_c' <Predicate = true> <Delay = 0.00> <Core = "FIFO">   --->   Core 32 'FIFO' <Latency = 0> <II = 1> <Delay = 3.63> <Storage> <Opcode : 'read' 'write' 'nbread' 'nbwrite'> <Ports = 0> <Width = 32> <Depth = 2> <FIFO>
ST_1 : Operation 8 [1/1] (0.00ns)   --->   "%n_c = alloca i31, align 4"   --->   Operation 8 'alloca' 'n_c' <Predicate = true> <Delay = 0.00> <Core = "FIFO">   --->   Core 32 'FIFO' <Latency = 0> <II = 1> <Delay = 3.63> <Storage> <Opcode : 'read' 'write' 'nbread' 'nbwrite'> <Ports = 0> <Width = 32> <Depth = 2> <FIFO>
ST_1 : Operation 9 [1/1] (2.32ns)   --->   "%x_local_0_V = alloca [50 x i8], align 1" [MathieuHelpMe/Classifier.cpp:232]   --->   Operation 9 'alloca' 'x_local_0_V' <Predicate = true> <Delay = 2.32>
ST_1 : Operation 10 [1/1] (2.32ns)   --->   "%x_local_1_V = alloca [50 x i8], align 1" [MathieuHelpMe/Classifier.cpp:232]   --->   Operation 10 'alloca' 'x_local_1_V' <Predicate = true> <Delay = 2.32>
ST_1 : Operation 11 [1/1] (2.32ns)   --->   "%x_local_2_V = alloca [50 x i8], align 1" [MathieuHelpMe/Classifier.cpp:232]   --->   Operation 11 'alloca' 'x_local_2_V' <Predicate = true> <Delay = 2.32>
ST_1 : Operation 12 [1/1] (2.32ns)   --->   "%x_local_3_V = alloca [50 x i8], align 1" [MathieuHelpMe/Classifier.cpp:232]   --->   Operation 12 'alloca' 'x_local_3_V' <Predicate = true> <Delay = 2.32>
ST_1 : Operation 13 [1/1] (2.32ns)   --->   "%x_local_4_V = alloca [50 x i8], align 1" [MathieuHelpMe/Classifier.cpp:232]   --->   Operation 13 'alloca' 'x_local_4_V' <Predicate = true> <Delay = 2.32>
ST_1 : Operation 14 [1/1] (2.32ns)   --->   "%x_local_5_V = alloca [50 x i8], align 1" [MathieuHelpMe/Classifier.cpp:232]   --->   Operation 14 'alloca' 'x_local_5_V' <Predicate = true> <Delay = 2.32>
ST_1 : Operation 15 [1/1] (2.32ns)   --->   "%x_local_6_V = alloca [50 x i8], align 1" [MathieuHelpMe/Classifier.cpp:232]   --->   Operation 15 'alloca' 'x_local_6_V' <Predicate = true> <Delay = 2.32>
ST_1 : Operation 16 [1/1] (2.32ns)   --->   "%x_local_7_V = alloca [50 x i8], align 1" [MathieuHelpMe/Classifier.cpp:232]   --->   Operation 16 'alloca' 'x_local_7_V' <Predicate = true> <Delay = 2.32>
ST_1 : Operation 17 [1/1] (2.32ns)   --->   "%x_local_8_V = alloca [50 x i8], align 1" [MathieuHelpMe/Classifier.cpp:232]   --->   Operation 17 'alloca' 'x_local_8_V' <Predicate = true> <Delay = 2.32>
ST_1 : Operation 18 [1/1] (2.32ns)   --->   "%x_local_9_V = alloca [50 x i8], align 1" [MathieuHelpMe/Classifier.cpp:232]   --->   Operation 18 'alloca' 'x_local_9_V' <Predicate = true> <Delay = 2.32>
ST_1 : Operation 19 [1/1] (2.32ns)   --->   "%x_local_10_V = alloca [50 x i8], align 1" [MathieuHelpMe/Classifier.cpp:232]   --->   Operation 19 'alloca' 'x_local_10_V' <Predicate = true> <Delay = 2.32>
ST_1 : Operation 20 [1/1] (2.32ns)   --->   "%x_local_11_V = alloca [50 x i8], align 1" [MathieuHelpMe/Classifier.cpp:232]   --->   Operation 20 'alloca' 'x_local_11_V' <Predicate = true> <Delay = 2.32>
ST_1 : Operation 21 [1/1] (2.32ns)   --->   "%x_local_12_V = alloca [50 x i8], align 1" [MathieuHelpMe/Classifier.cpp:232]   --->   Operation 21 'alloca' 'x_local_12_V' <Predicate = true> <Delay = 2.32>
ST_1 : Operation 22 [1/1] (2.32ns)   --->   "%x_local_13_V = alloca [50 x i8], align 1" [MathieuHelpMe/Classifier.cpp:232]   --->   Operation 22 'alloca' 'x_local_13_V' <Predicate = true> <Delay = 2.32>
ST_1 : Operation 23 [1/1] (2.32ns)   --->   "%x_local_14_V = alloca [50 x i8], align 1" [MathieuHelpMe/Classifier.cpp:232]   --->   Operation 23 'alloca' 'x_local_14_V' <Predicate = true> <Delay = 2.32>
ST_1 : Operation 24 [1/1] (2.32ns)   --->   "%x_local_15_V = alloca [50 x i8], align 1" [MathieuHelpMe/Classifier.cpp:232]   --->   Operation 24 'alloca' 'x_local_15_V' <Predicate = true> <Delay = 2.32>
ST_1 : Operation 25 [2/2] (3.63ns)   --->   "%call_ret = call fastcc { i24, i6, i6, i6, i6, i6, i6, i6, i6, i6, i6, i6, i6, i6, i6, i6, i6, i6, i6, i6, i6, i6, i6, i6, i6, i6, i6, i6, i6, i6, i6, i6, i6, i6, i6, i6, i6, i6, i6, i6, i6, i6, i6, i6, i6, i6, i6, i6, i6, i6, i6 } @load_and_calc_norm53(i64* %in_stream_V_data_V, i8* %in_stream_V_keep_V, i8* %in_stream_V_strb_V, i1* %in_stream_V_user_V, i1* %in_stream_V_last_V, i1* %in_stream_V_id_V, i1* %in_stream_V_dest_V, [50 x i8]* %x_local_0_V, [50 x i8]* %x_local_1_V, [50 x i8]* %x_local_2_V, [50 x i8]* %x_local_3_V, [50 x i8]* %x_local_4_V, [50 x i8]* %x_local_5_V, [50 x i8]* %x_local_6_V, [50 x i8]* %x_local_7_V, [50 x i8]* %x_local_8_V, [50 x i8]* %x_local_9_V, [50 x i8]* %x_local_10_V, [50 x i8]* %x_local_11_V, [50 x i8]* %x_local_12_V, [50 x i8]* %x_local_13_V, [50 x i8]* %x_local_14_V, [50 x i8]* %x_local_15_V, i31 %n_read, i32 %num_images_read, i31* %n_c, i32* %num_images_c)"   --->   Operation 25 'call' 'call_ret' <Predicate = true> <Delay = 3.63> <CoreType = "Generic">   --->   Core 0 '' <Latency = 0> <II = 1> <Delay = 1.00> <Generic> <Opcode : >

State 2 <SV = 1> <Delay = 0.00>
ST_2 : Operation 26 [1/2] (0.00ns)   --->   "%call_ret = call fastcc { i24, i6, i6, i6, i6, i6, i6, i6, i6, i6, i6, i6, i6, i6, i6, i6, i6, i6, i6, i6, i6, i6, i6, i6, i6, i6, i6, i6, i6, i6, i6, i6, i6, i6, i6, i6, i6, i6, i6, i6, i6, i6, i6, i6, i6, i6, i6, i6, i6, i6, i6 } @load_and_calc_norm53(i64* %in_stream_V_data_V, i8* %in_stream_V_keep_V, i8* %in_stream_V_strb_V, i1* %in_stream_V_user_V, i1* %in_stream_V_last_V, i1* %in_stream_V_id_V, i1* %in_stream_V_dest_V, [50 x i8]* %x_local_0_V, [50 x i8]* %x_local_1_V, [50 x i8]* %x_local_2_V, [50 x i8]* %x_local_3_V, [50 x i8]* %x_local_4_V, [50 x i8]* %x_local_5_V, [50 x i8]* %x_local_6_V, [50 x i8]* %x_local_7_V, [50 x i8]* %x_local_8_V, [50 x i8]* %x_local_9_V, [50 x i8]* %x_local_10_V, [50 x i8]* %x_local_11_V, [50 x i8]* %x_local_12_V, [50 x i8]* %x_local_13_V, [50 x i8]* %x_local_14_V, [50 x i8]* %x_local_15_V, i31 %n_read, i32 %num_images_read, i31* %n_c, i32* %num_images_c)"   --->   Operation 26 'call' 'call_ret' <Predicate = true> <Delay = 0.00> <CoreType = "Generic">   --->   Core 0 '' <Latency = 0> <II = 1> <Delay = 1.00> <Generic> <Opcode : >
ST_2 : Operation 27 [1/1] (0.00ns)   --->   "%internal_norm_V = extractvalue { i24, i6, i6, i6, i6, i6, i6, i6, i6, i6, i6, i6, i6, i6, i6, i6, i6, i6, i6, i6, i6, i6, i6, i6, i6, i6, i6, i6, i6, i6, i6, i6, i6, i6, i6, i6, i6, i6, i6, i6, i6, i6, i6, i6, i6, i6, i6, i6, i6, i6, i6 } %call_ret, 0"   --->   Operation 27 'extractvalue' 'internal_norm_V' <Predicate = true> <Delay = 0.00> <Core = "FIFO">   --->   Core 32 'FIFO' <Latency = 0> <II = 1> <Delay = 3.63> <Storage> <Opcode : 'read' 'write' 'nbread' 'nbwrite'> <Ports = 0> <Width = 32> <Depth = 2> <FIFO>
ST_2 : Operation 28 [1/1] (0.00ns)   --->   "%active_groups_0_V = extractvalue { i24, i6, i6, i6, i6, i6, i6, i6, i6, i6, i6, i6, i6, i6, i6, i6, i6, i6, i6, i6, i6, i6, i6, i6, i6, i6, i6, i6, i6, i6, i6, i6, i6, i6, i6, i6, i6, i6, i6, i6, i6, i6, i6, i6, i6, i6, i6, i6, i6, i6, i6 } %call_ret, 1"   --->   Operation 28 'extractvalue' 'active_groups_0_V' <Predicate = true> <Delay = 0.00> <Core = "FIFO">   --->   Core 32 'FIFO' <Latency = 0> <II = 1> <Delay = 3.63> <Storage> <Opcode : 'read' 'write' 'nbread' 'nbwrite'> <Ports = 0> <Width = 32> <Depth = 2> <FIFO>
ST_2 : Operation 29 [1/1] (0.00ns)   --->   "%active_groups_1_V = extractvalue { i24, i6, i6, i6, i6, i6, i6, i6, i6, i6, i6, i6, i6, i6, i6, i6, i6, i6, i6, i6, i6, i6, i6, i6, i6, i6, i6, i6, i6, i6, i6, i6, i6, i6, i6, i6, i6, i6, i6, i6, i6, i6, i6, i6, i6, i6, i6, i6, i6, i6, i6 } %call_ret, 2"   --->   Operation 29 'extractvalue' 'active_groups_1_V' <Predicate = true> <Delay = 0.00> <Core = "FIFO">   --->   Core 32 'FIFO' <Latency = 0> <II = 1> <Delay = 3.63> <Storage> <Opcode : 'read' 'write' 'nbread' 'nbwrite'> <Ports = 0> <Width = 32> <Depth = 2> <FIFO>
ST_2 : Operation 30 [1/1] (0.00ns)   --->   "%active_groups_2_V = extractvalue { i24, i6, i6, i6, i6, i6, i6, i6, i6, i6, i6, i6, i6, i6, i6, i6, i6, i6, i6, i6, i6, i6, i6, i6, i6, i6, i6, i6, i6, i6, i6, i6, i6, i6, i6, i6, i6, i6, i6, i6, i6, i6, i6, i6, i6, i6, i6, i6, i6, i6, i6 } %call_ret, 3"   --->   Operation 30 'extractvalue' 'active_groups_2_V' <Predicate = true> <Delay = 0.00> <Core = "FIFO">   --->   Core 32 'FIFO' <Latency = 0> <II = 1> <Delay = 3.63> <Storage> <Opcode : 'read' 'write' 'nbread' 'nbwrite'> <Ports = 0> <Width = 32> <Depth = 2> <FIFO>
ST_2 : Operation 31 [1/1] (0.00ns)   --->   "%active_groups_3_V = extractvalue { i24, i6, i6, i6, i6, i6, i6, i6, i6, i6, i6, i6, i6, i6, i6, i6, i6, i6, i6, i6, i6, i6, i6, i6, i6, i6, i6, i6, i6, i6, i6, i6, i6, i6, i6, i6, i6, i6, i6, i6, i6, i6, i6, i6, i6, i6, i6, i6, i6, i6, i6 } %call_ret, 4"   --->   Operation 31 'extractvalue' 'active_groups_3_V' <Predicate = true> <Delay = 0.00> <Core = "FIFO">   --->   Core 32 'FIFO' <Latency = 0> <II = 1> <Delay = 3.63> <Storage> <Opcode : 'read' 'write' 'nbread' 'nbwrite'> <Ports = 0> <Width = 32> <Depth = 2> <FIFO>
ST_2 : Operation 32 [1/1] (0.00ns)   --->   "%active_groups_4_V = extractvalue { i24, i6, i6, i6, i6, i6, i6, i6, i6, i6, i6, i6, i6, i6, i6, i6, i6, i6, i6, i6, i6, i6, i6, i6, i6, i6, i6, i6, i6, i6, i6, i6, i6, i6, i6, i6, i6, i6, i6, i6, i6, i6, i6, i6, i6, i6, i6, i6, i6, i6, i6 } %call_ret, 5"   --->   Operation 32 'extractvalue' 'active_groups_4_V' <Predicate = true> <Delay = 0.00> <Core = "FIFO">   --->   Core 32 'FIFO' <Latency = 0> <II = 1> <Delay = 3.63> <Storage> <Opcode : 'read' 'write' 'nbread' 'nbwrite'> <Ports = 0> <Width = 32> <Depth = 2> <FIFO>
ST_2 : Operation 33 [1/1] (0.00ns)   --->   "%active_groups_5_V = extractvalue { i24, i6, i6, i6, i6, i6, i6, i6, i6, i6, i6, i6, i6, i6, i6, i6, i6, i6, i6, i6, i6, i6, i6, i6, i6, i6, i6, i6, i6, i6, i6, i6, i6, i6, i6, i6, i6, i6, i6, i6, i6, i6, i6, i6, i6, i6, i6, i6, i6, i6, i6 } %call_ret, 6"   --->   Operation 33 'extractvalue' 'active_groups_5_V' <Predicate = true> <Delay = 0.00> <Core = "FIFO">   --->   Core 32 'FIFO' <Latency = 0> <II = 1> <Delay = 3.63> <Storage> <Opcode : 'read' 'write' 'nbread' 'nbwrite'> <Ports = 0> <Width = 32> <Depth = 2> <FIFO>
ST_2 : Operation 34 [1/1] (0.00ns)   --->   "%active_groups_6_V = extractvalue { i24, i6, i6, i6, i6, i6, i6, i6, i6, i6, i6, i6, i6, i6, i6, i6, i6, i6, i6, i6, i6, i6, i6, i6, i6, i6, i6, i6, i6, i6, i6, i6, i6, i6, i6, i6, i6, i6, i6, i6, i6, i6, i6, i6, i6, i6, i6, i6, i6, i6, i6 } %call_ret, 7"   --->   Operation 34 'extractvalue' 'active_groups_6_V' <Predicate = true> <Delay = 0.00> <Core = "FIFO">   --->   Core 32 'FIFO' <Latency = 0> <II = 1> <Delay = 3.63> <Storage> <Opcode : 'read' 'write' 'nbread' 'nbwrite'> <Ports = 0> <Width = 32> <Depth = 2> <FIFO>
ST_2 : Operation 35 [1/1] (0.00ns)   --->   "%active_groups_7_V = extractvalue { i24, i6, i6, i6, i6, i6, i6, i6, i6, i6, i6, i6, i6, i6, i6, i6, i6, i6, i6, i6, i6, i6, i6, i6, i6, i6, i6, i6, i6, i6, i6, i6, i6, i6, i6, i6, i6, i6, i6, i6, i6, i6, i6, i6, i6, i6, i6, i6, i6, i6, i6 } %call_ret, 8"   --->   Operation 35 'extractvalue' 'active_groups_7_V' <Predicate = true> <Delay = 0.00> <Core = "FIFO">   --->   Core 32 'FIFO' <Latency = 0> <II = 1> <Delay = 3.63> <Storage> <Opcode : 'read' 'write' 'nbread' 'nbwrite'> <Ports = 0> <Width = 32> <Depth = 2> <FIFO>
ST_2 : Operation 36 [1/1] (0.00ns)   --->   "%active_groups_8_V = extractvalue { i24, i6, i6, i6, i6, i6, i6, i6, i6, i6, i6, i6, i6, i6, i6, i6, i6, i6, i6, i6, i6, i6, i6, i6, i6, i6, i6, i6, i6, i6, i6, i6, i6, i6, i6, i6, i6, i6, i6, i6, i6, i6, i6, i6, i6, i6, i6, i6, i6, i6, i6 } %call_ret, 9"   --->   Operation 36 'extractvalue' 'active_groups_8_V' <Predicate = true> <Delay = 0.00> <Core = "FIFO">   --->   Core 32 'FIFO' <Latency = 0> <II = 1> <Delay = 3.63> <Storage> <Opcode : 'read' 'write' 'nbread' 'nbwrite'> <Ports = 0> <Width = 32> <Depth = 2> <FIFO>
ST_2 : Operation 37 [1/1] (0.00ns)   --->   "%active_groups_9_V = extractvalue { i24, i6, i6, i6, i6, i6, i6, i6, i6, i6, i6, i6, i6, i6, i6, i6, i6, i6, i6, i6, i6, i6, i6, i6, i6, i6, i6, i6, i6, i6, i6, i6, i6, i6, i6, i6, i6, i6, i6, i6, i6, i6, i6, i6, i6, i6, i6, i6, i6, i6, i6 } %call_ret, 10"   --->   Operation 37 'extractvalue' 'active_groups_9_V' <Predicate = true> <Delay = 0.00> <Core = "FIFO">   --->   Core 32 'FIFO' <Latency = 0> <II = 1> <Delay = 3.63> <Storage> <Opcode : 'read' 'write' 'nbread' 'nbwrite'> <Ports = 0> <Width = 32> <Depth = 2> <FIFO>
ST_2 : Operation 38 [1/1] (0.00ns)   --->   "%active_groups_10_V = extractvalue { i24, i6, i6, i6, i6, i6, i6, i6, i6, i6, i6, i6, i6, i6, i6, i6, i6, i6, i6, i6, i6, i6, i6, i6, i6, i6, i6, i6, i6, i6, i6, i6, i6, i6, i6, i6, i6, i6, i6, i6, i6, i6, i6, i6, i6, i6, i6, i6, i6, i6, i6 } %call_ret, 11"   --->   Operation 38 'extractvalue' 'active_groups_10_V' <Predicate = true> <Delay = 0.00> <Core = "FIFO">   --->   Core 32 'FIFO' <Latency = 0> <II = 1> <Delay = 3.63> <Storage> <Opcode : 'read' 'write' 'nbread' 'nbwrite'> <Ports = 0> <Width = 32> <Depth = 2> <FIFO>
ST_2 : Operation 39 [1/1] (0.00ns)   --->   "%active_groups_11_V = extractvalue { i24, i6, i6, i6, i6, i6, i6, i6, i6, i6, i6, i6, i6, i6, i6, i6, i6, i6, i6, i6, i6, i6, i6, i6, i6, i6, i6, i6, i6, i6, i6, i6, i6, i6, i6, i6, i6, i6, i6, i6, i6, i6, i6, i6, i6, i6, i6, i6, i6, i6, i6 } %call_ret, 12"   --->   Operation 39 'extractvalue' 'active_groups_11_V' <Predicate = true> <Delay = 0.00> <Core = "FIFO">   --->   Core 32 'FIFO' <Latency = 0> <II = 1> <Delay = 3.63> <Storage> <Opcode : 'read' 'write' 'nbread' 'nbwrite'> <Ports = 0> <Width = 32> <Depth = 2> <FIFO>
ST_2 : Operation 40 [1/1] (0.00ns)   --->   "%active_groups_12_V = extractvalue { i24, i6, i6, i6, i6, i6, i6, i6, i6, i6, i6, i6, i6, i6, i6, i6, i6, i6, i6, i6, i6, i6, i6, i6, i6, i6, i6, i6, i6, i6, i6, i6, i6, i6, i6, i6, i6, i6, i6, i6, i6, i6, i6, i6, i6, i6, i6, i6, i6, i6, i6 } %call_ret, 13"   --->   Operation 40 'extractvalue' 'active_groups_12_V' <Predicate = true> <Delay = 0.00> <Core = "FIFO">   --->   Core 32 'FIFO' <Latency = 0> <II = 1> <Delay = 3.63> <Storage> <Opcode : 'read' 'write' 'nbread' 'nbwrite'> <Ports = 0> <Width = 32> <Depth = 2> <FIFO>
ST_2 : Operation 41 [1/1] (0.00ns)   --->   "%active_groups_13_V = extractvalue { i24, i6, i6, i6, i6, i6, i6, i6, i6, i6, i6, i6, i6, i6, i6, i6, i6, i6, i6, i6, i6, i6, i6, i6, i6, i6, i6, i6, i6, i6, i6, i6, i6, i6, i6, i6, i6, i6, i6, i6, i6, i6, i6, i6, i6, i6, i6, i6, i6, i6, i6 } %call_ret, 14"   --->   Operation 41 'extractvalue' 'active_groups_13_V' <Predicate = true> <Delay = 0.00> <Core = "FIFO">   --->   Core 32 'FIFO' <Latency = 0> <II = 1> <Delay = 3.63> <Storage> <Opcode : 'read' 'write' 'nbread' 'nbwrite'> <Ports = 0> <Width = 32> <Depth = 2> <FIFO>
ST_2 : Operation 42 [1/1] (0.00ns)   --->   "%active_groups_14_V = extractvalue { i24, i6, i6, i6, i6, i6, i6, i6, i6, i6, i6, i6, i6, i6, i6, i6, i6, i6, i6, i6, i6, i6, i6, i6, i6, i6, i6, i6, i6, i6, i6, i6, i6, i6, i6, i6, i6, i6, i6, i6, i6, i6, i6, i6, i6, i6, i6, i6, i6, i6, i6 } %call_ret, 15"   --->   Operation 42 'extractvalue' 'active_groups_14_V' <Predicate = true> <Delay = 0.00> <Core = "FIFO">   --->   Core 32 'FIFO' <Latency = 0> <II = 1> <Delay = 3.63> <Storage> <Opcode : 'read' 'write' 'nbread' 'nbwrite'> <Ports = 0> <Width = 32> <Depth = 2> <FIFO>
ST_2 : Operation 43 [1/1] (0.00ns)   --->   "%active_groups_15_V = extractvalue { i24, i6, i6, i6, i6, i6, i6, i6, i6, i6, i6, i6, i6, i6, i6, i6, i6, i6, i6, i6, i6, i6, i6, i6, i6, i6, i6, i6, i6, i6, i6, i6, i6, i6, i6, i6, i6, i6, i6, i6, i6, i6, i6, i6, i6, i6, i6, i6, i6, i6, i6 } %call_ret, 16"   --->   Operation 43 'extractvalue' 'active_groups_15_V' <Predicate = true> <Delay = 0.00> <Core = "FIFO">   --->   Core 32 'FIFO' <Latency = 0> <II = 1> <Delay = 3.63> <Storage> <Opcode : 'read' 'write' 'nbread' 'nbwrite'> <Ports = 0> <Width = 32> <Depth = 2> <FIFO>
ST_2 : Operation 44 [1/1] (0.00ns)   --->   "%active_groups_16_V = extractvalue { i24, i6, i6, i6, i6, i6, i6, i6, i6, i6, i6, i6, i6, i6, i6, i6, i6, i6, i6, i6, i6, i6, i6, i6, i6, i6, i6, i6, i6, i6, i6, i6, i6, i6, i6, i6, i6, i6, i6, i6, i6, i6, i6, i6, i6, i6, i6, i6, i6, i6, i6 } %call_ret, 17"   --->   Operation 44 'extractvalue' 'active_groups_16_V' <Predicate = true> <Delay = 0.00> <Core = "FIFO">   --->   Core 32 'FIFO' <Latency = 0> <II = 1> <Delay = 3.63> <Storage> <Opcode : 'read' 'write' 'nbread' 'nbwrite'> <Ports = 0> <Width = 32> <Depth = 2> <FIFO>
ST_2 : Operation 45 [1/1] (0.00ns)   --->   "%active_groups_17_V = extractvalue { i24, i6, i6, i6, i6, i6, i6, i6, i6, i6, i6, i6, i6, i6, i6, i6, i6, i6, i6, i6, i6, i6, i6, i6, i6, i6, i6, i6, i6, i6, i6, i6, i6, i6, i6, i6, i6, i6, i6, i6, i6, i6, i6, i6, i6, i6, i6, i6, i6, i6, i6 } %call_ret, 18"   --->   Operation 45 'extractvalue' 'active_groups_17_V' <Predicate = true> <Delay = 0.00> <Core = "FIFO">   --->   Core 32 'FIFO' <Latency = 0> <II = 1> <Delay = 3.63> <Storage> <Opcode : 'read' 'write' 'nbread' 'nbwrite'> <Ports = 0> <Width = 32> <Depth = 2> <FIFO>
ST_2 : Operation 46 [1/1] (0.00ns)   --->   "%active_groups_18_V = extractvalue { i24, i6, i6, i6, i6, i6, i6, i6, i6, i6, i6, i6, i6, i6, i6, i6, i6, i6, i6, i6, i6, i6, i6, i6, i6, i6, i6, i6, i6, i6, i6, i6, i6, i6, i6, i6, i6, i6, i6, i6, i6, i6, i6, i6, i6, i6, i6, i6, i6, i6, i6 } %call_ret, 19"   --->   Operation 46 'extractvalue' 'active_groups_18_V' <Predicate = true> <Delay = 0.00> <Core = "FIFO">   --->   Core 32 'FIFO' <Latency = 0> <II = 1> <Delay = 3.63> <Storage> <Opcode : 'read' 'write' 'nbread' 'nbwrite'> <Ports = 0> <Width = 32> <Depth = 2> <FIFO>
ST_2 : Operation 47 [1/1] (0.00ns)   --->   "%active_groups_19_V = extractvalue { i24, i6, i6, i6, i6, i6, i6, i6, i6, i6, i6, i6, i6, i6, i6, i6, i6, i6, i6, i6, i6, i6, i6, i6, i6, i6, i6, i6, i6, i6, i6, i6, i6, i6, i6, i6, i6, i6, i6, i6, i6, i6, i6, i6, i6, i6, i6, i6, i6, i6, i6 } %call_ret, 20"   --->   Operation 47 'extractvalue' 'active_groups_19_V' <Predicate = true> <Delay = 0.00> <Core = "FIFO">   --->   Core 32 'FIFO' <Latency = 0> <II = 1> <Delay = 3.63> <Storage> <Opcode : 'read' 'write' 'nbread' 'nbwrite'> <Ports = 0> <Width = 32> <Depth = 2> <FIFO>
ST_2 : Operation 48 [1/1] (0.00ns)   --->   "%active_groups_20_V = extractvalue { i24, i6, i6, i6, i6, i6, i6, i6, i6, i6, i6, i6, i6, i6, i6, i6, i6, i6, i6, i6, i6, i6, i6, i6, i6, i6, i6, i6, i6, i6, i6, i6, i6, i6, i6, i6, i6, i6, i6, i6, i6, i6, i6, i6, i6, i6, i6, i6, i6, i6, i6 } %call_ret, 21"   --->   Operation 48 'extractvalue' 'active_groups_20_V' <Predicate = true> <Delay = 0.00> <Core = "FIFO">   --->   Core 32 'FIFO' <Latency = 0> <II = 1> <Delay = 3.63> <Storage> <Opcode : 'read' 'write' 'nbread' 'nbwrite'> <Ports = 0> <Width = 32> <Depth = 2> <FIFO>
ST_2 : Operation 49 [1/1] (0.00ns)   --->   "%active_groups_21_V = extractvalue { i24, i6, i6, i6, i6, i6, i6, i6, i6, i6, i6, i6, i6, i6, i6, i6, i6, i6, i6, i6, i6, i6, i6, i6, i6, i6, i6, i6, i6, i6, i6, i6, i6, i6, i6, i6, i6, i6, i6, i6, i6, i6, i6, i6, i6, i6, i6, i6, i6, i6, i6 } %call_ret, 22"   --->   Operation 49 'extractvalue' 'active_groups_21_V' <Predicate = true> <Delay = 0.00> <Core = "FIFO">   --->   Core 32 'FIFO' <Latency = 0> <II = 1> <Delay = 3.63> <Storage> <Opcode : 'read' 'write' 'nbread' 'nbwrite'> <Ports = 0> <Width = 32> <Depth = 2> <FIFO>
ST_2 : Operation 50 [1/1] (0.00ns)   --->   "%active_groups_22_V = extractvalue { i24, i6, i6, i6, i6, i6, i6, i6, i6, i6, i6, i6, i6, i6, i6, i6, i6, i6, i6, i6, i6, i6, i6, i6, i6, i6, i6, i6, i6, i6, i6, i6, i6, i6, i6, i6, i6, i6, i6, i6, i6, i6, i6, i6, i6, i6, i6, i6, i6, i6, i6 } %call_ret, 23"   --->   Operation 50 'extractvalue' 'active_groups_22_V' <Predicate = true> <Delay = 0.00> <Core = "FIFO">   --->   Core 32 'FIFO' <Latency = 0> <II = 1> <Delay = 3.63> <Storage> <Opcode : 'read' 'write' 'nbread' 'nbwrite'> <Ports = 0> <Width = 32> <Depth = 2> <FIFO>
ST_2 : Operation 51 [1/1] (0.00ns)   --->   "%active_groups_23_V = extractvalue { i24, i6, i6, i6, i6, i6, i6, i6, i6, i6, i6, i6, i6, i6, i6, i6, i6, i6, i6, i6, i6, i6, i6, i6, i6, i6, i6, i6, i6, i6, i6, i6, i6, i6, i6, i6, i6, i6, i6, i6, i6, i6, i6, i6, i6, i6, i6, i6, i6, i6, i6 } %call_ret, 24"   --->   Operation 51 'extractvalue' 'active_groups_23_V' <Predicate = true> <Delay = 0.00> <Core = "FIFO">   --->   Core 32 'FIFO' <Latency = 0> <II = 1> <Delay = 3.63> <Storage> <Opcode : 'read' 'write' 'nbread' 'nbwrite'> <Ports = 0> <Width = 32> <Depth = 2> <FIFO>
ST_2 : Operation 52 [1/1] (0.00ns)   --->   "%active_groups_24_V = extractvalue { i24, i6, i6, i6, i6, i6, i6, i6, i6, i6, i6, i6, i6, i6, i6, i6, i6, i6, i6, i6, i6, i6, i6, i6, i6, i6, i6, i6, i6, i6, i6, i6, i6, i6, i6, i6, i6, i6, i6, i6, i6, i6, i6, i6, i6, i6, i6, i6, i6, i6, i6 } %call_ret, 25"   --->   Operation 52 'extractvalue' 'active_groups_24_V' <Predicate = true> <Delay = 0.00> <Core = "FIFO">   --->   Core 32 'FIFO' <Latency = 0> <II = 1> <Delay = 3.63> <Storage> <Opcode : 'read' 'write' 'nbread' 'nbwrite'> <Ports = 0> <Width = 32> <Depth = 2> <FIFO>
ST_2 : Operation 53 [1/1] (0.00ns)   --->   "%active_groups_25_V = extractvalue { i24, i6, i6, i6, i6, i6, i6, i6, i6, i6, i6, i6, i6, i6, i6, i6, i6, i6, i6, i6, i6, i6, i6, i6, i6, i6, i6, i6, i6, i6, i6, i6, i6, i6, i6, i6, i6, i6, i6, i6, i6, i6, i6, i6, i6, i6, i6, i6, i6, i6, i6 } %call_ret, 26"   --->   Operation 53 'extractvalue' 'active_groups_25_V' <Predicate = true> <Delay = 0.00> <Core = "FIFO">   --->   Core 32 'FIFO' <Latency = 0> <II = 1> <Delay = 3.63> <Storage> <Opcode : 'read' 'write' 'nbread' 'nbwrite'> <Ports = 0> <Width = 32> <Depth = 2> <FIFO>
ST_2 : Operation 54 [1/1] (0.00ns)   --->   "%active_groups_26_V = extractvalue { i24, i6, i6, i6, i6, i6, i6, i6, i6, i6, i6, i6, i6, i6, i6, i6, i6, i6, i6, i6, i6, i6, i6, i6, i6, i6, i6, i6, i6, i6, i6, i6, i6, i6, i6, i6, i6, i6, i6, i6, i6, i6, i6, i6, i6, i6, i6, i6, i6, i6, i6 } %call_ret, 27"   --->   Operation 54 'extractvalue' 'active_groups_26_V' <Predicate = true> <Delay = 0.00> <Core = "FIFO">   --->   Core 32 'FIFO' <Latency = 0> <II = 1> <Delay = 3.63> <Storage> <Opcode : 'read' 'write' 'nbread' 'nbwrite'> <Ports = 0> <Width = 32> <Depth = 2> <FIFO>
ST_2 : Operation 55 [1/1] (0.00ns)   --->   "%active_groups_27_V = extractvalue { i24, i6, i6, i6, i6, i6, i6, i6, i6, i6, i6, i6, i6, i6, i6, i6, i6, i6, i6, i6, i6, i6, i6, i6, i6, i6, i6, i6, i6, i6, i6, i6, i6, i6, i6, i6, i6, i6, i6, i6, i6, i6, i6, i6, i6, i6, i6, i6, i6, i6, i6 } %call_ret, 28"   --->   Operation 55 'extractvalue' 'active_groups_27_V' <Predicate = true> <Delay = 0.00> <Core = "FIFO">   --->   Core 32 'FIFO' <Latency = 0> <II = 1> <Delay = 3.63> <Storage> <Opcode : 'read' 'write' 'nbread' 'nbwrite'> <Ports = 0> <Width = 32> <Depth = 2> <FIFO>
ST_2 : Operation 56 [1/1] (0.00ns)   --->   "%active_groups_28_V = extractvalue { i24, i6, i6, i6, i6, i6, i6, i6, i6, i6, i6, i6, i6, i6, i6, i6, i6, i6, i6, i6, i6, i6, i6, i6, i6, i6, i6, i6, i6, i6, i6, i6, i6, i6, i6, i6, i6, i6, i6, i6, i6, i6, i6, i6, i6, i6, i6, i6, i6, i6, i6 } %call_ret, 29"   --->   Operation 56 'extractvalue' 'active_groups_28_V' <Predicate = true> <Delay = 0.00> <Core = "FIFO">   --->   Core 32 'FIFO' <Latency = 0> <II = 1> <Delay = 3.63> <Storage> <Opcode : 'read' 'write' 'nbread' 'nbwrite'> <Ports = 0> <Width = 32> <Depth = 2> <FIFO>
ST_2 : Operation 57 [1/1] (0.00ns)   --->   "%active_groups_29_V = extractvalue { i24, i6, i6, i6, i6, i6, i6, i6, i6, i6, i6, i6, i6, i6, i6, i6, i6, i6, i6, i6, i6, i6, i6, i6, i6, i6, i6, i6, i6, i6, i6, i6, i6, i6, i6, i6, i6, i6, i6, i6, i6, i6, i6, i6, i6, i6, i6, i6, i6, i6, i6 } %call_ret, 30"   --->   Operation 57 'extractvalue' 'active_groups_29_V' <Predicate = true> <Delay = 0.00> <Core = "FIFO">   --->   Core 32 'FIFO' <Latency = 0> <II = 1> <Delay = 3.63> <Storage> <Opcode : 'read' 'write' 'nbread' 'nbwrite'> <Ports = 0> <Width = 32> <Depth = 2> <FIFO>
ST_2 : Operation 58 [1/1] (0.00ns)   --->   "%active_groups_30_V = extractvalue { i24, i6, i6, i6, i6, i6, i6, i6, i6, i6, i6, i6, i6, i6, i6, i6, i6, i6, i6, i6, i6, i6, i6, i6, i6, i6, i6, i6, i6, i6, i6, i6, i6, i6, i6, i6, i6, i6, i6, i6, i6, i6, i6, i6, i6, i6, i6, i6, i6, i6, i6 } %call_ret, 31"   --->   Operation 58 'extractvalue' 'active_groups_30_V' <Predicate = true> <Delay = 0.00> <Core = "FIFO">   --->   Core 32 'FIFO' <Latency = 0> <II = 1> <Delay = 3.63> <Storage> <Opcode : 'read' 'write' 'nbread' 'nbwrite'> <Ports = 0> <Width = 32> <Depth = 2> <FIFO>
ST_2 : Operation 59 [1/1] (0.00ns)   --->   "%active_groups_31_V = extractvalue { i24, i6, i6, i6, i6, i6, i6, i6, i6, i6, i6, i6, i6, i6, i6, i6, i6, i6, i6, i6, i6, i6, i6, i6, i6, i6, i6, i6, i6, i6, i6, i6, i6, i6, i6, i6, i6, i6, i6, i6, i6, i6, i6, i6, i6, i6, i6, i6, i6, i6, i6 } %call_ret, 32"   --->   Operation 59 'extractvalue' 'active_groups_31_V' <Predicate = true> <Delay = 0.00> <Core = "FIFO">   --->   Core 32 'FIFO' <Latency = 0> <II = 1> <Delay = 3.63> <Storage> <Opcode : 'read' 'write' 'nbread' 'nbwrite'> <Ports = 0> <Width = 32> <Depth = 2> <FIFO>
ST_2 : Operation 60 [1/1] (0.00ns)   --->   "%active_groups_32_V = extractvalue { i24, i6, i6, i6, i6, i6, i6, i6, i6, i6, i6, i6, i6, i6, i6, i6, i6, i6, i6, i6, i6, i6, i6, i6, i6, i6, i6, i6, i6, i6, i6, i6, i6, i6, i6, i6, i6, i6, i6, i6, i6, i6, i6, i6, i6, i6, i6, i6, i6, i6, i6 } %call_ret, 33"   --->   Operation 60 'extractvalue' 'active_groups_32_V' <Predicate = true> <Delay = 0.00> <Core = "FIFO">   --->   Core 32 'FIFO' <Latency = 0> <II = 1> <Delay = 3.63> <Storage> <Opcode : 'read' 'write' 'nbread' 'nbwrite'> <Ports = 0> <Width = 32> <Depth = 2> <FIFO>
ST_2 : Operation 61 [1/1] (0.00ns)   --->   "%active_groups_33_V = extractvalue { i24, i6, i6, i6, i6, i6, i6, i6, i6, i6, i6, i6, i6, i6, i6, i6, i6, i6, i6, i6, i6, i6, i6, i6, i6, i6, i6, i6, i6, i6, i6, i6, i6, i6, i6, i6, i6, i6, i6, i6, i6, i6, i6, i6, i6, i6, i6, i6, i6, i6, i6 } %call_ret, 34"   --->   Operation 61 'extractvalue' 'active_groups_33_V' <Predicate = true> <Delay = 0.00> <Core = "FIFO">   --->   Core 32 'FIFO' <Latency = 0> <II = 1> <Delay = 3.63> <Storage> <Opcode : 'read' 'write' 'nbread' 'nbwrite'> <Ports = 0> <Width = 32> <Depth = 2> <FIFO>
ST_2 : Operation 62 [1/1] (0.00ns)   --->   "%active_groups_34_V = extractvalue { i24, i6, i6, i6, i6, i6, i6, i6, i6, i6, i6, i6, i6, i6, i6, i6, i6, i6, i6, i6, i6, i6, i6, i6, i6, i6, i6, i6, i6, i6, i6, i6, i6, i6, i6, i6, i6, i6, i6, i6, i6, i6, i6, i6, i6, i6, i6, i6, i6, i6, i6 } %call_ret, 35"   --->   Operation 62 'extractvalue' 'active_groups_34_V' <Predicate = true> <Delay = 0.00> <Core = "FIFO">   --->   Core 32 'FIFO' <Latency = 0> <II = 1> <Delay = 3.63> <Storage> <Opcode : 'read' 'write' 'nbread' 'nbwrite'> <Ports = 0> <Width = 32> <Depth = 2> <FIFO>
ST_2 : Operation 63 [1/1] (0.00ns)   --->   "%active_groups_35_V = extractvalue { i24, i6, i6, i6, i6, i6, i6, i6, i6, i6, i6, i6, i6, i6, i6, i6, i6, i6, i6, i6, i6, i6, i6, i6, i6, i6, i6, i6, i6, i6, i6, i6, i6, i6, i6, i6, i6, i6, i6, i6, i6, i6, i6, i6, i6, i6, i6, i6, i6, i6, i6 } %call_ret, 36"   --->   Operation 63 'extractvalue' 'active_groups_35_V' <Predicate = true> <Delay = 0.00> <Core = "FIFO">   --->   Core 32 'FIFO' <Latency = 0> <II = 1> <Delay = 3.63> <Storage> <Opcode : 'read' 'write' 'nbread' 'nbwrite'> <Ports = 0> <Width = 32> <Depth = 2> <FIFO>
ST_2 : Operation 64 [1/1] (0.00ns)   --->   "%active_groups_36_V = extractvalue { i24, i6, i6, i6, i6, i6, i6, i6, i6, i6, i6, i6, i6, i6, i6, i6, i6, i6, i6, i6, i6, i6, i6, i6, i6, i6, i6, i6, i6, i6, i6, i6, i6, i6, i6, i6, i6, i6, i6, i6, i6, i6, i6, i6, i6, i6, i6, i6, i6, i6, i6 } %call_ret, 37"   --->   Operation 64 'extractvalue' 'active_groups_36_V' <Predicate = true> <Delay = 0.00> <Core = "FIFO">   --->   Core 32 'FIFO' <Latency = 0> <II = 1> <Delay = 3.63> <Storage> <Opcode : 'read' 'write' 'nbread' 'nbwrite'> <Ports = 0> <Width = 32> <Depth = 2> <FIFO>
ST_2 : Operation 65 [1/1] (0.00ns)   --->   "%active_groups_37_V = extractvalue { i24, i6, i6, i6, i6, i6, i6, i6, i6, i6, i6, i6, i6, i6, i6, i6, i6, i6, i6, i6, i6, i6, i6, i6, i6, i6, i6, i6, i6, i6, i6, i6, i6, i6, i6, i6, i6, i6, i6, i6, i6, i6, i6, i6, i6, i6, i6, i6, i6, i6, i6 } %call_ret, 38"   --->   Operation 65 'extractvalue' 'active_groups_37_V' <Predicate = true> <Delay = 0.00> <Core = "FIFO">   --->   Core 32 'FIFO' <Latency = 0> <II = 1> <Delay = 3.63> <Storage> <Opcode : 'read' 'write' 'nbread' 'nbwrite'> <Ports = 0> <Width = 32> <Depth = 2> <FIFO>
ST_2 : Operation 66 [1/1] (0.00ns)   --->   "%active_groups_38_V = extractvalue { i24, i6, i6, i6, i6, i6, i6, i6, i6, i6, i6, i6, i6, i6, i6, i6, i6, i6, i6, i6, i6, i6, i6, i6, i6, i6, i6, i6, i6, i6, i6, i6, i6, i6, i6, i6, i6, i6, i6, i6, i6, i6, i6, i6, i6, i6, i6, i6, i6, i6, i6 } %call_ret, 39"   --->   Operation 66 'extractvalue' 'active_groups_38_V' <Predicate = true> <Delay = 0.00> <Core = "FIFO">   --->   Core 32 'FIFO' <Latency = 0> <II = 1> <Delay = 3.63> <Storage> <Opcode : 'read' 'write' 'nbread' 'nbwrite'> <Ports = 0> <Width = 32> <Depth = 2> <FIFO>
ST_2 : Operation 67 [1/1] (0.00ns)   --->   "%active_groups_39_V = extractvalue { i24, i6, i6, i6, i6, i6, i6, i6, i6, i6, i6, i6, i6, i6, i6, i6, i6, i6, i6, i6, i6, i6, i6, i6, i6, i6, i6, i6, i6, i6, i6, i6, i6, i6, i6, i6, i6, i6, i6, i6, i6, i6, i6, i6, i6, i6, i6, i6, i6, i6, i6 } %call_ret, 40"   --->   Operation 67 'extractvalue' 'active_groups_39_V' <Predicate = true> <Delay = 0.00> <Core = "FIFO">   --->   Core 32 'FIFO' <Latency = 0> <II = 1> <Delay = 3.63> <Storage> <Opcode : 'read' 'write' 'nbread' 'nbwrite'> <Ports = 0> <Width = 32> <Depth = 2> <FIFO>
ST_2 : Operation 68 [1/1] (0.00ns)   --->   "%active_groups_40_V = extractvalue { i24, i6, i6, i6, i6, i6, i6, i6, i6, i6, i6, i6, i6, i6, i6, i6, i6, i6, i6, i6, i6, i6, i6, i6, i6, i6, i6, i6, i6, i6, i6, i6, i6, i6, i6, i6, i6, i6, i6, i6, i6, i6, i6, i6, i6, i6, i6, i6, i6, i6, i6 } %call_ret, 41"   --->   Operation 68 'extractvalue' 'active_groups_40_V' <Predicate = true> <Delay = 0.00> <Core = "FIFO">   --->   Core 32 'FIFO' <Latency = 0> <II = 1> <Delay = 3.63> <Storage> <Opcode : 'read' 'write' 'nbread' 'nbwrite'> <Ports = 0> <Width = 32> <Depth = 2> <FIFO>
ST_2 : Operation 69 [1/1] (0.00ns)   --->   "%active_groups_41_V = extractvalue { i24, i6, i6, i6, i6, i6, i6, i6, i6, i6, i6, i6, i6, i6, i6, i6, i6, i6, i6, i6, i6, i6, i6, i6, i6, i6, i6, i6, i6, i6, i6, i6, i6, i6, i6, i6, i6, i6, i6, i6, i6, i6, i6, i6, i6, i6, i6, i6, i6, i6, i6 } %call_ret, 42"   --->   Operation 69 'extractvalue' 'active_groups_41_V' <Predicate = true> <Delay = 0.00> <Core = "FIFO">   --->   Core 32 'FIFO' <Latency = 0> <II = 1> <Delay = 3.63> <Storage> <Opcode : 'read' 'write' 'nbread' 'nbwrite'> <Ports = 0> <Width = 32> <Depth = 2> <FIFO>
ST_2 : Operation 70 [1/1] (0.00ns)   --->   "%active_groups_42_V = extractvalue { i24, i6, i6, i6, i6, i6, i6, i6, i6, i6, i6, i6, i6, i6, i6, i6, i6, i6, i6, i6, i6, i6, i6, i6, i6, i6, i6, i6, i6, i6, i6, i6, i6, i6, i6, i6, i6, i6, i6, i6, i6, i6, i6, i6, i6, i6, i6, i6, i6, i6, i6 } %call_ret, 43"   --->   Operation 70 'extractvalue' 'active_groups_42_V' <Predicate = true> <Delay = 0.00> <Core = "FIFO">   --->   Core 32 'FIFO' <Latency = 0> <II = 1> <Delay = 3.63> <Storage> <Opcode : 'read' 'write' 'nbread' 'nbwrite'> <Ports = 0> <Width = 32> <Depth = 2> <FIFO>
ST_2 : Operation 71 [1/1] (0.00ns)   --->   "%active_groups_43_V = extractvalue { i24, i6, i6, i6, i6, i6, i6, i6, i6, i6, i6, i6, i6, i6, i6, i6, i6, i6, i6, i6, i6, i6, i6, i6, i6, i6, i6, i6, i6, i6, i6, i6, i6, i6, i6, i6, i6, i6, i6, i6, i6, i6, i6, i6, i6, i6, i6, i6, i6, i6, i6 } %call_ret, 44"   --->   Operation 71 'extractvalue' 'active_groups_43_V' <Predicate = true> <Delay = 0.00> <Core = "FIFO">   --->   Core 32 'FIFO' <Latency = 0> <II = 1> <Delay = 3.63> <Storage> <Opcode : 'read' 'write' 'nbread' 'nbwrite'> <Ports = 0> <Width = 32> <Depth = 2> <FIFO>
ST_2 : Operation 72 [1/1] (0.00ns)   --->   "%active_groups_44_V = extractvalue { i24, i6, i6, i6, i6, i6, i6, i6, i6, i6, i6, i6, i6, i6, i6, i6, i6, i6, i6, i6, i6, i6, i6, i6, i6, i6, i6, i6, i6, i6, i6, i6, i6, i6, i6, i6, i6, i6, i6, i6, i6, i6, i6, i6, i6, i6, i6, i6, i6, i6, i6 } %call_ret, 45"   --->   Operation 72 'extractvalue' 'active_groups_44_V' <Predicate = true> <Delay = 0.00> <Core = "FIFO">   --->   Core 32 'FIFO' <Latency = 0> <II = 1> <Delay = 3.63> <Storage> <Opcode : 'read' 'write' 'nbread' 'nbwrite'> <Ports = 0> <Width = 32> <Depth = 2> <FIFO>
ST_2 : Operation 73 [1/1] (0.00ns)   --->   "%active_groups_45_V = extractvalue { i24, i6, i6, i6, i6, i6, i6, i6, i6, i6, i6, i6, i6, i6, i6, i6, i6, i6, i6, i6, i6, i6, i6, i6, i6, i6, i6, i6, i6, i6, i6, i6, i6, i6, i6, i6, i6, i6, i6, i6, i6, i6, i6, i6, i6, i6, i6, i6, i6, i6, i6 } %call_ret, 46"   --->   Operation 73 'extractvalue' 'active_groups_45_V' <Predicate = true> <Delay = 0.00> <Core = "FIFO">   --->   Core 32 'FIFO' <Latency = 0> <II = 1> <Delay = 3.63> <Storage> <Opcode : 'read' 'write' 'nbread' 'nbwrite'> <Ports = 0> <Width = 32> <Depth = 2> <FIFO>
ST_2 : Operation 74 [1/1] (0.00ns)   --->   "%active_groups_46_V = extractvalue { i24, i6, i6, i6, i6, i6, i6, i6, i6, i6, i6, i6, i6, i6, i6, i6, i6, i6, i6, i6, i6, i6, i6, i6, i6, i6, i6, i6, i6, i6, i6, i6, i6, i6, i6, i6, i6, i6, i6, i6, i6, i6, i6, i6, i6, i6, i6, i6, i6, i6, i6 } %call_ret, 47"   --->   Operation 74 'extractvalue' 'active_groups_46_V' <Predicate = true> <Delay = 0.00> <Core = "FIFO">   --->   Core 32 'FIFO' <Latency = 0> <II = 1> <Delay = 3.63> <Storage> <Opcode : 'read' 'write' 'nbread' 'nbwrite'> <Ports = 0> <Width = 32> <Depth = 2> <FIFO>
ST_2 : Operation 75 [1/1] (0.00ns)   --->   "%active_groups_47_V = extractvalue { i24, i6, i6, i6, i6, i6, i6, i6, i6, i6, i6, i6, i6, i6, i6, i6, i6, i6, i6, i6, i6, i6, i6, i6, i6, i6, i6, i6, i6, i6, i6, i6, i6, i6, i6, i6, i6, i6, i6, i6, i6, i6, i6, i6, i6, i6, i6, i6, i6, i6, i6 } %call_ret, 48"   --->   Operation 75 'extractvalue' 'active_groups_47_V' <Predicate = true> <Delay = 0.00> <Core = "FIFO">   --->   Core 32 'FIFO' <Latency = 0> <II = 1> <Delay = 3.63> <Storage> <Opcode : 'read' 'write' 'nbread' 'nbwrite'> <Ports = 0> <Width = 32> <Depth = 2> <FIFO>
ST_2 : Operation 76 [1/1] (0.00ns)   --->   "%active_groups_48_V = extractvalue { i24, i6, i6, i6, i6, i6, i6, i6, i6, i6, i6, i6, i6, i6, i6, i6, i6, i6, i6, i6, i6, i6, i6, i6, i6, i6, i6, i6, i6, i6, i6, i6, i6, i6, i6, i6, i6, i6, i6, i6, i6, i6, i6, i6, i6, i6, i6, i6, i6, i6, i6 } %call_ret, 49"   --->   Operation 76 'extractvalue' 'active_groups_48_V' <Predicate = true> <Delay = 0.00> <Core = "FIFO">   --->   Core 32 'FIFO' <Latency = 0> <II = 1> <Delay = 3.63> <Storage> <Opcode : 'read' 'write' 'nbread' 'nbwrite'> <Ports = 0> <Width = 32> <Depth = 2> <FIFO>
ST_2 : Operation 77 [1/1] (0.00ns)   --->   "%active_count_V = extractvalue { i24, i6, i6, i6, i6, i6, i6, i6, i6, i6, i6, i6, i6, i6, i6, i6, i6, i6, i6, i6, i6, i6, i6, i6, i6, i6, i6, i6, i6, i6, i6, i6, i6, i6, i6, i6, i6, i6, i6, i6, i6, i6, i6, i6, i6, i6, i6, i6, i6, i6, i6 } %call_ret, 50"   --->   Operation 77 'extractvalue' 'active_count_V' <Predicate = true> <Delay = 0.00> <Core = "FIFO">   --->   Core 32 'FIFO' <Latency = 0> <II = 1> <Delay = 3.63> <Storage> <Opcode : 'read' 'write' 'nbread' 'nbwrite'> <Ports = 0> <Width = 32> <Depth = 2> <FIFO>

State 3 <SV = 2> <Delay = 0.00>
ST_3 : Operation 78 [2/2] (0.00ns)   --->   "call fastcc void @compute_and_output([50 x i8]* %x_local_0_V, [50 x i8]* %x_local_1_V, [50 x i8]* %x_local_2_V, [50 x i8]* %x_local_3_V, [50 x i8]* %x_local_4_V, [50 x i8]* %x_local_5_V, [50 x i8]* %x_local_6_V, [50 x i8]* %x_local_7_V, [50 x i8]* %x_local_8_V, [50 x i8]* %x_local_9_V, [50 x i8]* %x_local_10_V, [50 x i8]* %x_local_11_V, [50 x i8]* %x_local_12_V, [50 x i8]* %x_local_13_V, [50 x i8]* %x_local_14_V, [50 x i8]* %x_local_15_V, i24 %internal_norm_V, i6 %active_groups_0_V, i6 %active_groups_1_V, i6 %active_groups_2_V, i6 %active_groups_3_V, i6 %active_groups_4_V, i6 %active_groups_5_V, i6 %active_groups_6_V, i6 %active_groups_7_V, i6 %active_groups_8_V, i6 %active_groups_9_V, i6 %active_groups_10_V, i6 %active_groups_11_V, i6 %active_groups_12_V, i6 %active_groups_13_V, i6 %active_groups_14_V, i6 %active_groups_15_V, i6 %active_groups_16_V, i6 %active_groups_17_V, i6 %active_groups_18_V, i6 %active_groups_19_V, i6 %active_groups_20_V, i6 %active_groups_21_V, i6 %active_groups_22_V, i6 %active_groups_23_V, i6 %active_groups_24_V, i6 %active_groups_25_V, i6 %active_groups_26_V, i6 %active_groups_27_V, i6 %active_groups_28_V, i6 %active_groups_29_V, i6 %active_groups_30_V, i6 %active_groups_31_V, i6 %active_groups_32_V, i6 %active_groups_33_V, i6 %active_groups_34_V, i6 %active_groups_35_V, i6 %active_groups_36_V, i6 %active_groups_37_V, i6 %active_groups_38_V, i6 %active_groups_39_V, i6 %active_groups_40_V, i6 %active_groups_41_V, i6 %active_groups_42_V, i6 %active_groups_43_V, i6 %active_groups_44_V, i6 %active_groups_45_V, i6 %active_groups_46_V, i6 %active_groups_47_V, i6 %active_groups_48_V, i6 %active_count_V, i32* %out_stream_V_data_V, i1* %out_stream_V_keep_V, i1* %out_stream_V_strb_V, i1* %out_stream_V_last_V, i31* %n_c, i32* %num_images_c)"   --->   Operation 78 'call' <Predicate = true> <Delay = 0.00> <CoreType = "Generic">   --->   Core 0 '' <Latency = 0> <II = 1> <Delay = 1.00> <Generic> <Opcode : >

State 4 <SV = 3> <Delay = 0.00>
ST_4 : Operation 79 [1/1] (0.00ns)   --->   "call void (...)* @_ssdm_op_SpecInterface(i1* %out_stream_V_last_V, i1* %out_stream_V_strb_V, i1* %out_stream_V_keep_V, i32* %out_stream_V_data_V, [5 x i8]* @p_str33, i32 0, i32 0, [5 x i8]* @p_str34, i32 0, i32 0, [1 x i8]* @p_str2, [1 x i8]* @p_str2, [1 x i8]* @p_str2, i32 0, i32 0, i32 0, i32 0, [1 x i8]* @p_str2, [1 x i8]* @p_str2)"   --->   Operation 79 'specinterface' <Predicate = true> <Delay = 0.00>
ST_4 : Operation 80 [1/1] (0.00ns)   --->   "call void (...)* @_ssdm_op_SpecInterface(i1* %in_stream_V_dest_V, i1* %in_stream_V_id_V, i1* %in_stream_V_last_V, i1* %in_stream_V_user_V, i8* %in_stream_V_strb_V, i8* %in_stream_V_keep_V, i64* %in_stream_V_data_V, [5 x i8]* @p_str33, i32 0, i32 0, [5 x i8]* @p_str34, i32 0, i32 0, [1 x i8]* @p_str2, [1 x i8]* @p_str2, [1 x i8]* @p_str2, i32 0, i32 0, i32 0, i32 0, [1 x i8]* @p_str2, [1 x i8]* @p_str2)"   --->   Operation 80 'specinterface' <Predicate = true> <Delay = 0.00>
ST_4 : Operation 81 [1/1] (0.00ns)   --->   "call void (...)* @_ssdm_op_SpecDataflowPipeline(i32 -1, [1 x i8]* @p_str2) nounwind" [MathieuHelpMe/Classifier.cpp:231]   --->   Operation 81 'specdataflowpipeline' <Predicate = true> <Delay = 0.00>
ST_4 : Operation 82 [1/1] (0.00ns)   --->   "%empty = call i32 (...)* @_ssdm_op_SpecChannel([4 x i8]* @n_c_str, i32 1, [1 x i8]* @p_str, [1 x i8]* @p_str, i32 2, i32 0, i31* %n_c, i31* %n_c)"   --->   Operation 82 'specchannel' 'empty' <Predicate = true> <Delay = 0.00>
ST_4 : Operation 83 [1/1] (0.00ns)   --->   "call void (...)* @_ssdm_op_SpecInterface(i31* %n_c, [8 x i8]* @ap_fifo_str, i32 0, i32 0, [1 x i8]* @p_str, i32 0, i32 0, [1 x i8]* @p_str, [1 x i8]* @p_str, [1 x i8]* @p_str, i32 2, i32 2, i32 16, i32 16, [1 x i8]* @p_str, [1 x i8]* @p_str)"   --->   Operation 83 'specinterface' <Predicate = true> <Delay = 0.00>
ST_4 : Operation 84 [1/1] (0.00ns)   --->   "%empty_99 = call i32 (...)* @_ssdm_op_SpecChannel([13 x i8]* @num_images_c_str, i32 1, [1 x i8]* @p_str, [1 x i8]* @p_str, i32 2, i32 0, i32* %num_images_c, i32* %num_images_c)"   --->   Operation 84 'specchannel' 'empty_99' <Predicate = true> <Delay = 0.00>
ST_4 : Operation 85 [1/1] (0.00ns)   --->   "call void (...)* @_ssdm_op_SpecInterface(i32* %num_images_c, [8 x i8]* @ap_fifo_str, i32 0, i32 0, [1 x i8]* @p_str, i32 0, i32 0, [1 x i8]* @p_str, [1 x i8]* @p_str, [1 x i8]* @p_str, i32 2, i32 2, i32 16, i32 16, [1 x i8]* @p_str, [1 x i8]* @p_str)"   --->   Operation 85 'specinterface' <Predicate = true> <Delay = 0.00>
ST_4 : Operation 86 [1/2] (0.00ns)   --->   "call fastcc void @compute_and_output([50 x i8]* %x_local_0_V, [50 x i8]* %x_local_1_V, [50 x i8]* %x_local_2_V, [50 x i8]* %x_local_3_V, [50 x i8]* %x_local_4_V, [50 x i8]* %x_local_5_V, [50 x i8]* %x_local_6_V, [50 x i8]* %x_local_7_V, [50 x i8]* %x_local_8_V, [50 x i8]* %x_local_9_V, [50 x i8]* %x_local_10_V, [50 x i8]* %x_local_11_V, [50 x i8]* %x_local_12_V, [50 x i8]* %x_local_13_V, [50 x i8]* %x_local_14_V, [50 x i8]* %x_local_15_V, i24 %internal_norm_V, i6 %active_groups_0_V, i6 %active_groups_1_V, i6 %active_groups_2_V, i6 %active_groups_3_V, i6 %active_groups_4_V, i6 %active_groups_5_V, i6 %active_groups_6_V, i6 %active_groups_7_V, i6 %active_groups_8_V, i6 %active_groups_9_V, i6 %active_groups_10_V, i6 %active_groups_11_V, i6 %active_groups_12_V, i6 %active_groups_13_V, i6 %active_groups_14_V, i6 %active_groups_15_V, i6 %active_groups_16_V, i6 %active_groups_17_V, i6 %active_groups_18_V, i6 %active_groups_19_V, i6 %active_groups_20_V, i6 %active_groups_21_V, i6 %active_groups_22_V, i6 %active_groups_23_V, i6 %active_groups_24_V, i6 %active_groups_25_V, i6 %active_groups_26_V, i6 %active_groups_27_V, i6 %active_groups_28_V, i6 %active_groups_29_V, i6 %active_groups_30_V, i6 %active_groups_31_V, i6 %active_groups_32_V, i6 %active_groups_33_V, i6 %active_groups_34_V, i6 %active_groups_35_V, i6 %active_groups_36_V, i6 %active_groups_37_V, i6 %active_groups_38_V, i6 %active_groups_39_V, i6 %active_groups_40_V, i6 %active_groups_41_V, i6 %active_groups_42_V, i6 %active_groups_43_V, i6 %active_groups_44_V, i6 %active_groups_45_V, i6 %active_groups_46_V, i6 %active_groups_47_V, i6 %active_groups_48_V, i6 %active_count_V, i32* %out_stream_V_data_V, i1* %out_stream_V_keep_V, i1* %out_stream_V_strb_V, i1* %out_stream_V_last_V, i31* %n_c, i32* %num_images_c)"   --->   Operation 86 'call' <Predicate = true> <Delay = 0.00> <CoreType = "Generic">   --->   Core 0 '' <Latency = 0> <II = 1> <Delay = 1.00> <Generic> <Opcode : >
ST_4 : Operation 87 [1/1] (0.00ns)   --->   "ret void"   --->   Operation 87 'ret' <Predicate = true> <Delay = 0.00>


============================================================
+ Verbose Summary: Binding
============================================================
STG Binding: 
---------------- STG Properties BEGIN ----------------
- Is combinational: 0
- Is one-state seq: 0
- Is datapath-only: 0
- Is pipelined: 0
- Is top level: 0
Port [ Return ] is wired: 1; IO mode=ap_ctrl_hs:ce=0
Port [ in_stream_V_data_V]:  wired=1; compound=1; hidden=0; nouse=0; global=0; static=0; extern=0; dir=0; type=0; pingpong=0; private_global=0; IO mode=axis:ce=0
Port [ in_stream_V_keep_V]:  wired=1; compound=1; hidden=0; nouse=0; global=0; static=0; extern=0; dir=0; type=0; pingpong=0; private_global=0; IO mode=axis:ce=0
Port [ in_stream_V_strb_V]:  wired=1; compound=1; hidden=0; nouse=0; global=0; static=0; extern=0; dir=0; type=0; pingpong=0; private_global=0; IO mode=axis:ce=0
Port [ in_stream_V_user_V]:  wired=1; compound=1; hidden=0; nouse=0; global=0; static=0; extern=0; dir=0; type=0; pingpong=0; private_global=0; IO mode=axis:ce=0
Port [ in_stream_V_last_V]:  wired=1; compound=1; hidden=0; nouse=0; global=0; static=0; extern=0; dir=0; type=0; pingpong=0; private_global=0; IO mode=axis:ce=0
Port [ in_stream_V_id_V]:  wired=1; compound=1; hidden=0; nouse=0; global=0; static=0; extern=0; dir=0; type=0; pingpong=0; private_global=0; IO mode=axis:ce=0
Port [ in_stream_V_dest_V]:  wired=1; compound=1; hidden=0; nouse=0; global=0; static=0; extern=0; dir=0; type=0; pingpong=0; private_global=0; IO mode=axis:ce=0
Port [ out_stream_V_data_V]:  wired=1; compound=1; hidden=0; nouse=0; global=0; static=0; extern=0; dir=1; type=0; pingpong=0; private_global=0; IO mode=axis:ce=0
Port [ out_stream_V_keep_V]:  wired=1; compound=1; hidden=0; nouse=0; global=0; static=0; extern=0; dir=1; type=0; pingpong=0; private_global=0; IO mode=axis:ce=0
Port [ out_stream_V_strb_V]:  wired=1; compound=1; hidden=0; nouse=0; global=0; static=0; extern=0; dir=1; type=0; pingpong=0; private_global=0; IO mode=axis:ce=0
Port [ out_stream_V_last_V]:  wired=1; compound=1; hidden=0; nouse=0; global=0; static=0; extern=0; dir=1; type=0; pingpong=0; private_global=0; IO mode=axis:ce=0
Port [ n]:  wired=1; compound=0; hidden=0; nouse=0; global=0; static=0; extern=0; dir=0; type=0; pingpong=0; private_global=0; IO mode=ap_none:ce=0
Port [ num_images]:  wired=1; compound=0; hidden=0; nouse=0; global=0; static=0; extern=0; dir=0; type=0; pingpong=0; private_global=0; IO mode=ap_none:ce=0
Port [ sv_norms_0_padded_V_s]:  wired=0; compound=1; hidden=1; nouse=1; global=1; static=1; extern=0; dir=0; type=1; pingpong=0; private_global=0; linkage=7; visibility=0; MemPort=[1]; IO mode=ap_memory:ce=0
Port [ sv_norms_0_padded_V_1]:  wired=0; compound=1; hidden=1; nouse=1; global=1; static=1; extern=0; dir=0; type=1; pingpong=0; private_global=0; linkage=7; visibility=0; MemPort=[1]; IO mode=ap_memory:ce=0
Port [ sv_norms_0_padded_V_2]:  wired=0; compound=1; hidden=1; nouse=1; global=1; static=1; extern=0; dir=0; type=1; pingpong=0; private_global=0; linkage=7; visibility=0; MemPort=[1]; IO mode=ap_memory:ce=0
Port [ sv_norms_0_padded_V_3]:  wired=0; compound=1; hidden=1; nouse=1; global=1; static=1; extern=0; dir=0; type=1; pingpong=0; private_global=0; linkage=7; visibility=0; MemPort=[1]; IO mode=ap_memory:ce=0
Port [ sv_norms_0_padded_V_4]:  wired=0; compound=1; hidden=1; nouse=1; global=1; static=1; extern=0; dir=0; type=1; pingpong=0; private_global=0; linkage=7; visibility=0; MemPort=[1]; IO mode=ap_memory:ce=0
Port [ sv_norms_0_padded_V_5]:  wired=0; compound=1; hidden=1; nouse=1; global=1; static=1; extern=0; dir=0; type=1; pingpong=0; private_global=0; linkage=7; visibility=0; MemPort=[1]; IO mode=ap_memory:ce=0
Port [ sv_norms_0_padded_V_6]:  wired=0; compound=1; hidden=1; nouse=1; global=1; static=1; extern=0; dir=0; type=1; pingpong=0; private_global=0; linkage=7; visibility=0; MemPort=[1]; IO mode=ap_memory:ce=0
Port [ sv_norms_0_padded_V_7]:  wired=0; compound=1; hidden=1; nouse=1; global=1; static=1; extern=0; dir=0; type=1; pingpong=0; private_global=0; linkage=7; visibility=0; MemPort=[1]; IO mode=ap_memory:ce=0
Port [ sv_norms_0_padded_V_8]:  wired=0; compound=1; hidden=1; nouse=1; global=1; static=1; extern=0; dir=0; type=1; pingpong=0; private_global=0; linkage=7; visibility=0; MemPort=[1]; IO mode=ap_memory:ce=0
Port [ sv_norms_0_padded_V_9]:  wired=0; compound=1; hidden=1; nouse=1; global=1; static=1; extern=0; dir=0; type=1; pingpong=0; private_global=0; linkage=7; visibility=0; MemPort=[1]; IO mode=ap_memory:ce=0
Port [ sv_norms_0_padded_V_10]:  wired=0; compound=1; hidden=1; nouse=1; global=1; static=1; extern=0; dir=0; type=1; pingpong=0; private_global=0; linkage=7; visibility=0; MemPort=[1]; IO mode=ap_memory:ce=0
Port [ sv_norms_0_padded_V_11]:  wired=0; compound=1; hidden=1; nouse=1; global=1; static=1; extern=0; dir=0; type=1; pingpong=0; private_global=0; linkage=7; visibility=0; MemPort=[1]; IO mode=ap_memory:ce=0
Port [ sv_norms_0_padded_V_12]:  wired=0; compound=1; hidden=1; nouse=1; global=1; static=1; extern=0; dir=0; type=1; pingpong=0; private_global=0; linkage=7; visibility=0; MemPort=[1]; IO mode=ap_memory:ce=0
Port [ sv_norms_0_padded_V_13]:  wired=0; compound=1; hidden=1; nouse=1; global=1; static=1; extern=0; dir=0; type=1; pingpong=0; private_global=0; linkage=7; visibility=0; MemPort=[1]; IO mode=ap_memory:ce=0
Port [ sv_norms_0_padded_V_14]:  wired=0; compound=1; hidden=1; nouse=1; global=1; static=1; extern=0; dir=0; type=1; pingpong=0; private_global=0; linkage=7; visibility=0; MemPort=[1]; IO mode=ap_memory:ce=0
Port [ sv_norms_0_padded_V_15]:  wired=0; compound=1; hidden=1; nouse=1; global=1; static=1; extern=0; dir=0; type=1; pingpong=0; private_global=0; linkage=7; visibility=0; MemPort=[1]; IO mode=ap_memory:ce=0
Port [ alphas_0_padded_V_0]:  wired=0; compound=1; hidden=1; nouse=1; global=1; static=1; extern=0; dir=0; type=1; pingpong=0; private_global=0; linkage=7; visibility=0; MemPort=[1]; IO mode=ap_memory:ce=0
Port [ alphas_0_padded_V_1]:  wired=0; compound=1; hidden=1; nouse=1; global=1; static=1; extern=0; dir=0; type=1; pingpong=0; private_global=0; linkage=7; visibility=0; MemPort=[1]; IO mode=ap_memory:ce=0
Port [ alphas_0_padded_V_2]:  wired=0; compound=1; hidden=1; nouse=1; global=1; static=1; extern=0; dir=0; type=1; pingpong=0; private_global=0; linkage=7; visibility=0; MemPort=[1]; IO mode=ap_memory:ce=0
Port [ alphas_0_padded_V_3]:  wired=0; compound=1; hidden=1; nouse=1; global=1; static=1; extern=0; dir=0; type=1; pingpong=0; private_global=0; linkage=7; visibility=0; MemPort=[1]; IO mode=ap_memory:ce=0
Port [ alphas_0_padded_V_4]:  wired=0; compound=1; hidden=1; nouse=1; global=1; static=1; extern=0; dir=0; type=1; pingpong=0; private_global=0; linkage=7; visibility=0; MemPort=[1]; IO mode=ap_memory:ce=0
Port [ alphas_0_padded_V_5]:  wired=0; compound=1; hidden=1; nouse=1; global=1; static=1; extern=0; dir=0; type=1; pingpong=0; private_global=0; linkage=7; visibility=0; MemPort=[1]; IO mode=ap_memory:ce=0
Port [ alphas_0_padded_V_6]:  wired=0; compound=1; hidden=1; nouse=1; global=1; static=1; extern=0; dir=0; type=1; pingpong=0; private_global=0; linkage=7; visibility=0; MemPort=[1]; IO mode=ap_memory:ce=0
Port [ alphas_0_padded_V_7]:  wired=0; compound=1; hidden=1; nouse=1; global=1; static=1; extern=0; dir=0; type=1; pingpong=0; private_global=0; linkage=7; visibility=0; MemPort=[1]; IO mode=ap_memory:ce=0
Port [ alphas_0_padded_V_8]:  wired=0; compound=1; hidden=1; nouse=1; global=1; static=1; extern=0; dir=0; type=1; pingpong=0; private_global=0; linkage=7; visibility=0; MemPort=[1]; IO mode=ap_memory:ce=0
Port [ alphas_0_padded_V_9]:  wired=0; compound=1; hidden=1; nouse=1; global=1; static=1; extern=0; dir=0; type=1; pingpong=0; private_global=0; linkage=7; visibility=0; MemPort=[1]; IO mode=ap_memory:ce=0
Port [ alphas_0_padded_V_10]:  wired=0; compound=1; hidden=1; nouse=1; global=1; static=1; extern=0; dir=0; type=1; pingpong=0; private_global=0; linkage=7; visibility=0; MemPort=[1]; IO mode=ap_memory:ce=0
Port [ alphas_0_padded_V_11]:  wired=0; compound=1; hidden=1; nouse=1; global=1; static=1; extern=0; dir=0; type=1; pingpong=0; private_global=0; linkage=7; visibility=0; MemPort=[1]; IO mode=ap_memory:ce=0
Port [ alphas_0_padded_V_12]:  wired=0; compound=1; hidden=1; nouse=1; global=1; static=1; extern=0; dir=0; type=1; pingpong=0; private_global=0; linkage=7; visibility=0; MemPort=[1]; IO mode=ap_memory:ce=0
Port [ alphas_0_padded_V_13]:  wired=0; compound=1; hidden=1; nouse=1; global=1; static=1; extern=0; dir=0; type=1; pingpong=0; private_global=0; linkage=7; visibility=0; MemPort=[1]; IO mode=ap_memory:ce=0
Port [ alphas_0_padded_V_14]:  wired=0; compound=1; hidden=1; nouse=1; global=1; static=1; extern=0; dir=0; type=1; pingpong=0; private_global=0; linkage=7; visibility=0; MemPort=[1]; IO mode=ap_memory:ce=0
Port [ alphas_0_padded_V_15]:  wired=0; compound=1; hidden=1; nouse=1; global=1; static=1; extern=0; dir=0; type=1; pingpong=0; private_global=0; linkage=7; visibility=0; MemPort=[1]; IO mode=ap_memory:ce=0
Port [ sv_norms_1_padded_V_s]:  wired=0; compound=1; hidden=1; nouse=1; global=1; static=1; extern=0; dir=0; type=1; pingpong=0; private_global=0; linkage=7; visibility=0; MemPort=[1]; IO mode=ap_memory:ce=0
Port [ sv_norms_1_padded_V_1]:  wired=0; compound=1; hidden=1; nouse=1; global=1; static=1; extern=0; dir=0; type=1; pingpong=0; private_global=0; linkage=7; visibility=0; MemPort=[1]; IO mode=ap_memory:ce=0
Port [ sv_norms_1_padded_V_2]:  wired=0; compound=1; hidden=1; nouse=1; global=1; static=1; extern=0; dir=0; type=1; pingpong=0; private_global=0; linkage=7; visibility=0; MemPort=[1]; IO mode=ap_memory:ce=0
Port [ sv_norms_1_padded_V_3]:  wired=0; compound=1; hidden=1; nouse=1; global=1; static=1; extern=0; dir=0; type=1; pingpong=0; private_global=0; linkage=7; visibility=0; MemPort=[1]; IO mode=ap_memory:ce=0
Port [ sv_norms_1_padded_V_4]:  wired=0; compound=1; hidden=1; nouse=1; global=1; static=1; extern=0; dir=0; type=1; pingpong=0; private_global=0; linkage=7; visibility=0; MemPort=[1]; IO mode=ap_memory:ce=0
Port [ sv_norms_1_padded_V_5]:  wired=0; compound=1; hidden=1; nouse=1; global=1; static=1; extern=0; dir=0; type=1; pingpong=0; private_global=0; linkage=7; visibility=0; MemPort=[1]; IO mode=ap_memory:ce=0
Port [ sv_norms_1_padded_V_6]:  wired=0; compound=1; hidden=1; nouse=1; global=1; static=1; extern=0; dir=0; type=1; pingpong=0; private_global=0; linkage=7; visibility=0; MemPort=[1]; IO mode=ap_memory:ce=0
Port [ sv_norms_1_padded_V_7]:  wired=0; compound=1; hidden=1; nouse=1; global=1; static=1; extern=0; dir=0; type=1; pingpong=0; private_global=0; linkage=7; visibility=0; MemPort=[1]; IO mode=ap_memory:ce=0
Port [ sv_norms_1_padded_V_8]:  wired=0; compound=1; hidden=1; nouse=1; global=1; static=1; extern=0; dir=0; type=1; pingpong=0; private_global=0; linkage=7; visibility=0; MemPort=[1]; IO mode=ap_memory:ce=0
Port [ sv_norms_1_padded_V_9]:  wired=0; compound=1; hidden=1; nouse=1; global=1; static=1; extern=0; dir=0; type=1; pingpong=0; private_global=0; linkage=7; visibility=0; MemPort=[1]; IO mode=ap_memory:ce=0
Port [ sv_norms_1_padded_V_10]:  wired=0; compound=1; hidden=1; nouse=1; global=1; static=1; extern=0; dir=0; type=1; pingpong=0; private_global=0; linkage=7; visibility=0; MemPort=[1]; IO mode=ap_memory:ce=0
Port [ sv_norms_1_padded_V_11]:  wired=0; compound=1; hidden=1; nouse=1; global=1; static=1; extern=0; dir=0; type=1; pingpong=0; private_global=0; linkage=7; visibility=0; MemPort=[1]; IO mode=ap_memory:ce=0
Port [ sv_norms_1_padded_V_12]:  wired=0; compound=1; hidden=1; nouse=1; global=1; static=1; extern=0; dir=0; type=1; pingpong=0; private_global=0; linkage=7; visibility=0; MemPort=[1]; IO mode=ap_memory:ce=0
Port [ sv_norms_1_padded_V_13]:  wired=0; compound=1; hidden=1; nouse=1; global=1; static=1; extern=0; dir=0; type=1; pingpong=0; private_global=0; linkage=7; visibility=0; MemPort=[1]; IO mode=ap_memory:ce=0
Port [ sv_norms_1_padded_V_14]:  wired=0; compound=1; hidden=1; nouse=1; global=1; static=1; extern=0; dir=0; type=1; pingpong=0; private_global=0; linkage=7; visibility=0; MemPort=[1]; IO mode=ap_memory:ce=0
Port [ sv_norms_1_padded_V_15]:  wired=0; compound=1; hidden=1; nouse=1; global=1; static=1; extern=0; dir=0; type=1; pingpong=0; private_global=0; linkage=7; visibility=0; MemPort=[1]; IO mode=ap_memory:ce=0
Port [ alphas_1_padded_V_0]:  wired=0; compound=1; hidden=1; nouse=1; global=1; static=1; extern=0; dir=0; type=1; pingpong=0; private_global=0; linkage=7; visibility=0; MemPort=[1]; IO mode=ap_memory:ce=0
Port [ alphas_1_padded_V_1]:  wired=0; compound=1; hidden=1; nouse=1; global=1; static=1; extern=0; dir=0; type=1; pingpong=0; private_global=0; linkage=7; visibility=0; MemPort=[1]; IO mode=ap_memory:ce=0
Port [ alphas_1_padded_V_2]:  wired=0; compound=1; hidden=1; nouse=1; global=1; static=1; extern=0; dir=0; type=1; pingpong=0; private_global=0; linkage=7; visibility=0; MemPort=[1]; IO mode=ap_memory:ce=0
Port [ alphas_1_padded_V_3]:  wired=0; compound=1; hidden=1; nouse=1; global=1; static=1; extern=0; dir=0; type=1; pingpong=0; private_global=0; linkage=7; visibility=0; MemPort=[1]; IO mode=ap_memory:ce=0
Port [ alphas_1_padded_V_4]:  wired=0; compound=1; hidden=1; nouse=1; global=1; static=1; extern=0; dir=0; type=1; pingpong=0; private_global=0; linkage=7; visibility=0; MemPort=[1]; IO mode=ap_memory:ce=0
Port [ alphas_1_padded_V_5]:  wired=0; compound=1; hidden=1; nouse=1; global=1; static=1; extern=0; dir=0; type=1; pingpong=0; private_global=0; linkage=7; visibility=0; MemPort=[1]; IO mode=ap_memory:ce=0
Port [ alphas_1_padded_V_6]:  wired=0; compound=1; hidden=1; nouse=1; global=1; static=1; extern=0; dir=0; type=1; pingpong=0; private_global=0; linkage=7; visibility=0; MemPort=[1]; IO mode=ap_memory:ce=0
Port [ alphas_1_padded_V_7]:  wired=0; compound=1; hidden=1; nouse=1; global=1; static=1; extern=0; dir=0; type=1; pingpong=0; private_global=0; linkage=7; visibility=0; MemPort=[1]; IO mode=ap_memory:ce=0
Port [ alphas_1_padded_V_8]:  wired=0; compound=1; hidden=1; nouse=1; global=1; static=1; extern=0; dir=0; type=1; pingpong=0; private_global=0; linkage=7; visibility=0; MemPort=[1]; IO mode=ap_memory:ce=0
Port [ alphas_1_padded_V_9]:  wired=0; compound=1; hidden=1; nouse=1; global=1; static=1; extern=0; dir=0; type=1; pingpong=0; private_global=0; linkage=7; visibility=0; MemPort=[1]; IO mode=ap_memory:ce=0
Port [ alphas_1_padded_V_10]:  wired=0; compound=1; hidden=1; nouse=1; global=1; static=1; extern=0; dir=0; type=1; pingpong=0; private_global=0; linkage=7; visibility=0; MemPort=[1]; IO mode=ap_memory:ce=0
Port [ alphas_1_padded_V_11]:  wired=0; compound=1; hidden=1; nouse=1; global=1; static=1; extern=0; dir=0; type=1; pingpong=0; private_global=0; linkage=7; visibility=0; MemPort=[1]; IO mode=ap_memory:ce=0
Port [ alphas_1_padded_V_12]:  wired=0; compound=1; hidden=1; nouse=1; global=1; static=1; extern=0; dir=0; type=1; pingpong=0; private_global=0; linkage=7; visibility=0; MemPort=[1]; IO mode=ap_memory:ce=0
Port [ alphas_1_padded_V_13]:  wired=0; compound=1; hidden=1; nouse=1; global=1; static=1; extern=0; dir=0; type=1; pingpong=0; private_global=0; linkage=7; visibility=0; MemPort=[1]; IO mode=ap_memory:ce=0
Port [ alphas_1_padded_V_14]:  wired=0; compound=1; hidden=1; nouse=1; global=1; static=1; extern=0; dir=0; type=1; pingpong=0; private_global=0; linkage=7; visibility=0; MemPort=[1]; IO mode=ap_memory:ce=0
Port [ alphas_1_padded_V_15]:  wired=0; compound=1; hidden=1; nouse=1; global=1; static=1; extern=0; dir=0; type=1; pingpong=0; private_global=0; linkage=7; visibility=0; MemPort=[1]; IO mode=ap_memory:ce=0
Port [ svs_0_p800_V_0]:  wired=0; compound=1; hidden=1; nouse=1; global=1; static=1; extern=0; dir=0; type=1; pingpong=0; private_global=0; linkage=7; visibility=0; MemPort=[13]; IO mode=ap_memory:ce=0
Port [ svs_0_p800_V_1]:  wired=0; compound=1; hidden=1; nouse=1; global=1; static=1; extern=0; dir=0; type=1; pingpong=0; private_global=0; linkage=7; visibility=0; MemPort=[13]; IO mode=ap_memory:ce=0
Port [ svs_0_p800_V_2]:  wired=0; compound=1; hidden=1; nouse=1; global=1; static=1; extern=0; dir=0; type=1; pingpong=0; private_global=0; linkage=7; visibility=0; MemPort=[13]; IO mode=ap_memory:ce=0
Port [ svs_0_p800_V_3]:  wired=0; compound=1; hidden=1; nouse=1; global=1; static=1; extern=0; dir=0; type=1; pingpong=0; private_global=0; linkage=7; visibility=0; MemPort=[13]; IO mode=ap_memory:ce=0
Port [ svs_0_p800_V_4]:  wired=0; compound=1; hidden=1; nouse=1; global=1; static=1; extern=0; dir=0; type=1; pingpong=0; private_global=0; linkage=7; visibility=0; MemPort=[13]; IO mode=ap_memory:ce=0
Port [ svs_0_p800_V_5]:  wired=0; compound=1; hidden=1; nouse=1; global=1; static=1; extern=0; dir=0; type=1; pingpong=0; private_global=0; linkage=7; visibility=0; MemPort=[13]; IO mode=ap_memory:ce=0
Port [ svs_0_p800_V_6]:  wired=0; compound=1; hidden=1; nouse=1; global=1; static=1; extern=0; dir=0; type=1; pingpong=0; private_global=0; linkage=7; visibility=0; MemPort=[13]; IO mode=ap_memory:ce=0
Port [ svs_0_p800_V_7]:  wired=0; compound=1; hidden=1; nouse=1; global=1; static=1; extern=0; dir=0; type=1; pingpong=0; private_global=0; linkage=7; visibility=0; MemPort=[13]; IO mode=ap_memory:ce=0
Port [ svs_0_p800_V_8]:  wired=0; compound=1; hidden=1; nouse=1; global=1; static=1; extern=0; dir=0; type=1; pingpong=0; private_global=0; linkage=7; visibility=0; MemPort=[13]; IO mode=ap_memory:ce=0
Port [ svs_0_p800_V_9]:  wired=0; compound=1; hidden=1; nouse=1; global=1; static=1; extern=0; dir=0; type=1; pingpong=0; private_global=0; linkage=7; visibility=0; MemPort=[13]; IO mode=ap_memory:ce=0
Port [ svs_0_p800_V_10]:  wired=0; compound=1; hidden=1; nouse=1; global=1; static=1; extern=0; dir=0; type=1; pingpong=0; private_global=0; linkage=7; visibility=0; MemPort=[13]; IO mode=ap_memory:ce=0
Port [ svs_0_p800_V_11]:  wired=0; compound=1; hidden=1; nouse=1; global=1; static=1; extern=0; dir=0; type=1; pingpong=0; private_global=0; linkage=7; visibility=0; MemPort=[13]; IO mode=ap_memory:ce=0
Port [ svs_0_p800_V_12]:  wired=0; compound=1; hidden=1; nouse=1; global=1; static=1; extern=0; dir=0; type=1; pingpong=0; private_global=0; linkage=7; visibility=0; MemPort=[13]; IO mode=ap_memory:ce=0
Port [ svs_0_p800_V_13]:  wired=0; compound=1; hidden=1; nouse=1; global=1; static=1; extern=0; dir=0; type=1; pingpong=0; private_global=0; linkage=7; visibility=0; MemPort=[13]; IO mode=ap_memory:ce=0
Port [ svs_0_p800_V_14]:  wired=0; compound=1; hidden=1; nouse=1; global=1; static=1; extern=0; dir=0; type=1; pingpong=0; private_global=0; linkage=7; visibility=0; MemPort=[13]; IO mode=ap_memory:ce=0
Port [ svs_0_p800_V_15]:  wired=0; compound=1; hidden=1; nouse=1; global=1; static=1; extern=0; dir=0; type=1; pingpong=0; private_global=0; linkage=7; visibility=0; MemPort=[13]; IO mode=ap_memory:ce=0
Port [ svs_1_p800_V_0]:  wired=0; compound=1; hidden=1; nouse=1; global=1; static=1; extern=0; dir=0; type=1; pingpong=0; private_global=0; linkage=7; visibility=0; MemPort=[13]; IO mode=ap_memory:ce=0
Port [ svs_1_p800_V_1]:  wired=0; compound=1; hidden=1; nouse=1; global=1; static=1; extern=0; dir=0; type=1; pingpong=0; private_global=0; linkage=7; visibility=0; MemPort=[13]; IO mode=ap_memory:ce=0
Port [ svs_1_p800_V_2]:  wired=0; compound=1; hidden=1; nouse=1; global=1; static=1; extern=0; dir=0; type=1; pingpong=0; private_global=0; linkage=7; visibility=0; MemPort=[13]; IO mode=ap_memory:ce=0
Port [ svs_1_p800_V_3]:  wired=0; compound=1; hidden=1; nouse=1; global=1; static=1; extern=0; dir=0; type=1; pingpong=0; private_global=0; linkage=7; visibility=0; MemPort=[13]; IO mode=ap_memory:ce=0
Port [ svs_1_p800_V_4]:  wired=0; compound=1; hidden=1; nouse=1; global=1; static=1; extern=0; dir=0; type=1; pingpong=0; private_global=0; linkage=7; visibility=0; MemPort=[13]; IO mode=ap_memory:ce=0
Port [ svs_1_p800_V_5]:  wired=0; compound=1; hidden=1; nouse=1; global=1; static=1; extern=0; dir=0; type=1; pingpong=0; private_global=0; linkage=7; visibility=0; MemPort=[13]; IO mode=ap_memory:ce=0
Port [ svs_1_p800_V_6]:  wired=0; compound=1; hidden=1; nouse=1; global=1; static=1; extern=0; dir=0; type=1; pingpong=0; private_global=0; linkage=7; visibility=0; MemPort=[13]; IO mode=ap_memory:ce=0
Port [ svs_1_p800_V_7]:  wired=0; compound=1; hidden=1; nouse=1; global=1; static=1; extern=0; dir=0; type=1; pingpong=0; private_global=0; linkage=7; visibility=0; MemPort=[13]; IO mode=ap_memory:ce=0
Port [ svs_1_p800_V_8]:  wired=0; compound=1; hidden=1; nouse=1; global=1; static=1; extern=0; dir=0; type=1; pingpong=0; private_global=0; linkage=7; visibility=0; MemPort=[13]; IO mode=ap_memory:ce=0
Port [ svs_1_p800_V_9]:  wired=0; compound=1; hidden=1; nouse=1; global=1; static=1; extern=0; dir=0; type=1; pingpong=0; private_global=0; linkage=7; visibility=0; MemPort=[13]; IO mode=ap_memory:ce=0
Port [ svs_1_p800_V_10]:  wired=0; compound=1; hidden=1; nouse=1; global=1; static=1; extern=0; dir=0; type=1; pingpong=0; private_global=0; linkage=7; visibility=0; MemPort=[13]; IO mode=ap_memory:ce=0
Port [ svs_1_p800_V_11]:  wired=0; compound=1; hidden=1; nouse=1; global=1; static=1; extern=0; dir=0; type=1; pingpong=0; private_global=0; linkage=7; visibility=0; MemPort=[13]; IO mode=ap_memory:ce=0
Port [ svs_1_p800_V_12]:  wired=0; compound=1; hidden=1; nouse=1; global=1; static=1; extern=0; dir=0; type=1; pingpong=0; private_global=0; linkage=7; visibility=0; MemPort=[13]; IO mode=ap_memory:ce=0
Port [ svs_1_p800_V_13]:  wired=0; compound=1; hidden=1; nouse=1; global=1; static=1; extern=0; dir=0; type=1; pingpong=0; private_global=0; linkage=7; visibility=0; MemPort=[13]; IO mode=ap_memory:ce=0
Port [ svs_1_p800_V_14]:  wired=0; compound=1; hidden=1; nouse=1; global=1; static=1; extern=0; dir=0; type=1; pingpong=0; private_global=0; linkage=7; visibility=0; MemPort=[13]; IO mode=ap_memory:ce=0
Port [ svs_1_p800_V_15]:  wired=0; compound=1; hidden=1; nouse=1; global=1; static=1; extern=0; dir=0; type=1; pingpong=0; private_global=0; linkage=7; visibility=0; MemPort=[13]; IO mode=ap_memory:ce=0
Port [ EXP_LUT_V]:  wired=0; compound=1; hidden=1; nouse=1; global=1; static=1; extern=0; dir=0; type=1; pingpong=0; private_global=0; linkage=7; visibility=0; MemPort=[11111111]; IO mode=ap_memory:ce=0
---------------- STG Properties END ------------------

---------------- Datapath Model BEGIN ----------------

<LifeTime>
<method=bitvector/>
num_images_read    (read                ) [ 00100]
n_read             (read                ) [ 00100]
num_images_c       (alloca              ) [ 01111]
n_c                (alloca              ) [ 01111]
x_local_0_V        (alloca              ) [ 00111]
x_local_1_V        (alloca              ) [ 00111]
x_local_2_V        (alloca              ) [ 00111]
x_local_3_V        (alloca              ) [ 00111]
x_local_4_V        (alloca              ) [ 00111]
x_local_5_V        (alloca              ) [ 00111]
x_local_6_V        (alloca              ) [ 00111]
x_local_7_V        (alloca              ) [ 00111]
x_local_8_V        (alloca              ) [ 00111]
x_local_9_V        (alloca              ) [ 00111]
x_local_10_V       (alloca              ) [ 00111]
x_local_11_V       (alloca              ) [ 00111]
x_local_12_V       (alloca              ) [ 00111]
x_local_13_V       (alloca              ) [ 00111]
x_local_14_V       (alloca              ) [ 00111]
x_local_15_V       (alloca              ) [ 00111]
call_ret           (call                ) [ 00000]
internal_norm_V    (extractvalue        ) [ 00011]
active_groups_0_V  (extractvalue        ) [ 00011]
active_groups_1_V  (extractvalue        ) [ 00011]
active_groups_2_V  (extractvalue        ) [ 00011]
active_groups_3_V  (extractvalue        ) [ 00011]
active_groups_4_V  (extractvalue        ) [ 00011]
active_groups_5_V  (extractvalue        ) [ 00011]
active_groups_6_V  (extractvalue        ) [ 00011]
active_groups_7_V  (extractvalue        ) [ 00011]
active_groups_8_V  (extractvalue        ) [ 00011]
active_groups_9_V  (extractvalue        ) [ 00011]
active_groups_10_V (extractvalue        ) [ 00011]
active_groups_11_V (extractvalue        ) [ 00011]
active_groups_12_V (extractvalue        ) [ 00011]
active_groups_13_V (extractvalue        ) [ 00011]
active_groups_14_V (extractvalue        ) [ 00011]
active_groups_15_V (extractvalue        ) [ 00011]
active_groups_16_V (extractvalue        ) [ 00011]
active_groups_17_V (extractvalue        ) [ 00011]
active_groups_18_V (extractvalue        ) [ 00011]
active_groups_19_V (extractvalue        ) [ 00011]
active_groups_20_V (extractvalue        ) [ 00011]
active_groups_21_V (extractvalue        ) [ 00011]
active_groups_22_V (extractvalue        ) [ 00011]
active_groups_23_V (extractvalue        ) [ 00011]
active_groups_24_V (extractvalue        ) [ 00011]
active_groups_25_V (extractvalue        ) [ 00011]
active_groups_26_V (extractvalue        ) [ 00011]
active_groups_27_V (extractvalue        ) [ 00011]
active_groups_28_V (extractvalue        ) [ 00011]
active_groups_29_V (extractvalue        ) [ 00011]
active_groups_30_V (extractvalue        ) [ 00011]
active_groups_31_V (extractvalue        ) [ 00011]
active_groups_32_V (extractvalue        ) [ 00011]
active_groups_33_V (extractvalue        ) [ 00011]
active_groups_34_V (extractvalue        ) [ 00011]
active_groups_35_V (extractvalue        ) [ 00011]
active_groups_36_V (extractvalue        ) [ 00011]
active_groups_37_V (extractvalue        ) [ 00011]
active_groups_38_V (extractvalue        ) [ 00011]
active_groups_39_V (extractvalue        ) [ 00011]
active_groups_40_V (extractvalue        ) [ 00011]
active_groups_41_V (extractvalue        ) [ 00011]
active_groups_42_V (extractvalue        ) [ 00011]
active_groups_43_V (extractvalue        ) [ 00011]
active_groups_44_V (extractvalue        ) [ 00011]
active_groups_45_V (extractvalue        ) [ 00011]
active_groups_46_V (extractvalue        ) [ 00011]
active_groups_47_V (extractvalue        ) [ 00011]
active_groups_48_V (extractvalue        ) [ 00011]
active_count_V     (extractvalue        ) [ 00011]
StgValue_79        (specinterface       ) [ 00000]
StgValue_80        (specinterface       ) [ 00000]
StgValue_81        (specdataflowpipeline) [ 00000]
empty              (specchannel         ) [ 00000]
StgValue_83        (specinterface       ) [ 00000]
empty_99           (specchannel         ) [ 00000]
StgValue_85        (specinterface       ) [ 00000]
StgValue_86        (call                ) [ 00000]
StgValue_87        (ret                 ) [ 00000]
</LifeTime>

<model>

<comp_list>
<comp id="0" class="1000" name="in_stream_V_data_V">
<pin_list>
<pin id="1" dir="1" index="0" bw="1" slack="0"/>
</pin_list>
<bind>
<StgValue><ssdm name="in_stream_V_data_V"/></StgValue>
</bind>
</comp>

<comp id="2" class="1000" name="in_stream_V_keep_V">
<pin_list>
<pin id="3" dir="1" index="0" bw="1" slack="0"/>
</pin_list>
<bind>
<StgValue><ssdm name="in_stream_V_keep_V"/></StgValue>
</bind>
</comp>

<comp id="4" class="1000" name="in_stream_V_strb_V">
<pin_list>
<pin id="5" dir="1" index="0" bw="1" slack="0"/>
</pin_list>
<bind>
<StgValue><ssdm name="in_stream_V_strb_V"/></StgValue>
</bind>
</comp>

<comp id="6" class="1000" name="in_stream_V_user_V">
<pin_list>
<pin id="7" dir="1" index="0" bw="1" slack="0"/>
</pin_list>
<bind>
<StgValue><ssdm name="in_stream_V_user_V"/></StgValue>
</bind>
</comp>

<comp id="8" class="1000" name="in_stream_V_last_V">
<pin_list>
<pin id="9" dir="1" index="0" bw="1" slack="0"/>
</pin_list>
<bind>
<StgValue><ssdm name="in_stream_V_last_V"/></StgValue>
</bind>
</comp>

<comp id="10" class="1000" name="in_stream_V_id_V">
<pin_list>
<pin id="11" dir="1" index="0" bw="1" slack="0"/>
</pin_list>
<bind>
<StgValue><ssdm name="in_stream_V_id_V"/></StgValue>
</bind>
</comp>

<comp id="12" class="1000" name="in_stream_V_dest_V">
<pin_list>
<pin id="13" dir="1" index="0" bw="1" slack="0"/>
</pin_list>
<bind>
<StgValue><ssdm name="in_stream_V_dest_V"/></StgValue>
</bind>
</comp>

<comp id="14" class="1000" name="out_stream_V_data_V">
<pin_list>
<pin id="15" dir="1" index="0" bw="1" slack="0"/>
</pin_list>
<bind>
<StgValue><ssdm name="out_stream_V_data_V"/></StgValue>
</bind>
</comp>

<comp id="16" class="1000" name="out_stream_V_keep_V">
<pin_list>
<pin id="17" dir="1" index="0" bw="1" slack="0"/>
</pin_list>
<bind>
<StgValue><ssdm name="out_stream_V_keep_V"/></StgValue>
</bind>
</comp>

<comp id="18" class="1000" name="out_stream_V_strb_V">
<pin_list>
<pin id="19" dir="1" index="0" bw="1" slack="0"/>
</pin_list>
<bind>
<StgValue><ssdm name="out_stream_V_strb_V"/></StgValue>
</bind>
</comp>

<comp id="20" class="1000" name="out_stream_V_last_V">
<pin_list>
<pin id="21" dir="1" index="0" bw="1" slack="0"/>
</pin_list>
<bind>
<StgValue><ssdm name="out_stream_V_last_V"/></StgValue>
</bind>
</comp>

<comp id="22" class="1000" name="n">
<pin_list>
<pin id="23" dir="1" index="0" bw="1" slack="0"/>
</pin_list>
<bind>
<StgValue><ssdm name="n"/></StgValue>
</bind>
</comp>

<comp id="24" class="1000" name="num_images">
<pin_list>
<pin id="25" dir="1" index="0" bw="1" slack="0"/>
</pin_list>
<bind>
<StgValue><ssdm name="num_images"/></StgValue>
</bind>
</comp>

<comp id="26" class="1000" name="sv_norms_0_padded_V_s">
<pin_list>
<pin id="27" dir="1" index="0" bw="1" slack="0"/>
</pin_list>
<bind>
<StgValue><ssdm name="sv_norms_0_padded_V_s"/><MemPortTyVec>1 </MemPortTyVec>
</StgValue>
</bind>
</comp>

<comp id="28" class="1000" name="sv_norms_0_padded_V_1">
<pin_list>
<pin id="29" dir="1" index="0" bw="1" slack="0"/>
</pin_list>
<bind>
<StgValue><ssdm name="sv_norms_0_padded_V_1"/><MemPortTyVec>1 </MemPortTyVec>
</StgValue>
</bind>
</comp>

<comp id="30" class="1000" name="sv_norms_0_padded_V_2">
<pin_list>
<pin id="31" dir="1" index="0" bw="1" slack="0"/>
</pin_list>
<bind>
<StgValue><ssdm name="sv_norms_0_padded_V_2"/><MemPortTyVec>1 </MemPortTyVec>
</StgValue>
</bind>
</comp>

<comp id="32" class="1000" name="sv_norms_0_padded_V_3">
<pin_list>
<pin id="33" dir="1" index="0" bw="1" slack="0"/>
</pin_list>
<bind>
<StgValue><ssdm name="sv_norms_0_padded_V_3"/><MemPortTyVec>1 </MemPortTyVec>
</StgValue>
</bind>
</comp>

<comp id="34" class="1000" name="sv_norms_0_padded_V_4">
<pin_list>
<pin id="35" dir="1" index="0" bw="1" slack="0"/>
</pin_list>
<bind>
<StgValue><ssdm name="sv_norms_0_padded_V_4"/><MemPortTyVec>1 </MemPortTyVec>
</StgValue>
</bind>
</comp>

<comp id="36" class="1000" name="sv_norms_0_padded_V_5">
<pin_list>
<pin id="37" dir="1" index="0" bw="1" slack="0"/>
</pin_list>
<bind>
<StgValue><ssdm name="sv_norms_0_padded_V_5"/><MemPortTyVec>1 </MemPortTyVec>
</StgValue>
</bind>
</comp>

<comp id="38" class="1000" name="sv_norms_0_padded_V_6">
<pin_list>
<pin id="39" dir="1" index="0" bw="1" slack="0"/>
</pin_list>
<bind>
<StgValue><ssdm name="sv_norms_0_padded_V_6"/><MemPortTyVec>1 </MemPortTyVec>
</StgValue>
</bind>
</comp>

<comp id="40" class="1000" name="sv_norms_0_padded_V_7">
<pin_list>
<pin id="41" dir="1" index="0" bw="1" slack="0"/>
</pin_list>
<bind>
<StgValue><ssdm name="sv_norms_0_padded_V_7"/><MemPortTyVec>1 </MemPortTyVec>
</StgValue>
</bind>
</comp>

<comp id="42" class="1000" name="sv_norms_0_padded_V_8">
<pin_list>
<pin id="43" dir="1" index="0" bw="1" slack="0"/>
</pin_list>
<bind>
<StgValue><ssdm name="sv_norms_0_padded_V_8"/><MemPortTyVec>1 </MemPortTyVec>
</StgValue>
</bind>
</comp>

<comp id="44" class="1000" name="sv_norms_0_padded_V_9">
<pin_list>
<pin id="45" dir="1" index="0" bw="1" slack="0"/>
</pin_list>
<bind>
<StgValue><ssdm name="sv_norms_0_padded_V_9"/><MemPortTyVec>1 </MemPortTyVec>
</StgValue>
</bind>
</comp>

<comp id="46" class="1000" name="sv_norms_0_padded_V_10">
<pin_list>
<pin id="47" dir="1" index="0" bw="1" slack="0"/>
</pin_list>
<bind>
<StgValue><ssdm name="sv_norms_0_padded_V_10"/><MemPortTyVec>1 </MemPortTyVec>
</StgValue>
</bind>
</comp>

<comp id="48" class="1000" name="sv_norms_0_padded_V_11">
<pin_list>
<pin id="49" dir="1" index="0" bw="1" slack="0"/>
</pin_list>
<bind>
<StgValue><ssdm name="sv_norms_0_padded_V_11"/><MemPortTyVec>1 </MemPortTyVec>
</StgValue>
</bind>
</comp>

<comp id="50" class="1000" name="sv_norms_0_padded_V_12">
<pin_list>
<pin id="51" dir="1" index="0" bw="1" slack="0"/>
</pin_list>
<bind>
<StgValue><ssdm name="sv_norms_0_padded_V_12"/><MemPortTyVec>1 </MemPortTyVec>
</StgValue>
</bind>
</comp>

<comp id="52" class="1000" name="sv_norms_0_padded_V_13">
<pin_list>
<pin id="53" dir="1" index="0" bw="1" slack="0"/>
</pin_list>
<bind>
<StgValue><ssdm name="sv_norms_0_padded_V_13"/><MemPortTyVec>1 </MemPortTyVec>
</StgValue>
</bind>
</comp>

<comp id="54" class="1000" name="sv_norms_0_padded_V_14">
<pin_list>
<pin id="55" dir="1" index="0" bw="1" slack="0"/>
</pin_list>
<bind>
<StgValue><ssdm name="sv_norms_0_padded_V_14"/><MemPortTyVec>1 </MemPortTyVec>
</StgValue>
</bind>
</comp>

<comp id="56" class="1000" name="sv_norms_0_padded_V_15">
<pin_list>
<pin id="57" dir="1" index="0" bw="1" slack="0"/>
</pin_list>
<bind>
<StgValue><ssdm name="sv_norms_0_padded_V_15"/><MemPortTyVec>1 </MemPortTyVec>
</StgValue>
</bind>
</comp>

<comp id="58" class="1000" name="alphas_0_padded_V_0">
<pin_list>
<pin id="59" dir="1" index="0" bw="1" slack="0"/>
</pin_list>
<bind>
<StgValue><ssdm name="alphas_0_padded_V_0"/><MemPortTyVec>1 </MemPortTyVec>
</StgValue>
</bind>
</comp>

<comp id="60" class="1000" name="alphas_0_padded_V_1">
<pin_list>
<pin id="61" dir="1" index="0" bw="1" slack="0"/>
</pin_list>
<bind>
<StgValue><ssdm name="alphas_0_padded_V_1"/><MemPortTyVec>1 </MemPortTyVec>
</StgValue>
</bind>
</comp>

<comp id="62" class="1000" name="alphas_0_padded_V_2">
<pin_list>
<pin id="63" dir="1" index="0" bw="1" slack="0"/>
</pin_list>
<bind>
<StgValue><ssdm name="alphas_0_padded_V_2"/><MemPortTyVec>1 </MemPortTyVec>
</StgValue>
</bind>
</comp>

<comp id="64" class="1000" name="alphas_0_padded_V_3">
<pin_list>
<pin id="65" dir="1" index="0" bw="1" slack="0"/>
</pin_list>
<bind>
<StgValue><ssdm name="alphas_0_padded_V_3"/><MemPortTyVec>1 </MemPortTyVec>
</StgValue>
</bind>
</comp>

<comp id="66" class="1000" name="alphas_0_padded_V_4">
<pin_list>
<pin id="67" dir="1" index="0" bw="1" slack="0"/>
</pin_list>
<bind>
<StgValue><ssdm name="alphas_0_padded_V_4"/><MemPortTyVec>1 </MemPortTyVec>
</StgValue>
</bind>
</comp>

<comp id="68" class="1000" name="alphas_0_padded_V_5">
<pin_list>
<pin id="69" dir="1" index="0" bw="1" slack="0"/>
</pin_list>
<bind>
<StgValue><ssdm name="alphas_0_padded_V_5"/><MemPortTyVec>1 </MemPortTyVec>
</StgValue>
</bind>
</comp>

<comp id="70" class="1000" name="alphas_0_padded_V_6">
<pin_list>
<pin id="71" dir="1" index="0" bw="1" slack="0"/>
</pin_list>
<bind>
<StgValue><ssdm name="alphas_0_padded_V_6"/><MemPortTyVec>1 </MemPortTyVec>
</StgValue>
</bind>
</comp>

<comp id="72" class="1000" name="alphas_0_padded_V_7">
<pin_list>
<pin id="73" dir="1" index="0" bw="1" slack="0"/>
</pin_list>
<bind>
<StgValue><ssdm name="alphas_0_padded_V_7"/><MemPortTyVec>1 </MemPortTyVec>
</StgValue>
</bind>
</comp>

<comp id="74" class="1000" name="alphas_0_padded_V_8">
<pin_list>
<pin id="75" dir="1" index="0" bw="1" slack="0"/>
</pin_list>
<bind>
<StgValue><ssdm name="alphas_0_padded_V_8"/><MemPortTyVec>1 </MemPortTyVec>
</StgValue>
</bind>
</comp>

<comp id="76" class="1000" name="alphas_0_padded_V_9">
<pin_list>
<pin id="77" dir="1" index="0" bw="1" slack="0"/>
</pin_list>
<bind>
<StgValue><ssdm name="alphas_0_padded_V_9"/><MemPortTyVec>1 </MemPortTyVec>
</StgValue>
</bind>
</comp>

<comp id="78" class="1000" name="alphas_0_padded_V_10">
<pin_list>
<pin id="79" dir="1" index="0" bw="1" slack="0"/>
</pin_list>
<bind>
<StgValue><ssdm name="alphas_0_padded_V_10"/><MemPortTyVec>1 </MemPortTyVec>
</StgValue>
</bind>
</comp>

<comp id="80" class="1000" name="alphas_0_padded_V_11">
<pin_list>
<pin id="81" dir="1" index="0" bw="1" slack="0"/>
</pin_list>
<bind>
<StgValue><ssdm name="alphas_0_padded_V_11"/><MemPortTyVec>1 </MemPortTyVec>
</StgValue>
</bind>
</comp>

<comp id="82" class="1000" name="alphas_0_padded_V_12">
<pin_list>
<pin id="83" dir="1" index="0" bw="1" slack="0"/>
</pin_list>
<bind>
<StgValue><ssdm name="alphas_0_padded_V_12"/><MemPortTyVec>1 </MemPortTyVec>
</StgValue>
</bind>
</comp>

<comp id="84" class="1000" name="alphas_0_padded_V_13">
<pin_list>
<pin id="85" dir="1" index="0" bw="1" slack="0"/>
</pin_list>
<bind>
<StgValue><ssdm name="alphas_0_padded_V_13"/><MemPortTyVec>1 </MemPortTyVec>
</StgValue>
</bind>
</comp>

<comp id="86" class="1000" name="alphas_0_padded_V_14">
<pin_list>
<pin id="87" dir="1" index="0" bw="1" slack="0"/>
</pin_list>
<bind>
<StgValue><ssdm name="alphas_0_padded_V_14"/><MemPortTyVec>1 </MemPortTyVec>
</StgValue>
</bind>
</comp>

<comp id="88" class="1000" name="alphas_0_padded_V_15">
<pin_list>
<pin id="89" dir="1" index="0" bw="1" slack="0"/>
</pin_list>
<bind>
<StgValue><ssdm name="alphas_0_padded_V_15"/><MemPortTyVec>1 </MemPortTyVec>
</StgValue>
</bind>
</comp>

<comp id="90" class="1000" name="sv_norms_1_padded_V_s">
<pin_list>
<pin id="91" dir="1" index="0" bw="1" slack="0"/>
</pin_list>
<bind>
<StgValue><ssdm name="sv_norms_1_padded_V_s"/><MemPortTyVec>1 </MemPortTyVec>
</StgValue>
</bind>
</comp>

<comp id="92" class="1000" name="sv_norms_1_padded_V_1">
<pin_list>
<pin id="93" dir="1" index="0" bw="1" slack="0"/>
</pin_list>
<bind>
<StgValue><ssdm name="sv_norms_1_padded_V_1"/><MemPortTyVec>1 </MemPortTyVec>
</StgValue>
</bind>
</comp>

<comp id="94" class="1000" name="sv_norms_1_padded_V_2">
<pin_list>
<pin id="95" dir="1" index="0" bw="1" slack="0"/>
</pin_list>
<bind>
<StgValue><ssdm name="sv_norms_1_padded_V_2"/><MemPortTyVec>1 </MemPortTyVec>
</StgValue>
</bind>
</comp>

<comp id="96" class="1000" name="sv_norms_1_padded_V_3">
<pin_list>
<pin id="97" dir="1" index="0" bw="1" slack="0"/>
</pin_list>
<bind>
<StgValue><ssdm name="sv_norms_1_padded_V_3"/><MemPortTyVec>1 </MemPortTyVec>
</StgValue>
</bind>
</comp>

<comp id="98" class="1000" name="sv_norms_1_padded_V_4">
<pin_list>
<pin id="99" dir="1" index="0" bw="1" slack="0"/>
</pin_list>
<bind>
<StgValue><ssdm name="sv_norms_1_padded_V_4"/><MemPortTyVec>1 </MemPortTyVec>
</StgValue>
</bind>
</comp>

<comp id="100" class="1000" name="sv_norms_1_padded_V_5">
<pin_list>
<pin id="101" dir="1" index="0" bw="1" slack="0"/>
</pin_list>
<bind>
<StgValue><ssdm name="sv_norms_1_padded_V_5"/><MemPortTyVec>1 </MemPortTyVec>
</StgValue>
</bind>
</comp>

<comp id="102" class="1000" name="sv_norms_1_padded_V_6">
<pin_list>
<pin id="103" dir="1" index="0" bw="1" slack="0"/>
</pin_list>
<bind>
<StgValue><ssdm name="sv_norms_1_padded_V_6"/><MemPortTyVec>1 </MemPortTyVec>
</StgValue>
</bind>
</comp>

<comp id="104" class="1000" name="sv_norms_1_padded_V_7">
<pin_list>
<pin id="105" dir="1" index="0" bw="1" slack="0"/>
</pin_list>
<bind>
<StgValue><ssdm name="sv_norms_1_padded_V_7"/><MemPortTyVec>1 </MemPortTyVec>
</StgValue>
</bind>
</comp>

<comp id="106" class="1000" name="sv_norms_1_padded_V_8">
<pin_list>
<pin id="107" dir="1" index="0" bw="1" slack="0"/>
</pin_list>
<bind>
<StgValue><ssdm name="sv_norms_1_padded_V_8"/><MemPortTyVec>1 </MemPortTyVec>
</StgValue>
</bind>
</comp>

<comp id="108" class="1000" name="sv_norms_1_padded_V_9">
<pin_list>
<pin id="109" dir="1" index="0" bw="1" slack="0"/>
</pin_list>
<bind>
<StgValue><ssdm name="sv_norms_1_padded_V_9"/><MemPortTyVec>1 </MemPortTyVec>
</StgValue>
</bind>
</comp>

<comp id="110" class="1000" name="sv_norms_1_padded_V_10">
<pin_list>
<pin id="111" dir="1" index="0" bw="1" slack="0"/>
</pin_list>
<bind>
<StgValue><ssdm name="sv_norms_1_padded_V_10"/><MemPortTyVec>1 </MemPortTyVec>
</StgValue>
</bind>
</comp>

<comp id="112" class="1000" name="sv_norms_1_padded_V_11">
<pin_list>
<pin id="113" dir="1" index="0" bw="1" slack="0"/>
</pin_list>
<bind>
<StgValue><ssdm name="sv_norms_1_padded_V_11"/><MemPortTyVec>1 </MemPortTyVec>
</StgValue>
</bind>
</comp>

<comp id="114" class="1000" name="sv_norms_1_padded_V_12">
<pin_list>
<pin id="115" dir="1" index="0" bw="1" slack="0"/>
</pin_list>
<bind>
<StgValue><ssdm name="sv_norms_1_padded_V_12"/><MemPortTyVec>1 </MemPortTyVec>
</StgValue>
</bind>
</comp>

<comp id="116" class="1000" name="sv_norms_1_padded_V_13">
<pin_list>
<pin id="117" dir="1" index="0" bw="1" slack="0"/>
</pin_list>
<bind>
<StgValue><ssdm name="sv_norms_1_padded_V_13"/><MemPortTyVec>1 </MemPortTyVec>
</StgValue>
</bind>
</comp>

<comp id="118" class="1000" name="sv_norms_1_padded_V_14">
<pin_list>
<pin id="119" dir="1" index="0" bw="1" slack="0"/>
</pin_list>
<bind>
<StgValue><ssdm name="sv_norms_1_padded_V_14"/><MemPortTyVec>1 </MemPortTyVec>
</StgValue>
</bind>
</comp>

<comp id="120" class="1000" name="sv_norms_1_padded_V_15">
<pin_list>
<pin id="121" dir="1" index="0" bw="1" slack="0"/>
</pin_list>
<bind>
<StgValue><ssdm name="sv_norms_1_padded_V_15"/><MemPortTyVec>1 </MemPortTyVec>
</StgValue>
</bind>
</comp>

<comp id="122" class="1000" name="alphas_1_padded_V_0">
<pin_list>
<pin id="123" dir="1" index="0" bw="1" slack="0"/>
</pin_list>
<bind>
<StgValue><ssdm name="alphas_1_padded_V_0"/><MemPortTyVec>1 </MemPortTyVec>
</StgValue>
</bind>
</comp>

<comp id="124" class="1000" name="alphas_1_padded_V_1">
<pin_list>
<pin id="125" dir="1" index="0" bw="1" slack="0"/>
</pin_list>
<bind>
<StgValue><ssdm name="alphas_1_padded_V_1"/><MemPortTyVec>1 </MemPortTyVec>
</StgValue>
</bind>
</comp>

<comp id="126" class="1000" name="alphas_1_padded_V_2">
<pin_list>
<pin id="127" dir="1" index="0" bw="1" slack="0"/>
</pin_list>
<bind>
<StgValue><ssdm name="alphas_1_padded_V_2"/><MemPortTyVec>1 </MemPortTyVec>
</StgValue>
</bind>
</comp>

<comp id="128" class="1000" name="alphas_1_padded_V_3">
<pin_list>
<pin id="129" dir="1" index="0" bw="1" slack="0"/>
</pin_list>
<bind>
<StgValue><ssdm name="alphas_1_padded_V_3"/><MemPortTyVec>1 </MemPortTyVec>
</StgValue>
</bind>
</comp>

<comp id="130" class="1000" name="alphas_1_padded_V_4">
<pin_list>
<pin id="131" dir="1" index="0" bw="1" slack="0"/>
</pin_list>
<bind>
<StgValue><ssdm name="alphas_1_padded_V_4"/><MemPortTyVec>1 </MemPortTyVec>
</StgValue>
</bind>
</comp>

<comp id="132" class="1000" name="alphas_1_padded_V_5">
<pin_list>
<pin id="133" dir="1" index="0" bw="1" slack="0"/>
</pin_list>
<bind>
<StgValue><ssdm name="alphas_1_padded_V_5"/><MemPortTyVec>1 </MemPortTyVec>
</StgValue>
</bind>
</comp>

<comp id="134" class="1000" name="alphas_1_padded_V_6">
<pin_list>
<pin id="135" dir="1" index="0" bw="1" slack="0"/>
</pin_list>
<bind>
<StgValue><ssdm name="alphas_1_padded_V_6"/><MemPortTyVec>1 </MemPortTyVec>
</StgValue>
</bind>
</comp>

<comp id="136" class="1000" name="alphas_1_padded_V_7">
<pin_list>
<pin id="137" dir="1" index="0" bw="1" slack="0"/>
</pin_list>
<bind>
<StgValue><ssdm name="alphas_1_padded_V_7"/><MemPortTyVec>1 </MemPortTyVec>
</StgValue>
</bind>
</comp>

<comp id="138" class="1000" name="alphas_1_padded_V_8">
<pin_list>
<pin id="139" dir="1" index="0" bw="1" slack="0"/>
</pin_list>
<bind>
<StgValue><ssdm name="alphas_1_padded_V_8"/><MemPortTyVec>1 </MemPortTyVec>
</StgValue>
</bind>
</comp>

<comp id="140" class="1000" name="alphas_1_padded_V_9">
<pin_list>
<pin id="141" dir="1" index="0" bw="1" slack="0"/>
</pin_list>
<bind>
<StgValue><ssdm name="alphas_1_padded_V_9"/><MemPortTyVec>1 </MemPortTyVec>
</StgValue>
</bind>
</comp>

<comp id="142" class="1000" name="alphas_1_padded_V_10">
<pin_list>
<pin id="143" dir="1" index="0" bw="1" slack="0"/>
</pin_list>
<bind>
<StgValue><ssdm name="alphas_1_padded_V_10"/><MemPortTyVec>1 </MemPortTyVec>
</StgValue>
</bind>
</comp>

<comp id="144" class="1000" name="alphas_1_padded_V_11">
<pin_list>
<pin id="145" dir="1" index="0" bw="1" slack="0"/>
</pin_list>
<bind>
<StgValue><ssdm name="alphas_1_padded_V_11"/><MemPortTyVec>1 </MemPortTyVec>
</StgValue>
</bind>
</comp>

<comp id="146" class="1000" name="alphas_1_padded_V_12">
<pin_list>
<pin id="147" dir="1" index="0" bw="1" slack="0"/>
</pin_list>
<bind>
<StgValue><ssdm name="alphas_1_padded_V_12"/><MemPortTyVec>1 </MemPortTyVec>
</StgValue>
</bind>
</comp>

<comp id="148" class="1000" name="alphas_1_padded_V_13">
<pin_list>
<pin id="149" dir="1" index="0" bw="1" slack="0"/>
</pin_list>
<bind>
<StgValue><ssdm name="alphas_1_padded_V_13"/><MemPortTyVec>1 </MemPortTyVec>
</StgValue>
</bind>
</comp>

<comp id="150" class="1000" name="alphas_1_padded_V_14">
<pin_list>
<pin id="151" dir="1" index="0" bw="1" slack="0"/>
</pin_list>
<bind>
<StgValue><ssdm name="alphas_1_padded_V_14"/><MemPortTyVec>1 </MemPortTyVec>
</StgValue>
</bind>
</comp>

<comp id="152" class="1000" name="alphas_1_padded_V_15">
<pin_list>
<pin id="153" dir="1" index="0" bw="1" slack="0"/>
</pin_list>
<bind>
<StgValue><ssdm name="alphas_1_padded_V_15"/><MemPortTyVec>1 </MemPortTyVec>
</StgValue>
</bind>
</comp>

<comp id="154" class="1000" name="svs_0_p800_V_0">
<pin_list>
<pin id="155" dir="1" index="0" bw="1" slack="0"/>
</pin_list>
<bind>
<StgValue><ssdm name="svs_0_p800_V_0"/><MemPortTyVec>1 3 </MemPortTyVec>
</StgValue>
</bind>
</comp>

<comp id="156" class="1000" name="svs_0_p800_V_1">
<pin_list>
<pin id="157" dir="1" index="0" bw="1" slack="0"/>
</pin_list>
<bind>
<StgValue><ssdm name="svs_0_p800_V_1"/><MemPortTyVec>1 3 </MemPortTyVec>
</StgValue>
</bind>
</comp>

<comp id="158" class="1000" name="svs_0_p800_V_2">
<pin_list>
<pin id="159" dir="1" index="0" bw="1" slack="0"/>
</pin_list>
<bind>
<StgValue><ssdm name="svs_0_p800_V_2"/><MemPortTyVec>1 3 </MemPortTyVec>
</StgValue>
</bind>
</comp>

<comp id="160" class="1000" name="svs_0_p800_V_3">
<pin_list>
<pin id="161" dir="1" index="0" bw="1" slack="0"/>
</pin_list>
<bind>
<StgValue><ssdm name="svs_0_p800_V_3"/><MemPortTyVec>1 3 </MemPortTyVec>
</StgValue>
</bind>
</comp>

<comp id="162" class="1000" name="svs_0_p800_V_4">
<pin_list>
<pin id="163" dir="1" index="0" bw="1" slack="0"/>
</pin_list>
<bind>
<StgValue><ssdm name="svs_0_p800_V_4"/><MemPortTyVec>1 3 </MemPortTyVec>
</StgValue>
</bind>
</comp>

<comp id="164" class="1000" name="svs_0_p800_V_5">
<pin_list>
<pin id="165" dir="1" index="0" bw="1" slack="0"/>
</pin_list>
<bind>
<StgValue><ssdm name="svs_0_p800_V_5"/><MemPortTyVec>1 3 </MemPortTyVec>
</StgValue>
</bind>
</comp>

<comp id="166" class="1000" name="svs_0_p800_V_6">
<pin_list>
<pin id="167" dir="1" index="0" bw="1" slack="0"/>
</pin_list>
<bind>
<StgValue><ssdm name="svs_0_p800_V_6"/><MemPortTyVec>1 3 </MemPortTyVec>
</StgValue>
</bind>
</comp>

<comp id="168" class="1000" name="svs_0_p800_V_7">
<pin_list>
<pin id="169" dir="1" index="0" bw="1" slack="0"/>
</pin_list>
<bind>
<StgValue><ssdm name="svs_0_p800_V_7"/><MemPortTyVec>1 3 </MemPortTyVec>
</StgValue>
</bind>
</comp>

<comp id="170" class="1000" name="svs_0_p800_V_8">
<pin_list>
<pin id="171" dir="1" index="0" bw="1" slack="0"/>
</pin_list>
<bind>
<StgValue><ssdm name="svs_0_p800_V_8"/><MemPortTyVec>1 3 </MemPortTyVec>
</StgValue>
</bind>
</comp>

<comp id="172" class="1000" name="svs_0_p800_V_9">
<pin_list>
<pin id="173" dir="1" index="0" bw="1" slack="0"/>
</pin_list>
<bind>
<StgValue><ssdm name="svs_0_p800_V_9"/><MemPortTyVec>1 3 </MemPortTyVec>
</StgValue>
</bind>
</comp>

<comp id="174" class="1000" name="svs_0_p800_V_10">
<pin_list>
<pin id="175" dir="1" index="0" bw="1" slack="0"/>
</pin_list>
<bind>
<StgValue><ssdm name="svs_0_p800_V_10"/><MemPortTyVec>1 3 </MemPortTyVec>
</StgValue>
</bind>
</comp>

<comp id="176" class="1000" name="svs_0_p800_V_11">
<pin_list>
<pin id="177" dir="1" index="0" bw="1" slack="0"/>
</pin_list>
<bind>
<StgValue><ssdm name="svs_0_p800_V_11"/><MemPortTyVec>1 3 </MemPortTyVec>
</StgValue>
</bind>
</comp>

<comp id="178" class="1000" name="svs_0_p800_V_12">
<pin_list>
<pin id="179" dir="1" index="0" bw="1" slack="0"/>
</pin_list>
<bind>
<StgValue><ssdm name="svs_0_p800_V_12"/><MemPortTyVec>1 3 </MemPortTyVec>
</StgValue>
</bind>
</comp>

<comp id="180" class="1000" name="svs_0_p800_V_13">
<pin_list>
<pin id="181" dir="1" index="0" bw="1" slack="0"/>
</pin_list>
<bind>
<StgValue><ssdm name="svs_0_p800_V_13"/><MemPortTyVec>1 3 </MemPortTyVec>
</StgValue>
</bind>
</comp>

<comp id="182" class="1000" name="svs_0_p800_V_14">
<pin_list>
<pin id="183" dir="1" index="0" bw="1" slack="0"/>
</pin_list>
<bind>
<StgValue><ssdm name="svs_0_p800_V_14"/><MemPortTyVec>1 3 </MemPortTyVec>
</StgValue>
</bind>
</comp>

<comp id="184" class="1000" name="svs_0_p800_V_15">
<pin_list>
<pin id="185" dir="1" index="0" bw="1" slack="0"/>
</pin_list>
<bind>
<StgValue><ssdm name="svs_0_p800_V_15"/><MemPortTyVec>1 3 </MemPortTyVec>
</StgValue>
</bind>
</comp>

<comp id="186" class="1000" name="svs_1_p800_V_0">
<pin_list>
<pin id="187" dir="1" index="0" bw="1" slack="0"/>
</pin_list>
<bind>
<StgValue><ssdm name="svs_1_p800_V_0"/><MemPortTyVec>1 3 </MemPortTyVec>
</StgValue>
</bind>
</comp>

<comp id="188" class="1000" name="svs_1_p800_V_1">
<pin_list>
<pin id="189" dir="1" index="0" bw="1" slack="0"/>
</pin_list>
<bind>
<StgValue><ssdm name="svs_1_p800_V_1"/><MemPortTyVec>1 3 </MemPortTyVec>
</StgValue>
</bind>
</comp>

<comp id="190" class="1000" name="svs_1_p800_V_2">
<pin_list>
<pin id="191" dir="1" index="0" bw="1" slack="0"/>
</pin_list>
<bind>
<StgValue><ssdm name="svs_1_p800_V_2"/><MemPortTyVec>1 3 </MemPortTyVec>
</StgValue>
</bind>
</comp>

<comp id="192" class="1000" name="svs_1_p800_V_3">
<pin_list>
<pin id="193" dir="1" index="0" bw="1" slack="0"/>
</pin_list>
<bind>
<StgValue><ssdm name="svs_1_p800_V_3"/><MemPortTyVec>1 3 </MemPortTyVec>
</StgValue>
</bind>
</comp>

<comp id="194" class="1000" name="svs_1_p800_V_4">
<pin_list>
<pin id="195" dir="1" index="0" bw="1" slack="0"/>
</pin_list>
<bind>
<StgValue><ssdm name="svs_1_p800_V_4"/><MemPortTyVec>1 3 </MemPortTyVec>
</StgValue>
</bind>
</comp>

<comp id="196" class="1000" name="svs_1_p800_V_5">
<pin_list>
<pin id="197" dir="1" index="0" bw="1" slack="0"/>
</pin_list>
<bind>
<StgValue><ssdm name="svs_1_p800_V_5"/><MemPortTyVec>1 3 </MemPortTyVec>
</StgValue>
</bind>
</comp>

<comp id="198" class="1000" name="svs_1_p800_V_6">
<pin_list>
<pin id="199" dir="1" index="0" bw="1" slack="0"/>
</pin_list>
<bind>
<StgValue><ssdm name="svs_1_p800_V_6"/><MemPortTyVec>1 3 </MemPortTyVec>
</StgValue>
</bind>
</comp>

<comp id="200" class="1000" name="svs_1_p800_V_7">
<pin_list>
<pin id="201" dir="1" index="0" bw="1" slack="0"/>
</pin_list>
<bind>
<StgValue><ssdm name="svs_1_p800_V_7"/><MemPortTyVec>1 3 </MemPortTyVec>
</StgValue>
</bind>
</comp>

<comp id="202" class="1000" name="svs_1_p800_V_8">
<pin_list>
<pin id="203" dir="1" index="0" bw="1" slack="0"/>
</pin_list>
<bind>
<StgValue><ssdm name="svs_1_p800_V_8"/><MemPortTyVec>1 3 </MemPortTyVec>
</StgValue>
</bind>
</comp>

<comp id="204" class="1000" name="svs_1_p800_V_9">
<pin_list>
<pin id="205" dir="1" index="0" bw="1" slack="0"/>
</pin_list>
<bind>
<StgValue><ssdm name="svs_1_p800_V_9"/><MemPortTyVec>1 3 </MemPortTyVec>
</StgValue>
</bind>
</comp>

<comp id="206" class="1000" name="svs_1_p800_V_10">
<pin_list>
<pin id="207" dir="1" index="0" bw="1" slack="0"/>
</pin_list>
<bind>
<StgValue><ssdm name="svs_1_p800_V_10"/><MemPortTyVec>1 3 </MemPortTyVec>
</StgValue>
</bind>
</comp>

<comp id="208" class="1000" name="svs_1_p800_V_11">
<pin_list>
<pin id="209" dir="1" index="0" bw="1" slack="0"/>
</pin_list>
<bind>
<StgValue><ssdm name="svs_1_p800_V_11"/><MemPortTyVec>1 3 </MemPortTyVec>
</StgValue>
</bind>
</comp>

<comp id="210" class="1000" name="svs_1_p800_V_12">
<pin_list>
<pin id="211" dir="1" index="0" bw="1" slack="0"/>
</pin_list>
<bind>
<StgValue><ssdm name="svs_1_p800_V_12"/><MemPortTyVec>1 3 </MemPortTyVec>
</StgValue>
</bind>
</comp>

<comp id="212" class="1000" name="svs_1_p800_V_13">
<pin_list>
<pin id="213" dir="1" index="0" bw="1" slack="0"/>
</pin_list>
<bind>
<StgValue><ssdm name="svs_1_p800_V_13"/><MemPortTyVec>1 3 </MemPortTyVec>
</StgValue>
</bind>
</comp>

<comp id="214" class="1000" name="svs_1_p800_V_14">
<pin_list>
<pin id="215" dir="1" index="0" bw="1" slack="0"/>
</pin_list>
<bind>
<StgValue><ssdm name="svs_1_p800_V_14"/><MemPortTyVec>1 3 </MemPortTyVec>
</StgValue>
</bind>
</comp>

<comp id="216" class="1000" name="svs_1_p800_V_15">
<pin_list>
<pin id="217" dir="1" index="0" bw="1" slack="0"/>
</pin_list>
<bind>
<StgValue><ssdm name="svs_1_p800_V_15"/><MemPortTyVec>1 3 </MemPortTyVec>
</StgValue>
</bind>
</comp>

<comp id="218" class="1000" name="EXP_LUT_V">
<pin_list>
<pin id="219" dir="1" index="0" bw="1" slack="0"/>
</pin_list>
<bind>
<StgValue><ssdm name="EXP_LUT_V"/><MemPortTyVec>1 1 1 1 1 1 1 1 </MemPortTyVec>
</StgValue>
</bind>
</comp>

<comp id="220" class="1001" name="const_220">
<pin_list>
<pin id="221" dir="1" index="0" bw="1" slack="0"/>
</pin_list>
<bind>
<StgValue><ssdm name="_ssdm_op_Read.ap_auto.i32"/></StgValue>
</bind>
</comp>

<comp id="222" class="1001" name="const_222">
<pin_list>
<pin id="223" dir="1" index="0" bw="1" slack="0"/>
</pin_list>
<bind>
<StgValue><ssdm name="_ssdm_op_Read.ap_auto.i31"/></StgValue>
</bind>
</comp>

<comp id="224" class="1001" name="const_224">
<pin_list>
<pin id="225" dir="1" index="0" bw="1" slack="0"/>
</pin_list>
<bind>
<StgValue><ssdm name=""/></StgValue>
</bind>
</comp>

<comp id="226" class="1001" name="const_226">
<pin_list>
<pin id="227" dir="1" index="0" bw="1" slack="0"/>
</pin_list>
<bind>
<StgValue><ssdm name="load_and_calc_norm53"/></StgValue>
</bind>
</comp>

<comp id="228" class="1001" name="const_228">
<pin_list>
<pin id="229" dir="1" index="0" bw="1" slack="0"/>
</pin_list>
<bind>
<StgValue><ssdm name="compute_and_output"/></StgValue>
</bind>
</comp>

<comp id="230" class="1001" name="const_230">
<pin_list>
<pin id="231" dir="1" index="0" bw="1" slack="2147483647"/>
</pin_list>
<bind>
<StgValue><ssdm name="_ssdm_op_SpecInterface"/></StgValue>
</bind>
</comp>

<comp id="232" class="1001" name="const_232">
<pin_list>
<pin id="233" dir="1" index="0" bw="1" slack="2147483647"/>
</pin_list>
<bind>
<StgValue><ssdm name="p_str33"/></StgValue>
</bind>
</comp>

<comp id="234" class="1001" name="const_234">
<pin_list>
<pin id="235" dir="1" index="0" bw="1" slack="2147483647"/>
</pin_list>
<bind>
<StgValue><ssdm name=""/></StgValue>
</bind>
</comp>

<comp id="236" class="1001" name="const_236">
<pin_list>
<pin id="237" dir="1" index="0" bw="1" slack="2147483647"/>
</pin_list>
<bind>
<StgValue><ssdm name="p_str34"/></StgValue>
</bind>
</comp>

<comp id="238" class="1001" name="const_238">
<pin_list>
<pin id="239" dir="1" index="0" bw="1" slack="2147483647"/>
</pin_list>
<bind>
<StgValue><ssdm name="p_str2"/></StgValue>
</bind>
</comp>

<comp id="240" class="1001" name="const_240">
<pin_list>
<pin id="241" dir="1" index="0" bw="1" slack="2147483647"/>
</pin_list>
<bind>
<StgValue><ssdm name="_ssdm_op_SpecDataflowPipeline"/></StgValue>
</bind>
</comp>

<comp id="242" class="1001" name="const_242">
<pin_list>
<pin id="243" dir="1" index="0" bw="1" slack="2147483647"/>
</pin_list>
<bind>
<StgValue><ssdm name=""/></StgValue>
</bind>
</comp>

<comp id="244" class="1001" name="const_244">
<pin_list>
<pin id="245" dir="1" index="0" bw="1" slack="2147483647"/>
</pin_list>
<bind>
<StgValue><ssdm name="_ssdm_op_SpecChannel"/></StgValue>
</bind>
</comp>

<comp id="246" class="1001" name="const_246">
<pin_list>
<pin id="247" dir="1" index="0" bw="1" slack="2147483647"/>
</pin_list>
<bind>
<StgValue><ssdm name="n_c_str"/></StgValue>
</bind>
</comp>

<comp id="248" class="1001" name="const_248">
<pin_list>
<pin id="249" dir="1" index="0" bw="1" slack="2147483647"/>
</pin_list>
<bind>
<StgValue><ssdm name=""/></StgValue>
</bind>
</comp>

<comp id="250" class="1001" name="const_250">
<pin_list>
<pin id="251" dir="1" index="0" bw="1" slack="2147483647"/>
</pin_list>
<bind>
<StgValue><ssdm name="p_str"/></StgValue>
</bind>
</comp>

<comp id="252" class="1001" name="const_252">
<pin_list>
<pin id="253" dir="1" index="0" bw="1" slack="2147483647"/>
</pin_list>
<bind>
<StgValue><ssdm name=""/></StgValue>
</bind>
</comp>

<comp id="254" class="1001" name="const_254">
<pin_list>
<pin id="255" dir="1" index="0" bw="1" slack="2147483647"/>
</pin_list>
<bind>
<StgValue><ssdm name="ap_fifo_str"/></StgValue>
</bind>
</comp>

<comp id="256" class="1001" name="const_256">
<pin_list>
<pin id="257" dir="1" index="0" bw="1" slack="2147483647"/>
</pin_list>
<bind>
<StgValue><ssdm name=""/></StgValue>
</bind>
</comp>

<comp id="258" class="1001" name="const_258">
<pin_list>
<pin id="259" dir="1" index="0" bw="1" slack="2147483647"/>
</pin_list>
<bind>
<StgValue><ssdm name="num_images_c_str"/></StgValue>
</bind>
</comp>

<comp id="260" class="1004" name="num_images_c_fu_260">
<pin_list>
<pin id="261" dir="0" index="0" bw="1" slack="0"/>
<pin id="262" dir="1" index="1" bw="32" slack="0"/>
</pin_list>
<bind>
<opcode="alloca(26) " fcode="alloca"/>
<opset="num_images_c/1 "/>
</bind>
</comp>

<comp id="264" class="1004" name="n_c_fu_264">
<pin_list>
<pin id="265" dir="0" index="0" bw="1" slack="0"/>
<pin id="266" dir="1" index="1" bw="31" slack="0"/>
</pin_list>
<bind>
<opcode="alloca(26) " fcode="alloca"/>
<opset="n_c/1 "/>
</bind>
</comp>

<comp id="268" class="1004" name="x_local_0_V_alloca_fu_268">
<pin_list>
<pin id="269" dir="0" index="0" bw="1" slack="0"/>
<pin id="270" dir="1" index="1" bw="8" slack="0"/>
</pin_list>
<bind>
<opcode="alloca(26) " fcode="alloca"/>
<opset="x_local_0_V/1 "/>
</bind>
</comp>

<comp id="272" class="1004" name="x_local_1_V_alloca_fu_272">
<pin_list>
<pin id="273" dir="0" index="0" bw="1" slack="0"/>
<pin id="274" dir="1" index="1" bw="8" slack="0"/>
</pin_list>
<bind>
<opcode="alloca(26) " fcode="alloca"/>
<opset="x_local_1_V/1 "/>
</bind>
</comp>

<comp id="276" class="1004" name="x_local_2_V_alloca_fu_276">
<pin_list>
<pin id="277" dir="0" index="0" bw="1" slack="0"/>
<pin id="278" dir="1" index="1" bw="8" slack="0"/>
</pin_list>
<bind>
<opcode="alloca(26) " fcode="alloca"/>
<opset="x_local_2_V/1 "/>
</bind>
</comp>

<comp id="280" class="1004" name="x_local_3_V_alloca_fu_280">
<pin_list>
<pin id="281" dir="0" index="0" bw="1" slack="0"/>
<pin id="282" dir="1" index="1" bw="8" slack="0"/>
</pin_list>
<bind>
<opcode="alloca(26) " fcode="alloca"/>
<opset="x_local_3_V/1 "/>
</bind>
</comp>

<comp id="284" class="1004" name="x_local_4_V_alloca_fu_284">
<pin_list>
<pin id="285" dir="0" index="0" bw="1" slack="0"/>
<pin id="286" dir="1" index="1" bw="8" slack="0"/>
</pin_list>
<bind>
<opcode="alloca(26) " fcode="alloca"/>
<opset="x_local_4_V/1 "/>
</bind>
</comp>

<comp id="288" class="1004" name="x_local_5_V_alloca_fu_288">
<pin_list>
<pin id="289" dir="0" index="0" bw="1" slack="0"/>
<pin id="290" dir="1" index="1" bw="8" slack="0"/>
</pin_list>
<bind>
<opcode="alloca(26) " fcode="alloca"/>
<opset="x_local_5_V/1 "/>
</bind>
</comp>

<comp id="292" class="1004" name="x_local_6_V_alloca_fu_292">
<pin_list>
<pin id="293" dir="0" index="0" bw="1" slack="0"/>
<pin id="294" dir="1" index="1" bw="8" slack="0"/>
</pin_list>
<bind>
<opcode="alloca(26) " fcode="alloca"/>
<opset="x_local_6_V/1 "/>
</bind>
</comp>

<comp id="296" class="1004" name="x_local_7_V_alloca_fu_296">
<pin_list>
<pin id="297" dir="0" index="0" bw="1" slack="0"/>
<pin id="298" dir="1" index="1" bw="8" slack="0"/>
</pin_list>
<bind>
<opcode="alloca(26) " fcode="alloca"/>
<opset="x_local_7_V/1 "/>
</bind>
</comp>

<comp id="300" class="1004" name="x_local_8_V_alloca_fu_300">
<pin_list>
<pin id="301" dir="0" index="0" bw="1" slack="0"/>
<pin id="302" dir="1" index="1" bw="8" slack="0"/>
</pin_list>
<bind>
<opcode="alloca(26) " fcode="alloca"/>
<opset="x_local_8_V/1 "/>
</bind>
</comp>

<comp id="304" class="1004" name="x_local_9_V_alloca_fu_304">
<pin_list>
<pin id="305" dir="0" index="0" bw="1" slack="0"/>
<pin id="306" dir="1" index="1" bw="8" slack="0"/>
</pin_list>
<bind>
<opcode="alloca(26) " fcode="alloca"/>
<opset="x_local_9_V/1 "/>
</bind>
</comp>

<comp id="308" class="1004" name="x_local_10_V_alloca_fu_308">
<pin_list>
<pin id="309" dir="0" index="0" bw="1" slack="0"/>
<pin id="310" dir="1" index="1" bw="8" slack="0"/>
</pin_list>
<bind>
<opcode="alloca(26) " fcode="alloca"/>
<opset="x_local_10_V/1 "/>
</bind>
</comp>

<comp id="312" class="1004" name="x_local_11_V_alloca_fu_312">
<pin_list>
<pin id="313" dir="0" index="0" bw="1" slack="0"/>
<pin id="314" dir="1" index="1" bw="8" slack="0"/>
</pin_list>
<bind>
<opcode="alloca(26) " fcode="alloca"/>
<opset="x_local_11_V/1 "/>
</bind>
</comp>

<comp id="316" class="1004" name="x_local_12_V_alloca_fu_316">
<pin_list>
<pin id="317" dir="0" index="0" bw="1" slack="0"/>
<pin id="318" dir="1" index="1" bw="8" slack="0"/>
</pin_list>
<bind>
<opcode="alloca(26) " fcode="alloca"/>
<opset="x_local_12_V/1 "/>
</bind>
</comp>

<comp id="320" class="1004" name="x_local_13_V_alloca_fu_320">
<pin_list>
<pin id="321" dir="0" index="0" bw="1" slack="0"/>
<pin id="322" dir="1" index="1" bw="8" slack="0"/>
</pin_list>
<bind>
<opcode="alloca(26) " fcode="alloca"/>
<opset="x_local_13_V/1 "/>
</bind>
</comp>

<comp id="324" class="1004" name="x_local_14_V_alloca_fu_324">
<pin_list>
<pin id="325" dir="0" index="0" bw="1" slack="0"/>
<pin id="326" dir="1" index="1" bw="8" slack="0"/>
</pin_list>
<bind>
<opcode="alloca(26) " fcode="alloca"/>
<opset="x_local_14_V/1 "/>
</bind>
</comp>

<comp id="328" class="1004" name="x_local_15_V_alloca_fu_328">
<pin_list>
<pin id="329" dir="0" index="0" bw="1" slack="0"/>
<pin id="330" dir="1" index="1" bw="8" slack="0"/>
</pin_list>
<bind>
<opcode="alloca(26) " fcode="alloca"/>
<opset="x_local_15_V/1 "/>
</bind>
</comp>

<comp id="332" class="1004" name="num_images_read_read_fu_332">
<pin_list>
<pin id="333" dir="0" index="0" bw="32" slack="0"/>
<pin id="334" dir="0" index="1" bw="32" slack="0"/>
<pin id="335" dir="1" index="2" bw="32" slack="0"/>
</pin_list>
<bind>
<opcode="read(1150) " fcode="read"/>
<opset="num_images_read/1 "/>
</bind>
</comp>

<comp id="338" class="1004" name="n_read_read_fu_338">
<pin_list>
<pin id="339" dir="0" index="0" bw="31" slack="0"/>
<pin id="340" dir="0" index="1" bw="31" slack="0"/>
<pin id="341" dir="1" index="2" bw="31" slack="0"/>
</pin_list>
<bind>
<opcode="read(1150) " fcode="read"/>
<opset="n_read/1 "/>
</bind>
</comp>

<comp id="344" class="1004" name="grp_compute_and_output_fu_344">
<pin_list>
<pin id="345" dir="0" index="0" bw="0" slack="0"/>
<pin id="346" dir="0" index="1" bw="8" slack="2147483647"/>
<pin id="347" dir="0" index="2" bw="8" slack="2147483647"/>
<pin id="348" dir="0" index="3" bw="8" slack="2147483647"/>
<pin id="349" dir="0" index="4" bw="8" slack="2147483647"/>
<pin id="350" dir="0" index="5" bw="8" slack="2147483647"/>
<pin id="351" dir="0" index="6" bw="8" slack="2147483647"/>
<pin id="352" dir="0" index="7" bw="8" slack="2147483647"/>
<pin id="353" dir="0" index="8" bw="8" slack="2147483647"/>
<pin id="354" dir="0" index="9" bw="8" slack="2147483647"/>
<pin id="355" dir="0" index="10" bw="8" slack="2147483647"/>
<pin id="356" dir="0" index="11" bw="8" slack="2147483647"/>
<pin id="357" dir="0" index="12" bw="8" slack="2147483647"/>
<pin id="358" dir="0" index="13" bw="8" slack="2147483647"/>
<pin id="359" dir="0" index="14" bw="8" slack="2147483647"/>
<pin id="360" dir="0" index="15" bw="8" slack="2147483647"/>
<pin id="361" dir="0" index="16" bw="8" slack="2147483647"/>
<pin id="362" dir="0" index="17" bw="24" slack="1"/>
<pin id="363" dir="0" index="18" bw="6" slack="1"/>
<pin id="364" dir="0" index="19" bw="6" slack="1"/>
<pin id="365" dir="0" index="20" bw="6" slack="1"/>
<pin id="366" dir="0" index="21" bw="6" slack="1"/>
<pin id="367" dir="0" index="22" bw="6" slack="1"/>
<pin id="368" dir="0" index="23" bw="6" slack="1"/>
<pin id="369" dir="0" index="24" bw="6" slack="1"/>
<pin id="370" dir="0" index="25" bw="6" slack="1"/>
<pin id="371" dir="0" index="26" bw="6" slack="1"/>
<pin id="372" dir="0" index="27" bw="6" slack="1"/>
<pin id="373" dir="0" index="28" bw="6" slack="1"/>
<pin id="374" dir="0" index="29" bw="6" slack="1"/>
<pin id="375" dir="0" index="30" bw="6" slack="1"/>
<pin id="376" dir="0" index="31" bw="6" slack="1"/>
<pin id="377" dir="0" index="32" bw="6" slack="1"/>
<pin id="378" dir="0" index="33" bw="6" slack="1"/>
<pin id="379" dir="0" index="34" bw="6" slack="1"/>
<pin id="380" dir="0" index="35" bw="6" slack="1"/>
<pin id="381" dir="0" index="36" bw="6" slack="1"/>
<pin id="382" dir="0" index="37" bw="6" slack="1"/>
<pin id="383" dir="0" index="38" bw="6" slack="1"/>
<pin id="384" dir="0" index="39" bw="6" slack="1"/>
<pin id="385" dir="0" index="40" bw="6" slack="1"/>
<pin id="386" dir="0" index="41" bw="6" slack="1"/>
<pin id="387" dir="0" index="42" bw="6" slack="1"/>
<pin id="388" dir="0" index="43" bw="6" slack="1"/>
<pin id="389" dir="0" index="44" bw="6" slack="1"/>
<pin id="390" dir="0" index="45" bw="6" slack="1"/>
<pin id="391" dir="0" index="46" bw="6" slack="1"/>
<pin id="392" dir="0" index="47" bw="6" slack="1"/>
<pin id="393" dir="0" index="48" bw="6" slack="1"/>
<pin id="394" dir="0" index="49" bw="6" slack="1"/>
<pin id="395" dir="0" index="50" bw="6" slack="1"/>
<pin id="396" dir="0" index="51" bw="6" slack="1"/>
<pin id="397" dir="0" index="52" bw="6" slack="1"/>
<pin id="398" dir="0" index="53" bw="6" slack="1"/>
<pin id="399" dir="0" index="54" bw="6" slack="1"/>
<pin id="400" dir="0" index="55" bw="6" slack="1"/>
<pin id="401" dir="0" index="56" bw="6" slack="1"/>
<pin id="402" dir="0" index="57" bw="6" slack="1"/>
<pin id="403" dir="0" index="58" bw="6" slack="1"/>
<pin id="404" dir="0" index="59" bw="6" slack="1"/>
<pin id="405" dir="0" index="60" bw="6" slack="1"/>
<pin id="406" dir="0" index="61" bw="6" slack="1"/>
<pin id="407" dir="0" index="62" bw="6" slack="1"/>
<pin id="408" dir="0" index="63" bw="6" slack="1"/>
<pin id="409" dir="0" index="64" bw="6" slack="1"/>
<pin id="410" dir="0" index="65" bw="6" slack="1"/>
<pin id="411" dir="0" index="66" bw="6" slack="1"/>
<pin id="412" dir="0" index="67" bw="6" slack="1"/>
<pin id="413" dir="0" index="68" bw="32" slack="0"/>
<pin id="414" dir="0" index="69" bw="1" slack="0"/>
<pin id="415" dir="0" index="70" bw="1" slack="0"/>
<pin id="416" dir="0" index="71" bw="1" slack="0"/>
<pin id="417" dir="0" index="72" bw="31" slack="2"/>
<pin id="418" dir="0" index="73" bw="32" slack="2"/>
<pin id="419" dir="0" index="74" bw="28" slack="0"/>
<pin id="420" dir="0" index="75" bw="27" slack="0"/>
<pin id="421" dir="0" index="76" bw="30" slack="0"/>
<pin id="422" dir="0" index="77" bw="28" slack="0"/>
<pin id="423" dir="0" index="78" bw="27" slack="0"/>
<pin id="424" dir="0" index="79" bw="28" slack="0"/>
<pin id="425" dir="0" index="80" bw="29" slack="0"/>
<pin id="426" dir="0" index="81" bw="27" slack="0"/>
<pin id="427" dir="0" index="82" bw="29" slack="0"/>
<pin id="428" dir="0" index="83" bw="29" slack="0"/>
<pin id="429" dir="0" index="84" bw="28" slack="0"/>
<pin id="430" dir="0" index="85" bw="28" slack="0"/>
<pin id="431" dir="0" index="86" bw="28" slack="0"/>
<pin id="432" dir="0" index="87" bw="28" slack="0"/>
<pin id="433" dir="0" index="88" bw="27" slack="0"/>
<pin id="434" dir="0" index="89" bw="30" slack="0"/>
<pin id="435" dir="0" index="90" bw="7" slack="0"/>
<pin id="436" dir="0" index="91" bw="6" slack="0"/>
<pin id="437" dir="0" index="92" bw="4" slack="0"/>
<pin id="438" dir="0" index="93" bw="4" slack="0"/>
<pin id="439" dir="0" index="94" bw="4" slack="0"/>
<pin id="440" dir="0" index="95" bw="4" slack="0"/>
<pin id="441" dir="0" index="96" bw="5" slack="0"/>
<pin id="442" dir="0" index="97" bw="5" slack="0"/>
<pin id="443" dir="0" index="98" bw="4" slack="0"/>
<pin id="444" dir="0" index="99" bw="5" slack="0"/>
<pin id="445" dir="0" index="100" bw="4" slack="0"/>
<pin id="446" dir="0" index="101" bw="7" slack="0"/>
<pin id="447" dir="0" index="102" bw="4" slack="0"/>
<pin id="448" dir="0" index="103" bw="4" slack="0"/>
<pin id="449" dir="0" index="104" bw="4" slack="0"/>
<pin id="450" dir="0" index="105" bw="4" slack="0"/>
<pin id="451" dir="0" index="106" bw="27" slack="0"/>
<pin id="452" dir="0" index="107" bw="28" slack="0"/>
<pin id="453" dir="0" index="108" bw="28" slack="0"/>
<pin id="454" dir="0" index="109" bw="29" slack="0"/>
<pin id="455" dir="0" index="110" bw="26" slack="0"/>
<pin id="456" dir="0" index="111" bw="25" slack="0"/>
<pin id="457" dir="0" index="112" bw="29" slack="0"/>
<pin id="458" dir="0" index="113" bw="26" slack="0"/>
<pin id="459" dir="0" index="114" bw="27" slack="0"/>
<pin id="460" dir="0" index="115" bw="29" slack="0"/>
<pin id="461" dir="0" index="116" bw="28" slack="0"/>
<pin id="462" dir="0" index="117" bw="27" slack="0"/>
<pin id="463" dir="0" index="118" bw="30" slack="0"/>
<pin id="464" dir="0" index="119" bw="30" slack="0"/>
<pin id="465" dir="0" index="120" bw="28" slack="0"/>
<pin id="466" dir="0" index="121" bw="29" slack="0"/>
<pin id="467" dir="0" index="122" bw="8" slack="0"/>
<pin id="468" dir="0" index="123" bw="6" slack="0"/>
<pin id="469" dir="0" index="124" bw="5" slack="0"/>
<pin id="470" dir="0" index="125" bw="5" slack="0"/>
<pin id="471" dir="0" index="126" bw="6" slack="0"/>
<pin id="472" dir="0" index="127" bw="5" slack="0"/>
<pin id="473" dir="0" index="128" bw="5" slack="0"/>
<pin id="474" dir="0" index="129" bw="6" slack="0"/>
<pin id="475" dir="0" index="130" bw="4" slack="0"/>
<pin id="476" dir="0" index="131" bw="5" slack="0"/>
<pin id="477" dir="0" index="132" bw="5" slack="0"/>
<pin id="478" dir="0" index="133" bw="6" slack="0"/>
<pin id="479" dir="0" index="134" bw="5" slack="0"/>
<pin id="480" dir="0" index="135" bw="5" slack="0"/>
<pin id="481" dir="0" index="136" bw="6" slack="0"/>
<pin id="482" dir="0" index="137" bw="6" slack="0"/>
<pin id="483" dir="0" index="138" bw="125" slack="0"/>
<pin id="484" dir="0" index="139" bw="125" slack="0"/>
<pin id="485" dir="0" index="140" bw="125" slack="0"/>
<pin id="486" dir="0" index="141" bw="126" slack="0"/>
<pin id="487" dir="0" index="142" bw="124" slack="0"/>
<pin id="488" dir="0" index="143" bw="125" slack="0"/>
<pin id="489" dir="0" index="144" bw="126" slack="0"/>
<pin id="490" dir="0" index="145" bw="124" slack="0"/>
<pin id="491" dir="0" index="146" bw="128" slack="0"/>
<pin id="492" dir="0" index="147" bw="126" slack="0"/>
<pin id="493" dir="0" index="148" bw="125" slack="0"/>
<pin id="494" dir="0" index="149" bw="125" slack="0"/>
<pin id="495" dir="0" index="150" bw="126" slack="0"/>
<pin id="496" dir="0" index="151" bw="127" slack="0"/>
<pin id="497" dir="0" index="152" bw="125" slack="0"/>
<pin id="498" dir="0" index="153" bw="125" slack="0"/>
<pin id="499" dir="0" index="154" bw="128" slack="0"/>
<pin id="500" dir="0" index="155" bw="125" slack="0"/>
<pin id="501" dir="0" index="156" bw="125" slack="0"/>
<pin id="502" dir="0" index="157" bw="124" slack="0"/>
<pin id="503" dir="0" index="158" bw="125" slack="0"/>
<pin id="504" dir="0" index="159" bw="125" slack="0"/>
<pin id="505" dir="0" index="160" bw="126" slack="0"/>
<pin id="506" dir="0" index="161" bw="125" slack="0"/>
<pin id="507" dir="0" index="162" bw="125" slack="0"/>
<pin id="508" dir="0" index="163" bw="125" slack="0"/>
<pin id="509" dir="0" index="164" bw="125" slack="0"/>
<pin id="510" dir="0" index="165" bw="126" slack="0"/>
<pin id="511" dir="0" index="166" bw="128" slack="0"/>
<pin id="512" dir="0" index="167" bw="125" slack="0"/>
<pin id="513" dir="0" index="168" bw="125" slack="0"/>
<pin id="514" dir="0" index="169" bw="125" slack="0"/>
<pin id="515" dir="0" index="170" bw="32" slack="0"/>
<pin id="516" dir="1" index="171" bw="0" slack="2147483647"/>
</pin_list>
<bind>
<opcode="call(48) " fcode="call"/>
<opset="StgValue_78/3 "/>
</bind>
</comp>

<comp id="619" class="1004" name="grp_load_and_calc_norm53_fu_619">
<pin_list>
<pin id="620" dir="0" index="0" bw="324" slack="0"/>
<pin id="621" dir="0" index="1" bw="64" slack="0"/>
<pin id="622" dir="0" index="2" bw="8" slack="0"/>
<pin id="623" dir="0" index="3" bw="8" slack="0"/>
<pin id="624" dir="0" index="4" bw="1" slack="0"/>
<pin id="625" dir="0" index="5" bw="1" slack="0"/>
<pin id="626" dir="0" index="6" bw="1" slack="0"/>
<pin id="627" dir="0" index="7" bw="1" slack="0"/>
<pin id="628" dir="0" index="8" bw="8" slack="0"/>
<pin id="629" dir="0" index="9" bw="8" slack="0"/>
<pin id="630" dir="0" index="10" bw="8" slack="0"/>
<pin id="631" dir="0" index="11" bw="8" slack="0"/>
<pin id="632" dir="0" index="12" bw="8" slack="0"/>
<pin id="633" dir="0" index="13" bw="8" slack="0"/>
<pin id="634" dir="0" index="14" bw="8" slack="0"/>
<pin id="635" dir="0" index="15" bw="8" slack="0"/>
<pin id="636" dir="0" index="16" bw="8" slack="0"/>
<pin id="637" dir="0" index="17" bw="8" slack="0"/>
<pin id="638" dir="0" index="18" bw="8" slack="0"/>
<pin id="639" dir="0" index="19" bw="8" slack="0"/>
<pin id="640" dir="0" index="20" bw="8" slack="0"/>
<pin id="641" dir="0" index="21" bw="8" slack="0"/>
<pin id="642" dir="0" index="22" bw="8" slack="0"/>
<pin id="643" dir="0" index="23" bw="8" slack="0"/>
<pin id="644" dir="0" index="24" bw="31" slack="0"/>
<pin id="645" dir="0" index="25" bw="32" slack="0"/>
<pin id="646" dir="0" index="26" bw="31" slack="0"/>
<pin id="647" dir="0" index="27" bw="32" slack="0"/>
<pin id="648" dir="1" index="28" bw="324" slack="0"/>
</pin_list>
<bind>
<opcode="call(48) " fcode="call"/>
<opset="call_ret/1 "/>
</bind>
</comp>

<comp id="675" class="1004" name="internal_norm_V_fu_675">
<pin_list>
<pin id="676" dir="0" index="0" bw="324" slack="0"/>
<pin id="677" dir="1" index="1" bw="24" slack="1"/>
</pin_list>
<bind>
<opcode="extractvalue(56) " fcode="extractvalue"/>
<opset="internal_norm_V/2 "/>
</bind>
</comp>

<comp id="679" class="1004" name="active_groups_0_V_fu_679">
<pin_list>
<pin id="680" dir="0" index="0" bw="324" slack="0"/>
<pin id="681" dir="1" index="1" bw="6" slack="1"/>
</pin_list>
<bind>
<opcode="extractvalue(56) " fcode="extractvalue"/>
<opset="active_groups_0_V/2 "/>
</bind>
</comp>

<comp id="683" class="1004" name="active_groups_1_V_fu_683">
<pin_list>
<pin id="684" dir="0" index="0" bw="324" slack="0"/>
<pin id="685" dir="1" index="1" bw="6" slack="1"/>
</pin_list>
<bind>
<opcode="extractvalue(56) " fcode="extractvalue"/>
<opset="active_groups_1_V/2 "/>
</bind>
</comp>

<comp id="687" class="1004" name="active_groups_2_V_fu_687">
<pin_list>
<pin id="688" dir="0" index="0" bw="324" slack="0"/>
<pin id="689" dir="1" index="1" bw="6" slack="1"/>
</pin_list>
<bind>
<opcode="extractvalue(56) " fcode="extractvalue"/>
<opset="active_groups_2_V/2 "/>
</bind>
</comp>

<comp id="691" class="1004" name="active_groups_3_V_fu_691">
<pin_list>
<pin id="692" dir="0" index="0" bw="324" slack="0"/>
<pin id="693" dir="1" index="1" bw="6" slack="1"/>
</pin_list>
<bind>
<opcode="extractvalue(56) " fcode="extractvalue"/>
<opset="active_groups_3_V/2 "/>
</bind>
</comp>

<comp id="695" class="1004" name="active_groups_4_V_fu_695">
<pin_list>
<pin id="696" dir="0" index="0" bw="324" slack="0"/>
<pin id="697" dir="1" index="1" bw="6" slack="1"/>
</pin_list>
<bind>
<opcode="extractvalue(56) " fcode="extractvalue"/>
<opset="active_groups_4_V/2 "/>
</bind>
</comp>

<comp id="699" class="1004" name="active_groups_5_V_fu_699">
<pin_list>
<pin id="700" dir="0" index="0" bw="324" slack="0"/>
<pin id="701" dir="1" index="1" bw="6" slack="1"/>
</pin_list>
<bind>
<opcode="extractvalue(56) " fcode="extractvalue"/>
<opset="active_groups_5_V/2 "/>
</bind>
</comp>

<comp id="703" class="1004" name="active_groups_6_V_fu_703">
<pin_list>
<pin id="704" dir="0" index="0" bw="324" slack="0"/>
<pin id="705" dir="1" index="1" bw="6" slack="1"/>
</pin_list>
<bind>
<opcode="extractvalue(56) " fcode="extractvalue"/>
<opset="active_groups_6_V/2 "/>
</bind>
</comp>

<comp id="707" class="1004" name="active_groups_7_V_fu_707">
<pin_list>
<pin id="708" dir="0" index="0" bw="324" slack="0"/>
<pin id="709" dir="1" index="1" bw="6" slack="1"/>
</pin_list>
<bind>
<opcode="extractvalue(56) " fcode="extractvalue"/>
<opset="active_groups_7_V/2 "/>
</bind>
</comp>

<comp id="711" class="1004" name="active_groups_8_V_fu_711">
<pin_list>
<pin id="712" dir="0" index="0" bw="324" slack="0"/>
<pin id="713" dir="1" index="1" bw="6" slack="1"/>
</pin_list>
<bind>
<opcode="extractvalue(56) " fcode="extractvalue"/>
<opset="active_groups_8_V/2 "/>
</bind>
</comp>

<comp id="715" class="1004" name="active_groups_9_V_fu_715">
<pin_list>
<pin id="716" dir="0" index="0" bw="324" slack="0"/>
<pin id="717" dir="1" index="1" bw="6" slack="1"/>
</pin_list>
<bind>
<opcode="extractvalue(56) " fcode="extractvalue"/>
<opset="active_groups_9_V/2 "/>
</bind>
</comp>

<comp id="719" class="1004" name="active_groups_10_V_fu_719">
<pin_list>
<pin id="720" dir="0" index="0" bw="324" slack="0"/>
<pin id="721" dir="1" index="1" bw="6" slack="1"/>
</pin_list>
<bind>
<opcode="extractvalue(56) " fcode="extractvalue"/>
<opset="active_groups_10_V/2 "/>
</bind>
</comp>

<comp id="723" class="1004" name="active_groups_11_V_fu_723">
<pin_list>
<pin id="724" dir="0" index="0" bw="324" slack="0"/>
<pin id="725" dir="1" index="1" bw="6" slack="1"/>
</pin_list>
<bind>
<opcode="extractvalue(56) " fcode="extractvalue"/>
<opset="active_groups_11_V/2 "/>
</bind>
</comp>

<comp id="727" class="1004" name="active_groups_12_V_fu_727">
<pin_list>
<pin id="728" dir="0" index="0" bw="324" slack="0"/>
<pin id="729" dir="1" index="1" bw="6" slack="1"/>
</pin_list>
<bind>
<opcode="extractvalue(56) " fcode="extractvalue"/>
<opset="active_groups_12_V/2 "/>
</bind>
</comp>

<comp id="731" class="1004" name="active_groups_13_V_fu_731">
<pin_list>
<pin id="732" dir="0" index="0" bw="324" slack="0"/>
<pin id="733" dir="1" index="1" bw="6" slack="1"/>
</pin_list>
<bind>
<opcode="extractvalue(56) " fcode="extractvalue"/>
<opset="active_groups_13_V/2 "/>
</bind>
</comp>

<comp id="735" class="1004" name="active_groups_14_V_fu_735">
<pin_list>
<pin id="736" dir="0" index="0" bw="324" slack="0"/>
<pin id="737" dir="1" index="1" bw="6" slack="1"/>
</pin_list>
<bind>
<opcode="extractvalue(56) " fcode="extractvalue"/>
<opset="active_groups_14_V/2 "/>
</bind>
</comp>

<comp id="739" class="1004" name="active_groups_15_V_fu_739">
<pin_list>
<pin id="740" dir="0" index="0" bw="324" slack="0"/>
<pin id="741" dir="1" index="1" bw="6" slack="1"/>
</pin_list>
<bind>
<opcode="extractvalue(56) " fcode="extractvalue"/>
<opset="active_groups_15_V/2 "/>
</bind>
</comp>

<comp id="743" class="1004" name="active_groups_16_V_fu_743">
<pin_list>
<pin id="744" dir="0" index="0" bw="324" slack="0"/>
<pin id="745" dir="1" index="1" bw="6" slack="1"/>
</pin_list>
<bind>
<opcode="extractvalue(56) " fcode="extractvalue"/>
<opset="active_groups_16_V/2 "/>
</bind>
</comp>

<comp id="747" class="1004" name="active_groups_17_V_fu_747">
<pin_list>
<pin id="748" dir="0" index="0" bw="324" slack="0"/>
<pin id="749" dir="1" index="1" bw="6" slack="1"/>
</pin_list>
<bind>
<opcode="extractvalue(56) " fcode="extractvalue"/>
<opset="active_groups_17_V/2 "/>
</bind>
</comp>

<comp id="751" class="1004" name="active_groups_18_V_fu_751">
<pin_list>
<pin id="752" dir="0" index="0" bw="324" slack="0"/>
<pin id="753" dir="1" index="1" bw="6" slack="1"/>
</pin_list>
<bind>
<opcode="extractvalue(56) " fcode="extractvalue"/>
<opset="active_groups_18_V/2 "/>
</bind>
</comp>

<comp id="755" class="1004" name="active_groups_19_V_fu_755">
<pin_list>
<pin id="756" dir="0" index="0" bw="324" slack="0"/>
<pin id="757" dir="1" index="1" bw="6" slack="1"/>
</pin_list>
<bind>
<opcode="extractvalue(56) " fcode="extractvalue"/>
<opset="active_groups_19_V/2 "/>
</bind>
</comp>

<comp id="759" class="1004" name="active_groups_20_V_fu_759">
<pin_list>
<pin id="760" dir="0" index="0" bw="324" slack="0"/>
<pin id="761" dir="1" index="1" bw="6" slack="1"/>
</pin_list>
<bind>
<opcode="extractvalue(56) " fcode="extractvalue"/>
<opset="active_groups_20_V/2 "/>
</bind>
</comp>

<comp id="763" class="1004" name="active_groups_21_V_fu_763">
<pin_list>
<pin id="764" dir="0" index="0" bw="324" slack="0"/>
<pin id="765" dir="1" index="1" bw="6" slack="1"/>
</pin_list>
<bind>
<opcode="extractvalue(56) " fcode="extractvalue"/>
<opset="active_groups_21_V/2 "/>
</bind>
</comp>

<comp id="767" class="1004" name="active_groups_22_V_fu_767">
<pin_list>
<pin id="768" dir="0" index="0" bw="324" slack="0"/>
<pin id="769" dir="1" index="1" bw="6" slack="1"/>
</pin_list>
<bind>
<opcode="extractvalue(56) " fcode="extractvalue"/>
<opset="active_groups_22_V/2 "/>
</bind>
</comp>

<comp id="771" class="1004" name="active_groups_23_V_fu_771">
<pin_list>
<pin id="772" dir="0" index="0" bw="324" slack="0"/>
<pin id="773" dir="1" index="1" bw="6" slack="1"/>
</pin_list>
<bind>
<opcode="extractvalue(56) " fcode="extractvalue"/>
<opset="active_groups_23_V/2 "/>
</bind>
</comp>

<comp id="775" class="1004" name="active_groups_24_V_fu_775">
<pin_list>
<pin id="776" dir="0" index="0" bw="324" slack="0"/>
<pin id="777" dir="1" index="1" bw="6" slack="1"/>
</pin_list>
<bind>
<opcode="extractvalue(56) " fcode="extractvalue"/>
<opset="active_groups_24_V/2 "/>
</bind>
</comp>

<comp id="779" class="1004" name="active_groups_25_V_fu_779">
<pin_list>
<pin id="780" dir="0" index="0" bw="324" slack="0"/>
<pin id="781" dir="1" index="1" bw="6" slack="1"/>
</pin_list>
<bind>
<opcode="extractvalue(56) " fcode="extractvalue"/>
<opset="active_groups_25_V/2 "/>
</bind>
</comp>

<comp id="783" class="1004" name="active_groups_26_V_fu_783">
<pin_list>
<pin id="784" dir="0" index="0" bw="324" slack="0"/>
<pin id="785" dir="1" index="1" bw="6" slack="1"/>
</pin_list>
<bind>
<opcode="extractvalue(56) " fcode="extractvalue"/>
<opset="active_groups_26_V/2 "/>
</bind>
</comp>

<comp id="787" class="1004" name="active_groups_27_V_fu_787">
<pin_list>
<pin id="788" dir="0" index="0" bw="324" slack="0"/>
<pin id="789" dir="1" index="1" bw="6" slack="1"/>
</pin_list>
<bind>
<opcode="extractvalue(56) " fcode="extractvalue"/>
<opset="active_groups_27_V/2 "/>
</bind>
</comp>

<comp id="791" class="1004" name="active_groups_28_V_fu_791">
<pin_list>
<pin id="792" dir="0" index="0" bw="324" slack="0"/>
<pin id="793" dir="1" index="1" bw="6" slack="1"/>
</pin_list>
<bind>
<opcode="extractvalue(56) " fcode="extractvalue"/>
<opset="active_groups_28_V/2 "/>
</bind>
</comp>

<comp id="795" class="1004" name="active_groups_29_V_fu_795">
<pin_list>
<pin id="796" dir="0" index="0" bw="324" slack="0"/>
<pin id="797" dir="1" index="1" bw="6" slack="1"/>
</pin_list>
<bind>
<opcode="extractvalue(56) " fcode="extractvalue"/>
<opset="active_groups_29_V/2 "/>
</bind>
</comp>

<comp id="799" class="1004" name="active_groups_30_V_fu_799">
<pin_list>
<pin id="800" dir="0" index="0" bw="324" slack="0"/>
<pin id="801" dir="1" index="1" bw="6" slack="1"/>
</pin_list>
<bind>
<opcode="extractvalue(56) " fcode="extractvalue"/>
<opset="active_groups_30_V/2 "/>
</bind>
</comp>

<comp id="803" class="1004" name="active_groups_31_V_fu_803">
<pin_list>
<pin id="804" dir="0" index="0" bw="324" slack="0"/>
<pin id="805" dir="1" index="1" bw="6" slack="1"/>
</pin_list>
<bind>
<opcode="extractvalue(56) " fcode="extractvalue"/>
<opset="active_groups_31_V/2 "/>
</bind>
</comp>

<comp id="807" class="1004" name="active_groups_32_V_fu_807">
<pin_list>
<pin id="808" dir="0" index="0" bw="324" slack="0"/>
<pin id="809" dir="1" index="1" bw="6" slack="1"/>
</pin_list>
<bind>
<opcode="extractvalue(56) " fcode="extractvalue"/>
<opset="active_groups_32_V/2 "/>
</bind>
</comp>

<comp id="811" class="1004" name="active_groups_33_V_fu_811">
<pin_list>
<pin id="812" dir="0" index="0" bw="324" slack="0"/>
<pin id="813" dir="1" index="1" bw="6" slack="1"/>
</pin_list>
<bind>
<opcode="extractvalue(56) " fcode="extractvalue"/>
<opset="active_groups_33_V/2 "/>
</bind>
</comp>

<comp id="815" class="1004" name="active_groups_34_V_fu_815">
<pin_list>
<pin id="816" dir="0" index="0" bw="324" slack="0"/>
<pin id="817" dir="1" index="1" bw="6" slack="1"/>
</pin_list>
<bind>
<opcode="extractvalue(56) " fcode="extractvalue"/>
<opset="active_groups_34_V/2 "/>
</bind>
</comp>

<comp id="819" class="1004" name="active_groups_35_V_fu_819">
<pin_list>
<pin id="820" dir="0" index="0" bw="324" slack="0"/>
<pin id="821" dir="1" index="1" bw="6" slack="1"/>
</pin_list>
<bind>
<opcode="extractvalue(56) " fcode="extractvalue"/>
<opset="active_groups_35_V/2 "/>
</bind>
</comp>

<comp id="823" class="1004" name="active_groups_36_V_fu_823">
<pin_list>
<pin id="824" dir="0" index="0" bw="324" slack="0"/>
<pin id="825" dir="1" index="1" bw="6" slack="1"/>
</pin_list>
<bind>
<opcode="extractvalue(56) " fcode="extractvalue"/>
<opset="active_groups_36_V/2 "/>
</bind>
</comp>

<comp id="827" class="1004" name="active_groups_37_V_fu_827">
<pin_list>
<pin id="828" dir="0" index="0" bw="324" slack="0"/>
<pin id="829" dir="1" index="1" bw="6" slack="1"/>
</pin_list>
<bind>
<opcode="extractvalue(56) " fcode="extractvalue"/>
<opset="active_groups_37_V/2 "/>
</bind>
</comp>

<comp id="831" class="1004" name="active_groups_38_V_fu_831">
<pin_list>
<pin id="832" dir="0" index="0" bw="324" slack="0"/>
<pin id="833" dir="1" index="1" bw="6" slack="1"/>
</pin_list>
<bind>
<opcode="extractvalue(56) " fcode="extractvalue"/>
<opset="active_groups_38_V/2 "/>
</bind>
</comp>

<comp id="835" class="1004" name="active_groups_39_V_fu_835">
<pin_list>
<pin id="836" dir="0" index="0" bw="324" slack="0"/>
<pin id="837" dir="1" index="1" bw="6" slack="1"/>
</pin_list>
<bind>
<opcode="extractvalue(56) " fcode="extractvalue"/>
<opset="active_groups_39_V/2 "/>
</bind>
</comp>

<comp id="839" class="1004" name="active_groups_40_V_fu_839">
<pin_list>
<pin id="840" dir="0" index="0" bw="324" slack="0"/>
<pin id="841" dir="1" index="1" bw="6" slack="1"/>
</pin_list>
<bind>
<opcode="extractvalue(56) " fcode="extractvalue"/>
<opset="active_groups_40_V/2 "/>
</bind>
</comp>

<comp id="843" class="1004" name="active_groups_41_V_fu_843">
<pin_list>
<pin id="844" dir="0" index="0" bw="324" slack="0"/>
<pin id="845" dir="1" index="1" bw="6" slack="1"/>
</pin_list>
<bind>
<opcode="extractvalue(56) " fcode="extractvalue"/>
<opset="active_groups_41_V/2 "/>
</bind>
</comp>

<comp id="847" class="1004" name="active_groups_42_V_fu_847">
<pin_list>
<pin id="848" dir="0" index="0" bw="324" slack="0"/>
<pin id="849" dir="1" index="1" bw="6" slack="1"/>
</pin_list>
<bind>
<opcode="extractvalue(56) " fcode="extractvalue"/>
<opset="active_groups_42_V/2 "/>
</bind>
</comp>

<comp id="851" class="1004" name="active_groups_43_V_fu_851">
<pin_list>
<pin id="852" dir="0" index="0" bw="324" slack="0"/>
<pin id="853" dir="1" index="1" bw="6" slack="1"/>
</pin_list>
<bind>
<opcode="extractvalue(56) " fcode="extractvalue"/>
<opset="active_groups_43_V/2 "/>
</bind>
</comp>

<comp id="855" class="1004" name="active_groups_44_V_fu_855">
<pin_list>
<pin id="856" dir="0" index="0" bw="324" slack="0"/>
<pin id="857" dir="1" index="1" bw="6" slack="1"/>
</pin_list>
<bind>
<opcode="extractvalue(56) " fcode="extractvalue"/>
<opset="active_groups_44_V/2 "/>
</bind>
</comp>

<comp id="859" class="1004" name="active_groups_45_V_fu_859">
<pin_list>
<pin id="860" dir="0" index="0" bw="324" slack="0"/>
<pin id="861" dir="1" index="1" bw="6" slack="1"/>
</pin_list>
<bind>
<opcode="extractvalue(56) " fcode="extractvalue"/>
<opset="active_groups_45_V/2 "/>
</bind>
</comp>

<comp id="863" class="1004" name="active_groups_46_V_fu_863">
<pin_list>
<pin id="864" dir="0" index="0" bw="324" slack="0"/>
<pin id="865" dir="1" index="1" bw="6" slack="1"/>
</pin_list>
<bind>
<opcode="extractvalue(56) " fcode="extractvalue"/>
<opset="active_groups_46_V/2 "/>
</bind>
</comp>

<comp id="867" class="1004" name="active_groups_47_V_fu_867">
<pin_list>
<pin id="868" dir="0" index="0" bw="324" slack="0"/>
<pin id="869" dir="1" index="1" bw="6" slack="1"/>
</pin_list>
<bind>
<opcode="extractvalue(56) " fcode="extractvalue"/>
<opset="active_groups_47_V/2 "/>
</bind>
</comp>

<comp id="871" class="1004" name="active_groups_48_V_fu_871">
<pin_list>
<pin id="872" dir="0" index="0" bw="324" slack="0"/>
<pin id="873" dir="1" index="1" bw="6" slack="1"/>
</pin_list>
<bind>
<opcode="extractvalue(56) " fcode="extractvalue"/>
<opset="active_groups_48_V/2 "/>
</bind>
</comp>

<comp id="875" class="1004" name="active_count_V_fu_875">
<pin_list>
<pin id="876" dir="0" index="0" bw="324" slack="0"/>
<pin id="877" dir="1" index="1" bw="6" slack="1"/>
</pin_list>
<bind>
<opcode="extractvalue(56) " fcode="extractvalue"/>
<opset="active_count_V/2 "/>
</bind>
</comp>

<comp id="879" class="1005" name="num_images_read_reg_879">
<pin_list>
<pin id="880" dir="0" index="0" bw="32" slack="1"/>
<pin id="881" dir="1" index="1" bw="32" slack="1"/>
</pin_list>
<bind>
<opset="num_images_read "/>
</bind>
</comp>

<comp id="884" class="1005" name="n_read_reg_884">
<pin_list>
<pin id="885" dir="0" index="0" bw="31" slack="1"/>
<pin id="886" dir="1" index="1" bw="31" slack="1"/>
</pin_list>
<bind>
<opset="n_read "/>
</bind>
</comp>

<comp id="889" class="1005" name="num_images_c_reg_889">
<pin_list>
<pin id="890" dir="0" index="0" bw="32" slack="0"/>
<pin id="891" dir="1" index="1" bw="32" slack="0"/>
</pin_list>
<bind>
<opset="num_images_c "/>
</bind>
</comp>

<comp id="895" class="1005" name="n_c_reg_895">
<pin_list>
<pin id="896" dir="0" index="0" bw="31" slack="0"/>
<pin id="897" dir="1" index="1" bw="31" slack="0"/>
</pin_list>
<bind>
<opset="n_c "/>
</bind>
</comp>

<comp id="901" class="1005" name="internal_norm_V_reg_901">
<pin_list>
<pin id="902" dir="0" index="0" bw="24" slack="1"/>
<pin id="903" dir="1" index="1" bw="24" slack="1"/>
</pin_list>
<bind>
<opset="internal_norm_V "/>
</bind>
</comp>

<comp id="906" class="1005" name="active_groups_0_V_reg_906">
<pin_list>
<pin id="907" dir="0" index="0" bw="6" slack="1"/>
<pin id="908" dir="1" index="1" bw="6" slack="1"/>
</pin_list>
<bind>
<opset="active_groups_0_V "/>
</bind>
</comp>

<comp id="911" class="1005" name="active_groups_1_V_reg_911">
<pin_list>
<pin id="912" dir="0" index="0" bw="6" slack="1"/>
<pin id="913" dir="1" index="1" bw="6" slack="1"/>
</pin_list>
<bind>
<opset="active_groups_1_V "/>
</bind>
</comp>

<comp id="916" class="1005" name="active_groups_2_V_reg_916">
<pin_list>
<pin id="917" dir="0" index="0" bw="6" slack="1"/>
<pin id="918" dir="1" index="1" bw="6" slack="1"/>
</pin_list>
<bind>
<opset="active_groups_2_V "/>
</bind>
</comp>

<comp id="921" class="1005" name="active_groups_3_V_reg_921">
<pin_list>
<pin id="922" dir="0" index="0" bw="6" slack="1"/>
<pin id="923" dir="1" index="1" bw="6" slack="1"/>
</pin_list>
<bind>
<opset="active_groups_3_V "/>
</bind>
</comp>

<comp id="926" class="1005" name="active_groups_4_V_reg_926">
<pin_list>
<pin id="927" dir="0" index="0" bw="6" slack="1"/>
<pin id="928" dir="1" index="1" bw="6" slack="1"/>
</pin_list>
<bind>
<opset="active_groups_4_V "/>
</bind>
</comp>

<comp id="931" class="1005" name="active_groups_5_V_reg_931">
<pin_list>
<pin id="932" dir="0" index="0" bw="6" slack="1"/>
<pin id="933" dir="1" index="1" bw="6" slack="1"/>
</pin_list>
<bind>
<opset="active_groups_5_V "/>
</bind>
</comp>

<comp id="936" class="1005" name="active_groups_6_V_reg_936">
<pin_list>
<pin id="937" dir="0" index="0" bw="6" slack="1"/>
<pin id="938" dir="1" index="1" bw="6" slack="1"/>
</pin_list>
<bind>
<opset="active_groups_6_V "/>
</bind>
</comp>

<comp id="941" class="1005" name="active_groups_7_V_reg_941">
<pin_list>
<pin id="942" dir="0" index="0" bw="6" slack="1"/>
<pin id="943" dir="1" index="1" bw="6" slack="1"/>
</pin_list>
<bind>
<opset="active_groups_7_V "/>
</bind>
</comp>

<comp id="946" class="1005" name="active_groups_8_V_reg_946">
<pin_list>
<pin id="947" dir="0" index="0" bw="6" slack="1"/>
<pin id="948" dir="1" index="1" bw="6" slack="1"/>
</pin_list>
<bind>
<opset="active_groups_8_V "/>
</bind>
</comp>

<comp id="951" class="1005" name="active_groups_9_V_reg_951">
<pin_list>
<pin id="952" dir="0" index="0" bw="6" slack="1"/>
<pin id="953" dir="1" index="1" bw="6" slack="1"/>
</pin_list>
<bind>
<opset="active_groups_9_V "/>
</bind>
</comp>

<comp id="956" class="1005" name="active_groups_10_V_reg_956">
<pin_list>
<pin id="957" dir="0" index="0" bw="6" slack="1"/>
<pin id="958" dir="1" index="1" bw="6" slack="1"/>
</pin_list>
<bind>
<opset="active_groups_10_V "/>
</bind>
</comp>

<comp id="961" class="1005" name="active_groups_11_V_reg_961">
<pin_list>
<pin id="962" dir="0" index="0" bw="6" slack="1"/>
<pin id="963" dir="1" index="1" bw="6" slack="1"/>
</pin_list>
<bind>
<opset="active_groups_11_V "/>
</bind>
</comp>

<comp id="966" class="1005" name="active_groups_12_V_reg_966">
<pin_list>
<pin id="967" dir="0" index="0" bw="6" slack="1"/>
<pin id="968" dir="1" index="1" bw="6" slack="1"/>
</pin_list>
<bind>
<opset="active_groups_12_V "/>
</bind>
</comp>

<comp id="971" class="1005" name="active_groups_13_V_reg_971">
<pin_list>
<pin id="972" dir="0" index="0" bw="6" slack="1"/>
<pin id="973" dir="1" index="1" bw="6" slack="1"/>
</pin_list>
<bind>
<opset="active_groups_13_V "/>
</bind>
</comp>

<comp id="976" class="1005" name="active_groups_14_V_reg_976">
<pin_list>
<pin id="977" dir="0" index="0" bw="6" slack="1"/>
<pin id="978" dir="1" index="1" bw="6" slack="1"/>
</pin_list>
<bind>
<opset="active_groups_14_V "/>
</bind>
</comp>

<comp id="981" class="1005" name="active_groups_15_V_reg_981">
<pin_list>
<pin id="982" dir="0" index="0" bw="6" slack="1"/>
<pin id="983" dir="1" index="1" bw="6" slack="1"/>
</pin_list>
<bind>
<opset="active_groups_15_V "/>
</bind>
</comp>

<comp id="986" class="1005" name="active_groups_16_V_reg_986">
<pin_list>
<pin id="987" dir="0" index="0" bw="6" slack="1"/>
<pin id="988" dir="1" index="1" bw="6" slack="1"/>
</pin_list>
<bind>
<opset="active_groups_16_V "/>
</bind>
</comp>

<comp id="991" class="1005" name="active_groups_17_V_reg_991">
<pin_list>
<pin id="992" dir="0" index="0" bw="6" slack="1"/>
<pin id="993" dir="1" index="1" bw="6" slack="1"/>
</pin_list>
<bind>
<opset="active_groups_17_V "/>
</bind>
</comp>

<comp id="996" class="1005" name="active_groups_18_V_reg_996">
<pin_list>
<pin id="997" dir="0" index="0" bw="6" slack="1"/>
<pin id="998" dir="1" index="1" bw="6" slack="1"/>
</pin_list>
<bind>
<opset="active_groups_18_V "/>
</bind>
</comp>

<comp id="1001" class="1005" name="active_groups_19_V_reg_1001">
<pin_list>
<pin id="1002" dir="0" index="0" bw="6" slack="1"/>
<pin id="1003" dir="1" index="1" bw="6" slack="1"/>
</pin_list>
<bind>
<opset="active_groups_19_V "/>
</bind>
</comp>

<comp id="1006" class="1005" name="active_groups_20_V_reg_1006">
<pin_list>
<pin id="1007" dir="0" index="0" bw="6" slack="1"/>
<pin id="1008" dir="1" index="1" bw="6" slack="1"/>
</pin_list>
<bind>
<opset="active_groups_20_V "/>
</bind>
</comp>

<comp id="1011" class="1005" name="active_groups_21_V_reg_1011">
<pin_list>
<pin id="1012" dir="0" index="0" bw="6" slack="1"/>
<pin id="1013" dir="1" index="1" bw="6" slack="1"/>
</pin_list>
<bind>
<opset="active_groups_21_V "/>
</bind>
</comp>

<comp id="1016" class="1005" name="active_groups_22_V_reg_1016">
<pin_list>
<pin id="1017" dir="0" index="0" bw="6" slack="1"/>
<pin id="1018" dir="1" index="1" bw="6" slack="1"/>
</pin_list>
<bind>
<opset="active_groups_22_V "/>
</bind>
</comp>

<comp id="1021" class="1005" name="active_groups_23_V_reg_1021">
<pin_list>
<pin id="1022" dir="0" index="0" bw="6" slack="1"/>
<pin id="1023" dir="1" index="1" bw="6" slack="1"/>
</pin_list>
<bind>
<opset="active_groups_23_V "/>
</bind>
</comp>

<comp id="1026" class="1005" name="active_groups_24_V_reg_1026">
<pin_list>
<pin id="1027" dir="0" index="0" bw="6" slack="1"/>
<pin id="1028" dir="1" index="1" bw="6" slack="1"/>
</pin_list>
<bind>
<opset="active_groups_24_V "/>
</bind>
</comp>

<comp id="1031" class="1005" name="active_groups_25_V_reg_1031">
<pin_list>
<pin id="1032" dir="0" index="0" bw="6" slack="1"/>
<pin id="1033" dir="1" index="1" bw="6" slack="1"/>
</pin_list>
<bind>
<opset="active_groups_25_V "/>
</bind>
</comp>

<comp id="1036" class="1005" name="active_groups_26_V_reg_1036">
<pin_list>
<pin id="1037" dir="0" index="0" bw="6" slack="1"/>
<pin id="1038" dir="1" index="1" bw="6" slack="1"/>
</pin_list>
<bind>
<opset="active_groups_26_V "/>
</bind>
</comp>

<comp id="1041" class="1005" name="active_groups_27_V_reg_1041">
<pin_list>
<pin id="1042" dir="0" index="0" bw="6" slack="1"/>
<pin id="1043" dir="1" index="1" bw="6" slack="1"/>
</pin_list>
<bind>
<opset="active_groups_27_V "/>
</bind>
</comp>

<comp id="1046" class="1005" name="active_groups_28_V_reg_1046">
<pin_list>
<pin id="1047" dir="0" index="0" bw="6" slack="1"/>
<pin id="1048" dir="1" index="1" bw="6" slack="1"/>
</pin_list>
<bind>
<opset="active_groups_28_V "/>
</bind>
</comp>

<comp id="1051" class="1005" name="active_groups_29_V_reg_1051">
<pin_list>
<pin id="1052" dir="0" index="0" bw="6" slack="1"/>
<pin id="1053" dir="1" index="1" bw="6" slack="1"/>
</pin_list>
<bind>
<opset="active_groups_29_V "/>
</bind>
</comp>

<comp id="1056" class="1005" name="active_groups_30_V_reg_1056">
<pin_list>
<pin id="1057" dir="0" index="0" bw="6" slack="1"/>
<pin id="1058" dir="1" index="1" bw="6" slack="1"/>
</pin_list>
<bind>
<opset="active_groups_30_V "/>
</bind>
</comp>

<comp id="1061" class="1005" name="active_groups_31_V_reg_1061">
<pin_list>
<pin id="1062" dir="0" index="0" bw="6" slack="1"/>
<pin id="1063" dir="1" index="1" bw="6" slack="1"/>
</pin_list>
<bind>
<opset="active_groups_31_V "/>
</bind>
</comp>

<comp id="1066" class="1005" name="active_groups_32_V_reg_1066">
<pin_list>
<pin id="1067" dir="0" index="0" bw="6" slack="1"/>
<pin id="1068" dir="1" index="1" bw="6" slack="1"/>
</pin_list>
<bind>
<opset="active_groups_32_V "/>
</bind>
</comp>

<comp id="1071" class="1005" name="active_groups_33_V_reg_1071">
<pin_list>
<pin id="1072" dir="0" index="0" bw="6" slack="1"/>
<pin id="1073" dir="1" index="1" bw="6" slack="1"/>
</pin_list>
<bind>
<opset="active_groups_33_V "/>
</bind>
</comp>

<comp id="1076" class="1005" name="active_groups_34_V_reg_1076">
<pin_list>
<pin id="1077" dir="0" index="0" bw="6" slack="1"/>
<pin id="1078" dir="1" index="1" bw="6" slack="1"/>
</pin_list>
<bind>
<opset="active_groups_34_V "/>
</bind>
</comp>

<comp id="1081" class="1005" name="active_groups_35_V_reg_1081">
<pin_list>
<pin id="1082" dir="0" index="0" bw="6" slack="1"/>
<pin id="1083" dir="1" index="1" bw="6" slack="1"/>
</pin_list>
<bind>
<opset="active_groups_35_V "/>
</bind>
</comp>

<comp id="1086" class="1005" name="active_groups_36_V_reg_1086">
<pin_list>
<pin id="1087" dir="0" index="0" bw="6" slack="1"/>
<pin id="1088" dir="1" index="1" bw="6" slack="1"/>
</pin_list>
<bind>
<opset="active_groups_36_V "/>
</bind>
</comp>

<comp id="1091" class="1005" name="active_groups_37_V_reg_1091">
<pin_list>
<pin id="1092" dir="0" index="0" bw="6" slack="1"/>
<pin id="1093" dir="1" index="1" bw="6" slack="1"/>
</pin_list>
<bind>
<opset="active_groups_37_V "/>
</bind>
</comp>

<comp id="1096" class="1005" name="active_groups_38_V_reg_1096">
<pin_list>
<pin id="1097" dir="0" index="0" bw="6" slack="1"/>
<pin id="1098" dir="1" index="1" bw="6" slack="1"/>
</pin_list>
<bind>
<opset="active_groups_38_V "/>
</bind>
</comp>

<comp id="1101" class="1005" name="active_groups_39_V_reg_1101">
<pin_list>
<pin id="1102" dir="0" index="0" bw="6" slack="1"/>
<pin id="1103" dir="1" index="1" bw="6" slack="1"/>
</pin_list>
<bind>
<opset="active_groups_39_V "/>
</bind>
</comp>

<comp id="1106" class="1005" name="active_groups_40_V_reg_1106">
<pin_list>
<pin id="1107" dir="0" index="0" bw="6" slack="1"/>
<pin id="1108" dir="1" index="1" bw="6" slack="1"/>
</pin_list>
<bind>
<opset="active_groups_40_V "/>
</bind>
</comp>

<comp id="1111" class="1005" name="active_groups_41_V_reg_1111">
<pin_list>
<pin id="1112" dir="0" index="0" bw="6" slack="1"/>
<pin id="1113" dir="1" index="1" bw="6" slack="1"/>
</pin_list>
<bind>
<opset="active_groups_41_V "/>
</bind>
</comp>

<comp id="1116" class="1005" name="active_groups_42_V_reg_1116">
<pin_list>
<pin id="1117" dir="0" index="0" bw="6" slack="1"/>
<pin id="1118" dir="1" index="1" bw="6" slack="1"/>
</pin_list>
<bind>
<opset="active_groups_42_V "/>
</bind>
</comp>

<comp id="1121" class="1005" name="active_groups_43_V_reg_1121">
<pin_list>
<pin id="1122" dir="0" index="0" bw="6" slack="1"/>
<pin id="1123" dir="1" index="1" bw="6" slack="1"/>
</pin_list>
<bind>
<opset="active_groups_43_V "/>
</bind>
</comp>

<comp id="1126" class="1005" name="active_groups_44_V_reg_1126">
<pin_list>
<pin id="1127" dir="0" index="0" bw="6" slack="1"/>
<pin id="1128" dir="1" index="1" bw="6" slack="1"/>
</pin_list>
<bind>
<opset="active_groups_44_V "/>
</bind>
</comp>

<comp id="1131" class="1005" name="active_groups_45_V_reg_1131">
<pin_list>
<pin id="1132" dir="0" index="0" bw="6" slack="1"/>
<pin id="1133" dir="1" index="1" bw="6" slack="1"/>
</pin_list>
<bind>
<opset="active_groups_45_V "/>
</bind>
</comp>

<comp id="1136" class="1005" name="active_groups_46_V_reg_1136">
<pin_list>
<pin id="1137" dir="0" index="0" bw="6" slack="1"/>
<pin id="1138" dir="1" index="1" bw="6" slack="1"/>
</pin_list>
<bind>
<opset="active_groups_46_V "/>
</bind>
</comp>

<comp id="1141" class="1005" name="active_groups_47_V_reg_1141">
<pin_list>
<pin id="1142" dir="0" index="0" bw="6" slack="1"/>
<pin id="1143" dir="1" index="1" bw="6" slack="1"/>
</pin_list>
<bind>
<opset="active_groups_47_V "/>
</bind>
</comp>

<comp id="1146" class="1005" name="active_groups_48_V_reg_1146">
<pin_list>
<pin id="1147" dir="0" index="0" bw="6" slack="1"/>
<pin id="1148" dir="1" index="1" bw="6" slack="1"/>
</pin_list>
<bind>
<opset="active_groups_48_V "/>
</bind>
</comp>

<comp id="1151" class="1005" name="active_count_V_reg_1151">
<pin_list>
<pin id="1152" dir="0" index="0" bw="6" slack="1"/>
<pin id="1153" dir="1" index="1" bw="6" slack="1"/>
</pin_list>
<bind>
<opset="active_count_V "/>
</bind>
</comp>

</comp_list>

<net_list>
<net id="263"><net_src comp="224" pin="0"/><net_sink comp="260" pin=0"/></net>

<net id="267"><net_src comp="224" pin="0"/><net_sink comp="264" pin=0"/></net>

<net id="271"><net_src comp="224" pin="0"/><net_sink comp="268" pin=0"/></net>

<net id="275"><net_src comp="224" pin="0"/><net_sink comp="272" pin=0"/></net>

<net id="279"><net_src comp="224" pin="0"/><net_sink comp="276" pin=0"/></net>

<net id="283"><net_src comp="224" pin="0"/><net_sink comp="280" pin=0"/></net>

<net id="287"><net_src comp="224" pin="0"/><net_sink comp="284" pin=0"/></net>

<net id="291"><net_src comp="224" pin="0"/><net_sink comp="288" pin=0"/></net>

<net id="295"><net_src comp="224" pin="0"/><net_sink comp="292" pin=0"/></net>

<net id="299"><net_src comp="224" pin="0"/><net_sink comp="296" pin=0"/></net>

<net id="303"><net_src comp="224" pin="0"/><net_sink comp="300" pin=0"/></net>

<net id="307"><net_src comp="224" pin="0"/><net_sink comp="304" pin=0"/></net>

<net id="311"><net_src comp="224" pin="0"/><net_sink comp="308" pin=0"/></net>

<net id="315"><net_src comp="224" pin="0"/><net_sink comp="312" pin=0"/></net>

<net id="319"><net_src comp="224" pin="0"/><net_sink comp="316" pin=0"/></net>

<net id="323"><net_src comp="224" pin="0"/><net_sink comp="320" pin=0"/></net>

<net id="327"><net_src comp="224" pin="0"/><net_sink comp="324" pin=0"/></net>

<net id="331"><net_src comp="224" pin="0"/><net_sink comp="328" pin=0"/></net>

<net id="336"><net_src comp="220" pin="0"/><net_sink comp="332" pin=0"/></net>

<net id="337"><net_src comp="24" pin="0"/><net_sink comp="332" pin=1"/></net>

<net id="342"><net_src comp="222" pin="0"/><net_sink comp="338" pin=0"/></net>

<net id="343"><net_src comp="22" pin="0"/><net_sink comp="338" pin=1"/></net>

<net id="517"><net_src comp="228" pin="0"/><net_sink comp="344" pin=0"/></net>

<net id="518"><net_src comp="14" pin="0"/><net_sink comp="344" pin=68"/></net>

<net id="519"><net_src comp="16" pin="0"/><net_sink comp="344" pin=69"/></net>

<net id="520"><net_src comp="18" pin="0"/><net_sink comp="344" pin=70"/></net>

<net id="521"><net_src comp="20" pin="0"/><net_sink comp="344" pin=71"/></net>

<net id="522"><net_src comp="26" pin="0"/><net_sink comp="344" pin=74"/></net>

<net id="523"><net_src comp="28" pin="0"/><net_sink comp="344" pin=75"/></net>

<net id="524"><net_src comp="30" pin="0"/><net_sink comp="344" pin=76"/></net>

<net id="525"><net_src comp="32" pin="0"/><net_sink comp="344" pin=77"/></net>

<net id="526"><net_src comp="34" pin="0"/><net_sink comp="344" pin=78"/></net>

<net id="527"><net_src comp="36" pin="0"/><net_sink comp="344" pin=79"/></net>

<net id="528"><net_src comp="38" pin="0"/><net_sink comp="344" pin=80"/></net>

<net id="529"><net_src comp="40" pin="0"/><net_sink comp="344" pin=81"/></net>

<net id="530"><net_src comp="42" pin="0"/><net_sink comp="344" pin=82"/></net>

<net id="531"><net_src comp="44" pin="0"/><net_sink comp="344" pin=83"/></net>

<net id="532"><net_src comp="46" pin="0"/><net_sink comp="344" pin=84"/></net>

<net id="533"><net_src comp="48" pin="0"/><net_sink comp="344" pin=85"/></net>

<net id="534"><net_src comp="50" pin="0"/><net_sink comp="344" pin=86"/></net>

<net id="535"><net_src comp="52" pin="0"/><net_sink comp="344" pin=87"/></net>

<net id="536"><net_src comp="54" pin="0"/><net_sink comp="344" pin=88"/></net>

<net id="537"><net_src comp="56" pin="0"/><net_sink comp="344" pin=89"/></net>

<net id="538"><net_src comp="58" pin="0"/><net_sink comp="344" pin=90"/></net>

<net id="539"><net_src comp="60" pin="0"/><net_sink comp="344" pin=91"/></net>

<net id="540"><net_src comp="62" pin="0"/><net_sink comp="344" pin=92"/></net>

<net id="541"><net_src comp="64" pin="0"/><net_sink comp="344" pin=93"/></net>

<net id="542"><net_src comp="66" pin="0"/><net_sink comp="344" pin=94"/></net>

<net id="543"><net_src comp="68" pin="0"/><net_sink comp="344" pin=95"/></net>

<net id="544"><net_src comp="70" pin="0"/><net_sink comp="344" pin=96"/></net>

<net id="545"><net_src comp="72" pin="0"/><net_sink comp="344" pin=97"/></net>

<net id="546"><net_src comp="74" pin="0"/><net_sink comp="344" pin=98"/></net>

<net id="547"><net_src comp="76" pin="0"/><net_sink comp="344" pin=99"/></net>

<net id="548"><net_src comp="78" pin="0"/><net_sink comp="344" pin=100"/></net>

<net id="549"><net_src comp="80" pin="0"/><net_sink comp="344" pin=101"/></net>

<net id="550"><net_src comp="82" pin="0"/><net_sink comp="344" pin=102"/></net>

<net id="551"><net_src comp="84" pin="0"/><net_sink comp="344" pin=103"/></net>

<net id="552"><net_src comp="86" pin="0"/><net_sink comp="344" pin=104"/></net>

<net id="553"><net_src comp="88" pin="0"/><net_sink comp="344" pin=105"/></net>

<net id="554"><net_src comp="90" pin="0"/><net_sink comp="344" pin=106"/></net>

<net id="555"><net_src comp="92" pin="0"/><net_sink comp="344" pin=107"/></net>

<net id="556"><net_src comp="94" pin="0"/><net_sink comp="344" pin=108"/></net>

<net id="557"><net_src comp="96" pin="0"/><net_sink comp="344" pin=109"/></net>

<net id="558"><net_src comp="98" pin="0"/><net_sink comp="344" pin=110"/></net>

<net id="559"><net_src comp="100" pin="0"/><net_sink comp="344" pin=111"/></net>

<net id="560"><net_src comp="102" pin="0"/><net_sink comp="344" pin=112"/></net>

<net id="561"><net_src comp="104" pin="0"/><net_sink comp="344" pin=113"/></net>

<net id="562"><net_src comp="106" pin="0"/><net_sink comp="344" pin=114"/></net>

<net id="563"><net_src comp="108" pin="0"/><net_sink comp="344" pin=115"/></net>

<net id="564"><net_src comp="110" pin="0"/><net_sink comp="344" pin=116"/></net>

<net id="565"><net_src comp="112" pin="0"/><net_sink comp="344" pin=117"/></net>

<net id="566"><net_src comp="114" pin="0"/><net_sink comp="344" pin=118"/></net>

<net id="567"><net_src comp="116" pin="0"/><net_sink comp="344" pin=119"/></net>

<net id="568"><net_src comp="118" pin="0"/><net_sink comp="344" pin=120"/></net>

<net id="569"><net_src comp="120" pin="0"/><net_sink comp="344" pin=121"/></net>

<net id="570"><net_src comp="122" pin="0"/><net_sink comp="344" pin=122"/></net>

<net id="571"><net_src comp="124" pin="0"/><net_sink comp="344" pin=123"/></net>

<net id="572"><net_src comp="126" pin="0"/><net_sink comp="344" pin=124"/></net>

<net id="573"><net_src comp="128" pin="0"/><net_sink comp="344" pin=125"/></net>

<net id="574"><net_src comp="130" pin="0"/><net_sink comp="344" pin=126"/></net>

<net id="575"><net_src comp="132" pin="0"/><net_sink comp="344" pin=127"/></net>

<net id="576"><net_src comp="134" pin="0"/><net_sink comp="344" pin=128"/></net>

<net id="577"><net_src comp="136" pin="0"/><net_sink comp="344" pin=129"/></net>

<net id="578"><net_src comp="138" pin="0"/><net_sink comp="344" pin=130"/></net>

<net id="579"><net_src comp="140" pin="0"/><net_sink comp="344" pin=131"/></net>

<net id="580"><net_src comp="142" pin="0"/><net_sink comp="344" pin=132"/></net>

<net id="581"><net_src comp="144" pin="0"/><net_sink comp="344" pin=133"/></net>

<net id="582"><net_src comp="146" pin="0"/><net_sink comp="344" pin=134"/></net>

<net id="583"><net_src comp="148" pin="0"/><net_sink comp="344" pin=135"/></net>

<net id="584"><net_src comp="150" pin="0"/><net_sink comp="344" pin=136"/></net>

<net id="585"><net_src comp="152" pin="0"/><net_sink comp="344" pin=137"/></net>

<net id="586"><net_src comp="154" pin="0"/><net_sink comp="344" pin=138"/></net>

<net id="587"><net_src comp="156" pin="0"/><net_sink comp="344" pin=139"/></net>

<net id="588"><net_src comp="158" pin="0"/><net_sink comp="344" pin=140"/></net>

<net id="589"><net_src comp="160" pin="0"/><net_sink comp="344" pin=141"/></net>

<net id="590"><net_src comp="162" pin="0"/><net_sink comp="344" pin=142"/></net>

<net id="591"><net_src comp="164" pin="0"/><net_sink comp="344" pin=143"/></net>

<net id="592"><net_src comp="166" pin="0"/><net_sink comp="344" pin=144"/></net>

<net id="593"><net_src comp="168" pin="0"/><net_sink comp="344" pin=145"/></net>

<net id="594"><net_src comp="170" pin="0"/><net_sink comp="344" pin=146"/></net>

<net id="595"><net_src comp="172" pin="0"/><net_sink comp="344" pin=147"/></net>

<net id="596"><net_src comp="174" pin="0"/><net_sink comp="344" pin=148"/></net>

<net id="597"><net_src comp="176" pin="0"/><net_sink comp="344" pin=149"/></net>

<net id="598"><net_src comp="178" pin="0"/><net_sink comp="344" pin=150"/></net>

<net id="599"><net_src comp="180" pin="0"/><net_sink comp="344" pin=151"/></net>

<net id="600"><net_src comp="182" pin="0"/><net_sink comp="344" pin=152"/></net>

<net id="601"><net_src comp="184" pin="0"/><net_sink comp="344" pin=153"/></net>

<net id="602"><net_src comp="186" pin="0"/><net_sink comp="344" pin=154"/></net>

<net id="603"><net_src comp="188" pin="0"/><net_sink comp="344" pin=155"/></net>

<net id="604"><net_src comp="190" pin="0"/><net_sink comp="344" pin=156"/></net>

<net id="605"><net_src comp="192" pin="0"/><net_sink comp="344" pin=157"/></net>

<net id="606"><net_src comp="194" pin="0"/><net_sink comp="344" pin=158"/></net>

<net id="607"><net_src comp="196" pin="0"/><net_sink comp="344" pin=159"/></net>

<net id="608"><net_src comp="198" pin="0"/><net_sink comp="344" pin=160"/></net>

<net id="609"><net_src comp="200" pin="0"/><net_sink comp="344" pin=161"/></net>

<net id="610"><net_src comp="202" pin="0"/><net_sink comp="344" pin=162"/></net>

<net id="611"><net_src comp="204" pin="0"/><net_sink comp="344" pin=163"/></net>

<net id="612"><net_src comp="206" pin="0"/><net_sink comp="344" pin=164"/></net>

<net id="613"><net_src comp="208" pin="0"/><net_sink comp="344" pin=165"/></net>

<net id="614"><net_src comp="210" pin="0"/><net_sink comp="344" pin=166"/></net>

<net id="615"><net_src comp="212" pin="0"/><net_sink comp="344" pin=167"/></net>

<net id="616"><net_src comp="214" pin="0"/><net_sink comp="344" pin=168"/></net>

<net id="617"><net_src comp="216" pin="0"/><net_sink comp="344" pin=169"/></net>

<net id="618"><net_src comp="218" pin="0"/><net_sink comp="344" pin=170"/></net>

<net id="649"><net_src comp="226" pin="0"/><net_sink comp="619" pin=0"/></net>

<net id="650"><net_src comp="0" pin="0"/><net_sink comp="619" pin=1"/></net>

<net id="651"><net_src comp="2" pin="0"/><net_sink comp="619" pin=2"/></net>

<net id="652"><net_src comp="4" pin="0"/><net_sink comp="619" pin=3"/></net>

<net id="653"><net_src comp="6" pin="0"/><net_sink comp="619" pin=4"/></net>

<net id="654"><net_src comp="8" pin="0"/><net_sink comp="619" pin=5"/></net>

<net id="655"><net_src comp="10" pin="0"/><net_sink comp="619" pin=6"/></net>

<net id="656"><net_src comp="12" pin="0"/><net_sink comp="619" pin=7"/></net>

<net id="657"><net_src comp="268" pin="1"/><net_sink comp="619" pin=8"/></net>

<net id="658"><net_src comp="272" pin="1"/><net_sink comp="619" pin=9"/></net>

<net id="659"><net_src comp="276" pin="1"/><net_sink comp="619" pin=10"/></net>

<net id="660"><net_src comp="280" pin="1"/><net_sink comp="619" pin=11"/></net>

<net id="661"><net_src comp="284" pin="1"/><net_sink comp="619" pin=12"/></net>

<net id="662"><net_src comp="288" pin="1"/><net_sink comp="619" pin=13"/></net>

<net id="663"><net_src comp="292" pin="1"/><net_sink comp="619" pin=14"/></net>

<net id="664"><net_src comp="296" pin="1"/><net_sink comp="619" pin=15"/></net>

<net id="665"><net_src comp="300" pin="1"/><net_sink comp="619" pin=16"/></net>

<net id="666"><net_src comp="304" pin="1"/><net_sink comp="619" pin=17"/></net>

<net id="667"><net_src comp="308" pin="1"/><net_sink comp="619" pin=18"/></net>

<net id="668"><net_src comp="312" pin="1"/><net_sink comp="619" pin=19"/></net>

<net id="669"><net_src comp="316" pin="1"/><net_sink comp="619" pin=20"/></net>

<net id="670"><net_src comp="320" pin="1"/><net_sink comp="619" pin=21"/></net>

<net id="671"><net_src comp="324" pin="1"/><net_sink comp="619" pin=22"/></net>

<net id="672"><net_src comp="328" pin="1"/><net_sink comp="619" pin=23"/></net>

<net id="673"><net_src comp="338" pin="2"/><net_sink comp="619" pin=24"/></net>

<net id="674"><net_src comp="332" pin="2"/><net_sink comp="619" pin=25"/></net>

<net id="678"><net_src comp="619" pin="28"/><net_sink comp="675" pin=0"/></net>

<net id="682"><net_src comp="619" pin="28"/><net_sink comp="679" pin=0"/></net>

<net id="686"><net_src comp="619" pin="28"/><net_sink comp="683" pin=0"/></net>

<net id="690"><net_src comp="619" pin="28"/><net_sink comp="687" pin=0"/></net>

<net id="694"><net_src comp="619" pin="28"/><net_sink comp="691" pin=0"/></net>

<net id="698"><net_src comp="619" pin="28"/><net_sink comp="695" pin=0"/></net>

<net id="702"><net_src comp="619" pin="28"/><net_sink comp="699" pin=0"/></net>

<net id="706"><net_src comp="619" pin="28"/><net_sink comp="703" pin=0"/></net>

<net id="710"><net_src comp="619" pin="28"/><net_sink comp="707" pin=0"/></net>

<net id="714"><net_src comp="619" pin="28"/><net_sink comp="711" pin=0"/></net>

<net id="718"><net_src comp="619" pin="28"/><net_sink comp="715" pin=0"/></net>

<net id="722"><net_src comp="619" pin="28"/><net_sink comp="719" pin=0"/></net>

<net id="726"><net_src comp="619" pin="28"/><net_sink comp="723" pin=0"/></net>

<net id="730"><net_src comp="619" pin="28"/><net_sink comp="727" pin=0"/></net>

<net id="734"><net_src comp="619" pin="28"/><net_sink comp="731" pin=0"/></net>

<net id="738"><net_src comp="619" pin="28"/><net_sink comp="735" pin=0"/></net>

<net id="742"><net_src comp="619" pin="28"/><net_sink comp="739" pin=0"/></net>

<net id="746"><net_src comp="619" pin="28"/><net_sink comp="743" pin=0"/></net>

<net id="750"><net_src comp="619" pin="28"/><net_sink comp="747" pin=0"/></net>

<net id="754"><net_src comp="619" pin="28"/><net_sink comp="751" pin=0"/></net>

<net id="758"><net_src comp="619" pin="28"/><net_sink comp="755" pin=0"/></net>

<net id="762"><net_src comp="619" pin="28"/><net_sink comp="759" pin=0"/></net>

<net id="766"><net_src comp="619" pin="28"/><net_sink comp="763" pin=0"/></net>

<net id="770"><net_src comp="619" pin="28"/><net_sink comp="767" pin=0"/></net>

<net id="774"><net_src comp="619" pin="28"/><net_sink comp="771" pin=0"/></net>

<net id="778"><net_src comp="619" pin="28"/><net_sink comp="775" pin=0"/></net>

<net id="782"><net_src comp="619" pin="28"/><net_sink comp="779" pin=0"/></net>

<net id="786"><net_src comp="619" pin="28"/><net_sink comp="783" pin=0"/></net>

<net id="790"><net_src comp="619" pin="28"/><net_sink comp="787" pin=0"/></net>

<net id="794"><net_src comp="619" pin="28"/><net_sink comp="791" pin=0"/></net>

<net id="798"><net_src comp="619" pin="28"/><net_sink comp="795" pin=0"/></net>

<net id="802"><net_src comp="619" pin="28"/><net_sink comp="799" pin=0"/></net>

<net id="806"><net_src comp="619" pin="28"/><net_sink comp="803" pin=0"/></net>

<net id="810"><net_src comp="619" pin="28"/><net_sink comp="807" pin=0"/></net>

<net id="814"><net_src comp="619" pin="28"/><net_sink comp="811" pin=0"/></net>

<net id="818"><net_src comp="619" pin="28"/><net_sink comp="815" pin=0"/></net>

<net id="822"><net_src comp="619" pin="28"/><net_sink comp="819" pin=0"/></net>

<net id="826"><net_src comp="619" pin="28"/><net_sink comp="823" pin=0"/></net>

<net id="830"><net_src comp="619" pin="28"/><net_sink comp="827" pin=0"/></net>

<net id="834"><net_src comp="619" pin="28"/><net_sink comp="831" pin=0"/></net>

<net id="838"><net_src comp="619" pin="28"/><net_sink comp="835" pin=0"/></net>

<net id="842"><net_src comp="619" pin="28"/><net_sink comp="839" pin=0"/></net>

<net id="846"><net_src comp="619" pin="28"/><net_sink comp="843" pin=0"/></net>

<net id="850"><net_src comp="619" pin="28"/><net_sink comp="847" pin=0"/></net>

<net id="854"><net_src comp="619" pin="28"/><net_sink comp="851" pin=0"/></net>

<net id="858"><net_src comp="619" pin="28"/><net_sink comp="855" pin=0"/></net>

<net id="862"><net_src comp="619" pin="28"/><net_sink comp="859" pin=0"/></net>

<net id="866"><net_src comp="619" pin="28"/><net_sink comp="863" pin=0"/></net>

<net id="870"><net_src comp="619" pin="28"/><net_sink comp="867" pin=0"/></net>

<net id="874"><net_src comp="619" pin="28"/><net_sink comp="871" pin=0"/></net>

<net id="878"><net_src comp="619" pin="28"/><net_sink comp="875" pin=0"/></net>

<net id="882"><net_src comp="332" pin="2"/><net_sink comp="879" pin=0"/></net>

<net id="883"><net_src comp="879" pin="1"/><net_sink comp="619" pin=25"/></net>

<net id="887"><net_src comp="338" pin="2"/><net_sink comp="884" pin=0"/></net>

<net id="888"><net_src comp="884" pin="1"/><net_sink comp="619" pin=24"/></net>

<net id="892"><net_src comp="260" pin="1"/><net_sink comp="889" pin=0"/></net>

<net id="893"><net_src comp="889" pin="1"/><net_sink comp="619" pin=27"/></net>

<net id="894"><net_src comp="889" pin="1"/><net_sink comp="344" pin=73"/></net>

<net id="898"><net_src comp="264" pin="1"/><net_sink comp="895" pin=0"/></net>

<net id="899"><net_src comp="895" pin="1"/><net_sink comp="619" pin=26"/></net>

<net id="900"><net_src comp="895" pin="1"/><net_sink comp="344" pin=72"/></net>

<net id="904"><net_src comp="675" pin="1"/><net_sink comp="901" pin=0"/></net>

<net id="905"><net_src comp="901" pin="1"/><net_sink comp="344" pin=17"/></net>

<net id="909"><net_src comp="679" pin="1"/><net_sink comp="906" pin=0"/></net>

<net id="910"><net_src comp="906" pin="1"/><net_sink comp="344" pin=18"/></net>

<net id="914"><net_src comp="683" pin="1"/><net_sink comp="911" pin=0"/></net>

<net id="915"><net_src comp="911" pin="1"/><net_sink comp="344" pin=19"/></net>

<net id="919"><net_src comp="687" pin="1"/><net_sink comp="916" pin=0"/></net>

<net id="920"><net_src comp="916" pin="1"/><net_sink comp="344" pin=20"/></net>

<net id="924"><net_src comp="691" pin="1"/><net_sink comp="921" pin=0"/></net>

<net id="925"><net_src comp="921" pin="1"/><net_sink comp="344" pin=21"/></net>

<net id="929"><net_src comp="695" pin="1"/><net_sink comp="926" pin=0"/></net>

<net id="930"><net_src comp="926" pin="1"/><net_sink comp="344" pin=22"/></net>

<net id="934"><net_src comp="699" pin="1"/><net_sink comp="931" pin=0"/></net>

<net id="935"><net_src comp="931" pin="1"/><net_sink comp="344" pin=23"/></net>

<net id="939"><net_src comp="703" pin="1"/><net_sink comp="936" pin=0"/></net>

<net id="940"><net_src comp="936" pin="1"/><net_sink comp="344" pin=24"/></net>

<net id="944"><net_src comp="707" pin="1"/><net_sink comp="941" pin=0"/></net>

<net id="945"><net_src comp="941" pin="1"/><net_sink comp="344" pin=25"/></net>

<net id="949"><net_src comp="711" pin="1"/><net_sink comp="946" pin=0"/></net>

<net id="950"><net_src comp="946" pin="1"/><net_sink comp="344" pin=26"/></net>

<net id="954"><net_src comp="715" pin="1"/><net_sink comp="951" pin=0"/></net>

<net id="955"><net_src comp="951" pin="1"/><net_sink comp="344" pin=27"/></net>

<net id="959"><net_src comp="719" pin="1"/><net_sink comp="956" pin=0"/></net>

<net id="960"><net_src comp="956" pin="1"/><net_sink comp="344" pin=28"/></net>

<net id="964"><net_src comp="723" pin="1"/><net_sink comp="961" pin=0"/></net>

<net id="965"><net_src comp="961" pin="1"/><net_sink comp="344" pin=29"/></net>

<net id="969"><net_src comp="727" pin="1"/><net_sink comp="966" pin=0"/></net>

<net id="970"><net_src comp="966" pin="1"/><net_sink comp="344" pin=30"/></net>

<net id="974"><net_src comp="731" pin="1"/><net_sink comp="971" pin=0"/></net>

<net id="975"><net_src comp="971" pin="1"/><net_sink comp="344" pin=31"/></net>

<net id="979"><net_src comp="735" pin="1"/><net_sink comp="976" pin=0"/></net>

<net id="980"><net_src comp="976" pin="1"/><net_sink comp="344" pin=32"/></net>

<net id="984"><net_src comp="739" pin="1"/><net_sink comp="981" pin=0"/></net>

<net id="985"><net_src comp="981" pin="1"/><net_sink comp="344" pin=33"/></net>

<net id="989"><net_src comp="743" pin="1"/><net_sink comp="986" pin=0"/></net>

<net id="990"><net_src comp="986" pin="1"/><net_sink comp="344" pin=34"/></net>

<net id="994"><net_src comp="747" pin="1"/><net_sink comp="991" pin=0"/></net>

<net id="995"><net_src comp="991" pin="1"/><net_sink comp="344" pin=35"/></net>

<net id="999"><net_src comp="751" pin="1"/><net_sink comp="996" pin=0"/></net>

<net id="1000"><net_src comp="996" pin="1"/><net_sink comp="344" pin=36"/></net>

<net id="1004"><net_src comp="755" pin="1"/><net_sink comp="1001" pin=0"/></net>

<net id="1005"><net_src comp="1001" pin="1"/><net_sink comp="344" pin=37"/></net>

<net id="1009"><net_src comp="759" pin="1"/><net_sink comp="1006" pin=0"/></net>

<net id="1010"><net_src comp="1006" pin="1"/><net_sink comp="344" pin=38"/></net>

<net id="1014"><net_src comp="763" pin="1"/><net_sink comp="1011" pin=0"/></net>

<net id="1015"><net_src comp="1011" pin="1"/><net_sink comp="344" pin=39"/></net>

<net id="1019"><net_src comp="767" pin="1"/><net_sink comp="1016" pin=0"/></net>

<net id="1020"><net_src comp="1016" pin="1"/><net_sink comp="344" pin=40"/></net>

<net id="1024"><net_src comp="771" pin="1"/><net_sink comp="1021" pin=0"/></net>

<net id="1025"><net_src comp="1021" pin="1"/><net_sink comp="344" pin=41"/></net>

<net id="1029"><net_src comp="775" pin="1"/><net_sink comp="1026" pin=0"/></net>

<net id="1030"><net_src comp="1026" pin="1"/><net_sink comp="344" pin=42"/></net>

<net id="1034"><net_src comp="779" pin="1"/><net_sink comp="1031" pin=0"/></net>

<net id="1035"><net_src comp="1031" pin="1"/><net_sink comp="344" pin=43"/></net>

<net id="1039"><net_src comp="783" pin="1"/><net_sink comp="1036" pin=0"/></net>

<net id="1040"><net_src comp="1036" pin="1"/><net_sink comp="344" pin=44"/></net>

<net id="1044"><net_src comp="787" pin="1"/><net_sink comp="1041" pin=0"/></net>

<net id="1045"><net_src comp="1041" pin="1"/><net_sink comp="344" pin=45"/></net>

<net id="1049"><net_src comp="791" pin="1"/><net_sink comp="1046" pin=0"/></net>

<net id="1050"><net_src comp="1046" pin="1"/><net_sink comp="344" pin=46"/></net>

<net id="1054"><net_src comp="795" pin="1"/><net_sink comp="1051" pin=0"/></net>

<net id="1055"><net_src comp="1051" pin="1"/><net_sink comp="344" pin=47"/></net>

<net id="1059"><net_src comp="799" pin="1"/><net_sink comp="1056" pin=0"/></net>

<net id="1060"><net_src comp="1056" pin="1"/><net_sink comp="344" pin=48"/></net>

<net id="1064"><net_src comp="803" pin="1"/><net_sink comp="1061" pin=0"/></net>

<net id="1065"><net_src comp="1061" pin="1"/><net_sink comp="344" pin=49"/></net>

<net id="1069"><net_src comp="807" pin="1"/><net_sink comp="1066" pin=0"/></net>

<net id="1070"><net_src comp="1066" pin="1"/><net_sink comp="344" pin=50"/></net>

<net id="1074"><net_src comp="811" pin="1"/><net_sink comp="1071" pin=0"/></net>

<net id="1075"><net_src comp="1071" pin="1"/><net_sink comp="344" pin=51"/></net>

<net id="1079"><net_src comp="815" pin="1"/><net_sink comp="1076" pin=0"/></net>

<net id="1080"><net_src comp="1076" pin="1"/><net_sink comp="344" pin=52"/></net>

<net id="1084"><net_src comp="819" pin="1"/><net_sink comp="1081" pin=0"/></net>

<net id="1085"><net_src comp="1081" pin="1"/><net_sink comp="344" pin=53"/></net>

<net id="1089"><net_src comp="823" pin="1"/><net_sink comp="1086" pin=0"/></net>

<net id="1090"><net_src comp="1086" pin="1"/><net_sink comp="344" pin=54"/></net>

<net id="1094"><net_src comp="827" pin="1"/><net_sink comp="1091" pin=0"/></net>

<net id="1095"><net_src comp="1091" pin="1"/><net_sink comp="344" pin=55"/></net>

<net id="1099"><net_src comp="831" pin="1"/><net_sink comp="1096" pin=0"/></net>

<net id="1100"><net_src comp="1096" pin="1"/><net_sink comp="344" pin=56"/></net>

<net id="1104"><net_src comp="835" pin="1"/><net_sink comp="1101" pin=0"/></net>

<net id="1105"><net_src comp="1101" pin="1"/><net_sink comp="344" pin=57"/></net>

<net id="1109"><net_src comp="839" pin="1"/><net_sink comp="1106" pin=0"/></net>

<net id="1110"><net_src comp="1106" pin="1"/><net_sink comp="344" pin=58"/></net>

<net id="1114"><net_src comp="843" pin="1"/><net_sink comp="1111" pin=0"/></net>

<net id="1115"><net_src comp="1111" pin="1"/><net_sink comp="344" pin=59"/></net>

<net id="1119"><net_src comp="847" pin="1"/><net_sink comp="1116" pin=0"/></net>

<net id="1120"><net_src comp="1116" pin="1"/><net_sink comp="344" pin=60"/></net>

<net id="1124"><net_src comp="851" pin="1"/><net_sink comp="1121" pin=0"/></net>

<net id="1125"><net_src comp="1121" pin="1"/><net_sink comp="344" pin=61"/></net>

<net id="1129"><net_src comp="855" pin="1"/><net_sink comp="1126" pin=0"/></net>

<net id="1130"><net_src comp="1126" pin="1"/><net_sink comp="344" pin=62"/></net>

<net id="1134"><net_src comp="859" pin="1"/><net_sink comp="1131" pin=0"/></net>

<net id="1135"><net_src comp="1131" pin="1"/><net_sink comp="344" pin=63"/></net>

<net id="1139"><net_src comp="863" pin="1"/><net_sink comp="1136" pin=0"/></net>

<net id="1140"><net_src comp="1136" pin="1"/><net_sink comp="344" pin=64"/></net>

<net id="1144"><net_src comp="867" pin="1"/><net_sink comp="1141" pin=0"/></net>

<net id="1145"><net_src comp="1141" pin="1"/><net_sink comp="344" pin=65"/></net>

<net id="1149"><net_src comp="871" pin="1"/><net_sink comp="1146" pin=0"/></net>

<net id="1150"><net_src comp="1146" pin="1"/><net_sink comp="344" pin=66"/></net>

<net id="1154"><net_src comp="875" pin="1"/><net_sink comp="1151" pin=0"/></net>

<net id="1155"><net_src comp="1151" pin="1"/><net_sink comp="344" pin=67"/></net>

</net_list>

</model> 
---------------- Datapath Model END ------------------

* FSMD analyzer results:
  - Output states:
	Port: out_stream_V_data_V | {3 4 }
	Port: out_stream_V_keep_V | {3 4 }
	Port: out_stream_V_strb_V | {3 4 }
	Port: out_stream_V_last_V | {3 4 }
 - Input state : 
	Port: dataflow_in_loop_Bat : in_stream_V_data_V | {1 2 }
	Port: dataflow_in_loop_Bat : in_stream_V_keep_V | {1 2 }
	Port: dataflow_in_loop_Bat : in_stream_V_strb_V | {1 2 }
	Port: dataflow_in_loop_Bat : in_stream_V_user_V | {1 2 }
	Port: dataflow_in_loop_Bat : in_stream_V_last_V | {1 2 }
	Port: dataflow_in_loop_Bat : in_stream_V_id_V | {1 2 }
	Port: dataflow_in_loop_Bat : in_stream_V_dest_V | {1 2 }
	Port: dataflow_in_loop_Bat : n | {1 }
	Port: dataflow_in_loop_Bat : num_images | {1 }
	Port: dataflow_in_loop_Bat : sv_norms_0_padded_V_s | {3 4 }
	Port: dataflow_in_loop_Bat : sv_norms_0_padded_V_1 | {3 4 }
	Port: dataflow_in_loop_Bat : sv_norms_0_padded_V_2 | {3 4 }
	Port: dataflow_in_loop_Bat : sv_norms_0_padded_V_3 | {3 4 }
	Port: dataflow_in_loop_Bat : sv_norms_0_padded_V_4 | {3 4 }
	Port: dataflow_in_loop_Bat : sv_norms_0_padded_V_5 | {3 4 }
	Port: dataflow_in_loop_Bat : sv_norms_0_padded_V_6 | {3 4 }
	Port: dataflow_in_loop_Bat : sv_norms_0_padded_V_7 | {3 4 }
	Port: dataflow_in_loop_Bat : sv_norms_0_padded_V_8 | {3 4 }
	Port: dataflow_in_loop_Bat : sv_norms_0_padded_V_9 | {3 4 }
	Port: dataflow_in_loop_Bat : sv_norms_0_padded_V_10 | {3 4 }
	Port: dataflow_in_loop_Bat : sv_norms_0_padded_V_11 | {3 4 }
	Port: dataflow_in_loop_Bat : sv_norms_0_padded_V_12 | {3 4 }
	Port: dataflow_in_loop_Bat : sv_norms_0_padded_V_13 | {3 4 }
	Port: dataflow_in_loop_Bat : sv_norms_0_padded_V_14 | {3 4 }
	Port: dataflow_in_loop_Bat : sv_norms_0_padded_V_15 | {3 4 }
	Port: dataflow_in_loop_Bat : alphas_0_padded_V_0 | {3 4 }
	Port: dataflow_in_loop_Bat : alphas_0_padded_V_1 | {3 4 }
	Port: dataflow_in_loop_Bat : alphas_0_padded_V_2 | {3 4 }
	Port: dataflow_in_loop_Bat : alphas_0_padded_V_3 | {3 4 }
	Port: dataflow_in_loop_Bat : alphas_0_padded_V_4 | {3 4 }
	Port: dataflow_in_loop_Bat : alphas_0_padded_V_5 | {3 4 }
	Port: dataflow_in_loop_Bat : alphas_0_padded_V_6 | {3 4 }
	Port: dataflow_in_loop_Bat : alphas_0_padded_V_7 | {3 4 }
	Port: dataflow_in_loop_Bat : alphas_0_padded_V_8 | {3 4 }
	Port: dataflow_in_loop_Bat : alphas_0_padded_V_9 | {3 4 }
	Port: dataflow_in_loop_Bat : alphas_0_padded_V_10 | {3 4 }
	Port: dataflow_in_loop_Bat : alphas_0_padded_V_11 | {3 4 }
	Port: dataflow_in_loop_Bat : alphas_0_padded_V_12 | {3 4 }
	Port: dataflow_in_loop_Bat : alphas_0_padded_V_13 | {3 4 }
	Port: dataflow_in_loop_Bat : alphas_0_padded_V_14 | {3 4 }
	Port: dataflow_in_loop_Bat : alphas_0_padded_V_15 | {3 4 }
	Port: dataflow_in_loop_Bat : sv_norms_1_padded_V_s | {3 4 }
	Port: dataflow_in_loop_Bat : sv_norms_1_padded_V_1 | {3 4 }
	Port: dataflow_in_loop_Bat : sv_norms_1_padded_V_2 | {3 4 }
	Port: dataflow_in_loop_Bat : sv_norms_1_padded_V_3 | {3 4 }
	Port: dataflow_in_loop_Bat : sv_norms_1_padded_V_4 | {3 4 }
	Port: dataflow_in_loop_Bat : sv_norms_1_padded_V_5 | {3 4 }
	Port: dataflow_in_loop_Bat : sv_norms_1_padded_V_6 | {3 4 }
	Port: dataflow_in_loop_Bat : sv_norms_1_padded_V_7 | {3 4 }
	Port: dataflow_in_loop_Bat : sv_norms_1_padded_V_8 | {3 4 }
	Port: dataflow_in_loop_Bat : sv_norms_1_padded_V_9 | {3 4 }
	Port: dataflow_in_loop_Bat : sv_norms_1_padded_V_10 | {3 4 }
	Port: dataflow_in_loop_Bat : sv_norms_1_padded_V_11 | {3 4 }
	Port: dataflow_in_loop_Bat : sv_norms_1_padded_V_12 | {3 4 }
	Port: dataflow_in_loop_Bat : sv_norms_1_padded_V_13 | {3 4 }
	Port: dataflow_in_loop_Bat : sv_norms_1_padded_V_14 | {3 4 }
	Port: dataflow_in_loop_Bat : sv_norms_1_padded_V_15 | {3 4 }
	Port: dataflow_in_loop_Bat : alphas_1_padded_V_0 | {3 4 }
	Port: dataflow_in_loop_Bat : alphas_1_padded_V_1 | {3 4 }
	Port: dataflow_in_loop_Bat : alphas_1_padded_V_2 | {3 4 }
	Port: dataflow_in_loop_Bat : alphas_1_padded_V_3 | {3 4 }
	Port: dataflow_in_loop_Bat : alphas_1_padded_V_4 | {3 4 }
	Port: dataflow_in_loop_Bat : alphas_1_padded_V_5 | {3 4 }
	Port: dataflow_in_loop_Bat : alphas_1_padded_V_6 | {3 4 }
	Port: dataflow_in_loop_Bat : alphas_1_padded_V_7 | {3 4 }
	Port: dataflow_in_loop_Bat : alphas_1_padded_V_8 | {3 4 }
	Port: dataflow_in_loop_Bat : alphas_1_padded_V_9 | {3 4 }
	Port: dataflow_in_loop_Bat : alphas_1_padded_V_10 | {3 4 }
	Port: dataflow_in_loop_Bat : alphas_1_padded_V_11 | {3 4 }
	Port: dataflow_in_loop_Bat : alphas_1_padded_V_12 | {3 4 }
	Port: dataflow_in_loop_Bat : alphas_1_padded_V_13 | {3 4 }
	Port: dataflow_in_loop_Bat : alphas_1_padded_V_14 | {3 4 }
	Port: dataflow_in_loop_Bat : alphas_1_padded_V_15 | {3 4 }
	Port: dataflow_in_loop_Bat : svs_0_p800_V_0 | {3 4 }
	Port: dataflow_in_loop_Bat : svs_0_p800_V_1 | {3 4 }
	Port: dataflow_in_loop_Bat : svs_0_p800_V_2 | {3 4 }
	Port: dataflow_in_loop_Bat : svs_0_p800_V_3 | {3 4 }
	Port: dataflow_in_loop_Bat : svs_0_p800_V_4 | {3 4 }
	Port: dataflow_in_loop_Bat : svs_0_p800_V_5 | {3 4 }
	Port: dataflow_in_loop_Bat : svs_0_p800_V_6 | {3 4 }
	Port: dataflow_in_loop_Bat : svs_0_p800_V_7 | {3 4 }
	Port: dataflow_in_loop_Bat : svs_0_p800_V_8 | {3 4 }
	Port: dataflow_in_loop_Bat : svs_0_p800_V_9 | {3 4 }
	Port: dataflow_in_loop_Bat : svs_0_p800_V_10 | {3 4 }
	Port: dataflow_in_loop_Bat : svs_0_p800_V_11 | {3 4 }
	Port: dataflow_in_loop_Bat : svs_0_p800_V_12 | {3 4 }
	Port: dataflow_in_loop_Bat : svs_0_p800_V_13 | {3 4 }
	Port: dataflow_in_loop_Bat : svs_0_p800_V_14 | {3 4 }
	Port: dataflow_in_loop_Bat : svs_0_p800_V_15 | {3 4 }
	Port: dataflow_in_loop_Bat : svs_1_p800_V_0 | {3 4 }
	Port: dataflow_in_loop_Bat : svs_1_p800_V_1 | {3 4 }
	Port: dataflow_in_loop_Bat : svs_1_p800_V_2 | {3 4 }
	Port: dataflow_in_loop_Bat : svs_1_p800_V_3 | {3 4 }
	Port: dataflow_in_loop_Bat : svs_1_p800_V_4 | {3 4 }
	Port: dataflow_in_loop_Bat : svs_1_p800_V_5 | {3 4 }
	Port: dataflow_in_loop_Bat : svs_1_p800_V_6 | {3 4 }
	Port: dataflow_in_loop_Bat : svs_1_p800_V_7 | {3 4 }
	Port: dataflow_in_loop_Bat : svs_1_p800_V_8 | {3 4 }
	Port: dataflow_in_loop_Bat : svs_1_p800_V_9 | {3 4 }
	Port: dataflow_in_loop_Bat : svs_1_p800_V_10 | {3 4 }
	Port: dataflow_in_loop_Bat : svs_1_p800_V_11 | {3 4 }
	Port: dataflow_in_loop_Bat : svs_1_p800_V_12 | {3 4 }
	Port: dataflow_in_loop_Bat : svs_1_p800_V_13 | {3 4 }
	Port: dataflow_in_loop_Bat : svs_1_p800_V_14 | {3 4 }
	Port: dataflow_in_loop_Bat : svs_1_p800_V_15 | {3 4 }
	Port: dataflow_in_loop_Bat : EXP_LUT_V | {3 4 }
  - Chain level:
	State 1
		call_ret : 1
	State 2
		internal_norm_V : 1
		active_groups_0_V : 1
		active_groups_1_V : 1
		active_groups_2_V : 1
		active_groups_3_V : 1
		active_groups_4_V : 1
		active_groups_5_V : 1
		active_groups_6_V : 1
		active_groups_7_V : 1
		active_groups_8_V : 1
		active_groups_9_V : 1
		active_groups_10_V : 1
		active_groups_11_V : 1
		active_groups_12_V : 1
		active_groups_13_V : 1
		active_groups_14_V : 1
		active_groups_15_V : 1
		active_groups_16_V : 1
		active_groups_17_V : 1
		active_groups_18_V : 1
		active_groups_19_V : 1
		active_groups_20_V : 1
		active_groups_21_V : 1
		active_groups_22_V : 1
		active_groups_23_V : 1
		active_groups_24_V : 1
		active_groups_25_V : 1
		active_groups_26_V : 1
		active_groups_27_V : 1
		active_groups_28_V : 1
		active_groups_29_V : 1
		active_groups_30_V : 1
		active_groups_31_V : 1
		active_groups_32_V : 1
		active_groups_33_V : 1
		active_groups_34_V : 1
		active_groups_35_V : 1
		active_groups_36_V : 1
		active_groups_37_V : 1
		active_groups_38_V : 1
		active_groups_39_V : 1
		active_groups_40_V : 1
		active_groups_41_V : 1
		active_groups_42_V : 1
		active_groups_43_V : 1
		active_groups_44_V : 1
		active_groups_45_V : 1
		active_groups_46_V : 1
		active_groups_47_V : 1
		active_groups_48_V : 1
		active_count_V : 1
	State 3
	State 4


============================================================
+ Verbose Summary: Datapath Resource usage 
============================================================

* Functional unit list:
|----------|---------------------------------|---------|---------|---------|---------|
| Operation|         Functional Unit         |  DSP48E |  Delay  |    FF   |   LUT   |
|----------|---------------------------------|---------|---------|---------|---------|
|   call   |  grp_compute_and_output_fu_344  |    16   | 278.282 |  18799  |  47485  |
|          | grp_load_and_calc_norm53_fu_619 |    0    |  58.377 |   602   |   7357  |
|----------|---------------------------------|---------|---------|---------|---------|
|   read   |   num_images_read_read_fu_332   |    0    |    0    |    0    |    0    |
|          |        n_read_read_fu_338       |    0    |    0    |    0    |    0    |
|----------|---------------------------------|---------|---------|---------|---------|
|          |      internal_norm_V_fu_675     |    0    |    0    |    0    |    0    |
|          |     active_groups_0_V_fu_679    |    0    |    0    |    0    |    0    |
|          |     active_groups_1_V_fu_683    |    0    |    0    |    0    |    0    |
|          |     active_groups_2_V_fu_687    |    0    |    0    |    0    |    0    |
|          |     active_groups_3_V_fu_691    |    0    |    0    |    0    |    0    |
|          |     active_groups_4_V_fu_695    |    0    |    0    |    0    |    0    |
|          |     active_groups_5_V_fu_699    |    0    |    0    |    0    |    0    |
|          |     active_groups_6_V_fu_703    |    0    |    0    |    0    |    0    |
|          |     active_groups_7_V_fu_707    |    0    |    0    |    0    |    0    |
|          |     active_groups_8_V_fu_711    |    0    |    0    |    0    |    0    |
|          |     active_groups_9_V_fu_715    |    0    |    0    |    0    |    0    |
|          |    active_groups_10_V_fu_719    |    0    |    0    |    0    |    0    |
|          |    active_groups_11_V_fu_723    |    0    |    0    |    0    |    0    |
|          |    active_groups_12_V_fu_727    |    0    |    0    |    0    |    0    |
|          |    active_groups_13_V_fu_731    |    0    |    0    |    0    |    0    |
|          |    active_groups_14_V_fu_735    |    0    |    0    |    0    |    0    |
|          |    active_groups_15_V_fu_739    |    0    |    0    |    0    |    0    |
|          |    active_groups_16_V_fu_743    |    0    |    0    |    0    |    0    |
|          |    active_groups_17_V_fu_747    |    0    |    0    |    0    |    0    |
|          |    active_groups_18_V_fu_751    |    0    |    0    |    0    |    0    |
|          |    active_groups_19_V_fu_755    |    0    |    0    |    0    |    0    |
|          |    active_groups_20_V_fu_759    |    0    |    0    |    0    |    0    |
|          |    active_groups_21_V_fu_763    |    0    |    0    |    0    |    0    |
|          |    active_groups_22_V_fu_767    |    0    |    0    |    0    |    0    |
|          |    active_groups_23_V_fu_771    |    0    |    0    |    0    |    0    |
|extractvalue|    active_groups_24_V_fu_775    |    0    |    0    |    0    |    0    |
|          |    active_groups_25_V_fu_779    |    0    |    0    |    0    |    0    |
|          |    active_groups_26_V_fu_783    |    0    |    0    |    0    |    0    |
|          |    active_groups_27_V_fu_787    |    0    |    0    |    0    |    0    |
|          |    active_groups_28_V_fu_791    |    0    |    0    |    0    |    0    |
|          |    active_groups_29_V_fu_795    |    0    |    0    |    0    |    0    |
|          |    active_groups_30_V_fu_799    |    0    |    0    |    0    |    0    |
|          |    active_groups_31_V_fu_803    |    0    |    0    |    0    |    0    |
|          |    active_groups_32_V_fu_807    |    0    |    0    |    0    |    0    |
|          |    active_groups_33_V_fu_811    |    0    |    0    |    0    |    0    |
|          |    active_groups_34_V_fu_815    |    0    |    0    |    0    |    0    |
|          |    active_groups_35_V_fu_819    |    0    |    0    |    0    |    0    |
|          |    active_groups_36_V_fu_823    |    0    |    0    |    0    |    0    |
|          |    active_groups_37_V_fu_827    |    0    |    0    |    0    |    0    |
|          |    active_groups_38_V_fu_831    |    0    |    0    |    0    |    0    |
|          |    active_groups_39_V_fu_835    |    0    |    0    |    0    |    0    |
|          |    active_groups_40_V_fu_839    |    0    |    0    |    0    |    0    |
|          |    active_groups_41_V_fu_843    |    0    |    0    |    0    |    0    |
|          |    active_groups_42_V_fu_847    |    0    |    0    |    0    |    0    |
|          |    active_groups_43_V_fu_851    |    0    |    0    |    0    |    0    |
|          |    active_groups_44_V_fu_855    |    0    |    0    |    0    |    0    |
|          |    active_groups_45_V_fu_859    |    0    |    0    |    0    |    0    |
|          |    active_groups_46_V_fu_863    |    0    |    0    |    0    |    0    |
|          |    active_groups_47_V_fu_867    |    0    |    0    |    0    |    0    |
|          |    active_groups_48_V_fu_871    |    0    |    0    |    0    |    0    |
|          |      active_count_V_fu_875      |    0    |    0    |    0    |    0    |
|----------|---------------------------------|---------|---------|---------|---------|
|   Total  |                                 |    16   | 336.659 |  19401  |  54842  |
|----------|---------------------------------|---------|---------|---------|---------|

Memories:
+------------+--------+--------+--------+
|            |  BRAM  |   FF   |   LUT  |
+------------+--------+--------+--------+
| x_local_0_V|    0   |   16   |    7   |
|x_local_10_V|    0   |   16   |    7   |
|x_local_11_V|    0   |   16   |    7   |
|x_local_12_V|    0   |   16   |    7   |
|x_local_13_V|    0   |   16   |    7   |
|x_local_14_V|    0   |   16   |    7   |
|x_local_15_V|    0   |   16   |    7   |
| x_local_1_V|    0   |   16   |    7   |
| x_local_2_V|    0   |   16   |    7   |
| x_local_3_V|    0   |   16   |    7   |
| x_local_4_V|    0   |   16   |    7   |
| x_local_5_V|    0   |   16   |    7   |
| x_local_6_V|    0   |   16   |    7   |
| x_local_7_V|    0   |   16   |    7   |
| x_local_8_V|    0   |   16   |    7   |
| x_local_9_V|    0   |   16   |    7   |
+------------+--------+--------+--------+
|    Total   |    0   |   256  |   112  |
+------------+--------+--------+--------+

* Register list:
+---------------------------+--------+
|                           |   FF   |
+---------------------------+--------+
|  active_count_V_reg_1151  |    6   |
| active_groups_0_V_reg_906 |    6   |
| active_groups_10_V_reg_956|    6   |
| active_groups_11_V_reg_961|    6   |
| active_groups_12_V_reg_966|    6   |
| active_groups_13_V_reg_971|    6   |
| active_groups_14_V_reg_976|    6   |
| active_groups_15_V_reg_981|    6   |
| active_groups_16_V_reg_986|    6   |
| active_groups_17_V_reg_991|    6   |
| active_groups_18_V_reg_996|    6   |
|active_groups_19_V_reg_1001|    6   |
| active_groups_1_V_reg_911 |    6   |
|active_groups_20_V_reg_1006|    6   |
|active_groups_21_V_reg_1011|    6   |
|active_groups_22_V_reg_1016|    6   |
|active_groups_23_V_reg_1021|    6   |
|active_groups_24_V_reg_1026|    6   |
|active_groups_25_V_reg_1031|    6   |
|active_groups_26_V_reg_1036|    6   |
|active_groups_27_V_reg_1041|    6   |
|active_groups_28_V_reg_1046|    6   |
|active_groups_29_V_reg_1051|    6   |
| active_groups_2_V_reg_916 |    6   |
|active_groups_30_V_reg_1056|    6   |
|active_groups_31_V_reg_1061|    6   |
|active_groups_32_V_reg_1066|    6   |
|active_groups_33_V_reg_1071|    6   |
|active_groups_34_V_reg_1076|    6   |
|active_groups_35_V_reg_1081|    6   |
|active_groups_36_V_reg_1086|    6   |
|active_groups_37_V_reg_1091|    6   |
|active_groups_38_V_reg_1096|    6   |
|active_groups_39_V_reg_1101|    6   |
| active_groups_3_V_reg_921 |    6   |
|active_groups_40_V_reg_1106|    6   |
|active_groups_41_V_reg_1111|    6   |
|active_groups_42_V_reg_1116|    6   |
|active_groups_43_V_reg_1121|    6   |
|active_groups_44_V_reg_1126|    6   |
|active_groups_45_V_reg_1131|    6   |
|active_groups_46_V_reg_1136|    6   |
|active_groups_47_V_reg_1141|    6   |
|active_groups_48_V_reg_1146|    6   |
| active_groups_4_V_reg_926 |    6   |
| active_groups_5_V_reg_931 |    6   |
| active_groups_6_V_reg_936 |    6   |
| active_groups_7_V_reg_941 |    6   |
| active_groups_8_V_reg_946 |    6   |
| active_groups_9_V_reg_951 |    6   |
|  internal_norm_V_reg_901  |   24   |
|        n_c_reg_895        |   31   |
|       n_read_reg_884      |   31   |
|    num_images_c_reg_889   |   32   |
|  num_images_read_reg_879  |   32   |
+---------------------------+--------+
|           Total           |   450  |
+---------------------------+--------+

* Multiplexer (MUX) list: 
|---------------------------------|------|------|------|--------||---------||---------|
|               Comp              |  Pin | Size |  BW  | S x BW ||  Delay  ||   LUT   |
|---------------------------------|------|------|------|--------||---------||---------|
| grp_load_and_calc_norm53_fu_619 |  p24 |   2  |  31  |   62   ||    9    |
| grp_load_and_calc_norm53_fu_619 |  p25 |   2  |  32  |   64   ||    9    |
|---------------------------------|------|------|------|--------||---------||---------|
|              Total              |      |      |      |   126  ||  3.538  ||    18   |
|---------------------------------|------|------|------|--------||---------||---------|



* Summary:
+-----------+--------+--------+--------+--------+--------+
|           |  BRAM  | DSP48E |  Delay |   FF   |   LUT  |
+-----------+--------+--------+--------+--------+--------+
|  Function |    -   |   16   |   336  |  19401 |  54842 |
|   Memory  |    0   |    -   |    -   |   256  |   112  |
|Multiplexer|    -   |    -   |    3   |    -   |   18   |
|  Register |    -   |    -   |    -   |   450  |    -   |
+-----------+--------+--------+--------+--------+--------+
|   Total   |    0   |   16   |   340  |  20107 |  54972 |
+-----------+--------+--------+--------+--------+--------+
