

================================================================
== Vivado HLS Report for 'load_and_calc_norm51'
================================================================
* Date:           Tue Mar 10 04:31:44 2026

* Version:        2018.2 (Build 2258646 on Thu Jun 14 20:25:20 MDT 2018)
* Project:        MathieuHelpMe
* Solution:       solution1
* Product family: zynq
* Target device:  xc7z020clg484-1


================================================================
== Performance Estimates
================================================================
+ Timing (ns): 
    * Summary: 
    +--------+-------+----------+------------+
    |  Clock | Target| Estimated| Uncertainty|
    +--------+-------+----------+------------+
    |ap_clk  |  10.00|     8.307|        1.25|
    +--------+-------+----------+------------+

+ Latency (clock cycles): 
    * Summary: 
    +-----+-----+-----+-----+---------+
    |  Latency  |  Interval | Pipeline|
    | min | max | min | max |   Type  |
    +-----+-----+-----+-----+---------+
    |   66|   66|   66|   66|   none  |
    +-----+-----+-----+-----+---------+

    + Detail: 
        * Instance: 
        N/A

        * Loop: 
        +----------+-----+-----+----------+-----------+-----------+------+----------+
        |          |  Latency  | Iteration|  Initiation Interval  | Trip |          |
        | Loop Name| min | max |  Latency |  achieved |   target  | Count| Pipelined|
        +----------+-----+-----+----------+-----------+-----------+------+----------+
        |- Loop 1  |   64|   64|         5|          2|          1|    31|    yes   |
        +----------+-----+-----+----------+-----------+-----------+------+----------+

============================================================
+ Verbose Summary: Synthesis Manager
============================================================
InlineROM: 1
ExposeGlobal: 0
============================================================
+ Verbose Summary: CDFG Model
============================================================
IsTopModel: 0
ResetActiveHigh: 1
IsCombinational: 2
IsDatapathOnly: 0
HasWiredReturn: 1
HasMFsm: 0
HasVarLatency: 1
IsPipeline: 0
IsRtlPipelined: 0
IsInstanceOverlapped: 0
IsDontTouch: 0
HasImplIP: 0
IsGatedGlobalClock: 0

+ Individual pipeline summary: 
  * Pipeline-0: initiation interval (II) = 2, depth = 5


============================================================
+ Verbose Summary: Schedule
============================================================
* Number of FSM states : 7
* Pipeline : 1
  Pipeline-0 : II = 2, D = 5, States = { 2 3 4 5 6 }
* Dataflow Pipeline: 0

* FSM state transitions: 
1 --> 
	2  / true
2 --> 
	7  / (exitcond1_i_i)
	3  / (!exitcond1_i_i)
3 --> 
	4  / true
4 --> 
	5  / true
5 --> 
	6  / true
6 --> 
	2  / true
7 --> 

* FSM state operations: 

State 1 <SV = 0> <Delay = 3.63>
ST_1 : Operation 8 [1/1] (0.00ns)   --->   "%num_images_read = call i32 @_ssdm_op_Read.ap_auto.i32(i32 %num_images)"   --->   Operation 8 'read' 'num_images_read' <Predicate = true> <Delay = 0.00>
ST_1 : Operation 9 [1/1] (0.00ns)   --->   "%n_read = call i31 @_ssdm_op_Read.ap_auto.i31(i31 %n)"   --->   Operation 9 'read' 'n_read' <Predicate = true> <Delay = 0.00>
ST_1 : Operation 10 [1/1] (0.00ns)   --->   "%sq_V = alloca i16, align 2" [MathieuHelpMe/Classifier.cpp:51]   --->   Operation 10 'alloca' 'sq_V' <Predicate = true> <Delay = 0.00>
ST_1 : Operation 11 [1/1] (0.00ns)   --->   "call void (...)* @_ssdm_op_SpecInterface(i64* %in_stream_V_data_V, i8* %in_stream_V_keep_V, i8* %in_stream_V_strb_V, i1* %in_stream_V_user_V, i1* %in_stream_V_last_V, i1* %in_stream_V_id_V, i1* %in_stream_V_dest_V, [5 x i8]* @p_str4020, i32 1, i32 1, [5 x i8]* @p_str4021, i32 0, i32 0, [1 x i8]* @p_str4000, [1 x i8]* @p_str4000, [1 x i8]* @p_str4000, i32 0, i32 0, i32 0, i32 0, [1 x i8]* @p_str4000, [1 x i8]* @p_str4000) nounwind"   --->   Operation 11 'specinterface' <Predicate = true> <Delay = 0.00>
ST_1 : Operation 12 [1/1] (0.00ns)   --->   "call void (...)* @_ssdm_op_SpecInterface(i64* %in_stream_V_data_V, i8* %in_stream_V_keep_V, i8* %in_stream_V_strb_V, i1* %in_stream_V_user_V, i1* %in_stream_V_last_V, i1* %in_stream_V_id_V, i1* %in_stream_V_dest_V, [5 x i8]* @p_str4020, i32 1, i32 1, [5 x i8]* @p_str4021, i32 0, i32 0, [1 x i8]* @p_str4000, [1 x i8]* @p_str4000, [1 x i8]* @p_str4000, i32 0, i32 0, i32 0, i32 0, [1 x i8]* @p_str4000, [1 x i8]* @p_str4000) nounwind"   --->   Operation 12 'specinterface' <Predicate = true> <Delay = 0.00>
ST_1 : Operation 13 [1/1] (0.00ns)   --->   "call void (...)* @_ssdm_op_SpecInterface(i64* %in_stream_V_data_V, i8* %in_stream_V_keep_V, i8* %in_stream_V_strb_V, i1* %in_stream_V_user_V, i1* %in_stream_V_last_V, i1* %in_stream_V_id_V, i1* %in_stream_V_dest_V, [5 x i8]* @p_str4020, i32 1, i32 1, [5 x i8]* @p_str4021, i32 0, i32 0, [1 x i8]* @p_str4000, [1 x i8]* @p_str4000, [1 x i8]* @p_str4000, i32 0, i32 0, i32 0, i32 0, [1 x i8]* @p_str4000, [1 x i8]* @p_str4000) nounwind"   --->   Operation 13 'specinterface' <Predicate = true> <Delay = 0.00>
ST_1 : Operation 14 [1/1] (0.00ns)   --->   "call void (...)* @_ssdm_op_SpecInterface(i64* %in_stream_V_data_V, i8* %in_stream_V_keep_V, i8* %in_stream_V_strb_V, i1* %in_stream_V_user_V, i1* %in_stream_V_last_V, i1* %in_stream_V_id_V, i1* %in_stream_V_dest_V, [5 x i8]* @p_str4020, i32 1, i32 1, [5 x i8]* @p_str4021, i32 0, i32 0, [1 x i8]* @p_str4000, [1 x i8]* @p_str4000, [1 x i8]* @p_str4000, i32 0, i32 0, i32 0, i32 0, [1 x i8]* @p_str4000, [1 x i8]* @p_str4000) nounwind"   --->   Operation 14 'specinterface' <Predicate = true> <Delay = 0.00>
ST_1 : Operation 15 [1/1] (0.00ns)   --->   "call void (...)* @_ssdm_op_SpecInterface(i64* %in_stream_V_data_V, i8* %in_stream_V_keep_V, i8* %in_stream_V_strb_V, i1* %in_stream_V_user_V, i1* %in_stream_V_last_V, i1* %in_stream_V_id_V, i1* %in_stream_V_dest_V, [5 x i8]* @p_str4020, i32 1, i32 1, [5 x i8]* @p_str4021, i32 0, i32 0, [1 x i8]* @p_str4000, [1 x i8]* @p_str4000, [1 x i8]* @p_str4000, i32 0, i32 0, i32 0, i32 0, [1 x i8]* @p_str4000, [1 x i8]* @p_str4000) nounwind"   --->   Operation 15 'specinterface' <Predicate = true> <Delay = 0.00>
ST_1 : Operation 16 [1/1] (0.00ns)   --->   "call void (...)* @_ssdm_op_SpecInterface(i64* %in_stream_V_data_V, i8* %in_stream_V_keep_V, i8* %in_stream_V_strb_V, i1* %in_stream_V_user_V, i1* %in_stream_V_last_V, i1* %in_stream_V_id_V, i1* %in_stream_V_dest_V, [5 x i8]* @p_str4020, i32 1, i32 1, [5 x i8]* @p_str4021, i32 0, i32 0, [1 x i8]* @p_str4000, [1 x i8]* @p_str4000, [1 x i8]* @p_str4000, i32 0, i32 0, i32 0, i32 0, [1 x i8]* @p_str4000, [1 x i8]* @p_str4000) nounwind"   --->   Operation 16 'specinterface' <Predicate = true> <Delay = 0.00>
ST_1 : Operation 17 [1/1] (0.00ns)   --->   "call void (...)* @_ssdm_op_SpecInterface(i64* %in_stream_V_data_V, i8* %in_stream_V_keep_V, i8* %in_stream_V_strb_V, i1* %in_stream_V_user_V, i1* %in_stream_V_last_V, i1* %in_stream_V_id_V, i1* %in_stream_V_dest_V, [5 x i8]* @p_str4020, i32 1, i32 1, [5 x i8]* @p_str4021, i32 0, i32 0, [1 x i8]* @p_str4000, [1 x i8]* @p_str4000, [1 x i8]* @p_str4000, i32 0, i32 0, i32 0, i32 0, [1 x i8]* @p_str4000, [1 x i8]* @p_str4000) nounwind"   --->   Operation 17 'specinterface' <Predicate = true> <Delay = 0.00>
ST_1 : Operation 18 [1/1] (0.00ns)   --->   "call void (...)* @_ssdm_op_SpecInterface(i64* %in_stream_V_data_V, i8* %in_stream_V_keep_V, i8* %in_stream_V_strb_V, i1* %in_stream_V_user_V, i1* %in_stream_V_last_V, i1* %in_stream_V_id_V, i1* %in_stream_V_dest_V, [5 x i8]* @p_str4020, i32 1, i32 1, [5 x i8]* @p_str4021, i32 0, i32 0, [1 x i8]* @p_str4000, [1 x i8]* @p_str4000, [1 x i8]* @p_str4000, i32 0, i32 0, i32 0, i32 0, [1 x i8]* @p_str4000, [1 x i8]* @p_str4000) nounwind"   --->   Operation 18 'specinterface' <Predicate = true> <Delay = 0.00>
ST_1 : Operation 19 [1/1] (0.00ns)   --->   "call void (...)* @_ssdm_op_SpecInterface(i64* %in_stream_V_data_V, i8* %in_stream_V_keep_V, i8* %in_stream_V_strb_V, i1* %in_stream_V_user_V, i1* %in_stream_V_last_V, i1* %in_stream_V_id_V, i1* %in_stream_V_dest_V, [5 x i8]* @p_str4020, i32 1, i32 1, [5 x i8]* @p_str4021, i32 0, i32 0, [1 x i8]* @p_str4000, [1 x i8]* @p_str4000, [1 x i8]* @p_str4000, i32 0, i32 0, i32 0, i32 0, [1 x i8]* @p_str4000, [1 x i8]* @p_str4000) nounwind"   --->   Operation 19 'specinterface' <Predicate = true> <Delay = 0.00>
ST_1 : Operation 20 [1/1] (0.00ns)   --->   "call void (...)* @_ssdm_op_SpecInterface(i64* %in_stream_V_data_V, i8* %in_stream_V_keep_V, i8* %in_stream_V_strb_V, i1* %in_stream_V_user_V, i1* %in_stream_V_last_V, i1* %in_stream_V_id_V, i1* %in_stream_V_dest_V, [5 x i8]* @p_str4020, i32 1, i32 1, [5 x i8]* @p_str4021, i32 0, i32 0, [1 x i8]* @p_str4000, [1 x i8]* @p_str4000, [1 x i8]* @p_str4000, i32 0, i32 0, i32 0, i32 0, [1 x i8]* @p_str4000, [1 x i8]* @p_str4000) nounwind"   --->   Operation 20 'specinterface' <Predicate = true> <Delay = 0.00>
ST_1 : Operation 21 [1/1] (0.00ns)   --->   "call void (...)* @_ssdm_op_SpecInterface(i64* %in_stream_V_data_V, i8* %in_stream_V_keep_V, i8* %in_stream_V_strb_V, i1* %in_stream_V_user_V, i1* %in_stream_V_last_V, i1* %in_stream_V_id_V, i1* %in_stream_V_dest_V, [5 x i8]* @p_str4020, i32 1, i32 1, [5 x i8]* @p_str4021, i32 0, i32 0, [1 x i8]* @p_str4000, [1 x i8]* @p_str4000, [1 x i8]* @p_str4000, i32 0, i32 0, i32 0, i32 0, [1 x i8]* @p_str4000, [1 x i8]* @p_str4000) nounwind"   --->   Operation 21 'specinterface' <Predicate = true> <Delay = 0.00>
ST_1 : Operation 22 [1/1] (0.00ns)   --->   "call void (...)* @_ssdm_op_SpecInterface(i64* %in_stream_V_data_V, i8* %in_stream_V_keep_V, i8* %in_stream_V_strb_V, i1* %in_stream_V_user_V, i1* %in_stream_V_last_V, i1* %in_stream_V_id_V, i1* %in_stream_V_dest_V, [5 x i8]* @p_str4020, i32 1, i32 1, [5 x i8]* @p_str4021, i32 0, i32 0, [1 x i8]* @p_str4000, [1 x i8]* @p_str4000, [1 x i8]* @p_str4000, i32 0, i32 0, i32 0, i32 0, [1 x i8]* @p_str4000, [1 x i8]* @p_str4000) nounwind"   --->   Operation 22 'specinterface' <Predicate = true> <Delay = 0.00>
ST_1 : Operation 23 [1/1] (0.00ns)   --->   "call void (...)* @_ssdm_op_SpecInterface(i64* %in_stream_V_data_V, i8* %in_stream_V_keep_V, i8* %in_stream_V_strb_V, i1* %in_stream_V_user_V, i1* %in_stream_V_last_V, i1* %in_stream_V_id_V, i1* %in_stream_V_dest_V, [5 x i8]* @p_str4020, i32 1, i32 1, [5 x i8]* @p_str4021, i32 0, i32 0, [1 x i8]* @p_str4000, [1 x i8]* @p_str4000, [1 x i8]* @p_str4000, i32 0, i32 0, i32 0, i32 0, [1 x i8]* @p_str4000, [1 x i8]* @p_str4000) nounwind"   --->   Operation 23 'specinterface' <Predicate = true> <Delay = 0.00>
ST_1 : Operation 24 [1/1] (0.00ns)   --->   "call void (...)* @_ssdm_op_SpecInterface(i64* %in_stream_V_data_V, i8* %in_stream_V_keep_V, i8* %in_stream_V_strb_V, i1* %in_stream_V_user_V, i1* %in_stream_V_last_V, i1* %in_stream_V_id_V, i1* %in_stream_V_dest_V, [5 x i8]* @p_str4020, i32 1, i32 1, [5 x i8]* @p_str4021, i32 0, i32 0, [1 x i8]* @p_str4000, [1 x i8]* @p_str4000, [1 x i8]* @p_str4000, i32 0, i32 0, i32 0, i32 0, [1 x i8]* @p_str4000, [1 x i8]* @p_str4000) nounwind"   --->   Operation 24 'specinterface' <Predicate = true> <Delay = 0.00>
ST_1 : Operation 25 [1/1] (0.00ns)   --->   "call void (...)* @_ssdm_op_SpecInterface(i64* %in_stream_V_data_V, i8* %in_stream_V_keep_V, i8* %in_stream_V_strb_V, i1* %in_stream_V_user_V, i1* %in_stream_V_last_V, i1* %in_stream_V_id_V, i1* %in_stream_V_dest_V, [5 x i8]* @p_str4020, i32 1, i32 1, [5 x i8]* @p_str4021, i32 0, i32 0, [1 x i8]* @p_str4000, [1 x i8]* @p_str4000, [1 x i8]* @p_str4000, i32 0, i32 0, i32 0, i32 0, [1 x i8]* @p_str4000, [1 x i8]* @p_str4000) nounwind"   --->   Operation 25 'specinterface' <Predicate = true> <Delay = 0.00>
ST_1 : Operation 26 [1/1] (0.00ns)   --->   "call void (...)* @_ssdm_op_SpecInterface(i64* %in_stream_V_data_V, i8* %in_stream_V_keep_V, i8* %in_stream_V_strb_V, i1* %in_stream_V_user_V, i1* %in_stream_V_last_V, i1* %in_stream_V_id_V, i1* %in_stream_V_dest_V, [5 x i8]* @p_str4020, i32 1, i32 1, [5 x i8]* @p_str4021, i32 0, i32 0, [1 x i8]* @p_str4000, [1 x i8]* @p_str4000, [1 x i8]* @p_str4000, i32 0, i32 0, i32 0, i32 0, [1 x i8]* @p_str4000, [1 x i8]* @p_str4000) nounwind"   --->   Operation 26 'specinterface' <Predicate = true> <Delay = 0.00>
ST_1 : Operation 27 [1/1] (0.00ns)   --->   "call void (...)* @_ssdm_op_SpecInterface(i64* %in_stream_V_data_V, i8* %in_stream_V_keep_V, i8* %in_stream_V_strb_V, i1* %in_stream_V_user_V, i1* %in_stream_V_last_V, i1* %in_stream_V_id_V, i1* %in_stream_V_dest_V, [5 x i8]* @p_str4020, i32 1, i32 1, [5 x i8]* @p_str4021, i32 0, i32 0, [1 x i8]* @p_str4000, [1 x i8]* @p_str4000, [1 x i8]* @p_str4000, i32 0, i32 0, i32 0, i32 0, [1 x i8]* @p_str4000, [1 x i8]* @p_str4000) nounwind"   --->   Operation 27 'specinterface' <Predicate = true> <Delay = 0.00>
ST_1 : Operation 28 [1/1] (0.00ns)   --->   "call void (...)* @_ssdm_op_SpecInterface(i64* %in_stream_V_data_V, i8* %in_stream_V_keep_V, i8* %in_stream_V_strb_V, i1* %in_stream_V_user_V, i1* %in_stream_V_last_V, i1* %in_stream_V_id_V, i1* %in_stream_V_dest_V, [5 x i8]* @p_str4020, i32 1, i32 1, [5 x i8]* @p_str4021, i32 0, i32 0, [1 x i8]* @p_str4000, [1 x i8]* @p_str4000, [1 x i8]* @p_str4000, i32 0, i32 0, i32 0, i32 0, [1 x i8]* @p_str4000, [1 x i8]* @p_str4000) nounwind"   --->   Operation 28 'specinterface' <Predicate = true> <Delay = 0.00>
ST_1 : Operation 29 [1/1] (0.00ns)   --->   "call void (...)* @_ssdm_op_SpecInterface(i64* %in_stream_V_data_V, i8* %in_stream_V_keep_V, i8* %in_stream_V_strb_V, i1* %in_stream_V_user_V, i1* %in_stream_V_last_V, i1* %in_stream_V_id_V, i1* %in_stream_V_dest_V, [5 x i8]* @p_str4020, i32 1, i32 1, [5 x i8]* @p_str4021, i32 0, i32 0, [1 x i8]* @p_str4000, [1 x i8]* @p_str4000, [1 x i8]* @p_str4000, i32 0, i32 0, i32 0, i32 0, [1 x i8]* @p_str4000, [1 x i8]* @p_str4000) nounwind"   --->   Operation 29 'specinterface' <Predicate = true> <Delay = 0.00>
ST_1 : Operation 30 [1/1] (0.00ns)   --->   "call void (...)* @_ssdm_op_SpecInterface(i64* %in_stream_V_data_V, i8* %in_stream_V_keep_V, i8* %in_stream_V_strb_V, i1* %in_stream_V_user_V, i1* %in_stream_V_last_V, i1* %in_stream_V_id_V, i1* %in_stream_V_dest_V, [5 x i8]* @p_str4020, i32 1, i32 1, [5 x i8]* @p_str4021, i32 0, i32 0, [1 x i8]* @p_str4000, [1 x i8]* @p_str4000, [1 x i8]* @p_str4000, i32 0, i32 0, i32 0, i32 0, [1 x i8]* @p_str4000, [1 x i8]* @p_str4000) nounwind"   --->   Operation 30 'specinterface' <Predicate = true> <Delay = 0.00>
ST_1 : Operation 31 [1/1] (0.00ns)   --->   "call void (...)* @_ssdm_op_SpecInterface(i64* %in_stream_V_data_V, i8* %in_stream_V_keep_V, i8* %in_stream_V_strb_V, i1* %in_stream_V_user_V, i1* %in_stream_V_last_V, i1* %in_stream_V_id_V, i1* %in_stream_V_dest_V, [5 x i8]* @p_str4020, i32 1, i32 1, [5 x i8]* @p_str4021, i32 0, i32 0, [1 x i8]* @p_str4000, [1 x i8]* @p_str4000, [1 x i8]* @p_str4000, i32 0, i32 0, i32 0, i32 0, [1 x i8]* @p_str4000, [1 x i8]* @p_str4000) nounwind"   --->   Operation 31 'specinterface' <Predicate = true> <Delay = 0.00>
ST_1 : Operation 32 [1/1] (0.00ns)   --->   "call void (...)* @_ssdm_op_SpecInterface(i64* %in_stream_V_data_V, i8* %in_stream_V_keep_V, i8* %in_stream_V_strb_V, i1* %in_stream_V_user_V, i1* %in_stream_V_last_V, i1* %in_stream_V_id_V, i1* %in_stream_V_dest_V, [5 x i8]* @p_str4020, i32 1, i32 1, [5 x i8]* @p_str4021, i32 0, i32 0, [1 x i8]* @p_str4000, [1 x i8]* @p_str4000, [1 x i8]* @p_str4000, i32 0, i32 0, i32 0, i32 0, [1 x i8]* @p_str4000, [1 x i8]* @p_str4000) nounwind"   --->   Operation 32 'specinterface' <Predicate = true> <Delay = 0.00>
ST_1 : Operation 33 [1/1] (0.00ns)   --->   "call void (...)* @_ssdm_op_SpecInterface(i64* %in_stream_V_data_V, i8* %in_stream_V_keep_V, i8* %in_stream_V_strb_V, i1* %in_stream_V_user_V, i1* %in_stream_V_last_V, i1* %in_stream_V_id_V, i1* %in_stream_V_dest_V, [5 x i8]* @p_str4020, i32 1, i32 1, [5 x i8]* @p_str4021, i32 0, i32 0, [1 x i8]* @p_str4000, [1 x i8]* @p_str4000, [1 x i8]* @p_str4000, i32 0, i32 0, i32 0, i32 0, [1 x i8]* @p_str4000, [1 x i8]* @p_str4000) nounwind"   --->   Operation 33 'specinterface' <Predicate = true> <Delay = 0.00>
ST_1 : Operation 34 [1/1] (0.00ns)   --->   "call void (...)* @_ssdm_op_SpecInterface(i64* %in_stream_V_data_V, i8* %in_stream_V_keep_V, i8* %in_stream_V_strb_V, i1* %in_stream_V_user_V, i1* %in_stream_V_last_V, i1* %in_stream_V_id_V, i1* %in_stream_V_dest_V, [5 x i8]* @p_str4020, i32 1, i32 1, [5 x i8]* @p_str4021, i32 0, i32 0, [1 x i8]* @p_str4000, [1 x i8]* @p_str4000, [1 x i8]* @p_str4000, i32 0, i32 0, i32 0, i32 0, [1 x i8]* @p_str4000, [1 x i8]* @p_str4000) nounwind"   --->   Operation 34 'specinterface' <Predicate = true> <Delay = 0.00>
ST_1 : Operation 35 [1/1] (0.00ns)   --->   "call void (...)* @_ssdm_op_SpecInterface(i64* %in_stream_V_data_V, i8* %in_stream_V_keep_V, i8* %in_stream_V_strb_V, i1* %in_stream_V_user_V, i1* %in_stream_V_last_V, i1* %in_stream_V_id_V, i1* %in_stream_V_dest_V, [5 x i8]* @p_str4020, i32 1, i32 1, [5 x i8]* @p_str4021, i32 0, i32 0, [1 x i8]* @p_str4000, [1 x i8]* @p_str4000, [1 x i8]* @p_str4000, i32 0, i32 0, i32 0, i32 0, [1 x i8]* @p_str4000, [1 x i8]* @p_str4000) nounwind"   --->   Operation 35 'specinterface' <Predicate = true> <Delay = 0.00>
ST_1 : Operation 36 [1/1] (0.00ns)   --->   "call void (...)* @_ssdm_op_SpecInterface(i64* %in_stream_V_data_V, i8* %in_stream_V_keep_V, i8* %in_stream_V_strb_V, i1* %in_stream_V_user_V, i1* %in_stream_V_last_V, i1* %in_stream_V_id_V, i1* %in_stream_V_dest_V, [5 x i8]* @p_str4020, i32 1, i32 1, [5 x i8]* @p_str4021, i32 0, i32 0, [1 x i8]* @p_str4000, [1 x i8]* @p_str4000, [1 x i8]* @p_str4000, i32 0, i32 0, i32 0, i32 0, [1 x i8]* @p_str4000, [1 x i8]* @p_str4000) nounwind"   --->   Operation 36 'specinterface' <Predicate = true> <Delay = 0.00>
ST_1 : Operation 37 [1/1] (0.00ns)   --->   "call void (...)* @_ssdm_op_SpecInterface(i64* %in_stream_V_data_V, i8* %in_stream_V_keep_V, i8* %in_stream_V_strb_V, i1* %in_stream_V_user_V, i1* %in_stream_V_last_V, i1* %in_stream_V_id_V, i1* %in_stream_V_dest_V, [5 x i8]* @p_str4020, i32 1, i32 1, [5 x i8]* @p_str4021, i32 0, i32 0, [1 x i8]* @p_str4000, [1 x i8]* @p_str4000, [1 x i8]* @p_str4000, i32 0, i32 0, i32 0, i32 0, [1 x i8]* @p_str4000, [1 x i8]* @p_str4000) nounwind"   --->   Operation 37 'specinterface' <Predicate = true> <Delay = 0.00>
ST_1 : Operation 38 [1/1] (0.00ns)   --->   "call void (...)* @_ssdm_op_SpecInterface(i64* %in_stream_V_data_V, i8* %in_stream_V_keep_V, i8* %in_stream_V_strb_V, i1* %in_stream_V_user_V, i1* %in_stream_V_last_V, i1* %in_stream_V_id_V, i1* %in_stream_V_dest_V, [5 x i8]* @p_str4020, i32 1, i32 1, [5 x i8]* @p_str4021, i32 0, i32 0, [1 x i8]* @p_str4000, [1 x i8]* @p_str4000, [1 x i8]* @p_str4000, i32 0, i32 0, i32 0, i32 0, [1 x i8]* @p_str4000, [1 x i8]* @p_str4000) nounwind"   --->   Operation 38 'specinterface' <Predicate = true> <Delay = 0.00>
ST_1 : Operation 39 [1/1] (0.00ns)   --->   "call void (...)* @_ssdm_op_SpecInterface(i64* %in_stream_V_data_V, i8* %in_stream_V_keep_V, i8* %in_stream_V_strb_V, i1* %in_stream_V_user_V, i1* %in_stream_V_last_V, i1* %in_stream_V_id_V, i1* %in_stream_V_dest_V, [5 x i8]* @p_str4020, i32 1, i32 1, [5 x i8]* @p_str4021, i32 0, i32 0, [1 x i8]* @p_str4000, [1 x i8]* @p_str4000, [1 x i8]* @p_str4000, i32 0, i32 0, i32 0, i32 0, [1 x i8]* @p_str4000, [1 x i8]* @p_str4000) nounwind"   --->   Operation 39 'specinterface' <Predicate = true> <Delay = 0.00>
ST_1 : Operation 40 [1/1] (0.00ns)   --->   "call void (...)* @_ssdm_op_SpecInterface(i64* %in_stream_V_data_V, i8* %in_stream_V_keep_V, i8* %in_stream_V_strb_V, i1* %in_stream_V_user_V, i1* %in_stream_V_last_V, i1* %in_stream_V_id_V, i1* %in_stream_V_dest_V, [5 x i8]* @p_str4020, i32 1, i32 1, [5 x i8]* @p_str4021, i32 0, i32 0, [1 x i8]* @p_str4000, [1 x i8]* @p_str4000, [1 x i8]* @p_str4000, i32 0, i32 0, i32 0, i32 0, [1 x i8]* @p_str4000, [1 x i8]* @p_str4000) nounwind"   --->   Operation 40 'specinterface' <Predicate = true> <Delay = 0.00>
ST_1 : Operation 41 [1/1] (0.00ns)   --->   "call void (...)* @_ssdm_op_SpecInterface(i64* %in_stream_V_data_V, i8* %in_stream_V_keep_V, i8* %in_stream_V_strb_V, i1* %in_stream_V_user_V, i1* %in_stream_V_last_V, i1* %in_stream_V_id_V, i1* %in_stream_V_dest_V, [5 x i8]* @p_str4020, i32 1, i32 1, [5 x i8]* @p_str4021, i32 0, i32 0, [1 x i8]* @p_str4000, [1 x i8]* @p_str4000, [1 x i8]* @p_str4000, i32 0, i32 0, i32 0, i32 0, [1 x i8]* @p_str4000, [1 x i8]* @p_str4000) nounwind"   --->   Operation 41 'specinterface' <Predicate = true> <Delay = 0.00>
ST_1 : Operation 42 [1/1] (0.00ns)   --->   "call void (...)* @_ssdm_op_SpecInterface(i64* %in_stream_V_data_V, i8* %in_stream_V_keep_V, i8* %in_stream_V_strb_V, i1* %in_stream_V_user_V, i1* %in_stream_V_last_V, i1* %in_stream_V_id_V, i1* %in_stream_V_dest_V, [5 x i8]* @p_str4020, i32 1, i32 1, [5 x i8]* @p_str4021, i32 0, i32 0, [1 x i8]* @p_str4000, [1 x i8]* @p_str4000, [1 x i8]* @p_str4000, i32 0, i32 0, i32 0, i32 0, [1 x i8]* @p_str4000, [1 x i8]* @p_str4000) nounwind"   --->   Operation 42 'specinterface' <Predicate = true> <Delay = 0.00>
ST_1 : Operation 43 [1/1] (0.00ns)   --->   "call void (...)* @_ssdm_op_SpecInterface(i64* %in_stream_V_data_V, i8* %in_stream_V_keep_V, i8* %in_stream_V_strb_V, i1* %in_stream_V_user_V, i1* %in_stream_V_last_V, i1* %in_stream_V_id_V, i1* %in_stream_V_dest_V, [5 x i8]* @p_str4020, i32 1, i32 1, [5 x i8]* @p_str4021, i32 0, i32 0, [1 x i8]* @p_str4000, [1 x i8]* @p_str4000, [1 x i8]* @p_str4000, i32 0, i32 0, i32 0, i32 0, [1 x i8]* @p_str4000, [1 x i8]* @p_str4000) nounwind"   --->   Operation 43 'specinterface' <Predicate = true> <Delay = 0.00>
ST_1 : Operation 44 [1/1] (0.00ns)   --->   "call void (...)* @_ssdm_op_SpecInterface(i64* %in_stream_V_data_V, i8* %in_stream_V_keep_V, i8* %in_stream_V_strb_V, i1* %in_stream_V_user_V, i1* %in_stream_V_last_V, i1* %in_stream_V_id_V, i1* %in_stream_V_dest_V, [5 x i8]* @p_str4020, i32 1, i32 1, [5 x i8]* @p_str4021, i32 0, i32 0, [1 x i8]* @p_str4000, [1 x i8]* @p_str4000, [1 x i8]* @p_str4000, i32 0, i32 0, i32 0, i32 0, [1 x i8]* @p_str4000, [1 x i8]* @p_str4000) nounwind"   --->   Operation 44 'specinterface' <Predicate = true> <Delay = 0.00>
ST_1 : Operation 45 [1/1] (0.00ns)   --->   "call void (...)* @_ssdm_op_SpecInterface(i64* %in_stream_V_data_V, i8* %in_stream_V_keep_V, i8* %in_stream_V_strb_V, i1* %in_stream_V_user_V, i1* %in_stream_V_last_V, i1* %in_stream_V_id_V, i1* %in_stream_V_dest_V, [5 x i8]* @p_str4020, i32 1, i32 1, [5 x i8]* @p_str4021, i32 0, i32 0, [1 x i8]* @p_str4000, [1 x i8]* @p_str4000, [1 x i8]* @p_str4000, i32 0, i32 0, i32 0, i32 0, [1 x i8]* @p_str4000, [1 x i8]* @p_str4000) nounwind"   --->   Operation 45 'specinterface' <Predicate = true> <Delay = 0.00>
ST_1 : Operation 46 [1/1] (0.00ns)   --->   "call void (...)* @_ssdm_op_SpecInterface(i64* %in_stream_V_data_V, i8* %in_stream_V_keep_V, i8* %in_stream_V_strb_V, i1* %in_stream_V_user_V, i1* %in_stream_V_last_V, i1* %in_stream_V_id_V, i1* %in_stream_V_dest_V, [5 x i8]* @p_str4020, i32 1, i32 1, [5 x i8]* @p_str4021, i32 0, i32 0, [1 x i8]* @p_str4000, [1 x i8]* @p_str4000, [1 x i8]* @p_str4000, i32 0, i32 0, i32 0, i32 0, [1 x i8]* @p_str4000, [1 x i8]* @p_str4000) nounwind"   --->   Operation 46 'specinterface' <Predicate = true> <Delay = 0.00>
ST_1 : Operation 47 [1/1] (0.00ns)   --->   "call void (...)* @_ssdm_op_SpecInterface(i64* %in_stream_V_data_V, i8* %in_stream_V_keep_V, i8* %in_stream_V_strb_V, i1* %in_stream_V_user_V, i1* %in_stream_V_last_V, i1* %in_stream_V_id_V, i1* %in_stream_V_dest_V, [5 x i8]* @p_str4020, i32 1, i32 1, [5 x i8]* @p_str4021, i32 0, i32 0, [1 x i8]* @p_str4000, [1 x i8]* @p_str4000, [1 x i8]* @p_str4000, i32 0, i32 0, i32 0, i32 0, [1 x i8]* @p_str4000, [1 x i8]* @p_str4000) nounwind"   --->   Operation 47 'specinterface' <Predicate = true> <Delay = 0.00>
ST_1 : Operation 48 [1/1] (0.00ns)   --->   "call void (...)* @_ssdm_op_SpecInterface(i64* %in_stream_V_data_V, i8* %in_stream_V_keep_V, i8* %in_stream_V_strb_V, i1* %in_stream_V_user_V, i1* %in_stream_V_last_V, i1* %in_stream_V_id_V, i1* %in_stream_V_dest_V, [5 x i8]* @p_str4020, i32 1, i32 1, [5 x i8]* @p_str4021, i32 0, i32 0, [1 x i8]* @p_str4000, [1 x i8]* @p_str4000, [1 x i8]* @p_str4000, i32 0, i32 0, i32 0, i32 0, [1 x i8]* @p_str4000, [1 x i8]* @p_str4000) nounwind"   --->   Operation 48 'specinterface' <Predicate = true> <Delay = 0.00>
ST_1 : Operation 49 [1/1] (0.00ns)   --->   "call void (...)* @_ssdm_op_SpecInterface(i64* %in_stream_V_data_V, i8* %in_stream_V_keep_V, i8* %in_stream_V_strb_V, i1* %in_stream_V_user_V, i1* %in_stream_V_last_V, i1* %in_stream_V_id_V, i1* %in_stream_V_dest_V, [5 x i8]* @p_str4020, i32 1, i32 1, [5 x i8]* @p_str4021, i32 0, i32 0, [1 x i8]* @p_str4000, [1 x i8]* @p_str4000, [1 x i8]* @p_str4000, i32 0, i32 0, i32 0, i32 0, [1 x i8]* @p_str4000, [1 x i8]* @p_str4000) nounwind"   --->   Operation 49 'specinterface' <Predicate = true> <Delay = 0.00>
ST_1 : Operation 50 [1/1] (0.00ns)   --->   "call void (...)* @_ssdm_op_SpecInterface(i64* %in_stream_V_data_V, i8* %in_stream_V_keep_V, i8* %in_stream_V_strb_V, i1* %in_stream_V_user_V, i1* %in_stream_V_last_V, i1* %in_stream_V_id_V, i1* %in_stream_V_dest_V, [5 x i8]* @p_str4020, i32 1, i32 1, [5 x i8]* @p_str4021, i32 0, i32 0, [1 x i8]* @p_str4000, [1 x i8]* @p_str4000, [1 x i8]* @p_str4000, i32 0, i32 0, i32 0, i32 0, [1 x i8]* @p_str4000, [1 x i8]* @p_str4000) nounwind"   --->   Operation 50 'specinterface' <Predicate = true> <Delay = 0.00>
ST_1 : Operation 51 [1/1] (0.00ns)   --->   "call void (...)* @_ssdm_op_SpecInterface(i64* %in_stream_V_data_V, i8* %in_stream_V_keep_V, i8* %in_stream_V_strb_V, i1* %in_stream_V_user_V, i1* %in_stream_V_last_V, i1* %in_stream_V_id_V, i1* %in_stream_V_dest_V, [5 x i8]* @p_str4020, i32 1, i32 1, [5 x i8]* @p_str4021, i32 0, i32 0, [1 x i8]* @p_str4000, [1 x i8]* @p_str4000, [1 x i8]* @p_str4000, i32 0, i32 0, i32 0, i32 0, [1 x i8]* @p_str4000, [1 x i8]* @p_str4000) nounwind"   --->   Operation 51 'specinterface' <Predicate = true> <Delay = 0.00>
ST_1 : Operation 52 [1/1] (0.00ns)   --->   "call void (...)* @_ssdm_op_SpecInterface(i64* %in_stream_V_data_V, i8* %in_stream_V_keep_V, i8* %in_stream_V_strb_V, i1* %in_stream_V_user_V, i1* %in_stream_V_last_V, i1* %in_stream_V_id_V, i1* %in_stream_V_dest_V, [5 x i8]* @p_str4020, i32 1, i32 1, [5 x i8]* @p_str4021, i32 0, i32 0, [1 x i8]* @p_str4000, [1 x i8]* @p_str4000, [1 x i8]* @p_str4000, i32 0, i32 0, i32 0, i32 0, [1 x i8]* @p_str4000, [1 x i8]* @p_str4000) nounwind"   --->   Operation 52 'specinterface' <Predicate = true> <Delay = 0.00>
ST_1 : Operation 53 [1/1] (0.00ns)   --->   "call void (...)* @_ssdm_op_SpecInterface(i64* %in_stream_V_data_V, i8* %in_stream_V_keep_V, i8* %in_stream_V_strb_V, i1* %in_stream_V_user_V, i1* %in_stream_V_last_V, i1* %in_stream_V_id_V, i1* %in_stream_V_dest_V, [5 x i8]* @p_str4020, i32 1, i32 1, [5 x i8]* @p_str4021, i32 0, i32 0, [1 x i8]* @p_str4000, [1 x i8]* @p_str4000, [1 x i8]* @p_str4000, i32 0, i32 0, i32 0, i32 0, [1 x i8]* @p_str4000, [1 x i8]* @p_str4000) nounwind"   --->   Operation 53 'specinterface' <Predicate = true> <Delay = 0.00>
ST_1 : Operation 54 [1/1] (0.00ns)   --->   "call void (...)* @_ssdm_op_SpecInterface(i64* %in_stream_V_data_V, i8* %in_stream_V_keep_V, i8* %in_stream_V_strb_V, i1* %in_stream_V_user_V, i1* %in_stream_V_last_V, i1* %in_stream_V_id_V, i1* %in_stream_V_dest_V, [5 x i8]* @p_str4020, i32 1, i32 1, [5 x i8]* @p_str4021, i32 0, i32 0, [1 x i8]* @p_str4000, [1 x i8]* @p_str4000, [1 x i8]* @p_str4000, i32 0, i32 0, i32 0, i32 0, [1 x i8]* @p_str4000, [1 x i8]* @p_str4000) nounwind"   --->   Operation 54 'specinterface' <Predicate = true> <Delay = 0.00>
ST_1 : Operation 55 [1/1] (0.00ns)   --->   "call void (...)* @_ssdm_op_SpecInterface(i64* %in_stream_V_data_V, i8* %in_stream_V_keep_V, i8* %in_stream_V_strb_V, i1* %in_stream_V_user_V, i1* %in_stream_V_last_V, i1* %in_stream_V_id_V, i1* %in_stream_V_dest_V, [5 x i8]* @p_str4020, i32 1, i32 1, [5 x i8]* @p_str4021, i32 0, i32 0, [1 x i8]* @p_str4000, [1 x i8]* @p_str4000, [1 x i8]* @p_str4000, i32 0, i32 0, i32 0, i32 0, [1 x i8]* @p_str4000, [1 x i8]* @p_str4000) nounwind"   --->   Operation 55 'specinterface' <Predicate = true> <Delay = 0.00>
ST_1 : Operation 56 [1/1] (0.00ns)   --->   "call void (...)* @_ssdm_op_SpecInterface(i64* %in_stream_V_data_V, i8* %in_stream_V_keep_V, i8* %in_stream_V_strb_V, i1* %in_stream_V_user_V, i1* %in_stream_V_last_V, i1* %in_stream_V_id_V, i1* %in_stream_V_dest_V, [5 x i8]* @p_str4020, i32 1, i32 1, [5 x i8]* @p_str4021, i32 0, i32 0, [1 x i8]* @p_str4000, [1 x i8]* @p_str4000, [1 x i8]* @p_str4000, i32 0, i32 0, i32 0, i32 0, [1 x i8]* @p_str4000, [1 x i8]* @p_str4000) nounwind"   --->   Operation 56 'specinterface' <Predicate = true> <Delay = 0.00>
ST_1 : Operation 57 [1/1] (0.00ns)   --->   "call void (...)* @_ssdm_op_SpecInterface(i64* %in_stream_V_data_V, i8* %in_stream_V_keep_V, i8* %in_stream_V_strb_V, i1* %in_stream_V_user_V, i1* %in_stream_V_last_V, i1* %in_stream_V_id_V, i1* %in_stream_V_dest_V, [5 x i8]* @p_str4020, i32 1, i32 1, [5 x i8]* @p_str4021, i32 0, i32 0, [1 x i8]* @p_str4000, [1 x i8]* @p_str4000, [1 x i8]* @p_str4000, i32 0, i32 0, i32 0, i32 0, [1 x i8]* @p_str4000, [1 x i8]* @p_str4000) nounwind"   --->   Operation 57 'specinterface' <Predicate = true> <Delay = 0.00>
ST_1 : Operation 58 [1/1] (0.00ns)   --->   "call void (...)* @_ssdm_op_SpecInterface(i64* %in_stream_V_data_V, i8* %in_stream_V_keep_V, i8* %in_stream_V_strb_V, i1* %in_stream_V_user_V, i1* %in_stream_V_last_V, i1* %in_stream_V_id_V, i1* %in_stream_V_dest_V, [5 x i8]* @p_str4020, i32 1, i32 1, [5 x i8]* @p_str4021, i32 0, i32 0, [1 x i8]* @p_str4000, [1 x i8]* @p_str4000, [1 x i8]* @p_str4000, i32 0, i32 0, i32 0, i32 0, [1 x i8]* @p_str4000, [1 x i8]* @p_str4000) nounwind"   --->   Operation 58 'specinterface' <Predicate = true> <Delay = 0.00>
ST_1 : Operation 59 [1/1] (0.00ns)   --->   "call void (...)* @_ssdm_op_SpecInterface(i64* %in_stream_V_data_V, i8* %in_stream_V_keep_V, i8* %in_stream_V_strb_V, i1* %in_stream_V_user_V, i1* %in_stream_V_last_V, i1* %in_stream_V_id_V, i1* %in_stream_V_dest_V, [5 x i8]* @p_str4020, i32 1, i32 1, [5 x i8]* @p_str4021, i32 0, i32 0, [1 x i8]* @p_str4000, [1 x i8]* @p_str4000, [1 x i8]* @p_str4000, i32 0, i32 0, i32 0, i32 0, [1 x i8]* @p_str4000, [1 x i8]* @p_str4000) nounwind"   --->   Operation 59 'specinterface' <Predicate = true> <Delay = 0.00>
ST_1 : Operation 60 [1/1] (0.00ns)   --->   "call void (...)* @_ssdm_op_SpecInterface(i64* %in_stream_V_data_V, i8* %in_stream_V_keep_V, i8* %in_stream_V_strb_V, i1* %in_stream_V_user_V, i1* %in_stream_V_last_V, i1* %in_stream_V_id_V, i1* %in_stream_V_dest_V, [5 x i8]* @p_str4020, i32 1, i32 1, [5 x i8]* @p_str4021, i32 0, i32 0, [1 x i8]* @p_str4000, [1 x i8]* @p_str4000, [1 x i8]* @p_str4000, i32 0, i32 0, i32 0, i32 0, [1 x i8]* @p_str4000, [1 x i8]* @p_str4000) nounwind"   --->   Operation 60 'specinterface' <Predicate = true> <Delay = 0.00>
ST_1 : Operation 61 [1/1] (0.00ns)   --->   "call void (...)* @_ssdm_op_SpecInterface(i64* %in_stream_V_data_V, i8* %in_stream_V_keep_V, i8* %in_stream_V_strb_V, i1* %in_stream_V_user_V, i1* %in_stream_V_last_V, i1* %in_stream_V_id_V, i1* %in_stream_V_dest_V, [5 x i8]* @p_str4020, i32 1, i32 1, [5 x i8]* @p_str4021, i32 0, i32 0, [1 x i8]* @p_str4000, [1 x i8]* @p_str4000, [1 x i8]* @p_str4000, i32 0, i32 0, i32 0, i32 0, [1 x i8]* @p_str4000, [1 x i8]* @p_str4000) nounwind"   --->   Operation 61 'specinterface' <Predicate = true> <Delay = 0.00>
ST_1 : Operation 62 [1/1] (0.00ns)   --->   "call void (...)* @_ssdm_op_SpecInterface(i64* %in_stream_V_data_V, i8* %in_stream_V_keep_V, i8* %in_stream_V_strb_V, i1* %in_stream_V_user_V, i1* %in_stream_V_last_V, i1* %in_stream_V_id_V, i1* %in_stream_V_dest_V, [5 x i8]* @p_str4020, i32 1, i32 1, [5 x i8]* @p_str4021, i32 0, i32 0, [1 x i8]* @p_str4000, [1 x i8]* @p_str4000, [1 x i8]* @p_str4000, i32 0, i32 0, i32 0, i32 0, [1 x i8]* @p_str4000, [1 x i8]* @p_str4000) nounwind"   --->   Operation 62 'specinterface' <Predicate = true> <Delay = 0.00>
ST_1 : Operation 63 [1/1] (0.00ns)   --->   "call void (...)* @_ssdm_op_SpecInterface(i64* %in_stream_V_data_V, i8* %in_stream_V_keep_V, i8* %in_stream_V_strb_V, i1* %in_stream_V_user_V, i1* %in_stream_V_last_V, i1* %in_stream_V_id_V, i1* %in_stream_V_dest_V, [5 x i8]* @p_str4020, i32 1, i32 1, [5 x i8]* @p_str4021, i32 0, i32 0, [1 x i8]* @p_str4000, [1 x i8]* @p_str4000, [1 x i8]* @p_str4000, i32 0, i32 0, i32 0, i32 0, [1 x i8]* @p_str4000, [1 x i8]* @p_str4000) nounwind"   --->   Operation 63 'specinterface' <Predicate = true> <Delay = 0.00>
ST_1 : Operation 64 [1/1] (0.00ns)   --->   "call void (...)* @_ssdm_op_SpecInterface(i64* %in_stream_V_data_V, i8* %in_stream_V_keep_V, i8* %in_stream_V_strb_V, i1* %in_stream_V_user_V, i1* %in_stream_V_last_V, i1* %in_stream_V_id_V, i1* %in_stream_V_dest_V, [5 x i8]* @p_str4020, i32 1, i32 1, [5 x i8]* @p_str4021, i32 0, i32 0, [1 x i8]* @p_str4000, [1 x i8]* @p_str4000, [1 x i8]* @p_str4000, i32 0, i32 0, i32 0, i32 0, [1 x i8]* @p_str4000, [1 x i8]* @p_str4000) nounwind"   --->   Operation 64 'specinterface' <Predicate = true> <Delay = 0.00>
ST_1 : Operation 65 [1/1] (0.00ns)   --->   "call void (...)* @_ssdm_op_SpecInterface(i64* %in_stream_V_data_V, i8* %in_stream_V_keep_V, i8* %in_stream_V_strb_V, i1* %in_stream_V_user_V, i1* %in_stream_V_last_V, i1* %in_stream_V_id_V, i1* %in_stream_V_dest_V, [5 x i8]* @p_str4020, i32 1, i32 1, [5 x i8]* @p_str4021, i32 0, i32 0, [1 x i8]* @p_str4000, [1 x i8]* @p_str4000, [1 x i8]* @p_str4000, i32 0, i32 0, i32 0, i32 0, [1 x i8]* @p_str4000, [1 x i8]* @p_str4000) nounwind"   --->   Operation 65 'specinterface' <Predicate = true> <Delay = 0.00>
ST_1 : Operation 66 [1/1] (0.00ns)   --->   "call void (...)* @_ssdm_op_SpecInterface(i64* %in_stream_V_data_V, i8* %in_stream_V_keep_V, i8* %in_stream_V_strb_V, i1* %in_stream_V_user_V, i1* %in_stream_V_last_V, i1* %in_stream_V_id_V, i1* %in_stream_V_dest_V, [5 x i8]* @p_str4020, i32 1, i32 1, [5 x i8]* @p_str4021, i32 0, i32 0, [1 x i8]* @p_str4000, [1 x i8]* @p_str4000, [1 x i8]* @p_str4000, i32 0, i32 0, i32 0, i32 0, [1 x i8]* @p_str4000, [1 x i8]* @p_str4000) nounwind"   --->   Operation 66 'specinterface' <Predicate = true> <Delay = 0.00>
ST_1 : Operation 67 [1/1] (0.00ns)   --->   "call void (...)* @_ssdm_op_SpecInterface(i31* %n_out, [8 x i8]* @ap_fifo_str, i32 0, i32 0, [1 x i8]* @p_str, i32 0, i32 0, [1 x i8]* @p_str, [1 x i8]* @p_str, [1 x i8]* @p_str, i32 2, i32 2, i32 16, i32 16, [1 x i8]* @p_str, [1 x i8]* @p_str)"   --->   Operation 67 'specinterface' <Predicate = true> <Delay = 0.00>
ST_1 : Operation 68 [1/1] (3.63ns)   --->   "call void @_ssdm_op_Write.ap_fifo.i31P(i31* %n_out, i31 %n_read)"   --->   Operation 68 'write' <Predicate = true> <Delay = 3.63> <Core = "FIFO">   --->   Core 32 'FIFO' <Latency = 0> <II = 1> <Delay = 3.63> <Storage> <Opcode : 'read' 'write' 'nbread' 'nbwrite'> <Ports = 0> <Width = 32> <Depth = 2> <FIFO>
ST_1 : Operation 69 [1/1] (0.00ns)   --->   "call void (...)* @_ssdm_op_SpecInterface(i32* %num_images_out, [8 x i8]* @ap_fifo_str, i32 0, i32 0, [1 x i8]* @p_str, i32 0, i32 0, [1 x i8]* @p_str, [1 x i8]* @p_str, [1 x i8]* @p_str, i32 2, i32 2, i32 16, i32 16, [1 x i8]* @p_str, [1 x i8]* @p_str)"   --->   Operation 69 'specinterface' <Predicate = true> <Delay = 0.00>
ST_1 : Operation 70 [1/1] (3.63ns)   --->   "call void @_ssdm_op_Write.ap_fifo.i32P(i32* %num_images_out, i32 %num_images_read)"   --->   Operation 70 'write' <Predicate = true> <Delay = 3.63> <Core = "FIFO">   --->   Core 32 'FIFO' <Latency = 0> <II = 1> <Delay = 3.63> <Storage> <Opcode : 'read' 'write' 'nbread' 'nbwrite'> <Ports = 0> <Width = 32> <Depth = 2> <FIFO>
ST_1 : Operation 71 [1/1] (0.00ns)   --->   "call void (...)* @_ssdm_op_SpecInterface(i64* %in_stream_V_data_V, i8* %in_stream_V_keep_V, i8* %in_stream_V_strb_V, i1* %in_stream_V_user_V, i1* %in_stream_V_last_V, i1* %in_stream_V_id_V, i1* %in_stream_V_dest_V, [5 x i8]* @p_str4020, i32 1, i32 1, [5 x i8]* @p_str4021, i32 0, i32 0, [1 x i8]* @p_str4000, [1 x i8]* @p_str4000, [1 x i8]* @p_str4000, i32 0, i32 0, i32 0, i32 0, [1 x i8]* @p_str4000, [1 x i8]* @p_str4000) nounwind"   --->   Operation 71 'specinterface' <Predicate = true> <Delay = 0.00>
ST_1 : Operation 72 [1/1] (0.00ns)   --->   "call void (...)* @_ssdm_op_SpecInterface(i64* %in_stream_V_data_V, i8* %in_stream_V_keep_V, i8* %in_stream_V_strb_V, i1* %in_stream_V_user_V, i1* %in_stream_V_last_V, i1* %in_stream_V_id_V, i1* %in_stream_V_dest_V, [5 x i8]* @p_str4020, i32 1, i32 1, [5 x i8]* @p_str4021, i32 0, i32 0, [1 x i8]* @p_str4000, [1 x i8]* @p_str4000, [1 x i8]* @p_str4000, i32 0, i32 0, i32 0, i32 0, [1 x i8]* @p_str4000, [1 x i8]* @p_str4000) nounwind"   --->   Operation 72 'specinterface' <Predicate = true> <Delay = 0.00>
ST_1 : Operation 73 [1/1] (0.00ns)   --->   "call void (...)* @_ssdm_op_SpecInterface(i64* %in_stream_V_data_V, i8* %in_stream_V_keep_V, i8* %in_stream_V_strb_V, i1* %in_stream_V_user_V, i1* %in_stream_V_last_V, i1* %in_stream_V_id_V, i1* %in_stream_V_dest_V, [5 x i8]* @p_str4020, i32 1, i32 1, [5 x i8]* @p_str4021, i32 0, i32 0, [1 x i8]* @p_str4000, [1 x i8]* @p_str4000, [1 x i8]* @p_str4000, i32 0, i32 0, i32 0, i32 0, [1 x i8]* @p_str4000, [1 x i8]* @p_str4000) nounwind"   --->   Operation 73 'specinterface' <Predicate = true> <Delay = 0.00>
ST_1 : Operation 74 [1/1] (0.00ns)   --->   "call void (...)* @_ssdm_op_SpecInterface(i64* %in_stream_V_data_V, i8* %in_stream_V_keep_V, i8* %in_stream_V_strb_V, i1* %in_stream_V_user_V, i1* %in_stream_V_last_V, i1* %in_stream_V_id_V, i1* %in_stream_V_dest_V, [5 x i8]* @p_str4020, i32 1, i32 1, [5 x i8]* @p_str4021, i32 0, i32 0, [1 x i8]* @p_str4000, [1 x i8]* @p_str4000, [1 x i8]* @p_str4000, i32 0, i32 0, i32 0, i32 0, [1 x i8]* @p_str4000, [1 x i8]* @p_str4000) nounwind"   --->   Operation 74 'specinterface' <Predicate = true> <Delay = 0.00>
ST_1 : Operation 75 [1/1] (0.00ns)   --->   "call void (...)* @_ssdm_op_SpecInterface(i64* %in_stream_V_data_V, i8* %in_stream_V_keep_V, i8* %in_stream_V_strb_V, i1* %in_stream_V_user_V, i1* %in_stream_V_last_V, i1* %in_stream_V_id_V, i1* %in_stream_V_dest_V, [5 x i8]* @p_str4020, i32 1, i32 1, [5 x i8]* @p_str4021, i32 0, i32 0, [1 x i8]* @p_str4000, [1 x i8]* @p_str4000, [1 x i8]* @p_str4000, i32 0, i32 0, i32 0, i32 0, [1 x i8]* @p_str4000, [1 x i8]* @p_str4000) nounwind"   --->   Operation 75 'specinterface' <Predicate = true> <Delay = 0.00>
ST_1 : Operation 76 [1/1] (0.00ns)   --->   "call void (...)* @_ssdm_op_SpecInterface(i64* %in_stream_V_data_V, i8* %in_stream_V_keep_V, i8* %in_stream_V_strb_V, i1* %in_stream_V_user_V, i1* %in_stream_V_last_V, i1* %in_stream_V_id_V, i1* %in_stream_V_dest_V, [5 x i8]* @p_str4020, i32 1, i32 1, [5 x i8]* @p_str4021, i32 0, i32 0, [1 x i8]* @p_str4000, [1 x i8]* @p_str4000, [1 x i8]* @p_str4000, i32 0, i32 0, i32 0, i32 0, [1 x i8]* @p_str4000, [1 x i8]* @p_str4000) nounwind"   --->   Operation 76 'specinterface' <Predicate = true> <Delay = 0.00>
ST_1 : Operation 77 [1/1] (0.00ns)   --->   "call void (...)* @_ssdm_op_SpecInterface(i64* %in_stream_V_data_V, i8* %in_stream_V_keep_V, i8* %in_stream_V_strb_V, i1* %in_stream_V_user_V, i1* %in_stream_V_last_V, i1* %in_stream_V_id_V, i1* %in_stream_V_dest_V, [5 x i8]* @p_str4020, i32 1, i32 1, [5 x i8]* @p_str4021, i32 0, i32 0, [1 x i8]* @p_str4000, [1 x i8]* @p_str4000, [1 x i8]* @p_str4000, i32 0, i32 0, i32 0, i32 0, [1 x i8]* @p_str4000, [1 x i8]* @p_str4000) nounwind"   --->   Operation 77 'specinterface' <Predicate = true> <Delay = 0.00>
ST_1 : Operation 78 [1/1] (0.00ns)   --->   "call void (...)* @_ssdm_op_SpecMemCore([31 x i128]* %x_pack_V, [1 x i8]* @p_str4000, [12 x i8]* @p_str4026, [1 x i8]* @p_str4000, i32 -1, [1 x i8]* @p_str4000, [1 x i8]* @p_str4000, [1 x i8]* @p_str4000, [1 x i8]* @p_str4000, [1 x i8]* @p_str4000)"   --->   Operation 78 'specmemcore' <Predicate = true> <Delay = 0.00>
ST_1 : Operation 79 [1/1] (0.00ns)   --->   "call void (...)* @_ssdm_op_SpecInterface(i64* %in_stream_V_data_V, i8* %in_stream_V_keep_V, i8* %in_stream_V_strb_V, i1* %in_stream_V_user_V, i1* %in_stream_V_last_V, i1* %in_stream_V_id_V, i1* %in_stream_V_dest_V, [5 x i8]* @p_str4020, i32 1, i32 1, [5 x i8]* @p_str4021, i32 0, i32 0, [1 x i8]* @p_str4000, [1 x i8]* @p_str4000, [1 x i8]* @p_str4000, i32 0, i32 0, i32 0, i32 0, [1 x i8]* @p_str4000, [1 x i8]* @p_str4000) nounwind"   --->   Operation 79 'specinterface' <Predicate = true> <Delay = 0.00>
ST_1 : Operation 80 [1/1] (1.76ns)   --->   "br label %0" [MathieuHelpMe/Classifier.cpp:40]   --->   Operation 80 'br' <Predicate = true> <Delay = 1.76>

State 2 <SV = 1> <Delay = 2.34>
ST_2 : Operation 81 [1/1] (0.00ns)   --->   "%agg_result_V_write_a = phi i24 [ 0, %entry ], [ %calculated_norm_V, %1 ]"   --->   Operation 81 'phi' 'agg_result_V_write_a' <Predicate = true> <Delay = 0.00>
ST_2 : Operation 82 [1/1] (0.00ns)   --->   "%g_i_i = phi i5 [ 0, %entry ], [ %g, %1 ]"   --->   Operation 82 'phi' 'g_i_i' <Predicate = true> <Delay = 0.00>
ST_2 : Operation 83 [1/1] (1.36ns)   --->   "%exitcond1_i_i = icmp eq i5 %g_i_i, -1" [MathieuHelpMe/Classifier.cpp:40]   --->   Operation 83 'icmp' 'exitcond1_i_i' <Predicate = true> <Delay = 1.36> <Core = "Cmp">   --->   Core 25 'Cmp' <Latency = 0> <II = 1> <Delay = 1.36> <FuncUnit> <Opcode : 'icmp'> <InPorts = 2> <OutPorts = 1>
ST_2 : Operation 84 [1/1] (0.00ns)   --->   "call void (...)* @_ssdm_op_SpecLoopTripCount(i64 31, i64 31, i64 31)"   --->   Operation 84 'speclooptripcount' <Predicate = true> <Delay = 0.00>
ST_2 : Operation 85 [1/1] (1.78ns)   --->   "%g = add i5 %g_i_i, 1" [MathieuHelpMe/Classifier.cpp:40]   --->   Operation 85 'add' 'g' <Predicate = true> <Delay = 1.78> <Core = "AddSub">   --->   Core 14 'AddSub' <Latency = 0> <II = 1> <Delay = 2.31> <FuncUnit> <Opcode : 'add' 'sub'> <InPorts = 2> <OutPorts = 1>
ST_2 : Operation 86 [1/1] (0.00ns)   --->   "br i1 %exitcond1_i_i, label %.exit, label %1" [MathieuHelpMe/Classifier.cpp:40]   --->   Operation 86 'br' <Predicate = true> <Delay = 0.00>
ST_2 : Operation 87 [2/2] (0.00ns)   --->   "%empty = call { i64, i8, i8, i1, i1, i1, i1 } @_ssdm_op_Read.axis.volatile.i64P.i8P.i8P.i1P.i1P.i1P.i1P(i64* %in_stream_V_data_V, i8* %in_stream_V_keep_V, i8* %in_stream_V_strb_V, i1* %in_stream_V_user_V, i1* %in_stream_V_last_V, i1* %in_stream_V_id_V, i1* %in_stream_V_dest_V)" [MathieuHelpMe/Classifier.cpp:44]   --->   Operation 87 'read' 'empty' <Predicate = (!exitcond1_i_i)> <Delay = 0.00> <Core = "AXI4Stream">   --->   Core 5 'AXI4Stream' <Latency = 0> <II = 1> <Delay = 1.00> <Adapter> <Opcode : >

State 3 <SV = 2> <Delay = 4.17>
ST_3 : Operation 88 [1/2] (0.00ns)   --->   "%empty = call { i64, i8, i8, i1, i1, i1, i1 } @_ssdm_op_Read.axis.volatile.i64P.i8P.i8P.i1P.i1P.i1P.i1P(i64* %in_stream_V_data_V, i8* %in_stream_V_keep_V, i8* %in_stream_V_strb_V, i1* %in_stream_V_user_V, i1* %in_stream_V_last_V, i1* %in_stream_V_id_V, i1* %in_stream_V_dest_V)" [MathieuHelpMe/Classifier.cpp:44]   --->   Operation 88 'read' 'empty' <Predicate = (!exitcond1_i_i)> <Delay = 0.00> <Core = "AXI4Stream">   --->   Core 5 'AXI4Stream' <Latency = 0> <II = 1> <Delay = 1.00> <Adapter> <Opcode : >
ST_3 : Operation 89 [1/1] (0.00ns)   --->   "%tmp_data_V = extractvalue { i64, i8, i8, i1, i1, i1, i1 } %empty, 0" [MathieuHelpMe/Classifier.cpp:44]   --->   Operation 89 'extractvalue' 'tmp_data_V' <Predicate = (!exitcond1_i_i)> <Delay = 0.00>
ST_3 : Operation 90 [1/1] (0.00ns)   --->   "%tmp_1 = trunc i64 %tmp_data_V to i8" [MathieuHelpMe/Classifier.cpp:48]   --->   Operation 90 'trunc' 'tmp_1' <Predicate = (!exitcond1_i_i)> <Delay = 0.00>
ST_3 : Operation 91 [1/1] (0.00ns)   --->   "%p_Result_0_1_i_i = call i8 @_ssdm_op_PartSelect.i8.i64.i32.i32(i64 %tmp_data_V, i32 8, i32 15)" [MathieuHelpMe/Classifier.cpp:48]   --->   Operation 91 'partselect' 'p_Result_0_1_i_i' <Predicate = (!exitcond1_i_i)> <Delay = 0.00>
ST_3 : Operation 92 [1/1] (0.00ns)   --->   "%p_Result_0_2_i_i = call i8 @_ssdm_op_PartSelect.i8.i64.i32.i32(i64 %tmp_data_V, i32 16, i32 23)" [MathieuHelpMe/Classifier.cpp:48]   --->   Operation 92 'partselect' 'p_Result_0_2_i_i' <Predicate = (!exitcond1_i_i)> <Delay = 0.00>
ST_3 : Operation 93 [1/1] (0.00ns)   --->   "%p_Result_0_3_i_i = call i8 @_ssdm_op_PartSelect.i8.i64.i32.i32(i64 %tmp_data_V, i32 24, i32 31)" [MathieuHelpMe/Classifier.cpp:48]   --->   Operation 93 'partselect' 'p_Result_0_3_i_i' <Predicate = (!exitcond1_i_i)> <Delay = 0.00>
ST_3 : Operation 94 [1/1] (0.00ns)   --->   "%p_Result_0_4_i_i = call i8 @_ssdm_op_PartSelect.i8.i64.i32.i32(i64 %tmp_data_V, i32 32, i32 39)" [MathieuHelpMe/Classifier.cpp:48]   --->   Operation 94 'partselect' 'p_Result_0_4_i_i' <Predicate = (!exitcond1_i_i)> <Delay = 0.00>
ST_3 : Operation 95 [1/1] (0.00ns)   --->   "%p_Result_0_5_i_i = call i8 @_ssdm_op_PartSelect.i8.i64.i32.i32(i64 %tmp_data_V, i32 40, i32 47)" [MathieuHelpMe/Classifier.cpp:48]   --->   Operation 95 'partselect' 'p_Result_0_5_i_i' <Predicate = (!exitcond1_i_i)> <Delay = 0.00>
ST_3 : Operation 96 [1/1] (0.00ns)   --->   "%OP1_V_0_5_i_i = sext i8 %p_Result_0_5_i_i to i16" [MathieuHelpMe/Classifier.cpp:53]   --->   Operation 96 'sext' 'OP1_V_0_5_i_i' <Predicate = (!exitcond1_i_i)> <Delay = 0.00>
ST_3 : Operation 97 [1/1] (4.17ns)   --->   "%sq_V_6 = mul i16 %OP1_V_0_5_i_i, %OP1_V_0_5_i_i" [MathieuHelpMe/Classifier.cpp:53]   --->   Operation 97 'mul' 'sq_V_6' <Predicate = (!exitcond1_i_i)> <Delay = 4.17> <Core = "Mul">   --->   Core 16 'Mul' <Latency = 0> <II = 1> <Delay = 4.17> <FuncUnit> <Opcode : 'mul'> <InPorts = 2> <OutPorts = 1>
ST_3 : Operation 98 [1/1] (0.00ns)   --->   "%p_Result_0_6_i_i = call i8 @_ssdm_op_PartSelect.i8.i64.i32.i32(i64 %tmp_data_V, i32 48, i32 55)" [MathieuHelpMe/Classifier.cpp:48]   --->   Operation 98 'partselect' 'p_Result_0_6_i_i' <Predicate = (!exitcond1_i_i)> <Delay = 0.00>
ST_3 : Operation 99 [1/1] (0.00ns)   --->   "%p_Result_0_7_i_i = call i8 @_ssdm_op_PartSelect.i8.i64.i32.i32(i64 %tmp_data_V, i32 56, i32 63)" [MathieuHelpMe/Classifier.cpp:48]   --->   Operation 99 'partselect' 'p_Result_0_7_i_i' <Predicate = (!exitcond1_i_i)> <Delay = 0.00>
ST_3 : Operation 100 [2/2] (0.00ns)   --->   "%empty_37 = call { i64, i8, i8, i1, i1, i1, i1 } @_ssdm_op_Read.axis.volatile.i64P.i8P.i8P.i1P.i1P.i1P.i1P(i64* %in_stream_V_data_V, i8* %in_stream_V_keep_V, i8* %in_stream_V_strb_V, i1* %in_stream_V_user_V, i1* %in_stream_V_last_V, i1* %in_stream_V_id_V, i1* %in_stream_V_dest_V)" [MathieuHelpMe/Classifier.cpp:44]   --->   Operation 100 'read' 'empty_37' <Predicate = (!exitcond1_i_i)> <Delay = 0.00> <Core = "AXI4Stream">   --->   Core 5 'AXI4Stream' <Latency = 0> <II = 1> <Delay = 1.00> <Adapter> <Opcode : >

State 4 <SV = 3> <Delay = 6.48>
ST_4 : Operation 101 [1/1] (0.00ns)   --->   "%tmp_9_0_5_i_i = call i24 @_ssdm_op_BitConcatenate.i24.i16.i8(i16 %sq_V_6, i8 0)" [MathieuHelpMe/Classifier.cpp:54]   --->   Operation 101 'bitconcatenate' 'tmp_9_0_5_i_i' <Predicate = (!exitcond1_i_i)> <Delay = 0.00>
ST_4 : Operation 102 [1/2] (0.00ns)   --->   "%empty_37 = call { i64, i8, i8, i1, i1, i1, i1 } @_ssdm_op_Read.axis.volatile.i64P.i8P.i8P.i1P.i1P.i1P.i1P(i64* %in_stream_V_data_V, i8* %in_stream_V_keep_V, i8* %in_stream_V_strb_V, i1* %in_stream_V_user_V, i1* %in_stream_V_last_V, i1* %in_stream_V_id_V, i1* %in_stream_V_dest_V)" [MathieuHelpMe/Classifier.cpp:44]   --->   Operation 102 'read' 'empty_37' <Predicate = (!exitcond1_i_i)> <Delay = 0.00> <Core = "AXI4Stream">   --->   Core 5 'AXI4Stream' <Latency = 0> <II = 1> <Delay = 1.00> <Adapter> <Opcode : >
ST_4 : Operation 103 [1/1] (0.00ns)   --->   "%tmp_data_V_1 = extractvalue { i64, i8, i8, i1, i1, i1, i1 } %empty_37, 0" [MathieuHelpMe/Classifier.cpp:44]   --->   Operation 103 'extractvalue' 'tmp_data_V_1' <Predicate = (!exitcond1_i_i)> <Delay = 0.00>
ST_4 : Operation 104 [1/1] (0.00ns)   --->   "%tmp_2 = trunc i64 %tmp_data_V_1 to i8" [MathieuHelpMe/Classifier.cpp:48]   --->   Operation 104 'trunc' 'tmp_2' <Predicate = (!exitcond1_i_i)> <Delay = 0.00>
ST_4 : Operation 105 [1/1] (0.00ns)   --->   "%OP1_V_1_i_i = sext i8 %tmp_2 to i16" [MathieuHelpMe/Classifier.cpp:53]   --->   Operation 105 'sext' 'OP1_V_1_i_i' <Predicate = (!exitcond1_i_i)> <Delay = 0.00>
ST_4 : Operation 106 [1/1] (4.17ns)   --->   "%sq_V_9 = mul i16 %OP1_V_1_i_i, %OP1_V_1_i_i" [MathieuHelpMe/Classifier.cpp:53]   --->   Operation 106 'mul' 'sq_V_9' <Predicate = (!exitcond1_i_i)> <Delay = 4.17> <Core = "Mul">   --->   Core 16 'Mul' <Latency = 0> <II = 1> <Delay = 4.17> <FuncUnit> <Opcode : 'mul'> <InPorts = 2> <OutPorts = 1>
ST_4 : Operation 107 [1/1] (0.00ns)   --->   "%p_Result_1_1_i_i = call i8 @_ssdm_op_PartSelect.i8.i64.i32.i32(i64 %tmp_data_V_1, i32 8, i32 15)" [MathieuHelpMe/Classifier.cpp:48]   --->   Operation 107 'partselect' 'p_Result_1_1_i_i' <Predicate = (!exitcond1_i_i)> <Delay = 0.00>
ST_4 : Operation 108 [1/1] (0.00ns)   --->   "%OP1_V_1_1_i_i = sext i8 %p_Result_1_1_i_i to i16" [MathieuHelpMe/Classifier.cpp:53]   --->   Operation 108 'sext' 'OP1_V_1_1_i_i' <Predicate = (!exitcond1_i_i)> <Delay = 0.00>
ST_4 : Operation 109 [1/1] (4.17ns)   --->   "%sq_V_10 = mul i16 %OP1_V_1_1_i_i, %OP1_V_1_1_i_i" [MathieuHelpMe/Classifier.cpp:53]   --->   Operation 109 'mul' 'sq_V_10' <Predicate = (!exitcond1_i_i)> <Delay = 4.17> <Core = "Mul">   --->   Core 16 'Mul' <Latency = 0> <II = 1> <Delay = 4.17> <FuncUnit> <Opcode : 'mul'> <InPorts = 2> <OutPorts = 1>
ST_4 : Operation 110 [1/1] (0.00ns)   --->   "%tmp_9_1_1_i_i = call i24 @_ssdm_op_BitConcatenate.i24.i16.i8(i16 %sq_V_10, i8 0)" [MathieuHelpMe/Classifier.cpp:54]   --->   Operation 110 'bitconcatenate' 'tmp_9_1_1_i_i' <Predicate = (!exitcond1_i_i)> <Delay = 0.00>
ST_4 : Operation 111 [1/1] (0.00ns)   --->   "%p_Result_1_2_i_i = call i8 @_ssdm_op_PartSelect.i8.i64.i32.i32(i64 %tmp_data_V_1, i32 16, i32 23)" [MathieuHelpMe/Classifier.cpp:48]   --->   Operation 111 'partselect' 'p_Result_1_2_i_i' <Predicate = (!exitcond1_i_i)> <Delay = 0.00>
ST_4 : Operation 112 [1/1] (0.00ns)   --->   "%OP1_V_1_2_i_i = sext i8 %p_Result_1_2_i_i to i16" [MathieuHelpMe/Classifier.cpp:53]   --->   Operation 112 'sext' 'OP1_V_1_2_i_i' <Predicate = (!exitcond1_i_i)> <Delay = 0.00>
ST_4 : Operation 113 [1/1] (4.17ns)   --->   "%sq_V_11 = mul i16 %OP1_V_1_2_i_i, %OP1_V_1_2_i_i" [MathieuHelpMe/Classifier.cpp:53]   --->   Operation 113 'mul' 'sq_V_11' <Predicate = (!exitcond1_i_i)> <Delay = 4.17> <Core = "Mul">   --->   Core 16 'Mul' <Latency = 0> <II = 1> <Delay = 4.17> <FuncUnit> <Opcode : 'mul'> <InPorts = 2> <OutPorts = 1>
ST_4 : Operation 114 [1/1] (0.00ns)   --->   "%tmp_9_1_2_i_i = call i24 @_ssdm_op_BitConcatenate.i24.i16.i8(i16 %sq_V_11, i8 0)" [MathieuHelpMe/Classifier.cpp:54]   --->   Operation 114 'bitconcatenate' 'tmp_9_1_2_i_i' <Predicate = (!exitcond1_i_i)> <Delay = 0.00>
ST_4 : Operation 115 [1/1] (0.00ns)   --->   "%p_Result_1_3_i_i = call i8 @_ssdm_op_PartSelect.i8.i64.i32.i32(i64 %tmp_data_V_1, i32 24, i32 31)" [MathieuHelpMe/Classifier.cpp:48]   --->   Operation 115 'partselect' 'p_Result_1_3_i_i' <Predicate = (!exitcond1_i_i)> <Delay = 0.00>
ST_4 : Operation 116 [1/1] (0.00ns)   --->   "%OP1_V_1_3_i_i = sext i8 %p_Result_1_3_i_i to i16" [MathieuHelpMe/Classifier.cpp:53]   --->   Operation 116 'sext' 'OP1_V_1_3_i_i' <Predicate = (!exitcond1_i_i)> <Delay = 0.00>
ST_4 : Operation 117 [1/1] (4.17ns)   --->   "%sq_V_12 = mul i16 %OP1_V_1_3_i_i, %OP1_V_1_3_i_i" [MathieuHelpMe/Classifier.cpp:53]   --->   Operation 117 'mul' 'sq_V_12' <Predicate = (!exitcond1_i_i)> <Delay = 4.17> <Core = "Mul">   --->   Core 16 'Mul' <Latency = 0> <II = 1> <Delay = 4.17> <FuncUnit> <Opcode : 'mul'> <InPorts = 2> <OutPorts = 1>
ST_4 : Operation 118 [1/1] (0.00ns)   --->   "%tmp_9_1_3_i_i = call i24 @_ssdm_op_BitConcatenate.i24.i16.i8(i16 %sq_V_12, i8 0)" [MathieuHelpMe/Classifier.cpp:54]   --->   Operation 118 'bitconcatenate' 'tmp_9_1_3_i_i' <Predicate = (!exitcond1_i_i)> <Delay = 0.00>
ST_4 : Operation 119 [1/1] (0.00ns)   --->   "%p_Result_1_4_i_i = call i8 @_ssdm_op_PartSelect.i8.i64.i32.i32(i64 %tmp_data_V_1, i32 32, i32 39)" [MathieuHelpMe/Classifier.cpp:48]   --->   Operation 119 'partselect' 'p_Result_1_4_i_i' <Predicate = (!exitcond1_i_i)> <Delay = 0.00>
ST_4 : Operation 120 [1/1] (0.00ns)   --->   "%OP1_V_1_4_i_i = sext i8 %p_Result_1_4_i_i to i16" [MathieuHelpMe/Classifier.cpp:53]   --->   Operation 120 'sext' 'OP1_V_1_4_i_i' <Predicate = (!exitcond1_i_i)> <Delay = 0.00>
ST_4 : Operation 121 [1/1] (4.17ns)   --->   "%sq_V_13 = mul i16 %OP1_V_1_4_i_i, %OP1_V_1_4_i_i" [MathieuHelpMe/Classifier.cpp:53]   --->   Operation 121 'mul' 'sq_V_13' <Predicate = (!exitcond1_i_i)> <Delay = 4.17> <Core = "Mul">   --->   Core 16 'Mul' <Latency = 0> <II = 1> <Delay = 4.17> <FuncUnit> <Opcode : 'mul'> <InPorts = 2> <OutPorts = 1>
ST_4 : Operation 122 [1/1] (0.00ns)   --->   "%tmp_9_1_4_i_i = call i24 @_ssdm_op_BitConcatenate.i24.i16.i8(i16 %sq_V_13, i8 0)" [MathieuHelpMe/Classifier.cpp:54]   --->   Operation 122 'bitconcatenate' 'tmp_9_1_4_i_i' <Predicate = (!exitcond1_i_i)> <Delay = 0.00>
ST_4 : Operation 123 [1/1] (0.00ns)   --->   "%p_Result_1_5_i_i = call i8 @_ssdm_op_PartSelect.i8.i64.i32.i32(i64 %tmp_data_V_1, i32 40, i32 47)" [MathieuHelpMe/Classifier.cpp:48]   --->   Operation 123 'partselect' 'p_Result_1_5_i_i' <Predicate = (!exitcond1_i_i)> <Delay = 0.00>
ST_4 : Operation 124 [1/1] (0.00ns)   --->   "%OP1_V_1_5_i_i = sext i8 %p_Result_1_5_i_i to i16" [MathieuHelpMe/Classifier.cpp:53]   --->   Operation 124 'sext' 'OP1_V_1_5_i_i' <Predicate = (!exitcond1_i_i)> <Delay = 0.00>
ST_4 : Operation 125 [1/1] (4.17ns)   --->   "%sq_V_14 = mul i16 %OP1_V_1_5_i_i, %OP1_V_1_5_i_i" [MathieuHelpMe/Classifier.cpp:53]   --->   Operation 125 'mul' 'sq_V_14' <Predicate = (!exitcond1_i_i)> <Delay = 4.17> <Core = "Mul">   --->   Core 16 'Mul' <Latency = 0> <II = 1> <Delay = 4.17> <FuncUnit> <Opcode : 'mul'> <InPorts = 2> <OutPorts = 1>
ST_4 : Operation 126 [1/1] (0.00ns)   --->   "%tmp_9_1_5_i_i = call i24 @_ssdm_op_BitConcatenate.i24.i16.i8(i16 %sq_V_14, i8 0)" [MathieuHelpMe/Classifier.cpp:54]   --->   Operation 126 'bitconcatenate' 'tmp_9_1_5_i_i' <Predicate = (!exitcond1_i_i)> <Delay = 0.00>
ST_4 : Operation 127 [1/1] (0.00ns)   --->   "%p_Result_1_6_i_i = call i8 @_ssdm_op_PartSelect.i8.i64.i32.i32(i64 %tmp_data_V_1, i32 48, i32 55)" [MathieuHelpMe/Classifier.cpp:48]   --->   Operation 127 'partselect' 'p_Result_1_6_i_i' <Predicate = (!exitcond1_i_i)> <Delay = 0.00>
ST_4 : Operation 128 [1/1] (0.00ns)   --->   "%OP1_V_1_6_i_i = sext i8 %p_Result_1_6_i_i to i16" [MathieuHelpMe/Classifier.cpp:53]   --->   Operation 128 'sext' 'OP1_V_1_6_i_i' <Predicate = (!exitcond1_i_i)> <Delay = 0.00>
ST_4 : Operation 129 [1/1] (4.17ns)   --->   "%sq_V_15 = mul i16 %OP1_V_1_6_i_i, %OP1_V_1_6_i_i" [MathieuHelpMe/Classifier.cpp:53]   --->   Operation 129 'mul' 'sq_V_15' <Predicate = (!exitcond1_i_i)> <Delay = 4.17> <Core = "Mul">   --->   Core 16 'Mul' <Latency = 0> <II = 1> <Delay = 4.17> <FuncUnit> <Opcode : 'mul'> <InPorts = 2> <OutPorts = 1>
ST_4 : Operation 130 [1/1] (0.00ns)   --->   "%tmp_9_1_6_i_i = call i24 @_ssdm_op_BitConcatenate.i24.i16.i8(i16 %sq_V_15, i8 0)" [MathieuHelpMe/Classifier.cpp:54]   --->   Operation 130 'bitconcatenate' 'tmp_9_1_6_i_i' <Predicate = (!exitcond1_i_i)> <Delay = 0.00>
ST_4 : Operation 131 [1/1] (0.00ns)   --->   "%p_Result_1_7_i_i = call i8 @_ssdm_op_PartSelect.i8.i64.i32.i32(i64 %tmp_data_V_1, i32 56, i32 63)" [MathieuHelpMe/Classifier.cpp:48]   --->   Operation 131 'partselect' 'p_Result_1_7_i_i' <Predicate = (!exitcond1_i_i)> <Delay = 0.00>
ST_4 : Operation 132 [1/1] (0.00ns)   --->   "%OP1_V_1_7_i_i = sext i8 %p_Result_1_7_i_i to i16" [MathieuHelpMe/Classifier.cpp:53]   --->   Operation 132 'sext' 'OP1_V_1_7_i_i' <Predicate = (!exitcond1_i_i)> <Delay = 0.00>
ST_4 : Operation 133 [1/1] (4.17ns)   --->   "%sq_V_16 = mul i16 %OP1_V_1_7_i_i, %OP1_V_1_7_i_i" [MathieuHelpMe/Classifier.cpp:53]   --->   Operation 133 'mul' 'sq_V_16' <Predicate = (!exitcond1_i_i)> <Delay = 4.17> <Core = "Mul">   --->   Core 16 'Mul' <Latency = 0> <II = 1> <Delay = 4.17> <FuncUnit> <Opcode : 'mul'> <InPorts = 2> <OutPorts = 1>
ST_4 : Operation 134 [1/1] (0.00ns)   --->   "store i16 %sq_V_16, i16* %sq_V, align 2" [MathieuHelpMe/Classifier.cpp:53]   --->   Operation 134 'store' <Predicate = (!exitcond1_i_i)> <Delay = 0.00>
ST_4 : Operation 135 [1/1] (0.00ns)   --->   "call void (...)* @_ssdm_op_SpecResource(i16 %sq_V_16, [51 x i8]* @p_str4004, [1 x i8]* @p_str4000, [6 x i8]* @p_str4005, [1 x i8]* @p_str4000, i32 -1, [1 x i8]* @p_str4000, [1 x i8]* @p_str4000, [1 x i8]* @p_str4000, [1 x i8]* @p_str4000, [1 x i8]* @p_str4000)" [MathieuHelpMe/Classifier.cpp:54]   --->   Operation 135 'specresource' <Predicate = (!exitcond1_i_i)> <Delay = 0.00>
ST_4 : Operation 136 [1/1] (0.00ns)   --->   "%tmp_9_1_7_i_i = call i24 @_ssdm_op_BitConcatenate.i24.i16.i8(i16 %sq_V_16, i8 0)" [MathieuHelpMe/Classifier.cpp:54]   --->   Operation 136 'bitconcatenate' 'tmp_9_1_7_i_i' <Predicate = (!exitcond1_i_i)> <Delay = 0.00>
ST_4 : Operation 137 [1/1] (2.31ns)   --->   "%tmp = add i24 %tmp_9_1_5_i_i, %tmp_9_1_6_i_i" [MathieuHelpMe/Classifier.cpp:54]   --->   Operation 137 'add' 'tmp' <Predicate = (!exitcond1_i_i)> <Delay = 2.31> <Core = "AddSub">   --->   Core 14 'AddSub' <Latency = 0> <II = 1> <Delay = 2.31> <FuncUnit> <Opcode : 'add' 'sub'> <InPorts = 2> <OutPorts = 1>
ST_4 : Operation 138 [1/1] (2.31ns)   --->   "%tmp1 = add i24 %tmp_9_1_4_i_i, %tmp_9_1_3_i_i" [MathieuHelpMe/Classifier.cpp:54]   --->   Operation 138 'add' 'tmp1' <Predicate = (!exitcond1_i_i)> <Delay = 2.31> <Core = "AddSub">   --->   Core 14 'AddSub' <Latency = 0> <II = 1> <Delay = 2.31> <FuncUnit> <Opcode : 'add' 'sub'> <InPorts = 2> <OutPorts = 1>
ST_4 : Operation 139 [1/1] (2.31ns)   --->   "%tmp4 = add i24 %tmp_9_1_2_i_i, %tmp_9_1_1_i_i" [MathieuHelpMe/Classifier.cpp:54]   --->   Operation 139 'add' 'tmp4' <Predicate = (!exitcond1_i_i)> <Delay = 2.31> <Core = "AddSub">   --->   Core 14 'AddSub' <Latency = 0> <II = 1> <Delay = 2.31> <FuncUnit> <Opcode : 'add' 'sub'> <InPorts = 2> <OutPorts = 1>
ST_4 : Operation 140 [1/1] (2.31ns)   --->   "%tmp11 = add i24 %tmp_9_0_5_i_i, %tmp_9_1_7_i_i" [MathieuHelpMe/Classifier.cpp:54]   --->   Operation 140 'add' 'tmp11' <Predicate = (!exitcond1_i_i)> <Delay = 2.31> <Core = "AddSub">   --->   Core 14 'AddSub' <Latency = 0> <II = 1> <Delay = 2.31> <FuncUnit> <Opcode : 'add' 'sub'> <InPorts = 2> <OutPorts = 1>
ST_4 : Operation 141 [1/1] (0.00ns)   --->   "%p_Result_3_1_7_i_i = call i128 @_ssdm_op_BitConcatenate.i128.i64.i64(i64 %tmp_data_V_1, i64 %tmp_data_V)" [MathieuHelpMe/Classifier.cpp:56]   --->   Operation 141 'bitconcatenate' 'p_Result_3_1_7_i_i' <Predicate = (!exitcond1_i_i)> <Delay = 0.00>
ST_4 : Operation 142 [1/1] (0.00ns)   --->   "%tmp_i_i = zext i5 %g_i_i to i64" [MathieuHelpMe/Classifier.cpp:59]   --->   Operation 142 'zext' 'tmp_i_i' <Predicate = (!exitcond1_i_i)> <Delay = 0.00>
ST_4 : Operation 143 [1/1] (0.00ns)   --->   "%x_pack_V_addr = getelementptr [31 x i128]* %x_pack_V, i64 0, i64 %tmp_i_i" [MathieuHelpMe/Classifier.cpp:59]   --->   Operation 143 'getelementptr' 'x_pack_V_addr' <Predicate = (!exitcond1_i_i)> <Delay = 0.00>
ST_4 : Operation 144 [1/1] (3.25ns)   --->   "store i128 %p_Result_3_1_7_i_i, i128* %x_pack_V_addr, align 16" [MathieuHelpMe/Classifier.cpp:59]   --->   Operation 144 'store' <Predicate = (!exitcond1_i_i)> <Delay = 3.25> <Core = "RAM_2P_BRAM">   --->   Core 41 'RAM_2P_BRAM' <Latency = 1> <II = 1> <Delay = 3.25> <Storage> <Opcode : 'load' 'store'> <Ports = 2> <Width = 128> <Depth = 31> <RAM>

State 5 <SV = 4> <Delay = 8.30>
ST_5 : Operation 145 [1/1] (0.00ns)   --->   "%OP1_V_0_i_i = sext i8 %tmp_1 to i16" [MathieuHelpMe/Classifier.cpp:53]   --->   Operation 145 'sext' 'OP1_V_0_i_i' <Predicate = (!exitcond1_i_i)> <Delay = 0.00>
ST_5 : Operation 146 [1/1] (4.17ns)   --->   "%sq_V_1 = mul i16 %OP1_V_0_i_i, %OP1_V_0_i_i" [MathieuHelpMe/Classifier.cpp:53]   --->   Operation 146 'mul' 'sq_V_1' <Predicate = (!exitcond1_i_i)> <Delay = 4.17> <Core = "Mul">   --->   Core 16 'Mul' <Latency = 0> <II = 1> <Delay = 4.17> <FuncUnit> <Opcode : 'mul'> <InPorts = 2> <OutPorts = 1>
ST_5 : Operation 147 [1/1] (0.00ns)   --->   "%tmp_9_0_i_i = call i24 @_ssdm_op_BitConcatenate.i24.i16.i8(i16 %sq_V_1, i8 0)" [MathieuHelpMe/Classifier.cpp:54]   --->   Operation 147 'bitconcatenate' 'tmp_9_0_i_i' <Predicate = (!exitcond1_i_i)> <Delay = 0.00>
ST_5 : Operation 148 [1/1] (0.00ns)   --->   "%OP1_V_0_1_i_i = sext i8 %p_Result_0_1_i_i to i16" [MathieuHelpMe/Classifier.cpp:53]   --->   Operation 148 'sext' 'OP1_V_0_1_i_i' <Predicate = (!exitcond1_i_i)> <Delay = 0.00>
ST_5 : Operation 149 [1/1] (4.17ns)   --->   "%sq_V_2 = mul i16 %OP1_V_0_1_i_i, %OP1_V_0_1_i_i" [MathieuHelpMe/Classifier.cpp:53]   --->   Operation 149 'mul' 'sq_V_2' <Predicate = (!exitcond1_i_i)> <Delay = 4.17> <Core = "Mul">   --->   Core 16 'Mul' <Latency = 0> <II = 1> <Delay = 4.17> <FuncUnit> <Opcode : 'mul'> <InPorts = 2> <OutPorts = 1>
ST_5 : Operation 150 [1/1] (0.00ns)   --->   "%tmp_9_0_1_i_i = call i24 @_ssdm_op_BitConcatenate.i24.i16.i8(i16 %sq_V_2, i8 0)" [MathieuHelpMe/Classifier.cpp:54]   --->   Operation 150 'bitconcatenate' 'tmp_9_0_1_i_i' <Predicate = (!exitcond1_i_i)> <Delay = 0.00>
ST_5 : Operation 151 [1/1] (0.00ns)   --->   "%OP1_V_0_2_i_i = sext i8 %p_Result_0_2_i_i to i16" [MathieuHelpMe/Classifier.cpp:53]   --->   Operation 151 'sext' 'OP1_V_0_2_i_i' <Predicate = (!exitcond1_i_i)> <Delay = 0.00>
ST_5 : Operation 152 [1/1] (4.17ns)   --->   "%sq_V_3 = mul i16 %OP1_V_0_2_i_i, %OP1_V_0_2_i_i" [MathieuHelpMe/Classifier.cpp:53]   --->   Operation 152 'mul' 'sq_V_3' <Predicate = (!exitcond1_i_i)> <Delay = 4.17> <Core = "Mul">   --->   Core 16 'Mul' <Latency = 0> <II = 1> <Delay = 4.17> <FuncUnit> <Opcode : 'mul'> <InPorts = 2> <OutPorts = 1>
ST_5 : Operation 153 [1/1] (0.00ns)   --->   "%tmp_9_0_2_i_i = call i24 @_ssdm_op_BitConcatenate.i24.i16.i8(i16 %sq_V_3, i8 0)" [MathieuHelpMe/Classifier.cpp:54]   --->   Operation 153 'bitconcatenate' 'tmp_9_0_2_i_i' <Predicate = (!exitcond1_i_i)> <Delay = 0.00>
ST_5 : Operation 154 [1/1] (0.00ns)   --->   "%OP1_V_0_3_i_i = sext i8 %p_Result_0_3_i_i to i16" [MathieuHelpMe/Classifier.cpp:53]   --->   Operation 154 'sext' 'OP1_V_0_3_i_i' <Predicate = (!exitcond1_i_i)> <Delay = 0.00>
ST_5 : Operation 155 [1/1] (4.17ns)   --->   "%sq_V_4 = mul i16 %OP1_V_0_3_i_i, %OP1_V_0_3_i_i" [MathieuHelpMe/Classifier.cpp:53]   --->   Operation 155 'mul' 'sq_V_4' <Predicate = (!exitcond1_i_i)> <Delay = 4.17> <Core = "Mul">   --->   Core 16 'Mul' <Latency = 0> <II = 1> <Delay = 4.17> <FuncUnit> <Opcode : 'mul'> <InPorts = 2> <OutPorts = 1>
ST_5 : Operation 156 [1/1] (0.00ns)   --->   "%tmp_9_0_3_i_i = call i24 @_ssdm_op_BitConcatenate.i24.i16.i8(i16 %sq_V_4, i8 0)" [MathieuHelpMe/Classifier.cpp:54]   --->   Operation 156 'bitconcatenate' 'tmp_9_0_3_i_i' <Predicate = (!exitcond1_i_i)> <Delay = 0.00>
ST_5 : Operation 157 [1/1] (0.00ns)   --->   "%OP1_V_0_4_i_i = sext i8 %p_Result_0_4_i_i to i16" [MathieuHelpMe/Classifier.cpp:53]   --->   Operation 157 'sext' 'OP1_V_0_4_i_i' <Predicate = (!exitcond1_i_i)> <Delay = 0.00>
ST_5 : Operation 158 [1/1] (4.17ns)   --->   "%sq_V_5 = mul i16 %OP1_V_0_4_i_i, %OP1_V_0_4_i_i" [MathieuHelpMe/Classifier.cpp:53]   --->   Operation 158 'mul' 'sq_V_5' <Predicate = (!exitcond1_i_i)> <Delay = 4.17> <Core = "Mul">   --->   Core 16 'Mul' <Latency = 0> <II = 1> <Delay = 4.17> <FuncUnit> <Opcode : 'mul'> <InPorts = 2> <OutPorts = 1>
ST_5 : Operation 159 [1/1] (0.00ns)   --->   "%tmp_9_0_4_i_i = call i24 @_ssdm_op_BitConcatenate.i24.i16.i8(i16 %sq_V_5, i8 0)" [MathieuHelpMe/Classifier.cpp:54]   --->   Operation 159 'bitconcatenate' 'tmp_9_0_4_i_i' <Predicate = (!exitcond1_i_i)> <Delay = 0.00>
ST_5 : Operation 160 [1/1] (0.00ns)   --->   "%OP1_V_0_6_i_i = sext i8 %p_Result_0_6_i_i to i16" [MathieuHelpMe/Classifier.cpp:53]   --->   Operation 160 'sext' 'OP1_V_0_6_i_i' <Predicate = (!exitcond1_i_i)> <Delay = 0.00>
ST_5 : Operation 161 [1/1] (4.17ns)   --->   "%sq_V_7 = mul i16 %OP1_V_0_6_i_i, %OP1_V_0_6_i_i" [MathieuHelpMe/Classifier.cpp:53]   --->   Operation 161 'mul' 'sq_V_7' <Predicate = (!exitcond1_i_i)> <Delay = 4.17> <Core = "Mul">   --->   Core 16 'Mul' <Latency = 0> <II = 1> <Delay = 4.17> <FuncUnit> <Opcode : 'mul'> <InPorts = 2> <OutPorts = 1>
ST_5 : Operation 162 [1/1] (0.00ns)   --->   "%tmp_9_0_6_i_i = call i24 @_ssdm_op_BitConcatenate.i24.i16.i8(i16 %sq_V_7, i8 0)" [MathieuHelpMe/Classifier.cpp:54]   --->   Operation 162 'bitconcatenate' 'tmp_9_0_6_i_i' <Predicate = (!exitcond1_i_i)> <Delay = 0.00>
ST_5 : Operation 163 [1/1] (0.00ns)   --->   "%OP1_V_0_7_i_i = sext i8 %p_Result_0_7_i_i to i16" [MathieuHelpMe/Classifier.cpp:53]   --->   Operation 163 'sext' 'OP1_V_0_7_i_i' <Predicate = (!exitcond1_i_i)> <Delay = 0.00>
ST_5 : Operation 164 [1/1] (4.17ns)   --->   "%sq_V_8 = mul i16 %OP1_V_0_7_i_i, %OP1_V_0_7_i_i" [MathieuHelpMe/Classifier.cpp:53]   --->   Operation 164 'mul' 'sq_V_8' <Predicate = (!exitcond1_i_i)> <Delay = 4.17> <Core = "Mul">   --->   Core 16 'Mul' <Latency = 0> <II = 1> <Delay = 4.17> <FuncUnit> <Opcode : 'mul'> <InPorts = 2> <OutPorts = 1>
ST_5 : Operation 165 [1/1] (0.00ns)   --->   "%tmp_9_0_7_i_i = call i24 @_ssdm_op_BitConcatenate.i24.i16.i8(i16 %sq_V_8, i8 0)" [MathieuHelpMe/Classifier.cpp:54]   --->   Operation 165 'bitconcatenate' 'tmp_9_0_7_i_i' <Predicate = (!exitcond1_i_i)> <Delay = 0.00>
ST_5 : Operation 166 [1/1] (0.00ns)   --->   "%tmp_9_1_i_i = call i24 @_ssdm_op_BitConcatenate.i24.i16.i8(i16 %sq_V_9, i8 0)" [MathieuHelpMe/Classifier.cpp:54]   --->   Operation 166 'bitconcatenate' 'tmp_9_1_i_i' <Predicate = (!exitcond1_i_i)> <Delay = 0.00>
ST_5 : Operation 167 [1/1] (0.00ns) (grouped into TernaryAdder)   --->   "%tmp3 = add i24 %tmp_9_1_i_i, %tmp_9_0_7_i_i" [MathieuHelpMe/Classifier.cpp:54]   --->   Operation 167 'add' 'tmp3' <Predicate = (!exitcond1_i_i)> <Delay = 0.00> <Core = "TAddSub">   --->   Core 80 'TAddSub' <Latency = 0> <II = 1> <Delay = 2.06> <IPBlock> <Opcode : 'add' 'sub'> <InPorts = 3> <OutPorts = 1> <Sync> <CReg>
ST_5 : Operation 168 [1/1] (4.13ns) (root node of TernaryAdder)   --->   "%tmp5 = add i24 %tmp4, %tmp3" [MathieuHelpMe/Classifier.cpp:54]   --->   Operation 168 'add' 'tmp5' <Predicate = (!exitcond1_i_i)> <Delay = 4.13> <Core = "TAddSub">   --->   Core 80 'TAddSub' <Latency = 0> <II = 1> <Delay = 2.06> <IPBlock> <Opcode : 'add' 'sub'> <InPorts = 3> <OutPorts = 1> <Sync> <CReg>
ST_5 : Operation 169 [1/1] (2.31ns)   --->   "%tmp7 = add i24 %tmp_9_0_i_i, %tmp_9_0_2_i_i" [MathieuHelpMe/Classifier.cpp:54]   --->   Operation 169 'add' 'tmp7' <Predicate = (!exitcond1_i_i)> <Delay = 2.31> <Core = "AddSub">   --->   Core 14 'AddSub' <Latency = 0> <II = 1> <Delay = 2.31> <FuncUnit> <Opcode : 'add' 'sub'> <InPorts = 2> <OutPorts = 1>
ST_5 : Operation 170 [1/1] (2.31ns)   --->   "%tmp8 = add i24 %tmp_9_0_1_i_i, %tmp_9_0_4_i_i" [MathieuHelpMe/Classifier.cpp:54]   --->   Operation 170 'add' 'tmp8' <Predicate = (!exitcond1_i_i)> <Delay = 2.31> <Core = "AddSub">   --->   Core 14 'AddSub' <Latency = 0> <II = 1> <Delay = 2.31> <FuncUnit> <Opcode : 'add' 'sub'> <InPorts = 2> <OutPorts = 1>
ST_5 : Operation 171 [1/1] (0.00ns) (grouped into TernaryAdder)   --->   "%tmp10 = add i24 %tmp_9_0_3_i_i, %tmp_9_0_6_i_i" [MathieuHelpMe/Classifier.cpp:54]   --->   Operation 171 'add' 'tmp10' <Predicate = (!exitcond1_i_i)> <Delay = 0.00> <Core = "TAddSub">   --->   Core 80 'TAddSub' <Latency = 0> <II = 1> <Delay = 2.06> <IPBlock> <Opcode : 'add' 'sub'> <InPorts = 3> <OutPorts = 1> <Sync> <CReg>
ST_5 : Operation 172 [1/1] (4.13ns) (root node of TernaryAdder)   --->   "%tmp12 = add i24 %tmp11, %tmp10" [MathieuHelpMe/Classifier.cpp:54]   --->   Operation 172 'add' 'tmp12' <Predicate = (!exitcond1_i_i)> <Delay = 4.13> <Core = "TAddSub">   --->   Core 80 'TAddSub' <Latency = 0> <II = 1> <Delay = 2.06> <IPBlock> <Opcode : 'add' 'sub'> <InPorts = 3> <OutPorts = 1> <Sync> <CReg>

State 6 <SV = 5> <Delay = 8.27>
ST_6 : Operation 173 [1/1] (0.00ns)   --->   "%tmp_1_i_i = call i32 (...)* @_ssdm_op_SpecRegionBegin([12 x i8]* @p_str4001)" [MathieuHelpMe/Classifier.cpp:40]   --->   Operation 173 'specregionbegin' 'tmp_1_i_i' <Predicate = (!exitcond1_i_i)> <Delay = 0.00>
ST_6 : Operation 174 [1/1] (0.00ns)   --->   "call void (...)* @_ssdm_op_SpecPipeline(i32 1, i32 1, i32 1, i32 0, [1 x i8]* @p_str4000) nounwind" [MathieuHelpMe/Classifier.cpp:41]   --->   Operation 174 'specpipeline' <Predicate = (!exitcond1_i_i)> <Delay = 0.00>
ST_6 : Operation 175 [1/1] (0.00ns)   --->   "%tmp_2_i_i = call i32 (...)* @_ssdm_op_SpecRegionBegin([51 x i8]* @p_str4004)" [MathieuHelpMe/Classifier.cpp:54]   --->   Operation 175 'specregionbegin' 'tmp_2_i_i' <Predicate = (!exitcond1_i_i)> <Delay = 0.00>
ST_6 : Operation 176 [1/1] (0.00ns)   --->   "call void (...)* @_ssdm_op_SpecResource(i16* %sq_V, [51 x i8]* @p_str4004, [1 x i8]* @p_str4000, [6 x i8]* @p_str4005, [1 x i8]* @p_str4000, i32 -1, [1 x i8]* @p_str4000, [1 x i8]* @p_str4000, [1 x i8]* @p_str4000, [1 x i8]* @p_str4000, [1 x i8]* @p_str4000)" [MathieuHelpMe/Classifier.cpp:54]   --->   Operation 176 'specresource' <Predicate = (!exitcond1_i_i)> <Delay = 0.00>
ST_6 : Operation 177 [1/1] (0.00ns)   --->   "%empty_29 = call i32 (...)* @_ssdm_op_SpecRegionEnd([51 x i8]* @p_str4004, i32 %tmp_2_i_i)" [MathieuHelpMe/Classifier.cpp:55]   --->   Operation 177 'specregionend' 'empty_29' <Predicate = (!exitcond1_i_i)> <Delay = 0.00>
ST_6 : Operation 178 [1/1] (0.00ns)   --->   "%tmp_3_i_i = call i32 (...)* @_ssdm_op_SpecRegionBegin([51 x i8]* @p_str4004)" [MathieuHelpMe/Classifier.cpp:54]   --->   Operation 178 'specregionbegin' 'tmp_3_i_i' <Predicate = (!exitcond1_i_i)> <Delay = 0.00>
ST_6 : Operation 179 [1/1] (0.00ns)   --->   "call void (...)* @_ssdm_op_SpecResource(i16* %sq_V, [51 x i8]* @p_str4004, [1 x i8]* @p_str4000, [6 x i8]* @p_str4005, [1 x i8]* @p_str4000, i32 -1, [1 x i8]* @p_str4000, [1 x i8]* @p_str4000, [1 x i8]* @p_str4000, [1 x i8]* @p_str4000, [1 x i8]* @p_str4000)" [MathieuHelpMe/Classifier.cpp:54]   --->   Operation 179 'specresource' <Predicate = (!exitcond1_i_i)> <Delay = 0.00>
ST_6 : Operation 180 [1/1] (0.00ns)   --->   "%empty_30 = call i32 (...)* @_ssdm_op_SpecRegionEnd([51 x i8]* @p_str4004, i32 %tmp_3_i_i)" [MathieuHelpMe/Classifier.cpp:55]   --->   Operation 180 'specregionend' 'empty_30' <Predicate = (!exitcond1_i_i)> <Delay = 0.00>
ST_6 : Operation 181 [1/1] (0.00ns)   --->   "%tmp_4_i_i = call i32 (...)* @_ssdm_op_SpecRegionBegin([51 x i8]* @p_str4004)" [MathieuHelpMe/Classifier.cpp:54]   --->   Operation 181 'specregionbegin' 'tmp_4_i_i' <Predicate = (!exitcond1_i_i)> <Delay = 0.00>
ST_6 : Operation 182 [1/1] (0.00ns)   --->   "call void (...)* @_ssdm_op_SpecResource(i16* %sq_V, [51 x i8]* @p_str4004, [1 x i8]* @p_str4000, [6 x i8]* @p_str4005, [1 x i8]* @p_str4000, i32 -1, [1 x i8]* @p_str4000, [1 x i8]* @p_str4000, [1 x i8]* @p_str4000, [1 x i8]* @p_str4000, [1 x i8]* @p_str4000)" [MathieuHelpMe/Classifier.cpp:54]   --->   Operation 182 'specresource' <Predicate = (!exitcond1_i_i)> <Delay = 0.00>
ST_6 : Operation 183 [1/1] (0.00ns)   --->   "%empty_31 = call i32 (...)* @_ssdm_op_SpecRegionEnd([51 x i8]* @p_str4004, i32 %tmp_4_i_i)" [MathieuHelpMe/Classifier.cpp:55]   --->   Operation 183 'specregionend' 'empty_31' <Predicate = (!exitcond1_i_i)> <Delay = 0.00>
ST_6 : Operation 184 [1/1] (0.00ns)   --->   "%tmp_5_i_i = call i32 (...)* @_ssdm_op_SpecRegionBegin([51 x i8]* @p_str4004)" [MathieuHelpMe/Classifier.cpp:54]   --->   Operation 184 'specregionbegin' 'tmp_5_i_i' <Predicate = (!exitcond1_i_i)> <Delay = 0.00>
ST_6 : Operation 185 [1/1] (0.00ns)   --->   "call void (...)* @_ssdm_op_SpecResource(i16* %sq_V, [51 x i8]* @p_str4004, [1 x i8]* @p_str4000, [6 x i8]* @p_str4005, [1 x i8]* @p_str4000, i32 -1, [1 x i8]* @p_str4000, [1 x i8]* @p_str4000, [1 x i8]* @p_str4000, [1 x i8]* @p_str4000, [1 x i8]* @p_str4000)" [MathieuHelpMe/Classifier.cpp:54]   --->   Operation 185 'specresource' <Predicate = (!exitcond1_i_i)> <Delay = 0.00>
ST_6 : Operation 186 [1/1] (0.00ns)   --->   "%empty_32 = call i32 (...)* @_ssdm_op_SpecRegionEnd([51 x i8]* @p_str4004, i32 %tmp_5_i_i)" [MathieuHelpMe/Classifier.cpp:55]   --->   Operation 186 'specregionend' 'empty_32' <Predicate = (!exitcond1_i_i)> <Delay = 0.00>
ST_6 : Operation 187 [1/1] (0.00ns)   --->   "%tmp_6_i_i = call i32 (...)* @_ssdm_op_SpecRegionBegin([51 x i8]* @p_str4004)" [MathieuHelpMe/Classifier.cpp:54]   --->   Operation 187 'specregionbegin' 'tmp_6_i_i' <Predicate = (!exitcond1_i_i)> <Delay = 0.00>
ST_6 : Operation 188 [1/1] (0.00ns)   --->   "call void (...)* @_ssdm_op_SpecResource(i16* %sq_V, [51 x i8]* @p_str4004, [1 x i8]* @p_str4000, [6 x i8]* @p_str4005, [1 x i8]* @p_str4000, i32 -1, [1 x i8]* @p_str4000, [1 x i8]* @p_str4000, [1 x i8]* @p_str4000, [1 x i8]* @p_str4000, [1 x i8]* @p_str4000)" [MathieuHelpMe/Classifier.cpp:54]   --->   Operation 188 'specresource' <Predicate = (!exitcond1_i_i)> <Delay = 0.00>
ST_6 : Operation 189 [1/1] (0.00ns)   --->   "%empty_33 = call i32 (...)* @_ssdm_op_SpecRegionEnd([51 x i8]* @p_str4004, i32 %tmp_6_i_i)" [MathieuHelpMe/Classifier.cpp:55]   --->   Operation 189 'specregionend' 'empty_33' <Predicate = (!exitcond1_i_i)> <Delay = 0.00>
ST_6 : Operation 190 [1/1] (0.00ns)   --->   "%tmp_7_i_i = call i32 (...)* @_ssdm_op_SpecRegionBegin([51 x i8]* @p_str4004)" [MathieuHelpMe/Classifier.cpp:54]   --->   Operation 190 'specregionbegin' 'tmp_7_i_i' <Predicate = (!exitcond1_i_i)> <Delay = 0.00>
ST_6 : Operation 191 [1/1] (0.00ns)   --->   "call void (...)* @_ssdm_op_SpecResource(i16* %sq_V, [51 x i8]* @p_str4004, [1 x i8]* @p_str4000, [6 x i8]* @p_str4005, [1 x i8]* @p_str4000, i32 -1, [1 x i8]* @p_str4000, [1 x i8]* @p_str4000, [1 x i8]* @p_str4000, [1 x i8]* @p_str4000, [1 x i8]* @p_str4000)" [MathieuHelpMe/Classifier.cpp:54]   --->   Operation 191 'specresource' <Predicate = (!exitcond1_i_i)> <Delay = 0.00>
ST_6 : Operation 192 [1/1] (0.00ns)   --->   "%empty_34 = call i32 (...)* @_ssdm_op_SpecRegionEnd([51 x i8]* @p_str4004, i32 %tmp_7_i_i)" [MathieuHelpMe/Classifier.cpp:55]   --->   Operation 192 'specregionend' 'empty_34' <Predicate = (!exitcond1_i_i)> <Delay = 0.00>
ST_6 : Operation 193 [1/1] (0.00ns)   --->   "%tmp_8_i_i = call i32 (...)* @_ssdm_op_SpecRegionBegin([51 x i8]* @p_str4004)" [MathieuHelpMe/Classifier.cpp:54]   --->   Operation 193 'specregionbegin' 'tmp_8_i_i' <Predicate = (!exitcond1_i_i)> <Delay = 0.00>
ST_6 : Operation 194 [1/1] (0.00ns)   --->   "call void (...)* @_ssdm_op_SpecResource(i16* %sq_V, [51 x i8]* @p_str4004, [1 x i8]* @p_str4000, [6 x i8]* @p_str4005, [1 x i8]* @p_str4000, i32 -1, [1 x i8]* @p_str4000, [1 x i8]* @p_str4000, [1 x i8]* @p_str4000, [1 x i8]* @p_str4000, [1 x i8]* @p_str4000)" [MathieuHelpMe/Classifier.cpp:54]   --->   Operation 194 'specresource' <Predicate = (!exitcond1_i_i)> <Delay = 0.00>
ST_6 : Operation 195 [1/1] (0.00ns)   --->   "%empty_35 = call i32 (...)* @_ssdm_op_SpecRegionEnd([51 x i8]* @p_str4004, i32 %tmp_8_i_i)" [MathieuHelpMe/Classifier.cpp:55]   --->   Operation 195 'specregionend' 'empty_35' <Predicate = (!exitcond1_i_i)> <Delay = 0.00>
ST_6 : Operation 196 [1/1] (0.00ns)   --->   "%tmp_9_i_i = call i32 (...)* @_ssdm_op_SpecRegionBegin([51 x i8]* @p_str4004)" [MathieuHelpMe/Classifier.cpp:54]   --->   Operation 196 'specregionbegin' 'tmp_9_i_i' <Predicate = (!exitcond1_i_i)> <Delay = 0.00>
ST_6 : Operation 197 [1/1] (0.00ns)   --->   "call void (...)* @_ssdm_op_SpecResource(i16* %sq_V, [51 x i8]* @p_str4004, [1 x i8]* @p_str4000, [6 x i8]* @p_str4005, [1 x i8]* @p_str4000, i32 -1, [1 x i8]* @p_str4000, [1 x i8]* @p_str4000, [1 x i8]* @p_str4000, [1 x i8]* @p_str4000, [1 x i8]* @p_str4000)" [MathieuHelpMe/Classifier.cpp:54]   --->   Operation 197 'specresource' <Predicate = (!exitcond1_i_i)> <Delay = 0.00>
ST_6 : Operation 198 [1/1] (0.00ns)   --->   "%empty_36 = call i32 (...)* @_ssdm_op_SpecRegionEnd([51 x i8]* @p_str4004, i32 %tmp_9_i_i)" [MathieuHelpMe/Classifier.cpp:55]   --->   Operation 198 'specregionend' 'empty_36' <Predicate = (!exitcond1_i_i)> <Delay = 0.00>
ST_6 : Operation 199 [1/1] (0.00ns)   --->   "%tmp_10_i_i = call i32 (...)* @_ssdm_op_SpecRegionBegin([51 x i8]* @p_str4004)" [MathieuHelpMe/Classifier.cpp:54]   --->   Operation 199 'specregionbegin' 'tmp_10_i_i' <Predicate = (!exitcond1_i_i)> <Delay = 0.00>
ST_6 : Operation 200 [1/1] (0.00ns)   --->   "call void (...)* @_ssdm_op_SpecResource(i16* %sq_V, [51 x i8]* @p_str4004, [1 x i8]* @p_str4000, [6 x i8]* @p_str4005, [1 x i8]* @p_str4000, i32 -1, [1 x i8]* @p_str4000, [1 x i8]* @p_str4000, [1 x i8]* @p_str4000, [1 x i8]* @p_str4000, [1 x i8]* @p_str4000)" [MathieuHelpMe/Classifier.cpp:54]   --->   Operation 200 'specresource' <Predicate = (!exitcond1_i_i)> <Delay = 0.00>
ST_6 : Operation 201 [1/1] (0.00ns)   --->   "%empty_38 = call i32 (...)* @_ssdm_op_SpecRegionEnd([51 x i8]* @p_str4004, i32 %tmp_10_i_i)" [MathieuHelpMe/Classifier.cpp:55]   --->   Operation 201 'specregionend' 'empty_38' <Predicate = (!exitcond1_i_i)> <Delay = 0.00>
ST_6 : Operation 202 [1/1] (0.00ns)   --->   "%tmp_11_i_i = call i32 (...)* @_ssdm_op_SpecRegionBegin([51 x i8]* @p_str4004)" [MathieuHelpMe/Classifier.cpp:54]   --->   Operation 202 'specregionbegin' 'tmp_11_i_i' <Predicate = (!exitcond1_i_i)> <Delay = 0.00>
ST_6 : Operation 203 [1/1] (0.00ns)   --->   "call void (...)* @_ssdm_op_SpecResource(i16* %sq_V, [51 x i8]* @p_str4004, [1 x i8]* @p_str4000, [6 x i8]* @p_str4005, [1 x i8]* @p_str4000, i32 -1, [1 x i8]* @p_str4000, [1 x i8]* @p_str4000, [1 x i8]* @p_str4000, [1 x i8]* @p_str4000, [1 x i8]* @p_str4000)" [MathieuHelpMe/Classifier.cpp:54]   --->   Operation 203 'specresource' <Predicate = (!exitcond1_i_i)> <Delay = 0.00>
ST_6 : Operation 204 [1/1] (0.00ns)   --->   "%empty_39 = call i32 (...)* @_ssdm_op_SpecRegionEnd([51 x i8]* @p_str4004, i32 %tmp_11_i_i)" [MathieuHelpMe/Classifier.cpp:55]   --->   Operation 204 'specregionend' 'empty_39' <Predicate = (!exitcond1_i_i)> <Delay = 0.00>
ST_6 : Operation 205 [1/1] (0.00ns)   --->   "%tmp_12_i_i = call i32 (...)* @_ssdm_op_SpecRegionBegin([51 x i8]* @p_str4004)" [MathieuHelpMe/Classifier.cpp:54]   --->   Operation 205 'specregionbegin' 'tmp_12_i_i' <Predicate = (!exitcond1_i_i)> <Delay = 0.00>
ST_6 : Operation 206 [1/1] (0.00ns)   --->   "call void (...)* @_ssdm_op_SpecResource(i16* %sq_V, [51 x i8]* @p_str4004, [1 x i8]* @p_str4000, [6 x i8]* @p_str4005, [1 x i8]* @p_str4000, i32 -1, [1 x i8]* @p_str4000, [1 x i8]* @p_str4000, [1 x i8]* @p_str4000, [1 x i8]* @p_str4000, [1 x i8]* @p_str4000)" [MathieuHelpMe/Classifier.cpp:54]   --->   Operation 206 'specresource' <Predicate = (!exitcond1_i_i)> <Delay = 0.00>
ST_6 : Operation 207 [1/1] (0.00ns)   --->   "%empty_40 = call i32 (...)* @_ssdm_op_SpecRegionEnd([51 x i8]* @p_str4004, i32 %tmp_12_i_i)" [MathieuHelpMe/Classifier.cpp:55]   --->   Operation 207 'specregionend' 'empty_40' <Predicate = (!exitcond1_i_i)> <Delay = 0.00>
ST_6 : Operation 208 [1/1] (0.00ns)   --->   "%tmp_13_i_i = call i32 (...)* @_ssdm_op_SpecRegionBegin([51 x i8]* @p_str4004)" [MathieuHelpMe/Classifier.cpp:54]   --->   Operation 208 'specregionbegin' 'tmp_13_i_i' <Predicate = (!exitcond1_i_i)> <Delay = 0.00>
ST_6 : Operation 209 [1/1] (0.00ns)   --->   "call void (...)* @_ssdm_op_SpecResource(i16* %sq_V, [51 x i8]* @p_str4004, [1 x i8]* @p_str4000, [6 x i8]* @p_str4005, [1 x i8]* @p_str4000, i32 -1, [1 x i8]* @p_str4000, [1 x i8]* @p_str4000, [1 x i8]* @p_str4000, [1 x i8]* @p_str4000, [1 x i8]* @p_str4000)" [MathieuHelpMe/Classifier.cpp:54]   --->   Operation 209 'specresource' <Predicate = (!exitcond1_i_i)> <Delay = 0.00>
ST_6 : Operation 210 [1/1] (0.00ns)   --->   "%empty_41 = call i32 (...)* @_ssdm_op_SpecRegionEnd([51 x i8]* @p_str4004, i32 %tmp_13_i_i)" [MathieuHelpMe/Classifier.cpp:55]   --->   Operation 210 'specregionend' 'empty_41' <Predicate = (!exitcond1_i_i)> <Delay = 0.00>
ST_6 : Operation 211 [1/1] (0.00ns)   --->   "%tmp_14_i_i = call i32 (...)* @_ssdm_op_SpecRegionBegin([51 x i8]* @p_str4004)" [MathieuHelpMe/Classifier.cpp:54]   --->   Operation 211 'specregionbegin' 'tmp_14_i_i' <Predicate = (!exitcond1_i_i)> <Delay = 0.00>
ST_6 : Operation 212 [1/1] (0.00ns)   --->   "call void (...)* @_ssdm_op_SpecResource(i16* %sq_V, [51 x i8]* @p_str4004, [1 x i8]* @p_str4000, [6 x i8]* @p_str4005, [1 x i8]* @p_str4000, i32 -1, [1 x i8]* @p_str4000, [1 x i8]* @p_str4000, [1 x i8]* @p_str4000, [1 x i8]* @p_str4000, [1 x i8]* @p_str4000)" [MathieuHelpMe/Classifier.cpp:54]   --->   Operation 212 'specresource' <Predicate = (!exitcond1_i_i)> <Delay = 0.00>
ST_6 : Operation 213 [1/1] (0.00ns)   --->   "%empty_42 = call i32 (...)* @_ssdm_op_SpecRegionEnd([51 x i8]* @p_str4004, i32 %tmp_14_i_i)" [MathieuHelpMe/Classifier.cpp:55]   --->   Operation 213 'specregionend' 'empty_42' <Predicate = (!exitcond1_i_i)> <Delay = 0.00>
ST_6 : Operation 214 [1/1] (0.00ns)   --->   "%tmp_15_i_i = call i32 (...)* @_ssdm_op_SpecRegionBegin([51 x i8]* @p_str4004)" [MathieuHelpMe/Classifier.cpp:54]   --->   Operation 214 'specregionbegin' 'tmp_15_i_i' <Predicate = (!exitcond1_i_i)> <Delay = 0.00>
ST_6 : Operation 215 [1/1] (0.00ns)   --->   "call void (...)* @_ssdm_op_SpecResource(i16* %sq_V, [51 x i8]* @p_str4004, [1 x i8]* @p_str4000, [6 x i8]* @p_str4005, [1 x i8]* @p_str4000, i32 -1, [1 x i8]* @p_str4000, [1 x i8]* @p_str4000, [1 x i8]* @p_str4000, [1 x i8]* @p_str4000, [1 x i8]* @p_str4000)" [MathieuHelpMe/Classifier.cpp:54]   --->   Operation 215 'specresource' <Predicate = (!exitcond1_i_i)> <Delay = 0.00>
ST_6 : Operation 216 [1/1] (0.00ns)   --->   "%empty_43 = call i32 (...)* @_ssdm_op_SpecRegionEnd([51 x i8]* @p_str4004, i32 %tmp_15_i_i)" [MathieuHelpMe/Classifier.cpp:55]   --->   Operation 216 'specregionend' 'empty_43' <Predicate = (!exitcond1_i_i)> <Delay = 0.00>
ST_6 : Operation 217 [1/1] (0.00ns)   --->   "%tmp_16_i_i = call i32 (...)* @_ssdm_op_SpecRegionBegin([51 x i8]* @p_str4004)" [MathieuHelpMe/Classifier.cpp:54]   --->   Operation 217 'specregionbegin' 'tmp_16_i_i' <Predicate = (!exitcond1_i_i)> <Delay = 0.00>
ST_6 : Operation 218 [1/1] (0.00ns)   --->   "call void (...)* @_ssdm_op_SpecResource(i16* %sq_V, [51 x i8]* @p_str4004, [1 x i8]* @p_str4000, [6 x i8]* @p_str4005, [1 x i8]* @p_str4000, i32 -1, [1 x i8]* @p_str4000, [1 x i8]* @p_str4000, [1 x i8]* @p_str4000, [1 x i8]* @p_str4000, [1 x i8]* @p_str4000)" [MathieuHelpMe/Classifier.cpp:54]   --->   Operation 218 'specresource' <Predicate = (!exitcond1_i_i)> <Delay = 0.00>
ST_6 : Operation 219 [1/1] (0.00ns)   --->   "%empty_44 = call i32 (...)* @_ssdm_op_SpecRegionEnd([51 x i8]* @p_str4004, i32 %tmp_16_i_i)" [MathieuHelpMe/Classifier.cpp:55]   --->   Operation 219 'specregionend' 'empty_44' <Predicate = (!exitcond1_i_i)> <Delay = 0.00>
ST_6 : Operation 220 [1/1] (0.00ns)   --->   "%tmp_17_i_i = call i32 (...)* @_ssdm_op_SpecRegionBegin([51 x i8]* @p_str4004)" [MathieuHelpMe/Classifier.cpp:54]   --->   Operation 220 'specregionbegin' 'tmp_17_i_i' <Predicate = (!exitcond1_i_i)> <Delay = 0.00>
ST_6 : Operation 221 [1/1] (0.00ns)   --->   "%empty_45 = call i32 (...)* @_ssdm_op_SpecRegionEnd([51 x i8]* @p_str4004, i32 %tmp_17_i_i)" [MathieuHelpMe/Classifier.cpp:55]   --->   Operation 221 'specregionend' 'empty_45' <Predicate = (!exitcond1_i_i)> <Delay = 0.00>
ST_6 : Operation 222 [1/1] (0.00ns) (grouped into TernaryAdder)   --->   "%tmp2 = add i24 %tmp1, %tmp" [MathieuHelpMe/Classifier.cpp:54]   --->   Operation 222 'add' 'tmp2' <Predicate = (!exitcond1_i_i)> <Delay = 0.00> <Core = "TAddSub">   --->   Core 80 'TAddSub' <Latency = 0> <II = 1> <Delay = 2.06> <IPBlock> <Opcode : 'add' 'sub'> <InPorts = 3> <OutPorts = 1> <Sync> <CReg>
ST_6 : Operation 223 [1/1] (4.13ns) (root node of TernaryAdder)   --->   "%tmp6 = add i24 %tmp5, %tmp2" [MathieuHelpMe/Classifier.cpp:54]   --->   Operation 223 'add' 'tmp6' <Predicate = (!exitcond1_i_i)> <Delay = 4.13> <Core = "TAddSub">   --->   Core 80 'TAddSub' <Latency = 0> <II = 1> <Delay = 2.06> <IPBlock> <Opcode : 'add' 'sub'> <InPorts = 3> <OutPorts = 1> <Sync> <CReg>
ST_6 : Operation 224 [1/1] (0.00ns) (grouped into TernaryAdder)   --->   "%tmp9 = add i24 %tmp8, %tmp7" [MathieuHelpMe/Classifier.cpp:54]   --->   Operation 224 'add' 'tmp9' <Predicate = (!exitcond1_i_i)> <Delay = 0.00> <Core = "TAddSub">   --->   Core 80 'TAddSub' <Latency = 0> <II = 1> <Delay = 2.06> <IPBlock> <Opcode : 'add' 'sub'> <InPorts = 3> <OutPorts = 1> <Sync> <CReg>
ST_6 : Operation 225 [1/1] (4.13ns) (root node of TernaryAdder)   --->   "%tmp13 = add i24 %tmp12, %tmp9" [MathieuHelpMe/Classifier.cpp:54]   --->   Operation 225 'add' 'tmp13' <Predicate = (!exitcond1_i_i)> <Delay = 4.13> <Core = "TAddSub">   --->   Core 80 'TAddSub' <Latency = 0> <II = 1> <Delay = 2.06> <IPBlock> <Opcode : 'add' 'sub'> <InPorts = 3> <OutPorts = 1> <Sync> <CReg>
ST_6 : Operation 226 [1/1] (0.00ns) (grouped into TernaryAdder)   --->   "%tmp_s = add i24 %tmp13, %tmp6" [MathieuHelpMe/Classifier.cpp:54]   --->   Operation 226 'add' 'tmp_s' <Predicate = (!exitcond1_i_i)> <Delay = 0.00> <Core = "TAddSub">   --->   Core 80 'TAddSub' <Latency = 0> <II = 1> <Delay = 2.06> <IPBlock> <Opcode : 'add' 'sub'> <InPorts = 3> <OutPorts = 1> <Sync> <CReg>
ST_6 : Operation 227 [1/1] (4.13ns) (root node of TernaryAdder)   --->   "%calculated_norm_V = add i24 %agg_result_V_write_a, %tmp_s" [MathieuHelpMe/Classifier.cpp:54]   --->   Operation 227 'add' 'calculated_norm_V' <Predicate = (!exitcond1_i_i)> <Delay = 4.13> <Core = "TAddSub">   --->   Core 80 'TAddSub' <Latency = 0> <II = 1> <Delay = 2.06> <IPBlock> <Opcode : 'add' 'sub'> <InPorts = 3> <OutPorts = 1> <Sync> <CReg>
ST_6 : Operation 228 [1/1] (0.00ns)   --->   "%empty_46 = call i32 (...)* @_ssdm_op_SpecRegionEnd([12 x i8]* @p_str4001, i32 %tmp_1_i_i)" [MathieuHelpMe/Classifier.cpp:60]   --->   Operation 228 'specregionend' 'empty_46' <Predicate = (!exitcond1_i_i)> <Delay = 0.00>
ST_6 : Operation 229 [1/1] (0.00ns)   --->   "br label %0" [MathieuHelpMe/Classifier.cpp:40]   --->   Operation 229 'br' <Predicate = (!exitcond1_i_i)> <Delay = 0.00>

State 7 <SV = 2> <Delay = 0.00>
ST_7 : Operation 230 [1/1] (0.00ns)   --->   "ret i24 %agg_result_V_write_a" [MathieuHelpMe/Classifier.cpp:54]   --->   Operation 230 'ret' <Predicate = true> <Delay = 0.00>


============================================================
+ Verbose Summary: Binding
============================================================
STG Binding: 
---------------- STG Properties BEGIN ----------------
- Is combinational: 0
- Is one-state seq: 0
- Is datapath-only: 0
- Is pipelined: 0
- Is top level: 0
Port [ Return ] is wired: 1; IO mode=ap_ctrl_hs:ce=0
Port [ in_stream_V_data_V]:  wired=1; compound=1; hidden=0; nouse=0; global=0; static=0; extern=0; dir=0; type=0; pingpong=0; private_global=0; IO mode=axis:ce=0
Port [ in_stream_V_keep_V]:  wired=1; compound=1; hidden=0; nouse=0; global=0; static=0; extern=0; dir=0; type=0; pingpong=0; private_global=0; IO mode=axis:ce=0
Port [ in_stream_V_strb_V]:  wired=1; compound=1; hidden=0; nouse=0; global=0; static=0; extern=0; dir=0; type=0; pingpong=0; private_global=0; IO mode=axis:ce=0
Port [ in_stream_V_user_V]:  wired=1; compound=1; hidden=0; nouse=0; global=0; static=0; extern=0; dir=0; type=0; pingpong=0; private_global=0; IO mode=axis:ce=0
Port [ in_stream_V_last_V]:  wired=1; compound=1; hidden=0; nouse=0; global=0; static=0; extern=0; dir=0; type=0; pingpong=0; private_global=0; IO mode=axis:ce=0
Port [ in_stream_V_id_V]:  wired=1; compound=1; hidden=0; nouse=0; global=0; static=0; extern=0; dir=0; type=0; pingpong=0; private_global=0; IO mode=axis:ce=0
Port [ in_stream_V_dest_V]:  wired=1; compound=1; hidden=0; nouse=0; global=0; static=0; extern=0; dir=0; type=0; pingpong=0; private_global=0; IO mode=axis:ce=0
Port [ x_pack_V]:  wired=1; compound=1; hidden=0; nouse=0; global=0; static=0; extern=0; dir=1; type=1; pingpong=1; private_global=0; MemPort=[30]; IO mode=ap_memory:ce=0
Port [ n]:  wired=1; compound=0; hidden=0; nouse=0; global=0; static=0; extern=0; dir=0; type=0; pingpong=0; private_global=0; IO mode=ap_none:ce=0
Port [ num_images]:  wired=1; compound=0; hidden=0; nouse=0; global=0; static=0; extern=0; dir=0; type=0; pingpong=0; private_global=0; IO mode=ap_none:ce=0
Port [ n_out]:  wired=1; compound=1; hidden=0; nouse=0; global=0; static=0; extern=0; dir=1; type=3; pingpong=0; private_global=0; IO mode=ap_fifo:ce=0
Port [ num_images_out]:  wired=1; compound=1; hidden=0; nouse=0; global=0; static=0; extern=0; dir=1; type=3; pingpong=0; private_global=0; IO mode=ap_fifo:ce=0
---------------- STG Properties END ------------------

---------------- Datapath Model BEGIN ----------------

<LifeTime>
<method=bitvector/>
num_images_read      (read             ) [ 00000000]
n_read               (read             ) [ 00000000]
sq_V                 (alloca           ) [ 00111110]
StgValue_11          (specinterface    ) [ 00000000]
StgValue_12          (specinterface    ) [ 00000000]
StgValue_13          (specinterface    ) [ 00000000]
StgValue_14          (specinterface    ) [ 00000000]
StgValue_15          (specinterface    ) [ 00000000]
StgValue_16          (specinterface    ) [ 00000000]
StgValue_17          (specinterface    ) [ 00000000]
StgValue_18          (specinterface    ) [ 00000000]
StgValue_19          (specinterface    ) [ 00000000]
StgValue_20          (specinterface    ) [ 00000000]
StgValue_21          (specinterface    ) [ 00000000]
StgValue_22          (specinterface    ) [ 00000000]
StgValue_23          (specinterface    ) [ 00000000]
StgValue_24          (specinterface    ) [ 00000000]
StgValue_25          (specinterface    ) [ 00000000]
StgValue_26          (specinterface    ) [ 00000000]
StgValue_27          (specinterface    ) [ 00000000]
StgValue_28          (specinterface    ) [ 00000000]
StgValue_29          (specinterface    ) [ 00000000]
StgValue_30          (specinterface    ) [ 00000000]
StgValue_31          (specinterface    ) [ 00000000]
StgValue_32          (specinterface    ) [ 00000000]
StgValue_33          (specinterface    ) [ 00000000]
StgValue_34          (specinterface    ) [ 00000000]
StgValue_35          (specinterface    ) [ 00000000]
StgValue_36          (specinterface    ) [ 00000000]
StgValue_37          (specinterface    ) [ 00000000]
StgValue_38          (specinterface    ) [ 00000000]
StgValue_39          (specinterface    ) [ 00000000]
StgValue_40          (specinterface    ) [ 00000000]
StgValue_41          (specinterface    ) [ 00000000]
StgValue_42          (specinterface    ) [ 00000000]
StgValue_43          (specinterface    ) [ 00000000]
StgValue_44          (specinterface    ) [ 00000000]
StgValue_45          (specinterface    ) [ 00000000]
StgValue_46          (specinterface    ) [ 00000000]
StgValue_47          (specinterface    ) [ 00000000]
StgValue_48          (specinterface    ) [ 00000000]
StgValue_49          (specinterface    ) [ 00000000]
StgValue_50          (specinterface    ) [ 00000000]
StgValue_51          (specinterface    ) [ 00000000]
StgValue_52          (specinterface    ) [ 00000000]
StgValue_53          (specinterface    ) [ 00000000]
StgValue_54          (specinterface    ) [ 00000000]
StgValue_55          (specinterface    ) [ 00000000]
StgValue_56          (specinterface    ) [ 00000000]
StgValue_57          (specinterface    ) [ 00000000]
StgValue_58          (specinterface    ) [ 00000000]
StgValue_59          (specinterface    ) [ 00000000]
StgValue_60          (specinterface    ) [ 00000000]
StgValue_61          (specinterface    ) [ 00000000]
StgValue_62          (specinterface    ) [ 00000000]
StgValue_63          (specinterface    ) [ 00000000]
StgValue_64          (specinterface    ) [ 00000000]
StgValue_65          (specinterface    ) [ 00000000]
StgValue_66          (specinterface    ) [ 00000000]
StgValue_67          (specinterface    ) [ 00000000]
StgValue_68          (write            ) [ 00000000]
StgValue_69          (specinterface    ) [ 00000000]
StgValue_70          (write            ) [ 00000000]
StgValue_71          (specinterface    ) [ 00000000]
StgValue_72          (specinterface    ) [ 00000000]
StgValue_73          (specinterface    ) [ 00000000]
StgValue_74          (specinterface    ) [ 00000000]
StgValue_75          (specinterface    ) [ 00000000]
StgValue_76          (specinterface    ) [ 00000000]
StgValue_77          (specinterface    ) [ 00000000]
StgValue_78          (specmemcore      ) [ 00000000]
StgValue_79          (specinterface    ) [ 00000000]
StgValue_80          (br               ) [ 01111110]
agg_result_V_write_a (phi              ) [ 00111111]
g_i_i                (phi              ) [ 00111000]
exitcond1_i_i        (icmp             ) [ 00111110]
StgValue_84          (speclooptripcount) [ 00000000]
g                    (add              ) [ 01111110]
StgValue_86          (br               ) [ 00000000]
empty                (read             ) [ 00000000]
tmp_data_V           (extractvalue     ) [ 00101000]
tmp_1                (trunc            ) [ 00111100]
p_Result_0_1_i_i     (partselect       ) [ 00111100]
p_Result_0_2_i_i     (partselect       ) [ 00111100]
p_Result_0_3_i_i     (partselect       ) [ 00111100]
p_Result_0_4_i_i     (partselect       ) [ 00111100]
p_Result_0_5_i_i     (partselect       ) [ 00000000]
OP1_V_0_5_i_i        (sext             ) [ 00000000]
sq_V_6               (mul              ) [ 00101000]
p_Result_0_6_i_i     (partselect       ) [ 00111100]
p_Result_0_7_i_i     (partselect       ) [ 00111100]
tmp_9_0_5_i_i        (bitconcatenate   ) [ 00000000]
empty_37             (read             ) [ 00000000]
tmp_data_V_1         (extractvalue     ) [ 00000000]
tmp_2                (trunc            ) [ 00000000]
OP1_V_1_i_i          (sext             ) [ 00000000]
sq_V_9               (mul              ) [ 00010100]
p_Result_1_1_i_i     (partselect       ) [ 00000000]
OP1_V_1_1_i_i        (sext             ) [ 00000000]
sq_V_10              (mul              ) [ 00000000]
tmp_9_1_1_i_i        (bitconcatenate   ) [ 00000000]
p_Result_1_2_i_i     (partselect       ) [ 00000000]
OP1_V_1_2_i_i        (sext             ) [ 00000000]
sq_V_11              (mul              ) [ 00000000]
tmp_9_1_2_i_i        (bitconcatenate   ) [ 00000000]
p_Result_1_3_i_i     (partselect       ) [ 00000000]
OP1_V_1_3_i_i        (sext             ) [ 00000000]
sq_V_12              (mul              ) [ 00000000]
tmp_9_1_3_i_i        (bitconcatenate   ) [ 00000000]
p_Result_1_4_i_i     (partselect       ) [ 00000000]
OP1_V_1_4_i_i        (sext             ) [ 00000000]
sq_V_13              (mul              ) [ 00000000]
tmp_9_1_4_i_i        (bitconcatenate   ) [ 00000000]
p_Result_1_5_i_i     (partselect       ) [ 00000000]
OP1_V_1_5_i_i        (sext             ) [ 00000000]
sq_V_14              (mul              ) [ 00000000]
tmp_9_1_5_i_i        (bitconcatenate   ) [ 00000000]
p_Result_1_6_i_i     (partselect       ) [ 00000000]
OP1_V_1_6_i_i        (sext             ) [ 00000000]
sq_V_15              (mul              ) [ 00000000]
tmp_9_1_6_i_i        (bitconcatenate   ) [ 00000000]
p_Result_1_7_i_i     (partselect       ) [ 00000000]
OP1_V_1_7_i_i        (sext             ) [ 00000000]
sq_V_16              (mul              ) [ 00000000]
StgValue_134         (store            ) [ 00000000]
StgValue_135         (specresource     ) [ 00000000]
tmp_9_1_7_i_i        (bitconcatenate   ) [ 00000000]
tmp                  (add              ) [ 00110110]
tmp1                 (add              ) [ 00110110]
tmp4                 (add              ) [ 00010100]
tmp11                (add              ) [ 00010100]
p_Result_3_1_7_i_i   (bitconcatenate   ) [ 00000000]
tmp_i_i              (zext             ) [ 00000000]
x_pack_V_addr        (getelementptr    ) [ 00000000]
StgValue_144         (store            ) [ 00000000]
OP1_V_0_i_i          (sext             ) [ 00000000]
sq_V_1               (mul              ) [ 00000000]
tmp_9_0_i_i          (bitconcatenate   ) [ 00000000]
OP1_V_0_1_i_i        (sext             ) [ 00000000]
sq_V_2               (mul              ) [ 00000000]
tmp_9_0_1_i_i        (bitconcatenate   ) [ 00000000]
OP1_V_0_2_i_i        (sext             ) [ 00000000]
sq_V_3               (mul              ) [ 00000000]
tmp_9_0_2_i_i        (bitconcatenate   ) [ 00000000]
OP1_V_0_3_i_i        (sext             ) [ 00000000]
sq_V_4               (mul              ) [ 00000000]
tmp_9_0_3_i_i        (bitconcatenate   ) [ 00000000]
OP1_V_0_4_i_i        (sext             ) [ 00000000]
sq_V_5               (mul              ) [ 00000000]
tmp_9_0_4_i_i        (bitconcatenate   ) [ 00000000]
OP1_V_0_6_i_i        (sext             ) [ 00000000]
sq_V_7               (mul              ) [ 00000000]
tmp_9_0_6_i_i        (bitconcatenate   ) [ 00000000]
OP1_V_0_7_i_i        (sext             ) [ 00000000]
sq_V_8               (mul              ) [ 00000000]
tmp_9_0_7_i_i        (bitconcatenate   ) [ 00000000]
tmp_9_1_i_i          (bitconcatenate   ) [ 00000000]
tmp3                 (add              ) [ 00000000]
tmp5                 (add              ) [ 00100010]
tmp7                 (add              ) [ 00100010]
tmp8                 (add              ) [ 00100010]
tmp10                (add              ) [ 00000000]
tmp12                (add              ) [ 00100010]
tmp_1_i_i            (specregionbegin  ) [ 00000000]
StgValue_174         (specpipeline     ) [ 00000000]
tmp_2_i_i            (specregionbegin  ) [ 00000000]
StgValue_176         (specresource     ) [ 00000000]
empty_29             (specregionend    ) [ 00000000]
tmp_3_i_i            (specregionbegin  ) [ 00000000]
StgValue_179         (specresource     ) [ 00000000]
empty_30             (specregionend    ) [ 00000000]
tmp_4_i_i            (specregionbegin  ) [ 00000000]
StgValue_182         (specresource     ) [ 00000000]
empty_31             (specregionend    ) [ 00000000]
tmp_5_i_i            (specregionbegin  ) [ 00000000]
StgValue_185         (specresource     ) [ 00000000]
empty_32             (specregionend    ) [ 00000000]
tmp_6_i_i            (specregionbegin  ) [ 00000000]
StgValue_188         (specresource     ) [ 00000000]
empty_33             (specregionend    ) [ 00000000]
tmp_7_i_i            (specregionbegin  ) [ 00000000]
StgValue_191         (specresource     ) [ 00000000]
empty_34             (specregionend    ) [ 00000000]
tmp_8_i_i            (specregionbegin  ) [ 00000000]
StgValue_194         (specresource     ) [ 00000000]
empty_35             (specregionend    ) [ 00000000]
tmp_9_i_i            (specregionbegin  ) [ 00000000]
StgValue_197         (specresource     ) [ 00000000]
empty_36             (specregionend    ) [ 00000000]
tmp_10_i_i           (specregionbegin  ) [ 00000000]
StgValue_200         (specresource     ) [ 00000000]
empty_38             (specregionend    ) [ 00000000]
tmp_11_i_i           (specregionbegin  ) [ 00000000]
StgValue_203         (specresource     ) [ 00000000]
empty_39             (specregionend    ) [ 00000000]
tmp_12_i_i           (specregionbegin  ) [ 00000000]
StgValue_206         (specresource     ) [ 00000000]
empty_40             (specregionend    ) [ 00000000]
tmp_13_i_i           (specregionbegin  ) [ 00000000]
StgValue_209         (specresource     ) [ 00000000]
empty_41             (specregionend    ) [ 00000000]
tmp_14_i_i           (specregionbegin  ) [ 00000000]
StgValue_212         (specresource     ) [ 00000000]
empty_42             (specregionend    ) [ 00000000]
tmp_15_i_i           (specregionbegin  ) [ 00000000]
StgValue_215         (specresource     ) [ 00000000]
empty_43             (specregionend    ) [ 00000000]
tmp_16_i_i           (specregionbegin  ) [ 00000000]
StgValue_218         (specresource     ) [ 00000000]
empty_44             (specregionend    ) [ 00000000]
tmp_17_i_i           (specregionbegin  ) [ 00000000]
empty_45             (specregionend    ) [ 00000000]
tmp2                 (add              ) [ 00000000]
tmp6                 (add              ) [ 00000000]
tmp9                 (add              ) [ 00000000]
tmp13                (add              ) [ 00000000]
tmp_s                (add              ) [ 00000000]
calculated_norm_V    (add              ) [ 01111110]
empty_46             (specregionend    ) [ 00000000]
StgValue_229         (br               ) [ 01111110]
StgValue_230         (ret              ) [ 00000000]
</LifeTime>

<model>

<comp_list>
<comp id="0" class="1000" name="in_stream_V_data_V">
<pin_list>
<pin id="1" dir="1" index="0" bw="1" slack="0"/>
</pin_list>
<bind>
<StgValue><ssdm name="in_stream_V_data_V"/></StgValue>
</bind>
</comp>

<comp id="2" class="1000" name="in_stream_V_keep_V">
<pin_list>
<pin id="3" dir="1" index="0" bw="1" slack="0"/>
</pin_list>
<bind>
<StgValue><ssdm name="in_stream_V_keep_V"/></StgValue>
</bind>
</comp>

<comp id="4" class="1000" name="in_stream_V_strb_V">
<pin_list>
<pin id="5" dir="1" index="0" bw="1" slack="0"/>
</pin_list>
<bind>
<StgValue><ssdm name="in_stream_V_strb_V"/></StgValue>
</bind>
</comp>

<comp id="6" class="1000" name="in_stream_V_user_V">
<pin_list>
<pin id="7" dir="1" index="0" bw="1" slack="0"/>
</pin_list>
<bind>
<StgValue><ssdm name="in_stream_V_user_V"/></StgValue>
</bind>
</comp>

<comp id="8" class="1000" name="in_stream_V_last_V">
<pin_list>
<pin id="9" dir="1" index="0" bw="1" slack="0"/>
</pin_list>
<bind>
<StgValue><ssdm name="in_stream_V_last_V"/></StgValue>
</bind>
</comp>

<comp id="10" class="1000" name="in_stream_V_id_V">
<pin_list>
<pin id="11" dir="1" index="0" bw="1" slack="0"/>
</pin_list>
<bind>
<StgValue><ssdm name="in_stream_V_id_V"/></StgValue>
</bind>
</comp>

<comp id="12" class="1000" name="in_stream_V_dest_V">
<pin_list>
<pin id="13" dir="1" index="0" bw="1" slack="0"/>
</pin_list>
<bind>
<StgValue><ssdm name="in_stream_V_dest_V"/></StgValue>
</bind>
</comp>

<comp id="14" class="1000" name="x_pack_V">
<pin_list>
<pin id="15" dir="1" index="0" bw="1" slack="0"/>
</pin_list>
<bind>
<StgValue><ssdm name="x_pack_V"/><MemPortTyVec>3 0 </MemPortTyVec>
</StgValue>
</bind>
</comp>

<comp id="16" class="1000" name="n">
<pin_list>
<pin id="17" dir="1" index="0" bw="1" slack="0"/>
</pin_list>
<bind>
<StgValue><ssdm name="n"/></StgValue>
</bind>
</comp>

<comp id="18" class="1000" name="num_images">
<pin_list>
<pin id="19" dir="1" index="0" bw="1" slack="0"/>
</pin_list>
<bind>
<StgValue><ssdm name="num_images"/></StgValue>
</bind>
</comp>

<comp id="20" class="1000" name="n_out">
<pin_list>
<pin id="21" dir="1" index="0" bw="1" slack="0"/>
</pin_list>
<bind>
<StgValue><ssdm name="n_out"/></StgValue>
</bind>
</comp>

<comp id="22" class="1000" name="num_images_out">
<pin_list>
<pin id="23" dir="1" index="0" bw="1" slack="0"/>
</pin_list>
<bind>
<StgValue><ssdm name="num_images_out"/></StgValue>
</bind>
</comp>

<comp id="24" class="1001" name="const_24">
<pin_list>
<pin id="25" dir="1" index="0" bw="1" slack="0"/>
</pin_list>
<bind>
<StgValue><ssdm name="_ssdm_op_Read.ap_auto.i32"/></StgValue>
</bind>
</comp>

<comp id="26" class="1001" name="const_26">
<pin_list>
<pin id="27" dir="1" index="0" bw="1" slack="0"/>
</pin_list>
<bind>
<StgValue><ssdm name="_ssdm_op_Read.ap_auto.i31"/></StgValue>
</bind>
</comp>

<comp id="28" class="1001" name="const_28">
<pin_list>
<pin id="29" dir="1" index="0" bw="1" slack="0"/>
</pin_list>
<bind>
<StgValue><ssdm name=""/></StgValue>
</bind>
</comp>

<comp id="30" class="1001" name="const_30">
<pin_list>
<pin id="31" dir="1" index="0" bw="1" slack="2147483647"/>
</pin_list>
<bind>
<StgValue><ssdm name="_ssdm_op_SpecInterface"/></StgValue>
</bind>
</comp>

<comp id="32" class="1001" name="const_32">
<pin_list>
<pin id="33" dir="1" index="0" bw="1" slack="2147483647"/>
</pin_list>
<bind>
<StgValue><ssdm name="p_str4020"/></StgValue>
</bind>
</comp>

<comp id="34" class="1001" name="const_34">
<pin_list>
<pin id="35" dir="1" index="0" bw="1" slack="2147483647"/>
</pin_list>
<bind>
<StgValue><ssdm name=""/></StgValue>
</bind>
</comp>

<comp id="36" class="1001" name="const_36">
<pin_list>
<pin id="37" dir="1" index="0" bw="1" slack="2147483647"/>
</pin_list>
<bind>
<StgValue><ssdm name="p_str4021"/></StgValue>
</bind>
</comp>

<comp id="38" class="1001" name="const_38">
<pin_list>
<pin id="39" dir="1" index="0" bw="1" slack="2147483647"/>
</pin_list>
<bind>
<StgValue><ssdm name=""/></StgValue>
</bind>
</comp>

<comp id="40" class="1001" name="const_40">
<pin_list>
<pin id="41" dir="1" index="0" bw="1" slack="2147483647"/>
</pin_list>
<bind>
<StgValue><ssdm name="p_str4000"/></StgValue>
</bind>
</comp>

<comp id="42" class="1001" name="const_42">
<pin_list>
<pin id="43" dir="1" index="0" bw="1" slack="2147483647"/>
</pin_list>
<bind>
<StgValue><ssdm name="ap_fifo_str"/></StgValue>
</bind>
</comp>

<comp id="44" class="1001" name="const_44">
<pin_list>
<pin id="45" dir="1" index="0" bw="1" slack="2147483647"/>
</pin_list>
<bind>
<StgValue><ssdm name="p_str"/></StgValue>
</bind>
</comp>

<comp id="46" class="1001" name="const_46">
<pin_list>
<pin id="47" dir="1" index="0" bw="1" slack="2147483647"/>
</pin_list>
<bind>
<StgValue><ssdm name=""/></StgValue>
</bind>
</comp>

<comp id="48" class="1001" name="const_48">
<pin_list>
<pin id="49" dir="1" index="0" bw="1" slack="0"/>
</pin_list>
<bind>
<StgValue><ssdm name=""/></StgValue>
</bind>
</comp>

<comp id="50" class="1001" name="const_50">
<pin_list>
<pin id="51" dir="1" index="0" bw="1" slack="0"/>
</pin_list>
<bind>
<StgValue><ssdm name="_ssdm_op_Write.ap_fifo.i31P"/></StgValue>
</bind>
</comp>

<comp id="52" class="1001" name="const_52">
<pin_list>
<pin id="53" dir="1" index="0" bw="1" slack="0"/>
</pin_list>
<bind>
<StgValue><ssdm name="_ssdm_op_Write.ap_fifo.i32P"/></StgValue>
</bind>
</comp>

<comp id="54" class="1001" name="const_54">
<pin_list>
<pin id="55" dir="1" index="0" bw="1" slack="2147483647"/>
</pin_list>
<bind>
<StgValue><ssdm name="_ssdm_op_SpecMemCore"/></StgValue>
</bind>
</comp>

<comp id="56" class="1001" name="const_56">
<pin_list>
<pin id="57" dir="1" index="0" bw="1" slack="2147483647"/>
</pin_list>
<bind>
<StgValue><ssdm name="p_str4026"/></StgValue>
</bind>
</comp>

<comp id="58" class="1001" name="const_58">
<pin_list>
<pin id="59" dir="1" index="0" bw="1" slack="2147483647"/>
</pin_list>
<bind>
<StgValue><ssdm name=""/></StgValue>
</bind>
</comp>

<comp id="60" class="1001" name="const_60">
<pin_list>
<pin id="61" dir="1" index="0" bw="1" slack="1"/>
</pin_list>
<bind>
<StgValue><ssdm name=""/></StgValue>
</bind>
</comp>

<comp id="62" class="1001" name="const_62">
<pin_list>
<pin id="63" dir="1" index="0" bw="1" slack="1"/>
</pin_list>
<bind>
<StgValue><ssdm name=""/></StgValue>
</bind>
</comp>

<comp id="64" class="1001" name="const_64">
<pin_list>
<pin id="65" dir="1" index="0" bw="1" slack="0"/>
</pin_list>
<bind>
<StgValue><ssdm name=""/></StgValue>
</bind>
</comp>

<comp id="66" class="1001" name="const_66">
<pin_list>
<pin id="67" dir="1" index="0" bw="1" slack="2147483647"/>
</pin_list>
<bind>
<StgValue><ssdm name="_ssdm_op_SpecLoopTripCount"/></StgValue>
</bind>
</comp>

<comp id="68" class="1001" name="const_68">
<pin_list>
<pin id="69" dir="1" index="0" bw="1" slack="2147483647"/>
</pin_list>
<bind>
<StgValue><ssdm name=""/></StgValue>
</bind>
</comp>

<comp id="70" class="1001" name="const_70">
<pin_list>
<pin id="71" dir="1" index="0" bw="1" slack="0"/>
</pin_list>
<bind>
<StgValue><ssdm name=""/></StgValue>
</bind>
</comp>

<comp id="72" class="1001" name="const_72">
<pin_list>
<pin id="73" dir="1" index="0" bw="1" slack="0"/>
</pin_list>
<bind>
<StgValue><ssdm name="_ssdm_op_Read.axis.volatile.i64P.i8P.i8P.i1P.i1P.i1P.i1P"/></StgValue>
</bind>
</comp>

<comp id="74" class="1001" name="const_74">
<pin_list>
<pin id="75" dir="1" index="0" bw="1" slack="0"/>
</pin_list>
<bind>
<StgValue><ssdm name="_ssdm_op_PartSelect.i8.i64.i32.i32"/></StgValue>
</bind>
</comp>

<comp id="76" class="1001" name="const_76">
<pin_list>
<pin id="77" dir="1" index="0" bw="1" slack="0"/>
</pin_list>
<bind>
<StgValue><ssdm name=""/></StgValue>
</bind>
</comp>

<comp id="78" class="1001" name="const_78">
<pin_list>
<pin id="79" dir="1" index="0" bw="1" slack="0"/>
</pin_list>
<bind>
<StgValue><ssdm name=""/></StgValue>
</bind>
</comp>

<comp id="80" class="1001" name="const_80">
<pin_list>
<pin id="81" dir="1" index="0" bw="1" slack="0"/>
</pin_list>
<bind>
<StgValue><ssdm name=""/></StgValue>
</bind>
</comp>

<comp id="82" class="1001" name="const_82">
<pin_list>
<pin id="83" dir="1" index="0" bw="1" slack="0"/>
</pin_list>
<bind>
<StgValue><ssdm name=""/></StgValue>
</bind>
</comp>

<comp id="84" class="1001" name="const_84">
<pin_list>
<pin id="85" dir="1" index="0" bw="1" slack="0"/>
</pin_list>
<bind>
<StgValue><ssdm name=""/></StgValue>
</bind>
</comp>

<comp id="86" class="1001" name="const_86">
<pin_list>
<pin id="87" dir="1" index="0" bw="1" slack="0"/>
</pin_list>
<bind>
<StgValue><ssdm name=""/></StgValue>
</bind>
</comp>

<comp id="88" class="1001" name="const_88">
<pin_list>
<pin id="89" dir="1" index="0" bw="1" slack="0"/>
</pin_list>
<bind>
<StgValue><ssdm name=""/></StgValue>
</bind>
</comp>

<comp id="90" class="1001" name="const_90">
<pin_list>
<pin id="91" dir="1" index="0" bw="1" slack="0"/>
</pin_list>
<bind>
<StgValue><ssdm name=""/></StgValue>
</bind>
</comp>

<comp id="92" class="1001" name="const_92">
<pin_list>
<pin id="93" dir="1" index="0" bw="1" slack="0"/>
</pin_list>
<bind>
<StgValue><ssdm name=""/></StgValue>
</bind>
</comp>

<comp id="94" class="1001" name="const_94">
<pin_list>
<pin id="95" dir="1" index="0" bw="1" slack="0"/>
</pin_list>
<bind>
<StgValue><ssdm name=""/></StgValue>
</bind>
</comp>

<comp id="96" class="1001" name="const_96">
<pin_list>
<pin id="97" dir="1" index="0" bw="1" slack="0"/>
</pin_list>
<bind>
<StgValue><ssdm name=""/></StgValue>
</bind>
</comp>

<comp id="98" class="1001" name="const_98">
<pin_list>
<pin id="99" dir="1" index="0" bw="1" slack="0"/>
</pin_list>
<bind>
<StgValue><ssdm name=""/></StgValue>
</bind>
</comp>

<comp id="100" class="1001" name="const_100">
<pin_list>
<pin id="101" dir="1" index="0" bw="1" slack="0"/>
</pin_list>
<bind>
<StgValue><ssdm name=""/></StgValue>
</bind>
</comp>

<comp id="102" class="1001" name="const_102">
<pin_list>
<pin id="103" dir="1" index="0" bw="1" slack="0"/>
</pin_list>
<bind>
<StgValue><ssdm name="_ssdm_op_BitConcatenate.i24.i16.i8"/></StgValue>
</bind>
</comp>

<comp id="104" class="1001" name="const_104">
<pin_list>
<pin id="105" dir="1" index="0" bw="1" slack="0"/>
</pin_list>
<bind>
<StgValue><ssdm name=""/></StgValue>
</bind>
</comp>

<comp id="106" class="1001" name="const_106">
<pin_list>
<pin id="107" dir="1" index="0" bw="1" slack="2147483647"/>
</pin_list>
<bind>
<StgValue><ssdm name="_ssdm_op_SpecResource"/></StgValue>
</bind>
</comp>

<comp id="108" class="1001" name="const_108">
<pin_list>
<pin id="109" dir="1" index="0" bw="1" slack="2147483647"/>
</pin_list>
<bind>
<StgValue><ssdm name="p_str4004"/></StgValue>
</bind>
</comp>

<comp id="110" class="1001" name="const_110">
<pin_list>
<pin id="111" dir="1" index="0" bw="1" slack="2147483647"/>
</pin_list>
<bind>
<StgValue><ssdm name="p_str4005"/></StgValue>
</bind>
</comp>

<comp id="112" class="1001" name="const_112">
<pin_list>
<pin id="113" dir="1" index="0" bw="1" slack="0"/>
</pin_list>
<bind>
<StgValue><ssdm name="_ssdm_op_BitConcatenate.i128.i64.i64"/></StgValue>
</bind>
</comp>

<comp id="114" class="1001" name="const_114">
<pin_list>
<pin id="115" dir="1" index="0" bw="1" slack="0"/>
</pin_list>
<bind>
<StgValue><ssdm name=""/></StgValue>
</bind>
</comp>

<comp id="116" class="1001" name="const_116">
<pin_list>
<pin id="117" dir="1" index="0" bw="1" slack="2147483647"/>
</pin_list>
<bind>
<StgValue><ssdm name="_ssdm_op_SpecRegionBegin"/></StgValue>
</bind>
</comp>

<comp id="118" class="1001" name="const_118">
<pin_list>
<pin id="119" dir="1" index="0" bw="1" slack="2147483647"/>
</pin_list>
<bind>
<StgValue><ssdm name="p_str4001"/></StgValue>
</bind>
</comp>

<comp id="120" class="1001" name="const_120">
<pin_list>
<pin id="121" dir="1" index="0" bw="1" slack="2147483647"/>
</pin_list>
<bind>
<StgValue><ssdm name="_ssdm_op_SpecPipeline"/></StgValue>
</bind>
</comp>

<comp id="122" class="1001" name="const_122">
<pin_list>
<pin id="123" dir="1" index="0" bw="1" slack="2147483647"/>
</pin_list>
<bind>
<StgValue><ssdm name="_ssdm_op_SpecRegionEnd"/></StgValue>
</bind>
</comp>

<comp id="124" class="1004" name="sq_V_fu_124">
<pin_list>
<pin id="125" dir="0" index="0" bw="1" slack="0"/>
<pin id="126" dir="1" index="1" bw="16" slack="3"/>
</pin_list>
<bind>
<opcode="alloca(26) " fcode="alloca"/>
<opset="sq_V/1 "/>
</bind>
</comp>

<comp id="128" class="1004" name="num_images_read_read_fu_128">
<pin_list>
<pin id="129" dir="0" index="0" bw="32" slack="0"/>
<pin id="130" dir="0" index="1" bw="32" slack="0"/>
<pin id="131" dir="1" index="2" bw="32" slack="0"/>
</pin_list>
<bind>
<opcode="read(1150) " fcode="read"/>
<opset="num_images_read/1 "/>
</bind>
</comp>

<comp id="134" class="1004" name="n_read_read_fu_134">
<pin_list>
<pin id="135" dir="0" index="0" bw="31" slack="0"/>
<pin id="136" dir="0" index="1" bw="31" slack="0"/>
<pin id="137" dir="1" index="2" bw="31" slack="0"/>
</pin_list>
<bind>
<opcode="read(1150) " fcode="read"/>
<opset="n_read/1 "/>
</bind>
</comp>

<comp id="140" class="1004" name="StgValue_68_write_fu_140">
<pin_list>
<pin id="141" dir="0" index="0" bw="0" slack="0"/>
<pin id="142" dir="0" index="1" bw="31" slack="0"/>
<pin id="143" dir="0" index="2" bw="31" slack="0"/>
<pin id="144" dir="1" index="3" bw="0" slack="2147483647"/>
</pin_list>
<bind>
<opcode="write(1151) " fcode="write"/>
<opset="StgValue_68/1 "/>
</bind>
</comp>

<comp id="148" class="1004" name="StgValue_70_write_fu_148">
<pin_list>
<pin id="149" dir="0" index="0" bw="0" slack="0"/>
<pin id="150" dir="0" index="1" bw="32" slack="0"/>
<pin id="151" dir="0" index="2" bw="32" slack="0"/>
<pin id="152" dir="1" index="3" bw="0" slack="2147483647"/>
</pin_list>
<bind>
<opcode="write(1151) " fcode="write"/>
<opset="StgValue_70/1 "/>
</bind>
</comp>

<comp id="156" class="1004" name="grp_read_fu_156">
<pin_list>
<pin id="157" dir="0" index="0" bw="84" slack="0"/>
<pin id="158" dir="0" index="1" bw="64" slack="0"/>
<pin id="159" dir="0" index="2" bw="8" slack="0"/>
<pin id="160" dir="0" index="3" bw="8" slack="0"/>
<pin id="161" dir="0" index="4" bw="1" slack="0"/>
<pin id="162" dir="0" index="5" bw="1" slack="0"/>
<pin id="163" dir="0" index="6" bw="1" slack="0"/>
<pin id="164" dir="0" index="7" bw="1" slack="0"/>
<pin id="165" dir="1" index="8" bw="84" slack="0"/>
</pin_list>
<bind>
<opcode="read(1150) " fcode="read"/>
<opset="empty/2 empty_37/3 "/>
</bind>
</comp>

<comp id="174" class="1004" name="x_pack_V_addr_gep_fu_174">
<pin_list>
<pin id="175" dir="0" index="0" bw="128" slack="0"/>
<pin id="176" dir="0" index="1" bw="1" slack="0"/>
<pin id="177" dir="0" index="2" bw="5" slack="0"/>
<pin id="178" dir="1" index="3" bw="5" slack="0"/>
</pin_list>
<bind>
<opcode="getelementptr(29) " fcode="getelementptr"/>
<opset="x_pack_V_addr/4 "/>
</bind>
</comp>

<comp id="181" class="1004" name="StgValue_144_access_fu_181">
<pin_list>
<pin id="182" dir="0" index="0" bw="5" slack="2147483647"/>
<pin id="183" dir="0" index="1" bw="128" slack="2147483647"/>
<pin id="184" dir="0" index="2" bw="0" slack="0"/>
<pin id="186" dir="0" index="4" bw="5" slack="0"/>
<pin id="187" dir="0" index="5" bw="128" slack="2147483647"/>
<pin id="188" dir="0" index="6" bw="0" slack="2147483647"/>
<pin id="185" dir="1" index="3" bw="128" slack="2147483647"/>
<pin id="189" dir="1" index="7" bw="128" slack="2147483647"/>
</pin_list>
<bind>
<opcode="store(28) " fcode="store"/>
<opset="StgValue_144/4 "/>
</bind>
</comp>

<comp id="191" class="1005" name="agg_result_V_write_a_reg_191">
<pin_list>
<pin id="192" dir="0" index="0" bw="24" slack="1"/>
<pin id="193" dir="1" index="1" bw="24" slack="1"/>
</pin_list>
<bind>
<opset="agg_result_V_write_a (phireg) "/>
</bind>
</comp>

<comp id="195" class="1004" name="agg_result_V_write_a_phi_fu_195">
<pin_list>
<pin id="196" dir="0" index="0" bw="1" slack="1"/>
<pin id="197" dir="0" index="1" bw="0" slack="2147483647"/>
<pin id="198" dir="0" index="2" bw="24" slack="1"/>
<pin id="199" dir="0" index="3" bw="0" slack="2147483647"/>
<pin id="200" dir="1" index="4" bw="24" slack="1"/>
</pin_list>
<bind>
<opcode="phi(47) " fcode="phi"/>
<opset="agg_result_V_write_a/2 "/>
</bind>
</comp>

<comp id="203" class="1005" name="g_i_i_reg_203">
<pin_list>
<pin id="204" dir="0" index="0" bw="5" slack="1"/>
<pin id="205" dir="1" index="1" bw="5" slack="1"/>
</pin_list>
<bind>
<opset="g_i_i (phireg) "/>
</bind>
</comp>

<comp id="207" class="1004" name="g_i_i_phi_fu_207">
<pin_list>
<pin id="208" dir="0" index="0" bw="1" slack="1"/>
<pin id="209" dir="0" index="1" bw="0" slack="2147483647"/>
<pin id="210" dir="0" index="2" bw="5" slack="0"/>
<pin id="211" dir="0" index="3" bw="0" slack="2147483647"/>
<pin id="212" dir="1" index="4" bw="5" slack="0"/>
</pin_list>
<bind>
<opcode="phi(47) " fcode="phi"/>
<opset="g_i_i/2 "/>
</bind>
</comp>

<comp id="215" class="1004" name="grp_fu_215">
<pin_list>
<pin id="216" dir="0" index="0" bw="84" slack="0"/>
<pin id="217" dir="1" index="1" bw="64" slack="0"/>
</pin_list>
<bind>
<opcode="extractvalue(56) " fcode="extractvalue"/>
<opset="tmp_data_V/3 tmp_data_V_1/4 "/>
</bind>
</comp>

<comp id="219" class="1004" name="grp_fu_219">
<pin_list>
<pin id="220" dir="0" index="0" bw="8" slack="0"/>
<pin id="221" dir="0" index="1" bw="64" slack="0"/>
<pin id="222" dir="0" index="2" bw="5" slack="0"/>
<pin id="223" dir="0" index="3" bw="5" slack="0"/>
<pin id="224" dir="1" index="4" bw="8" slack="0"/>
</pin_list>
<bind>
<opcode="partselect(1002) " fcode="partselect"/>
<opset="p_Result_0_1_i_i/3 p_Result_1_1_i_i/4 "/>
</bind>
</comp>

<comp id="229" class="1004" name="grp_fu_229">
<pin_list>
<pin id="230" dir="0" index="0" bw="8" slack="0"/>
<pin id="231" dir="0" index="1" bw="64" slack="0"/>
<pin id="232" dir="0" index="2" bw="6" slack="0"/>
<pin id="233" dir="0" index="3" bw="6" slack="0"/>
<pin id="234" dir="1" index="4" bw="8" slack="0"/>
</pin_list>
<bind>
<opcode="partselect(1002) " fcode="partselect"/>
<opset="p_Result_0_2_i_i/3 p_Result_1_2_i_i/4 "/>
</bind>
</comp>

<comp id="239" class="1004" name="grp_fu_239">
<pin_list>
<pin id="240" dir="0" index="0" bw="8" slack="0"/>
<pin id="241" dir="0" index="1" bw="64" slack="0"/>
<pin id="242" dir="0" index="2" bw="6" slack="0"/>
<pin id="243" dir="0" index="3" bw="6" slack="0"/>
<pin id="244" dir="1" index="4" bw="8" slack="0"/>
</pin_list>
<bind>
<opcode="partselect(1002) " fcode="partselect"/>
<opset="p_Result_0_3_i_i/3 p_Result_1_3_i_i/4 "/>
</bind>
</comp>

<comp id="249" class="1004" name="grp_fu_249">
<pin_list>
<pin id="250" dir="0" index="0" bw="8" slack="0"/>
<pin id="251" dir="0" index="1" bw="64" slack="0"/>
<pin id="252" dir="0" index="2" bw="7" slack="0"/>
<pin id="253" dir="0" index="3" bw="7" slack="0"/>
<pin id="254" dir="1" index="4" bw="8" slack="0"/>
</pin_list>
<bind>
<opcode="partselect(1002) " fcode="partselect"/>
<opset="p_Result_0_4_i_i/3 p_Result_1_4_i_i/4 "/>
</bind>
</comp>

<comp id="259" class="1004" name="grp_fu_259">
<pin_list>
<pin id="260" dir="0" index="0" bw="8" slack="0"/>
<pin id="261" dir="0" index="1" bw="64" slack="0"/>
<pin id="262" dir="0" index="2" bw="7" slack="0"/>
<pin id="263" dir="0" index="3" bw="7" slack="0"/>
<pin id="264" dir="1" index="4" bw="8" slack="0"/>
</pin_list>
<bind>
<opcode="partselect(1002) " fcode="partselect"/>
<opset="p_Result_0_5_i_i/3 p_Result_1_5_i_i/4 "/>
</bind>
</comp>

<comp id="269" class="1004" name="grp_fu_269">
<pin_list>
<pin id="270" dir="0" index="0" bw="8" slack="0"/>
<pin id="271" dir="0" index="1" bw="64" slack="0"/>
<pin id="272" dir="0" index="2" bw="7" slack="0"/>
<pin id="273" dir="0" index="3" bw="7" slack="0"/>
<pin id="274" dir="1" index="4" bw="8" slack="0"/>
</pin_list>
<bind>
<opcode="partselect(1002) " fcode="partselect"/>
<opset="p_Result_0_6_i_i/3 p_Result_1_6_i_i/4 "/>
</bind>
</comp>

<comp id="279" class="1004" name="grp_fu_279">
<pin_list>
<pin id="280" dir="0" index="0" bw="8" slack="0"/>
<pin id="281" dir="0" index="1" bw="64" slack="0"/>
<pin id="282" dir="0" index="2" bw="7" slack="0"/>
<pin id="283" dir="0" index="3" bw="7" slack="0"/>
<pin id="284" dir="1" index="4" bw="8" slack="0"/>
</pin_list>
<bind>
<opcode="partselect(1002) " fcode="partselect"/>
<opset="p_Result_0_7_i_i/3 p_Result_1_7_i_i/4 "/>
</bind>
</comp>

<comp id="289" class="1004" name="exitcond1_i_i_fu_289">
<pin_list>
<pin id="290" dir="0" index="0" bw="5" slack="0"/>
<pin id="291" dir="0" index="1" bw="1" slack="0"/>
<pin id="292" dir="1" index="2" bw="1" slack="1"/>
</pin_list>
<bind>
<opcode="icmp(45) " fcode="icmp"/>
<opset="exitcond1_i_i/2 "/>
</bind>
</comp>

<comp id="295" class="1004" name="g_fu_295">
<pin_list>
<pin id="296" dir="0" index="0" bw="5" slack="0"/>
<pin id="297" dir="0" index="1" bw="1" slack="0"/>
<pin id="298" dir="1" index="2" bw="5" slack="0"/>
</pin_list>
<bind>
<opcode="add(8) " fcode="add"/>
<opset="g/2 "/>
</bind>
</comp>

<comp id="301" class="1004" name="tmp_1_fu_301">
<pin_list>
<pin id="302" dir="0" index="0" bw="64" slack="0"/>
<pin id="303" dir="1" index="1" bw="8" slack="2"/>
</pin_list>
<bind>
<opcode="trunc(33) " fcode="trunc"/>
<opset="tmp_1/3 "/>
</bind>
</comp>

<comp id="305" class="1004" name="OP1_V_0_5_i_i_fu_305">
<pin_list>
<pin id="306" dir="0" index="0" bw="8" slack="0"/>
<pin id="307" dir="1" index="1" bw="16" slack="0"/>
</pin_list>
<bind>
<opcode="sext(35) " fcode="sext"/>
<opset="OP1_V_0_5_i_i/3 "/>
</bind>
</comp>

<comp id="309" class="1004" name="sq_V_6_fu_309">
<pin_list>
<pin id="310" dir="0" index="0" bw="8" slack="0"/>
<pin id="311" dir="0" index="1" bw="8" slack="0"/>
<pin id="312" dir="1" index="2" bw="16" slack="1"/>
</pin_list>
<bind>
<opcode="mul(12) " fcode="mul"/>
<opset="sq_V_6/3 "/>
</bind>
</comp>

<comp id="315" class="1004" name="tmp_9_0_5_i_i_fu_315">
<pin_list>
<pin id="316" dir="0" index="0" bw="24" slack="0"/>
<pin id="317" dir="0" index="1" bw="16" slack="1"/>
<pin id="318" dir="0" index="2" bw="1" slack="0"/>
<pin id="319" dir="1" index="3" bw="24" slack="0"/>
</pin_list>
<bind>
<opcode="bitconcatenate(1004) " fcode="bitconcatenate"/>
<opset="tmp_9_0_5_i_i/4 "/>
</bind>
</comp>

<comp id="322" class="1004" name="tmp_2_fu_322">
<pin_list>
<pin id="323" dir="0" index="0" bw="64" slack="0"/>
<pin id="324" dir="1" index="1" bw="8" slack="0"/>
</pin_list>
<bind>
<opcode="trunc(33) " fcode="trunc"/>
<opset="tmp_2/4 "/>
</bind>
</comp>

<comp id="326" class="1004" name="OP1_V_1_i_i_fu_326">
<pin_list>
<pin id="327" dir="0" index="0" bw="8" slack="0"/>
<pin id="328" dir="1" index="1" bw="16" slack="0"/>
</pin_list>
<bind>
<opcode="sext(35) " fcode="sext"/>
<opset="OP1_V_1_i_i/4 "/>
</bind>
</comp>

<comp id="330" class="1004" name="sq_V_9_fu_330">
<pin_list>
<pin id="331" dir="0" index="0" bw="8" slack="0"/>
<pin id="332" dir="0" index="1" bw="8" slack="0"/>
<pin id="333" dir="1" index="2" bw="16" slack="1"/>
</pin_list>
<bind>
<opcode="mul(12) " fcode="mul"/>
<opset="sq_V_9/4 "/>
</bind>
</comp>

<comp id="336" class="1004" name="OP1_V_1_1_i_i_fu_336">
<pin_list>
<pin id="337" dir="0" index="0" bw="8" slack="0"/>
<pin id="338" dir="1" index="1" bw="16" slack="0"/>
</pin_list>
<bind>
<opcode="sext(35) " fcode="sext"/>
<opset="OP1_V_1_1_i_i/4 "/>
</bind>
</comp>

<comp id="340" class="1004" name="sq_V_10_fu_340">
<pin_list>
<pin id="341" dir="0" index="0" bw="8" slack="0"/>
<pin id="342" dir="0" index="1" bw="8" slack="0"/>
<pin id="343" dir="1" index="2" bw="16" slack="0"/>
</pin_list>
<bind>
<opcode="mul(12) " fcode="mul"/>
<opset="sq_V_10/4 "/>
</bind>
</comp>

<comp id="346" class="1004" name="tmp_9_1_1_i_i_fu_346">
<pin_list>
<pin id="347" dir="0" index="0" bw="24" slack="0"/>
<pin id="348" dir="0" index="1" bw="16" slack="0"/>
<pin id="349" dir="0" index="2" bw="1" slack="0"/>
<pin id="350" dir="1" index="3" bw="24" slack="0"/>
</pin_list>
<bind>
<opcode="bitconcatenate(1004) " fcode="bitconcatenate"/>
<opset="tmp_9_1_1_i_i/4 "/>
</bind>
</comp>

<comp id="354" class="1004" name="OP1_V_1_2_i_i_fu_354">
<pin_list>
<pin id="355" dir="0" index="0" bw="8" slack="0"/>
<pin id="356" dir="1" index="1" bw="16" slack="0"/>
</pin_list>
<bind>
<opcode="sext(35) " fcode="sext"/>
<opset="OP1_V_1_2_i_i/4 "/>
</bind>
</comp>

<comp id="358" class="1004" name="sq_V_11_fu_358">
<pin_list>
<pin id="359" dir="0" index="0" bw="8" slack="0"/>
<pin id="360" dir="0" index="1" bw="8" slack="0"/>
<pin id="361" dir="1" index="2" bw="16" slack="0"/>
</pin_list>
<bind>
<opcode="mul(12) " fcode="mul"/>
<opset="sq_V_11/4 "/>
</bind>
</comp>

<comp id="364" class="1004" name="tmp_9_1_2_i_i_fu_364">
<pin_list>
<pin id="365" dir="0" index="0" bw="24" slack="0"/>
<pin id="366" dir="0" index="1" bw="16" slack="0"/>
<pin id="367" dir="0" index="2" bw="1" slack="0"/>
<pin id="368" dir="1" index="3" bw="24" slack="0"/>
</pin_list>
<bind>
<opcode="bitconcatenate(1004) " fcode="bitconcatenate"/>
<opset="tmp_9_1_2_i_i/4 "/>
</bind>
</comp>

<comp id="372" class="1004" name="OP1_V_1_3_i_i_fu_372">
<pin_list>
<pin id="373" dir="0" index="0" bw="8" slack="0"/>
<pin id="374" dir="1" index="1" bw="16" slack="0"/>
</pin_list>
<bind>
<opcode="sext(35) " fcode="sext"/>
<opset="OP1_V_1_3_i_i/4 "/>
</bind>
</comp>

<comp id="376" class="1004" name="sq_V_12_fu_376">
<pin_list>
<pin id="377" dir="0" index="0" bw="8" slack="0"/>
<pin id="378" dir="0" index="1" bw="8" slack="0"/>
<pin id="379" dir="1" index="2" bw="16" slack="0"/>
</pin_list>
<bind>
<opcode="mul(12) " fcode="mul"/>
<opset="sq_V_12/4 "/>
</bind>
</comp>

<comp id="382" class="1004" name="tmp_9_1_3_i_i_fu_382">
<pin_list>
<pin id="383" dir="0" index="0" bw="24" slack="0"/>
<pin id="384" dir="0" index="1" bw="16" slack="0"/>
<pin id="385" dir="0" index="2" bw="1" slack="0"/>
<pin id="386" dir="1" index="3" bw="24" slack="0"/>
</pin_list>
<bind>
<opcode="bitconcatenate(1004) " fcode="bitconcatenate"/>
<opset="tmp_9_1_3_i_i/4 "/>
</bind>
</comp>

<comp id="390" class="1004" name="OP1_V_1_4_i_i_fu_390">
<pin_list>
<pin id="391" dir="0" index="0" bw="8" slack="0"/>
<pin id="392" dir="1" index="1" bw="16" slack="0"/>
</pin_list>
<bind>
<opcode="sext(35) " fcode="sext"/>
<opset="OP1_V_1_4_i_i/4 "/>
</bind>
</comp>

<comp id="394" class="1004" name="sq_V_13_fu_394">
<pin_list>
<pin id="395" dir="0" index="0" bw="8" slack="0"/>
<pin id="396" dir="0" index="1" bw="8" slack="0"/>
<pin id="397" dir="1" index="2" bw="16" slack="0"/>
</pin_list>
<bind>
<opcode="mul(12) " fcode="mul"/>
<opset="sq_V_13/4 "/>
</bind>
</comp>

<comp id="400" class="1004" name="tmp_9_1_4_i_i_fu_400">
<pin_list>
<pin id="401" dir="0" index="0" bw="24" slack="0"/>
<pin id="402" dir="0" index="1" bw="16" slack="0"/>
<pin id="403" dir="0" index="2" bw="1" slack="0"/>
<pin id="404" dir="1" index="3" bw="24" slack="0"/>
</pin_list>
<bind>
<opcode="bitconcatenate(1004) " fcode="bitconcatenate"/>
<opset="tmp_9_1_4_i_i/4 "/>
</bind>
</comp>

<comp id="408" class="1004" name="OP1_V_1_5_i_i_fu_408">
<pin_list>
<pin id="409" dir="0" index="0" bw="8" slack="0"/>
<pin id="410" dir="1" index="1" bw="16" slack="0"/>
</pin_list>
<bind>
<opcode="sext(35) " fcode="sext"/>
<opset="OP1_V_1_5_i_i/4 "/>
</bind>
</comp>

<comp id="412" class="1004" name="sq_V_14_fu_412">
<pin_list>
<pin id="413" dir="0" index="0" bw="8" slack="0"/>
<pin id="414" dir="0" index="1" bw="8" slack="0"/>
<pin id="415" dir="1" index="2" bw="16" slack="0"/>
</pin_list>
<bind>
<opcode="mul(12) " fcode="mul"/>
<opset="sq_V_14/4 "/>
</bind>
</comp>

<comp id="418" class="1004" name="tmp_9_1_5_i_i_fu_418">
<pin_list>
<pin id="419" dir="0" index="0" bw="24" slack="0"/>
<pin id="420" dir="0" index="1" bw="16" slack="0"/>
<pin id="421" dir="0" index="2" bw="1" slack="0"/>
<pin id="422" dir="1" index="3" bw="24" slack="0"/>
</pin_list>
<bind>
<opcode="bitconcatenate(1004) " fcode="bitconcatenate"/>
<opset="tmp_9_1_5_i_i/4 "/>
</bind>
</comp>

<comp id="426" class="1004" name="OP1_V_1_6_i_i_fu_426">
<pin_list>
<pin id="427" dir="0" index="0" bw="8" slack="0"/>
<pin id="428" dir="1" index="1" bw="16" slack="0"/>
</pin_list>
<bind>
<opcode="sext(35) " fcode="sext"/>
<opset="OP1_V_1_6_i_i/4 "/>
</bind>
</comp>

<comp id="430" class="1004" name="sq_V_15_fu_430">
<pin_list>
<pin id="431" dir="0" index="0" bw="8" slack="0"/>
<pin id="432" dir="0" index="1" bw="8" slack="0"/>
<pin id="433" dir="1" index="2" bw="16" slack="0"/>
</pin_list>
<bind>
<opcode="mul(12) " fcode="mul"/>
<opset="sq_V_15/4 "/>
</bind>
</comp>

<comp id="436" class="1004" name="tmp_9_1_6_i_i_fu_436">
<pin_list>
<pin id="437" dir="0" index="0" bw="24" slack="0"/>
<pin id="438" dir="0" index="1" bw="16" slack="0"/>
<pin id="439" dir="0" index="2" bw="1" slack="0"/>
<pin id="440" dir="1" index="3" bw="24" slack="0"/>
</pin_list>
<bind>
<opcode="bitconcatenate(1004) " fcode="bitconcatenate"/>
<opset="tmp_9_1_6_i_i/4 "/>
</bind>
</comp>

<comp id="444" class="1004" name="OP1_V_1_7_i_i_fu_444">
<pin_list>
<pin id="445" dir="0" index="0" bw="8" slack="0"/>
<pin id="446" dir="1" index="1" bw="16" slack="0"/>
</pin_list>
<bind>
<opcode="sext(35) " fcode="sext"/>
<opset="OP1_V_1_7_i_i/4 "/>
</bind>
</comp>

<comp id="448" class="1004" name="sq_V_16_fu_448">
<pin_list>
<pin id="449" dir="0" index="0" bw="8" slack="0"/>
<pin id="450" dir="0" index="1" bw="8" slack="0"/>
<pin id="451" dir="1" index="2" bw="16" slack="0"/>
</pin_list>
<bind>
<opcode="mul(12) " fcode="mul"/>
<opset="sq_V_16/4 "/>
</bind>
</comp>

<comp id="454" class="1004" name="StgValue_134_store_fu_454">
<pin_list>
<pin id="455" dir="0" index="0" bw="16" slack="0"/>
<pin id="456" dir="0" index="1" bw="16" slack="3"/>
<pin id="457" dir="1" index="2" bw="0" slack="2147483647"/>
</pin_list>
<bind>
<opcode="store(28) " fcode="store"/>
<opset="StgValue_134/4 "/>
</bind>
</comp>

<comp id="459" class="1004" name="tmp_9_1_7_i_i_fu_459">
<pin_list>
<pin id="460" dir="0" index="0" bw="24" slack="0"/>
<pin id="461" dir="0" index="1" bw="16" slack="0"/>
<pin id="462" dir="0" index="2" bw="1" slack="0"/>
<pin id="463" dir="1" index="3" bw="24" slack="0"/>
</pin_list>
<bind>
<opcode="bitconcatenate(1004) " fcode="bitconcatenate"/>
<opset="tmp_9_1_7_i_i/4 "/>
</bind>
</comp>

<comp id="467" class="1004" name="tmp_fu_467">
<pin_list>
<pin id="468" dir="0" index="0" bw="24" slack="0"/>
<pin id="469" dir="0" index="1" bw="24" slack="0"/>
<pin id="470" dir="1" index="2" bw="24" slack="2"/>
</pin_list>
<bind>
<opcode="add(8) " fcode="add"/>
<opset="tmp/4 "/>
</bind>
</comp>

<comp id="473" class="1004" name="tmp1_fu_473">
<pin_list>
<pin id="474" dir="0" index="0" bw="24" slack="0"/>
<pin id="475" dir="0" index="1" bw="24" slack="0"/>
<pin id="476" dir="1" index="2" bw="24" slack="2"/>
</pin_list>
<bind>
<opcode="add(8) " fcode="add"/>
<opset="tmp1/4 "/>
</bind>
</comp>

<comp id="479" class="1004" name="tmp4_fu_479">
<pin_list>
<pin id="480" dir="0" index="0" bw="24" slack="0"/>
<pin id="481" dir="0" index="1" bw="24" slack="0"/>
<pin id="482" dir="1" index="2" bw="24" slack="1"/>
</pin_list>
<bind>
<opcode="add(8) " fcode="add"/>
<opset="tmp4/4 "/>
</bind>
</comp>

<comp id="485" class="1004" name="tmp11_fu_485">
<pin_list>
<pin id="486" dir="0" index="0" bw="24" slack="0"/>
<pin id="487" dir="0" index="1" bw="24" slack="0"/>
<pin id="488" dir="1" index="2" bw="24" slack="1"/>
</pin_list>
<bind>
<opcode="add(8) " fcode="add"/>
<opset="tmp11/4 "/>
</bind>
</comp>

<comp id="491" class="1004" name="p_Result_3_1_7_i_i_fu_491">
<pin_list>
<pin id="492" dir="0" index="0" bw="128" slack="0"/>
<pin id="493" dir="0" index="1" bw="64" slack="0"/>
<pin id="494" dir="0" index="2" bw="64" slack="1"/>
<pin id="495" dir="1" index="3" bw="128" slack="0"/>
</pin_list>
<bind>
<opcode="bitconcatenate(1004) " fcode="bitconcatenate"/>
<opset="p_Result_3_1_7_i_i/4 "/>
</bind>
</comp>

<comp id="499" class="1004" name="tmp_i_i_fu_499">
<pin_list>
<pin id="500" dir="0" index="0" bw="5" slack="2"/>
<pin id="501" dir="1" index="1" bw="64" slack="0"/>
</pin_list>
<bind>
<opcode="zext(34) " fcode="zext"/>
<opset="tmp_i_i/4 "/>
</bind>
</comp>

<comp id="504" class="1004" name="OP1_V_0_i_i_fu_504">
<pin_list>
<pin id="505" dir="0" index="0" bw="8" slack="2"/>
<pin id="506" dir="1" index="1" bw="16" slack="0"/>
</pin_list>
<bind>
<opcode="sext(35) " fcode="sext"/>
<opset="OP1_V_0_i_i/5 "/>
</bind>
</comp>

<comp id="507" class="1004" name="sq_V_1_fu_507">
<pin_list>
<pin id="508" dir="0" index="0" bw="8" slack="0"/>
<pin id="509" dir="0" index="1" bw="8" slack="0"/>
<pin id="510" dir="1" index="2" bw="16" slack="0"/>
</pin_list>
<bind>
<opcode="mul(12) " fcode="mul"/>
<opset="sq_V_1/5 "/>
</bind>
</comp>

<comp id="513" class="1004" name="tmp_9_0_i_i_fu_513">
<pin_list>
<pin id="514" dir="0" index="0" bw="24" slack="0"/>
<pin id="515" dir="0" index="1" bw="16" slack="0"/>
<pin id="516" dir="0" index="2" bw="1" slack="0"/>
<pin id="517" dir="1" index="3" bw="24" slack="0"/>
</pin_list>
<bind>
<opcode="bitconcatenate(1004) " fcode="bitconcatenate"/>
<opset="tmp_9_0_i_i/5 "/>
</bind>
</comp>

<comp id="521" class="1004" name="OP1_V_0_1_i_i_fu_521">
<pin_list>
<pin id="522" dir="0" index="0" bw="8" slack="2"/>
<pin id="523" dir="1" index="1" bw="16" slack="0"/>
</pin_list>
<bind>
<opcode="sext(35) " fcode="sext"/>
<opset="OP1_V_0_1_i_i/5 "/>
</bind>
</comp>

<comp id="524" class="1004" name="sq_V_2_fu_524">
<pin_list>
<pin id="525" dir="0" index="0" bw="8" slack="0"/>
<pin id="526" dir="0" index="1" bw="8" slack="0"/>
<pin id="527" dir="1" index="2" bw="16" slack="0"/>
</pin_list>
<bind>
<opcode="mul(12) " fcode="mul"/>
<opset="sq_V_2/5 "/>
</bind>
</comp>

<comp id="530" class="1004" name="tmp_9_0_1_i_i_fu_530">
<pin_list>
<pin id="531" dir="0" index="0" bw="24" slack="0"/>
<pin id="532" dir="0" index="1" bw="16" slack="0"/>
<pin id="533" dir="0" index="2" bw="1" slack="0"/>
<pin id="534" dir="1" index="3" bw="24" slack="0"/>
</pin_list>
<bind>
<opcode="bitconcatenate(1004) " fcode="bitconcatenate"/>
<opset="tmp_9_0_1_i_i/5 "/>
</bind>
</comp>

<comp id="538" class="1004" name="OP1_V_0_2_i_i_fu_538">
<pin_list>
<pin id="539" dir="0" index="0" bw="8" slack="2"/>
<pin id="540" dir="1" index="1" bw="16" slack="0"/>
</pin_list>
<bind>
<opcode="sext(35) " fcode="sext"/>
<opset="OP1_V_0_2_i_i/5 "/>
</bind>
</comp>

<comp id="541" class="1004" name="sq_V_3_fu_541">
<pin_list>
<pin id="542" dir="0" index="0" bw="8" slack="0"/>
<pin id="543" dir="0" index="1" bw="8" slack="0"/>
<pin id="544" dir="1" index="2" bw="16" slack="0"/>
</pin_list>
<bind>
<opcode="mul(12) " fcode="mul"/>
<opset="sq_V_3/5 "/>
</bind>
</comp>

<comp id="547" class="1004" name="tmp_9_0_2_i_i_fu_547">
<pin_list>
<pin id="548" dir="0" index="0" bw="24" slack="0"/>
<pin id="549" dir="0" index="1" bw="16" slack="0"/>
<pin id="550" dir="0" index="2" bw="1" slack="0"/>
<pin id="551" dir="1" index="3" bw="24" slack="0"/>
</pin_list>
<bind>
<opcode="bitconcatenate(1004) " fcode="bitconcatenate"/>
<opset="tmp_9_0_2_i_i/5 "/>
</bind>
</comp>

<comp id="555" class="1004" name="OP1_V_0_3_i_i_fu_555">
<pin_list>
<pin id="556" dir="0" index="0" bw="8" slack="2"/>
<pin id="557" dir="1" index="1" bw="16" slack="0"/>
</pin_list>
<bind>
<opcode="sext(35) " fcode="sext"/>
<opset="OP1_V_0_3_i_i/5 "/>
</bind>
</comp>

<comp id="558" class="1004" name="sq_V_4_fu_558">
<pin_list>
<pin id="559" dir="0" index="0" bw="8" slack="0"/>
<pin id="560" dir="0" index="1" bw="8" slack="0"/>
<pin id="561" dir="1" index="2" bw="16" slack="0"/>
</pin_list>
<bind>
<opcode="mul(12) " fcode="mul"/>
<opset="sq_V_4/5 "/>
</bind>
</comp>

<comp id="564" class="1004" name="tmp_9_0_3_i_i_fu_564">
<pin_list>
<pin id="565" dir="0" index="0" bw="24" slack="0"/>
<pin id="566" dir="0" index="1" bw="16" slack="0"/>
<pin id="567" dir="0" index="2" bw="1" slack="0"/>
<pin id="568" dir="1" index="3" bw="24" slack="0"/>
</pin_list>
<bind>
<opcode="bitconcatenate(1004) " fcode="bitconcatenate"/>
<opset="tmp_9_0_3_i_i/5 "/>
</bind>
</comp>

<comp id="572" class="1004" name="OP1_V_0_4_i_i_fu_572">
<pin_list>
<pin id="573" dir="0" index="0" bw="8" slack="2"/>
<pin id="574" dir="1" index="1" bw="16" slack="0"/>
</pin_list>
<bind>
<opcode="sext(35) " fcode="sext"/>
<opset="OP1_V_0_4_i_i/5 "/>
</bind>
</comp>

<comp id="575" class="1004" name="sq_V_5_fu_575">
<pin_list>
<pin id="576" dir="0" index="0" bw="8" slack="0"/>
<pin id="577" dir="0" index="1" bw="8" slack="0"/>
<pin id="578" dir="1" index="2" bw="16" slack="0"/>
</pin_list>
<bind>
<opcode="mul(12) " fcode="mul"/>
<opset="sq_V_5/5 "/>
</bind>
</comp>

<comp id="581" class="1004" name="tmp_9_0_4_i_i_fu_581">
<pin_list>
<pin id="582" dir="0" index="0" bw="24" slack="0"/>
<pin id="583" dir="0" index="1" bw="16" slack="0"/>
<pin id="584" dir="0" index="2" bw="1" slack="0"/>
<pin id="585" dir="1" index="3" bw="24" slack="0"/>
</pin_list>
<bind>
<opcode="bitconcatenate(1004) " fcode="bitconcatenate"/>
<opset="tmp_9_0_4_i_i/5 "/>
</bind>
</comp>

<comp id="589" class="1004" name="OP1_V_0_6_i_i_fu_589">
<pin_list>
<pin id="590" dir="0" index="0" bw="8" slack="2"/>
<pin id="591" dir="1" index="1" bw="16" slack="0"/>
</pin_list>
<bind>
<opcode="sext(35) " fcode="sext"/>
<opset="OP1_V_0_6_i_i/5 "/>
</bind>
</comp>

<comp id="592" class="1004" name="sq_V_7_fu_592">
<pin_list>
<pin id="593" dir="0" index="0" bw="8" slack="0"/>
<pin id="594" dir="0" index="1" bw="8" slack="0"/>
<pin id="595" dir="1" index="2" bw="16" slack="0"/>
</pin_list>
<bind>
<opcode="mul(12) " fcode="mul"/>
<opset="sq_V_7/5 "/>
</bind>
</comp>

<comp id="598" class="1004" name="tmp_9_0_6_i_i_fu_598">
<pin_list>
<pin id="599" dir="0" index="0" bw="24" slack="0"/>
<pin id="600" dir="0" index="1" bw="16" slack="0"/>
<pin id="601" dir="0" index="2" bw="1" slack="0"/>
<pin id="602" dir="1" index="3" bw="24" slack="0"/>
</pin_list>
<bind>
<opcode="bitconcatenate(1004) " fcode="bitconcatenate"/>
<opset="tmp_9_0_6_i_i/5 "/>
</bind>
</comp>

<comp id="606" class="1004" name="OP1_V_0_7_i_i_fu_606">
<pin_list>
<pin id="607" dir="0" index="0" bw="8" slack="2"/>
<pin id="608" dir="1" index="1" bw="16" slack="0"/>
</pin_list>
<bind>
<opcode="sext(35) " fcode="sext"/>
<opset="OP1_V_0_7_i_i/5 "/>
</bind>
</comp>

<comp id="609" class="1004" name="sq_V_8_fu_609">
<pin_list>
<pin id="610" dir="0" index="0" bw="8" slack="0"/>
<pin id="611" dir="0" index="1" bw="8" slack="0"/>
<pin id="612" dir="1" index="2" bw="16" slack="0"/>
</pin_list>
<bind>
<opcode="mul(12) " fcode="mul"/>
<opset="sq_V_8/5 "/>
</bind>
</comp>

<comp id="615" class="1004" name="tmp_9_0_7_i_i_fu_615">
<pin_list>
<pin id="616" dir="0" index="0" bw="24" slack="0"/>
<pin id="617" dir="0" index="1" bw="16" slack="0"/>
<pin id="618" dir="0" index="2" bw="1" slack="0"/>
<pin id="619" dir="1" index="3" bw="24" slack="0"/>
</pin_list>
<bind>
<opcode="bitconcatenate(1004) " fcode="bitconcatenate"/>
<opset="tmp_9_0_7_i_i/5 "/>
</bind>
</comp>

<comp id="623" class="1004" name="tmp_9_1_i_i_fu_623">
<pin_list>
<pin id="624" dir="0" index="0" bw="24" slack="0"/>
<pin id="625" dir="0" index="1" bw="16" slack="1"/>
<pin id="626" dir="0" index="2" bw="1" slack="0"/>
<pin id="627" dir="1" index="3" bw="24" slack="0"/>
</pin_list>
<bind>
<opcode="bitconcatenate(1004) " fcode="bitconcatenate"/>
<opset="tmp_9_1_i_i/5 "/>
</bind>
</comp>

<comp id="630" class="1004" name="tmp3_fu_630">
<pin_list>
<pin id="631" dir="0" index="0" bw="24" slack="0"/>
<pin id="632" dir="0" index="1" bw="24" slack="0"/>
<pin id="633" dir="1" index="2" bw="24" slack="0"/>
</pin_list>
<bind>
<opcode="add(8) " fcode="add"/>
<opset="tmp3/5 "/>
</bind>
</comp>

<comp id="636" class="1004" name="tmp5_fu_636">
<pin_list>
<pin id="637" dir="0" index="0" bw="24" slack="1"/>
<pin id="638" dir="0" index="1" bw="24" slack="0"/>
<pin id="639" dir="1" index="2" bw="24" slack="1"/>
</pin_list>
<bind>
<opcode="add(8) " fcode="add"/>
<opset="tmp5/5 "/>
</bind>
</comp>

<comp id="641" class="1004" name="tmp7_fu_641">
<pin_list>
<pin id="642" dir="0" index="0" bw="24" slack="0"/>
<pin id="643" dir="0" index="1" bw="24" slack="0"/>
<pin id="644" dir="1" index="2" bw="24" slack="1"/>
</pin_list>
<bind>
<opcode="add(8) " fcode="add"/>
<opset="tmp7/5 "/>
</bind>
</comp>

<comp id="647" class="1004" name="tmp8_fu_647">
<pin_list>
<pin id="648" dir="0" index="0" bw="24" slack="0"/>
<pin id="649" dir="0" index="1" bw="24" slack="0"/>
<pin id="650" dir="1" index="2" bw="24" slack="1"/>
</pin_list>
<bind>
<opcode="add(8) " fcode="add"/>
<opset="tmp8/5 "/>
</bind>
</comp>

<comp id="653" class="1004" name="tmp10_fu_653">
<pin_list>
<pin id="654" dir="0" index="0" bw="24" slack="0"/>
<pin id="655" dir="0" index="1" bw="24" slack="0"/>
<pin id="656" dir="1" index="2" bw="24" slack="0"/>
</pin_list>
<bind>
<opcode="add(8) " fcode="add"/>
<opset="tmp10/5 "/>
</bind>
</comp>

<comp id="659" class="1004" name="tmp12_fu_659">
<pin_list>
<pin id="660" dir="0" index="0" bw="24" slack="1"/>
<pin id="661" dir="0" index="1" bw="24" slack="0"/>
<pin id="662" dir="1" index="2" bw="24" slack="1"/>
</pin_list>
<bind>
<opcode="add(8) " fcode="add"/>
<opset="tmp12/5 "/>
</bind>
</comp>

<comp id="664" class="1004" name="tmp2_fu_664">
<pin_list>
<pin id="665" dir="0" index="0" bw="24" slack="2"/>
<pin id="666" dir="0" index="1" bw="24" slack="2"/>
<pin id="667" dir="1" index="2" bw="24" slack="0"/>
</pin_list>
<bind>
<opcode="add(8) " fcode="add"/>
<opset="tmp2/6 "/>
</bind>
</comp>

<comp id="668" class="1004" name="tmp6_fu_668">
<pin_list>
<pin id="669" dir="0" index="0" bw="24" slack="1"/>
<pin id="670" dir="0" index="1" bw="24" slack="0"/>
<pin id="671" dir="1" index="2" bw="24" slack="0"/>
</pin_list>
<bind>
<opcode="add(8) " fcode="add"/>
<opset="tmp6/6 "/>
</bind>
</comp>

<comp id="673" class="1004" name="tmp9_fu_673">
<pin_list>
<pin id="674" dir="0" index="0" bw="24" slack="1"/>
<pin id="675" dir="0" index="1" bw="24" slack="1"/>
<pin id="676" dir="1" index="2" bw="24" slack="0"/>
</pin_list>
<bind>
<opcode="add(8) " fcode="add"/>
<opset="tmp9/6 "/>
</bind>
</comp>

<comp id="677" class="1004" name="tmp13_fu_677">
<pin_list>
<pin id="678" dir="0" index="0" bw="24" slack="1"/>
<pin id="679" dir="0" index="1" bw="24" slack="0"/>
<pin id="680" dir="1" index="2" bw="24" slack="0"/>
</pin_list>
<bind>
<opcode="add(8) " fcode="add"/>
<opset="tmp13/6 "/>
</bind>
</comp>

<comp id="682" class="1004" name="tmp_s_fu_682">
<pin_list>
<pin id="683" dir="0" index="0" bw="24" slack="0"/>
<pin id="684" dir="0" index="1" bw="24" slack="0"/>
<pin id="685" dir="1" index="2" bw="24" slack="0"/>
</pin_list>
<bind>
<opcode="add(8) " fcode="add"/>
<opset="tmp_s/6 "/>
</bind>
</comp>

<comp id="688" class="1004" name="calculated_norm_V_fu_688">
<pin_list>
<pin id="689" dir="0" index="0" bw="24" slack="4"/>
<pin id="690" dir="0" index="1" bw="24" slack="0"/>
<pin id="691" dir="1" index="2" bw="24" slack="1"/>
</pin_list>
<bind>
<opcode="add(8) " fcode="add"/>
<opset="calculated_norm_V/6 "/>
</bind>
</comp>

<comp id="694" class="1005" name="sq_V_reg_694">
<pin_list>
<pin id="695" dir="0" index="0" bw="16" slack="3"/>
<pin id="696" dir="1" index="1" bw="16" slack="3"/>
</pin_list>
<bind>
<opset="sq_V "/>
</bind>
</comp>

<comp id="699" class="1005" name="exitcond1_i_i_reg_699">
<pin_list>
<pin id="700" dir="0" index="0" bw="1" slack="1"/>
<pin id="701" dir="1" index="1" bw="1" slack="2147483647"/>
</pin_list>
<bind>
<opset="exitcond1_i_i "/>
</bind>
</comp>

<comp id="703" class="1005" name="g_reg_703">
<pin_list>
<pin id="704" dir="0" index="0" bw="5" slack="0"/>
<pin id="705" dir="1" index="1" bw="5" slack="0"/>
</pin_list>
<bind>
<opset="g "/>
</bind>
</comp>

<comp id="708" class="1005" name="tmp_data_V_reg_708">
<pin_list>
<pin id="709" dir="0" index="0" bw="64" slack="1"/>
<pin id="710" dir="1" index="1" bw="64" slack="1"/>
</pin_list>
<bind>
<opset="tmp_data_V "/>
</bind>
</comp>

<comp id="713" class="1005" name="tmp_1_reg_713">
<pin_list>
<pin id="714" dir="0" index="0" bw="8" slack="2"/>
<pin id="715" dir="1" index="1" bw="8" slack="2"/>
</pin_list>
<bind>
<opset="tmp_1 "/>
</bind>
</comp>

<comp id="718" class="1005" name="p_Result_0_1_i_i_reg_718">
<pin_list>
<pin id="719" dir="0" index="0" bw="8" slack="2"/>
<pin id="720" dir="1" index="1" bw="8" slack="2"/>
</pin_list>
<bind>
<opset="p_Result_0_1_i_i "/>
</bind>
</comp>

<comp id="723" class="1005" name="p_Result_0_2_i_i_reg_723">
<pin_list>
<pin id="724" dir="0" index="0" bw="8" slack="2"/>
<pin id="725" dir="1" index="1" bw="8" slack="2"/>
</pin_list>
<bind>
<opset="p_Result_0_2_i_i "/>
</bind>
</comp>

<comp id="728" class="1005" name="p_Result_0_3_i_i_reg_728">
<pin_list>
<pin id="729" dir="0" index="0" bw="8" slack="2"/>
<pin id="730" dir="1" index="1" bw="8" slack="2"/>
</pin_list>
<bind>
<opset="p_Result_0_3_i_i "/>
</bind>
</comp>

<comp id="733" class="1005" name="p_Result_0_4_i_i_reg_733">
<pin_list>
<pin id="734" dir="0" index="0" bw="8" slack="2"/>
<pin id="735" dir="1" index="1" bw="8" slack="2"/>
</pin_list>
<bind>
<opset="p_Result_0_4_i_i "/>
</bind>
</comp>

<comp id="738" class="1005" name="sq_V_6_reg_738">
<pin_list>
<pin id="739" dir="0" index="0" bw="16" slack="1"/>
<pin id="740" dir="1" index="1" bw="16" slack="1"/>
</pin_list>
<bind>
<opset="sq_V_6 "/>
</bind>
</comp>

<comp id="743" class="1005" name="p_Result_0_6_i_i_reg_743">
<pin_list>
<pin id="744" dir="0" index="0" bw="8" slack="2"/>
<pin id="745" dir="1" index="1" bw="8" slack="2"/>
</pin_list>
<bind>
<opset="p_Result_0_6_i_i "/>
</bind>
</comp>

<comp id="748" class="1005" name="p_Result_0_7_i_i_reg_748">
<pin_list>
<pin id="749" dir="0" index="0" bw="8" slack="2"/>
<pin id="750" dir="1" index="1" bw="8" slack="2"/>
</pin_list>
<bind>
<opset="p_Result_0_7_i_i "/>
</bind>
</comp>

<comp id="753" class="1005" name="sq_V_9_reg_753">
<pin_list>
<pin id="754" dir="0" index="0" bw="16" slack="1"/>
<pin id="755" dir="1" index="1" bw="16" slack="1"/>
</pin_list>
<bind>
<opset="sq_V_9 "/>
</bind>
</comp>

<comp id="758" class="1005" name="tmp_reg_758">
<pin_list>
<pin id="759" dir="0" index="0" bw="24" slack="2"/>
<pin id="760" dir="1" index="1" bw="24" slack="2"/>
</pin_list>
<bind>
<opset="tmp "/>
</bind>
</comp>

<comp id="763" class="1005" name="tmp1_reg_763">
<pin_list>
<pin id="764" dir="0" index="0" bw="24" slack="2"/>
<pin id="765" dir="1" index="1" bw="24" slack="2"/>
</pin_list>
<bind>
<opset="tmp1 "/>
</bind>
</comp>

<comp id="768" class="1005" name="tmp4_reg_768">
<pin_list>
<pin id="769" dir="0" index="0" bw="24" slack="1"/>
<pin id="770" dir="1" index="1" bw="24" slack="1"/>
</pin_list>
<bind>
<opset="tmp4 "/>
</bind>
</comp>

<comp id="773" class="1005" name="tmp11_reg_773">
<pin_list>
<pin id="774" dir="0" index="0" bw="24" slack="1"/>
<pin id="775" dir="1" index="1" bw="24" slack="1"/>
</pin_list>
<bind>
<opset="tmp11 "/>
</bind>
</comp>

<comp id="778" class="1005" name="tmp5_reg_778">
<pin_list>
<pin id="779" dir="0" index="0" bw="24" slack="1"/>
<pin id="780" dir="1" index="1" bw="24" slack="1"/>
</pin_list>
<bind>
<opset="tmp5 "/>
</bind>
</comp>

<comp id="783" class="1005" name="tmp7_reg_783">
<pin_list>
<pin id="784" dir="0" index="0" bw="24" slack="1"/>
<pin id="785" dir="1" index="1" bw="24" slack="1"/>
</pin_list>
<bind>
<opset="tmp7 "/>
</bind>
</comp>

<comp id="788" class="1005" name="tmp8_reg_788">
<pin_list>
<pin id="789" dir="0" index="0" bw="24" slack="1"/>
<pin id="790" dir="1" index="1" bw="24" slack="1"/>
</pin_list>
<bind>
<opset="tmp8 "/>
</bind>
</comp>

<comp id="793" class="1005" name="tmp12_reg_793">
<pin_list>
<pin id="794" dir="0" index="0" bw="24" slack="1"/>
<pin id="795" dir="1" index="1" bw="24" slack="1"/>
</pin_list>
<bind>
<opset="tmp12 "/>
</bind>
</comp>

<comp id="798" class="1005" name="calculated_norm_V_reg_798">
<pin_list>
<pin id="799" dir="0" index="0" bw="24" slack="1"/>
<pin id="800" dir="1" index="1" bw="24" slack="1"/>
</pin_list>
<bind>
<opset="calculated_norm_V "/>
</bind>
</comp>

</comp_list>

<net_list>
<net id="127"><net_src comp="28" pin="0"/><net_sink comp="124" pin=0"/></net>

<net id="132"><net_src comp="24" pin="0"/><net_sink comp="128" pin=0"/></net>

<net id="133"><net_src comp="18" pin="0"/><net_sink comp="128" pin=1"/></net>

<net id="138"><net_src comp="26" pin="0"/><net_sink comp="134" pin=0"/></net>

<net id="139"><net_src comp="16" pin="0"/><net_sink comp="134" pin=1"/></net>

<net id="145"><net_src comp="50" pin="0"/><net_sink comp="140" pin=0"/></net>

<net id="146"><net_src comp="20" pin="0"/><net_sink comp="140" pin=1"/></net>

<net id="147"><net_src comp="134" pin="2"/><net_sink comp="140" pin=2"/></net>

<net id="153"><net_src comp="52" pin="0"/><net_sink comp="148" pin=0"/></net>

<net id="154"><net_src comp="22" pin="0"/><net_sink comp="148" pin=1"/></net>

<net id="155"><net_src comp="128" pin="2"/><net_sink comp="148" pin=2"/></net>

<net id="166"><net_src comp="72" pin="0"/><net_sink comp="156" pin=0"/></net>

<net id="167"><net_src comp="0" pin="0"/><net_sink comp="156" pin=1"/></net>

<net id="168"><net_src comp="2" pin="0"/><net_sink comp="156" pin=2"/></net>

<net id="169"><net_src comp="4" pin="0"/><net_sink comp="156" pin=3"/></net>

<net id="170"><net_src comp="6" pin="0"/><net_sink comp="156" pin=4"/></net>

<net id="171"><net_src comp="8" pin="0"/><net_sink comp="156" pin=5"/></net>

<net id="172"><net_src comp="10" pin="0"/><net_sink comp="156" pin=6"/></net>

<net id="173"><net_src comp="12" pin="0"/><net_sink comp="156" pin=7"/></net>

<net id="179"><net_src comp="14" pin="0"/><net_sink comp="174" pin=0"/></net>

<net id="180"><net_src comp="114" pin="0"/><net_sink comp="174" pin=1"/></net>

<net id="190"><net_src comp="174" pin="3"/><net_sink comp="181" pin=2"/></net>

<net id="194"><net_src comp="60" pin="0"/><net_sink comp="191" pin=0"/></net>

<net id="201"><net_src comp="191" pin="1"/><net_sink comp="195" pin=0"/></net>

<net id="202"><net_src comp="195" pin="4"/><net_sink comp="191" pin=0"/></net>

<net id="206"><net_src comp="62" pin="0"/><net_sink comp="203" pin=0"/></net>

<net id="213"><net_src comp="203" pin="1"/><net_sink comp="207" pin=0"/></net>

<net id="214"><net_src comp="207" pin="4"/><net_sink comp="203" pin=0"/></net>

<net id="218"><net_src comp="156" pin="8"/><net_sink comp="215" pin=0"/></net>

<net id="225"><net_src comp="74" pin="0"/><net_sink comp="219" pin=0"/></net>

<net id="226"><net_src comp="215" pin="1"/><net_sink comp="219" pin=1"/></net>

<net id="227"><net_src comp="76" pin="0"/><net_sink comp="219" pin=2"/></net>

<net id="228"><net_src comp="78" pin="0"/><net_sink comp="219" pin=3"/></net>

<net id="235"><net_src comp="74" pin="0"/><net_sink comp="229" pin=0"/></net>

<net id="236"><net_src comp="215" pin="1"/><net_sink comp="229" pin=1"/></net>

<net id="237"><net_src comp="48" pin="0"/><net_sink comp="229" pin=2"/></net>

<net id="238"><net_src comp="80" pin="0"/><net_sink comp="229" pin=3"/></net>

<net id="245"><net_src comp="74" pin="0"/><net_sink comp="239" pin=0"/></net>

<net id="246"><net_src comp="215" pin="1"/><net_sink comp="239" pin=1"/></net>

<net id="247"><net_src comp="82" pin="0"/><net_sink comp="239" pin=2"/></net>

<net id="248"><net_src comp="84" pin="0"/><net_sink comp="239" pin=3"/></net>

<net id="255"><net_src comp="74" pin="0"/><net_sink comp="249" pin=0"/></net>

<net id="256"><net_src comp="215" pin="1"/><net_sink comp="249" pin=1"/></net>

<net id="257"><net_src comp="86" pin="0"/><net_sink comp="249" pin=2"/></net>

<net id="258"><net_src comp="88" pin="0"/><net_sink comp="249" pin=3"/></net>

<net id="265"><net_src comp="74" pin="0"/><net_sink comp="259" pin=0"/></net>

<net id="266"><net_src comp="215" pin="1"/><net_sink comp="259" pin=1"/></net>

<net id="267"><net_src comp="90" pin="0"/><net_sink comp="259" pin=2"/></net>

<net id="268"><net_src comp="92" pin="0"/><net_sink comp="259" pin=3"/></net>

<net id="275"><net_src comp="74" pin="0"/><net_sink comp="269" pin=0"/></net>

<net id="276"><net_src comp="215" pin="1"/><net_sink comp="269" pin=1"/></net>

<net id="277"><net_src comp="94" pin="0"/><net_sink comp="269" pin=2"/></net>

<net id="278"><net_src comp="96" pin="0"/><net_sink comp="269" pin=3"/></net>

<net id="285"><net_src comp="74" pin="0"/><net_sink comp="279" pin=0"/></net>

<net id="286"><net_src comp="215" pin="1"/><net_sink comp="279" pin=1"/></net>

<net id="287"><net_src comp="98" pin="0"/><net_sink comp="279" pin=2"/></net>

<net id="288"><net_src comp="100" pin="0"/><net_sink comp="279" pin=3"/></net>

<net id="293"><net_src comp="207" pin="4"/><net_sink comp="289" pin=0"/></net>

<net id="294"><net_src comp="64" pin="0"/><net_sink comp="289" pin=1"/></net>

<net id="299"><net_src comp="207" pin="4"/><net_sink comp="295" pin=0"/></net>

<net id="300"><net_src comp="70" pin="0"/><net_sink comp="295" pin=1"/></net>

<net id="304"><net_src comp="215" pin="1"/><net_sink comp="301" pin=0"/></net>

<net id="308"><net_src comp="259" pin="4"/><net_sink comp="305" pin=0"/></net>

<net id="313"><net_src comp="305" pin="1"/><net_sink comp="309" pin=0"/></net>

<net id="314"><net_src comp="305" pin="1"/><net_sink comp="309" pin=1"/></net>

<net id="320"><net_src comp="102" pin="0"/><net_sink comp="315" pin=0"/></net>

<net id="321"><net_src comp="104" pin="0"/><net_sink comp="315" pin=2"/></net>

<net id="325"><net_src comp="215" pin="1"/><net_sink comp="322" pin=0"/></net>

<net id="329"><net_src comp="322" pin="1"/><net_sink comp="326" pin=0"/></net>

<net id="334"><net_src comp="326" pin="1"/><net_sink comp="330" pin=0"/></net>

<net id="335"><net_src comp="326" pin="1"/><net_sink comp="330" pin=1"/></net>

<net id="339"><net_src comp="219" pin="4"/><net_sink comp="336" pin=0"/></net>

<net id="344"><net_src comp="336" pin="1"/><net_sink comp="340" pin=0"/></net>

<net id="345"><net_src comp="336" pin="1"/><net_sink comp="340" pin=1"/></net>

<net id="351"><net_src comp="102" pin="0"/><net_sink comp="346" pin=0"/></net>

<net id="352"><net_src comp="340" pin="2"/><net_sink comp="346" pin=1"/></net>

<net id="353"><net_src comp="104" pin="0"/><net_sink comp="346" pin=2"/></net>

<net id="357"><net_src comp="229" pin="4"/><net_sink comp="354" pin=0"/></net>

<net id="362"><net_src comp="354" pin="1"/><net_sink comp="358" pin=0"/></net>

<net id="363"><net_src comp="354" pin="1"/><net_sink comp="358" pin=1"/></net>

<net id="369"><net_src comp="102" pin="0"/><net_sink comp="364" pin=0"/></net>

<net id="370"><net_src comp="358" pin="2"/><net_sink comp="364" pin=1"/></net>

<net id="371"><net_src comp="104" pin="0"/><net_sink comp="364" pin=2"/></net>

<net id="375"><net_src comp="239" pin="4"/><net_sink comp="372" pin=0"/></net>

<net id="380"><net_src comp="372" pin="1"/><net_sink comp="376" pin=0"/></net>

<net id="381"><net_src comp="372" pin="1"/><net_sink comp="376" pin=1"/></net>

<net id="387"><net_src comp="102" pin="0"/><net_sink comp="382" pin=0"/></net>

<net id="388"><net_src comp="376" pin="2"/><net_sink comp="382" pin=1"/></net>

<net id="389"><net_src comp="104" pin="0"/><net_sink comp="382" pin=2"/></net>

<net id="393"><net_src comp="249" pin="4"/><net_sink comp="390" pin=0"/></net>

<net id="398"><net_src comp="390" pin="1"/><net_sink comp="394" pin=0"/></net>

<net id="399"><net_src comp="390" pin="1"/><net_sink comp="394" pin=1"/></net>

<net id="405"><net_src comp="102" pin="0"/><net_sink comp="400" pin=0"/></net>

<net id="406"><net_src comp="394" pin="2"/><net_sink comp="400" pin=1"/></net>

<net id="407"><net_src comp="104" pin="0"/><net_sink comp="400" pin=2"/></net>

<net id="411"><net_src comp="259" pin="4"/><net_sink comp="408" pin=0"/></net>

<net id="416"><net_src comp="408" pin="1"/><net_sink comp="412" pin=0"/></net>

<net id="417"><net_src comp="408" pin="1"/><net_sink comp="412" pin=1"/></net>

<net id="423"><net_src comp="102" pin="0"/><net_sink comp="418" pin=0"/></net>

<net id="424"><net_src comp="412" pin="2"/><net_sink comp="418" pin=1"/></net>

<net id="425"><net_src comp="104" pin="0"/><net_sink comp="418" pin=2"/></net>

<net id="429"><net_src comp="269" pin="4"/><net_sink comp="426" pin=0"/></net>

<net id="434"><net_src comp="426" pin="1"/><net_sink comp="430" pin=0"/></net>

<net id="435"><net_src comp="426" pin="1"/><net_sink comp="430" pin=1"/></net>

<net id="441"><net_src comp="102" pin="0"/><net_sink comp="436" pin=0"/></net>

<net id="442"><net_src comp="430" pin="2"/><net_sink comp="436" pin=1"/></net>

<net id="443"><net_src comp="104" pin="0"/><net_sink comp="436" pin=2"/></net>

<net id="447"><net_src comp="279" pin="4"/><net_sink comp="444" pin=0"/></net>

<net id="452"><net_src comp="444" pin="1"/><net_sink comp="448" pin=0"/></net>

<net id="453"><net_src comp="444" pin="1"/><net_sink comp="448" pin=1"/></net>

<net id="458"><net_src comp="448" pin="2"/><net_sink comp="454" pin=0"/></net>

<net id="464"><net_src comp="102" pin="0"/><net_sink comp="459" pin=0"/></net>

<net id="465"><net_src comp="448" pin="2"/><net_sink comp="459" pin=1"/></net>

<net id="466"><net_src comp="104" pin="0"/><net_sink comp="459" pin=2"/></net>

<net id="471"><net_src comp="418" pin="3"/><net_sink comp="467" pin=0"/></net>

<net id="472"><net_src comp="436" pin="3"/><net_sink comp="467" pin=1"/></net>

<net id="477"><net_src comp="400" pin="3"/><net_sink comp="473" pin=0"/></net>

<net id="478"><net_src comp="382" pin="3"/><net_sink comp="473" pin=1"/></net>

<net id="483"><net_src comp="364" pin="3"/><net_sink comp="479" pin=0"/></net>

<net id="484"><net_src comp="346" pin="3"/><net_sink comp="479" pin=1"/></net>

<net id="489"><net_src comp="315" pin="3"/><net_sink comp="485" pin=0"/></net>

<net id="490"><net_src comp="459" pin="3"/><net_sink comp="485" pin=1"/></net>

<net id="496"><net_src comp="112" pin="0"/><net_sink comp="491" pin=0"/></net>

<net id="497"><net_src comp="215" pin="1"/><net_sink comp="491" pin=1"/></net>

<net id="498"><net_src comp="491" pin="3"/><net_sink comp="181" pin=4"/></net>

<net id="502"><net_src comp="203" pin="1"/><net_sink comp="499" pin=0"/></net>

<net id="503"><net_src comp="499" pin="1"/><net_sink comp="174" pin=2"/></net>

<net id="511"><net_src comp="504" pin="1"/><net_sink comp="507" pin=0"/></net>

<net id="512"><net_src comp="504" pin="1"/><net_sink comp="507" pin=1"/></net>

<net id="518"><net_src comp="102" pin="0"/><net_sink comp="513" pin=0"/></net>

<net id="519"><net_src comp="507" pin="2"/><net_sink comp="513" pin=1"/></net>

<net id="520"><net_src comp="104" pin="0"/><net_sink comp="513" pin=2"/></net>

<net id="528"><net_src comp="521" pin="1"/><net_sink comp="524" pin=0"/></net>

<net id="529"><net_src comp="521" pin="1"/><net_sink comp="524" pin=1"/></net>

<net id="535"><net_src comp="102" pin="0"/><net_sink comp="530" pin=0"/></net>

<net id="536"><net_src comp="524" pin="2"/><net_sink comp="530" pin=1"/></net>

<net id="537"><net_src comp="104" pin="0"/><net_sink comp="530" pin=2"/></net>

<net id="545"><net_src comp="538" pin="1"/><net_sink comp="541" pin=0"/></net>

<net id="546"><net_src comp="538" pin="1"/><net_sink comp="541" pin=1"/></net>

<net id="552"><net_src comp="102" pin="0"/><net_sink comp="547" pin=0"/></net>

<net id="553"><net_src comp="541" pin="2"/><net_sink comp="547" pin=1"/></net>

<net id="554"><net_src comp="104" pin="0"/><net_sink comp="547" pin=2"/></net>

<net id="562"><net_src comp="555" pin="1"/><net_sink comp="558" pin=0"/></net>

<net id="563"><net_src comp="555" pin="1"/><net_sink comp="558" pin=1"/></net>

<net id="569"><net_src comp="102" pin="0"/><net_sink comp="564" pin=0"/></net>

<net id="570"><net_src comp="558" pin="2"/><net_sink comp="564" pin=1"/></net>

<net id="571"><net_src comp="104" pin="0"/><net_sink comp="564" pin=2"/></net>

<net id="579"><net_src comp="572" pin="1"/><net_sink comp="575" pin=0"/></net>

<net id="580"><net_src comp="572" pin="1"/><net_sink comp="575" pin=1"/></net>

<net id="586"><net_src comp="102" pin="0"/><net_sink comp="581" pin=0"/></net>

<net id="587"><net_src comp="575" pin="2"/><net_sink comp="581" pin=1"/></net>

<net id="588"><net_src comp="104" pin="0"/><net_sink comp="581" pin=2"/></net>

<net id="596"><net_src comp="589" pin="1"/><net_sink comp="592" pin=0"/></net>

<net id="597"><net_src comp="589" pin="1"/><net_sink comp="592" pin=1"/></net>

<net id="603"><net_src comp="102" pin="0"/><net_sink comp="598" pin=0"/></net>

<net id="604"><net_src comp="592" pin="2"/><net_sink comp="598" pin=1"/></net>

<net id="605"><net_src comp="104" pin="0"/><net_sink comp="598" pin=2"/></net>

<net id="613"><net_src comp="606" pin="1"/><net_sink comp="609" pin=0"/></net>

<net id="614"><net_src comp="606" pin="1"/><net_sink comp="609" pin=1"/></net>

<net id="620"><net_src comp="102" pin="0"/><net_sink comp="615" pin=0"/></net>

<net id="621"><net_src comp="609" pin="2"/><net_sink comp="615" pin=1"/></net>

<net id="622"><net_src comp="104" pin="0"/><net_sink comp="615" pin=2"/></net>

<net id="628"><net_src comp="102" pin="0"/><net_sink comp="623" pin=0"/></net>

<net id="629"><net_src comp="104" pin="0"/><net_sink comp="623" pin=2"/></net>

<net id="634"><net_src comp="623" pin="3"/><net_sink comp="630" pin=0"/></net>

<net id="635"><net_src comp="615" pin="3"/><net_sink comp="630" pin=1"/></net>

<net id="640"><net_src comp="630" pin="2"/><net_sink comp="636" pin=1"/></net>

<net id="645"><net_src comp="513" pin="3"/><net_sink comp="641" pin=0"/></net>

<net id="646"><net_src comp="547" pin="3"/><net_sink comp="641" pin=1"/></net>

<net id="651"><net_src comp="530" pin="3"/><net_sink comp="647" pin=0"/></net>

<net id="652"><net_src comp="581" pin="3"/><net_sink comp="647" pin=1"/></net>

<net id="657"><net_src comp="564" pin="3"/><net_sink comp="653" pin=0"/></net>

<net id="658"><net_src comp="598" pin="3"/><net_sink comp="653" pin=1"/></net>

<net id="663"><net_src comp="653" pin="2"/><net_sink comp="659" pin=1"/></net>

<net id="672"><net_src comp="664" pin="2"/><net_sink comp="668" pin=1"/></net>

<net id="681"><net_src comp="673" pin="2"/><net_sink comp="677" pin=1"/></net>

<net id="686"><net_src comp="677" pin="2"/><net_sink comp="682" pin=0"/></net>

<net id="687"><net_src comp="668" pin="2"/><net_sink comp="682" pin=1"/></net>

<net id="692"><net_src comp="191" pin="1"/><net_sink comp="688" pin=0"/></net>

<net id="693"><net_src comp="682" pin="2"/><net_sink comp="688" pin=1"/></net>

<net id="697"><net_src comp="124" pin="1"/><net_sink comp="694" pin=0"/></net>

<net id="698"><net_src comp="694" pin="1"/><net_sink comp="454" pin=1"/></net>

<net id="702"><net_src comp="289" pin="2"/><net_sink comp="699" pin=0"/></net>

<net id="706"><net_src comp="295" pin="2"/><net_sink comp="703" pin=0"/></net>

<net id="707"><net_src comp="703" pin="1"/><net_sink comp="207" pin=2"/></net>

<net id="711"><net_src comp="215" pin="1"/><net_sink comp="708" pin=0"/></net>

<net id="712"><net_src comp="708" pin="1"/><net_sink comp="491" pin=2"/></net>

<net id="716"><net_src comp="301" pin="1"/><net_sink comp="713" pin=0"/></net>

<net id="717"><net_src comp="713" pin="1"/><net_sink comp="504" pin=0"/></net>

<net id="721"><net_src comp="219" pin="4"/><net_sink comp="718" pin=0"/></net>

<net id="722"><net_src comp="718" pin="1"/><net_sink comp="521" pin=0"/></net>

<net id="726"><net_src comp="229" pin="4"/><net_sink comp="723" pin=0"/></net>

<net id="727"><net_src comp="723" pin="1"/><net_sink comp="538" pin=0"/></net>

<net id="731"><net_src comp="239" pin="4"/><net_sink comp="728" pin=0"/></net>

<net id="732"><net_src comp="728" pin="1"/><net_sink comp="555" pin=0"/></net>

<net id="736"><net_src comp="249" pin="4"/><net_sink comp="733" pin=0"/></net>

<net id="737"><net_src comp="733" pin="1"/><net_sink comp="572" pin=0"/></net>

<net id="741"><net_src comp="309" pin="2"/><net_sink comp="738" pin=0"/></net>

<net id="742"><net_src comp="738" pin="1"/><net_sink comp="315" pin=1"/></net>

<net id="746"><net_src comp="269" pin="4"/><net_sink comp="743" pin=0"/></net>

<net id="747"><net_src comp="743" pin="1"/><net_sink comp="589" pin=0"/></net>

<net id="751"><net_src comp="279" pin="4"/><net_sink comp="748" pin=0"/></net>

<net id="752"><net_src comp="748" pin="1"/><net_sink comp="606" pin=0"/></net>

<net id="756"><net_src comp="330" pin="2"/><net_sink comp="753" pin=0"/></net>

<net id="757"><net_src comp="753" pin="1"/><net_sink comp="623" pin=1"/></net>

<net id="761"><net_src comp="467" pin="2"/><net_sink comp="758" pin=0"/></net>

<net id="762"><net_src comp="758" pin="1"/><net_sink comp="664" pin=1"/></net>

<net id="766"><net_src comp="473" pin="2"/><net_sink comp="763" pin=0"/></net>

<net id="767"><net_src comp="763" pin="1"/><net_sink comp="664" pin=0"/></net>

<net id="771"><net_src comp="479" pin="2"/><net_sink comp="768" pin=0"/></net>

<net id="772"><net_src comp="768" pin="1"/><net_sink comp="636" pin=0"/></net>

<net id="776"><net_src comp="485" pin="2"/><net_sink comp="773" pin=0"/></net>

<net id="777"><net_src comp="773" pin="1"/><net_sink comp="659" pin=0"/></net>

<net id="781"><net_src comp="636" pin="2"/><net_sink comp="778" pin=0"/></net>

<net id="782"><net_src comp="778" pin="1"/><net_sink comp="668" pin=0"/></net>

<net id="786"><net_src comp="641" pin="2"/><net_sink comp="783" pin=0"/></net>

<net id="787"><net_src comp="783" pin="1"/><net_sink comp="673" pin=1"/></net>

<net id="791"><net_src comp="647" pin="2"/><net_sink comp="788" pin=0"/></net>

<net id="792"><net_src comp="788" pin="1"/><net_sink comp="673" pin=0"/></net>

<net id="796"><net_src comp="659" pin="2"/><net_sink comp="793" pin=0"/></net>

<net id="797"><net_src comp="793" pin="1"/><net_sink comp="677" pin=0"/></net>

<net id="801"><net_src comp="688" pin="2"/><net_sink comp="798" pin=0"/></net>

<net id="802"><net_src comp="798" pin="1"/><net_sink comp="195" pin=2"/></net>

</net_list>

</model> 
---------------- Datapath Model END ------------------

* FSMD analyzer results:
  - Output states:
	Port: x_pack_V | {4 }
	Port: n_out | {1 }
	Port: num_images_out | {1 }
 - Input state : 
	Port: load_and_calc_norm51 : in_stream_V_data_V | {2 3 }
	Port: load_and_calc_norm51 : in_stream_V_keep_V | {2 3 }
	Port: load_and_calc_norm51 : in_stream_V_strb_V | {2 3 }
	Port: load_and_calc_norm51 : in_stream_V_user_V | {2 3 }
	Port: load_and_calc_norm51 : in_stream_V_last_V | {2 3 }
	Port: load_and_calc_norm51 : in_stream_V_id_V | {2 3 }
	Port: load_and_calc_norm51 : in_stream_V_dest_V | {2 3 }
	Port: load_and_calc_norm51 : n | {1 }
	Port: load_and_calc_norm51 : num_images | {1 }
  - Chain level:
	State 1
	State 2
		exitcond1_i_i : 1
		g : 1
		StgValue_86 : 2
	State 3
		tmp_1 : 1
		p_Result_0_1_i_i : 1
		p_Result_0_2_i_i : 1
		p_Result_0_3_i_i : 1
		p_Result_0_4_i_i : 1
		p_Result_0_5_i_i : 1
		OP1_V_0_5_i_i : 2
		sq_V_6 : 3
		p_Result_0_6_i_i : 1
		p_Result_0_7_i_i : 1
	State 4
		tmp_2 : 1
		OP1_V_1_i_i : 2
		sq_V_9 : 3
		p_Result_1_1_i_i : 1
		OP1_V_1_1_i_i : 2
		sq_V_10 : 3
		tmp_9_1_1_i_i : 4
		p_Result_1_2_i_i : 1
		OP1_V_1_2_i_i : 2
		sq_V_11 : 3
		tmp_9_1_2_i_i : 4
		p_Result_1_3_i_i : 1
		OP1_V_1_3_i_i : 2
		sq_V_12 : 3
		tmp_9_1_3_i_i : 4
		p_Result_1_4_i_i : 1
		OP1_V_1_4_i_i : 2
		sq_V_13 : 3
		tmp_9_1_4_i_i : 4
		p_Result_1_5_i_i : 1
		OP1_V_1_5_i_i : 2
		sq_V_14 : 3
		tmp_9_1_5_i_i : 4
		p_Result_1_6_i_i : 1
		OP1_V_1_6_i_i : 2
		sq_V_15 : 3
		tmp_9_1_6_i_i : 4
		p_Result_1_7_i_i : 1
		OP1_V_1_7_i_i : 2
		sq_V_16 : 3
		StgValue_134 : 4
		StgValue_135 : 4
		tmp_9_1_7_i_i : 4
		tmp : 5
		tmp1 : 5
		tmp4 : 5
		tmp11 : 5
		p_Result_3_1_7_i_i : 1
		x_pack_V_addr : 1
		StgValue_144 : 2
	State 5
		sq_V_1 : 1
		tmp_9_0_i_i : 2
		sq_V_2 : 1
		tmp_9_0_1_i_i : 2
		sq_V_3 : 1
		tmp_9_0_2_i_i : 2
		sq_V_4 : 1
		tmp_9_0_3_i_i : 2
		sq_V_5 : 1
		tmp_9_0_4_i_i : 2
		sq_V_7 : 1
		tmp_9_0_6_i_i : 2
		sq_V_8 : 1
		tmp_9_0_7_i_i : 2
		tmp3 : 3
		tmp5 : 4
		tmp7 : 3
		tmp8 : 3
		tmp10 : 3
		tmp12 : 4
	State 6
		empty_29 : 1
		empty_30 : 1
		empty_31 : 1
		empty_32 : 1
		empty_33 : 1
		empty_34 : 1
		empty_35 : 1
		empty_36 : 1
		empty_38 : 1
		empty_39 : 1
		empty_40 : 1
		empty_41 : 1
		empty_42 : 1
		empty_43 : 1
		empty_44 : 1
		empty_45 : 1
		tmp6 : 1
		tmp13 : 1
		tmp_s : 2
		calculated_norm_V : 3
		empty_46 : 1
	State 7


============================================================
+ Verbose Summary: Datapath Resource usage 
============================================================

* Functional unit list:
|----------|-----------------------------|---------|---------|---------|
| Operation|       Functional Unit       |  DSP48E |    FF   |   LUT   |
|----------|-----------------------------|---------|---------|---------|
|          |        sq_V_6_fu_309        |    0    |    0    |    41   |
|          |        sq_V_9_fu_330        |    0    |    0    |    41   |
|          |        sq_V_10_fu_340       |    0    |    0    |    41   |
|          |        sq_V_11_fu_358       |    0    |    0    |    41   |
|          |        sq_V_12_fu_376       |    0    |    0    |    41   |
|          |        sq_V_13_fu_394       |    0    |    0    |    41   |
|          |        sq_V_14_fu_412       |    0    |    0    |    41   |
|    mul   |        sq_V_15_fu_430       |    0    |    0    |    41   |
|          |        sq_V_16_fu_448       |    0    |    0    |    41   |
|          |        sq_V_1_fu_507        |    0    |    0    |    41   |
|          |        sq_V_2_fu_524        |    0    |    0    |    41   |
|          |        sq_V_3_fu_541        |    0    |    0    |    41   |
|          |        sq_V_4_fu_558        |    0    |    0    |    41   |
|          |        sq_V_5_fu_575        |    0    |    0    |    41   |
|          |        sq_V_7_fu_592        |    0    |    0    |    41   |
|          |        sq_V_8_fu_609        |    0    |    0    |    41   |
|----------|-----------------------------|---------|---------|---------|
|          |           g_fu_295          |    0    |    0    |    15   |
|          |          tmp_fu_467         |    0    |    0    |    31   |
|          |         tmp1_fu_473         |    0    |    0    |    31   |
|          |         tmp4_fu_479         |    0    |    0    |    31   |
|          |         tmp11_fu_485        |    0    |    0    |    31   |
|          |         tmp3_fu_630         |    0    |    0    |    24   |
|          |         tmp5_fu_636         |    0    |    0    |    24   |
|          |         tmp7_fu_641         |    0    |    0    |    31   |
|    add   |         tmp8_fu_647         |    0    |    0    |    31   |
|          |         tmp10_fu_653        |    0    |    0    |    24   |
|          |         tmp12_fu_659        |    0    |    0    |    24   |
|          |         tmp2_fu_664         |    0    |    0    |    24   |
|          |         tmp6_fu_668         |    0    |    0    |    24   |
|          |         tmp9_fu_673         |    0    |    0    |    24   |
|          |         tmp13_fu_677        |    0    |    0    |    24   |
|          |         tmp_s_fu_682        |    0    |    0    |    24   |
|          |   calculated_norm_V_fu_688  |    0    |    0    |    24   |
|----------|-----------------------------|---------|---------|---------|
|   icmp   |     exitcond1_i_i_fu_289    |    0    |    0    |    11   |
|----------|-----------------------------|---------|---------|---------|
|          | num_images_read_read_fu_128 |    0    |    0    |    0    |
|   read   |      n_read_read_fu_134     |    0    |    0    |    0    |
|          |       grp_read_fu_156       |    0    |    0    |    0    |
|----------|-----------------------------|---------|---------|---------|
|   write  |   StgValue_68_write_fu_140  |    0    |    0    |    0    |
|          |   StgValue_70_write_fu_148  |    0    |    0    |    0    |
|----------|-----------------------------|---------|---------|---------|
|extractvalue|          grp_fu_215         |    0    |    0    |    0    |
|----------|-----------------------------|---------|---------|---------|
|          |          grp_fu_219         |    0    |    0    |    0    |
|          |          grp_fu_229         |    0    |    0    |    0    |
|          |          grp_fu_239         |    0    |    0    |    0    |
|partselect|          grp_fu_249         |    0    |    0    |    0    |
|          |          grp_fu_259         |    0    |    0    |    0    |
|          |          grp_fu_269         |    0    |    0    |    0    |
|          |          grp_fu_279         |    0    |    0    |    0    |
|----------|-----------------------------|---------|---------|---------|
|   trunc  |         tmp_1_fu_301        |    0    |    0    |    0    |
|          |         tmp_2_fu_322        |    0    |    0    |    0    |
|----------|-----------------------------|---------|---------|---------|
|          |     OP1_V_0_5_i_i_fu_305    |    0    |    0    |    0    |
|          |      OP1_V_1_i_i_fu_326     |    0    |    0    |    0    |
|          |     OP1_V_1_1_i_i_fu_336    |    0    |    0    |    0    |
|          |     OP1_V_1_2_i_i_fu_354    |    0    |    0    |    0    |
|          |     OP1_V_1_3_i_i_fu_372    |    0    |    0    |    0    |
|          |     OP1_V_1_4_i_i_fu_390    |    0    |    0    |    0    |
|          |     OP1_V_1_5_i_i_fu_408    |    0    |    0    |    0    |
|   sext   |     OP1_V_1_6_i_i_fu_426    |    0    |    0    |    0    |
|          |     OP1_V_1_7_i_i_fu_444    |    0    |    0    |    0    |
|          |      OP1_V_0_i_i_fu_504     |    0    |    0    |    0    |
|          |     OP1_V_0_1_i_i_fu_521    |    0    |    0    |    0    |
|          |     OP1_V_0_2_i_i_fu_538    |    0    |    0    |    0    |
|          |     OP1_V_0_3_i_i_fu_555    |    0    |    0    |    0    |
|          |     OP1_V_0_4_i_i_fu_572    |    0    |    0    |    0    |
|          |     OP1_V_0_6_i_i_fu_589    |    0    |    0    |    0    |
|          |     OP1_V_0_7_i_i_fu_606    |    0    |    0    |    0    |
|----------|-----------------------------|---------|---------|---------|
|          |     tmp_9_0_5_i_i_fu_315    |    0    |    0    |    0    |
|          |     tmp_9_1_1_i_i_fu_346    |    0    |    0    |    0    |
|          |     tmp_9_1_2_i_i_fu_364    |    0    |    0    |    0    |
|          |     tmp_9_1_3_i_i_fu_382    |    0    |    0    |    0    |
|          |     tmp_9_1_4_i_i_fu_400    |    0    |    0    |    0    |
|          |     tmp_9_1_5_i_i_fu_418    |    0    |    0    |    0    |
|          |     tmp_9_1_6_i_i_fu_436    |    0    |    0    |    0    |
|          |     tmp_9_1_7_i_i_fu_459    |    0    |    0    |    0    |
|bitconcatenate|  p_Result_3_1_7_i_i_fu_491  |    0    |    0    |    0    |
|          |      tmp_9_0_i_i_fu_513     |    0    |    0    |    0    |
|          |     tmp_9_0_1_i_i_fu_530    |    0    |    0    |    0    |
|          |     tmp_9_0_2_i_i_fu_547    |    0    |    0    |    0    |
|          |     tmp_9_0_3_i_i_fu_564    |    0    |    0    |    0    |
|          |     tmp_9_0_4_i_i_fu_581    |    0    |    0    |    0    |
|          |     tmp_9_0_6_i_i_fu_598    |    0    |    0    |    0    |
|          |     tmp_9_0_7_i_i_fu_615    |    0    |    0    |    0    |
|          |      tmp_9_1_i_i_fu_623     |    0    |    0    |    0    |
|----------|-----------------------------|---------|---------|---------|
|   zext   |        tmp_i_i_fu_499       |    0    |    0    |    0    |
|----------|-----------------------------|---------|---------|---------|
|   Total  |                             |    0    |    0    |   1108  |
|----------|-----------------------------|---------|---------|---------|

Memories:
N/A

* Register list:
+----------------------------+--------+
|                            |   FF   |
+----------------------------+--------+
|agg_result_V_write_a_reg_191|   24   |
|  calculated_norm_V_reg_798 |   24   |
|    exitcond1_i_i_reg_699   |    1   |
|        g_i_i_reg_203       |    5   |
|          g_reg_703         |    5   |
|  p_Result_0_1_i_i_reg_718  |    8   |
|  p_Result_0_2_i_i_reg_723  |    8   |
|  p_Result_0_3_i_i_reg_728  |    8   |
|  p_Result_0_4_i_i_reg_733  |    8   |
|  p_Result_0_6_i_i_reg_743  |    8   |
|  p_Result_0_7_i_i_reg_748  |    8   |
|       sq_V_6_reg_738       |   16   |
|       sq_V_9_reg_753       |   16   |
|        sq_V_reg_694        |   16   |
|        tmp11_reg_773       |   24   |
|        tmp12_reg_793       |   24   |
|        tmp1_reg_763        |   24   |
|        tmp4_reg_768        |   24   |
|        tmp5_reg_778        |   24   |
|        tmp7_reg_783        |   24   |
|        tmp8_reg_788        |   24   |
|        tmp_1_reg_713       |    8   |
|     tmp_data_V_reg_708     |   64   |
|         tmp_reg_758        |   24   |
+----------------------------+--------+
|            Total           |   419  |
+----------------------------+--------+

* Multiplexer (MUX) list: 
|------------------------------|------|------|------|--------||---------||---------|
|             Comp             |  Pin | Size |  BW  | S x BW ||  Delay  ||   LUT   |
|------------------------------|------|------|------|--------||---------||---------|
| agg_result_V_write_a_reg_191 |  p0  |   2  |  24  |   48   ||    9    |
|         g_i_i_reg_203        |  p0  |   2  |   5  |   10   ||    9    |
|------------------------------|------|------|------|--------||---------||---------|
|             Total            |      |      |      |   58   ||  3.538  ||    18   |
|------------------------------|------|------|------|--------||---------||---------|



* Summary:
+-----------+--------+--------+--------+--------+
|           | DSP48E |  Delay |   FF   |   LUT  |
+-----------+--------+--------+--------+--------+
|  Function |    0   |    -   |    0   |  1108  |
|   Memory  |    -   |    -   |    -   |    -   |
|Multiplexer|    -   |    3   |    -   |   18   |
|  Register |    -   |    -   |   419  |    -   |
+-----------+--------+--------+--------+--------+
|   Total   |    0   |    3   |   419  |  1126  |
+-----------+--------+--------+--------+--------+
