

================================================================
== Vivado HLS Report for 'load_and_calc_norm53'
================================================================
* Date:           Wed Mar  4 18:28:51 2026

* Version:        2018.2 (Build 2258646 on Thu Jun 14 20:25:20 MDT 2018)
* Project:        MathieuHelpMe
* Solution:       solution1
* Product family: zynq
* Target device:  xc7z020clg484-1


================================================================
== Performance Estimates
================================================================
+ Timing (ns): 
    * Summary: 
    +--------+-------+----------+------------+
    |  Clock | Target| Estimated| Uncertainty|
    +--------+-------+----------+------------+
    |ap_clk  |  10.00|     8.274|        1.25|
    +--------+-------+----------+------------+

+ Latency (clock cycles): 
    * Summary: 
    +-----+-----+-----+-----+---------+
    |  Latency  |  Interval | Pipeline|
    | min | max | min | max |   Type  |
    +-----+-----+-----+-----+---------+
    |  101|  101|  101|  101|   none  |
    +-----+-----+-----+-----+---------+

    + Detail: 
        * Instance: 
        N/A

        * Loop: 
        +----------+-----+-----+----------+-----------+-----------+------+----------+
        |          |  Latency  | Iteration|  Initiation Interval  | Trip |          |
        | Loop Name| min | max |  Latency |  achieved |   target  | Count| Pipelined|
        +----------+-----+-----+----------+-----------+-----------+------+----------+
        |- Loop 1  |   99|   99|         3|          1|          1|    98|    yes   |
        +----------+-----+-----+----------+-----------+-----------+------+----------+



================================================================
== Utilization Estimates
================================================================
* Summary: 
+-----------------+---------+-------+--------+-------+
|       Name      | BRAM_18K| DSP48E|   FF   |  LUT  |
+-----------------+---------+-------+--------+-------+
|DSP              |        -|      -|       -|      -|
|Expression       |        -|      0|       0|    630|
|FIFO             |        -|      -|       -|      -|
|Instance         |        -|      -|       -|      -|
|Memory           |        -|      -|       -|      -|
|Multiplexer      |        -|      -|       -|    132|
|Register         |        -|      -|     277|      -|
+-----------------+---------+-------+--------+-------+
|Total            |        0|      0|     277|    762|
+-----------------+---------+-------+--------+-------+
|Available        |      280|    220|  106400|  53200|
+-----------------+---------+-------+--------+-------+
|Utilization (%)  |        0|      0|   ~0   |      1|
+-----------------+---------+-------+--------+-------+

+ Detail: 
    * Instance: 
    N/A

    * DSP48: 
    N/A

    * Memory: 
    N/A

    * FIFO: 
    N/A

    * Expression: 
    +-------------------------------------+----------+-------+---+----+------------+------------+
    |            Variable Name            | Operation| DSP48E| FF| LUT| Bitwidth P0| Bitwidth P1|
    +-------------------------------------+----------+-------+---+----+------------+------------+
    |r_V_1_i_i_fu_508_p2                  |     *    |      0|  0|  41|           8|           8|
    |r_V_2_i_i_fu_538_p2                  |     *    |      0|  0|  41|           8|           8|
    |r_V_3_i_i_fu_560_p2                  |     *    |      0|  0|  41|           8|           8|
    |r_V_4_i_i_fu_582_p2                  |     *    |      0|  0|  41|           8|           8|
    |r_V_5_i_i_fu_612_p2                  |     *    |      0|  0|  41|           8|           8|
    |r_V_6_i_i_fu_642_p2                  |     *    |      0|  0|  41|           8|           8|
    |r_V_7_i_i_fu_664_p2                  |     *    |      0|  0|  41|           8|           8|
    |r_V_i_i_fu_478_p2                    |     *    |      0|  0|  41|           8|           8|
    |i_fu_425_p2                          |     +    |      0|  0|  15|           7|           1|
    |p_Val2_4_7_i_i_fu_738_p2             |     +    |      0|  0|  32|          24|          24|
    |tmp1_fu_670_p2                       |     +    |      0|  0|  31|          24|          24|
    |tmp2_fu_710_p2                       |     +    |      0|  0|  32|          24|          24|
    |tmp3_fu_727_p2                       |     +    |      0|  0|  32|          24|          24|
    |tmp4_fu_676_p2                       |     +    |      0|  0|  31|          24|          24|
    |tmp5_fu_721_p2                       |     +    |      0|  0|  32|          24|          24|
    |tmp_1_fu_732_p2                      |     +    |      0|  0|  32|          24|          24|
    |tmp_fu_716_p2                        |     +    |      0|  0|  32|          24|          24|
    |ap_block_pp0_stage0_11001            |    and   |      0|  0|   2|           1|           1|
    |ap_block_state3_pp0_stage0_iter1     |    and   |      0|  0|   2|           1|           1|
    |in_stream_V_data_V_0_load_A          |    and   |      0|  0|   2|           1|           1|
    |in_stream_V_data_V_0_load_B          |    and   |      0|  0|   2|           1|           1|
    |exitcond1_i_i_fu_419_p2              |   icmp   |      0|  0|  11|           7|           6|
    |in_stream_V_data_V_0_state_cmp_full  |   icmp   |      0|  0|   8|           2|           1|
    |ap_block_state1                      |    or    |      0|  0|   2|           1|           1|
    |ap_enable_pp0                        |    xor   |      0|  0|   2|           1|           2|
    |ap_enable_reg_pp0_iter1              |    xor   |      0|  0|   2|           2|           1|
    +-------------------------------------+----------+-------+---+----+------------+------------+
    |Total                                |          |      0|  0| 630|         280|         272|
    +-------------------------------------+----------+-------+---+----+------------+------------+

    * Multiplexer: 
    +-------------------------------+----+-----------+-----+-----------+
    |              Name             | LUT| Input Size| Bits| Total Bits|
    +-------------------------------+----+-----------+-----+-----------+
    |ap_NS_fsm                      |  21|          4|    1|          4|
    |ap_done                        |   9|          2|    1|          2|
    |ap_enable_reg_pp0_iter1        |   9|          2|    1|          2|
    |ap_enable_reg_pp0_iter2        |   9|          2|    1|          2|
    |calculated_norm_V_reg_396      |   9|          2|   24|         48|
    |i_i_i_reg_408                  |   9|          2|    7|         14|
    |in_stream_TDATA_blk_n          |   9|          2|    1|          2|
    |in_stream_V_data_V_0_data_out  |   9|          2|   64|        128|
    |in_stream_V_data_V_0_state     |  15|          3|    2|          6|
    |in_stream_V_dest_V_0_state     |  15|          3|    2|          6|
    |n_out_blk_n                    |   9|          2|    1|          2|
    |num_images_out_blk_n           |   9|          2|    1|          2|
    +-------------------------------+----+-----------+-----+-----------+
    |Total                          | 132|         28|  106|        218|
    +-------------------------------+----+-----------+-----+-----------+

    * Register: 
    +-------------------------------------+----+----+-----+-----------+
    |                 Name                | FF | LUT| Bits| Const Bits|
    +-------------------------------------+----+----+-----+-----------+
    |ap_CS_fsm                            |   3|   0|    3|          0|
    |ap_done_reg                          |   1|   0|    1|          0|
    |ap_enable_reg_pp0_iter0              |   1|   0|    1|          0|
    |ap_enable_reg_pp0_iter1              |   1|   0|    1|          0|
    |ap_enable_reg_pp0_iter2              |   1|   0|    1|          0|
    |calculated_norm_V_reg_396            |  24|   0|   24|          0|
    |exitcond1_i_i_reg_744                |   1|   0|    1|          0|
    |exitcond1_i_i_reg_744_pp0_iter1_reg  |   1|   0|    1|          0|
    |i_i_i_reg_408                        |   7|   0|    7|          0|
    |in_stream_V_data_V_0_payload_A       |  64|   0|   64|          0|
    |in_stream_V_data_V_0_payload_B       |  64|   0|   64|          0|
    |in_stream_V_data_V_0_sel_rd          |   1|   0|    1|          0|
    |in_stream_V_data_V_0_sel_wr          |   1|   0|    1|          0|
    |in_stream_V_data_V_0_state           |   2|   0|    2|          0|
    |in_stream_V_dest_V_0_state           |   2|   0|    2|          0|
    |r_V_2_i_i_reg_762                    |  16|   0|   16|          0|
    |r_V_3_i_i_reg_767                    |  16|   0|   16|          0|
    |r_V_6_i_i_reg_772                    |  16|   0|   16|          0|
    |r_V_7_i_i_reg_777                    |  16|   0|   16|          0|
    |tmp1_reg_782                         |  16|   0|   24|          8|
    |tmp4_reg_787                         |  16|   0|   24|          8|
    |tmp_2_cast_i_i_reg_757               |   6|   0|    6|          0|
    |tmp_2_reg_753                        |   1|   0|    1|          0|
    +-------------------------------------+----+----+-----+-----------+
    |Total                                | 277|   0|  293|         16|
    +-------------------------------------+----+----+-----+-----------+



================================================================
== Interface
================================================================
* Summary: 
+-----------------------+-----+-----+------------+----------------------+--------------+
|       RTL Ports       | Dir | Bits|  Protocol  |     Source Object    |    C Type    |
+-----------------------+-----+-----+------------+----------------------+--------------+
|ap_clk                 |  in |    1| ap_ctrl_hs | load_and_calc_norm53 | return value |
|ap_rst                 |  in |    1| ap_ctrl_hs | load_and_calc_norm53 | return value |
|ap_start               |  in |    1| ap_ctrl_hs | load_and_calc_norm53 | return value |
|ap_done                | out |    1| ap_ctrl_hs | load_and_calc_norm53 | return value |
|ap_continue            |  in |    1| ap_ctrl_hs | load_and_calc_norm53 | return value |
|ap_idle                | out |    1| ap_ctrl_hs | load_and_calc_norm53 | return value |
|ap_ready               | out |    1| ap_ctrl_hs | load_and_calc_norm53 | return value |
|ap_return              | out |   24| ap_ctrl_hs | load_and_calc_norm53 | return value |
|in_stream_TDATA        |  in |   64|    axis    |  in_stream_V_data_V  |    pointer   |
|in_stream_TVALID       |  in |    1|    axis    |  in_stream_V_dest_V  |    pointer   |
|in_stream_TREADY       | out |    1|    axis    |  in_stream_V_dest_V  |    pointer   |
|in_stream_TDEST        |  in |    1|    axis    |  in_stream_V_dest_V  |    pointer   |
|in_stream_TKEEP        |  in |    8|    axis    |  in_stream_V_keep_V  |    pointer   |
|in_stream_TSTRB        |  in |    8|    axis    |  in_stream_V_strb_V  |    pointer   |
|in_stream_TUSER        |  in |    1|    axis    |  in_stream_V_user_V  |    pointer   |
|in_stream_TLAST        |  in |    1|    axis    |  in_stream_V_last_V  |    pointer   |
|in_stream_TID          |  in |    1|    axis    |   in_stream_V_id_V   |    pointer   |
|x_local_0_V_address0   | out |    6|  ap_memory |      x_local_0_V     |     array    |
|x_local_0_V_ce0        | out |    1|  ap_memory |      x_local_0_V     |     array    |
|x_local_0_V_we0        | out |    1|  ap_memory |      x_local_0_V     |     array    |
|x_local_0_V_d0         | out |    8|  ap_memory |      x_local_0_V     |     array    |
|x_local_1_V_address0   | out |    6|  ap_memory |      x_local_1_V     |     array    |
|x_local_1_V_ce0        | out |    1|  ap_memory |      x_local_1_V     |     array    |
|x_local_1_V_we0        | out |    1|  ap_memory |      x_local_1_V     |     array    |
|x_local_1_V_d0         | out |    8|  ap_memory |      x_local_1_V     |     array    |
|x_local_2_V_address0   | out |    6|  ap_memory |      x_local_2_V     |     array    |
|x_local_2_V_ce0        | out |    1|  ap_memory |      x_local_2_V     |     array    |
|x_local_2_V_we0        | out |    1|  ap_memory |      x_local_2_V     |     array    |
|x_local_2_V_d0         | out |    8|  ap_memory |      x_local_2_V     |     array    |
|x_local_3_V_address0   | out |    6|  ap_memory |      x_local_3_V     |     array    |
|x_local_3_V_ce0        | out |    1|  ap_memory |      x_local_3_V     |     array    |
|x_local_3_V_we0        | out |    1|  ap_memory |      x_local_3_V     |     array    |
|x_local_3_V_d0         | out |    8|  ap_memory |      x_local_3_V     |     array    |
|x_local_4_V_address0   | out |    6|  ap_memory |      x_local_4_V     |     array    |
|x_local_4_V_ce0        | out |    1|  ap_memory |      x_local_4_V     |     array    |
|x_local_4_V_we0        | out |    1|  ap_memory |      x_local_4_V     |     array    |
|x_local_4_V_d0         | out |    8|  ap_memory |      x_local_4_V     |     array    |
|x_local_5_V_address0   | out |    6|  ap_memory |      x_local_5_V     |     array    |
|x_local_5_V_ce0        | out |    1|  ap_memory |      x_local_5_V     |     array    |
|x_local_5_V_we0        | out |    1|  ap_memory |      x_local_5_V     |     array    |
|x_local_5_V_d0         | out |    8|  ap_memory |      x_local_5_V     |     array    |
|x_local_6_V_address0   | out |    6|  ap_memory |      x_local_6_V     |     array    |
|x_local_6_V_ce0        | out |    1|  ap_memory |      x_local_6_V     |     array    |
|x_local_6_V_we0        | out |    1|  ap_memory |      x_local_6_V     |     array    |
|x_local_6_V_d0         | out |    8|  ap_memory |      x_local_6_V     |     array    |
|x_local_7_V_address0   | out |    6|  ap_memory |      x_local_7_V     |     array    |
|x_local_7_V_ce0        | out |    1|  ap_memory |      x_local_7_V     |     array    |
|x_local_7_V_we0        | out |    1|  ap_memory |      x_local_7_V     |     array    |
|x_local_7_V_d0         | out |    8|  ap_memory |      x_local_7_V     |     array    |
|x_local_8_V_address0   | out |    6|  ap_memory |      x_local_8_V     |     array    |
|x_local_8_V_ce0        | out |    1|  ap_memory |      x_local_8_V     |     array    |
|x_local_8_V_we0        | out |    1|  ap_memory |      x_local_8_V     |     array    |
|x_local_8_V_d0         | out |    8|  ap_memory |      x_local_8_V     |     array    |
|x_local_9_V_address0   | out |    6|  ap_memory |      x_local_9_V     |     array    |
|x_local_9_V_ce0        | out |    1|  ap_memory |      x_local_9_V     |     array    |
|x_local_9_V_we0        | out |    1|  ap_memory |      x_local_9_V     |     array    |
|x_local_9_V_d0         | out |    8|  ap_memory |      x_local_9_V     |     array    |
|x_local_10_V_address0  | out |    6|  ap_memory |     x_local_10_V     |     array    |
|x_local_10_V_ce0       | out |    1|  ap_memory |     x_local_10_V     |     array    |
|x_local_10_V_we0       | out |    1|  ap_memory |     x_local_10_V     |     array    |
|x_local_10_V_d0        | out |    8|  ap_memory |     x_local_10_V     |     array    |
|x_local_11_V_address0  | out |    6|  ap_memory |     x_local_11_V     |     array    |
|x_local_11_V_ce0       | out |    1|  ap_memory |     x_local_11_V     |     array    |
|x_local_11_V_we0       | out |    1|  ap_memory |     x_local_11_V     |     array    |
|x_local_11_V_d0        | out |    8|  ap_memory |     x_local_11_V     |     array    |
|x_local_12_V_address0  | out |    6|  ap_memory |     x_local_12_V     |     array    |
|x_local_12_V_ce0       | out |    1|  ap_memory |     x_local_12_V     |     array    |
|x_local_12_V_we0       | out |    1|  ap_memory |     x_local_12_V     |     array    |
|x_local_12_V_d0        | out |    8|  ap_memory |     x_local_12_V     |     array    |
|x_local_13_V_address0  | out |    6|  ap_memory |     x_local_13_V     |     array    |
|x_local_13_V_ce0       | out |    1|  ap_memory |     x_local_13_V     |     array    |
|x_local_13_V_we0       | out |    1|  ap_memory |     x_local_13_V     |     array    |
|x_local_13_V_d0        | out |    8|  ap_memory |     x_local_13_V     |     array    |
|x_local_14_V_address0  | out |    6|  ap_memory |     x_local_14_V     |     array    |
|x_local_14_V_ce0       | out |    1|  ap_memory |     x_local_14_V     |     array    |
|x_local_14_V_we0       | out |    1|  ap_memory |     x_local_14_V     |     array    |
|x_local_14_V_d0        | out |    8|  ap_memory |     x_local_14_V     |     array    |
|x_local_15_V_address0  | out |    6|  ap_memory |     x_local_15_V     |     array    |
|x_local_15_V_ce0       | out |    1|  ap_memory |     x_local_15_V     |     array    |
|x_local_15_V_we0       | out |    1|  ap_memory |     x_local_15_V     |     array    |
|x_local_15_V_d0        | out |    8|  ap_memory |     x_local_15_V     |     array    |
|n                      |  in |   31|   ap_none  |           n          |    scalar    |
|num_images             |  in |   32|   ap_none  |      num_images      |    scalar    |
|n_out_din              | out |   31|   ap_fifo  |         n_out        |    pointer   |
|n_out_full_n           |  in |    1|   ap_fifo  |         n_out        |    pointer   |
|n_out_write            | out |    1|   ap_fifo  |         n_out        |    pointer   |
|num_images_out_din     | out |   32|   ap_fifo  |    num_images_out    |    pointer   |
|num_images_out_full_n  |  in |    1|   ap_fifo  |    num_images_out    |    pointer   |
|num_images_out_write   | out |    1|   ap_fifo  |    num_images_out    |    pointer   |
+-----------------------+-----+-----+------------+----------------------+--------------+

============================================================
+ Verbose Summary: Synthesis Manager
============================================================
InlineROM: 1
ExposeGlobal: 0
============================================================
+ Verbose Summary: CDFG Model
============================================================
IsTopModel: 0
ResetActiveHigh: 1
IsCombinational: 2
IsDatapathOnly: 0
HasWiredReturn: 1
HasMFsm: 0
HasVarLatency: 1
IsPipeline: 0
IsRtlPipelined: 0
IsInstanceOverlapped: 0
IsDontTouch: 0
HasImplIP: 0
IsGatedGlobalClock: 0

+ Individual pipeline summary: 
  * Pipeline-0: initiation interval (II) = 1, depth = 3


============================================================
+ Verbose Summary: Schedule
============================================================
* Number of FSM states : 5
* Pipeline : 1
  Pipeline-0 : II = 1, D = 3, States = { 2 3 4 }
* Dataflow Pipeline: 0

* FSM state transitions: 
1 --> 
	2  / true
2 --> 
	5  / (exitcond1_i_i)
	3  / (!exitcond1_i_i)
3 --> 
	4  / true
4 --> 
	2  / true
5 --> 

* FSM state operations: 

State 1 <SV = 0> <Delay = 3.63>
ST_1 : Operation 6 [1/1] (0.00ns)   --->   "%num_images_read = call i32 @_ssdm_op_Read.ap_auto.i32(i32 %num_images)"   --->   Operation 6 'read' 'num_images_read' <Predicate = true> <Delay = 0.00>
ST_1 : Operation 7 [1/1] (0.00ns)   --->   "%n_read = call i31 @_ssdm_op_Read.ap_auto.i31(i31 %n)"   --->   Operation 7 'read' 'n_read' <Predicate = true> <Delay = 0.00>
ST_1 : Operation 8 [1/1] (0.00ns)   --->   "call void (...)* @_ssdm_op_SpecInterface(i64* %in_stream_V_data_V, i8* %in_stream_V_keep_V, i8* %in_stream_V_strb_V, i1* %in_stream_V_user_V, i1* %in_stream_V_last_V, i1* %in_stream_V_id_V, i1* %in_stream_V_dest_V, [5 x i8]* @p_str26, i32 1, i32 1, [5 x i8]* @p_str27, i32 0, i32 0, [1 x i8]* @p_str2, [1 x i8]* @p_str2, [1 x i8]* @p_str2, i32 0, i32 0, i32 0, i32 0, [1 x i8]* @p_str2, [1 x i8]* @p_str2) nounwind"   --->   Operation 8 'specinterface' <Predicate = true> <Delay = 0.00>
ST_1 : Operation 9 [1/1] (0.00ns)   --->   "call void (...)* @_ssdm_op_SpecInterface(i64* %in_stream_V_data_V, i8* %in_stream_V_keep_V, i8* %in_stream_V_strb_V, i1* %in_stream_V_user_V, i1* %in_stream_V_last_V, i1* %in_stream_V_id_V, i1* %in_stream_V_dest_V, [5 x i8]* @p_str26, i32 1, i32 1, [5 x i8]* @p_str27, i32 0, i32 0, [1 x i8]* @p_str2, [1 x i8]* @p_str2, [1 x i8]* @p_str2, i32 0, i32 0, i32 0, i32 0, [1 x i8]* @p_str2, [1 x i8]* @p_str2) nounwind"   --->   Operation 9 'specinterface' <Predicate = true> <Delay = 0.00>
ST_1 : Operation 10 [1/1] (0.00ns)   --->   "call void (...)* @_ssdm_op_SpecInterface(i64* %in_stream_V_data_V, i8* %in_stream_V_keep_V, i8* %in_stream_V_strb_V, i1* %in_stream_V_user_V, i1* %in_stream_V_last_V, i1* %in_stream_V_id_V, i1* %in_stream_V_dest_V, [5 x i8]* @p_str26, i32 1, i32 1, [5 x i8]* @p_str27, i32 0, i32 0, [1 x i8]* @p_str2, [1 x i8]* @p_str2, [1 x i8]* @p_str2, i32 0, i32 0, i32 0, i32 0, [1 x i8]* @p_str2, [1 x i8]* @p_str2) nounwind"   --->   Operation 10 'specinterface' <Predicate = true> <Delay = 0.00>
ST_1 : Operation 11 [1/1] (0.00ns)   --->   "call void (...)* @_ssdm_op_SpecInterface(i64* %in_stream_V_data_V, i8* %in_stream_V_keep_V, i8* %in_stream_V_strb_V, i1* %in_stream_V_user_V, i1* %in_stream_V_last_V, i1* %in_stream_V_id_V, i1* %in_stream_V_dest_V, [5 x i8]* @p_str26, i32 1, i32 1, [5 x i8]* @p_str27, i32 0, i32 0, [1 x i8]* @p_str2, [1 x i8]* @p_str2, [1 x i8]* @p_str2, i32 0, i32 0, i32 0, i32 0, [1 x i8]* @p_str2, [1 x i8]* @p_str2) nounwind"   --->   Operation 11 'specinterface' <Predicate = true> <Delay = 0.00>
ST_1 : Operation 12 [1/1] (0.00ns)   --->   "call void (...)* @_ssdm_op_SpecInterface(i64* %in_stream_V_data_V, i8* %in_stream_V_keep_V, i8* %in_stream_V_strb_V, i1* %in_stream_V_user_V, i1* %in_stream_V_last_V, i1* %in_stream_V_id_V, i1* %in_stream_V_dest_V, [5 x i8]* @p_str26, i32 1, i32 1, [5 x i8]* @p_str27, i32 0, i32 0, [1 x i8]* @p_str2, [1 x i8]* @p_str2, [1 x i8]* @p_str2, i32 0, i32 0, i32 0, i32 0, [1 x i8]* @p_str2, [1 x i8]* @p_str2) nounwind"   --->   Operation 12 'specinterface' <Predicate = true> <Delay = 0.00>
ST_1 : Operation 13 [1/1] (0.00ns)   --->   "call void (...)* @_ssdm_op_SpecInterface(i64* %in_stream_V_data_V, i8* %in_stream_V_keep_V, i8* %in_stream_V_strb_V, i1* %in_stream_V_user_V, i1* %in_stream_V_last_V, i1* %in_stream_V_id_V, i1* %in_stream_V_dest_V, [5 x i8]* @p_str26, i32 1, i32 1, [5 x i8]* @p_str27, i32 0, i32 0, [1 x i8]* @p_str2, [1 x i8]* @p_str2, [1 x i8]* @p_str2, i32 0, i32 0, i32 0, i32 0, [1 x i8]* @p_str2, [1 x i8]* @p_str2) nounwind"   --->   Operation 13 'specinterface' <Predicate = true> <Delay = 0.00>
ST_1 : Operation 14 [1/1] (0.00ns)   --->   "call void (...)* @_ssdm_op_SpecInterface(i64* %in_stream_V_data_V, i8* %in_stream_V_keep_V, i8* %in_stream_V_strb_V, i1* %in_stream_V_user_V, i1* %in_stream_V_last_V, i1* %in_stream_V_id_V, i1* %in_stream_V_dest_V, [5 x i8]* @p_str26, i32 1, i32 1, [5 x i8]* @p_str27, i32 0, i32 0, [1 x i8]* @p_str2, [1 x i8]* @p_str2, [1 x i8]* @p_str2, i32 0, i32 0, i32 0, i32 0, [1 x i8]* @p_str2, [1 x i8]* @p_str2) nounwind"   --->   Operation 14 'specinterface' <Predicate = true> <Delay = 0.00>
ST_1 : Operation 15 [1/1] (0.00ns)   --->   "call void (...)* @_ssdm_op_SpecInterface(i64* %in_stream_V_data_V, i8* %in_stream_V_keep_V, i8* %in_stream_V_strb_V, i1* %in_stream_V_user_V, i1* %in_stream_V_last_V, i1* %in_stream_V_id_V, i1* %in_stream_V_dest_V, [5 x i8]* @p_str26, i32 1, i32 1, [5 x i8]* @p_str27, i32 0, i32 0, [1 x i8]* @p_str2, [1 x i8]* @p_str2, [1 x i8]* @p_str2, i32 0, i32 0, i32 0, i32 0, [1 x i8]* @p_str2, [1 x i8]* @p_str2) nounwind"   --->   Operation 15 'specinterface' <Predicate = true> <Delay = 0.00>
ST_1 : Operation 16 [1/1] (0.00ns)   --->   "call void (...)* @_ssdm_op_SpecInterface(i64* %in_stream_V_data_V, i8* %in_stream_V_keep_V, i8* %in_stream_V_strb_V, i1* %in_stream_V_user_V, i1* %in_stream_V_last_V, i1* %in_stream_V_id_V, i1* %in_stream_V_dest_V, [5 x i8]* @p_str26, i32 1, i32 1, [5 x i8]* @p_str27, i32 0, i32 0, [1 x i8]* @p_str2, [1 x i8]* @p_str2, [1 x i8]* @p_str2, i32 0, i32 0, i32 0, i32 0, [1 x i8]* @p_str2, [1 x i8]* @p_str2) nounwind"   --->   Operation 16 'specinterface' <Predicate = true> <Delay = 0.00>
ST_1 : Operation 17 [1/1] (0.00ns)   --->   "call void (...)* @_ssdm_op_SpecInterface(i64* %in_stream_V_data_V, i8* %in_stream_V_keep_V, i8* %in_stream_V_strb_V, i1* %in_stream_V_user_V, i1* %in_stream_V_last_V, i1* %in_stream_V_id_V, i1* %in_stream_V_dest_V, [5 x i8]* @p_str26, i32 1, i32 1, [5 x i8]* @p_str27, i32 0, i32 0, [1 x i8]* @p_str2, [1 x i8]* @p_str2, [1 x i8]* @p_str2, i32 0, i32 0, i32 0, i32 0, [1 x i8]* @p_str2, [1 x i8]* @p_str2) nounwind"   --->   Operation 17 'specinterface' <Predicate = true> <Delay = 0.00>
ST_1 : Operation 18 [1/1] (0.00ns)   --->   "call void (...)* @_ssdm_op_SpecInterface(i64* %in_stream_V_data_V, i8* %in_stream_V_keep_V, i8* %in_stream_V_strb_V, i1* %in_stream_V_user_V, i1* %in_stream_V_last_V, i1* %in_stream_V_id_V, i1* %in_stream_V_dest_V, [5 x i8]* @p_str26, i32 1, i32 1, [5 x i8]* @p_str27, i32 0, i32 0, [1 x i8]* @p_str2, [1 x i8]* @p_str2, [1 x i8]* @p_str2, i32 0, i32 0, i32 0, i32 0, [1 x i8]* @p_str2, [1 x i8]* @p_str2) nounwind"   --->   Operation 18 'specinterface' <Predicate = true> <Delay = 0.00>
ST_1 : Operation 19 [1/1] (0.00ns)   --->   "call void (...)* @_ssdm_op_SpecInterface(i64* %in_stream_V_data_V, i8* %in_stream_V_keep_V, i8* %in_stream_V_strb_V, i1* %in_stream_V_user_V, i1* %in_stream_V_last_V, i1* %in_stream_V_id_V, i1* %in_stream_V_dest_V, [5 x i8]* @p_str26, i32 1, i32 1, [5 x i8]* @p_str27, i32 0, i32 0, [1 x i8]* @p_str2, [1 x i8]* @p_str2, [1 x i8]* @p_str2, i32 0, i32 0, i32 0, i32 0, [1 x i8]* @p_str2, [1 x i8]* @p_str2) nounwind"   --->   Operation 19 'specinterface' <Predicate = true> <Delay = 0.00>
ST_1 : Operation 20 [1/1] (0.00ns)   --->   "call void (...)* @_ssdm_op_SpecInterface(i64* %in_stream_V_data_V, i8* %in_stream_V_keep_V, i8* %in_stream_V_strb_V, i1* %in_stream_V_user_V, i1* %in_stream_V_last_V, i1* %in_stream_V_id_V, i1* %in_stream_V_dest_V, [5 x i8]* @p_str26, i32 1, i32 1, [5 x i8]* @p_str27, i32 0, i32 0, [1 x i8]* @p_str2, [1 x i8]* @p_str2, [1 x i8]* @p_str2, i32 0, i32 0, i32 0, i32 0, [1 x i8]* @p_str2, [1 x i8]* @p_str2) nounwind"   --->   Operation 20 'specinterface' <Predicate = true> <Delay = 0.00>
ST_1 : Operation 21 [1/1] (0.00ns)   --->   "call void (...)* @_ssdm_op_SpecInterface(i64* %in_stream_V_data_V, i8* %in_stream_V_keep_V, i8* %in_stream_V_strb_V, i1* %in_stream_V_user_V, i1* %in_stream_V_last_V, i1* %in_stream_V_id_V, i1* %in_stream_V_dest_V, [5 x i8]* @p_str26, i32 1, i32 1, [5 x i8]* @p_str27, i32 0, i32 0, [1 x i8]* @p_str2, [1 x i8]* @p_str2, [1 x i8]* @p_str2, i32 0, i32 0, i32 0, i32 0, [1 x i8]* @p_str2, [1 x i8]* @p_str2) nounwind"   --->   Operation 21 'specinterface' <Predicate = true> <Delay = 0.00>
ST_1 : Operation 22 [1/1] (0.00ns)   --->   "call void (...)* @_ssdm_op_SpecInterface(i64* %in_stream_V_data_V, i8* %in_stream_V_keep_V, i8* %in_stream_V_strb_V, i1* %in_stream_V_user_V, i1* %in_stream_V_last_V, i1* %in_stream_V_id_V, i1* %in_stream_V_dest_V, [5 x i8]* @p_str26, i32 1, i32 1, [5 x i8]* @p_str27, i32 0, i32 0, [1 x i8]* @p_str2, [1 x i8]* @p_str2, [1 x i8]* @p_str2, i32 0, i32 0, i32 0, i32 0, [1 x i8]* @p_str2, [1 x i8]* @p_str2) nounwind"   --->   Operation 22 'specinterface' <Predicate = true> <Delay = 0.00>
ST_1 : Operation 23 [1/1] (0.00ns)   --->   "call void (...)* @_ssdm_op_SpecInterface(i64* %in_stream_V_data_V, i8* %in_stream_V_keep_V, i8* %in_stream_V_strb_V, i1* %in_stream_V_user_V, i1* %in_stream_V_last_V, i1* %in_stream_V_id_V, i1* %in_stream_V_dest_V, [5 x i8]* @p_str26, i32 1, i32 1, [5 x i8]* @p_str27, i32 0, i32 0, [1 x i8]* @p_str2, [1 x i8]* @p_str2, [1 x i8]* @p_str2, i32 0, i32 0, i32 0, i32 0, [1 x i8]* @p_str2, [1 x i8]* @p_str2) nounwind"   --->   Operation 23 'specinterface' <Predicate = true> <Delay = 0.00>
ST_1 : Operation 24 [1/1] (0.00ns)   --->   "call void (...)* @_ssdm_op_SpecInterface(i64* %in_stream_V_data_V, i8* %in_stream_V_keep_V, i8* %in_stream_V_strb_V, i1* %in_stream_V_user_V, i1* %in_stream_V_last_V, i1* %in_stream_V_id_V, i1* %in_stream_V_dest_V, [5 x i8]* @p_str26, i32 1, i32 1, [5 x i8]* @p_str27, i32 0, i32 0, [1 x i8]* @p_str2, [1 x i8]* @p_str2, [1 x i8]* @p_str2, i32 0, i32 0, i32 0, i32 0, [1 x i8]* @p_str2, [1 x i8]* @p_str2) nounwind"   --->   Operation 24 'specinterface' <Predicate = true> <Delay = 0.00>
ST_1 : Operation 25 [1/1] (0.00ns)   --->   "call void (...)* @_ssdm_op_SpecInterface(i64* %in_stream_V_data_V, i8* %in_stream_V_keep_V, i8* %in_stream_V_strb_V, i1* %in_stream_V_user_V, i1* %in_stream_V_last_V, i1* %in_stream_V_id_V, i1* %in_stream_V_dest_V, [5 x i8]* @p_str26, i32 1, i32 1, [5 x i8]* @p_str27, i32 0, i32 0, [1 x i8]* @p_str2, [1 x i8]* @p_str2, [1 x i8]* @p_str2, i32 0, i32 0, i32 0, i32 0, [1 x i8]* @p_str2, [1 x i8]* @p_str2) nounwind"   --->   Operation 25 'specinterface' <Predicate = true> <Delay = 0.00>
ST_1 : Operation 26 [1/1] (0.00ns)   --->   "call void (...)* @_ssdm_op_SpecInterface(i64* %in_stream_V_data_V, i8* %in_stream_V_keep_V, i8* %in_stream_V_strb_V, i1* %in_stream_V_user_V, i1* %in_stream_V_last_V, i1* %in_stream_V_id_V, i1* %in_stream_V_dest_V, [5 x i8]* @p_str26, i32 1, i32 1, [5 x i8]* @p_str27, i32 0, i32 0, [1 x i8]* @p_str2, [1 x i8]* @p_str2, [1 x i8]* @p_str2, i32 0, i32 0, i32 0, i32 0, [1 x i8]* @p_str2, [1 x i8]* @p_str2) nounwind"   --->   Operation 26 'specinterface' <Predicate = true> <Delay = 0.00>
ST_1 : Operation 27 [1/1] (0.00ns)   --->   "call void (...)* @_ssdm_op_SpecInterface(i64* %in_stream_V_data_V, i8* %in_stream_V_keep_V, i8* %in_stream_V_strb_V, i1* %in_stream_V_user_V, i1* %in_stream_V_last_V, i1* %in_stream_V_id_V, i1* %in_stream_V_dest_V, [5 x i8]* @p_str26, i32 1, i32 1, [5 x i8]* @p_str27, i32 0, i32 0, [1 x i8]* @p_str2, [1 x i8]* @p_str2, [1 x i8]* @p_str2, i32 0, i32 0, i32 0, i32 0, [1 x i8]* @p_str2, [1 x i8]* @p_str2) nounwind"   --->   Operation 27 'specinterface' <Predicate = true> <Delay = 0.00>
ST_1 : Operation 28 [1/1] (0.00ns)   --->   "call void (...)* @_ssdm_op_SpecInterface(i64* %in_stream_V_data_V, i8* %in_stream_V_keep_V, i8* %in_stream_V_strb_V, i1* %in_stream_V_user_V, i1* %in_stream_V_last_V, i1* %in_stream_V_id_V, i1* %in_stream_V_dest_V, [5 x i8]* @p_str26, i32 1, i32 1, [5 x i8]* @p_str27, i32 0, i32 0, [1 x i8]* @p_str2, [1 x i8]* @p_str2, [1 x i8]* @p_str2, i32 0, i32 0, i32 0, i32 0, [1 x i8]* @p_str2, [1 x i8]* @p_str2) nounwind"   --->   Operation 28 'specinterface' <Predicate = true> <Delay = 0.00>
ST_1 : Operation 29 [1/1] (0.00ns)   --->   "call void (...)* @_ssdm_op_SpecInterface(i64* %in_stream_V_data_V, i8* %in_stream_V_keep_V, i8* %in_stream_V_strb_V, i1* %in_stream_V_user_V, i1* %in_stream_V_last_V, i1* %in_stream_V_id_V, i1* %in_stream_V_dest_V, [5 x i8]* @p_str26, i32 1, i32 1, [5 x i8]* @p_str27, i32 0, i32 0, [1 x i8]* @p_str2, [1 x i8]* @p_str2, [1 x i8]* @p_str2, i32 0, i32 0, i32 0, i32 0, [1 x i8]* @p_str2, [1 x i8]* @p_str2) nounwind"   --->   Operation 29 'specinterface' <Predicate = true> <Delay = 0.00>
ST_1 : Operation 30 [1/1] (0.00ns)   --->   "call void (...)* @_ssdm_op_SpecInterface(i64* %in_stream_V_data_V, i8* %in_stream_V_keep_V, i8* %in_stream_V_strb_V, i1* %in_stream_V_user_V, i1* %in_stream_V_last_V, i1* %in_stream_V_id_V, i1* %in_stream_V_dest_V, [5 x i8]* @p_str26, i32 1, i32 1, [5 x i8]* @p_str27, i32 0, i32 0, [1 x i8]* @p_str2, [1 x i8]* @p_str2, [1 x i8]* @p_str2, i32 0, i32 0, i32 0, i32 0, [1 x i8]* @p_str2, [1 x i8]* @p_str2) nounwind"   --->   Operation 30 'specinterface' <Predicate = true> <Delay = 0.00>
ST_1 : Operation 31 [1/1] (0.00ns)   --->   "call void (...)* @_ssdm_op_SpecInterface(i64* %in_stream_V_data_V, i8* %in_stream_V_keep_V, i8* %in_stream_V_strb_V, i1* %in_stream_V_user_V, i1* %in_stream_V_last_V, i1* %in_stream_V_id_V, i1* %in_stream_V_dest_V, [5 x i8]* @p_str26, i32 1, i32 1, [5 x i8]* @p_str27, i32 0, i32 0, [1 x i8]* @p_str2, [1 x i8]* @p_str2, [1 x i8]* @p_str2, i32 0, i32 0, i32 0, i32 0, [1 x i8]* @p_str2, [1 x i8]* @p_str2) nounwind"   --->   Operation 31 'specinterface' <Predicate = true> <Delay = 0.00>
ST_1 : Operation 32 [1/1] (0.00ns)   --->   "call void (...)* @_ssdm_op_SpecInterface(i64* %in_stream_V_data_V, i8* %in_stream_V_keep_V, i8* %in_stream_V_strb_V, i1* %in_stream_V_user_V, i1* %in_stream_V_last_V, i1* %in_stream_V_id_V, i1* %in_stream_V_dest_V, [5 x i8]* @p_str26, i32 1, i32 1, [5 x i8]* @p_str27, i32 0, i32 0, [1 x i8]* @p_str2, [1 x i8]* @p_str2, [1 x i8]* @p_str2, i32 0, i32 0, i32 0, i32 0, [1 x i8]* @p_str2, [1 x i8]* @p_str2) nounwind"   --->   Operation 32 'specinterface' <Predicate = true> <Delay = 0.00>
ST_1 : Operation 33 [1/1] (0.00ns)   --->   "call void (...)* @_ssdm_op_SpecInterface(i64* %in_stream_V_data_V, i8* %in_stream_V_keep_V, i8* %in_stream_V_strb_V, i1* %in_stream_V_user_V, i1* %in_stream_V_last_V, i1* %in_stream_V_id_V, i1* %in_stream_V_dest_V, [5 x i8]* @p_str26, i32 1, i32 1, [5 x i8]* @p_str27, i32 0, i32 0, [1 x i8]* @p_str2, [1 x i8]* @p_str2, [1 x i8]* @p_str2, i32 0, i32 0, i32 0, i32 0, [1 x i8]* @p_str2, [1 x i8]* @p_str2) nounwind"   --->   Operation 33 'specinterface' <Predicate = true> <Delay = 0.00>
ST_1 : Operation 34 [1/1] (0.00ns)   --->   "call void (...)* @_ssdm_op_SpecInterface(i64* %in_stream_V_data_V, i8* %in_stream_V_keep_V, i8* %in_stream_V_strb_V, i1* %in_stream_V_user_V, i1* %in_stream_V_last_V, i1* %in_stream_V_id_V, i1* %in_stream_V_dest_V, [5 x i8]* @p_str26, i32 1, i32 1, [5 x i8]* @p_str27, i32 0, i32 0, [1 x i8]* @p_str2, [1 x i8]* @p_str2, [1 x i8]* @p_str2, i32 0, i32 0, i32 0, i32 0, [1 x i8]* @p_str2, [1 x i8]* @p_str2) nounwind"   --->   Operation 34 'specinterface' <Predicate = true> <Delay = 0.00>
ST_1 : Operation 35 [1/1] (0.00ns)   --->   "call void (...)* @_ssdm_op_SpecInterface(i64* %in_stream_V_data_V, i8* %in_stream_V_keep_V, i8* %in_stream_V_strb_V, i1* %in_stream_V_user_V, i1* %in_stream_V_last_V, i1* %in_stream_V_id_V, i1* %in_stream_V_dest_V, [5 x i8]* @p_str26, i32 1, i32 1, [5 x i8]* @p_str27, i32 0, i32 0, [1 x i8]* @p_str2, [1 x i8]* @p_str2, [1 x i8]* @p_str2, i32 0, i32 0, i32 0, i32 0, [1 x i8]* @p_str2, [1 x i8]* @p_str2) nounwind"   --->   Operation 35 'specinterface' <Predicate = true> <Delay = 0.00>
ST_1 : Operation 36 [1/1] (0.00ns)   --->   "call void (...)* @_ssdm_op_SpecInterface(i64* %in_stream_V_data_V, i8* %in_stream_V_keep_V, i8* %in_stream_V_strb_V, i1* %in_stream_V_user_V, i1* %in_stream_V_last_V, i1* %in_stream_V_id_V, i1* %in_stream_V_dest_V, [5 x i8]* @p_str26, i32 1, i32 1, [5 x i8]* @p_str27, i32 0, i32 0, [1 x i8]* @p_str2, [1 x i8]* @p_str2, [1 x i8]* @p_str2, i32 0, i32 0, i32 0, i32 0, [1 x i8]* @p_str2, [1 x i8]* @p_str2) nounwind"   --->   Operation 36 'specinterface' <Predicate = true> <Delay = 0.00>
ST_1 : Operation 37 [1/1] (0.00ns)   --->   "call void (...)* @_ssdm_op_SpecInterface(i64* %in_stream_V_data_V, i8* %in_stream_V_keep_V, i8* %in_stream_V_strb_V, i1* %in_stream_V_user_V, i1* %in_stream_V_last_V, i1* %in_stream_V_id_V, i1* %in_stream_V_dest_V, [5 x i8]* @p_str26, i32 1, i32 1, [5 x i8]* @p_str27, i32 0, i32 0, [1 x i8]* @p_str2, [1 x i8]* @p_str2, [1 x i8]* @p_str2, i32 0, i32 0, i32 0, i32 0, [1 x i8]* @p_str2, [1 x i8]* @p_str2) nounwind"   --->   Operation 37 'specinterface' <Predicate = true> <Delay = 0.00>
ST_1 : Operation 38 [1/1] (0.00ns)   --->   "call void (...)* @_ssdm_op_SpecInterface(i64* %in_stream_V_data_V, i8* %in_stream_V_keep_V, i8* %in_stream_V_strb_V, i1* %in_stream_V_user_V, i1* %in_stream_V_last_V, i1* %in_stream_V_id_V, i1* %in_stream_V_dest_V, [5 x i8]* @p_str26, i32 1, i32 1, [5 x i8]* @p_str27, i32 0, i32 0, [1 x i8]* @p_str2, [1 x i8]* @p_str2, [1 x i8]* @p_str2, i32 0, i32 0, i32 0, i32 0, [1 x i8]* @p_str2, [1 x i8]* @p_str2) nounwind"   --->   Operation 38 'specinterface' <Predicate = true> <Delay = 0.00>
ST_1 : Operation 39 [1/1] (0.00ns)   --->   "call void (...)* @_ssdm_op_SpecInterface(i64* %in_stream_V_data_V, i8* %in_stream_V_keep_V, i8* %in_stream_V_strb_V, i1* %in_stream_V_user_V, i1* %in_stream_V_last_V, i1* %in_stream_V_id_V, i1* %in_stream_V_dest_V, [5 x i8]* @p_str26, i32 1, i32 1, [5 x i8]* @p_str27, i32 0, i32 0, [1 x i8]* @p_str2, [1 x i8]* @p_str2, [1 x i8]* @p_str2, i32 0, i32 0, i32 0, i32 0, [1 x i8]* @p_str2, [1 x i8]* @p_str2) nounwind"   --->   Operation 39 'specinterface' <Predicate = true> <Delay = 0.00>
ST_1 : Operation 40 [1/1] (0.00ns)   --->   "call void (...)* @_ssdm_op_SpecInterface(i64* %in_stream_V_data_V, i8* %in_stream_V_keep_V, i8* %in_stream_V_strb_V, i1* %in_stream_V_user_V, i1* %in_stream_V_last_V, i1* %in_stream_V_id_V, i1* %in_stream_V_dest_V, [5 x i8]* @p_str26, i32 1, i32 1, [5 x i8]* @p_str27, i32 0, i32 0, [1 x i8]* @p_str2, [1 x i8]* @p_str2, [1 x i8]* @p_str2, i32 0, i32 0, i32 0, i32 0, [1 x i8]* @p_str2, [1 x i8]* @p_str2) nounwind"   --->   Operation 40 'specinterface' <Predicate = true> <Delay = 0.00>
ST_1 : Operation 41 [1/1] (0.00ns)   --->   "call void (...)* @_ssdm_op_SpecInterface(i64* %in_stream_V_data_V, i8* %in_stream_V_keep_V, i8* %in_stream_V_strb_V, i1* %in_stream_V_user_V, i1* %in_stream_V_last_V, i1* %in_stream_V_id_V, i1* %in_stream_V_dest_V, [5 x i8]* @p_str26, i32 1, i32 1, [5 x i8]* @p_str27, i32 0, i32 0, [1 x i8]* @p_str2, [1 x i8]* @p_str2, [1 x i8]* @p_str2, i32 0, i32 0, i32 0, i32 0, [1 x i8]* @p_str2, [1 x i8]* @p_str2) nounwind"   --->   Operation 41 'specinterface' <Predicate = true> <Delay = 0.00>
ST_1 : Operation 42 [1/1] (0.00ns)   --->   "call void (...)* @_ssdm_op_SpecInterface(i64* %in_stream_V_data_V, i8* %in_stream_V_keep_V, i8* %in_stream_V_strb_V, i1* %in_stream_V_user_V, i1* %in_stream_V_last_V, i1* %in_stream_V_id_V, i1* %in_stream_V_dest_V, [5 x i8]* @p_str26, i32 1, i32 1, [5 x i8]* @p_str27, i32 0, i32 0, [1 x i8]* @p_str2, [1 x i8]* @p_str2, [1 x i8]* @p_str2, i32 0, i32 0, i32 0, i32 0, [1 x i8]* @p_str2, [1 x i8]* @p_str2) nounwind"   --->   Operation 42 'specinterface' <Predicate = true> <Delay = 0.00>
ST_1 : Operation 43 [1/1] (0.00ns)   --->   "call void (...)* @_ssdm_op_SpecInterface(i64* %in_stream_V_data_V, i8* %in_stream_V_keep_V, i8* %in_stream_V_strb_V, i1* %in_stream_V_user_V, i1* %in_stream_V_last_V, i1* %in_stream_V_id_V, i1* %in_stream_V_dest_V, [5 x i8]* @p_str26, i32 1, i32 1, [5 x i8]* @p_str27, i32 0, i32 0, [1 x i8]* @p_str2, [1 x i8]* @p_str2, [1 x i8]* @p_str2, i32 0, i32 0, i32 0, i32 0, [1 x i8]* @p_str2, [1 x i8]* @p_str2) nounwind"   --->   Operation 43 'specinterface' <Predicate = true> <Delay = 0.00>
ST_1 : Operation 44 [1/1] (0.00ns)   --->   "call void (...)* @_ssdm_op_SpecInterface(i64* %in_stream_V_data_V, i8* %in_stream_V_keep_V, i8* %in_stream_V_strb_V, i1* %in_stream_V_user_V, i1* %in_stream_V_last_V, i1* %in_stream_V_id_V, i1* %in_stream_V_dest_V, [5 x i8]* @p_str26, i32 1, i32 1, [5 x i8]* @p_str27, i32 0, i32 0, [1 x i8]* @p_str2, [1 x i8]* @p_str2, [1 x i8]* @p_str2, i32 0, i32 0, i32 0, i32 0, [1 x i8]* @p_str2, [1 x i8]* @p_str2) nounwind"   --->   Operation 44 'specinterface' <Predicate = true> <Delay = 0.00>
ST_1 : Operation 45 [1/1] (0.00ns)   --->   "call void (...)* @_ssdm_op_SpecInterface(i64* %in_stream_V_data_V, i8* %in_stream_V_keep_V, i8* %in_stream_V_strb_V, i1* %in_stream_V_user_V, i1* %in_stream_V_last_V, i1* %in_stream_V_id_V, i1* %in_stream_V_dest_V, [5 x i8]* @p_str26, i32 1, i32 1, [5 x i8]* @p_str27, i32 0, i32 0, [1 x i8]* @p_str2, [1 x i8]* @p_str2, [1 x i8]* @p_str2, i32 0, i32 0, i32 0, i32 0, [1 x i8]* @p_str2, [1 x i8]* @p_str2) nounwind"   --->   Operation 45 'specinterface' <Predicate = true> <Delay = 0.00>
ST_1 : Operation 46 [1/1] (0.00ns)   --->   "call void (...)* @_ssdm_op_SpecInterface(i64* %in_stream_V_data_V, i8* %in_stream_V_keep_V, i8* %in_stream_V_strb_V, i1* %in_stream_V_user_V, i1* %in_stream_V_last_V, i1* %in_stream_V_id_V, i1* %in_stream_V_dest_V, [5 x i8]* @p_str26, i32 1, i32 1, [5 x i8]* @p_str27, i32 0, i32 0, [1 x i8]* @p_str2, [1 x i8]* @p_str2, [1 x i8]* @p_str2, i32 0, i32 0, i32 0, i32 0, [1 x i8]* @p_str2, [1 x i8]* @p_str2) nounwind"   --->   Operation 46 'specinterface' <Predicate = true> <Delay = 0.00>
ST_1 : Operation 47 [1/1] (0.00ns)   --->   "call void (...)* @_ssdm_op_SpecInterface(i64* %in_stream_V_data_V, i8* %in_stream_V_keep_V, i8* %in_stream_V_strb_V, i1* %in_stream_V_user_V, i1* %in_stream_V_last_V, i1* %in_stream_V_id_V, i1* %in_stream_V_dest_V, [5 x i8]* @p_str26, i32 1, i32 1, [5 x i8]* @p_str27, i32 0, i32 0, [1 x i8]* @p_str2, [1 x i8]* @p_str2, [1 x i8]* @p_str2, i32 0, i32 0, i32 0, i32 0, [1 x i8]* @p_str2, [1 x i8]* @p_str2) nounwind"   --->   Operation 47 'specinterface' <Predicate = true> <Delay = 0.00>
ST_1 : Operation 48 [1/1] (0.00ns)   --->   "call void (...)* @_ssdm_op_SpecInterface(i64* %in_stream_V_data_V, i8* %in_stream_V_keep_V, i8* %in_stream_V_strb_V, i1* %in_stream_V_user_V, i1* %in_stream_V_last_V, i1* %in_stream_V_id_V, i1* %in_stream_V_dest_V, [5 x i8]* @p_str26, i32 1, i32 1, [5 x i8]* @p_str27, i32 0, i32 0, [1 x i8]* @p_str2, [1 x i8]* @p_str2, [1 x i8]* @p_str2, i32 0, i32 0, i32 0, i32 0, [1 x i8]* @p_str2, [1 x i8]* @p_str2) nounwind"   --->   Operation 48 'specinterface' <Predicate = true> <Delay = 0.00>
ST_1 : Operation 49 [1/1] (0.00ns)   --->   "call void (...)* @_ssdm_op_SpecInterface(i64* %in_stream_V_data_V, i8* %in_stream_V_keep_V, i8* %in_stream_V_strb_V, i1* %in_stream_V_user_V, i1* %in_stream_V_last_V, i1* %in_stream_V_id_V, i1* %in_stream_V_dest_V, [5 x i8]* @p_str26, i32 1, i32 1, [5 x i8]* @p_str27, i32 0, i32 0, [1 x i8]* @p_str2, [1 x i8]* @p_str2, [1 x i8]* @p_str2, i32 0, i32 0, i32 0, i32 0, [1 x i8]* @p_str2, [1 x i8]* @p_str2) nounwind"   --->   Operation 49 'specinterface' <Predicate = true> <Delay = 0.00>
ST_1 : Operation 50 [1/1] (0.00ns)   --->   "call void (...)* @_ssdm_op_SpecInterface(i64* %in_stream_V_data_V, i8* %in_stream_V_keep_V, i8* %in_stream_V_strb_V, i1* %in_stream_V_user_V, i1* %in_stream_V_last_V, i1* %in_stream_V_id_V, i1* %in_stream_V_dest_V, [5 x i8]* @p_str26, i32 1, i32 1, [5 x i8]* @p_str27, i32 0, i32 0, [1 x i8]* @p_str2, [1 x i8]* @p_str2, [1 x i8]* @p_str2, i32 0, i32 0, i32 0, i32 0, [1 x i8]* @p_str2, [1 x i8]* @p_str2) nounwind"   --->   Operation 50 'specinterface' <Predicate = true> <Delay = 0.00>
ST_1 : Operation 51 [1/1] (0.00ns)   --->   "call void (...)* @_ssdm_op_SpecInterface(i64* %in_stream_V_data_V, i8* %in_stream_V_keep_V, i8* %in_stream_V_strb_V, i1* %in_stream_V_user_V, i1* %in_stream_V_last_V, i1* %in_stream_V_id_V, i1* %in_stream_V_dest_V, [5 x i8]* @p_str26, i32 1, i32 1, [5 x i8]* @p_str27, i32 0, i32 0, [1 x i8]* @p_str2, [1 x i8]* @p_str2, [1 x i8]* @p_str2, i32 0, i32 0, i32 0, i32 0, [1 x i8]* @p_str2, [1 x i8]* @p_str2) nounwind"   --->   Operation 51 'specinterface' <Predicate = true> <Delay = 0.00>
ST_1 : Operation 52 [1/1] (0.00ns)   --->   "call void (...)* @_ssdm_op_SpecInterface(i64* %in_stream_V_data_V, i8* %in_stream_V_keep_V, i8* %in_stream_V_strb_V, i1* %in_stream_V_user_V, i1* %in_stream_V_last_V, i1* %in_stream_V_id_V, i1* %in_stream_V_dest_V, [5 x i8]* @p_str26, i32 1, i32 1, [5 x i8]* @p_str27, i32 0, i32 0, [1 x i8]* @p_str2, [1 x i8]* @p_str2, [1 x i8]* @p_str2, i32 0, i32 0, i32 0, i32 0, [1 x i8]* @p_str2, [1 x i8]* @p_str2) nounwind"   --->   Operation 52 'specinterface' <Predicate = true> <Delay = 0.00>
ST_1 : Operation 53 [1/1] (0.00ns)   --->   "call void (...)* @_ssdm_op_SpecInterface(i64* %in_stream_V_data_V, i8* %in_stream_V_keep_V, i8* %in_stream_V_strb_V, i1* %in_stream_V_user_V, i1* %in_stream_V_last_V, i1* %in_stream_V_id_V, i1* %in_stream_V_dest_V, [5 x i8]* @p_str26, i32 1, i32 1, [5 x i8]* @p_str27, i32 0, i32 0, [1 x i8]* @p_str2, [1 x i8]* @p_str2, [1 x i8]* @p_str2, i32 0, i32 0, i32 0, i32 0, [1 x i8]* @p_str2, [1 x i8]* @p_str2) nounwind"   --->   Operation 53 'specinterface' <Predicate = true> <Delay = 0.00>
ST_1 : Operation 54 [1/1] (0.00ns)   --->   "call void (...)* @_ssdm_op_SpecInterface(i64* %in_stream_V_data_V, i8* %in_stream_V_keep_V, i8* %in_stream_V_strb_V, i1* %in_stream_V_user_V, i1* %in_stream_V_last_V, i1* %in_stream_V_id_V, i1* %in_stream_V_dest_V, [5 x i8]* @p_str26, i32 1, i32 1, [5 x i8]* @p_str27, i32 0, i32 0, [1 x i8]* @p_str2, [1 x i8]* @p_str2, [1 x i8]* @p_str2, i32 0, i32 0, i32 0, i32 0, [1 x i8]* @p_str2, [1 x i8]* @p_str2) nounwind"   --->   Operation 54 'specinterface' <Predicate = true> <Delay = 0.00>
ST_1 : Operation 55 [1/1] (0.00ns)   --->   "call void (...)* @_ssdm_op_SpecInterface(i64* %in_stream_V_data_V, i8* %in_stream_V_keep_V, i8* %in_stream_V_strb_V, i1* %in_stream_V_user_V, i1* %in_stream_V_last_V, i1* %in_stream_V_id_V, i1* %in_stream_V_dest_V, [5 x i8]* @p_str26, i32 1, i32 1, [5 x i8]* @p_str27, i32 0, i32 0, [1 x i8]* @p_str2, [1 x i8]* @p_str2, [1 x i8]* @p_str2, i32 0, i32 0, i32 0, i32 0, [1 x i8]* @p_str2, [1 x i8]* @p_str2) nounwind"   --->   Operation 55 'specinterface' <Predicate = true> <Delay = 0.00>
ST_1 : Operation 56 [1/1] (0.00ns)   --->   "call void (...)* @_ssdm_op_SpecInterface(i64* %in_stream_V_data_V, i8* %in_stream_V_keep_V, i8* %in_stream_V_strb_V, i1* %in_stream_V_user_V, i1* %in_stream_V_last_V, i1* %in_stream_V_id_V, i1* %in_stream_V_dest_V, [5 x i8]* @p_str26, i32 1, i32 1, [5 x i8]* @p_str27, i32 0, i32 0, [1 x i8]* @p_str2, [1 x i8]* @p_str2, [1 x i8]* @p_str2, i32 0, i32 0, i32 0, i32 0, [1 x i8]* @p_str2, [1 x i8]* @p_str2) nounwind"   --->   Operation 56 'specinterface' <Predicate = true> <Delay = 0.00>
ST_1 : Operation 57 [1/1] (0.00ns)   --->   "call void (...)* @_ssdm_op_SpecInterface(i64* %in_stream_V_data_V, i8* %in_stream_V_keep_V, i8* %in_stream_V_strb_V, i1* %in_stream_V_user_V, i1* %in_stream_V_last_V, i1* %in_stream_V_id_V, i1* %in_stream_V_dest_V, [5 x i8]* @p_str26, i32 1, i32 1, [5 x i8]* @p_str27, i32 0, i32 0, [1 x i8]* @p_str2, [1 x i8]* @p_str2, [1 x i8]* @p_str2, i32 0, i32 0, i32 0, i32 0, [1 x i8]* @p_str2, [1 x i8]* @p_str2) nounwind"   --->   Operation 57 'specinterface' <Predicate = true> <Delay = 0.00>
ST_1 : Operation 58 [1/1] (0.00ns)   --->   "call void (...)* @_ssdm_op_SpecInterface(i64* %in_stream_V_data_V, i8* %in_stream_V_keep_V, i8* %in_stream_V_strb_V, i1* %in_stream_V_user_V, i1* %in_stream_V_last_V, i1* %in_stream_V_id_V, i1* %in_stream_V_dest_V, [5 x i8]* @p_str26, i32 1, i32 1, [5 x i8]* @p_str27, i32 0, i32 0, [1 x i8]* @p_str2, [1 x i8]* @p_str2, [1 x i8]* @p_str2, i32 0, i32 0, i32 0, i32 0, [1 x i8]* @p_str2, [1 x i8]* @p_str2) nounwind"   --->   Operation 58 'specinterface' <Predicate = true> <Delay = 0.00>
ST_1 : Operation 59 [1/1] (0.00ns)   --->   "call void (...)* @_ssdm_op_SpecInterface(i64* %in_stream_V_data_V, i8* %in_stream_V_keep_V, i8* %in_stream_V_strb_V, i1* %in_stream_V_user_V, i1* %in_stream_V_last_V, i1* %in_stream_V_id_V, i1* %in_stream_V_dest_V, [5 x i8]* @p_str26, i32 1, i32 1, [5 x i8]* @p_str27, i32 0, i32 0, [1 x i8]* @p_str2, [1 x i8]* @p_str2, [1 x i8]* @p_str2, i32 0, i32 0, i32 0, i32 0, [1 x i8]* @p_str2, [1 x i8]* @p_str2) nounwind"   --->   Operation 59 'specinterface' <Predicate = true> <Delay = 0.00>
ST_1 : Operation 60 [1/1] (0.00ns)   --->   "call void (...)* @_ssdm_op_SpecInterface(i64* %in_stream_V_data_V, i8* %in_stream_V_keep_V, i8* %in_stream_V_strb_V, i1* %in_stream_V_user_V, i1* %in_stream_V_last_V, i1* %in_stream_V_id_V, i1* %in_stream_V_dest_V, [5 x i8]* @p_str26, i32 1, i32 1, [5 x i8]* @p_str27, i32 0, i32 0, [1 x i8]* @p_str2, [1 x i8]* @p_str2, [1 x i8]* @p_str2, i32 0, i32 0, i32 0, i32 0, [1 x i8]* @p_str2, [1 x i8]* @p_str2) nounwind"   --->   Operation 60 'specinterface' <Predicate = true> <Delay = 0.00>
ST_1 : Operation 61 [1/1] (0.00ns)   --->   "call void (...)* @_ssdm_op_SpecInterface(i64* %in_stream_V_data_V, i8* %in_stream_V_keep_V, i8* %in_stream_V_strb_V, i1* %in_stream_V_user_V, i1* %in_stream_V_last_V, i1* %in_stream_V_id_V, i1* %in_stream_V_dest_V, [5 x i8]* @p_str26, i32 1, i32 1, [5 x i8]* @p_str27, i32 0, i32 0, [1 x i8]* @p_str2, [1 x i8]* @p_str2, [1 x i8]* @p_str2, i32 0, i32 0, i32 0, i32 0, [1 x i8]* @p_str2, [1 x i8]* @p_str2) nounwind"   --->   Operation 61 'specinterface' <Predicate = true> <Delay = 0.00>
ST_1 : Operation 62 [1/1] (0.00ns)   --->   "call void (...)* @_ssdm_op_SpecInterface(i64* %in_stream_V_data_V, i8* %in_stream_V_keep_V, i8* %in_stream_V_strb_V, i1* %in_stream_V_user_V, i1* %in_stream_V_last_V, i1* %in_stream_V_id_V, i1* %in_stream_V_dest_V, [5 x i8]* @p_str26, i32 1, i32 1, [5 x i8]* @p_str27, i32 0, i32 0, [1 x i8]* @p_str2, [1 x i8]* @p_str2, [1 x i8]* @p_str2, i32 0, i32 0, i32 0, i32 0, [1 x i8]* @p_str2, [1 x i8]* @p_str2) nounwind"   --->   Operation 62 'specinterface' <Predicate = true> <Delay = 0.00>
ST_1 : Operation 63 [1/1] (0.00ns)   --->   "call void (...)* @_ssdm_op_SpecInterface(i64* %in_stream_V_data_V, i8* %in_stream_V_keep_V, i8* %in_stream_V_strb_V, i1* %in_stream_V_user_V, i1* %in_stream_V_last_V, i1* %in_stream_V_id_V, i1* %in_stream_V_dest_V, [5 x i8]* @p_str26, i32 1, i32 1, [5 x i8]* @p_str27, i32 0, i32 0, [1 x i8]* @p_str2, [1 x i8]* @p_str2, [1 x i8]* @p_str2, i32 0, i32 0, i32 0, i32 0, [1 x i8]* @p_str2, [1 x i8]* @p_str2) nounwind"   --->   Operation 63 'specinterface' <Predicate = true> <Delay = 0.00>
ST_1 : Operation 64 [1/1] (0.00ns)   --->   "call void (...)* @_ssdm_op_SpecInterface(i31* %n_out, [8 x i8]* @ap_fifo_str, i32 0, i32 0, [1 x i8]* @p_str, i32 0, i32 0, [1 x i8]* @p_str, [1 x i8]* @p_str, [1 x i8]* @p_str, i32 2, i32 2, i32 16, i32 16, [1 x i8]* @p_str, [1 x i8]* @p_str)"   --->   Operation 64 'specinterface' <Predicate = true> <Delay = 0.00>
ST_1 : Operation 65 [1/1] (3.63ns)   --->   "call void @_ssdm_op_Write.ap_fifo.i31P(i31* %n_out, i31 %n_read)"   --->   Operation 65 'write' <Predicate = true> <Delay = 3.63> <Core = "FIFO">   --->   Core 32 'FIFO' <Latency = 0> <II = 1> <Delay = 3.63> <Storage> <Opcode : 'read' 'write' 'nbread' 'nbwrite'> <Ports = 0> <Width = 32> <Depth = 2> <FIFO>
ST_1 : Operation 66 [1/1] (0.00ns)   --->   "call void (...)* @_ssdm_op_SpecInterface(i32* %num_images_out, [8 x i8]* @ap_fifo_str, i32 0, i32 0, [1 x i8]* @p_str, i32 0, i32 0, [1 x i8]* @p_str, [1 x i8]* @p_str, [1 x i8]* @p_str, i32 2, i32 2, i32 16, i32 16, [1 x i8]* @p_str, [1 x i8]* @p_str)"   --->   Operation 66 'specinterface' <Predicate = true> <Delay = 0.00>
ST_1 : Operation 67 [1/1] (3.63ns)   --->   "call void @_ssdm_op_Write.ap_fifo.i32P(i32* %num_images_out, i32 %num_images_read)"   --->   Operation 67 'write' <Predicate = true> <Delay = 3.63> <Core = "FIFO">   --->   Core 32 'FIFO' <Latency = 0> <II = 1> <Delay = 3.63> <Storage> <Opcode : 'read' 'write' 'nbread' 'nbwrite'> <Ports = 0> <Width = 32> <Depth = 2> <FIFO>
ST_1 : Operation 68 [1/1] (0.00ns)   --->   "call void (...)* @_ssdm_op_SpecInterface(i64* %in_stream_V_data_V, i8* %in_stream_V_keep_V, i8* %in_stream_V_strb_V, i1* %in_stream_V_user_V, i1* %in_stream_V_last_V, i1* %in_stream_V_id_V, i1* %in_stream_V_dest_V, [5 x i8]* @p_str26, i32 1, i32 1, [5 x i8]* @p_str27, i32 0, i32 0, [1 x i8]* @p_str2, [1 x i8]* @p_str2, [1 x i8]* @p_str2, i32 0, i32 0, i32 0, i32 0, [1 x i8]* @p_str2, [1 x i8]* @p_str2) nounwind"   --->   Operation 68 'specinterface' <Predicate = true> <Delay = 0.00>
ST_1 : Operation 69 [1/1] (0.00ns)   --->   "call void (...)* @_ssdm_op_SpecInterface(i64* %in_stream_V_data_V, i8* %in_stream_V_keep_V, i8* %in_stream_V_strb_V, i1* %in_stream_V_user_V, i1* %in_stream_V_last_V, i1* %in_stream_V_id_V, i1* %in_stream_V_dest_V, [5 x i8]* @p_str26, i32 1, i32 1, [5 x i8]* @p_str27, i32 0, i32 0, [1 x i8]* @p_str2, [1 x i8]* @p_str2, [1 x i8]* @p_str2, i32 0, i32 0, i32 0, i32 0, [1 x i8]* @p_str2, [1 x i8]* @p_str2) nounwind"   --->   Operation 69 'specinterface' <Predicate = true> <Delay = 0.00>
ST_1 : Operation 70 [1/1] (0.00ns)   --->   "call void (...)* @_ssdm_op_SpecInterface(i64* %in_stream_V_data_V, i8* %in_stream_V_keep_V, i8* %in_stream_V_strb_V, i1* %in_stream_V_user_V, i1* %in_stream_V_last_V, i1* %in_stream_V_id_V, i1* %in_stream_V_dest_V, [5 x i8]* @p_str26, i32 1, i32 1, [5 x i8]* @p_str27, i32 0, i32 0, [1 x i8]* @p_str2, [1 x i8]* @p_str2, [1 x i8]* @p_str2, i32 0, i32 0, i32 0, i32 0, [1 x i8]* @p_str2, [1 x i8]* @p_str2) nounwind"   --->   Operation 70 'specinterface' <Predicate = true> <Delay = 0.00>
ST_1 : Operation 71 [1/1] (0.00ns)   --->   "call void (...)* @_ssdm_op_SpecInterface(i64* %in_stream_V_data_V, i8* %in_stream_V_keep_V, i8* %in_stream_V_strb_V, i1* %in_stream_V_user_V, i1* %in_stream_V_last_V, i1* %in_stream_V_id_V, i1* %in_stream_V_dest_V, [5 x i8]* @p_str26, i32 1, i32 1, [5 x i8]* @p_str27, i32 0, i32 0, [1 x i8]* @p_str2, [1 x i8]* @p_str2, [1 x i8]* @p_str2, i32 0, i32 0, i32 0, i32 0, [1 x i8]* @p_str2, [1 x i8]* @p_str2) nounwind"   --->   Operation 71 'specinterface' <Predicate = true> <Delay = 0.00>
ST_1 : Operation 72 [1/1] (0.00ns)   --->   "call void (...)* @_ssdm_op_SpecInterface(i64* %in_stream_V_data_V, i8* %in_stream_V_keep_V, i8* %in_stream_V_strb_V, i1* %in_stream_V_user_V, i1* %in_stream_V_last_V, i1* %in_stream_V_id_V, i1* %in_stream_V_dest_V, [5 x i8]* @p_str26, i32 1, i32 1, [5 x i8]* @p_str27, i32 0, i32 0, [1 x i8]* @p_str2, [1 x i8]* @p_str2, [1 x i8]* @p_str2, i32 0, i32 0, i32 0, i32 0, [1 x i8]* @p_str2, [1 x i8]* @p_str2) nounwind"   --->   Operation 72 'specinterface' <Predicate = true> <Delay = 0.00>
ST_1 : Operation 73 [1/1] (0.00ns)   --->   "call void (...)* @_ssdm_op_SpecInterface(i64* %in_stream_V_data_V, i8* %in_stream_V_keep_V, i8* %in_stream_V_strb_V, i1* %in_stream_V_user_V, i1* %in_stream_V_last_V, i1* %in_stream_V_id_V, i1* %in_stream_V_dest_V, [5 x i8]* @p_str26, i32 1, i32 1, [5 x i8]* @p_str27, i32 0, i32 0, [1 x i8]* @p_str2, [1 x i8]* @p_str2, [1 x i8]* @p_str2, i32 0, i32 0, i32 0, i32 0, [1 x i8]* @p_str2, [1 x i8]* @p_str2) nounwind"   --->   Operation 73 'specinterface' <Predicate = true> <Delay = 0.00>
ST_1 : Operation 74 [1/1] (0.00ns)   --->   "call void (...)* @_ssdm_op_SpecInterface(i64* %in_stream_V_data_V, i8* %in_stream_V_keep_V, i8* %in_stream_V_strb_V, i1* %in_stream_V_user_V, i1* %in_stream_V_last_V, i1* %in_stream_V_id_V, i1* %in_stream_V_dest_V, [5 x i8]* @p_str26, i32 1, i32 1, [5 x i8]* @p_str27, i32 0, i32 0, [1 x i8]* @p_str2, [1 x i8]* @p_str2, [1 x i8]* @p_str2, i32 0, i32 0, i32 0, i32 0, [1 x i8]* @p_str2, [1 x i8]* @p_str2) nounwind"   --->   Operation 74 'specinterface' <Predicate = true> <Delay = 0.00>
ST_1 : Operation 75 [1/1] (0.00ns)   --->   "call void (...)* @_ssdm_op_SpecInterface(i64* %in_stream_V_data_V, i8* %in_stream_V_keep_V, i8* %in_stream_V_strb_V, i1* %in_stream_V_user_V, i1* %in_stream_V_last_V, i1* %in_stream_V_id_V, i1* %in_stream_V_dest_V, [5 x i8]* @p_str26, i32 1, i32 1, [5 x i8]* @p_str27, i32 0, i32 0, [1 x i8]* @p_str2, [1 x i8]* @p_str2, [1 x i8]* @p_str2, i32 0, i32 0, i32 0, i32 0, [1 x i8]* @p_str2, [1 x i8]* @p_str2) nounwind"   --->   Operation 75 'specinterface' <Predicate = true> <Delay = 0.00>
ST_1 : Operation 76 [1/1] (1.76ns)   --->   "br label %0" [MathieuHelpMe/Classifier.cpp:26]   --->   Operation 76 'br' <Predicate = true> <Delay = 1.76>

State 2 <SV = 1> <Delay = 2.46>
ST_2 : Operation 77 [1/1] (0.00ns)   --->   "%calculated_norm_V = phi i24 [ 0, %entry ], [ %p_Val2_4_7_i_i, %9 ]" [MathieuHelpMe/Classifier.cpp:39]   --->   Operation 77 'phi' 'calculated_norm_V' <Predicate = true> <Delay = 0.00>
ST_2 : Operation 78 [1/1] (0.00ns)   --->   "%i_i_i = phi i7 [ 0, %entry ], [ %i, %9 ]"   --->   Operation 78 'phi' 'i_i_i' <Predicate = true> <Delay = 0.00>
ST_2 : Operation 79 [1/1] (1.48ns)   --->   "%exitcond1_i_i = icmp eq i7 %i_i_i, -30" [MathieuHelpMe/Classifier.cpp:26]   --->   Operation 79 'icmp' 'exitcond1_i_i' <Predicate = true> <Delay = 1.48> <Core = "Cmp">   --->   Core 25 'Cmp' <Latency = 0> <II = 1> <Delay = 0.95> <FuncUnit> <Opcode : 'icmp'> <InPorts = 2> <OutPorts = 1>
ST_2 : Operation 80 [1/1] (1.87ns)   --->   "%i = add i7 %i_i_i, 1" [MathieuHelpMe/Classifier.cpp:26]   --->   Operation 80 'add' 'i' <Predicate = true> <Delay = 1.87> <Core = "AddSub">   --->   Core 14 'AddSub' <Latency = 0> <II = 1> <Delay = 2.31> <FuncUnit> <Opcode : 'add' 'sub'> <InPorts = 2> <OutPorts = 1>
ST_2 : Operation 81 [1/1] (0.00ns)   --->   "br i1 %exitcond1_i_i, label %.exit, label %1" [MathieuHelpMe/Classifier.cpp:26]   --->   Operation 81 'br' <Predicate = true> <Delay = 0.00>
ST_2 : Operation 82 [2/2] (0.00ns)   --->   "%empty = call { i64, i8, i8, i1, i1, i1, i1 } @_ssdm_op_Read.axis.volatile.i64P.i8P.i8P.i1P.i1P.i1P.i1P(i64* %in_stream_V_data_V, i8* %in_stream_V_keep_V, i8* %in_stream_V_strb_V, i1* %in_stream_V_user_V, i1* %in_stream_V_last_V, i1* %in_stream_V_id_V, i1* %in_stream_V_dest_V)" [MathieuHelpMe/Classifier.cpp:29]   --->   Operation 82 'read' 'empty' <Predicate = (!exitcond1_i_i)> <Delay = 0.00> <Core = "AXI4Stream">   --->   Core 5 'AXI4Stream' <Latency = 0> <II = 1> <Delay = 1.00> <Adapter> <Opcode : >
ST_2 : Operation 83 [1/1] (0.00ns)   --->   "%tmp_2 = trunc i7 %i_i_i to i1" [MathieuHelpMe/Classifier.cpp:35]   --->   Operation 83 'trunc' 'tmp_2' <Predicate = (!exitcond1_i_i)> <Delay = 0.00>
ST_2 : Operation 84 [1/1] (0.00ns)   --->   "%tmp_2_cast_i_i = call i6 @_ssdm_op_PartSelect.i6.i7.i32.i32(i7 %i_i_i, i32 1, i32 6)" [MathieuHelpMe/Classifier.cpp:26]   --->   Operation 84 'partselect' 'tmp_2_cast_i_i' <Predicate = (!exitcond1_i_i)> <Delay = 0.00>
ST_2 : Operation 85 [1/1] (0.00ns)   --->   "br i1 %tmp_2, label %branch120.i.i, label %branch112.i.i" [MathieuHelpMe/Classifier.cpp:36]   --->   Operation 85 'br' <Predicate = (!exitcond1_i_i)> <Delay = 0.00>
ST_2 : Operation 86 [1/1] (0.00ns)   --->   "br i1 %tmp_2, label %branch104.i.i, label %branch96.i.i" [MathieuHelpMe/Classifier.cpp:36]   --->   Operation 86 'br' <Predicate = (!exitcond1_i_i)> <Delay = 0.00>
ST_2 : Operation 87 [1/1] (0.00ns)   --->   "br i1 %tmp_2, label %branch88.i.i, label %branch80.i.i" [MathieuHelpMe/Classifier.cpp:36]   --->   Operation 87 'br' <Predicate = (!exitcond1_i_i)> <Delay = 0.00>
ST_2 : Operation 88 [1/1] (0.00ns)   --->   "br i1 %tmp_2, label %branch72.i.i, label %branch64.i.i" [MathieuHelpMe/Classifier.cpp:36]   --->   Operation 88 'br' <Predicate = (!exitcond1_i_i)> <Delay = 0.00>
ST_2 : Operation 89 [1/1] (0.00ns)   --->   "br i1 %tmp_2, label %branch56.i.i, label %branch48.i.i" [MathieuHelpMe/Classifier.cpp:36]   --->   Operation 89 'br' <Predicate = (!exitcond1_i_i)> <Delay = 0.00>
ST_2 : Operation 90 [1/1] (0.00ns)   --->   "br i1 %tmp_2, label %branch40.i.i, label %branch32.i.i" [MathieuHelpMe/Classifier.cpp:36]   --->   Operation 90 'br' <Predicate = (!exitcond1_i_i)> <Delay = 0.00>
ST_2 : Operation 91 [1/1] (0.00ns)   --->   "br i1 %tmp_2, label %branch24.i.i, label %branch16.i.i" [MathieuHelpMe/Classifier.cpp:36]   --->   Operation 91 'br' <Predicate = (!exitcond1_i_i)> <Delay = 0.00>
ST_2 : Operation 92 [1/1] (0.00ns)   --->   "br i1 %tmp_2, label %branch8.i.i, label %branch0.i.i" [MathieuHelpMe/Classifier.cpp:36]   --->   Operation 92 'br' <Predicate = (!exitcond1_i_i)> <Delay = 0.00>

State 3 <SV = 2> <Delay = 6.48>
ST_3 : Operation 93 [1/1] (0.00ns)   --->   "%tmp_i_i = call i32 (...)* @_ssdm_op_SpecRegionBegin([12 x i8]* @p_str8)" [MathieuHelpMe/Classifier.cpp:26]   --->   Operation 93 'specregionbegin' 'tmp_i_i' <Predicate = (!exitcond1_i_i)> <Delay = 0.00>
ST_3 : Operation 94 [1/1] (0.00ns)   --->   "call void (...)* @_ssdm_op_SpecLoopTripCount(i32 98, i32 98, i32 98, [1 x i8]* @p_str2) nounwind" [MathieuHelpMe/Classifier.cpp:27]   --->   Operation 94 'speclooptripcount' <Predicate = (!exitcond1_i_i)> <Delay = 0.00>
ST_3 : Operation 95 [1/1] (0.00ns)   --->   "call void (...)* @_ssdm_op_SpecPipeline(i32 1, i32 1, i32 1, i32 0, [1 x i8]* @p_str2) nounwind" [MathieuHelpMe/Classifier.cpp:28]   --->   Operation 95 'specpipeline' <Predicate = (!exitcond1_i_i)> <Delay = 0.00>
ST_3 : Operation 96 [1/2] (0.00ns)   --->   "%empty = call { i64, i8, i8, i1, i1, i1, i1 } @_ssdm_op_Read.axis.volatile.i64P.i8P.i8P.i1P.i1P.i1P.i1P(i64* %in_stream_V_data_V, i8* %in_stream_V_keep_V, i8* %in_stream_V_strb_V, i1* %in_stream_V_user_V, i1* %in_stream_V_last_V, i1* %in_stream_V_id_V, i1* %in_stream_V_dest_V)" [MathieuHelpMe/Classifier.cpp:29]   --->   Operation 96 'read' 'empty' <Predicate = (!exitcond1_i_i)> <Delay = 0.00> <Core = "AXI4Stream">   --->   Core 5 'AXI4Stream' <Latency = 0> <II = 1> <Delay = 1.00> <Adapter> <Opcode : >
ST_3 : Operation 97 [1/1] (0.00ns)   --->   "%tmp_data_V = extractvalue { i64, i8, i8, i1, i1, i1, i1 } %empty, 0" [MathieuHelpMe/Classifier.cpp:29]   --->   Operation 97 'extractvalue' 'tmp_data_V' <Predicate = (!exitcond1_i_i)> <Delay = 0.00>
ST_3 : Operation 98 [1/1] (0.00ns)   --->   "%tmp_3 = trunc i64 %tmp_data_V to i8" [MathieuHelpMe/Classifier.cpp:35]   --->   Operation 98 'trunc' 'tmp_3' <Predicate = (!exitcond1_i_i)> <Delay = 0.00>
ST_3 : Operation 99 [1/1] (0.00ns)   --->   "%newIndex1_i_i = zext i6 %tmp_2_cast_i_i to i64" [MathieuHelpMe/Classifier.cpp:26]   --->   Operation 99 'zext' 'newIndex1_i_i' <Predicate = (!exitcond1_i_i)> <Delay = 0.00>
ST_3 : Operation 100 [1/1] (0.00ns)   --->   "%x_local_0_V_addr = getelementptr [49 x i8]* %x_local_0_V, i64 0, i64 %newIndex1_i_i" [MathieuHelpMe/Classifier.cpp:36]   --->   Operation 100 'getelementptr' 'x_local_0_V_addr' <Predicate = (!exitcond1_i_i)> <Delay = 0.00>
ST_3 : Operation 101 [1/1] (0.00ns)   --->   "%x_local_8_V_addr = getelementptr [49 x i8]* %x_local_8_V, i64 0, i64 %newIndex1_i_i" [MathieuHelpMe/Classifier.cpp:36]   --->   Operation 101 'getelementptr' 'x_local_8_V_addr' <Predicate = (!exitcond1_i_i)> <Delay = 0.00>
ST_3 : Operation 102 [1/1] (2.32ns)   --->   "store i8 %tmp_3, i8* %x_local_0_V_addr, align 1" [MathieuHelpMe/Classifier.cpp:36]   --->   Operation 102 'store' <Predicate = (!tmp_2)> <Delay = 2.32> <Core = "RAM">   --->   Core 37 'RAM' <Latency = 1> <II = 1> <Delay = 2.32> <Storage> <Opcode : 'load' 'store'> <Ports = 2> <Width = 8> <Depth = 49> <RAM>
ST_3 : Operation 103 [1/1] (0.00ns)   --->   "br label %2" [MathieuHelpMe/Classifier.cpp:36]   --->   Operation 103 'br' <Predicate = (!tmp_2)> <Delay = 0.00>
ST_3 : Operation 104 [1/1] (2.32ns)   --->   "store i8 %tmp_3, i8* %x_local_8_V_addr, align 1" [MathieuHelpMe/Classifier.cpp:36]   --->   Operation 104 'store' <Predicate = (tmp_2)> <Delay = 2.32> <Core = "RAM">   --->   Core 37 'RAM' <Latency = 1> <II = 1> <Delay = 2.32> <Storage> <Opcode : 'load' 'store'> <Ports = 2> <Width = 8> <Depth = 49> <RAM>
ST_3 : Operation 105 [1/1] (0.00ns)   --->   "br label %2" [MathieuHelpMe/Classifier.cpp:36]   --->   Operation 105 'br' <Predicate = (tmp_2)> <Delay = 0.00>
ST_3 : Operation 106 [1/1] (0.00ns)   --->   "%OP1_V_i_i = sext i8 %tmp_3 to i16" [MathieuHelpMe/Classifier.cpp:38]   --->   Operation 106 'sext' 'OP1_V_i_i' <Predicate = (!exitcond1_i_i)> <Delay = 0.00>
ST_3 : Operation 107 [1/1] (4.17ns)   --->   "%r_V_i_i = mul i16 %OP1_V_i_i, %OP1_V_i_i" [MathieuHelpMe/Classifier.cpp:38]   --->   Operation 107 'mul' 'r_V_i_i' <Predicate = (!exitcond1_i_i)> <Delay = 4.17> <Core = "Mul">   --->   Core 16 'Mul' <Latency = 0> <II = 1> <Delay = 4.17> <FuncUnit> <Opcode : 'mul'> <InPorts = 2> <OutPorts = 1>
ST_3 : Operation 108 [1/1] (0.00ns)   --->   "%tmp_9_i_i = call i24 @_ssdm_op_BitConcatenate.i24.i16.i8(i16 %r_V_i_i, i8 0)" [MathieuHelpMe/Classifier.cpp:39]   --->   Operation 108 'bitconcatenate' 'tmp_9_i_i' <Predicate = (!exitcond1_i_i)> <Delay = 0.00>
ST_3 : Operation 109 [1/1] (0.00ns)   --->   "%p_Result_1_i_i = call i8 @_ssdm_op_PartSelect.i8.i64.i32.i32(i64 %tmp_data_V, i32 8, i32 15)" [MathieuHelpMe/Classifier.cpp:35]   --->   Operation 109 'partselect' 'p_Result_1_i_i' <Predicate = (!exitcond1_i_i)> <Delay = 0.00>
ST_3 : Operation 110 [1/1] (0.00ns)   --->   "%x_local_1_V_addr = getelementptr [49 x i8]* %x_local_1_V, i64 0, i64 %newIndex1_i_i" [MathieuHelpMe/Classifier.cpp:36]   --->   Operation 110 'getelementptr' 'x_local_1_V_addr' <Predicate = (!exitcond1_i_i)> <Delay = 0.00>
ST_3 : Operation 111 [1/1] (0.00ns)   --->   "%x_local_9_V_addr = getelementptr [49 x i8]* %x_local_9_V, i64 0, i64 %newIndex1_i_i" [MathieuHelpMe/Classifier.cpp:36]   --->   Operation 111 'getelementptr' 'x_local_9_V_addr' <Predicate = (!exitcond1_i_i)> <Delay = 0.00>
ST_3 : Operation 112 [1/1] (2.32ns)   --->   "store i8 %p_Result_1_i_i, i8* %x_local_1_V_addr, align 1" [MathieuHelpMe/Classifier.cpp:36]   --->   Operation 112 'store' <Predicate = (!tmp_2)> <Delay = 2.32> <Core = "RAM">   --->   Core 37 'RAM' <Latency = 1> <II = 1> <Delay = 2.32> <Storage> <Opcode : 'load' 'store'> <Ports = 2> <Width = 8> <Depth = 49> <RAM>
ST_3 : Operation 113 [1/1] (0.00ns)   --->   "br label %3" [MathieuHelpMe/Classifier.cpp:36]   --->   Operation 113 'br' <Predicate = (!tmp_2)> <Delay = 0.00>
ST_3 : Operation 114 [1/1] (2.32ns)   --->   "store i8 %p_Result_1_i_i, i8* %x_local_9_V_addr, align 1" [MathieuHelpMe/Classifier.cpp:36]   --->   Operation 114 'store' <Predicate = (tmp_2)> <Delay = 2.32> <Core = "RAM">   --->   Core 37 'RAM' <Latency = 1> <II = 1> <Delay = 2.32> <Storage> <Opcode : 'load' 'store'> <Ports = 2> <Width = 8> <Depth = 49> <RAM>
ST_3 : Operation 115 [1/1] (0.00ns)   --->   "br label %3" [MathieuHelpMe/Classifier.cpp:36]   --->   Operation 115 'br' <Predicate = (tmp_2)> <Delay = 0.00>
ST_3 : Operation 116 [1/1] (0.00ns)   --->   "%OP1_V_1_i_i = sext i8 %p_Result_1_i_i to i16" [MathieuHelpMe/Classifier.cpp:38]   --->   Operation 116 'sext' 'OP1_V_1_i_i' <Predicate = (!exitcond1_i_i)> <Delay = 0.00>
ST_3 : Operation 117 [1/1] (4.17ns)   --->   "%r_V_1_i_i = mul i16 %OP1_V_1_i_i, %OP1_V_1_i_i" [MathieuHelpMe/Classifier.cpp:38]   --->   Operation 117 'mul' 'r_V_1_i_i' <Predicate = (!exitcond1_i_i)> <Delay = 4.17> <Core = "Mul">   --->   Core 16 'Mul' <Latency = 0> <II = 1> <Delay = 4.17> <FuncUnit> <Opcode : 'mul'> <InPorts = 2> <OutPorts = 1>
ST_3 : Operation 118 [1/1] (0.00ns)   --->   "%tmp_9_1_i_i = call i24 @_ssdm_op_BitConcatenate.i24.i16.i8(i16 %r_V_1_i_i, i8 0)" [MathieuHelpMe/Classifier.cpp:39]   --->   Operation 118 'bitconcatenate' 'tmp_9_1_i_i' <Predicate = (!exitcond1_i_i)> <Delay = 0.00>
ST_3 : Operation 119 [1/1] (0.00ns)   --->   "%p_Result_2_i_i = call i8 @_ssdm_op_PartSelect.i8.i64.i32.i32(i64 %tmp_data_V, i32 16, i32 23)" [MathieuHelpMe/Classifier.cpp:35]   --->   Operation 119 'partselect' 'p_Result_2_i_i' <Predicate = (!exitcond1_i_i)> <Delay = 0.00>
ST_3 : Operation 120 [1/1] (0.00ns)   --->   "%x_local_2_V_addr = getelementptr [49 x i8]* %x_local_2_V, i64 0, i64 %newIndex1_i_i" [MathieuHelpMe/Classifier.cpp:36]   --->   Operation 120 'getelementptr' 'x_local_2_V_addr' <Predicate = (!exitcond1_i_i)> <Delay = 0.00>
ST_3 : Operation 121 [1/1] (0.00ns)   --->   "%x_local_10_V_addr = getelementptr [49 x i8]* %x_local_10_V, i64 0, i64 %newIndex1_i_i" [MathieuHelpMe/Classifier.cpp:36]   --->   Operation 121 'getelementptr' 'x_local_10_V_addr' <Predicate = (!exitcond1_i_i)> <Delay = 0.00>
ST_3 : Operation 122 [1/1] (2.32ns)   --->   "store i8 %p_Result_2_i_i, i8* %x_local_2_V_addr, align 1" [MathieuHelpMe/Classifier.cpp:36]   --->   Operation 122 'store' <Predicate = (!tmp_2)> <Delay = 2.32> <Core = "RAM">   --->   Core 37 'RAM' <Latency = 1> <II = 1> <Delay = 2.32> <Storage> <Opcode : 'load' 'store'> <Ports = 2> <Width = 8> <Depth = 49> <RAM>
ST_3 : Operation 123 [1/1] (0.00ns)   --->   "br label %4" [MathieuHelpMe/Classifier.cpp:36]   --->   Operation 123 'br' <Predicate = (!tmp_2)> <Delay = 0.00>
ST_3 : Operation 124 [1/1] (2.32ns)   --->   "store i8 %p_Result_2_i_i, i8* %x_local_10_V_addr, align 1" [MathieuHelpMe/Classifier.cpp:36]   --->   Operation 124 'store' <Predicate = (tmp_2)> <Delay = 2.32> <Core = "RAM">   --->   Core 37 'RAM' <Latency = 1> <II = 1> <Delay = 2.32> <Storage> <Opcode : 'load' 'store'> <Ports = 2> <Width = 8> <Depth = 49> <RAM>
ST_3 : Operation 125 [1/1] (0.00ns)   --->   "br label %4" [MathieuHelpMe/Classifier.cpp:36]   --->   Operation 125 'br' <Predicate = (tmp_2)> <Delay = 0.00>
ST_3 : Operation 126 [1/1] (0.00ns)   --->   "%OP1_V_2_i_i = sext i8 %p_Result_2_i_i to i16" [MathieuHelpMe/Classifier.cpp:38]   --->   Operation 126 'sext' 'OP1_V_2_i_i' <Predicate = (!exitcond1_i_i)> <Delay = 0.00>
ST_3 : Operation 127 [1/1] (4.17ns)   --->   "%r_V_2_i_i = mul i16 %OP1_V_2_i_i, %OP1_V_2_i_i" [MathieuHelpMe/Classifier.cpp:38]   --->   Operation 127 'mul' 'r_V_2_i_i' <Predicate = (!exitcond1_i_i)> <Delay = 4.17> <Core = "Mul">   --->   Core 16 'Mul' <Latency = 0> <II = 1> <Delay = 4.17> <FuncUnit> <Opcode : 'mul'> <InPorts = 2> <OutPorts = 1>
ST_3 : Operation 128 [1/1] (0.00ns)   --->   "%p_Result_3_i_i = call i8 @_ssdm_op_PartSelect.i8.i64.i32.i32(i64 %tmp_data_V, i32 24, i32 31)" [MathieuHelpMe/Classifier.cpp:35]   --->   Operation 128 'partselect' 'p_Result_3_i_i' <Predicate = (!exitcond1_i_i)> <Delay = 0.00>
ST_3 : Operation 129 [1/1] (0.00ns)   --->   "%x_local_3_V_addr = getelementptr [49 x i8]* %x_local_3_V, i64 0, i64 %newIndex1_i_i" [MathieuHelpMe/Classifier.cpp:36]   --->   Operation 129 'getelementptr' 'x_local_3_V_addr' <Predicate = (!exitcond1_i_i)> <Delay = 0.00>
ST_3 : Operation 130 [1/1] (0.00ns)   --->   "%x_local_11_V_addr = getelementptr [49 x i8]* %x_local_11_V, i64 0, i64 %newIndex1_i_i" [MathieuHelpMe/Classifier.cpp:36]   --->   Operation 130 'getelementptr' 'x_local_11_V_addr' <Predicate = (!exitcond1_i_i)> <Delay = 0.00>
ST_3 : Operation 131 [1/1] (2.32ns)   --->   "store i8 %p_Result_3_i_i, i8* %x_local_3_V_addr, align 1" [MathieuHelpMe/Classifier.cpp:36]   --->   Operation 131 'store' <Predicate = (!tmp_2)> <Delay = 2.32> <Core = "RAM">   --->   Core 37 'RAM' <Latency = 1> <II = 1> <Delay = 2.32> <Storage> <Opcode : 'load' 'store'> <Ports = 2> <Width = 8> <Depth = 49> <RAM>
ST_3 : Operation 132 [1/1] (0.00ns)   --->   "br label %5" [MathieuHelpMe/Classifier.cpp:36]   --->   Operation 132 'br' <Predicate = (!tmp_2)> <Delay = 0.00>
ST_3 : Operation 133 [1/1] (2.32ns)   --->   "store i8 %p_Result_3_i_i, i8* %x_local_11_V_addr, align 1" [MathieuHelpMe/Classifier.cpp:36]   --->   Operation 133 'store' <Predicate = (tmp_2)> <Delay = 2.32> <Core = "RAM">   --->   Core 37 'RAM' <Latency = 1> <II = 1> <Delay = 2.32> <Storage> <Opcode : 'load' 'store'> <Ports = 2> <Width = 8> <Depth = 49> <RAM>
ST_3 : Operation 134 [1/1] (0.00ns)   --->   "br label %5" [MathieuHelpMe/Classifier.cpp:36]   --->   Operation 134 'br' <Predicate = (tmp_2)> <Delay = 0.00>
ST_3 : Operation 135 [1/1] (0.00ns)   --->   "%OP1_V_3_i_i = sext i8 %p_Result_3_i_i to i16" [MathieuHelpMe/Classifier.cpp:38]   --->   Operation 135 'sext' 'OP1_V_3_i_i' <Predicate = (!exitcond1_i_i)> <Delay = 0.00>
ST_3 : Operation 136 [1/1] (4.17ns)   --->   "%r_V_3_i_i = mul i16 %OP1_V_3_i_i, %OP1_V_3_i_i" [MathieuHelpMe/Classifier.cpp:38]   --->   Operation 136 'mul' 'r_V_3_i_i' <Predicate = (!exitcond1_i_i)> <Delay = 4.17> <Core = "Mul">   --->   Core 16 'Mul' <Latency = 0> <II = 1> <Delay = 4.17> <FuncUnit> <Opcode : 'mul'> <InPorts = 2> <OutPorts = 1>
ST_3 : Operation 137 [1/1] (0.00ns)   --->   "%p_Result_4_i_i = call i8 @_ssdm_op_PartSelect.i8.i64.i32.i32(i64 %tmp_data_V, i32 32, i32 39)" [MathieuHelpMe/Classifier.cpp:35]   --->   Operation 137 'partselect' 'p_Result_4_i_i' <Predicate = (!exitcond1_i_i)> <Delay = 0.00>
ST_3 : Operation 138 [1/1] (0.00ns)   --->   "%x_local_4_V_addr = getelementptr [49 x i8]* %x_local_4_V, i64 0, i64 %newIndex1_i_i" [MathieuHelpMe/Classifier.cpp:36]   --->   Operation 138 'getelementptr' 'x_local_4_V_addr' <Predicate = (!exitcond1_i_i)> <Delay = 0.00>
ST_3 : Operation 139 [1/1] (0.00ns)   --->   "%x_local_12_V_addr = getelementptr [49 x i8]* %x_local_12_V, i64 0, i64 %newIndex1_i_i" [MathieuHelpMe/Classifier.cpp:36]   --->   Operation 139 'getelementptr' 'x_local_12_V_addr' <Predicate = (!exitcond1_i_i)> <Delay = 0.00>
ST_3 : Operation 140 [1/1] (2.32ns)   --->   "store i8 %p_Result_4_i_i, i8* %x_local_4_V_addr, align 1" [MathieuHelpMe/Classifier.cpp:36]   --->   Operation 140 'store' <Predicate = (!tmp_2)> <Delay = 2.32> <Core = "RAM">   --->   Core 37 'RAM' <Latency = 1> <II = 1> <Delay = 2.32> <Storage> <Opcode : 'load' 'store'> <Ports = 2> <Width = 8> <Depth = 49> <RAM>
ST_3 : Operation 141 [1/1] (0.00ns)   --->   "br label %6" [MathieuHelpMe/Classifier.cpp:36]   --->   Operation 141 'br' <Predicate = (!tmp_2)> <Delay = 0.00>
ST_3 : Operation 142 [1/1] (2.32ns)   --->   "store i8 %p_Result_4_i_i, i8* %x_local_12_V_addr, align 1" [MathieuHelpMe/Classifier.cpp:36]   --->   Operation 142 'store' <Predicate = (tmp_2)> <Delay = 2.32> <Core = "RAM">   --->   Core 37 'RAM' <Latency = 1> <II = 1> <Delay = 2.32> <Storage> <Opcode : 'load' 'store'> <Ports = 2> <Width = 8> <Depth = 49> <RAM>
ST_3 : Operation 143 [1/1] (0.00ns)   --->   "br label %6" [MathieuHelpMe/Classifier.cpp:36]   --->   Operation 143 'br' <Predicate = (tmp_2)> <Delay = 0.00>
ST_3 : Operation 144 [1/1] (0.00ns)   --->   "%OP1_V_4_i_i = sext i8 %p_Result_4_i_i to i16" [MathieuHelpMe/Classifier.cpp:38]   --->   Operation 144 'sext' 'OP1_V_4_i_i' <Predicate = (!exitcond1_i_i)> <Delay = 0.00>
ST_3 : Operation 145 [1/1] (4.17ns)   --->   "%r_V_4_i_i = mul i16 %OP1_V_4_i_i, %OP1_V_4_i_i" [MathieuHelpMe/Classifier.cpp:38]   --->   Operation 145 'mul' 'r_V_4_i_i' <Predicate = (!exitcond1_i_i)> <Delay = 4.17> <Core = "Mul">   --->   Core 16 'Mul' <Latency = 0> <II = 1> <Delay = 4.17> <FuncUnit> <Opcode : 'mul'> <InPorts = 2> <OutPorts = 1>
ST_3 : Operation 146 [1/1] (0.00ns)   --->   "%tmp_9_4_i_i = call i24 @_ssdm_op_BitConcatenate.i24.i16.i8(i16 %r_V_4_i_i, i8 0)" [MathieuHelpMe/Classifier.cpp:39]   --->   Operation 146 'bitconcatenate' 'tmp_9_4_i_i' <Predicate = (!exitcond1_i_i)> <Delay = 0.00>
ST_3 : Operation 147 [1/1] (0.00ns)   --->   "%p_Result_5_i_i = call i8 @_ssdm_op_PartSelect.i8.i64.i32.i32(i64 %tmp_data_V, i32 40, i32 47)" [MathieuHelpMe/Classifier.cpp:35]   --->   Operation 147 'partselect' 'p_Result_5_i_i' <Predicate = (!exitcond1_i_i)> <Delay = 0.00>
ST_3 : Operation 148 [1/1] (0.00ns)   --->   "%x_local_5_V_addr = getelementptr [49 x i8]* %x_local_5_V, i64 0, i64 %newIndex1_i_i" [MathieuHelpMe/Classifier.cpp:36]   --->   Operation 148 'getelementptr' 'x_local_5_V_addr' <Predicate = (!exitcond1_i_i)> <Delay = 0.00>
ST_3 : Operation 149 [1/1] (0.00ns)   --->   "%x_local_13_V_addr = getelementptr [49 x i8]* %x_local_13_V, i64 0, i64 %newIndex1_i_i" [MathieuHelpMe/Classifier.cpp:36]   --->   Operation 149 'getelementptr' 'x_local_13_V_addr' <Predicate = (!exitcond1_i_i)> <Delay = 0.00>
ST_3 : Operation 150 [1/1] (2.32ns)   --->   "store i8 %p_Result_5_i_i, i8* %x_local_5_V_addr, align 1" [MathieuHelpMe/Classifier.cpp:36]   --->   Operation 150 'store' <Predicate = (!tmp_2)> <Delay = 2.32> <Core = "RAM">   --->   Core 37 'RAM' <Latency = 1> <II = 1> <Delay = 2.32> <Storage> <Opcode : 'load' 'store'> <Ports = 2> <Width = 8> <Depth = 49> <RAM>
ST_3 : Operation 151 [1/1] (0.00ns)   --->   "br label %7" [MathieuHelpMe/Classifier.cpp:36]   --->   Operation 151 'br' <Predicate = (!tmp_2)> <Delay = 0.00>
ST_3 : Operation 152 [1/1] (2.32ns)   --->   "store i8 %p_Result_5_i_i, i8* %x_local_13_V_addr, align 1" [MathieuHelpMe/Classifier.cpp:36]   --->   Operation 152 'store' <Predicate = (tmp_2)> <Delay = 2.32> <Core = "RAM">   --->   Core 37 'RAM' <Latency = 1> <II = 1> <Delay = 2.32> <Storage> <Opcode : 'load' 'store'> <Ports = 2> <Width = 8> <Depth = 49> <RAM>
ST_3 : Operation 153 [1/1] (0.00ns)   --->   "br label %7" [MathieuHelpMe/Classifier.cpp:36]   --->   Operation 153 'br' <Predicate = (tmp_2)> <Delay = 0.00>
ST_3 : Operation 154 [1/1] (0.00ns)   --->   "%OP1_V_5_i_i = sext i8 %p_Result_5_i_i to i16" [MathieuHelpMe/Classifier.cpp:38]   --->   Operation 154 'sext' 'OP1_V_5_i_i' <Predicate = (!exitcond1_i_i)> <Delay = 0.00>
ST_3 : Operation 155 [1/1] (4.17ns)   --->   "%r_V_5_i_i = mul i16 %OP1_V_5_i_i, %OP1_V_5_i_i" [MathieuHelpMe/Classifier.cpp:38]   --->   Operation 155 'mul' 'r_V_5_i_i' <Predicate = (!exitcond1_i_i)> <Delay = 4.17> <Core = "Mul">   --->   Core 16 'Mul' <Latency = 0> <II = 1> <Delay = 4.17> <FuncUnit> <Opcode : 'mul'> <InPorts = 2> <OutPorts = 1>
ST_3 : Operation 156 [1/1] (0.00ns)   --->   "%tmp_9_5_i_i = call i24 @_ssdm_op_BitConcatenate.i24.i16.i8(i16 %r_V_5_i_i, i8 0)" [MathieuHelpMe/Classifier.cpp:39]   --->   Operation 156 'bitconcatenate' 'tmp_9_5_i_i' <Predicate = (!exitcond1_i_i)> <Delay = 0.00>
ST_3 : Operation 157 [1/1] (0.00ns)   --->   "%p_Result_6_i_i = call i8 @_ssdm_op_PartSelect.i8.i64.i32.i32(i64 %tmp_data_V, i32 48, i32 55)" [MathieuHelpMe/Classifier.cpp:35]   --->   Operation 157 'partselect' 'p_Result_6_i_i' <Predicate = (!exitcond1_i_i)> <Delay = 0.00>
ST_3 : Operation 158 [1/1] (0.00ns)   --->   "%x_local_6_V_addr = getelementptr [49 x i8]* %x_local_6_V, i64 0, i64 %newIndex1_i_i" [MathieuHelpMe/Classifier.cpp:36]   --->   Operation 158 'getelementptr' 'x_local_6_V_addr' <Predicate = (!exitcond1_i_i)> <Delay = 0.00>
ST_3 : Operation 159 [1/1] (0.00ns)   --->   "%x_local_14_V_addr = getelementptr [49 x i8]* %x_local_14_V, i64 0, i64 %newIndex1_i_i" [MathieuHelpMe/Classifier.cpp:36]   --->   Operation 159 'getelementptr' 'x_local_14_V_addr' <Predicate = (!exitcond1_i_i)> <Delay = 0.00>
ST_3 : Operation 160 [1/1] (2.32ns)   --->   "store i8 %p_Result_6_i_i, i8* %x_local_6_V_addr, align 1" [MathieuHelpMe/Classifier.cpp:36]   --->   Operation 160 'store' <Predicate = (!tmp_2)> <Delay = 2.32> <Core = "RAM">   --->   Core 37 'RAM' <Latency = 1> <II = 1> <Delay = 2.32> <Storage> <Opcode : 'load' 'store'> <Ports = 2> <Width = 8> <Depth = 49> <RAM>
ST_3 : Operation 161 [1/1] (0.00ns)   --->   "br label %8" [MathieuHelpMe/Classifier.cpp:36]   --->   Operation 161 'br' <Predicate = (!tmp_2)> <Delay = 0.00>
ST_3 : Operation 162 [1/1] (2.32ns)   --->   "store i8 %p_Result_6_i_i, i8* %x_local_14_V_addr, align 1" [MathieuHelpMe/Classifier.cpp:36]   --->   Operation 162 'store' <Predicate = (tmp_2)> <Delay = 2.32> <Core = "RAM">   --->   Core 37 'RAM' <Latency = 1> <II = 1> <Delay = 2.32> <Storage> <Opcode : 'load' 'store'> <Ports = 2> <Width = 8> <Depth = 49> <RAM>
ST_3 : Operation 163 [1/1] (0.00ns)   --->   "br label %8" [MathieuHelpMe/Classifier.cpp:36]   --->   Operation 163 'br' <Predicate = (tmp_2)> <Delay = 0.00>
ST_3 : Operation 164 [1/1] (0.00ns)   --->   "%OP1_V_6_i_i = sext i8 %p_Result_6_i_i to i16" [MathieuHelpMe/Classifier.cpp:38]   --->   Operation 164 'sext' 'OP1_V_6_i_i' <Predicate = (!exitcond1_i_i)> <Delay = 0.00>
ST_3 : Operation 165 [1/1] (4.17ns)   --->   "%r_V_6_i_i = mul i16 %OP1_V_6_i_i, %OP1_V_6_i_i" [MathieuHelpMe/Classifier.cpp:38]   --->   Operation 165 'mul' 'r_V_6_i_i' <Predicate = (!exitcond1_i_i)> <Delay = 4.17> <Core = "Mul">   --->   Core 16 'Mul' <Latency = 0> <II = 1> <Delay = 4.17> <FuncUnit> <Opcode : 'mul'> <InPorts = 2> <OutPorts = 1>
ST_3 : Operation 166 [1/1] (0.00ns)   --->   "%p_Result_7_i_i = call i8 @_ssdm_op_PartSelect.i8.i64.i32.i32(i64 %tmp_data_V, i32 56, i32 63)" [MathieuHelpMe/Classifier.cpp:35]   --->   Operation 166 'partselect' 'p_Result_7_i_i' <Predicate = (!exitcond1_i_i)> <Delay = 0.00>
ST_3 : Operation 167 [1/1] (0.00ns)   --->   "%x_local_7_V_addr = getelementptr [49 x i8]* %x_local_7_V, i64 0, i64 %newIndex1_i_i" [MathieuHelpMe/Classifier.cpp:36]   --->   Operation 167 'getelementptr' 'x_local_7_V_addr' <Predicate = (!exitcond1_i_i)> <Delay = 0.00>
ST_3 : Operation 168 [1/1] (0.00ns)   --->   "%x_local_15_V_addr = getelementptr [49 x i8]* %x_local_15_V, i64 0, i64 %newIndex1_i_i" [MathieuHelpMe/Classifier.cpp:36]   --->   Operation 168 'getelementptr' 'x_local_15_V_addr' <Predicate = (!exitcond1_i_i)> <Delay = 0.00>
ST_3 : Operation 169 [1/1] (2.32ns)   --->   "store i8 %p_Result_7_i_i, i8* %x_local_7_V_addr, align 1" [MathieuHelpMe/Classifier.cpp:36]   --->   Operation 169 'store' <Predicate = (!tmp_2)> <Delay = 2.32> <Core = "RAM">   --->   Core 37 'RAM' <Latency = 1> <II = 1> <Delay = 2.32> <Storage> <Opcode : 'load' 'store'> <Ports = 2> <Width = 8> <Depth = 49> <RAM>
ST_3 : Operation 170 [1/1] (0.00ns)   --->   "br label %9" [MathieuHelpMe/Classifier.cpp:36]   --->   Operation 170 'br' <Predicate = (!tmp_2)> <Delay = 0.00>
ST_3 : Operation 171 [1/1] (2.32ns)   --->   "store i8 %p_Result_7_i_i, i8* %x_local_15_V_addr, align 1" [MathieuHelpMe/Classifier.cpp:36]   --->   Operation 171 'store' <Predicate = (tmp_2)> <Delay = 2.32> <Core = "RAM">   --->   Core 37 'RAM' <Latency = 1> <II = 1> <Delay = 2.32> <Storage> <Opcode : 'load' 'store'> <Ports = 2> <Width = 8> <Depth = 49> <RAM>
ST_3 : Operation 172 [1/1] (0.00ns)   --->   "br label %9" [MathieuHelpMe/Classifier.cpp:36]   --->   Operation 172 'br' <Predicate = (tmp_2)> <Delay = 0.00>
ST_3 : Operation 173 [1/1] (0.00ns)   --->   "%OP1_V_7_i_i = sext i8 %p_Result_7_i_i to i16" [MathieuHelpMe/Classifier.cpp:38]   --->   Operation 173 'sext' 'OP1_V_7_i_i' <Predicate = (!exitcond1_i_i)> <Delay = 0.00>
ST_3 : Operation 174 [1/1] (4.17ns)   --->   "%r_V_7_i_i = mul i16 %OP1_V_7_i_i, %OP1_V_7_i_i" [MathieuHelpMe/Classifier.cpp:38]   --->   Operation 174 'mul' 'r_V_7_i_i' <Predicate = (!exitcond1_i_i)> <Delay = 4.17> <Core = "Mul">   --->   Core 16 'Mul' <Latency = 0> <II = 1> <Delay = 4.17> <FuncUnit> <Opcode : 'mul'> <InPorts = 2> <OutPorts = 1>
ST_3 : Operation 175 [1/1] (2.31ns)   --->   "%tmp1 = add i24 %tmp_9_1_i_i, %tmp_9_i_i" [MathieuHelpMe/Classifier.cpp:39]   --->   Operation 175 'add' 'tmp1' <Predicate = (!exitcond1_i_i)> <Delay = 2.31> <Core = "AddSub">   --->   Core 14 'AddSub' <Latency = 0> <II = 1> <Delay = 2.31> <FuncUnit> <Opcode : 'add' 'sub'> <InPorts = 2> <OutPorts = 1>
ST_3 : Operation 176 [1/1] (2.31ns)   --->   "%tmp4 = add i24 %tmp_9_5_i_i, %tmp_9_4_i_i" [MathieuHelpMe/Classifier.cpp:39]   --->   Operation 176 'add' 'tmp4' <Predicate = (!exitcond1_i_i)> <Delay = 2.31> <Core = "AddSub">   --->   Core 14 'AddSub' <Latency = 0> <II = 1> <Delay = 2.31> <FuncUnit> <Opcode : 'add' 'sub'> <InPorts = 2> <OutPorts = 1>

State 4 <SV = 3> <Delay = 8.27>
ST_4 : Operation 177 [1/1] (0.00ns)   --->   "%tmp_9_2_i_i = call i24 @_ssdm_op_BitConcatenate.i24.i16.i8(i16 %r_V_2_i_i, i8 0)" [MathieuHelpMe/Classifier.cpp:39]   --->   Operation 177 'bitconcatenate' 'tmp_9_2_i_i' <Predicate = (!exitcond1_i_i)> <Delay = 0.00>
ST_4 : Operation 178 [1/1] (0.00ns)   --->   "%tmp_9_3_i_i = call i24 @_ssdm_op_BitConcatenate.i24.i16.i8(i16 %r_V_3_i_i, i8 0)" [MathieuHelpMe/Classifier.cpp:39]   --->   Operation 178 'bitconcatenate' 'tmp_9_3_i_i' <Predicate = (!exitcond1_i_i)> <Delay = 0.00>
ST_4 : Operation 179 [1/1] (0.00ns)   --->   "%tmp_9_6_i_i = call i24 @_ssdm_op_BitConcatenate.i24.i16.i8(i16 %r_V_6_i_i, i8 0)" [MathieuHelpMe/Classifier.cpp:39]   --->   Operation 179 'bitconcatenate' 'tmp_9_6_i_i' <Predicate = (!exitcond1_i_i)> <Delay = 0.00>
ST_4 : Operation 180 [1/1] (0.00ns)   --->   "%tmp_9_7_i_i = call i24 @_ssdm_op_BitConcatenate.i24.i16.i8(i16 %r_V_7_i_i, i8 0)" [MathieuHelpMe/Classifier.cpp:39]   --->   Operation 180 'bitconcatenate' 'tmp_9_7_i_i' <Predicate = (!exitcond1_i_i)> <Delay = 0.00>
ST_4 : Operation 181 [1/1] (0.00ns) (grouped into TernaryAdder)   --->   "%tmp2 = add i24 %tmp_9_3_i_i, %tmp_9_2_i_i" [MathieuHelpMe/Classifier.cpp:39]   --->   Operation 181 'add' 'tmp2' <Predicate = (!exitcond1_i_i)> <Delay = 0.00> <Core = "TAddSub">   --->   Core 80 'TAddSub' <Latency = 0> <II = 1> <Delay = 2.18> <IPBlock> <Opcode : 'add' 'sub'> <InPorts = 3> <OutPorts = 1> <Sync> <CReg>
ST_4 : Operation 182 [1/1] (4.13ns) (root node of TernaryAdder)   --->   "%tmp = add i24 %tmp1, %tmp2" [MathieuHelpMe/Classifier.cpp:39]   --->   Operation 182 'add' 'tmp' <Predicate = (!exitcond1_i_i)> <Delay = 4.13> <Core = "TAddSub">   --->   Core 80 'TAddSub' <Latency = 0> <II = 1> <Delay = 2.18> <IPBlock> <Opcode : 'add' 'sub'> <InPorts = 3> <OutPorts = 1> <Sync> <CReg>
ST_4 : Operation 183 [1/1] (0.00ns) (grouped into TernaryAdder)   --->   "%tmp5 = add i24 %tmp_9_7_i_i, %tmp_9_6_i_i" [MathieuHelpMe/Classifier.cpp:39]   --->   Operation 183 'add' 'tmp5' <Predicate = (!exitcond1_i_i)> <Delay = 0.00> <Core = "TAddSub">   --->   Core 80 'TAddSub' <Latency = 0> <II = 1> <Delay = 2.18> <IPBlock> <Opcode : 'add' 'sub'> <InPorts = 3> <OutPorts = 1> <Sync> <CReg>
ST_4 : Operation 184 [1/1] (4.13ns) (root node of TernaryAdder)   --->   "%tmp3 = add i24 %tmp4, %tmp5" [MathieuHelpMe/Classifier.cpp:39]   --->   Operation 184 'add' 'tmp3' <Predicate = (!exitcond1_i_i)> <Delay = 4.13> <Core = "TAddSub">   --->   Core 80 'TAddSub' <Latency = 0> <II = 1> <Delay = 2.18> <IPBlock> <Opcode : 'add' 'sub'> <InPorts = 3> <OutPorts = 1> <Sync> <CReg>
ST_4 : Operation 185 [1/1] (0.00ns) (grouped into TernaryAdder)   --->   "%tmp_1 = add i24 %tmp, %tmp3" [MathieuHelpMe/Classifier.cpp:39]   --->   Operation 185 'add' 'tmp_1' <Predicate = (!exitcond1_i_i)> <Delay = 0.00> <Core = "TAddSub">   --->   Core 80 'TAddSub' <Latency = 0> <II = 1> <Delay = 2.18> <IPBlock> <Opcode : 'add' 'sub'> <InPorts = 3> <OutPorts = 1> <Sync> <CReg>
ST_4 : Operation 186 [1/1] (4.13ns) (root node of TernaryAdder)   --->   "%p_Val2_4_7_i_i = add i24 %tmp_1, %calculated_norm_V" [MathieuHelpMe/Classifier.cpp:39]   --->   Operation 186 'add' 'p_Val2_4_7_i_i' <Predicate = (!exitcond1_i_i)> <Delay = 4.13> <Core = "TAddSub">   --->   Core 80 'TAddSub' <Latency = 0> <II = 1> <Delay = 2.18> <IPBlock> <Opcode : 'add' 'sub'> <InPorts = 3> <OutPorts = 1> <Sync> <CReg>
ST_4 : Operation 187 [1/1] (0.00ns)   --->   "%empty_27 = call i32 (...)* @_ssdm_op_SpecRegionEnd([12 x i8]* @p_str8, i32 %tmp_i_i)" [MathieuHelpMe/Classifier.cpp:41]   --->   Operation 187 'specregionend' 'empty_27' <Predicate = (!exitcond1_i_i)> <Delay = 0.00>
ST_4 : Operation 188 [1/1] (0.00ns)   --->   "br label %0" [MathieuHelpMe/Classifier.cpp:26]   --->   Operation 188 'br' <Predicate = (!exitcond1_i_i)> <Delay = 0.00>

State 5 <SV = 2> <Delay = 0.00>
ST_5 : Operation 189 [1/1] (0.00ns)   --->   "ret i24 %calculated_norm_V" [MathieuHelpMe/Classifier.cpp:39]   --->   Operation 189 'ret' <Predicate = true> <Delay = 0.00>


============================================================
+ Verbose Summary: Binding
============================================================
STG Binding: 
---------------- STG Properties BEGIN ----------------
- Is combinational: 0
- Is one-state seq: 0
- Is datapath-only: 0
- Is pipelined: 0
- Is top level: 0
Port [ Return ] is wired: 1; IO mode=ap_ctrl_hs:ce=0
Port [ in_stream_V_data_V]:  wired=1; compound=1; hidden=0; nouse=0; global=0; static=0; extern=0; dir=0; type=0; pingpong=0; private_global=0; IO mode=axis:ce=0
Port [ in_stream_V_keep_V]:  wired=1; compound=1; hidden=0; nouse=0; global=0; static=0; extern=0; dir=0; type=0; pingpong=0; private_global=0; IO mode=axis:ce=0
Port [ in_stream_V_strb_V]:  wired=1; compound=1; hidden=0; nouse=0; global=0; static=0; extern=0; dir=0; type=0; pingpong=0; private_global=0; IO mode=axis:ce=0
Port [ in_stream_V_user_V]:  wired=1; compound=1; hidden=0; nouse=0; global=0; static=0; extern=0; dir=0; type=0; pingpong=0; private_global=0; IO mode=axis:ce=0
Port [ in_stream_V_last_V]:  wired=1; compound=1; hidden=0; nouse=0; global=0; static=0; extern=0; dir=0; type=0; pingpong=0; private_global=0; IO mode=axis:ce=0
Port [ in_stream_V_id_V]:  wired=1; compound=1; hidden=0; nouse=0; global=0; static=0; extern=0; dir=0; type=0; pingpong=0; private_global=0; IO mode=axis:ce=0
Port [ in_stream_V_dest_V]:  wired=1; compound=1; hidden=0; nouse=0; global=0; static=0; extern=0; dir=0; type=0; pingpong=0; private_global=0; IO mode=axis:ce=0
Port [ x_local_0_V]:  wired=1; compound=1; hidden=0; nouse=0; global=0; static=0; extern=0; dir=1; type=1; pingpong=1; private_global=0; MemPort=[03]; IO mode=ap_memory:ce=0
Port [ x_local_1_V]:  wired=1; compound=1; hidden=0; nouse=0; global=0; static=0; extern=0; dir=1; type=1; pingpong=1; private_global=0; MemPort=[03]; IO mode=ap_memory:ce=0
Port [ x_local_2_V]:  wired=1; compound=1; hidden=0; nouse=0; global=0; static=0; extern=0; dir=1; type=1; pingpong=1; private_global=0; MemPort=[03]; IO mode=ap_memory:ce=0
Port [ x_local_3_V]:  wired=1; compound=1; hidden=0; nouse=0; global=0; static=0; extern=0; dir=1; type=1; pingpong=1; private_global=0; MemPort=[03]; IO mode=ap_memory:ce=0
Port [ x_local_4_V]:  wired=1; compound=1; hidden=0; nouse=0; global=0; static=0; extern=0; dir=1; type=1; pingpong=1; private_global=0; MemPort=[03]; IO mode=ap_memory:ce=0
Port [ x_local_5_V]:  wired=1; compound=1; hidden=0; nouse=0; global=0; static=0; extern=0; dir=1; type=1; pingpong=1; private_global=0; MemPort=[03]; IO mode=ap_memory:ce=0
Port [ x_local_6_V]:  wired=1; compound=1; hidden=0; nouse=0; global=0; static=0; extern=0; dir=1; type=1; pingpong=1; private_global=0; MemPort=[03]; IO mode=ap_memory:ce=0
Port [ x_local_7_V]:  wired=1; compound=1; hidden=0; nouse=0; global=0; static=0; extern=0; dir=1; type=1; pingpong=1; private_global=0; MemPort=[03]; IO mode=ap_memory:ce=0
Port [ x_local_8_V]:  wired=1; compound=1; hidden=0; nouse=0; global=0; static=0; extern=0; dir=1; type=1; pingpong=1; private_global=0; MemPort=[03]; IO mode=ap_memory:ce=0
Port [ x_local_9_V]:  wired=1; compound=1; hidden=0; nouse=0; global=0; static=0; extern=0; dir=1; type=1; pingpong=1; private_global=0; MemPort=[03]; IO mode=ap_memory:ce=0
Port [ x_local_10_V]:  wired=1; compound=1; hidden=0; nouse=0; global=0; static=0; extern=0; dir=1; type=1; pingpong=1; private_global=0; MemPort=[03]; IO mode=ap_memory:ce=0
Port [ x_local_11_V]:  wired=1; compound=1; hidden=0; nouse=0; global=0; static=0; extern=0; dir=1; type=1; pingpong=1; private_global=0; MemPort=[03]; IO mode=ap_memory:ce=0
Port [ x_local_12_V]:  wired=1; compound=1; hidden=0; nouse=0; global=0; static=0; extern=0; dir=1; type=1; pingpong=1; private_global=0; MemPort=[03]; IO mode=ap_memory:ce=0
Port [ x_local_13_V]:  wired=1; compound=1; hidden=0; nouse=0; global=0; static=0; extern=0; dir=1; type=1; pingpong=1; private_global=0; MemPort=[03]; IO mode=ap_memory:ce=0
Port [ x_local_14_V]:  wired=1; compound=1; hidden=0; nouse=0; global=0; static=0; extern=0; dir=1; type=1; pingpong=1; private_global=0; MemPort=[03]; IO mode=ap_memory:ce=0
Port [ x_local_15_V]:  wired=1; compound=1; hidden=0; nouse=0; global=0; static=0; extern=0; dir=1; type=1; pingpong=1; private_global=0; MemPort=[03]; IO mode=ap_memory:ce=0
Port [ n]:  wired=1; compound=0; hidden=0; nouse=0; global=0; static=0; extern=0; dir=0; type=0; pingpong=0; private_global=0; IO mode=ap_none:ce=0
Port [ num_images]:  wired=1; compound=0; hidden=0; nouse=0; global=0; static=0; extern=0; dir=0; type=0; pingpong=0; private_global=0; IO mode=ap_none:ce=0
Port [ n_out]:  wired=1; compound=1; hidden=0; nouse=0; global=0; static=0; extern=0; dir=1; type=3; pingpong=0; private_global=0; IO mode=ap_fifo:ce=0
Port [ num_images_out]:  wired=1; compound=1; hidden=0; nouse=0; global=0; static=0; extern=0; dir=1; type=3; pingpong=0; private_global=0; IO mode=ap_fifo:ce=0
---------------- STG Properties END ------------------

---------------- Datapath Model BEGIN ----------------

<LifeTime>
<method=bitvector/>
num_images_read   (read             ) [ 000000]
n_read            (read             ) [ 000000]
StgValue_8        (specinterface    ) [ 000000]
StgValue_9        (specinterface    ) [ 000000]
StgValue_10       (specinterface    ) [ 000000]
StgValue_11       (specinterface    ) [ 000000]
StgValue_12       (specinterface    ) [ 000000]
StgValue_13       (specinterface    ) [ 000000]
StgValue_14       (specinterface    ) [ 000000]
StgValue_15       (specinterface    ) [ 000000]
StgValue_16       (specinterface    ) [ 000000]
StgValue_17       (specinterface    ) [ 000000]
StgValue_18       (specinterface    ) [ 000000]
StgValue_19       (specinterface    ) [ 000000]
StgValue_20       (specinterface    ) [ 000000]
StgValue_21       (specinterface    ) [ 000000]
StgValue_22       (specinterface    ) [ 000000]
StgValue_23       (specinterface    ) [ 000000]
StgValue_24       (specinterface    ) [ 000000]
StgValue_25       (specinterface    ) [ 000000]
StgValue_26       (specinterface    ) [ 000000]
StgValue_27       (specinterface    ) [ 000000]
StgValue_28       (specinterface    ) [ 000000]
StgValue_29       (specinterface    ) [ 000000]
StgValue_30       (specinterface    ) [ 000000]
StgValue_31       (specinterface    ) [ 000000]
StgValue_32       (specinterface    ) [ 000000]
StgValue_33       (specinterface    ) [ 000000]
StgValue_34       (specinterface    ) [ 000000]
StgValue_35       (specinterface    ) [ 000000]
StgValue_36       (specinterface    ) [ 000000]
StgValue_37       (specinterface    ) [ 000000]
StgValue_38       (specinterface    ) [ 000000]
StgValue_39       (specinterface    ) [ 000000]
StgValue_40       (specinterface    ) [ 000000]
StgValue_41       (specinterface    ) [ 000000]
StgValue_42       (specinterface    ) [ 000000]
StgValue_43       (specinterface    ) [ 000000]
StgValue_44       (specinterface    ) [ 000000]
StgValue_45       (specinterface    ) [ 000000]
StgValue_46       (specinterface    ) [ 000000]
StgValue_47       (specinterface    ) [ 000000]
StgValue_48       (specinterface    ) [ 000000]
StgValue_49       (specinterface    ) [ 000000]
StgValue_50       (specinterface    ) [ 000000]
StgValue_51       (specinterface    ) [ 000000]
StgValue_52       (specinterface    ) [ 000000]
StgValue_53       (specinterface    ) [ 000000]
StgValue_54       (specinterface    ) [ 000000]
StgValue_55       (specinterface    ) [ 000000]
StgValue_56       (specinterface    ) [ 000000]
StgValue_57       (specinterface    ) [ 000000]
StgValue_58       (specinterface    ) [ 000000]
StgValue_59       (specinterface    ) [ 000000]
StgValue_60       (specinterface    ) [ 000000]
StgValue_61       (specinterface    ) [ 000000]
StgValue_62       (specinterface    ) [ 000000]
StgValue_63       (specinterface    ) [ 000000]
StgValue_64       (specinterface    ) [ 000000]
StgValue_65       (write            ) [ 000000]
StgValue_66       (specinterface    ) [ 000000]
StgValue_67       (write            ) [ 000000]
StgValue_68       (specinterface    ) [ 000000]
StgValue_69       (specinterface    ) [ 000000]
StgValue_70       (specinterface    ) [ 000000]
StgValue_71       (specinterface    ) [ 000000]
StgValue_72       (specinterface    ) [ 000000]
StgValue_73       (specinterface    ) [ 000000]
StgValue_74       (specinterface    ) [ 000000]
StgValue_75       (specinterface    ) [ 000000]
StgValue_76       (br               ) [ 011110]
calculated_norm_V (phi              ) [ 001111]
i_i_i             (phi              ) [ 001000]
exitcond1_i_i     (icmp             ) [ 001110]
i                 (add              ) [ 011110]
StgValue_81       (br               ) [ 000000]
tmp_2             (trunc            ) [ 001100]
tmp_2_cast_i_i    (partselect       ) [ 001100]
StgValue_85       (br               ) [ 000000]
StgValue_86       (br               ) [ 000000]
StgValue_87       (br               ) [ 000000]
StgValue_88       (br               ) [ 000000]
StgValue_89       (br               ) [ 000000]
StgValue_90       (br               ) [ 000000]
StgValue_91       (br               ) [ 000000]
StgValue_92       (br               ) [ 000000]
tmp_i_i           (specregionbegin  ) [ 001010]
StgValue_94       (speclooptripcount) [ 000000]
StgValue_95       (specpipeline     ) [ 000000]
empty             (read             ) [ 000000]
tmp_data_V        (extractvalue     ) [ 000000]
tmp_3             (trunc            ) [ 000000]
newIndex1_i_i     (zext             ) [ 000000]
x_local_0_V_addr  (getelementptr    ) [ 000000]
x_local_8_V_addr  (getelementptr    ) [ 000000]
StgValue_102      (store            ) [ 000000]
StgValue_103      (br               ) [ 000000]
StgValue_104      (store            ) [ 000000]
StgValue_105      (br               ) [ 000000]
OP1_V_i_i         (sext             ) [ 000000]
r_V_i_i           (mul              ) [ 000000]
tmp_9_i_i         (bitconcatenate   ) [ 000000]
p_Result_1_i_i    (partselect       ) [ 000000]
x_local_1_V_addr  (getelementptr    ) [ 000000]
x_local_9_V_addr  (getelementptr    ) [ 000000]
StgValue_112      (store            ) [ 000000]
StgValue_113      (br               ) [ 000000]
StgValue_114      (store            ) [ 000000]
StgValue_115      (br               ) [ 000000]
OP1_V_1_i_i       (sext             ) [ 000000]
r_V_1_i_i         (mul              ) [ 000000]
tmp_9_1_i_i       (bitconcatenate   ) [ 000000]
p_Result_2_i_i    (partselect       ) [ 000000]
x_local_2_V_addr  (getelementptr    ) [ 000000]
x_local_10_V_addr (getelementptr    ) [ 000000]
StgValue_122      (store            ) [ 000000]
StgValue_123      (br               ) [ 000000]
StgValue_124      (store            ) [ 000000]
StgValue_125      (br               ) [ 000000]
OP1_V_2_i_i       (sext             ) [ 000000]
r_V_2_i_i         (mul              ) [ 001010]
p_Result_3_i_i    (partselect       ) [ 000000]
x_local_3_V_addr  (getelementptr    ) [ 000000]
x_local_11_V_addr (getelementptr    ) [ 000000]
StgValue_131      (store            ) [ 000000]
StgValue_132      (br               ) [ 000000]
StgValue_133      (store            ) [ 000000]
StgValue_134      (br               ) [ 000000]
OP1_V_3_i_i       (sext             ) [ 000000]
r_V_3_i_i         (mul              ) [ 001010]
p_Result_4_i_i    (partselect       ) [ 000000]
x_local_4_V_addr  (getelementptr    ) [ 000000]
x_local_12_V_addr (getelementptr    ) [ 000000]
StgValue_140      (store            ) [ 000000]
StgValue_141      (br               ) [ 000000]
StgValue_142      (store            ) [ 000000]
StgValue_143      (br               ) [ 000000]
OP1_V_4_i_i       (sext             ) [ 000000]
r_V_4_i_i         (mul              ) [ 000000]
tmp_9_4_i_i       (bitconcatenate   ) [ 000000]
p_Result_5_i_i    (partselect       ) [ 000000]
x_local_5_V_addr  (getelementptr    ) [ 000000]
x_local_13_V_addr (getelementptr    ) [ 000000]
StgValue_150      (store            ) [ 000000]
StgValue_151      (br               ) [ 000000]
StgValue_152      (store            ) [ 000000]
StgValue_153      (br               ) [ 000000]
OP1_V_5_i_i       (sext             ) [ 000000]
r_V_5_i_i         (mul              ) [ 000000]
tmp_9_5_i_i       (bitconcatenate   ) [ 000000]
p_Result_6_i_i    (partselect       ) [ 000000]
x_local_6_V_addr  (getelementptr    ) [ 000000]
x_local_14_V_addr (getelementptr    ) [ 000000]
StgValue_160      (store            ) [ 000000]
StgValue_161      (br               ) [ 000000]
StgValue_162      (store            ) [ 000000]
StgValue_163      (br               ) [ 000000]
OP1_V_6_i_i       (sext             ) [ 000000]
r_V_6_i_i         (mul              ) [ 001010]
p_Result_7_i_i    (partselect       ) [ 000000]
x_local_7_V_addr  (getelementptr    ) [ 000000]
x_local_15_V_addr (getelementptr    ) [ 000000]
StgValue_169      (store            ) [ 000000]
StgValue_170      (br               ) [ 000000]
StgValue_171      (store            ) [ 000000]
StgValue_172      (br               ) [ 000000]
OP1_V_7_i_i       (sext             ) [ 000000]
r_V_7_i_i         (mul              ) [ 001010]
tmp1              (add              ) [ 001010]
tmp4              (add              ) [ 001010]
tmp_9_2_i_i       (bitconcatenate   ) [ 000000]
tmp_9_3_i_i       (bitconcatenate   ) [ 000000]
tmp_9_6_i_i       (bitconcatenate   ) [ 000000]
tmp_9_7_i_i       (bitconcatenate   ) [ 000000]
tmp2              (add              ) [ 000000]
tmp               (add              ) [ 000000]
tmp5              (add              ) [ 000000]
tmp3              (add              ) [ 000000]
tmp_1             (add              ) [ 000000]
p_Val2_4_7_i_i    (add              ) [ 011110]
empty_27          (specregionend    ) [ 000000]
StgValue_188      (br               ) [ 011110]
StgValue_189      (ret              ) [ 000000]
</LifeTime>

<model>

<comp_list>
<comp id="0" class="1000" name="in_stream_V_data_V">
<pin_list>
<pin id="1" dir="1" index="0" bw="1" slack="0"/>
</pin_list>
<bind>
<StgValue><ssdm name="in_stream_V_data_V"/></StgValue>
</bind>
</comp>

<comp id="2" class="1000" name="in_stream_V_keep_V">
<pin_list>
<pin id="3" dir="1" index="0" bw="1" slack="0"/>
</pin_list>
<bind>
<StgValue><ssdm name="in_stream_V_keep_V"/></StgValue>
</bind>
</comp>

<comp id="4" class="1000" name="in_stream_V_strb_V">
<pin_list>
<pin id="5" dir="1" index="0" bw="1" slack="0"/>
</pin_list>
<bind>
<StgValue><ssdm name="in_stream_V_strb_V"/></StgValue>
</bind>
</comp>

<comp id="6" class="1000" name="in_stream_V_user_V">
<pin_list>
<pin id="7" dir="1" index="0" bw="1" slack="0"/>
</pin_list>
<bind>
<StgValue><ssdm name="in_stream_V_user_V"/></StgValue>
</bind>
</comp>

<comp id="8" class="1000" name="in_stream_V_last_V">
<pin_list>
<pin id="9" dir="1" index="0" bw="1" slack="0"/>
</pin_list>
<bind>
<StgValue><ssdm name="in_stream_V_last_V"/></StgValue>
</bind>
</comp>

<comp id="10" class="1000" name="in_stream_V_id_V">
<pin_list>
<pin id="11" dir="1" index="0" bw="1" slack="0"/>
</pin_list>
<bind>
<StgValue><ssdm name="in_stream_V_id_V"/></StgValue>
</bind>
</comp>

<comp id="12" class="1000" name="in_stream_V_dest_V">
<pin_list>
<pin id="13" dir="1" index="0" bw="1" slack="0"/>
</pin_list>
<bind>
<StgValue><ssdm name="in_stream_V_dest_V"/></StgValue>
</bind>
</comp>

<comp id="14" class="1000" name="x_local_0_V">
<pin_list>
<pin id="15" dir="1" index="0" bw="1" slack="0"/>
</pin_list>
<bind>
<StgValue><ssdm name="x_local_0_V"/><MemPortTyVec>0 3 </MemPortTyVec>
</StgValue>
</bind>
</comp>

<comp id="16" class="1000" name="x_local_1_V">
<pin_list>
<pin id="17" dir="1" index="0" bw="1" slack="0"/>
</pin_list>
<bind>
<StgValue><ssdm name="x_local_1_V"/><MemPortTyVec>0 3 </MemPortTyVec>
</StgValue>
</bind>
</comp>

<comp id="18" class="1000" name="x_local_2_V">
<pin_list>
<pin id="19" dir="1" index="0" bw="1" slack="0"/>
</pin_list>
<bind>
<StgValue><ssdm name="x_local_2_V"/><MemPortTyVec>0 3 </MemPortTyVec>
</StgValue>
</bind>
</comp>

<comp id="20" class="1000" name="x_local_3_V">
<pin_list>
<pin id="21" dir="1" index="0" bw="1" slack="0"/>
</pin_list>
<bind>
<StgValue><ssdm name="x_local_3_V"/><MemPortTyVec>0 3 </MemPortTyVec>
</StgValue>
</bind>
</comp>

<comp id="22" class="1000" name="x_local_4_V">
<pin_list>
<pin id="23" dir="1" index="0" bw="1" slack="0"/>
</pin_list>
<bind>
<StgValue><ssdm name="x_local_4_V"/><MemPortTyVec>0 3 </MemPortTyVec>
</StgValue>
</bind>
</comp>

<comp id="24" class="1000" name="x_local_5_V">
<pin_list>
<pin id="25" dir="1" index="0" bw="1" slack="0"/>
</pin_list>
<bind>
<StgValue><ssdm name="x_local_5_V"/><MemPortTyVec>0 3 </MemPortTyVec>
</StgValue>
</bind>
</comp>

<comp id="26" class="1000" name="x_local_6_V">
<pin_list>
<pin id="27" dir="1" index="0" bw="1" slack="0"/>
</pin_list>
<bind>
<StgValue><ssdm name="x_local_6_V"/><MemPortTyVec>0 3 </MemPortTyVec>
</StgValue>
</bind>
</comp>

<comp id="28" class="1000" name="x_local_7_V">
<pin_list>
<pin id="29" dir="1" index="0" bw="1" slack="0"/>
</pin_list>
<bind>
<StgValue><ssdm name="x_local_7_V"/><MemPortTyVec>0 3 </MemPortTyVec>
</StgValue>
</bind>
</comp>

<comp id="30" class="1000" name="x_local_8_V">
<pin_list>
<pin id="31" dir="1" index="0" bw="1" slack="0"/>
</pin_list>
<bind>
<StgValue><ssdm name="x_local_8_V"/><MemPortTyVec>0 3 </MemPortTyVec>
</StgValue>
</bind>
</comp>

<comp id="32" class="1000" name="x_local_9_V">
<pin_list>
<pin id="33" dir="1" index="0" bw="1" slack="0"/>
</pin_list>
<bind>
<StgValue><ssdm name="x_local_9_V"/><MemPortTyVec>0 3 </MemPortTyVec>
</StgValue>
</bind>
</comp>

<comp id="34" class="1000" name="x_local_10_V">
<pin_list>
<pin id="35" dir="1" index="0" bw="1" slack="0"/>
</pin_list>
<bind>
<StgValue><ssdm name="x_local_10_V"/><MemPortTyVec>0 3 </MemPortTyVec>
</StgValue>
</bind>
</comp>

<comp id="36" class="1000" name="x_local_11_V">
<pin_list>
<pin id="37" dir="1" index="0" bw="1" slack="0"/>
</pin_list>
<bind>
<StgValue><ssdm name="x_local_11_V"/><MemPortTyVec>0 3 </MemPortTyVec>
</StgValue>
</bind>
</comp>

<comp id="38" class="1000" name="x_local_12_V">
<pin_list>
<pin id="39" dir="1" index="0" bw="1" slack="0"/>
</pin_list>
<bind>
<StgValue><ssdm name="x_local_12_V"/><MemPortTyVec>0 3 </MemPortTyVec>
</StgValue>
</bind>
</comp>

<comp id="40" class="1000" name="x_local_13_V">
<pin_list>
<pin id="41" dir="1" index="0" bw="1" slack="0"/>
</pin_list>
<bind>
<StgValue><ssdm name="x_local_13_V"/><MemPortTyVec>0 3 </MemPortTyVec>
</StgValue>
</bind>
</comp>

<comp id="42" class="1000" name="x_local_14_V">
<pin_list>
<pin id="43" dir="1" index="0" bw="1" slack="0"/>
</pin_list>
<bind>
<StgValue><ssdm name="x_local_14_V"/><MemPortTyVec>0 3 </MemPortTyVec>
</StgValue>
</bind>
</comp>

<comp id="44" class="1000" name="x_local_15_V">
<pin_list>
<pin id="45" dir="1" index="0" bw="1" slack="0"/>
</pin_list>
<bind>
<StgValue><ssdm name="x_local_15_V"/><MemPortTyVec>0 3 </MemPortTyVec>
</StgValue>
</bind>
</comp>

<comp id="46" class="1000" name="n">
<pin_list>
<pin id="47" dir="1" index="0" bw="1" slack="0"/>
</pin_list>
<bind>
<StgValue><ssdm name="n"/></StgValue>
</bind>
</comp>

<comp id="48" class="1000" name="num_images">
<pin_list>
<pin id="49" dir="1" index="0" bw="1" slack="0"/>
</pin_list>
<bind>
<StgValue><ssdm name="num_images"/></StgValue>
</bind>
</comp>

<comp id="50" class="1000" name="n_out">
<pin_list>
<pin id="51" dir="1" index="0" bw="1" slack="0"/>
</pin_list>
<bind>
<StgValue><ssdm name="n_out"/></StgValue>
</bind>
</comp>

<comp id="52" class="1000" name="num_images_out">
<pin_list>
<pin id="53" dir="1" index="0" bw="1" slack="0"/>
</pin_list>
<bind>
<StgValue><ssdm name="num_images_out"/></StgValue>
</bind>
</comp>

<comp id="54" class="1001" name="const_54">
<pin_list>
<pin id="55" dir="1" index="0" bw="1" slack="0"/>
</pin_list>
<bind>
<StgValue><ssdm name="_ssdm_op_Read.ap_auto.i32"/></StgValue>
</bind>
</comp>

<comp id="56" class="1001" name="const_56">
<pin_list>
<pin id="57" dir="1" index="0" bw="1" slack="0"/>
</pin_list>
<bind>
<StgValue><ssdm name="_ssdm_op_Read.ap_auto.i31"/></StgValue>
</bind>
</comp>

<comp id="58" class="1001" name="const_58">
<pin_list>
<pin id="59" dir="1" index="0" bw="1" slack="2147483647"/>
</pin_list>
<bind>
<StgValue><ssdm name="_ssdm_op_SpecInterface"/></StgValue>
</bind>
</comp>

<comp id="60" class="1001" name="const_60">
<pin_list>
<pin id="61" dir="1" index="0" bw="1" slack="2147483647"/>
</pin_list>
<bind>
<StgValue><ssdm name="p_str26"/></StgValue>
</bind>
</comp>

<comp id="62" class="1001" name="const_62">
<pin_list>
<pin id="63" dir="1" index="0" bw="1" slack="0"/>
</pin_list>
<bind>
<StgValue><ssdm name=""/></StgValue>
</bind>
</comp>

<comp id="64" class="1001" name="const_64">
<pin_list>
<pin id="65" dir="1" index="0" bw="1" slack="2147483647"/>
</pin_list>
<bind>
<StgValue><ssdm name="p_str27"/></StgValue>
</bind>
</comp>

<comp id="66" class="1001" name="const_66">
<pin_list>
<pin id="67" dir="1" index="0" bw="1" slack="2147483647"/>
</pin_list>
<bind>
<StgValue><ssdm name=""/></StgValue>
</bind>
</comp>

<comp id="68" class="1001" name="const_68">
<pin_list>
<pin id="69" dir="1" index="0" bw="1" slack="2147483647"/>
</pin_list>
<bind>
<StgValue><ssdm name="p_str2"/></StgValue>
</bind>
</comp>

<comp id="70" class="1001" name="const_70">
<pin_list>
<pin id="71" dir="1" index="0" bw="1" slack="2147483647"/>
</pin_list>
<bind>
<StgValue><ssdm name="ap_fifo_str"/></StgValue>
</bind>
</comp>

<comp id="72" class="1001" name="const_72">
<pin_list>
<pin id="73" dir="1" index="0" bw="1" slack="2147483647"/>
</pin_list>
<bind>
<StgValue><ssdm name="p_str"/></StgValue>
</bind>
</comp>

<comp id="74" class="1001" name="const_74">
<pin_list>
<pin id="75" dir="1" index="0" bw="1" slack="2147483647"/>
</pin_list>
<bind>
<StgValue><ssdm name=""/></StgValue>
</bind>
</comp>

<comp id="76" class="1001" name="const_76">
<pin_list>
<pin id="77" dir="1" index="0" bw="1" slack="0"/>
</pin_list>
<bind>
<StgValue><ssdm name=""/></StgValue>
</bind>
</comp>

<comp id="78" class="1001" name="const_78">
<pin_list>
<pin id="79" dir="1" index="0" bw="1" slack="0"/>
</pin_list>
<bind>
<StgValue><ssdm name="_ssdm_op_Write.ap_fifo.i31P"/></StgValue>
</bind>
</comp>

<comp id="80" class="1001" name="const_80">
<pin_list>
<pin id="81" dir="1" index="0" bw="1" slack="0"/>
</pin_list>
<bind>
<StgValue><ssdm name="_ssdm_op_Write.ap_fifo.i32P"/></StgValue>
</bind>
</comp>

<comp id="82" class="1001" name="const_82">
<pin_list>
<pin id="83" dir="1" index="0" bw="1" slack="1"/>
</pin_list>
<bind>
<StgValue><ssdm name=""/></StgValue>
</bind>
</comp>

<comp id="84" class="1001" name="const_84">
<pin_list>
<pin id="85" dir="1" index="0" bw="1" slack="1"/>
</pin_list>
<bind>
<StgValue><ssdm name=""/></StgValue>
</bind>
</comp>

<comp id="86" class="1001" name="const_86">
<pin_list>
<pin id="87" dir="1" index="0" bw="1" slack="0"/>
</pin_list>
<bind>
<StgValue><ssdm name=""/></StgValue>
</bind>
</comp>

<comp id="88" class="1001" name="const_88">
<pin_list>
<pin id="89" dir="1" index="0" bw="1" slack="0"/>
</pin_list>
<bind>
<StgValue><ssdm name=""/></StgValue>
</bind>
</comp>

<comp id="90" class="1001" name="const_90">
<pin_list>
<pin id="91" dir="1" index="0" bw="1" slack="0"/>
</pin_list>
<bind>
<StgValue><ssdm name="_ssdm_op_Read.axis.volatile.i64P.i8P.i8P.i1P.i1P.i1P.i1P"/></StgValue>
</bind>
</comp>

<comp id="92" class="1001" name="const_92">
<pin_list>
<pin id="93" dir="1" index="0" bw="1" slack="0"/>
</pin_list>
<bind>
<StgValue><ssdm name="_ssdm_op_PartSelect.i6.i7.i32.i32"/></StgValue>
</bind>
</comp>

<comp id="94" class="1001" name="const_94">
<pin_list>
<pin id="95" dir="1" index="0" bw="1" slack="0"/>
</pin_list>
<bind>
<StgValue><ssdm name=""/></StgValue>
</bind>
</comp>

<comp id="96" class="1001" name="const_96">
<pin_list>
<pin id="97" dir="1" index="0" bw="1" slack="2147483647"/>
</pin_list>
<bind>
<StgValue><ssdm name="_ssdm_op_SpecRegionBegin"/></StgValue>
</bind>
</comp>

<comp id="98" class="1001" name="const_98">
<pin_list>
<pin id="99" dir="1" index="0" bw="1" slack="2147483647"/>
</pin_list>
<bind>
<StgValue><ssdm name="p_str8"/></StgValue>
</bind>
</comp>

<comp id="100" class="1001" name="const_100">
<pin_list>
<pin id="101" dir="1" index="0" bw="1" slack="2147483647"/>
</pin_list>
<bind>
<StgValue><ssdm name="_ssdm_op_SpecLoopTripCount"/></StgValue>
</bind>
</comp>

<comp id="102" class="1001" name="const_102">
<pin_list>
<pin id="103" dir="1" index="0" bw="1" slack="2147483647"/>
</pin_list>
<bind>
<StgValue><ssdm name=""/></StgValue>
</bind>
</comp>

<comp id="104" class="1001" name="const_104">
<pin_list>
<pin id="105" dir="1" index="0" bw="1" slack="2147483647"/>
</pin_list>
<bind>
<StgValue><ssdm name="_ssdm_op_SpecPipeline"/></StgValue>
</bind>
</comp>

<comp id="106" class="1001" name="const_106">
<pin_list>
<pin id="107" dir="1" index="0" bw="1" slack="0"/>
</pin_list>
<bind>
<StgValue><ssdm name=""/></StgValue>
</bind>
</comp>

<comp id="108" class="1001" name="const_108">
<pin_list>
<pin id="109" dir="1" index="0" bw="1" slack="0"/>
</pin_list>
<bind>
<StgValue><ssdm name="_ssdm_op_BitConcatenate.i24.i16.i8"/></StgValue>
</bind>
</comp>

<comp id="110" class="1001" name="const_110">
<pin_list>
<pin id="111" dir="1" index="0" bw="1" slack="0"/>
</pin_list>
<bind>
<StgValue><ssdm name=""/></StgValue>
</bind>
</comp>

<comp id="112" class="1001" name="const_112">
<pin_list>
<pin id="113" dir="1" index="0" bw="1" slack="0"/>
</pin_list>
<bind>
<StgValue><ssdm name="_ssdm_op_PartSelect.i8.i64.i32.i32"/></StgValue>
</bind>
</comp>

<comp id="114" class="1001" name="const_114">
<pin_list>
<pin id="115" dir="1" index="0" bw="1" slack="0"/>
</pin_list>
<bind>
<StgValue><ssdm name=""/></StgValue>
</bind>
</comp>

<comp id="116" class="1001" name="const_116">
<pin_list>
<pin id="117" dir="1" index="0" bw="1" slack="0"/>
</pin_list>
<bind>
<StgValue><ssdm name=""/></StgValue>
</bind>
</comp>

<comp id="118" class="1001" name="const_118">
<pin_list>
<pin id="119" dir="1" index="0" bw="1" slack="0"/>
</pin_list>
<bind>
<StgValue><ssdm name=""/></StgValue>
</bind>
</comp>

<comp id="120" class="1001" name="const_120">
<pin_list>
<pin id="121" dir="1" index="0" bw="1" slack="0"/>
</pin_list>
<bind>
<StgValue><ssdm name=""/></StgValue>
</bind>
</comp>

<comp id="122" class="1001" name="const_122">
<pin_list>
<pin id="123" dir="1" index="0" bw="1" slack="0"/>
</pin_list>
<bind>
<StgValue><ssdm name=""/></StgValue>
</bind>
</comp>

<comp id="124" class="1001" name="const_124">
<pin_list>
<pin id="125" dir="1" index="0" bw="1" slack="0"/>
</pin_list>
<bind>
<StgValue><ssdm name=""/></StgValue>
</bind>
</comp>

<comp id="126" class="1001" name="const_126">
<pin_list>
<pin id="127" dir="1" index="0" bw="1" slack="0"/>
</pin_list>
<bind>
<StgValue><ssdm name=""/></StgValue>
</bind>
</comp>

<comp id="128" class="1001" name="const_128">
<pin_list>
<pin id="129" dir="1" index="0" bw="1" slack="0"/>
</pin_list>
<bind>
<StgValue><ssdm name=""/></StgValue>
</bind>
</comp>

<comp id="130" class="1001" name="const_130">
<pin_list>
<pin id="131" dir="1" index="0" bw="1" slack="0"/>
</pin_list>
<bind>
<StgValue><ssdm name=""/></StgValue>
</bind>
</comp>

<comp id="132" class="1001" name="const_132">
<pin_list>
<pin id="133" dir="1" index="0" bw="1" slack="0"/>
</pin_list>
<bind>
<StgValue><ssdm name=""/></StgValue>
</bind>
</comp>

<comp id="134" class="1001" name="const_134">
<pin_list>
<pin id="135" dir="1" index="0" bw="1" slack="0"/>
</pin_list>
<bind>
<StgValue><ssdm name=""/></StgValue>
</bind>
</comp>

<comp id="136" class="1001" name="const_136">
<pin_list>
<pin id="137" dir="1" index="0" bw="1" slack="0"/>
</pin_list>
<bind>
<StgValue><ssdm name=""/></StgValue>
</bind>
</comp>

<comp id="138" class="1001" name="const_138">
<pin_list>
<pin id="139" dir="1" index="0" bw="1" slack="0"/>
</pin_list>
<bind>
<StgValue><ssdm name=""/></StgValue>
</bind>
</comp>

<comp id="140" class="1001" name="const_140">
<pin_list>
<pin id="141" dir="1" index="0" bw="1" slack="2147483647"/>
</pin_list>
<bind>
<StgValue><ssdm name="_ssdm_op_SpecRegionEnd"/></StgValue>
</bind>
</comp>

<comp id="142" class="1004" name="num_images_read_read_fu_142">
<pin_list>
<pin id="143" dir="0" index="0" bw="32" slack="0"/>
<pin id="144" dir="0" index="1" bw="32" slack="0"/>
<pin id="145" dir="1" index="2" bw="32" slack="0"/>
</pin_list>
<bind>
<opcode="read(1150) " fcode="read"/>
<opset="num_images_read/1 "/>
</bind>
</comp>

<comp id="148" class="1004" name="n_read_read_fu_148">
<pin_list>
<pin id="149" dir="0" index="0" bw="31" slack="0"/>
<pin id="150" dir="0" index="1" bw="31" slack="0"/>
<pin id="151" dir="1" index="2" bw="31" slack="0"/>
</pin_list>
<bind>
<opcode="read(1150) " fcode="read"/>
<opset="n_read/1 "/>
</bind>
</comp>

<comp id="154" class="1004" name="StgValue_65_write_fu_154">
<pin_list>
<pin id="155" dir="0" index="0" bw="0" slack="0"/>
<pin id="156" dir="0" index="1" bw="31" slack="0"/>
<pin id="157" dir="0" index="2" bw="31" slack="0"/>
<pin id="158" dir="1" index="3" bw="0" slack="2147483647"/>
</pin_list>
<bind>
<opcode="write(1151) " fcode="write"/>
<opset="StgValue_65/1 "/>
</bind>
</comp>

<comp id="162" class="1004" name="StgValue_67_write_fu_162">
<pin_list>
<pin id="163" dir="0" index="0" bw="0" slack="0"/>
<pin id="164" dir="0" index="1" bw="32" slack="0"/>
<pin id="165" dir="0" index="2" bw="32" slack="0"/>
<pin id="166" dir="1" index="3" bw="0" slack="2147483647"/>
</pin_list>
<bind>
<opcode="write(1151) " fcode="write"/>
<opset="StgValue_67/1 "/>
</bind>
</comp>

<comp id="170" class="1004" name="grp_read_fu_170">
<pin_list>
<pin id="171" dir="0" index="0" bw="84" slack="0"/>
<pin id="172" dir="0" index="1" bw="64" slack="0"/>
<pin id="173" dir="0" index="2" bw="8" slack="0"/>
<pin id="174" dir="0" index="3" bw="8" slack="0"/>
<pin id="175" dir="0" index="4" bw="1" slack="0"/>
<pin id="176" dir="0" index="5" bw="1" slack="0"/>
<pin id="177" dir="0" index="6" bw="1" slack="0"/>
<pin id="178" dir="0" index="7" bw="1" slack="0"/>
<pin id="179" dir="1" index="8" bw="84" slack="0"/>
</pin_list>
<bind>
<opcode="read(1150) " fcode="read"/>
<opset="empty/2 "/>
</bind>
</comp>

<comp id="188" class="1004" name="x_local_0_V_addr_gep_fu_188">
<pin_list>
<pin id="189" dir="0" index="0" bw="8" slack="0"/>
<pin id="190" dir="0" index="1" bw="1" slack="0"/>
<pin id="191" dir="0" index="2" bw="6" slack="0"/>
<pin id="192" dir="1" index="3" bw="6" slack="0"/>
</pin_list>
<bind>
<opcode="getelementptr(29) " fcode="getelementptr"/>
<opset="x_local_0_V_addr/3 "/>
</bind>
</comp>

<comp id="195" class="1004" name="x_local_8_V_addr_gep_fu_195">
<pin_list>
<pin id="196" dir="0" index="0" bw="8" slack="0"/>
<pin id="197" dir="0" index="1" bw="1" slack="0"/>
<pin id="198" dir="0" index="2" bw="6" slack="0"/>
<pin id="199" dir="1" index="3" bw="6" slack="0"/>
</pin_list>
<bind>
<opcode="getelementptr(29) " fcode="getelementptr"/>
<opset="x_local_8_V_addr/3 "/>
</bind>
</comp>

<comp id="202" class="1004" name="StgValue_102_access_fu_202">
<pin_list>
<pin id="203" dir="0" index="0" bw="6" slack="0"/>
<pin id="204" dir="0" index="1" bw="8" slack="0"/>
<pin id="205" dir="0" index="2" bw="0" slack="2147483647"/>
<pin id="206" dir="1" index="3" bw="8" slack="2147483647"/>
</pin_list>
<bind>
<opcode="store(28) " fcode="store"/>
<opset="StgValue_102/3 "/>
</bind>
</comp>

<comp id="208" class="1004" name="StgValue_104_access_fu_208">
<pin_list>
<pin id="209" dir="0" index="0" bw="6" slack="0"/>
<pin id="210" dir="0" index="1" bw="8" slack="0"/>
<pin id="211" dir="0" index="2" bw="0" slack="2147483647"/>
<pin id="212" dir="1" index="3" bw="8" slack="2147483647"/>
</pin_list>
<bind>
<opcode="store(28) " fcode="store"/>
<opset="StgValue_104/3 "/>
</bind>
</comp>

<comp id="214" class="1004" name="x_local_1_V_addr_gep_fu_214">
<pin_list>
<pin id="215" dir="0" index="0" bw="8" slack="0"/>
<pin id="216" dir="0" index="1" bw="1" slack="0"/>
<pin id="217" dir="0" index="2" bw="6" slack="0"/>
<pin id="218" dir="1" index="3" bw="6" slack="0"/>
</pin_list>
<bind>
<opcode="getelementptr(29) " fcode="getelementptr"/>
<opset="x_local_1_V_addr/3 "/>
</bind>
</comp>

<comp id="221" class="1004" name="x_local_9_V_addr_gep_fu_221">
<pin_list>
<pin id="222" dir="0" index="0" bw="8" slack="0"/>
<pin id="223" dir="0" index="1" bw="1" slack="0"/>
<pin id="224" dir="0" index="2" bw="6" slack="0"/>
<pin id="225" dir="1" index="3" bw="6" slack="0"/>
</pin_list>
<bind>
<opcode="getelementptr(29) " fcode="getelementptr"/>
<opset="x_local_9_V_addr/3 "/>
</bind>
</comp>

<comp id="228" class="1004" name="StgValue_112_access_fu_228">
<pin_list>
<pin id="229" dir="0" index="0" bw="6" slack="0"/>
<pin id="230" dir="0" index="1" bw="8" slack="0"/>
<pin id="231" dir="0" index="2" bw="0" slack="2147483647"/>
<pin id="232" dir="1" index="3" bw="8" slack="2147483647"/>
</pin_list>
<bind>
<opcode="store(28) " fcode="store"/>
<opset="StgValue_112/3 "/>
</bind>
</comp>

<comp id="234" class="1004" name="StgValue_114_access_fu_234">
<pin_list>
<pin id="235" dir="0" index="0" bw="6" slack="0"/>
<pin id="236" dir="0" index="1" bw="8" slack="0"/>
<pin id="237" dir="0" index="2" bw="0" slack="2147483647"/>
<pin id="238" dir="1" index="3" bw="8" slack="2147483647"/>
</pin_list>
<bind>
<opcode="store(28) " fcode="store"/>
<opset="StgValue_114/3 "/>
</bind>
</comp>

<comp id="240" class="1004" name="x_local_2_V_addr_gep_fu_240">
<pin_list>
<pin id="241" dir="0" index="0" bw="8" slack="0"/>
<pin id="242" dir="0" index="1" bw="1" slack="0"/>
<pin id="243" dir="0" index="2" bw="6" slack="0"/>
<pin id="244" dir="1" index="3" bw="6" slack="0"/>
</pin_list>
<bind>
<opcode="getelementptr(29) " fcode="getelementptr"/>
<opset="x_local_2_V_addr/3 "/>
</bind>
</comp>

<comp id="247" class="1004" name="x_local_10_V_addr_gep_fu_247">
<pin_list>
<pin id="248" dir="0" index="0" bw="8" slack="0"/>
<pin id="249" dir="0" index="1" bw="1" slack="0"/>
<pin id="250" dir="0" index="2" bw="6" slack="0"/>
<pin id="251" dir="1" index="3" bw="6" slack="0"/>
</pin_list>
<bind>
<opcode="getelementptr(29) " fcode="getelementptr"/>
<opset="x_local_10_V_addr/3 "/>
</bind>
</comp>

<comp id="254" class="1004" name="StgValue_122_access_fu_254">
<pin_list>
<pin id="255" dir="0" index="0" bw="6" slack="0"/>
<pin id="256" dir="0" index="1" bw="8" slack="0"/>
<pin id="257" dir="0" index="2" bw="0" slack="2147483647"/>
<pin id="258" dir="1" index="3" bw="8" slack="2147483647"/>
</pin_list>
<bind>
<opcode="store(28) " fcode="store"/>
<opset="StgValue_122/3 "/>
</bind>
</comp>

<comp id="260" class="1004" name="StgValue_124_access_fu_260">
<pin_list>
<pin id="261" dir="0" index="0" bw="6" slack="0"/>
<pin id="262" dir="0" index="1" bw="8" slack="0"/>
<pin id="263" dir="0" index="2" bw="0" slack="2147483647"/>
<pin id="264" dir="1" index="3" bw="8" slack="2147483647"/>
</pin_list>
<bind>
<opcode="store(28) " fcode="store"/>
<opset="StgValue_124/3 "/>
</bind>
</comp>

<comp id="266" class="1004" name="x_local_3_V_addr_gep_fu_266">
<pin_list>
<pin id="267" dir="0" index="0" bw="8" slack="0"/>
<pin id="268" dir="0" index="1" bw="1" slack="0"/>
<pin id="269" dir="0" index="2" bw="6" slack="0"/>
<pin id="270" dir="1" index="3" bw="6" slack="0"/>
</pin_list>
<bind>
<opcode="getelementptr(29) " fcode="getelementptr"/>
<opset="x_local_3_V_addr/3 "/>
</bind>
</comp>

<comp id="273" class="1004" name="x_local_11_V_addr_gep_fu_273">
<pin_list>
<pin id="274" dir="0" index="0" bw="8" slack="0"/>
<pin id="275" dir="0" index="1" bw="1" slack="0"/>
<pin id="276" dir="0" index="2" bw="6" slack="0"/>
<pin id="277" dir="1" index="3" bw="6" slack="0"/>
</pin_list>
<bind>
<opcode="getelementptr(29) " fcode="getelementptr"/>
<opset="x_local_11_V_addr/3 "/>
</bind>
</comp>

<comp id="280" class="1004" name="StgValue_131_access_fu_280">
<pin_list>
<pin id="281" dir="0" index="0" bw="6" slack="0"/>
<pin id="282" dir="0" index="1" bw="8" slack="0"/>
<pin id="283" dir="0" index="2" bw="0" slack="2147483647"/>
<pin id="284" dir="1" index="3" bw="8" slack="2147483647"/>
</pin_list>
<bind>
<opcode="store(28) " fcode="store"/>
<opset="StgValue_131/3 "/>
</bind>
</comp>

<comp id="286" class="1004" name="StgValue_133_access_fu_286">
<pin_list>
<pin id="287" dir="0" index="0" bw="6" slack="0"/>
<pin id="288" dir="0" index="1" bw="8" slack="0"/>
<pin id="289" dir="0" index="2" bw="0" slack="2147483647"/>
<pin id="290" dir="1" index="3" bw="8" slack="2147483647"/>
</pin_list>
<bind>
<opcode="store(28) " fcode="store"/>
<opset="StgValue_133/3 "/>
</bind>
</comp>

<comp id="292" class="1004" name="x_local_4_V_addr_gep_fu_292">
<pin_list>
<pin id="293" dir="0" index="0" bw="8" slack="0"/>
<pin id="294" dir="0" index="1" bw="1" slack="0"/>
<pin id="295" dir="0" index="2" bw="6" slack="0"/>
<pin id="296" dir="1" index="3" bw="6" slack="0"/>
</pin_list>
<bind>
<opcode="getelementptr(29) " fcode="getelementptr"/>
<opset="x_local_4_V_addr/3 "/>
</bind>
</comp>

<comp id="299" class="1004" name="x_local_12_V_addr_gep_fu_299">
<pin_list>
<pin id="300" dir="0" index="0" bw="8" slack="0"/>
<pin id="301" dir="0" index="1" bw="1" slack="0"/>
<pin id="302" dir="0" index="2" bw="6" slack="0"/>
<pin id="303" dir="1" index="3" bw="6" slack="0"/>
</pin_list>
<bind>
<opcode="getelementptr(29) " fcode="getelementptr"/>
<opset="x_local_12_V_addr/3 "/>
</bind>
</comp>

<comp id="306" class="1004" name="StgValue_140_access_fu_306">
<pin_list>
<pin id="307" dir="0" index="0" bw="6" slack="0"/>
<pin id="308" dir="0" index="1" bw="8" slack="0"/>
<pin id="309" dir="0" index="2" bw="0" slack="2147483647"/>
<pin id="310" dir="1" index="3" bw="8" slack="2147483647"/>
</pin_list>
<bind>
<opcode="store(28) " fcode="store"/>
<opset="StgValue_140/3 "/>
</bind>
</comp>

<comp id="312" class="1004" name="StgValue_142_access_fu_312">
<pin_list>
<pin id="313" dir="0" index="0" bw="6" slack="0"/>
<pin id="314" dir="0" index="1" bw="8" slack="0"/>
<pin id="315" dir="0" index="2" bw="0" slack="2147483647"/>
<pin id="316" dir="1" index="3" bw="8" slack="2147483647"/>
</pin_list>
<bind>
<opcode="store(28) " fcode="store"/>
<opset="StgValue_142/3 "/>
</bind>
</comp>

<comp id="318" class="1004" name="x_local_5_V_addr_gep_fu_318">
<pin_list>
<pin id="319" dir="0" index="0" bw="8" slack="0"/>
<pin id="320" dir="0" index="1" bw="1" slack="0"/>
<pin id="321" dir="0" index="2" bw="6" slack="0"/>
<pin id="322" dir="1" index="3" bw="6" slack="0"/>
</pin_list>
<bind>
<opcode="getelementptr(29) " fcode="getelementptr"/>
<opset="x_local_5_V_addr/3 "/>
</bind>
</comp>

<comp id="325" class="1004" name="x_local_13_V_addr_gep_fu_325">
<pin_list>
<pin id="326" dir="0" index="0" bw="8" slack="0"/>
<pin id="327" dir="0" index="1" bw="1" slack="0"/>
<pin id="328" dir="0" index="2" bw="6" slack="0"/>
<pin id="329" dir="1" index="3" bw="6" slack="0"/>
</pin_list>
<bind>
<opcode="getelementptr(29) " fcode="getelementptr"/>
<opset="x_local_13_V_addr/3 "/>
</bind>
</comp>

<comp id="332" class="1004" name="StgValue_150_access_fu_332">
<pin_list>
<pin id="333" dir="0" index="0" bw="6" slack="0"/>
<pin id="334" dir="0" index="1" bw="8" slack="0"/>
<pin id="335" dir="0" index="2" bw="0" slack="2147483647"/>
<pin id="336" dir="1" index="3" bw="8" slack="2147483647"/>
</pin_list>
<bind>
<opcode="store(28) " fcode="store"/>
<opset="StgValue_150/3 "/>
</bind>
</comp>

<comp id="338" class="1004" name="StgValue_152_access_fu_338">
<pin_list>
<pin id="339" dir="0" index="0" bw="6" slack="0"/>
<pin id="340" dir="0" index="1" bw="8" slack="0"/>
<pin id="341" dir="0" index="2" bw="0" slack="2147483647"/>
<pin id="342" dir="1" index="3" bw="8" slack="2147483647"/>
</pin_list>
<bind>
<opcode="store(28) " fcode="store"/>
<opset="StgValue_152/3 "/>
</bind>
</comp>

<comp id="344" class="1004" name="x_local_6_V_addr_gep_fu_344">
<pin_list>
<pin id="345" dir="0" index="0" bw="8" slack="0"/>
<pin id="346" dir="0" index="1" bw="1" slack="0"/>
<pin id="347" dir="0" index="2" bw="6" slack="0"/>
<pin id="348" dir="1" index="3" bw="6" slack="0"/>
</pin_list>
<bind>
<opcode="getelementptr(29) " fcode="getelementptr"/>
<opset="x_local_6_V_addr/3 "/>
</bind>
</comp>

<comp id="351" class="1004" name="x_local_14_V_addr_gep_fu_351">
<pin_list>
<pin id="352" dir="0" index="0" bw="8" slack="0"/>
<pin id="353" dir="0" index="1" bw="1" slack="0"/>
<pin id="354" dir="0" index="2" bw="6" slack="0"/>
<pin id="355" dir="1" index="3" bw="6" slack="0"/>
</pin_list>
<bind>
<opcode="getelementptr(29) " fcode="getelementptr"/>
<opset="x_local_14_V_addr/3 "/>
</bind>
</comp>

<comp id="358" class="1004" name="StgValue_160_access_fu_358">
<pin_list>
<pin id="359" dir="0" index="0" bw="6" slack="0"/>
<pin id="360" dir="0" index="1" bw="8" slack="0"/>
<pin id="361" dir="0" index="2" bw="0" slack="2147483647"/>
<pin id="362" dir="1" index="3" bw="8" slack="2147483647"/>
</pin_list>
<bind>
<opcode="store(28) " fcode="store"/>
<opset="StgValue_160/3 "/>
</bind>
</comp>

<comp id="364" class="1004" name="StgValue_162_access_fu_364">
<pin_list>
<pin id="365" dir="0" index="0" bw="6" slack="0"/>
<pin id="366" dir="0" index="1" bw="8" slack="0"/>
<pin id="367" dir="0" index="2" bw="0" slack="2147483647"/>
<pin id="368" dir="1" index="3" bw="8" slack="2147483647"/>
</pin_list>
<bind>
<opcode="store(28) " fcode="store"/>
<opset="StgValue_162/3 "/>
</bind>
</comp>

<comp id="370" class="1004" name="x_local_7_V_addr_gep_fu_370">
<pin_list>
<pin id="371" dir="0" index="0" bw="8" slack="0"/>
<pin id="372" dir="0" index="1" bw="1" slack="0"/>
<pin id="373" dir="0" index="2" bw="6" slack="0"/>
<pin id="374" dir="1" index="3" bw="6" slack="0"/>
</pin_list>
<bind>
<opcode="getelementptr(29) " fcode="getelementptr"/>
<opset="x_local_7_V_addr/3 "/>
</bind>
</comp>

<comp id="377" class="1004" name="x_local_15_V_addr_gep_fu_377">
<pin_list>
<pin id="378" dir="0" index="0" bw="8" slack="0"/>
<pin id="379" dir="0" index="1" bw="1" slack="0"/>
<pin id="380" dir="0" index="2" bw="6" slack="0"/>
<pin id="381" dir="1" index="3" bw="6" slack="0"/>
</pin_list>
<bind>
<opcode="getelementptr(29) " fcode="getelementptr"/>
<opset="x_local_15_V_addr/3 "/>
</bind>
</comp>

<comp id="384" class="1004" name="StgValue_169_access_fu_384">
<pin_list>
<pin id="385" dir="0" index="0" bw="6" slack="0"/>
<pin id="386" dir="0" index="1" bw="8" slack="0"/>
<pin id="387" dir="0" index="2" bw="0" slack="2147483647"/>
<pin id="388" dir="1" index="3" bw="8" slack="2147483647"/>
</pin_list>
<bind>
<opcode="store(28) " fcode="store"/>
<opset="StgValue_169/3 "/>
</bind>
</comp>

<comp id="390" class="1004" name="StgValue_171_access_fu_390">
<pin_list>
<pin id="391" dir="0" index="0" bw="6" slack="0"/>
<pin id="392" dir="0" index="1" bw="8" slack="0"/>
<pin id="393" dir="0" index="2" bw="0" slack="2147483647"/>
<pin id="394" dir="1" index="3" bw="8" slack="2147483647"/>
</pin_list>
<bind>
<opcode="store(28) " fcode="store"/>
<opset="StgValue_171/3 "/>
</bind>
</comp>

<comp id="396" class="1005" name="calculated_norm_V_reg_396">
<pin_list>
<pin id="397" dir="0" index="0" bw="24" slack="1"/>
<pin id="398" dir="1" index="1" bw="24" slack="1"/>
</pin_list>
<bind>
<opset="calculated_norm_V (phireg) "/>
</bind>
</comp>

<comp id="400" class="1004" name="calculated_norm_V_phi_fu_400">
<pin_list>
<pin id="401" dir="0" index="0" bw="1" slack="1"/>
<pin id="402" dir="0" index="1" bw="0" slack="2147483647"/>
<pin id="403" dir="0" index="2" bw="24" slack="1"/>
<pin id="404" dir="0" index="3" bw="0" slack="2147483647"/>
<pin id="405" dir="1" index="4" bw="24" slack="1"/>
</pin_list>
<bind>
<opcode="phi(47) " fcode="phi"/>
<opset="calculated_norm_V/2 "/>
</bind>
</comp>

<comp id="408" class="1005" name="i_i_i_reg_408">
<pin_list>
<pin id="409" dir="0" index="0" bw="7" slack="1"/>
<pin id="410" dir="1" index="1" bw="7" slack="1"/>
</pin_list>
<bind>
<opset="i_i_i (phireg) "/>
</bind>
</comp>

<comp id="412" class="1004" name="i_i_i_phi_fu_412">
<pin_list>
<pin id="413" dir="0" index="0" bw="1" slack="1"/>
<pin id="414" dir="0" index="1" bw="0" slack="2147483647"/>
<pin id="415" dir="0" index="2" bw="7" slack="0"/>
<pin id="416" dir="0" index="3" bw="0" slack="2147483647"/>
<pin id="417" dir="1" index="4" bw="7" slack="0"/>
</pin_list>
<bind>
<opcode="phi(47) " fcode="phi"/>
<opset="i_i_i/2 "/>
</bind>
</comp>

<comp id="419" class="1004" name="exitcond1_i_i_fu_419">
<pin_list>
<pin id="420" dir="0" index="0" bw="7" slack="0"/>
<pin id="421" dir="0" index="1" bw="7" slack="0"/>
<pin id="422" dir="1" index="2" bw="1" slack="1"/>
</pin_list>
<bind>
<opcode="icmp(45) " fcode="icmp"/>
<opset="exitcond1_i_i/2 "/>
</bind>
</comp>

<comp id="425" class="1004" name="i_fu_425">
<pin_list>
<pin id="426" dir="0" index="0" bw="7" slack="0"/>
<pin id="427" dir="0" index="1" bw="1" slack="0"/>
<pin id="428" dir="1" index="2" bw="7" slack="0"/>
</pin_list>
<bind>
<opcode="add(8) " fcode="add"/>
<opset="i/2 "/>
</bind>
</comp>

<comp id="431" class="1004" name="tmp_2_fu_431">
<pin_list>
<pin id="432" dir="0" index="0" bw="7" slack="0"/>
<pin id="433" dir="1" index="1" bw="1" slack="1"/>
</pin_list>
<bind>
<opcode="trunc(33) " fcode="trunc"/>
<opset="tmp_2/2 "/>
</bind>
</comp>

<comp id="435" class="1004" name="tmp_2_cast_i_i_fu_435">
<pin_list>
<pin id="436" dir="0" index="0" bw="6" slack="0"/>
<pin id="437" dir="0" index="1" bw="7" slack="0"/>
<pin id="438" dir="0" index="2" bw="1" slack="0"/>
<pin id="439" dir="0" index="3" bw="4" slack="0"/>
<pin id="440" dir="1" index="4" bw="6" slack="1"/>
</pin_list>
<bind>
<opcode="partselect(1002) " fcode="partselect"/>
<opset="tmp_2_cast_i_i/2 "/>
</bind>
</comp>

<comp id="445" class="1004" name="tmp_data_V_fu_445">
<pin_list>
<pin id="446" dir="0" index="0" bw="84" slack="0"/>
<pin id="447" dir="1" index="1" bw="64" slack="0"/>
</pin_list>
<bind>
<opcode="extractvalue(56) " fcode="extractvalue"/>
<opset="tmp_data_V/3 "/>
</bind>
</comp>

<comp id="449" class="1004" name="tmp_3_fu_449">
<pin_list>
<pin id="450" dir="0" index="0" bw="64" slack="0"/>
<pin id="451" dir="1" index="1" bw="8" slack="0"/>
</pin_list>
<bind>
<opcode="trunc(33) " fcode="trunc"/>
<opset="tmp_3/3 "/>
</bind>
</comp>

<comp id="455" class="1004" name="newIndex1_i_i_fu_455">
<pin_list>
<pin id="456" dir="0" index="0" bw="6" slack="1"/>
<pin id="457" dir="1" index="1" bw="64" slack="0"/>
</pin_list>
<bind>
<opcode="zext(34) " fcode="zext"/>
<opset="newIndex1_i_i/3 "/>
</bind>
</comp>

<comp id="474" class="1004" name="OP1_V_i_i_fu_474">
<pin_list>
<pin id="475" dir="0" index="0" bw="8" slack="0"/>
<pin id="476" dir="1" index="1" bw="16" slack="0"/>
</pin_list>
<bind>
<opcode="sext(35) " fcode="sext"/>
<opset="OP1_V_i_i/3 "/>
</bind>
</comp>

<comp id="478" class="1004" name="r_V_i_i_fu_478">
<pin_list>
<pin id="479" dir="0" index="0" bw="8" slack="0"/>
<pin id="480" dir="0" index="1" bw="8" slack="0"/>
<pin id="481" dir="1" index="2" bw="16" slack="0"/>
</pin_list>
<bind>
<opcode="mul(12) " fcode="mul"/>
<opset="r_V_i_i/3 "/>
</bind>
</comp>

<comp id="484" class="1004" name="tmp_9_i_i_fu_484">
<pin_list>
<pin id="485" dir="0" index="0" bw="24" slack="0"/>
<pin id="486" dir="0" index="1" bw="16" slack="0"/>
<pin id="487" dir="0" index="2" bw="1" slack="0"/>
<pin id="488" dir="1" index="3" bw="24" slack="0"/>
</pin_list>
<bind>
<opcode="bitconcatenate(1004) " fcode="bitconcatenate"/>
<opset="tmp_9_i_i/3 "/>
</bind>
</comp>

<comp id="492" class="1004" name="p_Result_1_i_i_fu_492">
<pin_list>
<pin id="493" dir="0" index="0" bw="8" slack="0"/>
<pin id="494" dir="0" index="1" bw="64" slack="0"/>
<pin id="495" dir="0" index="2" bw="5" slack="0"/>
<pin id="496" dir="0" index="3" bw="5" slack="0"/>
<pin id="497" dir="1" index="4" bw="8" slack="0"/>
</pin_list>
<bind>
<opcode="partselect(1002) " fcode="partselect"/>
<opset="p_Result_1_i_i/3 "/>
</bind>
</comp>

<comp id="504" class="1004" name="OP1_V_1_i_i_fu_504">
<pin_list>
<pin id="505" dir="0" index="0" bw="8" slack="0"/>
<pin id="506" dir="1" index="1" bw="16" slack="0"/>
</pin_list>
<bind>
<opcode="sext(35) " fcode="sext"/>
<opset="OP1_V_1_i_i/3 "/>
</bind>
</comp>

<comp id="508" class="1004" name="r_V_1_i_i_fu_508">
<pin_list>
<pin id="509" dir="0" index="0" bw="8" slack="0"/>
<pin id="510" dir="0" index="1" bw="8" slack="0"/>
<pin id="511" dir="1" index="2" bw="16" slack="0"/>
</pin_list>
<bind>
<opcode="mul(12) " fcode="mul"/>
<opset="r_V_1_i_i/3 "/>
</bind>
</comp>

<comp id="514" class="1004" name="tmp_9_1_i_i_fu_514">
<pin_list>
<pin id="515" dir="0" index="0" bw="24" slack="0"/>
<pin id="516" dir="0" index="1" bw="16" slack="0"/>
<pin id="517" dir="0" index="2" bw="1" slack="0"/>
<pin id="518" dir="1" index="3" bw="24" slack="0"/>
</pin_list>
<bind>
<opcode="bitconcatenate(1004) " fcode="bitconcatenate"/>
<opset="tmp_9_1_i_i/3 "/>
</bind>
</comp>

<comp id="522" class="1004" name="p_Result_2_i_i_fu_522">
<pin_list>
<pin id="523" dir="0" index="0" bw="8" slack="0"/>
<pin id="524" dir="0" index="1" bw="64" slack="0"/>
<pin id="525" dir="0" index="2" bw="6" slack="0"/>
<pin id="526" dir="0" index="3" bw="6" slack="0"/>
<pin id="527" dir="1" index="4" bw="8" slack="0"/>
</pin_list>
<bind>
<opcode="partselect(1002) " fcode="partselect"/>
<opset="p_Result_2_i_i/3 "/>
</bind>
</comp>

<comp id="534" class="1004" name="OP1_V_2_i_i_fu_534">
<pin_list>
<pin id="535" dir="0" index="0" bw="8" slack="0"/>
<pin id="536" dir="1" index="1" bw="16" slack="0"/>
</pin_list>
<bind>
<opcode="sext(35) " fcode="sext"/>
<opset="OP1_V_2_i_i/3 "/>
</bind>
</comp>

<comp id="538" class="1004" name="r_V_2_i_i_fu_538">
<pin_list>
<pin id="539" dir="0" index="0" bw="8" slack="0"/>
<pin id="540" dir="0" index="1" bw="8" slack="0"/>
<pin id="541" dir="1" index="2" bw="16" slack="1"/>
</pin_list>
<bind>
<opcode="mul(12) " fcode="mul"/>
<opset="r_V_2_i_i/3 "/>
</bind>
</comp>

<comp id="544" class="1004" name="p_Result_3_i_i_fu_544">
<pin_list>
<pin id="545" dir="0" index="0" bw="8" slack="0"/>
<pin id="546" dir="0" index="1" bw="64" slack="0"/>
<pin id="547" dir="0" index="2" bw="6" slack="0"/>
<pin id="548" dir="0" index="3" bw="6" slack="0"/>
<pin id="549" dir="1" index="4" bw="8" slack="0"/>
</pin_list>
<bind>
<opcode="partselect(1002) " fcode="partselect"/>
<opset="p_Result_3_i_i/3 "/>
</bind>
</comp>

<comp id="556" class="1004" name="OP1_V_3_i_i_fu_556">
<pin_list>
<pin id="557" dir="0" index="0" bw="8" slack="0"/>
<pin id="558" dir="1" index="1" bw="16" slack="0"/>
</pin_list>
<bind>
<opcode="sext(35) " fcode="sext"/>
<opset="OP1_V_3_i_i/3 "/>
</bind>
</comp>

<comp id="560" class="1004" name="r_V_3_i_i_fu_560">
<pin_list>
<pin id="561" dir="0" index="0" bw="8" slack="0"/>
<pin id="562" dir="0" index="1" bw="8" slack="0"/>
<pin id="563" dir="1" index="2" bw="16" slack="1"/>
</pin_list>
<bind>
<opcode="mul(12) " fcode="mul"/>
<opset="r_V_3_i_i/3 "/>
</bind>
</comp>

<comp id="566" class="1004" name="p_Result_4_i_i_fu_566">
<pin_list>
<pin id="567" dir="0" index="0" bw="8" slack="0"/>
<pin id="568" dir="0" index="1" bw="64" slack="0"/>
<pin id="569" dir="0" index="2" bw="7" slack="0"/>
<pin id="570" dir="0" index="3" bw="7" slack="0"/>
<pin id="571" dir="1" index="4" bw="8" slack="0"/>
</pin_list>
<bind>
<opcode="partselect(1002) " fcode="partselect"/>
<opset="p_Result_4_i_i/3 "/>
</bind>
</comp>

<comp id="578" class="1004" name="OP1_V_4_i_i_fu_578">
<pin_list>
<pin id="579" dir="0" index="0" bw="8" slack="0"/>
<pin id="580" dir="1" index="1" bw="16" slack="0"/>
</pin_list>
<bind>
<opcode="sext(35) " fcode="sext"/>
<opset="OP1_V_4_i_i/3 "/>
</bind>
</comp>

<comp id="582" class="1004" name="r_V_4_i_i_fu_582">
<pin_list>
<pin id="583" dir="0" index="0" bw="8" slack="0"/>
<pin id="584" dir="0" index="1" bw="8" slack="0"/>
<pin id="585" dir="1" index="2" bw="16" slack="0"/>
</pin_list>
<bind>
<opcode="mul(12) " fcode="mul"/>
<opset="r_V_4_i_i/3 "/>
</bind>
</comp>

<comp id="588" class="1004" name="tmp_9_4_i_i_fu_588">
<pin_list>
<pin id="589" dir="0" index="0" bw="24" slack="0"/>
<pin id="590" dir="0" index="1" bw="16" slack="0"/>
<pin id="591" dir="0" index="2" bw="1" slack="0"/>
<pin id="592" dir="1" index="3" bw="24" slack="0"/>
</pin_list>
<bind>
<opcode="bitconcatenate(1004) " fcode="bitconcatenate"/>
<opset="tmp_9_4_i_i/3 "/>
</bind>
</comp>

<comp id="596" class="1004" name="p_Result_5_i_i_fu_596">
<pin_list>
<pin id="597" dir="0" index="0" bw="8" slack="0"/>
<pin id="598" dir="0" index="1" bw="64" slack="0"/>
<pin id="599" dir="0" index="2" bw="7" slack="0"/>
<pin id="600" dir="0" index="3" bw="7" slack="0"/>
<pin id="601" dir="1" index="4" bw="8" slack="0"/>
</pin_list>
<bind>
<opcode="partselect(1002) " fcode="partselect"/>
<opset="p_Result_5_i_i/3 "/>
</bind>
</comp>

<comp id="608" class="1004" name="OP1_V_5_i_i_fu_608">
<pin_list>
<pin id="609" dir="0" index="0" bw="8" slack="0"/>
<pin id="610" dir="1" index="1" bw="16" slack="0"/>
</pin_list>
<bind>
<opcode="sext(35) " fcode="sext"/>
<opset="OP1_V_5_i_i/3 "/>
</bind>
</comp>

<comp id="612" class="1004" name="r_V_5_i_i_fu_612">
<pin_list>
<pin id="613" dir="0" index="0" bw="8" slack="0"/>
<pin id="614" dir="0" index="1" bw="8" slack="0"/>
<pin id="615" dir="1" index="2" bw="16" slack="0"/>
</pin_list>
<bind>
<opcode="mul(12) " fcode="mul"/>
<opset="r_V_5_i_i/3 "/>
</bind>
</comp>

<comp id="618" class="1004" name="tmp_9_5_i_i_fu_618">
<pin_list>
<pin id="619" dir="0" index="0" bw="24" slack="0"/>
<pin id="620" dir="0" index="1" bw="16" slack="0"/>
<pin id="621" dir="0" index="2" bw="1" slack="0"/>
<pin id="622" dir="1" index="3" bw="24" slack="0"/>
</pin_list>
<bind>
<opcode="bitconcatenate(1004) " fcode="bitconcatenate"/>
<opset="tmp_9_5_i_i/3 "/>
</bind>
</comp>

<comp id="626" class="1004" name="p_Result_6_i_i_fu_626">
<pin_list>
<pin id="627" dir="0" index="0" bw="8" slack="0"/>
<pin id="628" dir="0" index="1" bw="64" slack="0"/>
<pin id="629" dir="0" index="2" bw="7" slack="0"/>
<pin id="630" dir="0" index="3" bw="7" slack="0"/>
<pin id="631" dir="1" index="4" bw="8" slack="0"/>
</pin_list>
<bind>
<opcode="partselect(1002) " fcode="partselect"/>
<opset="p_Result_6_i_i/3 "/>
</bind>
</comp>

<comp id="638" class="1004" name="OP1_V_6_i_i_fu_638">
<pin_list>
<pin id="639" dir="0" index="0" bw="8" slack="0"/>
<pin id="640" dir="1" index="1" bw="16" slack="0"/>
</pin_list>
<bind>
<opcode="sext(35) " fcode="sext"/>
<opset="OP1_V_6_i_i/3 "/>
</bind>
</comp>

<comp id="642" class="1004" name="r_V_6_i_i_fu_642">
<pin_list>
<pin id="643" dir="0" index="0" bw="8" slack="0"/>
<pin id="644" dir="0" index="1" bw="8" slack="0"/>
<pin id="645" dir="1" index="2" bw="16" slack="1"/>
</pin_list>
<bind>
<opcode="mul(12) " fcode="mul"/>
<opset="r_V_6_i_i/3 "/>
</bind>
</comp>

<comp id="648" class="1004" name="p_Result_7_i_i_fu_648">
<pin_list>
<pin id="649" dir="0" index="0" bw="8" slack="0"/>
<pin id="650" dir="0" index="1" bw="64" slack="0"/>
<pin id="651" dir="0" index="2" bw="7" slack="0"/>
<pin id="652" dir="0" index="3" bw="7" slack="0"/>
<pin id="653" dir="1" index="4" bw="8" slack="0"/>
</pin_list>
<bind>
<opcode="partselect(1002) " fcode="partselect"/>
<opset="p_Result_7_i_i/3 "/>
</bind>
</comp>

<comp id="660" class="1004" name="OP1_V_7_i_i_fu_660">
<pin_list>
<pin id="661" dir="0" index="0" bw="8" slack="0"/>
<pin id="662" dir="1" index="1" bw="16" slack="0"/>
</pin_list>
<bind>
<opcode="sext(35) " fcode="sext"/>
<opset="OP1_V_7_i_i/3 "/>
</bind>
</comp>

<comp id="664" class="1004" name="r_V_7_i_i_fu_664">
<pin_list>
<pin id="665" dir="0" index="0" bw="8" slack="0"/>
<pin id="666" dir="0" index="1" bw="8" slack="0"/>
<pin id="667" dir="1" index="2" bw="16" slack="1"/>
</pin_list>
<bind>
<opcode="mul(12) " fcode="mul"/>
<opset="r_V_7_i_i/3 "/>
</bind>
</comp>

<comp id="670" class="1004" name="tmp1_fu_670">
<pin_list>
<pin id="671" dir="0" index="0" bw="24" slack="0"/>
<pin id="672" dir="0" index="1" bw="24" slack="0"/>
<pin id="673" dir="1" index="2" bw="24" slack="1"/>
</pin_list>
<bind>
<opcode="add(8) " fcode="add"/>
<opset="tmp1/3 "/>
</bind>
</comp>

<comp id="676" class="1004" name="tmp4_fu_676">
<pin_list>
<pin id="677" dir="0" index="0" bw="24" slack="0"/>
<pin id="678" dir="0" index="1" bw="24" slack="0"/>
<pin id="679" dir="1" index="2" bw="24" slack="1"/>
</pin_list>
<bind>
<opcode="add(8) " fcode="add"/>
<opset="tmp4/3 "/>
</bind>
</comp>

<comp id="682" class="1004" name="tmp_9_2_i_i_fu_682">
<pin_list>
<pin id="683" dir="0" index="0" bw="24" slack="0"/>
<pin id="684" dir="0" index="1" bw="16" slack="1"/>
<pin id="685" dir="0" index="2" bw="1" slack="0"/>
<pin id="686" dir="1" index="3" bw="24" slack="0"/>
</pin_list>
<bind>
<opcode="bitconcatenate(1004) " fcode="bitconcatenate"/>
<opset="tmp_9_2_i_i/4 "/>
</bind>
</comp>

<comp id="689" class="1004" name="tmp_9_3_i_i_fu_689">
<pin_list>
<pin id="690" dir="0" index="0" bw="24" slack="0"/>
<pin id="691" dir="0" index="1" bw="16" slack="1"/>
<pin id="692" dir="0" index="2" bw="1" slack="0"/>
<pin id="693" dir="1" index="3" bw="24" slack="0"/>
</pin_list>
<bind>
<opcode="bitconcatenate(1004) " fcode="bitconcatenate"/>
<opset="tmp_9_3_i_i/4 "/>
</bind>
</comp>

<comp id="696" class="1004" name="tmp_9_6_i_i_fu_696">
<pin_list>
<pin id="697" dir="0" index="0" bw="24" slack="0"/>
<pin id="698" dir="0" index="1" bw="16" slack="1"/>
<pin id="699" dir="0" index="2" bw="1" slack="0"/>
<pin id="700" dir="1" index="3" bw="24" slack="0"/>
</pin_list>
<bind>
<opcode="bitconcatenate(1004) " fcode="bitconcatenate"/>
<opset="tmp_9_6_i_i/4 "/>
</bind>
</comp>

<comp id="703" class="1004" name="tmp_9_7_i_i_fu_703">
<pin_list>
<pin id="704" dir="0" index="0" bw="24" slack="0"/>
<pin id="705" dir="0" index="1" bw="16" slack="1"/>
<pin id="706" dir="0" index="2" bw="1" slack="0"/>
<pin id="707" dir="1" index="3" bw="24" slack="0"/>
</pin_list>
<bind>
<opcode="bitconcatenate(1004) " fcode="bitconcatenate"/>
<opset="tmp_9_7_i_i/4 "/>
</bind>
</comp>

<comp id="710" class="1004" name="tmp2_fu_710">
<pin_list>
<pin id="711" dir="0" index="0" bw="24" slack="0"/>
<pin id="712" dir="0" index="1" bw="24" slack="0"/>
<pin id="713" dir="1" index="2" bw="24" slack="0"/>
</pin_list>
<bind>
<opcode="add(8) " fcode="add"/>
<opset="tmp2/4 "/>
</bind>
</comp>

<comp id="716" class="1004" name="tmp_fu_716">
<pin_list>
<pin id="717" dir="0" index="0" bw="24" slack="1"/>
<pin id="718" dir="0" index="1" bw="24" slack="0"/>
<pin id="719" dir="1" index="2" bw="24" slack="0"/>
</pin_list>
<bind>
<opcode="add(8) " fcode="add"/>
<opset="tmp/4 "/>
</bind>
</comp>

<comp id="721" class="1004" name="tmp5_fu_721">
<pin_list>
<pin id="722" dir="0" index="0" bw="24" slack="0"/>
<pin id="723" dir="0" index="1" bw="24" slack="0"/>
<pin id="724" dir="1" index="2" bw="24" slack="0"/>
</pin_list>
<bind>
<opcode="add(8) " fcode="add"/>
<opset="tmp5/4 "/>
</bind>
</comp>

<comp id="727" class="1004" name="tmp3_fu_727">
<pin_list>
<pin id="728" dir="0" index="0" bw="24" slack="1"/>
<pin id="729" dir="0" index="1" bw="24" slack="0"/>
<pin id="730" dir="1" index="2" bw="24" slack="0"/>
</pin_list>
<bind>
<opcode="add(8) " fcode="add"/>
<opset="tmp3/4 "/>
</bind>
</comp>

<comp id="732" class="1004" name="tmp_1_fu_732">
<pin_list>
<pin id="733" dir="0" index="0" bw="24" slack="0"/>
<pin id="734" dir="0" index="1" bw="24" slack="0"/>
<pin id="735" dir="1" index="2" bw="24" slack="0"/>
</pin_list>
<bind>
<opcode="add(8) " fcode="add"/>
<opset="tmp_1/4 "/>
</bind>
</comp>

<comp id="738" class="1004" name="p_Val2_4_7_i_i_fu_738">
<pin_list>
<pin id="739" dir="0" index="0" bw="24" slack="0"/>
<pin id="740" dir="0" index="1" bw="24" slack="2"/>
<pin id="741" dir="1" index="2" bw="24" slack="1"/>
</pin_list>
<bind>
<opcode="add(8) " fcode="add"/>
<opset="p_Val2_4_7_i_i/4 "/>
</bind>
</comp>

<comp id="744" class="1005" name="exitcond1_i_i_reg_744">
<pin_list>
<pin id="745" dir="0" index="0" bw="1" slack="1"/>
<pin id="746" dir="1" index="1" bw="1" slack="2147483647"/>
</pin_list>
<bind>
<opset="exitcond1_i_i "/>
</bind>
</comp>

<comp id="748" class="1005" name="i_reg_748">
<pin_list>
<pin id="749" dir="0" index="0" bw="7" slack="0"/>
<pin id="750" dir="1" index="1" bw="7" slack="0"/>
</pin_list>
<bind>
<opset="i "/>
</bind>
</comp>

<comp id="753" class="1005" name="tmp_2_reg_753">
<pin_list>
<pin id="754" dir="0" index="0" bw="1" slack="1"/>
<pin id="755" dir="1" index="1" bw="1" slack="2147483647"/>
</pin_list>
<bind>
<opset="tmp_2 "/>
</bind>
</comp>

<comp id="757" class="1005" name="tmp_2_cast_i_i_reg_757">
<pin_list>
<pin id="758" dir="0" index="0" bw="6" slack="1"/>
<pin id="759" dir="1" index="1" bw="6" slack="1"/>
</pin_list>
<bind>
<opset="tmp_2_cast_i_i "/>
</bind>
</comp>

<comp id="762" class="1005" name="r_V_2_i_i_reg_762">
<pin_list>
<pin id="763" dir="0" index="0" bw="16" slack="1"/>
<pin id="764" dir="1" index="1" bw="16" slack="1"/>
</pin_list>
<bind>
<opset="r_V_2_i_i "/>
</bind>
</comp>

<comp id="767" class="1005" name="r_V_3_i_i_reg_767">
<pin_list>
<pin id="768" dir="0" index="0" bw="16" slack="1"/>
<pin id="769" dir="1" index="1" bw="16" slack="1"/>
</pin_list>
<bind>
<opset="r_V_3_i_i "/>
</bind>
</comp>

<comp id="772" class="1005" name="r_V_6_i_i_reg_772">
<pin_list>
<pin id="773" dir="0" index="0" bw="16" slack="1"/>
<pin id="774" dir="1" index="1" bw="16" slack="1"/>
</pin_list>
<bind>
<opset="r_V_6_i_i "/>
</bind>
</comp>

<comp id="777" class="1005" name="r_V_7_i_i_reg_777">
<pin_list>
<pin id="778" dir="0" index="0" bw="16" slack="1"/>
<pin id="779" dir="1" index="1" bw="16" slack="1"/>
</pin_list>
<bind>
<opset="r_V_7_i_i "/>
</bind>
</comp>

<comp id="782" class="1005" name="tmp1_reg_782">
<pin_list>
<pin id="783" dir="0" index="0" bw="24" slack="1"/>
<pin id="784" dir="1" index="1" bw="24" slack="1"/>
</pin_list>
<bind>
<opset="tmp1 "/>
</bind>
</comp>

<comp id="787" class="1005" name="tmp4_reg_787">
<pin_list>
<pin id="788" dir="0" index="0" bw="24" slack="1"/>
<pin id="789" dir="1" index="1" bw="24" slack="1"/>
</pin_list>
<bind>
<opset="tmp4 "/>
</bind>
</comp>

<comp id="792" class="1005" name="p_Val2_4_7_i_i_reg_792">
<pin_list>
<pin id="793" dir="0" index="0" bw="24" slack="1"/>
<pin id="794" dir="1" index="1" bw="24" slack="1"/>
</pin_list>
<bind>
<opset="p_Val2_4_7_i_i "/>
</bind>
</comp>

</comp_list>

<net_list>
<net id="146"><net_src comp="54" pin="0"/><net_sink comp="142" pin=0"/></net>

<net id="147"><net_src comp="48" pin="0"/><net_sink comp="142" pin=1"/></net>

<net id="152"><net_src comp="56" pin="0"/><net_sink comp="148" pin=0"/></net>

<net id="153"><net_src comp="46" pin="0"/><net_sink comp="148" pin=1"/></net>

<net id="159"><net_src comp="78" pin="0"/><net_sink comp="154" pin=0"/></net>

<net id="160"><net_src comp="50" pin="0"/><net_sink comp="154" pin=1"/></net>

<net id="161"><net_src comp="148" pin="2"/><net_sink comp="154" pin=2"/></net>

<net id="167"><net_src comp="80" pin="0"/><net_sink comp="162" pin=0"/></net>

<net id="168"><net_src comp="52" pin="0"/><net_sink comp="162" pin=1"/></net>

<net id="169"><net_src comp="142" pin="2"/><net_sink comp="162" pin=2"/></net>

<net id="180"><net_src comp="90" pin="0"/><net_sink comp="170" pin=0"/></net>

<net id="181"><net_src comp="0" pin="0"/><net_sink comp="170" pin=1"/></net>

<net id="182"><net_src comp="2" pin="0"/><net_sink comp="170" pin=2"/></net>

<net id="183"><net_src comp="4" pin="0"/><net_sink comp="170" pin=3"/></net>

<net id="184"><net_src comp="6" pin="0"/><net_sink comp="170" pin=4"/></net>

<net id="185"><net_src comp="8" pin="0"/><net_sink comp="170" pin=5"/></net>

<net id="186"><net_src comp="10" pin="0"/><net_sink comp="170" pin=6"/></net>

<net id="187"><net_src comp="12" pin="0"/><net_sink comp="170" pin=7"/></net>

<net id="193"><net_src comp="14" pin="0"/><net_sink comp="188" pin=0"/></net>

<net id="194"><net_src comp="106" pin="0"/><net_sink comp="188" pin=1"/></net>

<net id="200"><net_src comp="30" pin="0"/><net_sink comp="195" pin=0"/></net>

<net id="201"><net_src comp="106" pin="0"/><net_sink comp="195" pin=1"/></net>

<net id="207"><net_src comp="188" pin="3"/><net_sink comp="202" pin=0"/></net>

<net id="213"><net_src comp="195" pin="3"/><net_sink comp="208" pin=0"/></net>

<net id="219"><net_src comp="16" pin="0"/><net_sink comp="214" pin=0"/></net>

<net id="220"><net_src comp="106" pin="0"/><net_sink comp="214" pin=1"/></net>

<net id="226"><net_src comp="32" pin="0"/><net_sink comp="221" pin=0"/></net>

<net id="227"><net_src comp="106" pin="0"/><net_sink comp="221" pin=1"/></net>

<net id="233"><net_src comp="214" pin="3"/><net_sink comp="228" pin=0"/></net>

<net id="239"><net_src comp="221" pin="3"/><net_sink comp="234" pin=0"/></net>

<net id="245"><net_src comp="18" pin="0"/><net_sink comp="240" pin=0"/></net>

<net id="246"><net_src comp="106" pin="0"/><net_sink comp="240" pin=1"/></net>

<net id="252"><net_src comp="34" pin="0"/><net_sink comp="247" pin=0"/></net>

<net id="253"><net_src comp="106" pin="0"/><net_sink comp="247" pin=1"/></net>

<net id="259"><net_src comp="240" pin="3"/><net_sink comp="254" pin=0"/></net>

<net id="265"><net_src comp="247" pin="3"/><net_sink comp="260" pin=0"/></net>

<net id="271"><net_src comp="20" pin="0"/><net_sink comp="266" pin=0"/></net>

<net id="272"><net_src comp="106" pin="0"/><net_sink comp="266" pin=1"/></net>

<net id="278"><net_src comp="36" pin="0"/><net_sink comp="273" pin=0"/></net>

<net id="279"><net_src comp="106" pin="0"/><net_sink comp="273" pin=1"/></net>

<net id="285"><net_src comp="266" pin="3"/><net_sink comp="280" pin=0"/></net>

<net id="291"><net_src comp="273" pin="3"/><net_sink comp="286" pin=0"/></net>

<net id="297"><net_src comp="22" pin="0"/><net_sink comp="292" pin=0"/></net>

<net id="298"><net_src comp="106" pin="0"/><net_sink comp="292" pin=1"/></net>

<net id="304"><net_src comp="38" pin="0"/><net_sink comp="299" pin=0"/></net>

<net id="305"><net_src comp="106" pin="0"/><net_sink comp="299" pin=1"/></net>

<net id="311"><net_src comp="292" pin="3"/><net_sink comp="306" pin=0"/></net>

<net id="317"><net_src comp="299" pin="3"/><net_sink comp="312" pin=0"/></net>

<net id="323"><net_src comp="24" pin="0"/><net_sink comp="318" pin=0"/></net>

<net id="324"><net_src comp="106" pin="0"/><net_sink comp="318" pin=1"/></net>

<net id="330"><net_src comp="40" pin="0"/><net_sink comp="325" pin=0"/></net>

<net id="331"><net_src comp="106" pin="0"/><net_sink comp="325" pin=1"/></net>

<net id="337"><net_src comp="318" pin="3"/><net_sink comp="332" pin=0"/></net>

<net id="343"><net_src comp="325" pin="3"/><net_sink comp="338" pin=0"/></net>

<net id="349"><net_src comp="26" pin="0"/><net_sink comp="344" pin=0"/></net>

<net id="350"><net_src comp="106" pin="0"/><net_sink comp="344" pin=1"/></net>

<net id="356"><net_src comp="42" pin="0"/><net_sink comp="351" pin=0"/></net>

<net id="357"><net_src comp="106" pin="0"/><net_sink comp="351" pin=1"/></net>

<net id="363"><net_src comp="344" pin="3"/><net_sink comp="358" pin=0"/></net>

<net id="369"><net_src comp="351" pin="3"/><net_sink comp="364" pin=0"/></net>

<net id="375"><net_src comp="28" pin="0"/><net_sink comp="370" pin=0"/></net>

<net id="376"><net_src comp="106" pin="0"/><net_sink comp="370" pin=1"/></net>

<net id="382"><net_src comp="44" pin="0"/><net_sink comp="377" pin=0"/></net>

<net id="383"><net_src comp="106" pin="0"/><net_sink comp="377" pin=1"/></net>

<net id="389"><net_src comp="370" pin="3"/><net_sink comp="384" pin=0"/></net>

<net id="395"><net_src comp="377" pin="3"/><net_sink comp="390" pin=0"/></net>

<net id="399"><net_src comp="82" pin="0"/><net_sink comp="396" pin=0"/></net>

<net id="406"><net_src comp="396" pin="1"/><net_sink comp="400" pin=0"/></net>

<net id="407"><net_src comp="400" pin="4"/><net_sink comp="396" pin=0"/></net>

<net id="411"><net_src comp="84" pin="0"/><net_sink comp="408" pin=0"/></net>

<net id="418"><net_src comp="408" pin="1"/><net_sink comp="412" pin=0"/></net>

<net id="423"><net_src comp="412" pin="4"/><net_sink comp="419" pin=0"/></net>

<net id="424"><net_src comp="86" pin="0"/><net_sink comp="419" pin=1"/></net>

<net id="429"><net_src comp="412" pin="4"/><net_sink comp="425" pin=0"/></net>

<net id="430"><net_src comp="88" pin="0"/><net_sink comp="425" pin=1"/></net>

<net id="434"><net_src comp="412" pin="4"/><net_sink comp="431" pin=0"/></net>

<net id="441"><net_src comp="92" pin="0"/><net_sink comp="435" pin=0"/></net>

<net id="442"><net_src comp="412" pin="4"/><net_sink comp="435" pin=1"/></net>

<net id="443"><net_src comp="62" pin="0"/><net_sink comp="435" pin=2"/></net>

<net id="444"><net_src comp="94" pin="0"/><net_sink comp="435" pin=3"/></net>

<net id="448"><net_src comp="170" pin="8"/><net_sink comp="445" pin=0"/></net>

<net id="452"><net_src comp="445" pin="1"/><net_sink comp="449" pin=0"/></net>

<net id="453"><net_src comp="449" pin="1"/><net_sink comp="202" pin=1"/></net>

<net id="454"><net_src comp="449" pin="1"/><net_sink comp="208" pin=1"/></net>

<net id="458"><net_src comp="455" pin="1"/><net_sink comp="188" pin=2"/></net>

<net id="459"><net_src comp="455" pin="1"/><net_sink comp="195" pin=2"/></net>

<net id="460"><net_src comp="455" pin="1"/><net_sink comp="214" pin=2"/></net>

<net id="461"><net_src comp="455" pin="1"/><net_sink comp="221" pin=2"/></net>

<net id="462"><net_src comp="455" pin="1"/><net_sink comp="240" pin=2"/></net>

<net id="463"><net_src comp="455" pin="1"/><net_sink comp="247" pin=2"/></net>

<net id="464"><net_src comp="455" pin="1"/><net_sink comp="266" pin=2"/></net>

<net id="465"><net_src comp="455" pin="1"/><net_sink comp="273" pin=2"/></net>

<net id="466"><net_src comp="455" pin="1"/><net_sink comp="292" pin=2"/></net>

<net id="467"><net_src comp="455" pin="1"/><net_sink comp="299" pin=2"/></net>

<net id="468"><net_src comp="455" pin="1"/><net_sink comp="318" pin=2"/></net>

<net id="469"><net_src comp="455" pin="1"/><net_sink comp="325" pin=2"/></net>

<net id="470"><net_src comp="455" pin="1"/><net_sink comp="344" pin=2"/></net>

<net id="471"><net_src comp="455" pin="1"/><net_sink comp="351" pin=2"/></net>

<net id="472"><net_src comp="455" pin="1"/><net_sink comp="370" pin=2"/></net>

<net id="473"><net_src comp="455" pin="1"/><net_sink comp="377" pin=2"/></net>

<net id="477"><net_src comp="449" pin="1"/><net_sink comp="474" pin=0"/></net>

<net id="482"><net_src comp="474" pin="1"/><net_sink comp="478" pin=0"/></net>

<net id="483"><net_src comp="474" pin="1"/><net_sink comp="478" pin=1"/></net>

<net id="489"><net_src comp="108" pin="0"/><net_sink comp="484" pin=0"/></net>

<net id="490"><net_src comp="478" pin="2"/><net_sink comp="484" pin=1"/></net>

<net id="491"><net_src comp="110" pin="0"/><net_sink comp="484" pin=2"/></net>

<net id="498"><net_src comp="112" pin="0"/><net_sink comp="492" pin=0"/></net>

<net id="499"><net_src comp="445" pin="1"/><net_sink comp="492" pin=1"/></net>

<net id="500"><net_src comp="114" pin="0"/><net_sink comp="492" pin=2"/></net>

<net id="501"><net_src comp="116" pin="0"/><net_sink comp="492" pin=3"/></net>

<net id="502"><net_src comp="492" pin="4"/><net_sink comp="228" pin=1"/></net>

<net id="503"><net_src comp="492" pin="4"/><net_sink comp="234" pin=1"/></net>

<net id="507"><net_src comp="492" pin="4"/><net_sink comp="504" pin=0"/></net>

<net id="512"><net_src comp="504" pin="1"/><net_sink comp="508" pin=0"/></net>

<net id="513"><net_src comp="504" pin="1"/><net_sink comp="508" pin=1"/></net>

<net id="519"><net_src comp="108" pin="0"/><net_sink comp="514" pin=0"/></net>

<net id="520"><net_src comp="508" pin="2"/><net_sink comp="514" pin=1"/></net>

<net id="521"><net_src comp="110" pin="0"/><net_sink comp="514" pin=2"/></net>

<net id="528"><net_src comp="112" pin="0"/><net_sink comp="522" pin=0"/></net>

<net id="529"><net_src comp="445" pin="1"/><net_sink comp="522" pin=1"/></net>

<net id="530"><net_src comp="76" pin="0"/><net_sink comp="522" pin=2"/></net>

<net id="531"><net_src comp="118" pin="0"/><net_sink comp="522" pin=3"/></net>

<net id="532"><net_src comp="522" pin="4"/><net_sink comp="254" pin=1"/></net>

<net id="533"><net_src comp="522" pin="4"/><net_sink comp="260" pin=1"/></net>

<net id="537"><net_src comp="522" pin="4"/><net_sink comp="534" pin=0"/></net>

<net id="542"><net_src comp="534" pin="1"/><net_sink comp="538" pin=0"/></net>

<net id="543"><net_src comp="534" pin="1"/><net_sink comp="538" pin=1"/></net>

<net id="550"><net_src comp="112" pin="0"/><net_sink comp="544" pin=0"/></net>

<net id="551"><net_src comp="445" pin="1"/><net_sink comp="544" pin=1"/></net>

<net id="552"><net_src comp="120" pin="0"/><net_sink comp="544" pin=2"/></net>

<net id="553"><net_src comp="122" pin="0"/><net_sink comp="544" pin=3"/></net>

<net id="554"><net_src comp="544" pin="4"/><net_sink comp="280" pin=1"/></net>

<net id="555"><net_src comp="544" pin="4"/><net_sink comp="286" pin=1"/></net>

<net id="559"><net_src comp="544" pin="4"/><net_sink comp="556" pin=0"/></net>

<net id="564"><net_src comp="556" pin="1"/><net_sink comp="560" pin=0"/></net>

<net id="565"><net_src comp="556" pin="1"/><net_sink comp="560" pin=1"/></net>

<net id="572"><net_src comp="112" pin="0"/><net_sink comp="566" pin=0"/></net>

<net id="573"><net_src comp="445" pin="1"/><net_sink comp="566" pin=1"/></net>

<net id="574"><net_src comp="124" pin="0"/><net_sink comp="566" pin=2"/></net>

<net id="575"><net_src comp="126" pin="0"/><net_sink comp="566" pin=3"/></net>

<net id="576"><net_src comp="566" pin="4"/><net_sink comp="306" pin=1"/></net>

<net id="577"><net_src comp="566" pin="4"/><net_sink comp="312" pin=1"/></net>

<net id="581"><net_src comp="566" pin="4"/><net_sink comp="578" pin=0"/></net>

<net id="586"><net_src comp="578" pin="1"/><net_sink comp="582" pin=0"/></net>

<net id="587"><net_src comp="578" pin="1"/><net_sink comp="582" pin=1"/></net>

<net id="593"><net_src comp="108" pin="0"/><net_sink comp="588" pin=0"/></net>

<net id="594"><net_src comp="582" pin="2"/><net_sink comp="588" pin=1"/></net>

<net id="595"><net_src comp="110" pin="0"/><net_sink comp="588" pin=2"/></net>

<net id="602"><net_src comp="112" pin="0"/><net_sink comp="596" pin=0"/></net>

<net id="603"><net_src comp="445" pin="1"/><net_sink comp="596" pin=1"/></net>

<net id="604"><net_src comp="128" pin="0"/><net_sink comp="596" pin=2"/></net>

<net id="605"><net_src comp="130" pin="0"/><net_sink comp="596" pin=3"/></net>

<net id="606"><net_src comp="596" pin="4"/><net_sink comp="332" pin=1"/></net>

<net id="607"><net_src comp="596" pin="4"/><net_sink comp="338" pin=1"/></net>

<net id="611"><net_src comp="596" pin="4"/><net_sink comp="608" pin=0"/></net>

<net id="616"><net_src comp="608" pin="1"/><net_sink comp="612" pin=0"/></net>

<net id="617"><net_src comp="608" pin="1"/><net_sink comp="612" pin=1"/></net>

<net id="623"><net_src comp="108" pin="0"/><net_sink comp="618" pin=0"/></net>

<net id="624"><net_src comp="612" pin="2"/><net_sink comp="618" pin=1"/></net>

<net id="625"><net_src comp="110" pin="0"/><net_sink comp="618" pin=2"/></net>

<net id="632"><net_src comp="112" pin="0"/><net_sink comp="626" pin=0"/></net>

<net id="633"><net_src comp="445" pin="1"/><net_sink comp="626" pin=1"/></net>

<net id="634"><net_src comp="132" pin="0"/><net_sink comp="626" pin=2"/></net>

<net id="635"><net_src comp="134" pin="0"/><net_sink comp="626" pin=3"/></net>

<net id="636"><net_src comp="626" pin="4"/><net_sink comp="358" pin=1"/></net>

<net id="637"><net_src comp="626" pin="4"/><net_sink comp="364" pin=1"/></net>

<net id="641"><net_src comp="626" pin="4"/><net_sink comp="638" pin=0"/></net>

<net id="646"><net_src comp="638" pin="1"/><net_sink comp="642" pin=0"/></net>

<net id="647"><net_src comp="638" pin="1"/><net_sink comp="642" pin=1"/></net>

<net id="654"><net_src comp="112" pin="0"/><net_sink comp="648" pin=0"/></net>

<net id="655"><net_src comp="445" pin="1"/><net_sink comp="648" pin=1"/></net>

<net id="656"><net_src comp="136" pin="0"/><net_sink comp="648" pin=2"/></net>

<net id="657"><net_src comp="138" pin="0"/><net_sink comp="648" pin=3"/></net>

<net id="658"><net_src comp="648" pin="4"/><net_sink comp="384" pin=1"/></net>

<net id="659"><net_src comp="648" pin="4"/><net_sink comp="390" pin=1"/></net>

<net id="663"><net_src comp="648" pin="4"/><net_sink comp="660" pin=0"/></net>

<net id="668"><net_src comp="660" pin="1"/><net_sink comp="664" pin=0"/></net>

<net id="669"><net_src comp="660" pin="1"/><net_sink comp="664" pin=1"/></net>

<net id="674"><net_src comp="514" pin="3"/><net_sink comp="670" pin=0"/></net>

<net id="675"><net_src comp="484" pin="3"/><net_sink comp="670" pin=1"/></net>

<net id="680"><net_src comp="618" pin="3"/><net_sink comp="676" pin=0"/></net>

<net id="681"><net_src comp="588" pin="3"/><net_sink comp="676" pin=1"/></net>

<net id="687"><net_src comp="108" pin="0"/><net_sink comp="682" pin=0"/></net>

<net id="688"><net_src comp="110" pin="0"/><net_sink comp="682" pin=2"/></net>

<net id="694"><net_src comp="108" pin="0"/><net_sink comp="689" pin=0"/></net>

<net id="695"><net_src comp="110" pin="0"/><net_sink comp="689" pin=2"/></net>

<net id="701"><net_src comp="108" pin="0"/><net_sink comp="696" pin=0"/></net>

<net id="702"><net_src comp="110" pin="0"/><net_sink comp="696" pin=2"/></net>

<net id="708"><net_src comp="108" pin="0"/><net_sink comp="703" pin=0"/></net>

<net id="709"><net_src comp="110" pin="0"/><net_sink comp="703" pin=2"/></net>

<net id="714"><net_src comp="689" pin="3"/><net_sink comp="710" pin=0"/></net>

<net id="715"><net_src comp="682" pin="3"/><net_sink comp="710" pin=1"/></net>

<net id="720"><net_src comp="710" pin="2"/><net_sink comp="716" pin=1"/></net>

<net id="725"><net_src comp="703" pin="3"/><net_sink comp="721" pin=0"/></net>

<net id="726"><net_src comp="696" pin="3"/><net_sink comp="721" pin=1"/></net>

<net id="731"><net_src comp="721" pin="2"/><net_sink comp="727" pin=1"/></net>

<net id="736"><net_src comp="716" pin="2"/><net_sink comp="732" pin=0"/></net>

<net id="737"><net_src comp="727" pin="2"/><net_sink comp="732" pin=1"/></net>

<net id="742"><net_src comp="732" pin="2"/><net_sink comp="738" pin=0"/></net>

<net id="743"><net_src comp="396" pin="1"/><net_sink comp="738" pin=1"/></net>

<net id="747"><net_src comp="419" pin="2"/><net_sink comp="744" pin=0"/></net>

<net id="751"><net_src comp="425" pin="2"/><net_sink comp="748" pin=0"/></net>

<net id="752"><net_src comp="748" pin="1"/><net_sink comp="412" pin=2"/></net>

<net id="756"><net_src comp="431" pin="1"/><net_sink comp="753" pin=0"/></net>

<net id="760"><net_src comp="435" pin="4"/><net_sink comp="757" pin=0"/></net>

<net id="761"><net_src comp="757" pin="1"/><net_sink comp="455" pin=0"/></net>

<net id="765"><net_src comp="538" pin="2"/><net_sink comp="762" pin=0"/></net>

<net id="766"><net_src comp="762" pin="1"/><net_sink comp="682" pin=1"/></net>

<net id="770"><net_src comp="560" pin="2"/><net_sink comp="767" pin=0"/></net>

<net id="771"><net_src comp="767" pin="1"/><net_sink comp="689" pin=1"/></net>

<net id="775"><net_src comp="642" pin="2"/><net_sink comp="772" pin=0"/></net>

<net id="776"><net_src comp="772" pin="1"/><net_sink comp="696" pin=1"/></net>

<net id="780"><net_src comp="664" pin="2"/><net_sink comp="777" pin=0"/></net>

<net id="781"><net_src comp="777" pin="1"/><net_sink comp="703" pin=1"/></net>

<net id="785"><net_src comp="670" pin="2"/><net_sink comp="782" pin=0"/></net>

<net id="786"><net_src comp="782" pin="1"/><net_sink comp="716" pin=0"/></net>

<net id="790"><net_src comp="676" pin="2"/><net_sink comp="787" pin=0"/></net>

<net id="791"><net_src comp="787" pin="1"/><net_sink comp="727" pin=0"/></net>

<net id="795"><net_src comp="738" pin="2"/><net_sink comp="792" pin=0"/></net>

<net id="796"><net_src comp="792" pin="1"/><net_sink comp="400" pin=2"/></net>

</net_list>

</model> 
---------------- Datapath Model END ------------------

* FSMD analyzer results:
  - Output states:
	Port: in_stream_V_data_V | {}
	Port: in_stream_V_keep_V | {}
	Port: in_stream_V_strb_V | {}
	Port: in_stream_V_user_V | {}
	Port: in_stream_V_last_V | {}
	Port: in_stream_V_id_V | {}
	Port: in_stream_V_dest_V | {}
	Port: x_local_0_V | {3 }
	Port: x_local_1_V | {3 }
	Port: x_local_2_V | {3 }
	Port: x_local_3_V | {3 }
	Port: x_local_4_V | {3 }
	Port: x_local_5_V | {3 }
	Port: x_local_6_V | {3 }
	Port: x_local_7_V | {3 }
	Port: x_local_8_V | {3 }
	Port: x_local_9_V | {3 }
	Port: x_local_10_V | {3 }
	Port: x_local_11_V | {3 }
	Port: x_local_12_V | {3 }
	Port: x_local_13_V | {3 }
	Port: x_local_14_V | {3 }
	Port: x_local_15_V | {3 }
	Port: n_out | {1 }
	Port: num_images_out | {1 }
 - Input state : 
	Port: load_and_calc_norm53 : in_stream_V_data_V | {2 }
	Port: load_and_calc_norm53 : in_stream_V_keep_V | {2 }
	Port: load_and_calc_norm53 : in_stream_V_strb_V | {2 }
	Port: load_and_calc_norm53 : in_stream_V_user_V | {2 }
	Port: load_and_calc_norm53 : in_stream_V_last_V | {2 }
	Port: load_and_calc_norm53 : in_stream_V_id_V | {2 }
	Port: load_and_calc_norm53 : in_stream_V_dest_V | {2 }
	Port: load_and_calc_norm53 : n | {1 }
	Port: load_and_calc_norm53 : num_images | {1 }
  - Chain level:
	State 1
	State 2
		exitcond1_i_i : 1
		i : 1
		StgValue_81 : 2
		tmp_2 : 1
		tmp_2_cast_i_i : 1
		StgValue_85 : 2
		StgValue_86 : 2
		StgValue_87 : 2
		StgValue_88 : 2
		StgValue_89 : 2
		StgValue_90 : 2
		StgValue_91 : 2
		StgValue_92 : 2
	State 3
		tmp_3 : 1
		x_local_0_V_addr : 1
		x_local_8_V_addr : 1
		StgValue_102 : 2
		StgValue_104 : 2
		OP1_V_i_i : 2
		r_V_i_i : 3
		tmp_9_i_i : 4
		p_Result_1_i_i : 1
		x_local_1_V_addr : 1
		x_local_9_V_addr : 1
		StgValue_112 : 2
		StgValue_114 : 2
		OP1_V_1_i_i : 2
		r_V_1_i_i : 3
		tmp_9_1_i_i : 4
		p_Result_2_i_i : 1
		x_local_2_V_addr : 1
		x_local_10_V_addr : 1
		StgValue_122 : 2
		StgValue_124 : 2
		OP1_V_2_i_i : 2
		r_V_2_i_i : 3
		p_Result_3_i_i : 1
		x_local_3_V_addr : 1
		x_local_11_V_addr : 1
		StgValue_131 : 2
		StgValue_133 : 2
		OP1_V_3_i_i : 2
		r_V_3_i_i : 3
		p_Result_4_i_i : 1
		x_local_4_V_addr : 1
		x_local_12_V_addr : 1
		StgValue_140 : 2
		StgValue_142 : 2
		OP1_V_4_i_i : 2
		r_V_4_i_i : 3
		tmp_9_4_i_i : 4
		p_Result_5_i_i : 1
		x_local_5_V_addr : 1
		x_local_13_V_addr : 1
		StgValue_150 : 2
		StgValue_152 : 2
		OP1_V_5_i_i : 2
		r_V_5_i_i : 3
		tmp_9_5_i_i : 4
		p_Result_6_i_i : 1
		x_local_6_V_addr : 1
		x_local_14_V_addr : 1
		StgValue_160 : 2
		StgValue_162 : 2
		OP1_V_6_i_i : 2
		r_V_6_i_i : 3
		p_Result_7_i_i : 1
		x_local_7_V_addr : 1
		x_local_15_V_addr : 1
		StgValue_169 : 2
		StgValue_171 : 2
		OP1_V_7_i_i : 2
		r_V_7_i_i : 3
		tmp1 : 5
		tmp4 : 5
	State 4
		tmp2 : 1
		tmp : 2
		tmp5 : 1
		tmp3 : 2
		tmp_1 : 3
		p_Val2_4_7_i_i : 4
	State 5


============================================================
+ Verbose Summary: Datapath Resource usage 
============================================================

* Functional unit list:
|----------|-----------------------------|---------|---------|---------|
| Operation|       Functional Unit       |  DSP48E |    FF   |   LUT   |
|----------|-----------------------------|---------|---------|---------|
|          |        r_V_i_i_fu_478       |    0    |    0    |    41   |
|          |       r_V_1_i_i_fu_508      |    0    |    0    |    41   |
|          |       r_V_2_i_i_fu_538      |    0    |    0    |    41   |
|    mul   |       r_V_3_i_i_fu_560      |    0    |    0    |    41   |
|          |       r_V_4_i_i_fu_582      |    0    |    0    |    41   |
|          |       r_V_5_i_i_fu_612      |    0    |    0    |    41   |
|          |       r_V_6_i_i_fu_642      |    0    |    0    |    41   |
|          |       r_V_7_i_i_fu_664      |    0    |    0    |    41   |
|----------|-----------------------------|---------|---------|---------|
|          |           i_fu_425          |    0    |    0    |    15   |
|          |         tmp1_fu_670         |    0    |    0    |    31   |
|          |         tmp4_fu_676         |    0    |    0    |    31   |
|          |         tmp2_fu_710         |    0    |    0    |    32   |
|    add   |          tmp_fu_716         |    0    |    0    |    32   |
|          |         tmp5_fu_721         |    0    |    0    |    32   |
|          |         tmp3_fu_727         |    0    |    0    |    32   |
|          |         tmp_1_fu_732        |    0    |    0    |    32   |
|          |    p_Val2_4_7_i_i_fu_738    |    0    |    0    |    32   |
|----------|-----------------------------|---------|---------|---------|
|   icmp   |     exitcond1_i_i_fu_419    |    0    |    0    |    11   |
|----------|-----------------------------|---------|---------|---------|
|          | num_images_read_read_fu_142 |    0    |    0    |    0    |
|   read   |      n_read_read_fu_148     |    0    |    0    |    0    |
|          |       grp_read_fu_170       |    0    |    0    |    0    |
|----------|-----------------------------|---------|---------|---------|
|   write  |   StgValue_65_write_fu_154  |    0    |    0    |    0    |
|          |   StgValue_67_write_fu_162  |    0    |    0    |    0    |
|----------|-----------------------------|---------|---------|---------|
|   trunc  |         tmp_2_fu_431        |    0    |    0    |    0    |
|          |         tmp_3_fu_449        |    0    |    0    |    0    |
|----------|-----------------------------|---------|---------|---------|
|          |    tmp_2_cast_i_i_fu_435    |    0    |    0    |    0    |
|          |    p_Result_1_i_i_fu_492    |    0    |    0    |    0    |
|          |    p_Result_2_i_i_fu_522    |    0    |    0    |    0    |
|partselect|    p_Result_3_i_i_fu_544    |    0    |    0    |    0    |
|          |    p_Result_4_i_i_fu_566    |    0    |    0    |    0    |
|          |    p_Result_5_i_i_fu_596    |    0    |    0    |    0    |
|          |    p_Result_6_i_i_fu_626    |    0    |    0    |    0    |
|          |    p_Result_7_i_i_fu_648    |    0    |    0    |    0    |
|----------|-----------------------------|---------|---------|---------|
|extractvalue|      tmp_data_V_fu_445      |    0    |    0    |    0    |
|----------|-----------------------------|---------|---------|---------|
|   zext   |     newIndex1_i_i_fu_455    |    0    |    0    |    0    |
|----------|-----------------------------|---------|---------|---------|
|          |       OP1_V_i_i_fu_474      |    0    |    0    |    0    |
|          |      OP1_V_1_i_i_fu_504     |    0    |    0    |    0    |
|          |      OP1_V_2_i_i_fu_534     |    0    |    0    |    0    |
|   sext   |      OP1_V_3_i_i_fu_556     |    0    |    0    |    0    |
|          |      OP1_V_4_i_i_fu_578     |    0    |    0    |    0    |
|          |      OP1_V_5_i_i_fu_608     |    0    |    0    |    0    |
|          |      OP1_V_6_i_i_fu_638     |    0    |    0    |    0    |
|          |      OP1_V_7_i_i_fu_660     |    0    |    0    |    0    |
|----------|-----------------------------|---------|---------|---------|
|          |       tmp_9_i_i_fu_484      |    0    |    0    |    0    |
|          |      tmp_9_1_i_i_fu_514     |    0    |    0    |    0    |
|          |      tmp_9_4_i_i_fu_588     |    0    |    0    |    0    |
|bitconcatenate|      tmp_9_5_i_i_fu_618     |    0    |    0    |    0    |
|          |      tmp_9_2_i_i_fu_682     |    0    |    0    |    0    |
|          |      tmp_9_3_i_i_fu_689     |    0    |    0    |    0    |
|          |      tmp_9_6_i_i_fu_696     |    0    |    0    |    0    |
|          |      tmp_9_7_i_i_fu_703     |    0    |    0    |    0    |
|----------|-----------------------------|---------|---------|---------|
|   Total  |                             |    0    |    0    |   608   |
|----------|-----------------------------|---------|---------|---------|

Memories:
N/A

* Register list:
+-------------------------+--------+
|                         |   FF   |
+-------------------------+--------+
|calculated_norm_V_reg_396|   24   |
|  exitcond1_i_i_reg_744  |    1   |
|      i_i_i_reg_408      |    7   |
|        i_reg_748        |    7   |
|  p_Val2_4_7_i_i_reg_792 |   24   |
|    r_V_2_i_i_reg_762    |   16   |
|    r_V_3_i_i_reg_767    |   16   |
|    r_V_6_i_i_reg_772    |   16   |
|    r_V_7_i_i_reg_777    |   16   |
|       tmp1_reg_782      |   24   |
|       tmp4_reg_787      |   24   |
|  tmp_2_cast_i_i_reg_757 |    6   |
|      tmp_2_reg_753      |    1   |
+-------------------------+--------+
|          Total          |   182  |
+-------------------------+--------+

* Multiplexer (MUX) list: 
|---------------------------|------|------|------|--------||---------||---------|
|            Comp           |  Pin | Size |  BW  | S x BW ||  Delay  ||   LUT   |
|---------------------------|------|------|------|--------||---------||---------|
| calculated_norm_V_reg_396 |  p0  |   2  |  24  |   48   ||    9    |
|---------------------------|------|------|------|--------||---------||---------|
|           Total           |      |      |      |   48   ||  1.769  ||    9    |
|---------------------------|------|------|------|--------||---------||---------|



* Summary:
+-----------+--------+--------+--------+--------+
|           | DSP48E |  Delay |   FF   |   LUT  |
+-----------+--------+--------+--------+--------+
|  Function |    0   |    -   |    0   |   608  |
|   Memory  |    -   |    -   |    -   |    -   |
|Multiplexer|    -   |    1   |    -   |    9   |
|  Register |    -   |    -   |   182  |    -   |
+-----------+--------+--------+--------+--------+
|   Total   |    0   |    1   |   182  |   617  |
+-----------+--------+--------+--------+--------+
