

================================================================
== Vivado HLS Report for 'load_and_calc_norm61'
================================================================
* Date:           Tue Feb 24 23:50:53 2026

* Version:        2018.2 (Build 2258646 on Thu Jun 14 20:25:20 MDT 2018)
* Project:        ADSD
* Solution:       solution1
* Product family: zynq
* Target device:  xc7z020clg484-1


================================================================
== Performance Estimates
================================================================
+ Timing (ns): 
    * Summary: 
    +--------+-------+----------+------------+
    |  Clock | Target| Estimated| Uncertainty|
    +--------+-------+----------+------------+
    |ap_clk  |  10.00|     8.274|        1.25|
    +--------+-------+----------+------------+

+ Latency (clock cycles): 
    * Summary: 
    +-----+-----+-----+-----+---------+
    |  Latency  |  Interval | Pipeline|
    | min | max | min | max |   Type  |
    +-----+-----+-----+-----+---------+
    |  101|  101|  101|  101|   none  |
    +-----+-----+-----+-----+---------+

    + Detail: 
        * Instance: 
        N/A

        * Loop: 
        +-------------+-----+-----+----------+-----------+-----------+------+----------+
        |             |  Latency  | Iteration|  Initiation Interval  | Trip |          |
        |  Loop Name  | min | max |  Latency |  achieved |   target  | Count| Pipelined|
        +-------------+-----+-----+----------+-----------+-----------+------+----------+
        |- load_loop  |   99|   99|         3|          1|          1|    98|    yes   |
        +-------------+-----+-----+----------+-----------+-----------+------+----------+



================================================================
== Utilization Estimates
================================================================
* Summary: 
+-----------------+---------+-------+--------+-------+
|       Name      | BRAM_18K| DSP48E|   FF   |  LUT  |
+-----------------+---------+-------+--------+-------+
|DSP              |        -|      -|       -|      -|
|Expression       |        -|      0|       0|    630|
|FIFO             |        -|      -|       -|      -|
|Instance         |        -|      -|       -|      -|
|Memory           |        -|      -|       -|      -|
|Multiplexer      |        -|      -|       -|    123|
|Register         |        -|      -|     277|      -|
+-----------------+---------+-------+--------+-------+
|Total            |        0|      0|     277|    753|
+-----------------+---------+-------+--------+-------+
|Available        |      280|    220|  106400|  53200|
+-----------------+---------+-------+--------+-------+
|Utilization (%)  |        0|      0|   ~0   |      1|
+-----------------+---------+-------+--------+-------+

+ Detail: 
    * Instance: 
    N/A

    * DSP48: 
    N/A

    * Memory: 
    N/A

    * FIFO: 
    N/A

    * Expression: 
    +-------------------------------------+----------+-------+---+----+------------+------------+
    |            Variable Name            | Operation| DSP48E| FF| LUT| Bitwidth P0| Bitwidth P1|
    +-------------------------------------+----------+-------+---+----+------------+------------+
    |r_V_1_i_i_fu_486_p2                  |     *    |      0|  0|  41|           8|           8|
    |r_V_2_i_i_fu_516_p2                  |     *    |      0|  0|  41|           8|           8|
    |r_V_3_i_i_fu_538_p2                  |     *    |      0|  0|  41|           8|           8|
    |r_V_4_i_i_fu_560_p2                  |     *    |      0|  0|  41|           8|           8|
    |r_V_5_i_i_fu_590_p2                  |     *    |      0|  0|  41|           8|           8|
    |r_V_6_i_i_fu_620_p2                  |     *    |      0|  0|  41|           8|           8|
    |r_V_7_i_i_fu_642_p2                  |     *    |      0|  0|  41|           8|           8|
    |r_V_i_i_fu_456_p2                    |     *    |      0|  0|  41|           8|           8|
    |i_fu_403_p2                          |     +    |      0|  0|  15|           7|           1|
    |p_Val2_4_7_i_i_fu_716_p2             |     +    |      0|  0|  32|          24|          24|
    |tmp1_fu_648_p2                       |     +    |      0|  0|  31|          24|          24|
    |tmp2_fu_688_p2                       |     +    |      0|  0|  32|          24|          24|
    |tmp3_fu_705_p2                       |     +    |      0|  0|  32|          24|          24|
    |tmp4_fu_654_p2                       |     +    |      0|  0|  31|          24|          24|
    |tmp5_fu_699_p2                       |     +    |      0|  0|  32|          24|          24|
    |tmp_1_fu_710_p2                      |     +    |      0|  0|  32|          24|          24|
    |tmp_fu_694_p2                        |     +    |      0|  0|  32|          24|          24|
    |ap_block_pp0_stage0_11001            |    and   |      0|  0|   2|           1|           1|
    |ap_block_state3_pp0_stage0_iter1     |    and   |      0|  0|   2|           1|           1|
    |in_stream_V_data_V_0_load_A          |    and   |      0|  0|   2|           1|           1|
    |in_stream_V_data_V_0_load_B          |    and   |      0|  0|   2|           1|           1|
    |exitcond1_i_i_fu_397_p2              |   icmp   |      0|  0|  11|           7|           6|
    |in_stream_V_data_V_0_state_cmp_full  |   icmp   |      0|  0|   8|           2|           1|
    |ap_block_state1                      |    or    |      0|  0|   2|           1|           1|
    |ap_enable_pp0                        |    xor   |      0|  0|   2|           1|           2|
    |ap_enable_reg_pp0_iter1              |    xor   |      0|  0|   2|           2|           1|
    +-------------------------------------+----------+-------+---+----+------------+------------+
    |Total                                |          |      0|  0| 630|         280|         272|
    +-------------------------------------+----------+-------+---+----+------------+------------+

    * Multiplexer: 
    +-------------------------------+----+-----------+-----+-----------+
    |              Name             | LUT| Input Size| Bits| Total Bits|
    +-------------------------------+----+-----------+-----+-----------+
    |ap_NS_fsm                      |  21|          4|    1|          4|
    |ap_done                        |   9|          2|    1|          2|
    |ap_enable_reg_pp0_iter1        |   9|          2|    1|          2|
    |ap_enable_reg_pp0_iter2        |   9|          2|    1|          2|
    |calculated_norm_V_reg_374      |   9|          2|   24|         48|
    |i_i_i_reg_386                  |   9|          2|    7|         14|
    |in_stream_TDATA_blk_n          |   9|          2|    1|          2|
    |in_stream_V_data_V_0_data_out  |   9|          2|   64|        128|
    |in_stream_V_data_V_0_state     |  15|          3|    2|          6|
    |in_stream_V_dest_V_0_state     |  15|          3|    2|          6|
    |n_0_i_i_out_blk_n              |   9|          2|    1|          2|
    +-------------------------------+----+-----------+-----+-----------+
    |Total                          | 123|         26|  105|        216|
    +-------------------------------+----+-----------+-----+-----------+

    * Register: 
    +-------------------------------------+----+----+-----+-----------+
    |                 Name                | FF | LUT| Bits| Const Bits|
    +-------------------------------------+----+----+-----+-----------+
    |ap_CS_fsm                            |   3|   0|    3|          0|
    |ap_done_reg                          |   1|   0|    1|          0|
    |ap_enable_reg_pp0_iter0              |   1|   0|    1|          0|
    |ap_enable_reg_pp0_iter1              |   1|   0|    1|          0|
    |ap_enable_reg_pp0_iter2              |   1|   0|    1|          0|
    |calculated_norm_V_reg_374            |  24|   0|   24|          0|
    |exitcond1_i_i_reg_722                |   1|   0|    1|          0|
    |exitcond1_i_i_reg_722_pp0_iter1_reg  |   1|   0|    1|          0|
    |i_i_i_reg_386                        |   7|   0|    7|          0|
    |in_stream_V_data_V_0_payload_A       |  64|   0|   64|          0|
    |in_stream_V_data_V_0_payload_B       |  64|   0|   64|          0|
    |in_stream_V_data_V_0_sel_rd          |   1|   0|    1|          0|
    |in_stream_V_data_V_0_sel_wr          |   1|   0|    1|          0|
    |in_stream_V_data_V_0_state           |   2|   0|    2|          0|
    |in_stream_V_dest_V_0_state           |   2|   0|    2|          0|
    |r_V_2_i_i_reg_740                    |  16|   0|   16|          0|
    |r_V_3_i_i_reg_745                    |  16|   0|   16|          0|
    |r_V_6_i_i_reg_750                    |  16|   0|   16|          0|
    |r_V_7_i_i_reg_755                    |  16|   0|   16|          0|
    |tmp1_reg_760                         |  16|   0|   24|          8|
    |tmp4_reg_765                         |  16|   0|   24|          8|
    |tmp_2_cast_i_i_reg_735               |   6|   0|    6|          0|
    |tmp_2_reg_731                        |   1|   0|    1|          0|
    +-------------------------------------+----+----+-----+-----------+
    |Total                                | 277|   0|  293|         16|
    +-------------------------------------+----+----+-----+-----------+



================================================================
== Interface
================================================================
* Summary: 
+-----------------------+-----+-----+------------+----------------------+--------------+
|       RTL Ports       | Dir | Bits|  Protocol  |     Source Object    |    C Type    |
+-----------------------+-----+-----+------------+----------------------+--------------+
|ap_clk                 |  in |    1| ap_ctrl_hs | load_and_calc_norm61 | return value |
|ap_rst                 |  in |    1| ap_ctrl_hs | load_and_calc_norm61 | return value |
|ap_start               |  in |    1| ap_ctrl_hs | load_and_calc_norm61 | return value |
|ap_done                | out |    1| ap_ctrl_hs | load_and_calc_norm61 | return value |
|ap_continue            |  in |    1| ap_ctrl_hs | load_and_calc_norm61 | return value |
|ap_idle                | out |    1| ap_ctrl_hs | load_and_calc_norm61 | return value |
|ap_ready               | out |    1| ap_ctrl_hs | load_and_calc_norm61 | return value |
|ap_return              | out |   24| ap_ctrl_hs | load_and_calc_norm61 | return value |
|in_stream_TDATA        |  in |   64|    axis    |  in_stream_V_data_V  |    pointer   |
|in_stream_TVALID       |  in |    1|    axis    |  in_stream_V_dest_V  |    pointer   |
|in_stream_TREADY       | out |    1|    axis    |  in_stream_V_dest_V  |    pointer   |
|in_stream_TDEST        |  in |    1|    axis    |  in_stream_V_dest_V  |    pointer   |
|in_stream_TKEEP        |  in |    8|    axis    |  in_stream_V_keep_V  |    pointer   |
|in_stream_TSTRB        |  in |    8|    axis    |  in_stream_V_strb_V  |    pointer   |
|in_stream_TUSER        |  in |    1|    axis    |  in_stream_V_user_V  |    pointer   |
|in_stream_TLAST        |  in |    1|    axis    |  in_stream_V_last_V  |    pointer   |
|in_stream_TID          |  in |    1|    axis    |   in_stream_V_id_V   |    pointer   |
|x_local_0_V_address0   | out |    6|  ap_memory |      x_local_0_V     |     array    |
|x_local_0_V_ce0        | out |    1|  ap_memory |      x_local_0_V     |     array    |
|x_local_0_V_we0        | out |    1|  ap_memory |      x_local_0_V     |     array    |
|x_local_0_V_d0         | out |    8|  ap_memory |      x_local_0_V     |     array    |
|x_local_1_V_address0   | out |    6|  ap_memory |      x_local_1_V     |     array    |
|x_local_1_V_ce0        | out |    1|  ap_memory |      x_local_1_V     |     array    |
|x_local_1_V_we0        | out |    1|  ap_memory |      x_local_1_V     |     array    |
|x_local_1_V_d0         | out |    8|  ap_memory |      x_local_1_V     |     array    |
|x_local_2_V_address0   | out |    6|  ap_memory |      x_local_2_V     |     array    |
|x_local_2_V_ce0        | out |    1|  ap_memory |      x_local_2_V     |     array    |
|x_local_2_V_we0        | out |    1|  ap_memory |      x_local_2_V     |     array    |
|x_local_2_V_d0         | out |    8|  ap_memory |      x_local_2_V     |     array    |
|x_local_3_V_address0   | out |    6|  ap_memory |      x_local_3_V     |     array    |
|x_local_3_V_ce0        | out |    1|  ap_memory |      x_local_3_V     |     array    |
|x_local_3_V_we0        | out |    1|  ap_memory |      x_local_3_V     |     array    |
|x_local_3_V_d0         | out |    8|  ap_memory |      x_local_3_V     |     array    |
|x_local_4_V_address0   | out |    6|  ap_memory |      x_local_4_V     |     array    |
|x_local_4_V_ce0        | out |    1|  ap_memory |      x_local_4_V     |     array    |
|x_local_4_V_we0        | out |    1|  ap_memory |      x_local_4_V     |     array    |
|x_local_4_V_d0         | out |    8|  ap_memory |      x_local_4_V     |     array    |
|x_local_5_V_address0   | out |    6|  ap_memory |      x_local_5_V     |     array    |
|x_local_5_V_ce0        | out |    1|  ap_memory |      x_local_5_V     |     array    |
|x_local_5_V_we0        | out |    1|  ap_memory |      x_local_5_V     |     array    |
|x_local_5_V_d0         | out |    8|  ap_memory |      x_local_5_V     |     array    |
|x_local_6_V_address0   | out |    6|  ap_memory |      x_local_6_V     |     array    |
|x_local_6_V_ce0        | out |    1|  ap_memory |      x_local_6_V     |     array    |
|x_local_6_V_we0        | out |    1|  ap_memory |      x_local_6_V     |     array    |
|x_local_6_V_d0         | out |    8|  ap_memory |      x_local_6_V     |     array    |
|x_local_7_V_address0   | out |    6|  ap_memory |      x_local_7_V     |     array    |
|x_local_7_V_ce0        | out |    1|  ap_memory |      x_local_7_V     |     array    |
|x_local_7_V_we0        | out |    1|  ap_memory |      x_local_7_V     |     array    |
|x_local_7_V_d0         | out |    8|  ap_memory |      x_local_7_V     |     array    |
|x_local_8_V_address0   | out |    6|  ap_memory |      x_local_8_V     |     array    |
|x_local_8_V_ce0        | out |    1|  ap_memory |      x_local_8_V     |     array    |
|x_local_8_V_we0        | out |    1|  ap_memory |      x_local_8_V     |     array    |
|x_local_8_V_d0         | out |    8|  ap_memory |      x_local_8_V     |     array    |
|x_local_9_V_address0   | out |    6|  ap_memory |      x_local_9_V     |     array    |
|x_local_9_V_ce0        | out |    1|  ap_memory |      x_local_9_V     |     array    |
|x_local_9_V_we0        | out |    1|  ap_memory |      x_local_9_V     |     array    |
|x_local_9_V_d0         | out |    8|  ap_memory |      x_local_9_V     |     array    |
|x_local_10_V_address0  | out |    6|  ap_memory |     x_local_10_V     |     array    |
|x_local_10_V_ce0       | out |    1|  ap_memory |     x_local_10_V     |     array    |
|x_local_10_V_we0       | out |    1|  ap_memory |     x_local_10_V     |     array    |
|x_local_10_V_d0        | out |    8|  ap_memory |     x_local_10_V     |     array    |
|x_local_11_V_address0  | out |    6|  ap_memory |     x_local_11_V     |     array    |
|x_local_11_V_ce0       | out |    1|  ap_memory |     x_local_11_V     |     array    |
|x_local_11_V_we0       | out |    1|  ap_memory |     x_local_11_V     |     array    |
|x_local_11_V_d0        | out |    8|  ap_memory |     x_local_11_V     |     array    |
|x_local_12_V_address0  | out |    6|  ap_memory |     x_local_12_V     |     array    |
|x_local_12_V_ce0       | out |    1|  ap_memory |     x_local_12_V     |     array    |
|x_local_12_V_we0       | out |    1|  ap_memory |     x_local_12_V     |     array    |
|x_local_12_V_d0        | out |    8|  ap_memory |     x_local_12_V     |     array    |
|x_local_13_V_address0  | out |    6|  ap_memory |     x_local_13_V     |     array    |
|x_local_13_V_ce0       | out |    1|  ap_memory |     x_local_13_V     |     array    |
|x_local_13_V_we0       | out |    1|  ap_memory |     x_local_13_V     |     array    |
|x_local_13_V_d0        | out |    8|  ap_memory |     x_local_13_V     |     array    |
|x_local_14_V_address0  | out |    6|  ap_memory |     x_local_14_V     |     array    |
|x_local_14_V_ce0       | out |    1|  ap_memory |     x_local_14_V     |     array    |
|x_local_14_V_we0       | out |    1|  ap_memory |     x_local_14_V     |     array    |
|x_local_14_V_d0        | out |    8|  ap_memory |     x_local_14_V     |     array    |
|x_local_15_V_address0  | out |    6|  ap_memory |     x_local_15_V     |     array    |
|x_local_15_V_ce0       | out |    1|  ap_memory |     x_local_15_V     |     array    |
|x_local_15_V_we0       | out |    1|  ap_memory |     x_local_15_V     |     array    |
|x_local_15_V_d0        | out |    8|  ap_memory |     x_local_15_V     |     array    |
|n_0_i_i                |  in |   12|   ap_none  |        n_0_i_i       |    scalar    |
|n_0_i_i_out_din        | out |   12|   ap_fifo  |      n_0_i_i_out     |    pointer   |
|n_0_i_i_out_full_n     |  in |    1|   ap_fifo  |      n_0_i_i_out     |    pointer   |
|n_0_i_i_out_write      | out |    1|   ap_fifo  |      n_0_i_i_out     |    pointer   |
+-----------------------+-----+-----+------------+----------------------+--------------+

============================================================
+ Verbose Summary: Synthesis Manager
============================================================
InlineROM: 1
ExposeGlobal: 0
============================================================
+ Verbose Summary: CDFG Model
============================================================
IsTopModel: 0
ResetActiveHigh: 1
IsCombinational: 2
IsDatapathOnly: 0
HasWiredReturn: 1
HasMFsm: 0
HasVarLatency: 1
IsPipeline: 0
IsRtlPipelined: 0
IsInstanceOverlapped: 0
IsDontTouch: 0
HasImplIP: 0
IsGatedGlobalClock: 0

+ Individual pipeline summary: 
  * Pipeline-0: initiation interval (II) = 1, depth = 3


============================================================
+ Verbose Summary: Schedule
============================================================
* Number of FSM states : 5
* Pipeline : 1
  Pipeline-0 : II = 1, D = 3, States = { 2 3 4 }
* Dataflow Pipeline: 0

* FSM state transitions: 
1 --> 
	2  / true
2 --> 
	5  / (exitcond1_i_i)
	3  / (!exitcond1_i_i)
3 --> 
	4  / true
4 --> 
	2  / true
5 --> 

* FSM state operations: 

State 1 <SV = 0> <Delay = 3.63>
ST_1 : Operation 6 [1/1] (0.00ns)   --->   "%n_0_i_i_read = call i12 @_ssdm_op_Read.ap_auto.i12(i12 %n_0_i_i)"   --->   Operation 6 'read' 'n_0_i_i_read' <Predicate = true> <Delay = 0.00>
ST_1 : Operation 7 [1/1] (0.00ns)   --->   "call void (...)* @_ssdm_op_SpecInterface(i64* %in_stream_V_data_V, i8* %in_stream_V_keep_V, i8* %in_stream_V_strb_V, i1* %in_stream_V_user_V, i1* %in_stream_V_last_V, i1* %in_stream_V_id_V, i1* %in_stream_V_dest_V, [5 x i8]* @p_str15, i32 1, i32 1, [5 x i8]* @p_str16, i32 0, i32 0, [1 x i8]* @p_str, [1 x i8]* @p_str, [1 x i8]* @p_str, i32 0, i32 0, i32 0, i32 0, [1 x i8]* @p_str, [1 x i8]* @p_str) nounwind"   --->   Operation 7 'specinterface' <Predicate = true> <Delay = 0.00>
ST_1 : Operation 8 [1/1] (0.00ns)   --->   "call void (...)* @_ssdm_op_SpecInterface(i64* %in_stream_V_data_V, i8* %in_stream_V_keep_V, i8* %in_stream_V_strb_V, i1* %in_stream_V_user_V, i1* %in_stream_V_last_V, i1* %in_stream_V_id_V, i1* %in_stream_V_dest_V, [5 x i8]* @p_str15, i32 1, i32 1, [5 x i8]* @p_str16, i32 0, i32 0, [1 x i8]* @p_str, [1 x i8]* @p_str, [1 x i8]* @p_str, i32 0, i32 0, i32 0, i32 0, [1 x i8]* @p_str, [1 x i8]* @p_str) nounwind"   --->   Operation 8 'specinterface' <Predicate = true> <Delay = 0.00>
ST_1 : Operation 9 [1/1] (0.00ns)   --->   "call void (...)* @_ssdm_op_SpecInterface(i64* %in_stream_V_data_V, i8* %in_stream_V_keep_V, i8* %in_stream_V_strb_V, i1* %in_stream_V_user_V, i1* %in_stream_V_last_V, i1* %in_stream_V_id_V, i1* %in_stream_V_dest_V, [5 x i8]* @p_str15, i32 1, i32 1, [5 x i8]* @p_str16, i32 0, i32 0, [1 x i8]* @p_str, [1 x i8]* @p_str, [1 x i8]* @p_str, i32 0, i32 0, i32 0, i32 0, [1 x i8]* @p_str, [1 x i8]* @p_str) nounwind"   --->   Operation 9 'specinterface' <Predicate = true> <Delay = 0.00>
ST_1 : Operation 10 [1/1] (0.00ns)   --->   "call void (...)* @_ssdm_op_SpecInterface(i64* %in_stream_V_data_V, i8* %in_stream_V_keep_V, i8* %in_stream_V_strb_V, i1* %in_stream_V_user_V, i1* %in_stream_V_last_V, i1* %in_stream_V_id_V, i1* %in_stream_V_dest_V, [5 x i8]* @p_str15, i32 1, i32 1, [5 x i8]* @p_str16, i32 0, i32 0, [1 x i8]* @p_str, [1 x i8]* @p_str, [1 x i8]* @p_str, i32 0, i32 0, i32 0, i32 0, [1 x i8]* @p_str, [1 x i8]* @p_str) nounwind"   --->   Operation 10 'specinterface' <Predicate = true> <Delay = 0.00>
ST_1 : Operation 11 [1/1] (0.00ns)   --->   "call void (...)* @_ssdm_op_SpecInterface(i64* %in_stream_V_data_V, i8* %in_stream_V_keep_V, i8* %in_stream_V_strb_V, i1* %in_stream_V_user_V, i1* %in_stream_V_last_V, i1* %in_stream_V_id_V, i1* %in_stream_V_dest_V, [5 x i8]* @p_str15, i32 1, i32 1, [5 x i8]* @p_str16, i32 0, i32 0, [1 x i8]* @p_str, [1 x i8]* @p_str, [1 x i8]* @p_str, i32 0, i32 0, i32 0, i32 0, [1 x i8]* @p_str, [1 x i8]* @p_str) nounwind"   --->   Operation 11 'specinterface' <Predicate = true> <Delay = 0.00>
ST_1 : Operation 12 [1/1] (0.00ns)   --->   "call void (...)* @_ssdm_op_SpecInterface(i64* %in_stream_V_data_V, i8* %in_stream_V_keep_V, i8* %in_stream_V_strb_V, i1* %in_stream_V_user_V, i1* %in_stream_V_last_V, i1* %in_stream_V_id_V, i1* %in_stream_V_dest_V, [5 x i8]* @p_str15, i32 1, i32 1, [5 x i8]* @p_str16, i32 0, i32 0, [1 x i8]* @p_str, [1 x i8]* @p_str, [1 x i8]* @p_str, i32 0, i32 0, i32 0, i32 0, [1 x i8]* @p_str, [1 x i8]* @p_str) nounwind"   --->   Operation 12 'specinterface' <Predicate = true> <Delay = 0.00>
ST_1 : Operation 13 [1/1] (0.00ns)   --->   "call void (...)* @_ssdm_op_SpecInterface(i64* %in_stream_V_data_V, i8* %in_stream_V_keep_V, i8* %in_stream_V_strb_V, i1* %in_stream_V_user_V, i1* %in_stream_V_last_V, i1* %in_stream_V_id_V, i1* %in_stream_V_dest_V, [5 x i8]* @p_str15, i32 1, i32 1, [5 x i8]* @p_str16, i32 0, i32 0, [1 x i8]* @p_str, [1 x i8]* @p_str, [1 x i8]* @p_str, i32 0, i32 0, i32 0, i32 0, [1 x i8]* @p_str, [1 x i8]* @p_str) nounwind"   --->   Operation 13 'specinterface' <Predicate = true> <Delay = 0.00>
ST_1 : Operation 14 [1/1] (0.00ns)   --->   "call void (...)* @_ssdm_op_SpecInterface(i64* %in_stream_V_data_V, i8* %in_stream_V_keep_V, i8* %in_stream_V_strb_V, i1* %in_stream_V_user_V, i1* %in_stream_V_last_V, i1* %in_stream_V_id_V, i1* %in_stream_V_dest_V, [5 x i8]* @p_str15, i32 1, i32 1, [5 x i8]* @p_str16, i32 0, i32 0, [1 x i8]* @p_str, [1 x i8]* @p_str, [1 x i8]* @p_str, i32 0, i32 0, i32 0, i32 0, [1 x i8]* @p_str, [1 x i8]* @p_str) nounwind"   --->   Operation 14 'specinterface' <Predicate = true> <Delay = 0.00>
ST_1 : Operation 15 [1/1] (0.00ns)   --->   "call void (...)* @_ssdm_op_SpecInterface(i64* %in_stream_V_data_V, i8* %in_stream_V_keep_V, i8* %in_stream_V_strb_V, i1* %in_stream_V_user_V, i1* %in_stream_V_last_V, i1* %in_stream_V_id_V, i1* %in_stream_V_dest_V, [5 x i8]* @p_str15, i32 1, i32 1, [5 x i8]* @p_str16, i32 0, i32 0, [1 x i8]* @p_str, [1 x i8]* @p_str, [1 x i8]* @p_str, i32 0, i32 0, i32 0, i32 0, [1 x i8]* @p_str, [1 x i8]* @p_str) nounwind"   --->   Operation 15 'specinterface' <Predicate = true> <Delay = 0.00>
ST_1 : Operation 16 [1/1] (0.00ns)   --->   "call void (...)* @_ssdm_op_SpecInterface(i64* %in_stream_V_data_V, i8* %in_stream_V_keep_V, i8* %in_stream_V_strb_V, i1* %in_stream_V_user_V, i1* %in_stream_V_last_V, i1* %in_stream_V_id_V, i1* %in_stream_V_dest_V, [5 x i8]* @p_str15, i32 1, i32 1, [5 x i8]* @p_str16, i32 0, i32 0, [1 x i8]* @p_str, [1 x i8]* @p_str, [1 x i8]* @p_str, i32 0, i32 0, i32 0, i32 0, [1 x i8]* @p_str, [1 x i8]* @p_str) nounwind"   --->   Operation 16 'specinterface' <Predicate = true> <Delay = 0.00>
ST_1 : Operation 17 [1/1] (0.00ns)   --->   "call void (...)* @_ssdm_op_SpecInterface(i64* %in_stream_V_data_V, i8* %in_stream_V_keep_V, i8* %in_stream_V_strb_V, i1* %in_stream_V_user_V, i1* %in_stream_V_last_V, i1* %in_stream_V_id_V, i1* %in_stream_V_dest_V, [5 x i8]* @p_str15, i32 1, i32 1, [5 x i8]* @p_str16, i32 0, i32 0, [1 x i8]* @p_str, [1 x i8]* @p_str, [1 x i8]* @p_str, i32 0, i32 0, i32 0, i32 0, [1 x i8]* @p_str, [1 x i8]* @p_str) nounwind"   --->   Operation 17 'specinterface' <Predicate = true> <Delay = 0.00>
ST_1 : Operation 18 [1/1] (0.00ns)   --->   "call void (...)* @_ssdm_op_SpecInterface(i64* %in_stream_V_data_V, i8* %in_stream_V_keep_V, i8* %in_stream_V_strb_V, i1* %in_stream_V_user_V, i1* %in_stream_V_last_V, i1* %in_stream_V_id_V, i1* %in_stream_V_dest_V, [5 x i8]* @p_str15, i32 1, i32 1, [5 x i8]* @p_str16, i32 0, i32 0, [1 x i8]* @p_str, [1 x i8]* @p_str, [1 x i8]* @p_str, i32 0, i32 0, i32 0, i32 0, [1 x i8]* @p_str, [1 x i8]* @p_str) nounwind"   --->   Operation 18 'specinterface' <Predicate = true> <Delay = 0.00>
ST_1 : Operation 19 [1/1] (0.00ns)   --->   "call void (...)* @_ssdm_op_SpecInterface(i64* %in_stream_V_data_V, i8* %in_stream_V_keep_V, i8* %in_stream_V_strb_V, i1* %in_stream_V_user_V, i1* %in_stream_V_last_V, i1* %in_stream_V_id_V, i1* %in_stream_V_dest_V, [5 x i8]* @p_str15, i32 1, i32 1, [5 x i8]* @p_str16, i32 0, i32 0, [1 x i8]* @p_str, [1 x i8]* @p_str, [1 x i8]* @p_str, i32 0, i32 0, i32 0, i32 0, [1 x i8]* @p_str, [1 x i8]* @p_str) nounwind"   --->   Operation 19 'specinterface' <Predicate = true> <Delay = 0.00>
ST_1 : Operation 20 [1/1] (0.00ns)   --->   "call void (...)* @_ssdm_op_SpecInterface(i64* %in_stream_V_data_V, i8* %in_stream_V_keep_V, i8* %in_stream_V_strb_V, i1* %in_stream_V_user_V, i1* %in_stream_V_last_V, i1* %in_stream_V_id_V, i1* %in_stream_V_dest_V, [5 x i8]* @p_str15, i32 1, i32 1, [5 x i8]* @p_str16, i32 0, i32 0, [1 x i8]* @p_str, [1 x i8]* @p_str, [1 x i8]* @p_str, i32 0, i32 0, i32 0, i32 0, [1 x i8]* @p_str, [1 x i8]* @p_str) nounwind"   --->   Operation 20 'specinterface' <Predicate = true> <Delay = 0.00>
ST_1 : Operation 21 [1/1] (0.00ns)   --->   "call void (...)* @_ssdm_op_SpecInterface(i64* %in_stream_V_data_V, i8* %in_stream_V_keep_V, i8* %in_stream_V_strb_V, i1* %in_stream_V_user_V, i1* %in_stream_V_last_V, i1* %in_stream_V_id_V, i1* %in_stream_V_dest_V, [5 x i8]* @p_str15, i32 1, i32 1, [5 x i8]* @p_str16, i32 0, i32 0, [1 x i8]* @p_str, [1 x i8]* @p_str, [1 x i8]* @p_str, i32 0, i32 0, i32 0, i32 0, [1 x i8]* @p_str, [1 x i8]* @p_str) nounwind"   --->   Operation 21 'specinterface' <Predicate = true> <Delay = 0.00>
ST_1 : Operation 22 [1/1] (0.00ns)   --->   "call void (...)* @_ssdm_op_SpecInterface(i64* %in_stream_V_data_V, i8* %in_stream_V_keep_V, i8* %in_stream_V_strb_V, i1* %in_stream_V_user_V, i1* %in_stream_V_last_V, i1* %in_stream_V_id_V, i1* %in_stream_V_dest_V, [5 x i8]* @p_str15, i32 1, i32 1, [5 x i8]* @p_str16, i32 0, i32 0, [1 x i8]* @p_str, [1 x i8]* @p_str, [1 x i8]* @p_str, i32 0, i32 0, i32 0, i32 0, [1 x i8]* @p_str, [1 x i8]* @p_str) nounwind"   --->   Operation 22 'specinterface' <Predicate = true> <Delay = 0.00>
ST_1 : Operation 23 [1/1] (0.00ns)   --->   "call void (...)* @_ssdm_op_SpecInterface(i64* %in_stream_V_data_V, i8* %in_stream_V_keep_V, i8* %in_stream_V_strb_V, i1* %in_stream_V_user_V, i1* %in_stream_V_last_V, i1* %in_stream_V_id_V, i1* %in_stream_V_dest_V, [5 x i8]* @p_str15, i32 1, i32 1, [5 x i8]* @p_str16, i32 0, i32 0, [1 x i8]* @p_str, [1 x i8]* @p_str, [1 x i8]* @p_str, i32 0, i32 0, i32 0, i32 0, [1 x i8]* @p_str, [1 x i8]* @p_str) nounwind"   --->   Operation 23 'specinterface' <Predicate = true> <Delay = 0.00>
ST_1 : Operation 24 [1/1] (0.00ns)   --->   "call void (...)* @_ssdm_op_SpecInterface(i64* %in_stream_V_data_V, i8* %in_stream_V_keep_V, i8* %in_stream_V_strb_V, i1* %in_stream_V_user_V, i1* %in_stream_V_last_V, i1* %in_stream_V_id_V, i1* %in_stream_V_dest_V, [5 x i8]* @p_str15, i32 1, i32 1, [5 x i8]* @p_str16, i32 0, i32 0, [1 x i8]* @p_str, [1 x i8]* @p_str, [1 x i8]* @p_str, i32 0, i32 0, i32 0, i32 0, [1 x i8]* @p_str, [1 x i8]* @p_str) nounwind"   --->   Operation 24 'specinterface' <Predicate = true> <Delay = 0.00>
ST_1 : Operation 25 [1/1] (0.00ns)   --->   "call void (...)* @_ssdm_op_SpecInterface(i64* %in_stream_V_data_V, i8* %in_stream_V_keep_V, i8* %in_stream_V_strb_V, i1* %in_stream_V_user_V, i1* %in_stream_V_last_V, i1* %in_stream_V_id_V, i1* %in_stream_V_dest_V, [5 x i8]* @p_str15, i32 1, i32 1, [5 x i8]* @p_str16, i32 0, i32 0, [1 x i8]* @p_str, [1 x i8]* @p_str, [1 x i8]* @p_str, i32 0, i32 0, i32 0, i32 0, [1 x i8]* @p_str, [1 x i8]* @p_str) nounwind"   --->   Operation 25 'specinterface' <Predicate = true> <Delay = 0.00>
ST_1 : Operation 26 [1/1] (0.00ns)   --->   "call void (...)* @_ssdm_op_SpecInterface(i64* %in_stream_V_data_V, i8* %in_stream_V_keep_V, i8* %in_stream_V_strb_V, i1* %in_stream_V_user_V, i1* %in_stream_V_last_V, i1* %in_stream_V_id_V, i1* %in_stream_V_dest_V, [5 x i8]* @p_str15, i32 1, i32 1, [5 x i8]* @p_str16, i32 0, i32 0, [1 x i8]* @p_str, [1 x i8]* @p_str, [1 x i8]* @p_str, i32 0, i32 0, i32 0, i32 0, [1 x i8]* @p_str, [1 x i8]* @p_str) nounwind"   --->   Operation 26 'specinterface' <Predicate = true> <Delay = 0.00>
ST_1 : Operation 27 [1/1] (0.00ns)   --->   "call void (...)* @_ssdm_op_SpecInterface(i64* %in_stream_V_data_V, i8* %in_stream_V_keep_V, i8* %in_stream_V_strb_V, i1* %in_stream_V_user_V, i1* %in_stream_V_last_V, i1* %in_stream_V_id_V, i1* %in_stream_V_dest_V, [5 x i8]* @p_str15, i32 1, i32 1, [5 x i8]* @p_str16, i32 0, i32 0, [1 x i8]* @p_str, [1 x i8]* @p_str, [1 x i8]* @p_str, i32 0, i32 0, i32 0, i32 0, [1 x i8]* @p_str, [1 x i8]* @p_str) nounwind"   --->   Operation 27 'specinterface' <Predicate = true> <Delay = 0.00>
ST_1 : Operation 28 [1/1] (0.00ns)   --->   "call void (...)* @_ssdm_op_SpecInterface(i64* %in_stream_V_data_V, i8* %in_stream_V_keep_V, i8* %in_stream_V_strb_V, i1* %in_stream_V_user_V, i1* %in_stream_V_last_V, i1* %in_stream_V_id_V, i1* %in_stream_V_dest_V, [5 x i8]* @p_str15, i32 1, i32 1, [5 x i8]* @p_str16, i32 0, i32 0, [1 x i8]* @p_str, [1 x i8]* @p_str, [1 x i8]* @p_str, i32 0, i32 0, i32 0, i32 0, [1 x i8]* @p_str, [1 x i8]* @p_str) nounwind"   --->   Operation 28 'specinterface' <Predicate = true> <Delay = 0.00>
ST_1 : Operation 29 [1/1] (0.00ns)   --->   "call void (...)* @_ssdm_op_SpecInterface(i64* %in_stream_V_data_V, i8* %in_stream_V_keep_V, i8* %in_stream_V_strb_V, i1* %in_stream_V_user_V, i1* %in_stream_V_last_V, i1* %in_stream_V_id_V, i1* %in_stream_V_dest_V, [5 x i8]* @p_str15, i32 1, i32 1, [5 x i8]* @p_str16, i32 0, i32 0, [1 x i8]* @p_str, [1 x i8]* @p_str, [1 x i8]* @p_str, i32 0, i32 0, i32 0, i32 0, [1 x i8]* @p_str, [1 x i8]* @p_str) nounwind"   --->   Operation 29 'specinterface' <Predicate = true> <Delay = 0.00>
ST_1 : Operation 30 [1/1] (0.00ns)   --->   "call void (...)* @_ssdm_op_SpecInterface(i64* %in_stream_V_data_V, i8* %in_stream_V_keep_V, i8* %in_stream_V_strb_V, i1* %in_stream_V_user_V, i1* %in_stream_V_last_V, i1* %in_stream_V_id_V, i1* %in_stream_V_dest_V, [5 x i8]* @p_str15, i32 1, i32 1, [5 x i8]* @p_str16, i32 0, i32 0, [1 x i8]* @p_str, [1 x i8]* @p_str, [1 x i8]* @p_str, i32 0, i32 0, i32 0, i32 0, [1 x i8]* @p_str, [1 x i8]* @p_str) nounwind"   --->   Operation 30 'specinterface' <Predicate = true> <Delay = 0.00>
ST_1 : Operation 31 [1/1] (0.00ns)   --->   "call void (...)* @_ssdm_op_SpecInterface(i64* %in_stream_V_data_V, i8* %in_stream_V_keep_V, i8* %in_stream_V_strb_V, i1* %in_stream_V_user_V, i1* %in_stream_V_last_V, i1* %in_stream_V_id_V, i1* %in_stream_V_dest_V, [5 x i8]* @p_str15, i32 1, i32 1, [5 x i8]* @p_str16, i32 0, i32 0, [1 x i8]* @p_str, [1 x i8]* @p_str, [1 x i8]* @p_str, i32 0, i32 0, i32 0, i32 0, [1 x i8]* @p_str, [1 x i8]* @p_str) nounwind"   --->   Operation 31 'specinterface' <Predicate = true> <Delay = 0.00>
ST_1 : Operation 32 [1/1] (0.00ns)   --->   "call void (...)* @_ssdm_op_SpecInterface(i64* %in_stream_V_data_V, i8* %in_stream_V_keep_V, i8* %in_stream_V_strb_V, i1* %in_stream_V_user_V, i1* %in_stream_V_last_V, i1* %in_stream_V_id_V, i1* %in_stream_V_dest_V, [5 x i8]* @p_str15, i32 1, i32 1, [5 x i8]* @p_str16, i32 0, i32 0, [1 x i8]* @p_str, [1 x i8]* @p_str, [1 x i8]* @p_str, i32 0, i32 0, i32 0, i32 0, [1 x i8]* @p_str, [1 x i8]* @p_str) nounwind"   --->   Operation 32 'specinterface' <Predicate = true> <Delay = 0.00>
ST_1 : Operation 33 [1/1] (0.00ns)   --->   "call void (...)* @_ssdm_op_SpecInterface(i64* %in_stream_V_data_V, i8* %in_stream_V_keep_V, i8* %in_stream_V_strb_V, i1* %in_stream_V_user_V, i1* %in_stream_V_last_V, i1* %in_stream_V_id_V, i1* %in_stream_V_dest_V, [5 x i8]* @p_str15, i32 1, i32 1, [5 x i8]* @p_str16, i32 0, i32 0, [1 x i8]* @p_str, [1 x i8]* @p_str, [1 x i8]* @p_str, i32 0, i32 0, i32 0, i32 0, [1 x i8]* @p_str, [1 x i8]* @p_str) nounwind"   --->   Operation 33 'specinterface' <Predicate = true> <Delay = 0.00>
ST_1 : Operation 34 [1/1] (0.00ns)   --->   "call void (...)* @_ssdm_op_SpecInterface(i64* %in_stream_V_data_V, i8* %in_stream_V_keep_V, i8* %in_stream_V_strb_V, i1* %in_stream_V_user_V, i1* %in_stream_V_last_V, i1* %in_stream_V_id_V, i1* %in_stream_V_dest_V, [5 x i8]* @p_str15, i32 1, i32 1, [5 x i8]* @p_str16, i32 0, i32 0, [1 x i8]* @p_str, [1 x i8]* @p_str, [1 x i8]* @p_str, i32 0, i32 0, i32 0, i32 0, [1 x i8]* @p_str, [1 x i8]* @p_str) nounwind"   --->   Operation 34 'specinterface' <Predicate = true> <Delay = 0.00>
ST_1 : Operation 35 [1/1] (0.00ns)   --->   "call void (...)* @_ssdm_op_SpecInterface(i64* %in_stream_V_data_V, i8* %in_stream_V_keep_V, i8* %in_stream_V_strb_V, i1* %in_stream_V_user_V, i1* %in_stream_V_last_V, i1* %in_stream_V_id_V, i1* %in_stream_V_dest_V, [5 x i8]* @p_str15, i32 1, i32 1, [5 x i8]* @p_str16, i32 0, i32 0, [1 x i8]* @p_str, [1 x i8]* @p_str, [1 x i8]* @p_str, i32 0, i32 0, i32 0, i32 0, [1 x i8]* @p_str, [1 x i8]* @p_str) nounwind"   --->   Operation 35 'specinterface' <Predicate = true> <Delay = 0.00>
ST_1 : Operation 36 [1/1] (0.00ns)   --->   "call void (...)* @_ssdm_op_SpecInterface(i64* %in_stream_V_data_V, i8* %in_stream_V_keep_V, i8* %in_stream_V_strb_V, i1* %in_stream_V_user_V, i1* %in_stream_V_last_V, i1* %in_stream_V_id_V, i1* %in_stream_V_dest_V, [5 x i8]* @p_str15, i32 1, i32 1, [5 x i8]* @p_str16, i32 0, i32 0, [1 x i8]* @p_str, [1 x i8]* @p_str, [1 x i8]* @p_str, i32 0, i32 0, i32 0, i32 0, [1 x i8]* @p_str, [1 x i8]* @p_str) nounwind"   --->   Operation 36 'specinterface' <Predicate = true> <Delay = 0.00>
ST_1 : Operation 37 [1/1] (0.00ns)   --->   "call void (...)* @_ssdm_op_SpecInterface(i64* %in_stream_V_data_V, i8* %in_stream_V_keep_V, i8* %in_stream_V_strb_V, i1* %in_stream_V_user_V, i1* %in_stream_V_last_V, i1* %in_stream_V_id_V, i1* %in_stream_V_dest_V, [5 x i8]* @p_str15, i32 1, i32 1, [5 x i8]* @p_str16, i32 0, i32 0, [1 x i8]* @p_str, [1 x i8]* @p_str, [1 x i8]* @p_str, i32 0, i32 0, i32 0, i32 0, [1 x i8]* @p_str, [1 x i8]* @p_str) nounwind"   --->   Operation 37 'specinterface' <Predicate = true> <Delay = 0.00>
ST_1 : Operation 38 [1/1] (0.00ns)   --->   "call void (...)* @_ssdm_op_SpecInterface(i64* %in_stream_V_data_V, i8* %in_stream_V_keep_V, i8* %in_stream_V_strb_V, i1* %in_stream_V_user_V, i1* %in_stream_V_last_V, i1* %in_stream_V_id_V, i1* %in_stream_V_dest_V, [5 x i8]* @p_str15, i32 1, i32 1, [5 x i8]* @p_str16, i32 0, i32 0, [1 x i8]* @p_str, [1 x i8]* @p_str, [1 x i8]* @p_str, i32 0, i32 0, i32 0, i32 0, [1 x i8]* @p_str, [1 x i8]* @p_str) nounwind"   --->   Operation 38 'specinterface' <Predicate = true> <Delay = 0.00>
ST_1 : Operation 39 [1/1] (0.00ns)   --->   "call void (...)* @_ssdm_op_SpecInterface(i64* %in_stream_V_data_V, i8* %in_stream_V_keep_V, i8* %in_stream_V_strb_V, i1* %in_stream_V_user_V, i1* %in_stream_V_last_V, i1* %in_stream_V_id_V, i1* %in_stream_V_dest_V, [5 x i8]* @p_str15, i32 1, i32 1, [5 x i8]* @p_str16, i32 0, i32 0, [1 x i8]* @p_str, [1 x i8]* @p_str, [1 x i8]* @p_str, i32 0, i32 0, i32 0, i32 0, [1 x i8]* @p_str, [1 x i8]* @p_str) nounwind"   --->   Operation 39 'specinterface' <Predicate = true> <Delay = 0.00>
ST_1 : Operation 40 [1/1] (0.00ns)   --->   "call void (...)* @_ssdm_op_SpecInterface(i64* %in_stream_V_data_V, i8* %in_stream_V_keep_V, i8* %in_stream_V_strb_V, i1* %in_stream_V_user_V, i1* %in_stream_V_last_V, i1* %in_stream_V_id_V, i1* %in_stream_V_dest_V, [5 x i8]* @p_str15, i32 1, i32 1, [5 x i8]* @p_str16, i32 0, i32 0, [1 x i8]* @p_str, [1 x i8]* @p_str, [1 x i8]* @p_str, i32 0, i32 0, i32 0, i32 0, [1 x i8]* @p_str, [1 x i8]* @p_str) nounwind"   --->   Operation 40 'specinterface' <Predicate = true> <Delay = 0.00>
ST_1 : Operation 41 [1/1] (0.00ns)   --->   "call void (...)* @_ssdm_op_SpecInterface(i64* %in_stream_V_data_V, i8* %in_stream_V_keep_V, i8* %in_stream_V_strb_V, i1* %in_stream_V_user_V, i1* %in_stream_V_last_V, i1* %in_stream_V_id_V, i1* %in_stream_V_dest_V, [5 x i8]* @p_str15, i32 1, i32 1, [5 x i8]* @p_str16, i32 0, i32 0, [1 x i8]* @p_str, [1 x i8]* @p_str, [1 x i8]* @p_str, i32 0, i32 0, i32 0, i32 0, [1 x i8]* @p_str, [1 x i8]* @p_str) nounwind"   --->   Operation 41 'specinterface' <Predicate = true> <Delay = 0.00>
ST_1 : Operation 42 [1/1] (0.00ns)   --->   "call void (...)* @_ssdm_op_SpecInterface(i64* %in_stream_V_data_V, i8* %in_stream_V_keep_V, i8* %in_stream_V_strb_V, i1* %in_stream_V_user_V, i1* %in_stream_V_last_V, i1* %in_stream_V_id_V, i1* %in_stream_V_dest_V, [5 x i8]* @p_str15, i32 1, i32 1, [5 x i8]* @p_str16, i32 0, i32 0, [1 x i8]* @p_str, [1 x i8]* @p_str, [1 x i8]* @p_str, i32 0, i32 0, i32 0, i32 0, [1 x i8]* @p_str, [1 x i8]* @p_str) nounwind"   --->   Operation 42 'specinterface' <Predicate = true> <Delay = 0.00>
ST_1 : Operation 43 [1/1] (0.00ns)   --->   "call void (...)* @_ssdm_op_SpecInterface(i64* %in_stream_V_data_V, i8* %in_stream_V_keep_V, i8* %in_stream_V_strb_V, i1* %in_stream_V_user_V, i1* %in_stream_V_last_V, i1* %in_stream_V_id_V, i1* %in_stream_V_dest_V, [5 x i8]* @p_str15, i32 1, i32 1, [5 x i8]* @p_str16, i32 0, i32 0, [1 x i8]* @p_str, [1 x i8]* @p_str, [1 x i8]* @p_str, i32 0, i32 0, i32 0, i32 0, [1 x i8]* @p_str, [1 x i8]* @p_str) nounwind"   --->   Operation 43 'specinterface' <Predicate = true> <Delay = 0.00>
ST_1 : Operation 44 [1/1] (0.00ns)   --->   "call void (...)* @_ssdm_op_SpecInterface(i64* %in_stream_V_data_V, i8* %in_stream_V_keep_V, i8* %in_stream_V_strb_V, i1* %in_stream_V_user_V, i1* %in_stream_V_last_V, i1* %in_stream_V_id_V, i1* %in_stream_V_dest_V, [5 x i8]* @p_str15, i32 1, i32 1, [5 x i8]* @p_str16, i32 0, i32 0, [1 x i8]* @p_str, [1 x i8]* @p_str, [1 x i8]* @p_str, i32 0, i32 0, i32 0, i32 0, [1 x i8]* @p_str, [1 x i8]* @p_str) nounwind"   --->   Operation 44 'specinterface' <Predicate = true> <Delay = 0.00>
ST_1 : Operation 45 [1/1] (0.00ns)   --->   "call void (...)* @_ssdm_op_SpecInterface(i64* %in_stream_V_data_V, i8* %in_stream_V_keep_V, i8* %in_stream_V_strb_V, i1* %in_stream_V_user_V, i1* %in_stream_V_last_V, i1* %in_stream_V_id_V, i1* %in_stream_V_dest_V, [5 x i8]* @p_str15, i32 1, i32 1, [5 x i8]* @p_str16, i32 0, i32 0, [1 x i8]* @p_str, [1 x i8]* @p_str, [1 x i8]* @p_str, i32 0, i32 0, i32 0, i32 0, [1 x i8]* @p_str, [1 x i8]* @p_str) nounwind"   --->   Operation 45 'specinterface' <Predicate = true> <Delay = 0.00>
ST_1 : Operation 46 [1/1] (0.00ns)   --->   "call void (...)* @_ssdm_op_SpecInterface(i64* %in_stream_V_data_V, i8* %in_stream_V_keep_V, i8* %in_stream_V_strb_V, i1* %in_stream_V_user_V, i1* %in_stream_V_last_V, i1* %in_stream_V_id_V, i1* %in_stream_V_dest_V, [5 x i8]* @p_str15, i32 1, i32 1, [5 x i8]* @p_str16, i32 0, i32 0, [1 x i8]* @p_str, [1 x i8]* @p_str, [1 x i8]* @p_str, i32 0, i32 0, i32 0, i32 0, [1 x i8]* @p_str, [1 x i8]* @p_str) nounwind"   --->   Operation 46 'specinterface' <Predicate = true> <Delay = 0.00>
ST_1 : Operation 47 [1/1] (0.00ns)   --->   "call void (...)* @_ssdm_op_SpecInterface(i64* %in_stream_V_data_V, i8* %in_stream_V_keep_V, i8* %in_stream_V_strb_V, i1* %in_stream_V_user_V, i1* %in_stream_V_last_V, i1* %in_stream_V_id_V, i1* %in_stream_V_dest_V, [5 x i8]* @p_str15, i32 1, i32 1, [5 x i8]* @p_str16, i32 0, i32 0, [1 x i8]* @p_str, [1 x i8]* @p_str, [1 x i8]* @p_str, i32 0, i32 0, i32 0, i32 0, [1 x i8]* @p_str, [1 x i8]* @p_str) nounwind"   --->   Operation 47 'specinterface' <Predicate = true> <Delay = 0.00>
ST_1 : Operation 48 [1/1] (0.00ns)   --->   "call void (...)* @_ssdm_op_SpecInterface(i64* %in_stream_V_data_V, i8* %in_stream_V_keep_V, i8* %in_stream_V_strb_V, i1* %in_stream_V_user_V, i1* %in_stream_V_last_V, i1* %in_stream_V_id_V, i1* %in_stream_V_dest_V, [5 x i8]* @p_str15, i32 1, i32 1, [5 x i8]* @p_str16, i32 0, i32 0, [1 x i8]* @p_str, [1 x i8]* @p_str, [1 x i8]* @p_str, i32 0, i32 0, i32 0, i32 0, [1 x i8]* @p_str, [1 x i8]* @p_str) nounwind"   --->   Operation 48 'specinterface' <Predicate = true> <Delay = 0.00>
ST_1 : Operation 49 [1/1] (0.00ns)   --->   "call void (...)* @_ssdm_op_SpecInterface(i64* %in_stream_V_data_V, i8* %in_stream_V_keep_V, i8* %in_stream_V_strb_V, i1* %in_stream_V_user_V, i1* %in_stream_V_last_V, i1* %in_stream_V_id_V, i1* %in_stream_V_dest_V, [5 x i8]* @p_str15, i32 1, i32 1, [5 x i8]* @p_str16, i32 0, i32 0, [1 x i8]* @p_str, [1 x i8]* @p_str, [1 x i8]* @p_str, i32 0, i32 0, i32 0, i32 0, [1 x i8]* @p_str, [1 x i8]* @p_str) nounwind"   --->   Operation 49 'specinterface' <Predicate = true> <Delay = 0.00>
ST_1 : Operation 50 [1/1] (0.00ns)   --->   "call void (...)* @_ssdm_op_SpecInterface(i64* %in_stream_V_data_V, i8* %in_stream_V_keep_V, i8* %in_stream_V_strb_V, i1* %in_stream_V_user_V, i1* %in_stream_V_last_V, i1* %in_stream_V_id_V, i1* %in_stream_V_dest_V, [5 x i8]* @p_str15, i32 1, i32 1, [5 x i8]* @p_str16, i32 0, i32 0, [1 x i8]* @p_str, [1 x i8]* @p_str, [1 x i8]* @p_str, i32 0, i32 0, i32 0, i32 0, [1 x i8]* @p_str, [1 x i8]* @p_str) nounwind"   --->   Operation 50 'specinterface' <Predicate = true> <Delay = 0.00>
ST_1 : Operation 51 [1/1] (0.00ns)   --->   "call void (...)* @_ssdm_op_SpecInterface(i64* %in_stream_V_data_V, i8* %in_stream_V_keep_V, i8* %in_stream_V_strb_V, i1* %in_stream_V_user_V, i1* %in_stream_V_last_V, i1* %in_stream_V_id_V, i1* %in_stream_V_dest_V, [5 x i8]* @p_str15, i32 1, i32 1, [5 x i8]* @p_str16, i32 0, i32 0, [1 x i8]* @p_str, [1 x i8]* @p_str, [1 x i8]* @p_str, i32 0, i32 0, i32 0, i32 0, [1 x i8]* @p_str, [1 x i8]* @p_str) nounwind"   --->   Operation 51 'specinterface' <Predicate = true> <Delay = 0.00>
ST_1 : Operation 52 [1/1] (0.00ns)   --->   "call void (...)* @_ssdm_op_SpecInterface(i64* %in_stream_V_data_V, i8* %in_stream_V_keep_V, i8* %in_stream_V_strb_V, i1* %in_stream_V_user_V, i1* %in_stream_V_last_V, i1* %in_stream_V_id_V, i1* %in_stream_V_dest_V, [5 x i8]* @p_str15, i32 1, i32 1, [5 x i8]* @p_str16, i32 0, i32 0, [1 x i8]* @p_str, [1 x i8]* @p_str, [1 x i8]* @p_str, i32 0, i32 0, i32 0, i32 0, [1 x i8]* @p_str, [1 x i8]* @p_str) nounwind"   --->   Operation 52 'specinterface' <Predicate = true> <Delay = 0.00>
ST_1 : Operation 53 [1/1] (0.00ns)   --->   "call void (...)* @_ssdm_op_SpecInterface(i64* %in_stream_V_data_V, i8* %in_stream_V_keep_V, i8* %in_stream_V_strb_V, i1* %in_stream_V_user_V, i1* %in_stream_V_last_V, i1* %in_stream_V_id_V, i1* %in_stream_V_dest_V, [5 x i8]* @p_str15, i32 1, i32 1, [5 x i8]* @p_str16, i32 0, i32 0, [1 x i8]* @p_str, [1 x i8]* @p_str, [1 x i8]* @p_str, i32 0, i32 0, i32 0, i32 0, [1 x i8]* @p_str, [1 x i8]* @p_str) nounwind"   --->   Operation 53 'specinterface' <Predicate = true> <Delay = 0.00>
ST_1 : Operation 54 [1/1] (0.00ns)   --->   "call void (...)* @_ssdm_op_SpecInterface(i64* %in_stream_V_data_V, i8* %in_stream_V_keep_V, i8* %in_stream_V_strb_V, i1* %in_stream_V_user_V, i1* %in_stream_V_last_V, i1* %in_stream_V_id_V, i1* %in_stream_V_dest_V, [5 x i8]* @p_str15, i32 1, i32 1, [5 x i8]* @p_str16, i32 0, i32 0, [1 x i8]* @p_str, [1 x i8]* @p_str, [1 x i8]* @p_str, i32 0, i32 0, i32 0, i32 0, [1 x i8]* @p_str, [1 x i8]* @p_str) nounwind"   --->   Operation 54 'specinterface' <Predicate = true> <Delay = 0.00>
ST_1 : Operation 55 [1/1] (0.00ns)   --->   "call void (...)* @_ssdm_op_SpecInterface(i64* %in_stream_V_data_V, i8* %in_stream_V_keep_V, i8* %in_stream_V_strb_V, i1* %in_stream_V_user_V, i1* %in_stream_V_last_V, i1* %in_stream_V_id_V, i1* %in_stream_V_dest_V, [5 x i8]* @p_str15, i32 1, i32 1, [5 x i8]* @p_str16, i32 0, i32 0, [1 x i8]* @p_str, [1 x i8]* @p_str, [1 x i8]* @p_str, i32 0, i32 0, i32 0, i32 0, [1 x i8]* @p_str, [1 x i8]* @p_str) nounwind"   --->   Operation 55 'specinterface' <Predicate = true> <Delay = 0.00>
ST_1 : Operation 56 [1/1] (0.00ns)   --->   "call void (...)* @_ssdm_op_SpecInterface(i64* %in_stream_V_data_V, i8* %in_stream_V_keep_V, i8* %in_stream_V_strb_V, i1* %in_stream_V_user_V, i1* %in_stream_V_last_V, i1* %in_stream_V_id_V, i1* %in_stream_V_dest_V, [5 x i8]* @p_str15, i32 1, i32 1, [5 x i8]* @p_str16, i32 0, i32 0, [1 x i8]* @p_str, [1 x i8]* @p_str, [1 x i8]* @p_str, i32 0, i32 0, i32 0, i32 0, [1 x i8]* @p_str, [1 x i8]* @p_str) nounwind"   --->   Operation 56 'specinterface' <Predicate = true> <Delay = 0.00>
ST_1 : Operation 57 [1/1] (0.00ns)   --->   "call void (...)* @_ssdm_op_SpecInterface(i64* %in_stream_V_data_V, i8* %in_stream_V_keep_V, i8* %in_stream_V_strb_V, i1* %in_stream_V_user_V, i1* %in_stream_V_last_V, i1* %in_stream_V_id_V, i1* %in_stream_V_dest_V, [5 x i8]* @p_str15, i32 1, i32 1, [5 x i8]* @p_str16, i32 0, i32 0, [1 x i8]* @p_str, [1 x i8]* @p_str, [1 x i8]* @p_str, i32 0, i32 0, i32 0, i32 0, [1 x i8]* @p_str, [1 x i8]* @p_str) nounwind"   --->   Operation 57 'specinterface' <Predicate = true> <Delay = 0.00>
ST_1 : Operation 58 [1/1] (0.00ns)   --->   "call void (...)* @_ssdm_op_SpecInterface(i64* %in_stream_V_data_V, i8* %in_stream_V_keep_V, i8* %in_stream_V_strb_V, i1* %in_stream_V_user_V, i1* %in_stream_V_last_V, i1* %in_stream_V_id_V, i1* %in_stream_V_dest_V, [5 x i8]* @p_str15, i32 1, i32 1, [5 x i8]* @p_str16, i32 0, i32 0, [1 x i8]* @p_str, [1 x i8]* @p_str, [1 x i8]* @p_str, i32 0, i32 0, i32 0, i32 0, [1 x i8]* @p_str, [1 x i8]* @p_str) nounwind"   --->   Operation 58 'specinterface' <Predicate = true> <Delay = 0.00>
ST_1 : Operation 59 [1/1] (0.00ns)   --->   "call void (...)* @_ssdm_op_SpecInterface(i64* %in_stream_V_data_V, i8* %in_stream_V_keep_V, i8* %in_stream_V_strb_V, i1* %in_stream_V_user_V, i1* %in_stream_V_last_V, i1* %in_stream_V_id_V, i1* %in_stream_V_dest_V, [5 x i8]* @p_str15, i32 1, i32 1, [5 x i8]* @p_str16, i32 0, i32 0, [1 x i8]* @p_str, [1 x i8]* @p_str, [1 x i8]* @p_str, i32 0, i32 0, i32 0, i32 0, [1 x i8]* @p_str, [1 x i8]* @p_str) nounwind"   --->   Operation 59 'specinterface' <Predicate = true> <Delay = 0.00>
ST_1 : Operation 60 [1/1] (0.00ns)   --->   "call void (...)* @_ssdm_op_SpecInterface(i64* %in_stream_V_data_V, i8* %in_stream_V_keep_V, i8* %in_stream_V_strb_V, i1* %in_stream_V_user_V, i1* %in_stream_V_last_V, i1* %in_stream_V_id_V, i1* %in_stream_V_dest_V, [5 x i8]* @p_str15, i32 1, i32 1, [5 x i8]* @p_str16, i32 0, i32 0, [1 x i8]* @p_str, [1 x i8]* @p_str, [1 x i8]* @p_str, i32 0, i32 0, i32 0, i32 0, [1 x i8]* @p_str, [1 x i8]* @p_str) nounwind"   --->   Operation 60 'specinterface' <Predicate = true> <Delay = 0.00>
ST_1 : Operation 61 [1/1] (0.00ns)   --->   "call void (...)* @_ssdm_op_SpecInterface(i64* %in_stream_V_data_V, i8* %in_stream_V_keep_V, i8* %in_stream_V_strb_V, i1* %in_stream_V_user_V, i1* %in_stream_V_last_V, i1* %in_stream_V_id_V, i1* %in_stream_V_dest_V, [5 x i8]* @p_str15, i32 1, i32 1, [5 x i8]* @p_str16, i32 0, i32 0, [1 x i8]* @p_str, [1 x i8]* @p_str, [1 x i8]* @p_str, i32 0, i32 0, i32 0, i32 0, [1 x i8]* @p_str, [1 x i8]* @p_str) nounwind"   --->   Operation 61 'specinterface' <Predicate = true> <Delay = 0.00>
ST_1 : Operation 62 [1/1] (0.00ns)   --->   "call void (...)* @_ssdm_op_SpecInterface(i64* %in_stream_V_data_V, i8* %in_stream_V_keep_V, i8* %in_stream_V_strb_V, i1* %in_stream_V_user_V, i1* %in_stream_V_last_V, i1* %in_stream_V_id_V, i1* %in_stream_V_dest_V, [5 x i8]* @p_str15, i32 1, i32 1, [5 x i8]* @p_str16, i32 0, i32 0, [1 x i8]* @p_str, [1 x i8]* @p_str, [1 x i8]* @p_str, i32 0, i32 0, i32 0, i32 0, [1 x i8]* @p_str, [1 x i8]* @p_str) nounwind"   --->   Operation 62 'specinterface' <Predicate = true> <Delay = 0.00>
ST_1 : Operation 63 [1/1] (0.00ns)   --->   "call void (...)* @_ssdm_op_SpecInterface(i12* %n_0_i_i_out, [8 x i8]* @ap_fifo_str, i32 0, i32 0, [1 x i8]* @p_str, i32 0, i32 0, [1 x i8]* @p_str, [1 x i8]* @p_str, [1 x i8]* @p_str, i32 2, i32 2, i32 16, i32 16, [1 x i8]* @p_str, [1 x i8]* @p_str)"   --->   Operation 63 'specinterface' <Predicate = true> <Delay = 0.00>
ST_1 : Operation 64 [1/1] (3.63ns)   --->   "call void @_ssdm_op_Write.ap_fifo.i12P(i12* %n_0_i_i_out, i12 %n_0_i_i_read)"   --->   Operation 64 'write' <Predicate = true> <Delay = 3.63> <Core = "FIFO">   --->   Core 32 'FIFO' <Latency = 0> <II = 1> <Delay = 3.63> <Storage> <Opcode : 'read' 'write' 'nbread' 'nbwrite'> <Ports = 0> <Width = 12> <Depth = 2> <FIFO>
ST_1 : Operation 65 [1/1] (0.00ns)   --->   "call void (...)* @_ssdm_op_SpecInterface(i64* %in_stream_V_data_V, i8* %in_stream_V_keep_V, i8* %in_stream_V_strb_V, i1* %in_stream_V_user_V, i1* %in_stream_V_last_V, i1* %in_stream_V_id_V, i1* %in_stream_V_dest_V, [5 x i8]* @p_str15, i32 1, i32 1, [5 x i8]* @p_str16, i32 0, i32 0, [1 x i8]* @p_str, [1 x i8]* @p_str, [1 x i8]* @p_str, i32 0, i32 0, i32 0, i32 0, [1 x i8]* @p_str, [1 x i8]* @p_str) nounwind"   --->   Operation 65 'specinterface' <Predicate = true> <Delay = 0.00>
ST_1 : Operation 66 [1/1] (0.00ns)   --->   "call void (...)* @_ssdm_op_SpecInterface(i64* %in_stream_V_data_V, i8* %in_stream_V_keep_V, i8* %in_stream_V_strb_V, i1* %in_stream_V_user_V, i1* %in_stream_V_last_V, i1* %in_stream_V_id_V, i1* %in_stream_V_dest_V, [5 x i8]* @p_str15, i32 1, i32 1, [5 x i8]* @p_str16, i32 0, i32 0, [1 x i8]* @p_str, [1 x i8]* @p_str, [1 x i8]* @p_str, i32 0, i32 0, i32 0, i32 0, [1 x i8]* @p_str, [1 x i8]* @p_str) nounwind"   --->   Operation 66 'specinterface' <Predicate = true> <Delay = 0.00>
ST_1 : Operation 67 [1/1] (0.00ns)   --->   "call void (...)* @_ssdm_op_SpecInterface(i64* %in_stream_V_data_V, i8* %in_stream_V_keep_V, i8* %in_stream_V_strb_V, i1* %in_stream_V_user_V, i1* %in_stream_V_last_V, i1* %in_stream_V_id_V, i1* %in_stream_V_dest_V, [5 x i8]* @p_str15, i32 1, i32 1, [5 x i8]* @p_str16, i32 0, i32 0, [1 x i8]* @p_str, [1 x i8]* @p_str, [1 x i8]* @p_str, i32 0, i32 0, i32 0, i32 0, [1 x i8]* @p_str, [1 x i8]* @p_str) nounwind"   --->   Operation 67 'specinterface' <Predicate = true> <Delay = 0.00>
ST_1 : Operation 68 [1/1] (0.00ns)   --->   "call void (...)* @_ssdm_op_SpecInterface(i64* %in_stream_V_data_V, i8* %in_stream_V_keep_V, i8* %in_stream_V_strb_V, i1* %in_stream_V_user_V, i1* %in_stream_V_last_V, i1* %in_stream_V_id_V, i1* %in_stream_V_dest_V, [5 x i8]* @p_str15, i32 1, i32 1, [5 x i8]* @p_str16, i32 0, i32 0, [1 x i8]* @p_str, [1 x i8]* @p_str, [1 x i8]* @p_str, i32 0, i32 0, i32 0, i32 0, [1 x i8]* @p_str, [1 x i8]* @p_str) nounwind"   --->   Operation 68 'specinterface' <Predicate = true> <Delay = 0.00>
ST_1 : Operation 69 [1/1] (0.00ns)   --->   "call void (...)* @_ssdm_op_SpecInterface(i64* %in_stream_V_data_V, i8* %in_stream_V_keep_V, i8* %in_stream_V_strb_V, i1* %in_stream_V_user_V, i1* %in_stream_V_last_V, i1* %in_stream_V_id_V, i1* %in_stream_V_dest_V, [5 x i8]* @p_str15, i32 1, i32 1, [5 x i8]* @p_str16, i32 0, i32 0, [1 x i8]* @p_str, [1 x i8]* @p_str, [1 x i8]* @p_str, i32 0, i32 0, i32 0, i32 0, [1 x i8]* @p_str, [1 x i8]* @p_str) nounwind"   --->   Operation 69 'specinterface' <Predicate = true> <Delay = 0.00>
ST_1 : Operation 70 [1/1] (0.00ns)   --->   "call void (...)* @_ssdm_op_SpecInterface(i64* %in_stream_V_data_V, i8* %in_stream_V_keep_V, i8* %in_stream_V_strb_V, i1* %in_stream_V_user_V, i1* %in_stream_V_last_V, i1* %in_stream_V_id_V, i1* %in_stream_V_dest_V, [5 x i8]* @p_str15, i32 1, i32 1, [5 x i8]* @p_str16, i32 0, i32 0, [1 x i8]* @p_str, [1 x i8]* @p_str, [1 x i8]* @p_str, i32 0, i32 0, i32 0, i32 0, [1 x i8]* @p_str, [1 x i8]* @p_str) nounwind"   --->   Operation 70 'specinterface' <Predicate = true> <Delay = 0.00>
ST_1 : Operation 71 [1/1] (0.00ns)   --->   "call void (...)* @_ssdm_op_SpecInterface(i64* %in_stream_V_data_V, i8* %in_stream_V_keep_V, i8* %in_stream_V_strb_V, i1* %in_stream_V_user_V, i1* %in_stream_V_last_V, i1* %in_stream_V_id_V, i1* %in_stream_V_dest_V, [5 x i8]* @p_str15, i32 1, i32 1, [5 x i8]* @p_str16, i32 0, i32 0, [1 x i8]* @p_str, [1 x i8]* @p_str, [1 x i8]* @p_str, i32 0, i32 0, i32 0, i32 0, [1 x i8]* @p_str, [1 x i8]* @p_str) nounwind"   --->   Operation 71 'specinterface' <Predicate = true> <Delay = 0.00>
ST_1 : Operation 72 [1/1] (0.00ns)   --->   "call void (...)* @_ssdm_op_SpecInterface(i64* %in_stream_V_data_V, i8* %in_stream_V_keep_V, i8* %in_stream_V_strb_V, i1* %in_stream_V_user_V, i1* %in_stream_V_last_V, i1* %in_stream_V_id_V, i1* %in_stream_V_dest_V, [5 x i8]* @p_str15, i32 1, i32 1, [5 x i8]* @p_str16, i32 0, i32 0, [1 x i8]* @p_str, [1 x i8]* @p_str, [1 x i8]* @p_str, i32 0, i32 0, i32 0, i32 0, [1 x i8]* @p_str, [1 x i8]* @p_str) nounwind"   --->   Operation 72 'specinterface' <Predicate = true> <Delay = 0.00>
ST_1 : Operation 73 [1/1] (1.76ns)   --->   "br label %0" [ADSD/Classifier.cpp:17]   --->   Operation 73 'br' <Predicate = true> <Delay = 1.76>

State 2 <SV = 1> <Delay = 2.46>
ST_2 : Operation 74 [1/1] (0.00ns)   --->   "%calculated_norm_V = phi i24 [ 0, %entry ], [ %p_Val2_4_7_i_i, %9 ]" [ADSD/Classifier.cpp:32]   --->   Operation 74 'phi' 'calculated_norm_V' <Predicate = true> <Delay = 0.00>
ST_2 : Operation 75 [1/1] (0.00ns)   --->   "%i_i_i = phi i7 [ 0, %entry ], [ %i, %9 ]"   --->   Operation 75 'phi' 'i_i_i' <Predicate = true> <Delay = 0.00>
ST_2 : Operation 76 [1/1] (1.48ns)   --->   "%exitcond1_i_i = icmp eq i7 %i_i_i, -30" [ADSD/Classifier.cpp:17]   --->   Operation 76 'icmp' 'exitcond1_i_i' <Predicate = true> <Delay = 1.48> <Core = "Cmp">   --->   Core 25 'Cmp' <Latency = 0> <II = 1> <Delay = 0.95> <FuncUnit> <Opcode : 'icmp'> <InPorts = 2> <OutPorts = 1>
ST_2 : Operation 77 [1/1] (0.00ns)   --->   "%empty = call i32 (...)* @_ssdm_op_SpecLoopTripCount(i64 98, i64 98, i64 98)"   --->   Operation 77 'speclooptripcount' 'empty' <Predicate = true> <Delay = 0.00>
ST_2 : Operation 78 [1/1] (1.87ns)   --->   "%i = add i7 %i_i_i, 1" [ADSD/Classifier.cpp:17]   --->   Operation 78 'add' 'i' <Predicate = true> <Delay = 1.87> <Core = "AddSub">   --->   Core 14 'AddSub' <Latency = 0> <II = 1> <Delay = 2.31> <FuncUnit> <Opcode : 'add' 'sub'> <InPorts = 2> <OutPorts = 1>
ST_2 : Operation 79 [1/1] (0.00ns)   --->   "br i1 %exitcond1_i_i, label %.exit, label %1" [ADSD/Classifier.cpp:17]   --->   Operation 79 'br' <Predicate = true> <Delay = 0.00>
ST_2 : Operation 80 [2/2] (0.00ns)   --->   "%empty_34 = call { i64, i8, i8, i1, i1, i1, i1 } @_ssdm_op_Read.axis.volatile.i64P.i8P.i8P.i1P.i1P.i1P.i1P(i64* %in_stream_V_data_V, i8* %in_stream_V_keep_V, i8* %in_stream_V_strb_V, i1* %in_stream_V_user_V, i1* %in_stream_V_last_V, i1* %in_stream_V_id_V, i1* %in_stream_V_dest_V)" [ADSD/Classifier.cpp:20]   --->   Operation 80 'read' 'empty_34' <Predicate = (!exitcond1_i_i)> <Delay = 0.00> <Core = "AXI4Stream">   --->   Core 5 'AXI4Stream' <Latency = 0> <II = 1> <Delay = 1.00> <Adapter> <Opcode : >
ST_2 : Operation 81 [1/1] (0.00ns)   --->   "%tmp_2 = trunc i7 %i_i_i to i1" [ADSD/Classifier.cpp:28]   --->   Operation 81 'trunc' 'tmp_2' <Predicate = (!exitcond1_i_i)> <Delay = 0.00>
ST_2 : Operation 82 [1/1] (0.00ns)   --->   "%tmp_2_cast_i_i = call i6 @_ssdm_op_PartSelect.i6.i7.i32.i32(i7 %i_i_i, i32 1, i32 6)" [ADSD/Classifier.cpp:17]   --->   Operation 82 'partselect' 'tmp_2_cast_i_i' <Predicate = (!exitcond1_i_i)> <Delay = 0.00>
ST_2 : Operation 83 [1/1] (0.00ns)   --->   "br i1 %tmp_2, label %branch120.i.i, label %branch112.i.i" [ADSD/Classifier.cpp:29]   --->   Operation 83 'br' <Predicate = (!exitcond1_i_i)> <Delay = 0.00>
ST_2 : Operation 84 [1/1] (0.00ns)   --->   "br i1 %tmp_2, label %branch104.i.i, label %branch96.i.i" [ADSD/Classifier.cpp:29]   --->   Operation 84 'br' <Predicate = (!exitcond1_i_i)> <Delay = 0.00>
ST_2 : Operation 85 [1/1] (0.00ns)   --->   "br i1 %tmp_2, label %branch88.i.i, label %branch80.i.i" [ADSD/Classifier.cpp:29]   --->   Operation 85 'br' <Predicate = (!exitcond1_i_i)> <Delay = 0.00>
ST_2 : Operation 86 [1/1] (0.00ns)   --->   "br i1 %tmp_2, label %branch72.i.i, label %branch64.i.i" [ADSD/Classifier.cpp:29]   --->   Operation 86 'br' <Predicate = (!exitcond1_i_i)> <Delay = 0.00>
ST_2 : Operation 87 [1/1] (0.00ns)   --->   "br i1 %tmp_2, label %branch56.i.i, label %branch48.i.i" [ADSD/Classifier.cpp:29]   --->   Operation 87 'br' <Predicate = (!exitcond1_i_i)> <Delay = 0.00>
ST_2 : Operation 88 [1/1] (0.00ns)   --->   "br i1 %tmp_2, label %branch40.i.i, label %branch32.i.i" [ADSD/Classifier.cpp:29]   --->   Operation 88 'br' <Predicate = (!exitcond1_i_i)> <Delay = 0.00>
ST_2 : Operation 89 [1/1] (0.00ns)   --->   "br i1 %tmp_2, label %branch24.i.i, label %branch16.i.i" [ADSD/Classifier.cpp:29]   --->   Operation 89 'br' <Predicate = (!exitcond1_i_i)> <Delay = 0.00>
ST_2 : Operation 90 [1/1] (0.00ns)   --->   "br i1 %tmp_2, label %branch8.i.i, label %branch0.i.i" [ADSD/Classifier.cpp:29]   --->   Operation 90 'br' <Predicate = (!exitcond1_i_i)> <Delay = 0.00>

State 3 <SV = 2> <Delay = 6.48>
ST_3 : Operation 91 [1/1] (0.00ns)   --->   "call void (...)* @_ssdm_op_SpecLoopName([10 x i8]* @p_str5) nounwind" [ADSD/Classifier.cpp:17]   --->   Operation 91 'specloopname' <Predicate = (!exitcond1_i_i)> <Delay = 0.00>
ST_3 : Operation 92 [1/1] (0.00ns)   --->   "%tmp_i_i = call i32 (...)* @_ssdm_op_SpecRegionBegin([10 x i8]* @p_str5)" [ADSD/Classifier.cpp:17]   --->   Operation 92 'specregionbegin' 'tmp_i_i' <Predicate = (!exitcond1_i_i)> <Delay = 0.00>
ST_3 : Operation 93 [1/1] (0.00ns)   --->   "call void (...)* @_ssdm_op_SpecPipeline(i32 1, i32 1, i32 1, i32 0, [1 x i8]* @p_str) nounwind" [ADSD/Classifier.cpp:18]   --->   Operation 93 'specpipeline' <Predicate = (!exitcond1_i_i)> <Delay = 0.00>
ST_3 : Operation 94 [1/2] (0.00ns)   --->   "%empty_34 = call { i64, i8, i8, i1, i1, i1, i1 } @_ssdm_op_Read.axis.volatile.i64P.i8P.i8P.i1P.i1P.i1P.i1P(i64* %in_stream_V_data_V, i8* %in_stream_V_keep_V, i8* %in_stream_V_strb_V, i1* %in_stream_V_user_V, i1* %in_stream_V_last_V, i1* %in_stream_V_id_V, i1* %in_stream_V_dest_V)" [ADSD/Classifier.cpp:20]   --->   Operation 94 'read' 'empty_34' <Predicate = (!exitcond1_i_i)> <Delay = 0.00> <Core = "AXI4Stream">   --->   Core 5 'AXI4Stream' <Latency = 0> <II = 1> <Delay = 1.00> <Adapter> <Opcode : >
ST_3 : Operation 95 [1/1] (0.00ns)   --->   "%tmp_data_V = extractvalue { i64, i8, i8, i1, i1, i1, i1 } %empty_34, 0" [ADSD/Classifier.cpp:20]   --->   Operation 95 'extractvalue' 'tmp_data_V' <Predicate = (!exitcond1_i_i)> <Delay = 0.00>
ST_3 : Operation 96 [1/1] (0.00ns)   --->   "%tmp_3 = trunc i64 %tmp_data_V to i8" [ADSD/Classifier.cpp:28]   --->   Operation 96 'trunc' 'tmp_3' <Predicate = (!exitcond1_i_i)> <Delay = 0.00>
ST_3 : Operation 97 [1/1] (0.00ns)   --->   "%newIndex1_i_i = zext i6 %tmp_2_cast_i_i to i64" [ADSD/Classifier.cpp:17]   --->   Operation 97 'zext' 'newIndex1_i_i' <Predicate = (!exitcond1_i_i)> <Delay = 0.00>
ST_3 : Operation 98 [1/1] (0.00ns)   --->   "%x_local_0_V_addr = getelementptr [49 x i8]* %x_local_0_V, i64 0, i64 %newIndex1_i_i" [ADSD/Classifier.cpp:29]   --->   Operation 98 'getelementptr' 'x_local_0_V_addr' <Predicate = (!exitcond1_i_i)> <Delay = 0.00>
ST_3 : Operation 99 [1/1] (0.00ns)   --->   "%x_local_8_V_addr = getelementptr [49 x i8]* %x_local_8_V, i64 0, i64 %newIndex1_i_i" [ADSD/Classifier.cpp:29]   --->   Operation 99 'getelementptr' 'x_local_8_V_addr' <Predicate = (!exitcond1_i_i)> <Delay = 0.00>
ST_3 : Operation 100 [1/1] (2.32ns)   --->   "store i8 %tmp_3, i8* %x_local_0_V_addr, align 1" [ADSD/Classifier.cpp:29]   --->   Operation 100 'store' <Predicate = (!tmp_2)> <Delay = 2.32> <Core = "RAM">   --->   Core 37 'RAM' <Latency = 1> <II = 1> <Delay = 2.32> <Storage> <Opcode : 'load' 'store'> <Ports = 2> <Width = 8> <Depth = 49> <RAM>
ST_3 : Operation 101 [1/1] (0.00ns)   --->   "br label %2" [ADSD/Classifier.cpp:29]   --->   Operation 101 'br' <Predicate = (!tmp_2)> <Delay = 0.00>
ST_3 : Operation 102 [1/1] (2.32ns)   --->   "store i8 %tmp_3, i8* %x_local_8_V_addr, align 1" [ADSD/Classifier.cpp:29]   --->   Operation 102 'store' <Predicate = (tmp_2)> <Delay = 2.32> <Core = "RAM">   --->   Core 37 'RAM' <Latency = 1> <II = 1> <Delay = 2.32> <Storage> <Opcode : 'load' 'store'> <Ports = 2> <Width = 8> <Depth = 49> <RAM>
ST_3 : Operation 103 [1/1] (0.00ns)   --->   "br label %2" [ADSD/Classifier.cpp:29]   --->   Operation 103 'br' <Predicate = (tmp_2)> <Delay = 0.00>
ST_3 : Operation 104 [1/1] (0.00ns)   --->   "%OP1_V_i_i = sext i8 %tmp_3 to i16" [ADSD/Classifier.cpp:31]   --->   Operation 104 'sext' 'OP1_V_i_i' <Predicate = (!exitcond1_i_i)> <Delay = 0.00>
ST_3 : Operation 105 [1/1] (4.17ns)   --->   "%r_V_i_i = mul i16 %OP1_V_i_i, %OP1_V_i_i" [ADSD/Classifier.cpp:31]   --->   Operation 105 'mul' 'r_V_i_i' <Predicate = (!exitcond1_i_i)> <Delay = 4.17> <Core = "Mul">   --->   Core 16 'Mul' <Latency = 0> <II = 1> <Delay = 4.17> <FuncUnit> <Opcode : 'mul'> <InPorts = 2> <OutPorts = 1>
ST_3 : Operation 106 [1/1] (0.00ns)   --->   "%tmp_9_i_i = call i24 @_ssdm_op_BitConcatenate.i24.i16.i8(i16 %r_V_i_i, i8 0)" [ADSD/Classifier.cpp:32]   --->   Operation 106 'bitconcatenate' 'tmp_9_i_i' <Predicate = (!exitcond1_i_i)> <Delay = 0.00>
ST_3 : Operation 107 [1/1] (0.00ns)   --->   "%p_Result_1_i_i = call i8 @_ssdm_op_PartSelect.i8.i64.i32.i32(i64 %tmp_data_V, i32 8, i32 15)" [ADSD/Classifier.cpp:28]   --->   Operation 107 'partselect' 'p_Result_1_i_i' <Predicate = (!exitcond1_i_i)> <Delay = 0.00>
ST_3 : Operation 108 [1/1] (0.00ns)   --->   "%x_local_1_V_addr = getelementptr [49 x i8]* %x_local_1_V, i64 0, i64 %newIndex1_i_i" [ADSD/Classifier.cpp:29]   --->   Operation 108 'getelementptr' 'x_local_1_V_addr' <Predicate = (!exitcond1_i_i)> <Delay = 0.00>
ST_3 : Operation 109 [1/1] (0.00ns)   --->   "%x_local_9_V_addr = getelementptr [49 x i8]* %x_local_9_V, i64 0, i64 %newIndex1_i_i" [ADSD/Classifier.cpp:29]   --->   Operation 109 'getelementptr' 'x_local_9_V_addr' <Predicate = (!exitcond1_i_i)> <Delay = 0.00>
ST_3 : Operation 110 [1/1] (2.32ns)   --->   "store i8 %p_Result_1_i_i, i8* %x_local_1_V_addr, align 1" [ADSD/Classifier.cpp:29]   --->   Operation 110 'store' <Predicate = (!tmp_2)> <Delay = 2.32> <Core = "RAM">   --->   Core 37 'RAM' <Latency = 1> <II = 1> <Delay = 2.32> <Storage> <Opcode : 'load' 'store'> <Ports = 2> <Width = 8> <Depth = 49> <RAM>
ST_3 : Operation 111 [1/1] (0.00ns)   --->   "br label %3" [ADSD/Classifier.cpp:29]   --->   Operation 111 'br' <Predicate = (!tmp_2)> <Delay = 0.00>
ST_3 : Operation 112 [1/1] (2.32ns)   --->   "store i8 %p_Result_1_i_i, i8* %x_local_9_V_addr, align 1" [ADSD/Classifier.cpp:29]   --->   Operation 112 'store' <Predicate = (tmp_2)> <Delay = 2.32> <Core = "RAM">   --->   Core 37 'RAM' <Latency = 1> <II = 1> <Delay = 2.32> <Storage> <Opcode : 'load' 'store'> <Ports = 2> <Width = 8> <Depth = 49> <RAM>
ST_3 : Operation 113 [1/1] (0.00ns)   --->   "br label %3" [ADSD/Classifier.cpp:29]   --->   Operation 113 'br' <Predicate = (tmp_2)> <Delay = 0.00>
ST_3 : Operation 114 [1/1] (0.00ns)   --->   "%OP1_V_1_i_i = sext i8 %p_Result_1_i_i to i16" [ADSD/Classifier.cpp:31]   --->   Operation 114 'sext' 'OP1_V_1_i_i' <Predicate = (!exitcond1_i_i)> <Delay = 0.00>
ST_3 : Operation 115 [1/1] (4.17ns)   --->   "%r_V_1_i_i = mul i16 %OP1_V_1_i_i, %OP1_V_1_i_i" [ADSD/Classifier.cpp:31]   --->   Operation 115 'mul' 'r_V_1_i_i' <Predicate = (!exitcond1_i_i)> <Delay = 4.17> <Core = "Mul">   --->   Core 16 'Mul' <Latency = 0> <II = 1> <Delay = 4.17> <FuncUnit> <Opcode : 'mul'> <InPorts = 2> <OutPorts = 1>
ST_3 : Operation 116 [1/1] (0.00ns)   --->   "%tmp_9_1_i_i = call i24 @_ssdm_op_BitConcatenate.i24.i16.i8(i16 %r_V_1_i_i, i8 0)" [ADSD/Classifier.cpp:32]   --->   Operation 116 'bitconcatenate' 'tmp_9_1_i_i' <Predicate = (!exitcond1_i_i)> <Delay = 0.00>
ST_3 : Operation 117 [1/1] (0.00ns)   --->   "%p_Result_2_i_i = call i8 @_ssdm_op_PartSelect.i8.i64.i32.i32(i64 %tmp_data_V, i32 16, i32 23)" [ADSD/Classifier.cpp:28]   --->   Operation 117 'partselect' 'p_Result_2_i_i' <Predicate = (!exitcond1_i_i)> <Delay = 0.00>
ST_3 : Operation 118 [1/1] (0.00ns)   --->   "%x_local_2_V_addr = getelementptr [49 x i8]* %x_local_2_V, i64 0, i64 %newIndex1_i_i" [ADSD/Classifier.cpp:29]   --->   Operation 118 'getelementptr' 'x_local_2_V_addr' <Predicate = (!exitcond1_i_i)> <Delay = 0.00>
ST_3 : Operation 119 [1/1] (0.00ns)   --->   "%x_local_10_V_addr = getelementptr [49 x i8]* %x_local_10_V, i64 0, i64 %newIndex1_i_i" [ADSD/Classifier.cpp:29]   --->   Operation 119 'getelementptr' 'x_local_10_V_addr' <Predicate = (!exitcond1_i_i)> <Delay = 0.00>
ST_3 : Operation 120 [1/1] (2.32ns)   --->   "store i8 %p_Result_2_i_i, i8* %x_local_2_V_addr, align 1" [ADSD/Classifier.cpp:29]   --->   Operation 120 'store' <Predicate = (!tmp_2)> <Delay = 2.32> <Core = "RAM">   --->   Core 37 'RAM' <Latency = 1> <II = 1> <Delay = 2.32> <Storage> <Opcode : 'load' 'store'> <Ports = 2> <Width = 8> <Depth = 49> <RAM>
ST_3 : Operation 121 [1/1] (0.00ns)   --->   "br label %4" [ADSD/Classifier.cpp:29]   --->   Operation 121 'br' <Predicate = (!tmp_2)> <Delay = 0.00>
ST_3 : Operation 122 [1/1] (2.32ns)   --->   "store i8 %p_Result_2_i_i, i8* %x_local_10_V_addr, align 1" [ADSD/Classifier.cpp:29]   --->   Operation 122 'store' <Predicate = (tmp_2)> <Delay = 2.32> <Core = "RAM">   --->   Core 37 'RAM' <Latency = 1> <II = 1> <Delay = 2.32> <Storage> <Opcode : 'load' 'store'> <Ports = 2> <Width = 8> <Depth = 49> <RAM>
ST_3 : Operation 123 [1/1] (0.00ns)   --->   "br label %4" [ADSD/Classifier.cpp:29]   --->   Operation 123 'br' <Predicate = (tmp_2)> <Delay = 0.00>
ST_3 : Operation 124 [1/1] (0.00ns)   --->   "%OP1_V_2_i_i = sext i8 %p_Result_2_i_i to i16" [ADSD/Classifier.cpp:31]   --->   Operation 124 'sext' 'OP1_V_2_i_i' <Predicate = (!exitcond1_i_i)> <Delay = 0.00>
ST_3 : Operation 125 [1/1] (4.17ns)   --->   "%r_V_2_i_i = mul i16 %OP1_V_2_i_i, %OP1_V_2_i_i" [ADSD/Classifier.cpp:31]   --->   Operation 125 'mul' 'r_V_2_i_i' <Predicate = (!exitcond1_i_i)> <Delay = 4.17> <Core = "Mul">   --->   Core 16 'Mul' <Latency = 0> <II = 1> <Delay = 4.17> <FuncUnit> <Opcode : 'mul'> <InPorts = 2> <OutPorts = 1>
ST_3 : Operation 126 [1/1] (0.00ns)   --->   "%p_Result_3_i_i = call i8 @_ssdm_op_PartSelect.i8.i64.i32.i32(i64 %tmp_data_V, i32 24, i32 31)" [ADSD/Classifier.cpp:28]   --->   Operation 126 'partselect' 'p_Result_3_i_i' <Predicate = (!exitcond1_i_i)> <Delay = 0.00>
ST_3 : Operation 127 [1/1] (0.00ns)   --->   "%x_local_3_V_addr = getelementptr [49 x i8]* %x_local_3_V, i64 0, i64 %newIndex1_i_i" [ADSD/Classifier.cpp:29]   --->   Operation 127 'getelementptr' 'x_local_3_V_addr' <Predicate = (!exitcond1_i_i)> <Delay = 0.00>
ST_3 : Operation 128 [1/1] (0.00ns)   --->   "%x_local_11_V_addr = getelementptr [49 x i8]* %x_local_11_V, i64 0, i64 %newIndex1_i_i" [ADSD/Classifier.cpp:29]   --->   Operation 128 'getelementptr' 'x_local_11_V_addr' <Predicate = (!exitcond1_i_i)> <Delay = 0.00>
ST_3 : Operation 129 [1/1] (2.32ns)   --->   "store i8 %p_Result_3_i_i, i8* %x_local_3_V_addr, align 1" [ADSD/Classifier.cpp:29]   --->   Operation 129 'store' <Predicate = (!tmp_2)> <Delay = 2.32> <Core = "RAM">   --->   Core 37 'RAM' <Latency = 1> <II = 1> <Delay = 2.32> <Storage> <Opcode : 'load' 'store'> <Ports = 2> <Width = 8> <Depth = 49> <RAM>
ST_3 : Operation 130 [1/1] (0.00ns)   --->   "br label %5" [ADSD/Classifier.cpp:29]   --->   Operation 130 'br' <Predicate = (!tmp_2)> <Delay = 0.00>
ST_3 : Operation 131 [1/1] (2.32ns)   --->   "store i8 %p_Result_3_i_i, i8* %x_local_11_V_addr, align 1" [ADSD/Classifier.cpp:29]   --->   Operation 131 'store' <Predicate = (tmp_2)> <Delay = 2.32> <Core = "RAM">   --->   Core 37 'RAM' <Latency = 1> <II = 1> <Delay = 2.32> <Storage> <Opcode : 'load' 'store'> <Ports = 2> <Width = 8> <Depth = 49> <RAM>
ST_3 : Operation 132 [1/1] (0.00ns)   --->   "br label %5" [ADSD/Classifier.cpp:29]   --->   Operation 132 'br' <Predicate = (tmp_2)> <Delay = 0.00>
ST_3 : Operation 133 [1/1] (0.00ns)   --->   "%OP1_V_3_i_i = sext i8 %p_Result_3_i_i to i16" [ADSD/Classifier.cpp:31]   --->   Operation 133 'sext' 'OP1_V_3_i_i' <Predicate = (!exitcond1_i_i)> <Delay = 0.00>
ST_3 : Operation 134 [1/1] (4.17ns)   --->   "%r_V_3_i_i = mul i16 %OP1_V_3_i_i, %OP1_V_3_i_i" [ADSD/Classifier.cpp:31]   --->   Operation 134 'mul' 'r_V_3_i_i' <Predicate = (!exitcond1_i_i)> <Delay = 4.17> <Core = "Mul">   --->   Core 16 'Mul' <Latency = 0> <II = 1> <Delay = 4.17> <FuncUnit> <Opcode : 'mul'> <InPorts = 2> <OutPorts = 1>
ST_3 : Operation 135 [1/1] (0.00ns)   --->   "%p_Result_4_i_i = call i8 @_ssdm_op_PartSelect.i8.i64.i32.i32(i64 %tmp_data_V, i32 32, i32 39)" [ADSD/Classifier.cpp:28]   --->   Operation 135 'partselect' 'p_Result_4_i_i' <Predicate = (!exitcond1_i_i)> <Delay = 0.00>
ST_3 : Operation 136 [1/1] (0.00ns)   --->   "%x_local_4_V_addr = getelementptr [49 x i8]* %x_local_4_V, i64 0, i64 %newIndex1_i_i" [ADSD/Classifier.cpp:29]   --->   Operation 136 'getelementptr' 'x_local_4_V_addr' <Predicate = (!exitcond1_i_i)> <Delay = 0.00>
ST_3 : Operation 137 [1/1] (0.00ns)   --->   "%x_local_12_V_addr = getelementptr [49 x i8]* %x_local_12_V, i64 0, i64 %newIndex1_i_i" [ADSD/Classifier.cpp:29]   --->   Operation 137 'getelementptr' 'x_local_12_V_addr' <Predicate = (!exitcond1_i_i)> <Delay = 0.00>
ST_3 : Operation 138 [1/1] (2.32ns)   --->   "store i8 %p_Result_4_i_i, i8* %x_local_4_V_addr, align 1" [ADSD/Classifier.cpp:29]   --->   Operation 138 'store' <Predicate = (!tmp_2)> <Delay = 2.32> <Core = "RAM">   --->   Core 37 'RAM' <Latency = 1> <II = 1> <Delay = 2.32> <Storage> <Opcode : 'load' 'store'> <Ports = 2> <Width = 8> <Depth = 49> <RAM>
ST_3 : Operation 139 [1/1] (0.00ns)   --->   "br label %6" [ADSD/Classifier.cpp:29]   --->   Operation 139 'br' <Predicate = (!tmp_2)> <Delay = 0.00>
ST_3 : Operation 140 [1/1] (2.32ns)   --->   "store i8 %p_Result_4_i_i, i8* %x_local_12_V_addr, align 1" [ADSD/Classifier.cpp:29]   --->   Operation 140 'store' <Predicate = (tmp_2)> <Delay = 2.32> <Core = "RAM">   --->   Core 37 'RAM' <Latency = 1> <II = 1> <Delay = 2.32> <Storage> <Opcode : 'load' 'store'> <Ports = 2> <Width = 8> <Depth = 49> <RAM>
ST_3 : Operation 141 [1/1] (0.00ns)   --->   "br label %6" [ADSD/Classifier.cpp:29]   --->   Operation 141 'br' <Predicate = (tmp_2)> <Delay = 0.00>
ST_3 : Operation 142 [1/1] (0.00ns)   --->   "%OP1_V_4_i_i = sext i8 %p_Result_4_i_i to i16" [ADSD/Classifier.cpp:31]   --->   Operation 142 'sext' 'OP1_V_4_i_i' <Predicate = (!exitcond1_i_i)> <Delay = 0.00>
ST_3 : Operation 143 [1/1] (4.17ns)   --->   "%r_V_4_i_i = mul i16 %OP1_V_4_i_i, %OP1_V_4_i_i" [ADSD/Classifier.cpp:31]   --->   Operation 143 'mul' 'r_V_4_i_i' <Predicate = (!exitcond1_i_i)> <Delay = 4.17> <Core = "Mul">   --->   Core 16 'Mul' <Latency = 0> <II = 1> <Delay = 4.17> <FuncUnit> <Opcode : 'mul'> <InPorts = 2> <OutPorts = 1>
ST_3 : Operation 144 [1/1] (0.00ns)   --->   "%tmp_9_4_i_i = call i24 @_ssdm_op_BitConcatenate.i24.i16.i8(i16 %r_V_4_i_i, i8 0)" [ADSD/Classifier.cpp:32]   --->   Operation 144 'bitconcatenate' 'tmp_9_4_i_i' <Predicate = (!exitcond1_i_i)> <Delay = 0.00>
ST_3 : Operation 145 [1/1] (0.00ns)   --->   "%p_Result_5_i_i = call i8 @_ssdm_op_PartSelect.i8.i64.i32.i32(i64 %tmp_data_V, i32 40, i32 47)" [ADSD/Classifier.cpp:28]   --->   Operation 145 'partselect' 'p_Result_5_i_i' <Predicate = (!exitcond1_i_i)> <Delay = 0.00>
ST_3 : Operation 146 [1/1] (0.00ns)   --->   "%x_local_5_V_addr = getelementptr [49 x i8]* %x_local_5_V, i64 0, i64 %newIndex1_i_i" [ADSD/Classifier.cpp:29]   --->   Operation 146 'getelementptr' 'x_local_5_V_addr' <Predicate = (!exitcond1_i_i)> <Delay = 0.00>
ST_3 : Operation 147 [1/1] (0.00ns)   --->   "%x_local_13_V_addr = getelementptr [49 x i8]* %x_local_13_V, i64 0, i64 %newIndex1_i_i" [ADSD/Classifier.cpp:29]   --->   Operation 147 'getelementptr' 'x_local_13_V_addr' <Predicate = (!exitcond1_i_i)> <Delay = 0.00>
ST_3 : Operation 148 [1/1] (2.32ns)   --->   "store i8 %p_Result_5_i_i, i8* %x_local_5_V_addr, align 1" [ADSD/Classifier.cpp:29]   --->   Operation 148 'store' <Predicate = (!tmp_2)> <Delay = 2.32> <Core = "RAM">   --->   Core 37 'RAM' <Latency = 1> <II = 1> <Delay = 2.32> <Storage> <Opcode : 'load' 'store'> <Ports = 2> <Width = 8> <Depth = 49> <RAM>
ST_3 : Operation 149 [1/1] (0.00ns)   --->   "br label %7" [ADSD/Classifier.cpp:29]   --->   Operation 149 'br' <Predicate = (!tmp_2)> <Delay = 0.00>
ST_3 : Operation 150 [1/1] (2.32ns)   --->   "store i8 %p_Result_5_i_i, i8* %x_local_13_V_addr, align 1" [ADSD/Classifier.cpp:29]   --->   Operation 150 'store' <Predicate = (tmp_2)> <Delay = 2.32> <Core = "RAM">   --->   Core 37 'RAM' <Latency = 1> <II = 1> <Delay = 2.32> <Storage> <Opcode : 'load' 'store'> <Ports = 2> <Width = 8> <Depth = 49> <RAM>
ST_3 : Operation 151 [1/1] (0.00ns)   --->   "br label %7" [ADSD/Classifier.cpp:29]   --->   Operation 151 'br' <Predicate = (tmp_2)> <Delay = 0.00>
ST_3 : Operation 152 [1/1] (0.00ns)   --->   "%OP1_V_5_i_i = sext i8 %p_Result_5_i_i to i16" [ADSD/Classifier.cpp:31]   --->   Operation 152 'sext' 'OP1_V_5_i_i' <Predicate = (!exitcond1_i_i)> <Delay = 0.00>
ST_3 : Operation 153 [1/1] (4.17ns)   --->   "%r_V_5_i_i = mul i16 %OP1_V_5_i_i, %OP1_V_5_i_i" [ADSD/Classifier.cpp:31]   --->   Operation 153 'mul' 'r_V_5_i_i' <Predicate = (!exitcond1_i_i)> <Delay = 4.17> <Core = "Mul">   --->   Core 16 'Mul' <Latency = 0> <II = 1> <Delay = 4.17> <FuncUnit> <Opcode : 'mul'> <InPorts = 2> <OutPorts = 1>
ST_3 : Operation 154 [1/1] (0.00ns)   --->   "%tmp_9_5_i_i = call i24 @_ssdm_op_BitConcatenate.i24.i16.i8(i16 %r_V_5_i_i, i8 0)" [ADSD/Classifier.cpp:32]   --->   Operation 154 'bitconcatenate' 'tmp_9_5_i_i' <Predicate = (!exitcond1_i_i)> <Delay = 0.00>
ST_3 : Operation 155 [1/1] (0.00ns)   --->   "%p_Result_6_i_i = call i8 @_ssdm_op_PartSelect.i8.i64.i32.i32(i64 %tmp_data_V, i32 48, i32 55)" [ADSD/Classifier.cpp:28]   --->   Operation 155 'partselect' 'p_Result_6_i_i' <Predicate = (!exitcond1_i_i)> <Delay = 0.00>
ST_3 : Operation 156 [1/1] (0.00ns)   --->   "%x_local_6_V_addr = getelementptr [49 x i8]* %x_local_6_V, i64 0, i64 %newIndex1_i_i" [ADSD/Classifier.cpp:29]   --->   Operation 156 'getelementptr' 'x_local_6_V_addr' <Predicate = (!exitcond1_i_i)> <Delay = 0.00>
ST_3 : Operation 157 [1/1] (0.00ns)   --->   "%x_local_14_V_addr = getelementptr [49 x i8]* %x_local_14_V, i64 0, i64 %newIndex1_i_i" [ADSD/Classifier.cpp:29]   --->   Operation 157 'getelementptr' 'x_local_14_V_addr' <Predicate = (!exitcond1_i_i)> <Delay = 0.00>
ST_3 : Operation 158 [1/1] (2.32ns)   --->   "store i8 %p_Result_6_i_i, i8* %x_local_6_V_addr, align 1" [ADSD/Classifier.cpp:29]   --->   Operation 158 'store' <Predicate = (!tmp_2)> <Delay = 2.32> <Core = "RAM">   --->   Core 37 'RAM' <Latency = 1> <II = 1> <Delay = 2.32> <Storage> <Opcode : 'load' 'store'> <Ports = 2> <Width = 8> <Depth = 49> <RAM>
ST_3 : Operation 159 [1/1] (0.00ns)   --->   "br label %8" [ADSD/Classifier.cpp:29]   --->   Operation 159 'br' <Predicate = (!tmp_2)> <Delay = 0.00>
ST_3 : Operation 160 [1/1] (2.32ns)   --->   "store i8 %p_Result_6_i_i, i8* %x_local_14_V_addr, align 1" [ADSD/Classifier.cpp:29]   --->   Operation 160 'store' <Predicate = (tmp_2)> <Delay = 2.32> <Core = "RAM">   --->   Core 37 'RAM' <Latency = 1> <II = 1> <Delay = 2.32> <Storage> <Opcode : 'load' 'store'> <Ports = 2> <Width = 8> <Depth = 49> <RAM>
ST_3 : Operation 161 [1/1] (0.00ns)   --->   "br label %8" [ADSD/Classifier.cpp:29]   --->   Operation 161 'br' <Predicate = (tmp_2)> <Delay = 0.00>
ST_3 : Operation 162 [1/1] (0.00ns)   --->   "%OP1_V_6_i_i = sext i8 %p_Result_6_i_i to i16" [ADSD/Classifier.cpp:31]   --->   Operation 162 'sext' 'OP1_V_6_i_i' <Predicate = (!exitcond1_i_i)> <Delay = 0.00>
ST_3 : Operation 163 [1/1] (4.17ns)   --->   "%r_V_6_i_i = mul i16 %OP1_V_6_i_i, %OP1_V_6_i_i" [ADSD/Classifier.cpp:31]   --->   Operation 163 'mul' 'r_V_6_i_i' <Predicate = (!exitcond1_i_i)> <Delay = 4.17> <Core = "Mul">   --->   Core 16 'Mul' <Latency = 0> <II = 1> <Delay = 4.17> <FuncUnit> <Opcode : 'mul'> <InPorts = 2> <OutPorts = 1>
ST_3 : Operation 164 [1/1] (0.00ns)   --->   "%p_Result_7_i_i = call i8 @_ssdm_op_PartSelect.i8.i64.i32.i32(i64 %tmp_data_V, i32 56, i32 63)" [ADSD/Classifier.cpp:28]   --->   Operation 164 'partselect' 'p_Result_7_i_i' <Predicate = (!exitcond1_i_i)> <Delay = 0.00>
ST_3 : Operation 165 [1/1] (0.00ns)   --->   "%x_local_7_V_addr = getelementptr [49 x i8]* %x_local_7_V, i64 0, i64 %newIndex1_i_i" [ADSD/Classifier.cpp:29]   --->   Operation 165 'getelementptr' 'x_local_7_V_addr' <Predicate = (!exitcond1_i_i)> <Delay = 0.00>
ST_3 : Operation 166 [1/1] (0.00ns)   --->   "%x_local_15_V_addr = getelementptr [49 x i8]* %x_local_15_V, i64 0, i64 %newIndex1_i_i" [ADSD/Classifier.cpp:29]   --->   Operation 166 'getelementptr' 'x_local_15_V_addr' <Predicate = (!exitcond1_i_i)> <Delay = 0.00>
ST_3 : Operation 167 [1/1] (2.32ns)   --->   "store i8 %p_Result_7_i_i, i8* %x_local_7_V_addr, align 1" [ADSD/Classifier.cpp:29]   --->   Operation 167 'store' <Predicate = (!tmp_2)> <Delay = 2.32> <Core = "RAM">   --->   Core 37 'RAM' <Latency = 1> <II = 1> <Delay = 2.32> <Storage> <Opcode : 'load' 'store'> <Ports = 2> <Width = 8> <Depth = 49> <RAM>
ST_3 : Operation 168 [1/1] (0.00ns)   --->   "br label %9" [ADSD/Classifier.cpp:29]   --->   Operation 168 'br' <Predicate = (!tmp_2)> <Delay = 0.00>
ST_3 : Operation 169 [1/1] (2.32ns)   --->   "store i8 %p_Result_7_i_i, i8* %x_local_15_V_addr, align 1" [ADSD/Classifier.cpp:29]   --->   Operation 169 'store' <Predicate = (tmp_2)> <Delay = 2.32> <Core = "RAM">   --->   Core 37 'RAM' <Latency = 1> <II = 1> <Delay = 2.32> <Storage> <Opcode : 'load' 'store'> <Ports = 2> <Width = 8> <Depth = 49> <RAM>
ST_3 : Operation 170 [1/1] (0.00ns)   --->   "br label %9" [ADSD/Classifier.cpp:29]   --->   Operation 170 'br' <Predicate = (tmp_2)> <Delay = 0.00>
ST_3 : Operation 171 [1/1] (0.00ns)   --->   "%OP1_V_7_i_i = sext i8 %p_Result_7_i_i to i16" [ADSD/Classifier.cpp:31]   --->   Operation 171 'sext' 'OP1_V_7_i_i' <Predicate = (!exitcond1_i_i)> <Delay = 0.00>
ST_3 : Operation 172 [1/1] (4.17ns)   --->   "%r_V_7_i_i = mul i16 %OP1_V_7_i_i, %OP1_V_7_i_i" [ADSD/Classifier.cpp:31]   --->   Operation 172 'mul' 'r_V_7_i_i' <Predicate = (!exitcond1_i_i)> <Delay = 4.17> <Core = "Mul">   --->   Core 16 'Mul' <Latency = 0> <II = 1> <Delay = 4.17> <FuncUnit> <Opcode : 'mul'> <InPorts = 2> <OutPorts = 1>
ST_3 : Operation 173 [1/1] (2.31ns)   --->   "%tmp1 = add i24 %tmp_9_1_i_i, %tmp_9_i_i" [ADSD/Classifier.cpp:32]   --->   Operation 173 'add' 'tmp1' <Predicate = (!exitcond1_i_i)> <Delay = 2.31> <Core = "AddSub">   --->   Core 14 'AddSub' <Latency = 0> <II = 1> <Delay = 2.31> <FuncUnit> <Opcode : 'add' 'sub'> <InPorts = 2> <OutPorts = 1>
ST_3 : Operation 174 [1/1] (2.31ns)   --->   "%tmp4 = add i24 %tmp_9_5_i_i, %tmp_9_4_i_i" [ADSD/Classifier.cpp:32]   --->   Operation 174 'add' 'tmp4' <Predicate = (!exitcond1_i_i)> <Delay = 2.31> <Core = "AddSub">   --->   Core 14 'AddSub' <Latency = 0> <II = 1> <Delay = 2.31> <FuncUnit> <Opcode : 'add' 'sub'> <InPorts = 2> <OutPorts = 1>

State 4 <SV = 3> <Delay = 8.27>
ST_4 : Operation 175 [1/1] (0.00ns)   --->   "%tmp_9_2_i_i = call i24 @_ssdm_op_BitConcatenate.i24.i16.i8(i16 %r_V_2_i_i, i8 0)" [ADSD/Classifier.cpp:32]   --->   Operation 175 'bitconcatenate' 'tmp_9_2_i_i' <Predicate = (!exitcond1_i_i)> <Delay = 0.00>
ST_4 : Operation 176 [1/1] (0.00ns)   --->   "%tmp_9_3_i_i = call i24 @_ssdm_op_BitConcatenate.i24.i16.i8(i16 %r_V_3_i_i, i8 0)" [ADSD/Classifier.cpp:32]   --->   Operation 176 'bitconcatenate' 'tmp_9_3_i_i' <Predicate = (!exitcond1_i_i)> <Delay = 0.00>
ST_4 : Operation 177 [1/1] (0.00ns)   --->   "%tmp_9_6_i_i = call i24 @_ssdm_op_BitConcatenate.i24.i16.i8(i16 %r_V_6_i_i, i8 0)" [ADSD/Classifier.cpp:32]   --->   Operation 177 'bitconcatenate' 'tmp_9_6_i_i' <Predicate = (!exitcond1_i_i)> <Delay = 0.00>
ST_4 : Operation 178 [1/1] (0.00ns)   --->   "%tmp_9_7_i_i = call i24 @_ssdm_op_BitConcatenate.i24.i16.i8(i16 %r_V_7_i_i, i8 0)" [ADSD/Classifier.cpp:32]   --->   Operation 178 'bitconcatenate' 'tmp_9_7_i_i' <Predicate = (!exitcond1_i_i)> <Delay = 0.00>
ST_4 : Operation 179 [1/1] (0.00ns) (grouped into TernaryAdder)   --->   "%tmp2 = add i24 %tmp_9_3_i_i, %tmp_9_2_i_i" [ADSD/Classifier.cpp:32]   --->   Operation 179 'add' 'tmp2' <Predicate = (!exitcond1_i_i)> <Delay = 0.00> <Core = "TAddSub">   --->   Core 80 'TAddSub' <Latency = 0> <II = 1> <Delay = 2.18> <IPBlock> <Opcode : 'add' 'sub'> <InPorts = 3> <OutPorts = 1> <Sync> <CReg>
ST_4 : Operation 180 [1/1] (4.13ns) (root node of TernaryAdder)   --->   "%tmp = add i24 %tmp1, %tmp2" [ADSD/Classifier.cpp:32]   --->   Operation 180 'add' 'tmp' <Predicate = (!exitcond1_i_i)> <Delay = 4.13> <Core = "TAddSub">   --->   Core 80 'TAddSub' <Latency = 0> <II = 1> <Delay = 2.18> <IPBlock> <Opcode : 'add' 'sub'> <InPorts = 3> <OutPorts = 1> <Sync> <CReg>
ST_4 : Operation 181 [1/1] (0.00ns) (grouped into TernaryAdder)   --->   "%tmp5 = add i24 %tmp_9_7_i_i, %tmp_9_6_i_i" [ADSD/Classifier.cpp:32]   --->   Operation 181 'add' 'tmp5' <Predicate = (!exitcond1_i_i)> <Delay = 0.00> <Core = "TAddSub">   --->   Core 80 'TAddSub' <Latency = 0> <II = 1> <Delay = 2.18> <IPBlock> <Opcode : 'add' 'sub'> <InPorts = 3> <OutPorts = 1> <Sync> <CReg>
ST_4 : Operation 182 [1/1] (4.13ns) (root node of TernaryAdder)   --->   "%tmp3 = add i24 %tmp4, %tmp5" [ADSD/Classifier.cpp:32]   --->   Operation 182 'add' 'tmp3' <Predicate = (!exitcond1_i_i)> <Delay = 4.13> <Core = "TAddSub">   --->   Core 80 'TAddSub' <Latency = 0> <II = 1> <Delay = 2.18> <IPBlock> <Opcode : 'add' 'sub'> <InPorts = 3> <OutPorts = 1> <Sync> <CReg>
ST_4 : Operation 183 [1/1] (0.00ns) (grouped into TernaryAdder)   --->   "%tmp_1 = add i24 %tmp, %tmp3" [ADSD/Classifier.cpp:32]   --->   Operation 183 'add' 'tmp_1' <Predicate = (!exitcond1_i_i)> <Delay = 0.00> <Core = "TAddSub">   --->   Core 80 'TAddSub' <Latency = 0> <II = 1> <Delay = 2.18> <IPBlock> <Opcode : 'add' 'sub'> <InPorts = 3> <OutPorts = 1> <Sync> <CReg>
ST_4 : Operation 184 [1/1] (4.13ns) (root node of TernaryAdder)   --->   "%p_Val2_4_7_i_i = add i24 %tmp_1, %calculated_norm_V" [ADSD/Classifier.cpp:32]   --->   Operation 184 'add' 'p_Val2_4_7_i_i' <Predicate = (!exitcond1_i_i)> <Delay = 4.13> <Core = "TAddSub">   --->   Core 80 'TAddSub' <Latency = 0> <II = 1> <Delay = 2.18> <IPBlock> <Opcode : 'add' 'sub'> <InPorts = 3> <OutPorts = 1> <Sync> <CReg>
ST_4 : Operation 185 [1/1] (0.00ns)   --->   "%empty_35 = call i32 (...)* @_ssdm_op_SpecRegionEnd([10 x i8]* @p_str5, i32 %tmp_i_i)" [ADSD/Classifier.cpp:34]   --->   Operation 185 'specregionend' 'empty_35' <Predicate = (!exitcond1_i_i)> <Delay = 0.00>
ST_4 : Operation 186 [1/1] (0.00ns)   --->   "br label %0" [ADSD/Classifier.cpp:17]   --->   Operation 186 'br' <Predicate = (!exitcond1_i_i)> <Delay = 0.00>

State 5 <SV = 2> <Delay = 0.00>
ST_5 : Operation 187 [1/1] (0.00ns)   --->   "ret i24 %calculated_norm_V" [ADSD/Classifier.cpp:32]   --->   Operation 187 'ret' <Predicate = true> <Delay = 0.00>


============================================================
+ Verbose Summary: Binding
============================================================
STG Binding: 
---------------- STG Properties BEGIN ----------------
- Is combinational: 0
- Is one-state seq: 0
- Is datapath-only: 0
- Is pipelined: 0
- Is top level: 0
Port [ Return ] is wired: 1; IO mode=ap_ctrl_hs:ce=0
Port [ in_stream_V_data_V]:  wired=1; compound=1; hidden=0; nouse=0; global=0; static=0; extern=0; dir=0; type=0; pingpong=0; private_global=0; IO mode=axis:ce=0
Port [ in_stream_V_keep_V]:  wired=1; compound=1; hidden=0; nouse=0; global=0; static=0; extern=0; dir=0; type=0; pingpong=0; private_global=0; IO mode=axis:ce=0
Port [ in_stream_V_strb_V]:  wired=1; compound=1; hidden=0; nouse=0; global=0; static=0; extern=0; dir=0; type=0; pingpong=0; private_global=0; IO mode=axis:ce=0
Port [ in_stream_V_user_V]:  wired=1; compound=1; hidden=0; nouse=0; global=0; static=0; extern=0; dir=0; type=0; pingpong=0; private_global=0; IO mode=axis:ce=0
Port [ in_stream_V_last_V]:  wired=1; compound=1; hidden=0; nouse=0; global=0; static=0; extern=0; dir=0; type=0; pingpong=0; private_global=0; IO mode=axis:ce=0
Port [ in_stream_V_id_V]:  wired=1; compound=1; hidden=0; nouse=0; global=0; static=0; extern=0; dir=0; type=0; pingpong=0; private_global=0; IO mode=axis:ce=0
Port [ in_stream_V_dest_V]:  wired=1; compound=1; hidden=0; nouse=0; global=0; static=0; extern=0; dir=0; type=0; pingpong=0; private_global=0; IO mode=axis:ce=0
Port [ x_local_0_V]:  wired=1; compound=1; hidden=0; nouse=0; global=0; static=0; extern=0; dir=1; type=1; pingpong=1; private_global=0; MemPort=[03]; IO mode=ap_memory:ce=0
Port [ x_local_1_V]:  wired=1; compound=1; hidden=0; nouse=0; global=0; static=0; extern=0; dir=1; type=1; pingpong=1; private_global=0; MemPort=[03]; IO mode=ap_memory:ce=0
Port [ x_local_2_V]:  wired=1; compound=1; hidden=0; nouse=0; global=0; static=0; extern=0; dir=1; type=1; pingpong=1; private_global=0; MemPort=[03]; IO mode=ap_memory:ce=0
Port [ x_local_3_V]:  wired=1; compound=1; hidden=0; nouse=0; global=0; static=0; extern=0; dir=1; type=1; pingpong=1; private_global=0; MemPort=[03]; IO mode=ap_memory:ce=0
Port [ x_local_4_V]:  wired=1; compound=1; hidden=0; nouse=0; global=0; static=0; extern=0; dir=1; type=1; pingpong=1; private_global=0; MemPort=[03]; IO mode=ap_memory:ce=0
Port [ x_local_5_V]:  wired=1; compound=1; hidden=0; nouse=0; global=0; static=0; extern=0; dir=1; type=1; pingpong=1; private_global=0; MemPort=[03]; IO mode=ap_memory:ce=0
Port [ x_local_6_V]:  wired=1; compound=1; hidden=0; nouse=0; global=0; static=0; extern=0; dir=1; type=1; pingpong=1; private_global=0; MemPort=[03]; IO mode=ap_memory:ce=0
Port [ x_local_7_V]:  wired=1; compound=1; hidden=0; nouse=0; global=0; static=0; extern=0; dir=1; type=1; pingpong=1; private_global=0; MemPort=[03]; IO mode=ap_memory:ce=0
Port [ x_local_8_V]:  wired=1; compound=1; hidden=0; nouse=0; global=0; static=0; extern=0; dir=1; type=1; pingpong=1; private_global=0; MemPort=[03]; IO mode=ap_memory:ce=0
Port [ x_local_9_V]:  wired=1; compound=1; hidden=0; nouse=0; global=0; static=0; extern=0; dir=1; type=1; pingpong=1; private_global=0; MemPort=[03]; IO mode=ap_memory:ce=0
Port [ x_local_10_V]:  wired=1; compound=1; hidden=0; nouse=0; global=0; static=0; extern=0; dir=1; type=1; pingpong=1; private_global=0; MemPort=[03]; IO mode=ap_memory:ce=0
Port [ x_local_11_V]:  wired=1; compound=1; hidden=0; nouse=0; global=0; static=0; extern=0; dir=1; type=1; pingpong=1; private_global=0; MemPort=[03]; IO mode=ap_memory:ce=0
Port [ x_local_12_V]:  wired=1; compound=1; hidden=0; nouse=0; global=0; static=0; extern=0; dir=1; type=1; pingpong=1; private_global=0; MemPort=[03]; IO mode=ap_memory:ce=0
Port [ x_local_13_V]:  wired=1; compound=1; hidden=0; nouse=0; global=0; static=0; extern=0; dir=1; type=1; pingpong=1; private_global=0; MemPort=[03]; IO mode=ap_memory:ce=0
Port [ x_local_14_V]:  wired=1; compound=1; hidden=0; nouse=0; global=0; static=0; extern=0; dir=1; type=1; pingpong=1; private_global=0; MemPort=[03]; IO mode=ap_memory:ce=0
Port [ x_local_15_V]:  wired=1; compound=1; hidden=0; nouse=0; global=0; static=0; extern=0; dir=1; type=1; pingpong=1; private_global=0; MemPort=[03]; IO mode=ap_memory:ce=0
Port [ n_0_i_i]:  wired=1; compound=0; hidden=0; nouse=0; global=0; static=0; extern=0; dir=0; type=0; pingpong=0; private_global=0; IO mode=ap_none:ce=0
Port [ n_0_i_i_out]:  wired=1; compound=1; hidden=0; nouse=0; global=0; static=0; extern=0; dir=1; type=3; pingpong=0; private_global=0; IO mode=ap_fifo:ce=0
---------------- STG Properties END ------------------

---------------- Datapath Model BEGIN ----------------

<LifeTime>
<method=bitvector/>
n_0_i_i_read      (read             ) [ 000000]
StgValue_7        (specinterface    ) [ 000000]
StgValue_8        (specinterface    ) [ 000000]
StgValue_9        (specinterface    ) [ 000000]
StgValue_10       (specinterface    ) [ 000000]
StgValue_11       (specinterface    ) [ 000000]
StgValue_12       (specinterface    ) [ 000000]
StgValue_13       (specinterface    ) [ 000000]
StgValue_14       (specinterface    ) [ 000000]
StgValue_15       (specinterface    ) [ 000000]
StgValue_16       (specinterface    ) [ 000000]
StgValue_17       (specinterface    ) [ 000000]
StgValue_18       (specinterface    ) [ 000000]
StgValue_19       (specinterface    ) [ 000000]
StgValue_20       (specinterface    ) [ 000000]
StgValue_21       (specinterface    ) [ 000000]
StgValue_22       (specinterface    ) [ 000000]
StgValue_23       (specinterface    ) [ 000000]
StgValue_24       (specinterface    ) [ 000000]
StgValue_25       (specinterface    ) [ 000000]
StgValue_26       (specinterface    ) [ 000000]
StgValue_27       (specinterface    ) [ 000000]
StgValue_28       (specinterface    ) [ 000000]
StgValue_29       (specinterface    ) [ 000000]
StgValue_30       (specinterface    ) [ 000000]
StgValue_31       (specinterface    ) [ 000000]
StgValue_32       (specinterface    ) [ 000000]
StgValue_33       (specinterface    ) [ 000000]
StgValue_34       (specinterface    ) [ 000000]
StgValue_35       (specinterface    ) [ 000000]
StgValue_36       (specinterface    ) [ 000000]
StgValue_37       (specinterface    ) [ 000000]
StgValue_38       (specinterface    ) [ 000000]
StgValue_39       (specinterface    ) [ 000000]
StgValue_40       (specinterface    ) [ 000000]
StgValue_41       (specinterface    ) [ 000000]
StgValue_42       (specinterface    ) [ 000000]
StgValue_43       (specinterface    ) [ 000000]
StgValue_44       (specinterface    ) [ 000000]
StgValue_45       (specinterface    ) [ 000000]
StgValue_46       (specinterface    ) [ 000000]
StgValue_47       (specinterface    ) [ 000000]
StgValue_48       (specinterface    ) [ 000000]
StgValue_49       (specinterface    ) [ 000000]
StgValue_50       (specinterface    ) [ 000000]
StgValue_51       (specinterface    ) [ 000000]
StgValue_52       (specinterface    ) [ 000000]
StgValue_53       (specinterface    ) [ 000000]
StgValue_54       (specinterface    ) [ 000000]
StgValue_55       (specinterface    ) [ 000000]
StgValue_56       (specinterface    ) [ 000000]
StgValue_57       (specinterface    ) [ 000000]
StgValue_58       (specinterface    ) [ 000000]
StgValue_59       (specinterface    ) [ 000000]
StgValue_60       (specinterface    ) [ 000000]
StgValue_61       (specinterface    ) [ 000000]
StgValue_62       (specinterface    ) [ 000000]
StgValue_63       (specinterface    ) [ 000000]
StgValue_64       (write            ) [ 000000]
StgValue_65       (specinterface    ) [ 000000]
StgValue_66       (specinterface    ) [ 000000]
StgValue_67       (specinterface    ) [ 000000]
StgValue_68       (specinterface    ) [ 000000]
StgValue_69       (specinterface    ) [ 000000]
StgValue_70       (specinterface    ) [ 000000]
StgValue_71       (specinterface    ) [ 000000]
StgValue_72       (specinterface    ) [ 000000]
StgValue_73       (br               ) [ 011110]
calculated_norm_V (phi              ) [ 001111]
i_i_i             (phi              ) [ 001000]
exitcond1_i_i     (icmp             ) [ 001110]
empty             (speclooptripcount) [ 000000]
i                 (add              ) [ 011110]
StgValue_79       (br               ) [ 000000]
tmp_2             (trunc            ) [ 001100]
tmp_2_cast_i_i    (partselect       ) [ 001100]
StgValue_83       (br               ) [ 000000]
StgValue_84       (br               ) [ 000000]
StgValue_85       (br               ) [ 000000]
StgValue_86       (br               ) [ 000000]
StgValue_87       (br               ) [ 000000]
StgValue_88       (br               ) [ 000000]
StgValue_89       (br               ) [ 000000]
StgValue_90       (br               ) [ 000000]
StgValue_91       (specloopname     ) [ 000000]
tmp_i_i           (specregionbegin  ) [ 001010]
StgValue_93       (specpipeline     ) [ 000000]
empty_34          (read             ) [ 000000]
tmp_data_V        (extractvalue     ) [ 000000]
tmp_3             (trunc            ) [ 000000]
newIndex1_i_i     (zext             ) [ 000000]
x_local_0_V_addr  (getelementptr    ) [ 000000]
x_local_8_V_addr  (getelementptr    ) [ 000000]
StgValue_100      (store            ) [ 000000]
StgValue_101      (br               ) [ 000000]
StgValue_102      (store            ) [ 000000]
StgValue_103      (br               ) [ 000000]
OP1_V_i_i         (sext             ) [ 000000]
r_V_i_i           (mul              ) [ 000000]
tmp_9_i_i         (bitconcatenate   ) [ 000000]
p_Result_1_i_i    (partselect       ) [ 000000]
x_local_1_V_addr  (getelementptr    ) [ 000000]
x_local_9_V_addr  (getelementptr    ) [ 000000]
StgValue_110      (store            ) [ 000000]
StgValue_111      (br               ) [ 000000]
StgValue_112      (store            ) [ 000000]
StgValue_113      (br               ) [ 000000]
OP1_V_1_i_i       (sext             ) [ 000000]
r_V_1_i_i         (mul              ) [ 000000]
tmp_9_1_i_i       (bitconcatenate   ) [ 000000]
p_Result_2_i_i    (partselect       ) [ 000000]
x_local_2_V_addr  (getelementptr    ) [ 000000]
x_local_10_V_addr (getelementptr    ) [ 000000]
StgValue_120      (store            ) [ 000000]
StgValue_121      (br               ) [ 000000]
StgValue_122      (store            ) [ 000000]
StgValue_123      (br               ) [ 000000]
OP1_V_2_i_i       (sext             ) [ 000000]
r_V_2_i_i         (mul              ) [ 001010]
p_Result_3_i_i    (partselect       ) [ 000000]
x_local_3_V_addr  (getelementptr    ) [ 000000]
x_local_11_V_addr (getelementptr    ) [ 000000]
StgValue_129      (store            ) [ 000000]
StgValue_130      (br               ) [ 000000]
StgValue_131      (store            ) [ 000000]
StgValue_132      (br               ) [ 000000]
OP1_V_3_i_i       (sext             ) [ 000000]
r_V_3_i_i         (mul              ) [ 001010]
p_Result_4_i_i    (partselect       ) [ 000000]
x_local_4_V_addr  (getelementptr    ) [ 000000]
x_local_12_V_addr (getelementptr    ) [ 000000]
StgValue_138      (store            ) [ 000000]
StgValue_139      (br               ) [ 000000]
StgValue_140      (store            ) [ 000000]
StgValue_141      (br               ) [ 000000]
OP1_V_4_i_i       (sext             ) [ 000000]
r_V_4_i_i         (mul              ) [ 000000]
tmp_9_4_i_i       (bitconcatenate   ) [ 000000]
p_Result_5_i_i    (partselect       ) [ 000000]
x_local_5_V_addr  (getelementptr    ) [ 000000]
x_local_13_V_addr (getelementptr    ) [ 000000]
StgValue_148      (store            ) [ 000000]
StgValue_149      (br               ) [ 000000]
StgValue_150      (store            ) [ 000000]
StgValue_151      (br               ) [ 000000]
OP1_V_5_i_i       (sext             ) [ 000000]
r_V_5_i_i         (mul              ) [ 000000]
tmp_9_5_i_i       (bitconcatenate   ) [ 000000]
p_Result_6_i_i    (partselect       ) [ 000000]
x_local_6_V_addr  (getelementptr    ) [ 000000]
x_local_14_V_addr (getelementptr    ) [ 000000]
StgValue_158      (store            ) [ 000000]
StgValue_159      (br               ) [ 000000]
StgValue_160      (store            ) [ 000000]
StgValue_161      (br               ) [ 000000]
OP1_V_6_i_i       (sext             ) [ 000000]
r_V_6_i_i         (mul              ) [ 001010]
p_Result_7_i_i    (partselect       ) [ 000000]
x_local_7_V_addr  (getelementptr    ) [ 000000]
x_local_15_V_addr (getelementptr    ) [ 000000]
StgValue_167      (store            ) [ 000000]
StgValue_168      (br               ) [ 000000]
StgValue_169      (store            ) [ 000000]
StgValue_170      (br               ) [ 000000]
OP1_V_7_i_i       (sext             ) [ 000000]
r_V_7_i_i         (mul              ) [ 001010]
tmp1              (add              ) [ 001010]
tmp4              (add              ) [ 001010]
tmp_9_2_i_i       (bitconcatenate   ) [ 000000]
tmp_9_3_i_i       (bitconcatenate   ) [ 000000]
tmp_9_6_i_i       (bitconcatenate   ) [ 000000]
tmp_9_7_i_i       (bitconcatenate   ) [ 000000]
tmp2              (add              ) [ 000000]
tmp               (add              ) [ 000000]
tmp5              (add              ) [ 000000]
tmp3              (add              ) [ 000000]
tmp_1             (add              ) [ 000000]
p_Val2_4_7_i_i    (add              ) [ 011110]
empty_35          (specregionend    ) [ 000000]
StgValue_186      (br               ) [ 011110]
StgValue_187      (ret              ) [ 000000]
</LifeTime>

<model>

<comp_list>
<comp id="0" class="1000" name="in_stream_V_data_V">
<pin_list>
<pin id="1" dir="1" index="0" bw="1" slack="0"/>
</pin_list>
<bind>
<StgValue><ssdm name="in_stream_V_data_V"/></StgValue>
</bind>
</comp>

<comp id="2" class="1000" name="in_stream_V_keep_V">
<pin_list>
<pin id="3" dir="1" index="0" bw="1" slack="0"/>
</pin_list>
<bind>
<StgValue><ssdm name="in_stream_V_keep_V"/></StgValue>
</bind>
</comp>

<comp id="4" class="1000" name="in_stream_V_strb_V">
<pin_list>
<pin id="5" dir="1" index="0" bw="1" slack="0"/>
</pin_list>
<bind>
<StgValue><ssdm name="in_stream_V_strb_V"/></StgValue>
</bind>
</comp>

<comp id="6" class="1000" name="in_stream_V_user_V">
<pin_list>
<pin id="7" dir="1" index="0" bw="1" slack="0"/>
</pin_list>
<bind>
<StgValue><ssdm name="in_stream_V_user_V"/></StgValue>
</bind>
</comp>

<comp id="8" class="1000" name="in_stream_V_last_V">
<pin_list>
<pin id="9" dir="1" index="0" bw="1" slack="0"/>
</pin_list>
<bind>
<StgValue><ssdm name="in_stream_V_last_V"/></StgValue>
</bind>
</comp>

<comp id="10" class="1000" name="in_stream_V_id_V">
<pin_list>
<pin id="11" dir="1" index="0" bw="1" slack="0"/>
</pin_list>
<bind>
<StgValue><ssdm name="in_stream_V_id_V"/></StgValue>
</bind>
</comp>

<comp id="12" class="1000" name="in_stream_V_dest_V">
<pin_list>
<pin id="13" dir="1" index="0" bw="1" slack="0"/>
</pin_list>
<bind>
<StgValue><ssdm name="in_stream_V_dest_V"/></StgValue>
</bind>
</comp>

<comp id="14" class="1000" name="x_local_0_V">
<pin_list>
<pin id="15" dir="1" index="0" bw="1" slack="0"/>
</pin_list>
<bind>
<StgValue><ssdm name="x_local_0_V"/><MemPortTyVec>0 3 </MemPortTyVec>
</StgValue>
</bind>
</comp>

<comp id="16" class="1000" name="x_local_1_V">
<pin_list>
<pin id="17" dir="1" index="0" bw="1" slack="0"/>
</pin_list>
<bind>
<StgValue><ssdm name="x_local_1_V"/><MemPortTyVec>0 3 </MemPortTyVec>
</StgValue>
</bind>
</comp>

<comp id="18" class="1000" name="x_local_2_V">
<pin_list>
<pin id="19" dir="1" index="0" bw="1" slack="0"/>
</pin_list>
<bind>
<StgValue><ssdm name="x_local_2_V"/><MemPortTyVec>0 3 </MemPortTyVec>
</StgValue>
</bind>
</comp>

<comp id="20" class="1000" name="x_local_3_V">
<pin_list>
<pin id="21" dir="1" index="0" bw="1" slack="0"/>
</pin_list>
<bind>
<StgValue><ssdm name="x_local_3_V"/><MemPortTyVec>0 3 </MemPortTyVec>
</StgValue>
</bind>
</comp>

<comp id="22" class="1000" name="x_local_4_V">
<pin_list>
<pin id="23" dir="1" index="0" bw="1" slack="0"/>
</pin_list>
<bind>
<StgValue><ssdm name="x_local_4_V"/><MemPortTyVec>0 3 </MemPortTyVec>
</StgValue>
</bind>
</comp>

<comp id="24" class="1000" name="x_local_5_V">
<pin_list>
<pin id="25" dir="1" index="0" bw="1" slack="0"/>
</pin_list>
<bind>
<StgValue><ssdm name="x_local_5_V"/><MemPortTyVec>0 3 </MemPortTyVec>
</StgValue>
</bind>
</comp>

<comp id="26" class="1000" name="x_local_6_V">
<pin_list>
<pin id="27" dir="1" index="0" bw="1" slack="0"/>
</pin_list>
<bind>
<StgValue><ssdm name="x_local_6_V"/><MemPortTyVec>0 3 </MemPortTyVec>
</StgValue>
</bind>
</comp>

<comp id="28" class="1000" name="x_local_7_V">
<pin_list>
<pin id="29" dir="1" index="0" bw="1" slack="0"/>
</pin_list>
<bind>
<StgValue><ssdm name="x_local_7_V"/><MemPortTyVec>0 3 </MemPortTyVec>
</StgValue>
</bind>
</comp>

<comp id="30" class="1000" name="x_local_8_V">
<pin_list>
<pin id="31" dir="1" index="0" bw="1" slack="0"/>
</pin_list>
<bind>
<StgValue><ssdm name="x_local_8_V"/><MemPortTyVec>0 3 </MemPortTyVec>
</StgValue>
</bind>
</comp>

<comp id="32" class="1000" name="x_local_9_V">
<pin_list>
<pin id="33" dir="1" index="0" bw="1" slack="0"/>
</pin_list>
<bind>
<StgValue><ssdm name="x_local_9_V"/><MemPortTyVec>0 3 </MemPortTyVec>
</StgValue>
</bind>
</comp>

<comp id="34" class="1000" name="x_local_10_V">
<pin_list>
<pin id="35" dir="1" index="0" bw="1" slack="0"/>
</pin_list>
<bind>
<StgValue><ssdm name="x_local_10_V"/><MemPortTyVec>0 3 </MemPortTyVec>
</StgValue>
</bind>
</comp>

<comp id="36" class="1000" name="x_local_11_V">
<pin_list>
<pin id="37" dir="1" index="0" bw="1" slack="0"/>
</pin_list>
<bind>
<StgValue><ssdm name="x_local_11_V"/><MemPortTyVec>0 3 </MemPortTyVec>
</StgValue>
</bind>
</comp>

<comp id="38" class="1000" name="x_local_12_V">
<pin_list>
<pin id="39" dir="1" index="0" bw="1" slack="0"/>
</pin_list>
<bind>
<StgValue><ssdm name="x_local_12_V"/><MemPortTyVec>0 3 </MemPortTyVec>
</StgValue>
</bind>
</comp>

<comp id="40" class="1000" name="x_local_13_V">
<pin_list>
<pin id="41" dir="1" index="0" bw="1" slack="0"/>
</pin_list>
<bind>
<StgValue><ssdm name="x_local_13_V"/><MemPortTyVec>0 3 </MemPortTyVec>
</StgValue>
</bind>
</comp>

<comp id="42" class="1000" name="x_local_14_V">
<pin_list>
<pin id="43" dir="1" index="0" bw="1" slack="0"/>
</pin_list>
<bind>
<StgValue><ssdm name="x_local_14_V"/><MemPortTyVec>0 3 </MemPortTyVec>
</StgValue>
</bind>
</comp>

<comp id="44" class="1000" name="x_local_15_V">
<pin_list>
<pin id="45" dir="1" index="0" bw="1" slack="0"/>
</pin_list>
<bind>
<StgValue><ssdm name="x_local_15_V"/><MemPortTyVec>0 3 </MemPortTyVec>
</StgValue>
</bind>
</comp>

<comp id="46" class="1000" name="n_0_i_i">
<pin_list>
<pin id="47" dir="1" index="0" bw="1" slack="0"/>
</pin_list>
<bind>
<StgValue><ssdm name="n_0_i_i"/></StgValue>
</bind>
</comp>

<comp id="48" class="1000" name="n_0_i_i_out">
<pin_list>
<pin id="49" dir="1" index="0" bw="1" slack="0"/>
</pin_list>
<bind>
<StgValue><ssdm name="n_0_i_i_out"/></StgValue>
</bind>
</comp>

<comp id="50" class="1001" name="const_50">
<pin_list>
<pin id="51" dir="1" index="0" bw="1" slack="0"/>
</pin_list>
<bind>
<StgValue><ssdm name="_ssdm_op_Read.ap_auto.i12"/></StgValue>
</bind>
</comp>

<comp id="52" class="1001" name="const_52">
<pin_list>
<pin id="53" dir="1" index="0" bw="1" slack="2147483647"/>
</pin_list>
<bind>
<StgValue><ssdm name="_ssdm_op_SpecInterface"/></StgValue>
</bind>
</comp>

<comp id="54" class="1001" name="const_54">
<pin_list>
<pin id="55" dir="1" index="0" bw="1" slack="2147483647"/>
</pin_list>
<bind>
<StgValue><ssdm name="p_str15"/></StgValue>
</bind>
</comp>

<comp id="56" class="1001" name="const_56">
<pin_list>
<pin id="57" dir="1" index="0" bw="1" slack="0"/>
</pin_list>
<bind>
<StgValue><ssdm name=""/></StgValue>
</bind>
</comp>

<comp id="58" class="1001" name="const_58">
<pin_list>
<pin id="59" dir="1" index="0" bw="1" slack="2147483647"/>
</pin_list>
<bind>
<StgValue><ssdm name="p_str16"/></StgValue>
</bind>
</comp>

<comp id="60" class="1001" name="const_60">
<pin_list>
<pin id="61" dir="1" index="0" bw="1" slack="2147483647"/>
</pin_list>
<bind>
<StgValue><ssdm name=""/></StgValue>
</bind>
</comp>

<comp id="62" class="1001" name="const_62">
<pin_list>
<pin id="63" dir="1" index="0" bw="1" slack="2147483647"/>
</pin_list>
<bind>
<StgValue><ssdm name="p_str"/></StgValue>
</bind>
</comp>

<comp id="64" class="1001" name="const_64">
<pin_list>
<pin id="65" dir="1" index="0" bw="1" slack="2147483647"/>
</pin_list>
<bind>
<StgValue><ssdm name="ap_fifo_str"/></StgValue>
</bind>
</comp>

<comp id="66" class="1001" name="const_66">
<pin_list>
<pin id="67" dir="1" index="0" bw="1" slack="2147483647"/>
</pin_list>
<bind>
<StgValue><ssdm name=""/></StgValue>
</bind>
</comp>

<comp id="68" class="1001" name="const_68">
<pin_list>
<pin id="69" dir="1" index="0" bw="1" slack="0"/>
</pin_list>
<bind>
<StgValue><ssdm name=""/></StgValue>
</bind>
</comp>

<comp id="70" class="1001" name="const_70">
<pin_list>
<pin id="71" dir="1" index="0" bw="1" slack="0"/>
</pin_list>
<bind>
<StgValue><ssdm name="_ssdm_op_Write.ap_fifo.i12P"/></StgValue>
</bind>
</comp>

<comp id="72" class="1001" name="const_72">
<pin_list>
<pin id="73" dir="1" index="0" bw="1" slack="1"/>
</pin_list>
<bind>
<StgValue><ssdm name=""/></StgValue>
</bind>
</comp>

<comp id="74" class="1001" name="const_74">
<pin_list>
<pin id="75" dir="1" index="0" bw="1" slack="1"/>
</pin_list>
<bind>
<StgValue><ssdm name=""/></StgValue>
</bind>
</comp>

<comp id="76" class="1001" name="const_76">
<pin_list>
<pin id="77" dir="1" index="0" bw="1" slack="0"/>
</pin_list>
<bind>
<StgValue><ssdm name=""/></StgValue>
</bind>
</comp>

<comp id="78" class="1001" name="const_78">
<pin_list>
<pin id="79" dir="1" index="0" bw="1" slack="2147483647"/>
</pin_list>
<bind>
<StgValue><ssdm name="_ssdm_op_SpecLoopTripCount"/></StgValue>
</bind>
</comp>

<comp id="80" class="1001" name="const_80">
<pin_list>
<pin id="81" dir="1" index="0" bw="1" slack="2147483647"/>
</pin_list>
<bind>
<StgValue><ssdm name=""/></StgValue>
</bind>
</comp>

<comp id="82" class="1001" name="const_82">
<pin_list>
<pin id="83" dir="1" index="0" bw="1" slack="0"/>
</pin_list>
<bind>
<StgValue><ssdm name=""/></StgValue>
</bind>
</comp>

<comp id="84" class="1001" name="const_84">
<pin_list>
<pin id="85" dir="1" index="0" bw="1" slack="0"/>
</pin_list>
<bind>
<StgValue><ssdm name="_ssdm_op_Read.axis.volatile.i64P.i8P.i8P.i1P.i1P.i1P.i1P"/></StgValue>
</bind>
</comp>

<comp id="86" class="1001" name="const_86">
<pin_list>
<pin id="87" dir="1" index="0" bw="1" slack="0"/>
</pin_list>
<bind>
<StgValue><ssdm name="_ssdm_op_PartSelect.i6.i7.i32.i32"/></StgValue>
</bind>
</comp>

<comp id="88" class="1001" name="const_88">
<pin_list>
<pin id="89" dir="1" index="0" bw="1" slack="0"/>
</pin_list>
<bind>
<StgValue><ssdm name=""/></StgValue>
</bind>
</comp>

<comp id="90" class="1001" name="const_90">
<pin_list>
<pin id="91" dir="1" index="0" bw="1" slack="2147483647"/>
</pin_list>
<bind>
<StgValue><ssdm name="_ssdm_op_SpecLoopName"/></StgValue>
</bind>
</comp>

<comp id="92" class="1001" name="const_92">
<pin_list>
<pin id="93" dir="1" index="0" bw="1" slack="2147483647"/>
</pin_list>
<bind>
<StgValue><ssdm name="p_str5"/></StgValue>
</bind>
</comp>

<comp id="94" class="1001" name="const_94">
<pin_list>
<pin id="95" dir="1" index="0" bw="1" slack="2147483647"/>
</pin_list>
<bind>
<StgValue><ssdm name="_ssdm_op_SpecRegionBegin"/></StgValue>
</bind>
</comp>

<comp id="96" class="1001" name="const_96">
<pin_list>
<pin id="97" dir="1" index="0" bw="1" slack="2147483647"/>
</pin_list>
<bind>
<StgValue><ssdm name="_ssdm_op_SpecPipeline"/></StgValue>
</bind>
</comp>

<comp id="98" class="1001" name="const_98">
<pin_list>
<pin id="99" dir="1" index="0" bw="1" slack="0"/>
</pin_list>
<bind>
<StgValue><ssdm name=""/></StgValue>
</bind>
</comp>

<comp id="100" class="1001" name="const_100">
<pin_list>
<pin id="101" dir="1" index="0" bw="1" slack="0"/>
</pin_list>
<bind>
<StgValue><ssdm name="_ssdm_op_BitConcatenate.i24.i16.i8"/></StgValue>
</bind>
</comp>

<comp id="102" class="1001" name="const_102">
<pin_list>
<pin id="103" dir="1" index="0" bw="1" slack="0"/>
</pin_list>
<bind>
<StgValue><ssdm name=""/></StgValue>
</bind>
</comp>

<comp id="104" class="1001" name="const_104">
<pin_list>
<pin id="105" dir="1" index="0" bw="1" slack="0"/>
</pin_list>
<bind>
<StgValue><ssdm name="_ssdm_op_PartSelect.i8.i64.i32.i32"/></StgValue>
</bind>
</comp>

<comp id="106" class="1001" name="const_106">
<pin_list>
<pin id="107" dir="1" index="0" bw="1" slack="0"/>
</pin_list>
<bind>
<StgValue><ssdm name=""/></StgValue>
</bind>
</comp>

<comp id="108" class="1001" name="const_108">
<pin_list>
<pin id="109" dir="1" index="0" bw="1" slack="0"/>
</pin_list>
<bind>
<StgValue><ssdm name=""/></StgValue>
</bind>
</comp>

<comp id="110" class="1001" name="const_110">
<pin_list>
<pin id="111" dir="1" index="0" bw="1" slack="0"/>
</pin_list>
<bind>
<StgValue><ssdm name=""/></StgValue>
</bind>
</comp>

<comp id="112" class="1001" name="const_112">
<pin_list>
<pin id="113" dir="1" index="0" bw="1" slack="0"/>
</pin_list>
<bind>
<StgValue><ssdm name=""/></StgValue>
</bind>
</comp>

<comp id="114" class="1001" name="const_114">
<pin_list>
<pin id="115" dir="1" index="0" bw="1" slack="0"/>
</pin_list>
<bind>
<StgValue><ssdm name=""/></StgValue>
</bind>
</comp>

<comp id="116" class="1001" name="const_116">
<pin_list>
<pin id="117" dir="1" index="0" bw="1" slack="0"/>
</pin_list>
<bind>
<StgValue><ssdm name=""/></StgValue>
</bind>
</comp>

<comp id="118" class="1001" name="const_118">
<pin_list>
<pin id="119" dir="1" index="0" bw="1" slack="0"/>
</pin_list>
<bind>
<StgValue><ssdm name=""/></StgValue>
</bind>
</comp>

<comp id="120" class="1001" name="const_120">
<pin_list>
<pin id="121" dir="1" index="0" bw="1" slack="0"/>
</pin_list>
<bind>
<StgValue><ssdm name=""/></StgValue>
</bind>
</comp>

<comp id="122" class="1001" name="const_122">
<pin_list>
<pin id="123" dir="1" index="0" bw="1" slack="0"/>
</pin_list>
<bind>
<StgValue><ssdm name=""/></StgValue>
</bind>
</comp>

<comp id="124" class="1001" name="const_124">
<pin_list>
<pin id="125" dir="1" index="0" bw="1" slack="0"/>
</pin_list>
<bind>
<StgValue><ssdm name=""/></StgValue>
</bind>
</comp>

<comp id="126" class="1001" name="const_126">
<pin_list>
<pin id="127" dir="1" index="0" bw="1" slack="0"/>
</pin_list>
<bind>
<StgValue><ssdm name=""/></StgValue>
</bind>
</comp>

<comp id="128" class="1001" name="const_128">
<pin_list>
<pin id="129" dir="1" index="0" bw="1" slack="0"/>
</pin_list>
<bind>
<StgValue><ssdm name=""/></StgValue>
</bind>
</comp>

<comp id="130" class="1001" name="const_130">
<pin_list>
<pin id="131" dir="1" index="0" bw="1" slack="0"/>
</pin_list>
<bind>
<StgValue><ssdm name=""/></StgValue>
</bind>
</comp>

<comp id="132" class="1001" name="const_132">
<pin_list>
<pin id="133" dir="1" index="0" bw="1" slack="2147483647"/>
</pin_list>
<bind>
<StgValue><ssdm name="_ssdm_op_SpecRegionEnd"/></StgValue>
</bind>
</comp>

<comp id="134" class="1004" name="n_0_i_i_read_read_fu_134">
<pin_list>
<pin id="135" dir="0" index="0" bw="12" slack="0"/>
<pin id="136" dir="0" index="1" bw="12" slack="0"/>
<pin id="137" dir="1" index="2" bw="12" slack="0"/>
</pin_list>
<bind>
<opcode="read(1150) " fcode="read"/>
<opset="n_0_i_i_read/1 "/>
</bind>
</comp>

<comp id="140" class="1004" name="StgValue_64_write_fu_140">
<pin_list>
<pin id="141" dir="0" index="0" bw="0" slack="0"/>
<pin id="142" dir="0" index="1" bw="12" slack="0"/>
<pin id="143" dir="0" index="2" bw="12" slack="0"/>
<pin id="144" dir="1" index="3" bw="0" slack="2147483647"/>
</pin_list>
<bind>
<opcode="write(1151) " fcode="write"/>
<opset="StgValue_64/1 "/>
</bind>
</comp>

<comp id="148" class="1004" name="grp_read_fu_148">
<pin_list>
<pin id="149" dir="0" index="0" bw="84" slack="0"/>
<pin id="150" dir="0" index="1" bw="64" slack="0"/>
<pin id="151" dir="0" index="2" bw="8" slack="0"/>
<pin id="152" dir="0" index="3" bw="8" slack="0"/>
<pin id="153" dir="0" index="4" bw="1" slack="0"/>
<pin id="154" dir="0" index="5" bw="1" slack="0"/>
<pin id="155" dir="0" index="6" bw="1" slack="0"/>
<pin id="156" dir="0" index="7" bw="1" slack="0"/>
<pin id="157" dir="1" index="8" bw="84" slack="0"/>
</pin_list>
<bind>
<opcode="read(1150) " fcode="read"/>
<opset="empty_34/2 "/>
</bind>
</comp>

<comp id="166" class="1004" name="x_local_0_V_addr_gep_fu_166">
<pin_list>
<pin id="167" dir="0" index="0" bw="8" slack="0"/>
<pin id="168" dir="0" index="1" bw="1" slack="0"/>
<pin id="169" dir="0" index="2" bw="6" slack="0"/>
<pin id="170" dir="1" index="3" bw="6" slack="0"/>
</pin_list>
<bind>
<opcode="getelementptr(29) " fcode="getelementptr"/>
<opset="x_local_0_V_addr/3 "/>
</bind>
</comp>

<comp id="173" class="1004" name="x_local_8_V_addr_gep_fu_173">
<pin_list>
<pin id="174" dir="0" index="0" bw="8" slack="0"/>
<pin id="175" dir="0" index="1" bw="1" slack="0"/>
<pin id="176" dir="0" index="2" bw="6" slack="0"/>
<pin id="177" dir="1" index="3" bw="6" slack="0"/>
</pin_list>
<bind>
<opcode="getelementptr(29) " fcode="getelementptr"/>
<opset="x_local_8_V_addr/3 "/>
</bind>
</comp>

<comp id="180" class="1004" name="StgValue_100_access_fu_180">
<pin_list>
<pin id="181" dir="0" index="0" bw="6" slack="0"/>
<pin id="182" dir="0" index="1" bw="8" slack="0"/>
<pin id="183" dir="0" index="2" bw="0" slack="2147483647"/>
<pin id="184" dir="1" index="3" bw="8" slack="2147483647"/>
</pin_list>
<bind>
<opcode="store(28) " fcode="store"/>
<opset="StgValue_100/3 "/>
</bind>
</comp>

<comp id="186" class="1004" name="StgValue_102_access_fu_186">
<pin_list>
<pin id="187" dir="0" index="0" bw="6" slack="0"/>
<pin id="188" dir="0" index="1" bw="8" slack="0"/>
<pin id="189" dir="0" index="2" bw="0" slack="2147483647"/>
<pin id="190" dir="1" index="3" bw="8" slack="2147483647"/>
</pin_list>
<bind>
<opcode="store(28) " fcode="store"/>
<opset="StgValue_102/3 "/>
</bind>
</comp>

<comp id="192" class="1004" name="x_local_1_V_addr_gep_fu_192">
<pin_list>
<pin id="193" dir="0" index="0" bw="8" slack="0"/>
<pin id="194" dir="0" index="1" bw="1" slack="0"/>
<pin id="195" dir="0" index="2" bw="6" slack="0"/>
<pin id="196" dir="1" index="3" bw="6" slack="0"/>
</pin_list>
<bind>
<opcode="getelementptr(29) " fcode="getelementptr"/>
<opset="x_local_1_V_addr/3 "/>
</bind>
</comp>

<comp id="199" class="1004" name="x_local_9_V_addr_gep_fu_199">
<pin_list>
<pin id="200" dir="0" index="0" bw="8" slack="0"/>
<pin id="201" dir="0" index="1" bw="1" slack="0"/>
<pin id="202" dir="0" index="2" bw="6" slack="0"/>
<pin id="203" dir="1" index="3" bw="6" slack="0"/>
</pin_list>
<bind>
<opcode="getelementptr(29) " fcode="getelementptr"/>
<opset="x_local_9_V_addr/3 "/>
</bind>
</comp>

<comp id="206" class="1004" name="StgValue_110_access_fu_206">
<pin_list>
<pin id="207" dir="0" index="0" bw="6" slack="0"/>
<pin id="208" dir="0" index="1" bw="8" slack="0"/>
<pin id="209" dir="0" index="2" bw="0" slack="2147483647"/>
<pin id="210" dir="1" index="3" bw="8" slack="2147483647"/>
</pin_list>
<bind>
<opcode="store(28) " fcode="store"/>
<opset="StgValue_110/3 "/>
</bind>
</comp>

<comp id="212" class="1004" name="StgValue_112_access_fu_212">
<pin_list>
<pin id="213" dir="0" index="0" bw="6" slack="0"/>
<pin id="214" dir="0" index="1" bw="8" slack="0"/>
<pin id="215" dir="0" index="2" bw="0" slack="2147483647"/>
<pin id="216" dir="1" index="3" bw="8" slack="2147483647"/>
</pin_list>
<bind>
<opcode="store(28) " fcode="store"/>
<opset="StgValue_112/3 "/>
</bind>
</comp>

<comp id="218" class="1004" name="x_local_2_V_addr_gep_fu_218">
<pin_list>
<pin id="219" dir="0" index="0" bw="8" slack="0"/>
<pin id="220" dir="0" index="1" bw="1" slack="0"/>
<pin id="221" dir="0" index="2" bw="6" slack="0"/>
<pin id="222" dir="1" index="3" bw="6" slack="0"/>
</pin_list>
<bind>
<opcode="getelementptr(29) " fcode="getelementptr"/>
<opset="x_local_2_V_addr/3 "/>
</bind>
</comp>

<comp id="225" class="1004" name="x_local_10_V_addr_gep_fu_225">
<pin_list>
<pin id="226" dir="0" index="0" bw="8" slack="0"/>
<pin id="227" dir="0" index="1" bw="1" slack="0"/>
<pin id="228" dir="0" index="2" bw="6" slack="0"/>
<pin id="229" dir="1" index="3" bw="6" slack="0"/>
</pin_list>
<bind>
<opcode="getelementptr(29) " fcode="getelementptr"/>
<opset="x_local_10_V_addr/3 "/>
</bind>
</comp>

<comp id="232" class="1004" name="StgValue_120_access_fu_232">
<pin_list>
<pin id="233" dir="0" index="0" bw="6" slack="0"/>
<pin id="234" dir="0" index="1" bw="8" slack="0"/>
<pin id="235" dir="0" index="2" bw="0" slack="2147483647"/>
<pin id="236" dir="1" index="3" bw="8" slack="2147483647"/>
</pin_list>
<bind>
<opcode="store(28) " fcode="store"/>
<opset="StgValue_120/3 "/>
</bind>
</comp>

<comp id="238" class="1004" name="StgValue_122_access_fu_238">
<pin_list>
<pin id="239" dir="0" index="0" bw="6" slack="0"/>
<pin id="240" dir="0" index="1" bw="8" slack="0"/>
<pin id="241" dir="0" index="2" bw="0" slack="2147483647"/>
<pin id="242" dir="1" index="3" bw="8" slack="2147483647"/>
</pin_list>
<bind>
<opcode="store(28) " fcode="store"/>
<opset="StgValue_122/3 "/>
</bind>
</comp>

<comp id="244" class="1004" name="x_local_3_V_addr_gep_fu_244">
<pin_list>
<pin id="245" dir="0" index="0" bw="8" slack="0"/>
<pin id="246" dir="0" index="1" bw="1" slack="0"/>
<pin id="247" dir="0" index="2" bw="6" slack="0"/>
<pin id="248" dir="1" index="3" bw="6" slack="0"/>
</pin_list>
<bind>
<opcode="getelementptr(29) " fcode="getelementptr"/>
<opset="x_local_3_V_addr/3 "/>
</bind>
</comp>

<comp id="251" class="1004" name="x_local_11_V_addr_gep_fu_251">
<pin_list>
<pin id="252" dir="0" index="0" bw="8" slack="0"/>
<pin id="253" dir="0" index="1" bw="1" slack="0"/>
<pin id="254" dir="0" index="2" bw="6" slack="0"/>
<pin id="255" dir="1" index="3" bw="6" slack="0"/>
</pin_list>
<bind>
<opcode="getelementptr(29) " fcode="getelementptr"/>
<opset="x_local_11_V_addr/3 "/>
</bind>
</comp>

<comp id="258" class="1004" name="StgValue_129_access_fu_258">
<pin_list>
<pin id="259" dir="0" index="0" bw="6" slack="0"/>
<pin id="260" dir="0" index="1" bw="8" slack="0"/>
<pin id="261" dir="0" index="2" bw="0" slack="2147483647"/>
<pin id="262" dir="1" index="3" bw="8" slack="2147483647"/>
</pin_list>
<bind>
<opcode="store(28) " fcode="store"/>
<opset="StgValue_129/3 "/>
</bind>
</comp>

<comp id="264" class="1004" name="StgValue_131_access_fu_264">
<pin_list>
<pin id="265" dir="0" index="0" bw="6" slack="0"/>
<pin id="266" dir="0" index="1" bw="8" slack="0"/>
<pin id="267" dir="0" index="2" bw="0" slack="2147483647"/>
<pin id="268" dir="1" index="3" bw="8" slack="2147483647"/>
</pin_list>
<bind>
<opcode="store(28) " fcode="store"/>
<opset="StgValue_131/3 "/>
</bind>
</comp>

<comp id="270" class="1004" name="x_local_4_V_addr_gep_fu_270">
<pin_list>
<pin id="271" dir="0" index="0" bw="8" slack="0"/>
<pin id="272" dir="0" index="1" bw="1" slack="0"/>
<pin id="273" dir="0" index="2" bw="6" slack="0"/>
<pin id="274" dir="1" index="3" bw="6" slack="0"/>
</pin_list>
<bind>
<opcode="getelementptr(29) " fcode="getelementptr"/>
<opset="x_local_4_V_addr/3 "/>
</bind>
</comp>

<comp id="277" class="1004" name="x_local_12_V_addr_gep_fu_277">
<pin_list>
<pin id="278" dir="0" index="0" bw="8" slack="0"/>
<pin id="279" dir="0" index="1" bw="1" slack="0"/>
<pin id="280" dir="0" index="2" bw="6" slack="0"/>
<pin id="281" dir="1" index="3" bw="6" slack="0"/>
</pin_list>
<bind>
<opcode="getelementptr(29) " fcode="getelementptr"/>
<opset="x_local_12_V_addr/3 "/>
</bind>
</comp>

<comp id="284" class="1004" name="StgValue_138_access_fu_284">
<pin_list>
<pin id="285" dir="0" index="0" bw="6" slack="0"/>
<pin id="286" dir="0" index="1" bw="8" slack="0"/>
<pin id="287" dir="0" index="2" bw="0" slack="2147483647"/>
<pin id="288" dir="1" index="3" bw="8" slack="2147483647"/>
</pin_list>
<bind>
<opcode="store(28) " fcode="store"/>
<opset="StgValue_138/3 "/>
</bind>
</comp>

<comp id="290" class="1004" name="StgValue_140_access_fu_290">
<pin_list>
<pin id="291" dir="0" index="0" bw="6" slack="0"/>
<pin id="292" dir="0" index="1" bw="8" slack="0"/>
<pin id="293" dir="0" index="2" bw="0" slack="2147483647"/>
<pin id="294" dir="1" index="3" bw="8" slack="2147483647"/>
</pin_list>
<bind>
<opcode="store(28) " fcode="store"/>
<opset="StgValue_140/3 "/>
</bind>
</comp>

<comp id="296" class="1004" name="x_local_5_V_addr_gep_fu_296">
<pin_list>
<pin id="297" dir="0" index="0" bw="8" slack="0"/>
<pin id="298" dir="0" index="1" bw="1" slack="0"/>
<pin id="299" dir="0" index="2" bw="6" slack="0"/>
<pin id="300" dir="1" index="3" bw="6" slack="0"/>
</pin_list>
<bind>
<opcode="getelementptr(29) " fcode="getelementptr"/>
<opset="x_local_5_V_addr/3 "/>
</bind>
</comp>

<comp id="303" class="1004" name="x_local_13_V_addr_gep_fu_303">
<pin_list>
<pin id="304" dir="0" index="0" bw="8" slack="0"/>
<pin id="305" dir="0" index="1" bw="1" slack="0"/>
<pin id="306" dir="0" index="2" bw="6" slack="0"/>
<pin id="307" dir="1" index="3" bw="6" slack="0"/>
</pin_list>
<bind>
<opcode="getelementptr(29) " fcode="getelementptr"/>
<opset="x_local_13_V_addr/3 "/>
</bind>
</comp>

<comp id="310" class="1004" name="StgValue_148_access_fu_310">
<pin_list>
<pin id="311" dir="0" index="0" bw="6" slack="0"/>
<pin id="312" dir="0" index="1" bw="8" slack="0"/>
<pin id="313" dir="0" index="2" bw="0" slack="2147483647"/>
<pin id="314" dir="1" index="3" bw="8" slack="2147483647"/>
</pin_list>
<bind>
<opcode="store(28) " fcode="store"/>
<opset="StgValue_148/3 "/>
</bind>
</comp>

<comp id="316" class="1004" name="StgValue_150_access_fu_316">
<pin_list>
<pin id="317" dir="0" index="0" bw="6" slack="0"/>
<pin id="318" dir="0" index="1" bw="8" slack="0"/>
<pin id="319" dir="0" index="2" bw="0" slack="2147483647"/>
<pin id="320" dir="1" index="3" bw="8" slack="2147483647"/>
</pin_list>
<bind>
<opcode="store(28) " fcode="store"/>
<opset="StgValue_150/3 "/>
</bind>
</comp>

<comp id="322" class="1004" name="x_local_6_V_addr_gep_fu_322">
<pin_list>
<pin id="323" dir="0" index="0" bw="8" slack="0"/>
<pin id="324" dir="0" index="1" bw="1" slack="0"/>
<pin id="325" dir="0" index="2" bw="6" slack="0"/>
<pin id="326" dir="1" index="3" bw="6" slack="0"/>
</pin_list>
<bind>
<opcode="getelementptr(29) " fcode="getelementptr"/>
<opset="x_local_6_V_addr/3 "/>
</bind>
</comp>

<comp id="329" class="1004" name="x_local_14_V_addr_gep_fu_329">
<pin_list>
<pin id="330" dir="0" index="0" bw="8" slack="0"/>
<pin id="331" dir="0" index="1" bw="1" slack="0"/>
<pin id="332" dir="0" index="2" bw="6" slack="0"/>
<pin id="333" dir="1" index="3" bw="6" slack="0"/>
</pin_list>
<bind>
<opcode="getelementptr(29) " fcode="getelementptr"/>
<opset="x_local_14_V_addr/3 "/>
</bind>
</comp>

<comp id="336" class="1004" name="StgValue_158_access_fu_336">
<pin_list>
<pin id="337" dir="0" index="0" bw="6" slack="0"/>
<pin id="338" dir="0" index="1" bw="8" slack="0"/>
<pin id="339" dir="0" index="2" bw="0" slack="2147483647"/>
<pin id="340" dir="1" index="3" bw="8" slack="2147483647"/>
</pin_list>
<bind>
<opcode="store(28) " fcode="store"/>
<opset="StgValue_158/3 "/>
</bind>
</comp>

<comp id="342" class="1004" name="StgValue_160_access_fu_342">
<pin_list>
<pin id="343" dir="0" index="0" bw="6" slack="0"/>
<pin id="344" dir="0" index="1" bw="8" slack="0"/>
<pin id="345" dir="0" index="2" bw="0" slack="2147483647"/>
<pin id="346" dir="1" index="3" bw="8" slack="2147483647"/>
</pin_list>
<bind>
<opcode="store(28) " fcode="store"/>
<opset="StgValue_160/3 "/>
</bind>
</comp>

<comp id="348" class="1004" name="x_local_7_V_addr_gep_fu_348">
<pin_list>
<pin id="349" dir="0" index="0" bw="8" slack="0"/>
<pin id="350" dir="0" index="1" bw="1" slack="0"/>
<pin id="351" dir="0" index="2" bw="6" slack="0"/>
<pin id="352" dir="1" index="3" bw="6" slack="0"/>
</pin_list>
<bind>
<opcode="getelementptr(29) " fcode="getelementptr"/>
<opset="x_local_7_V_addr/3 "/>
</bind>
</comp>

<comp id="355" class="1004" name="x_local_15_V_addr_gep_fu_355">
<pin_list>
<pin id="356" dir="0" index="0" bw="8" slack="0"/>
<pin id="357" dir="0" index="1" bw="1" slack="0"/>
<pin id="358" dir="0" index="2" bw="6" slack="0"/>
<pin id="359" dir="1" index="3" bw="6" slack="0"/>
</pin_list>
<bind>
<opcode="getelementptr(29) " fcode="getelementptr"/>
<opset="x_local_15_V_addr/3 "/>
</bind>
</comp>

<comp id="362" class="1004" name="StgValue_167_access_fu_362">
<pin_list>
<pin id="363" dir="0" index="0" bw="6" slack="0"/>
<pin id="364" dir="0" index="1" bw="8" slack="0"/>
<pin id="365" dir="0" index="2" bw="0" slack="2147483647"/>
<pin id="366" dir="1" index="3" bw="8" slack="2147483647"/>
</pin_list>
<bind>
<opcode="store(28) " fcode="store"/>
<opset="StgValue_167/3 "/>
</bind>
</comp>

<comp id="368" class="1004" name="StgValue_169_access_fu_368">
<pin_list>
<pin id="369" dir="0" index="0" bw="6" slack="0"/>
<pin id="370" dir="0" index="1" bw="8" slack="0"/>
<pin id="371" dir="0" index="2" bw="0" slack="2147483647"/>
<pin id="372" dir="1" index="3" bw="8" slack="2147483647"/>
</pin_list>
<bind>
<opcode="store(28) " fcode="store"/>
<opset="StgValue_169/3 "/>
</bind>
</comp>

<comp id="374" class="1005" name="calculated_norm_V_reg_374">
<pin_list>
<pin id="375" dir="0" index="0" bw="24" slack="1"/>
<pin id="376" dir="1" index="1" bw="24" slack="1"/>
</pin_list>
<bind>
<opset="calculated_norm_V (phireg) "/>
</bind>
</comp>

<comp id="378" class="1004" name="calculated_norm_V_phi_fu_378">
<pin_list>
<pin id="379" dir="0" index="0" bw="1" slack="1"/>
<pin id="380" dir="0" index="1" bw="0" slack="2147483647"/>
<pin id="381" dir="0" index="2" bw="24" slack="1"/>
<pin id="382" dir="0" index="3" bw="0" slack="2147483647"/>
<pin id="383" dir="1" index="4" bw="24" slack="1"/>
</pin_list>
<bind>
<opcode="phi(47) " fcode="phi"/>
<opset="calculated_norm_V/2 "/>
</bind>
</comp>

<comp id="386" class="1005" name="i_i_i_reg_386">
<pin_list>
<pin id="387" dir="0" index="0" bw="7" slack="1"/>
<pin id="388" dir="1" index="1" bw="7" slack="1"/>
</pin_list>
<bind>
<opset="i_i_i (phireg) "/>
</bind>
</comp>

<comp id="390" class="1004" name="i_i_i_phi_fu_390">
<pin_list>
<pin id="391" dir="0" index="0" bw="1" slack="1"/>
<pin id="392" dir="0" index="1" bw="0" slack="2147483647"/>
<pin id="393" dir="0" index="2" bw="7" slack="0"/>
<pin id="394" dir="0" index="3" bw="0" slack="2147483647"/>
<pin id="395" dir="1" index="4" bw="7" slack="0"/>
</pin_list>
<bind>
<opcode="phi(47) " fcode="phi"/>
<opset="i_i_i/2 "/>
</bind>
</comp>

<comp id="397" class="1004" name="exitcond1_i_i_fu_397">
<pin_list>
<pin id="398" dir="0" index="0" bw="7" slack="0"/>
<pin id="399" dir="0" index="1" bw="7" slack="0"/>
<pin id="400" dir="1" index="2" bw="1" slack="1"/>
</pin_list>
<bind>
<opcode="icmp(45) " fcode="icmp"/>
<opset="exitcond1_i_i/2 "/>
</bind>
</comp>

<comp id="403" class="1004" name="i_fu_403">
<pin_list>
<pin id="404" dir="0" index="0" bw="7" slack="0"/>
<pin id="405" dir="0" index="1" bw="1" slack="0"/>
<pin id="406" dir="1" index="2" bw="7" slack="0"/>
</pin_list>
<bind>
<opcode="add(8) " fcode="add"/>
<opset="i/2 "/>
</bind>
</comp>

<comp id="409" class="1004" name="tmp_2_fu_409">
<pin_list>
<pin id="410" dir="0" index="0" bw="7" slack="0"/>
<pin id="411" dir="1" index="1" bw="1" slack="1"/>
</pin_list>
<bind>
<opcode="trunc(33) " fcode="trunc"/>
<opset="tmp_2/2 "/>
</bind>
</comp>

<comp id="413" class="1004" name="tmp_2_cast_i_i_fu_413">
<pin_list>
<pin id="414" dir="0" index="0" bw="6" slack="0"/>
<pin id="415" dir="0" index="1" bw="7" slack="0"/>
<pin id="416" dir="0" index="2" bw="1" slack="0"/>
<pin id="417" dir="0" index="3" bw="4" slack="0"/>
<pin id="418" dir="1" index="4" bw="6" slack="1"/>
</pin_list>
<bind>
<opcode="partselect(1002) " fcode="partselect"/>
<opset="tmp_2_cast_i_i/2 "/>
</bind>
</comp>

<comp id="423" class="1004" name="tmp_data_V_fu_423">
<pin_list>
<pin id="424" dir="0" index="0" bw="84" slack="0"/>
<pin id="425" dir="1" index="1" bw="64" slack="0"/>
</pin_list>
<bind>
<opcode="extractvalue(56) " fcode="extractvalue"/>
<opset="tmp_data_V/3 "/>
</bind>
</comp>

<comp id="427" class="1004" name="tmp_3_fu_427">
<pin_list>
<pin id="428" dir="0" index="0" bw="64" slack="0"/>
<pin id="429" dir="1" index="1" bw="8" slack="0"/>
</pin_list>
<bind>
<opcode="trunc(33) " fcode="trunc"/>
<opset="tmp_3/3 "/>
</bind>
</comp>

<comp id="433" class="1004" name="newIndex1_i_i_fu_433">
<pin_list>
<pin id="434" dir="0" index="0" bw="6" slack="1"/>
<pin id="435" dir="1" index="1" bw="64" slack="0"/>
</pin_list>
<bind>
<opcode="zext(34) " fcode="zext"/>
<opset="newIndex1_i_i/3 "/>
</bind>
</comp>

<comp id="452" class="1004" name="OP1_V_i_i_fu_452">
<pin_list>
<pin id="453" dir="0" index="0" bw="8" slack="0"/>
<pin id="454" dir="1" index="1" bw="16" slack="0"/>
</pin_list>
<bind>
<opcode="sext(35) " fcode="sext"/>
<opset="OP1_V_i_i/3 "/>
</bind>
</comp>

<comp id="456" class="1004" name="r_V_i_i_fu_456">
<pin_list>
<pin id="457" dir="0" index="0" bw="8" slack="0"/>
<pin id="458" dir="0" index="1" bw="8" slack="0"/>
<pin id="459" dir="1" index="2" bw="16" slack="0"/>
</pin_list>
<bind>
<opcode="mul(12) " fcode="mul"/>
<opset="r_V_i_i/3 "/>
</bind>
</comp>

<comp id="462" class="1004" name="tmp_9_i_i_fu_462">
<pin_list>
<pin id="463" dir="0" index="0" bw="24" slack="0"/>
<pin id="464" dir="0" index="1" bw="16" slack="0"/>
<pin id="465" dir="0" index="2" bw="1" slack="0"/>
<pin id="466" dir="1" index="3" bw="24" slack="0"/>
</pin_list>
<bind>
<opcode="bitconcatenate(1004) " fcode="bitconcatenate"/>
<opset="tmp_9_i_i/3 "/>
</bind>
</comp>

<comp id="470" class="1004" name="p_Result_1_i_i_fu_470">
<pin_list>
<pin id="471" dir="0" index="0" bw="8" slack="0"/>
<pin id="472" dir="0" index="1" bw="64" slack="0"/>
<pin id="473" dir="0" index="2" bw="5" slack="0"/>
<pin id="474" dir="0" index="3" bw="5" slack="0"/>
<pin id="475" dir="1" index="4" bw="8" slack="0"/>
</pin_list>
<bind>
<opcode="partselect(1002) " fcode="partselect"/>
<opset="p_Result_1_i_i/3 "/>
</bind>
</comp>

<comp id="482" class="1004" name="OP1_V_1_i_i_fu_482">
<pin_list>
<pin id="483" dir="0" index="0" bw="8" slack="0"/>
<pin id="484" dir="1" index="1" bw="16" slack="0"/>
</pin_list>
<bind>
<opcode="sext(35) " fcode="sext"/>
<opset="OP1_V_1_i_i/3 "/>
</bind>
</comp>

<comp id="486" class="1004" name="r_V_1_i_i_fu_486">
<pin_list>
<pin id="487" dir="0" index="0" bw="8" slack="0"/>
<pin id="488" dir="0" index="1" bw="8" slack="0"/>
<pin id="489" dir="1" index="2" bw="16" slack="0"/>
</pin_list>
<bind>
<opcode="mul(12) " fcode="mul"/>
<opset="r_V_1_i_i/3 "/>
</bind>
</comp>

<comp id="492" class="1004" name="tmp_9_1_i_i_fu_492">
<pin_list>
<pin id="493" dir="0" index="0" bw="24" slack="0"/>
<pin id="494" dir="0" index="1" bw="16" slack="0"/>
<pin id="495" dir="0" index="2" bw="1" slack="0"/>
<pin id="496" dir="1" index="3" bw="24" slack="0"/>
</pin_list>
<bind>
<opcode="bitconcatenate(1004) " fcode="bitconcatenate"/>
<opset="tmp_9_1_i_i/3 "/>
</bind>
</comp>

<comp id="500" class="1004" name="p_Result_2_i_i_fu_500">
<pin_list>
<pin id="501" dir="0" index="0" bw="8" slack="0"/>
<pin id="502" dir="0" index="1" bw="64" slack="0"/>
<pin id="503" dir="0" index="2" bw="6" slack="0"/>
<pin id="504" dir="0" index="3" bw="6" slack="0"/>
<pin id="505" dir="1" index="4" bw="8" slack="0"/>
</pin_list>
<bind>
<opcode="partselect(1002) " fcode="partselect"/>
<opset="p_Result_2_i_i/3 "/>
</bind>
</comp>

<comp id="512" class="1004" name="OP1_V_2_i_i_fu_512">
<pin_list>
<pin id="513" dir="0" index="0" bw="8" slack="0"/>
<pin id="514" dir="1" index="1" bw="16" slack="0"/>
</pin_list>
<bind>
<opcode="sext(35) " fcode="sext"/>
<opset="OP1_V_2_i_i/3 "/>
</bind>
</comp>

<comp id="516" class="1004" name="r_V_2_i_i_fu_516">
<pin_list>
<pin id="517" dir="0" index="0" bw="8" slack="0"/>
<pin id="518" dir="0" index="1" bw="8" slack="0"/>
<pin id="519" dir="1" index="2" bw="16" slack="1"/>
</pin_list>
<bind>
<opcode="mul(12) " fcode="mul"/>
<opset="r_V_2_i_i/3 "/>
</bind>
</comp>

<comp id="522" class="1004" name="p_Result_3_i_i_fu_522">
<pin_list>
<pin id="523" dir="0" index="0" bw="8" slack="0"/>
<pin id="524" dir="0" index="1" bw="64" slack="0"/>
<pin id="525" dir="0" index="2" bw="6" slack="0"/>
<pin id="526" dir="0" index="3" bw="6" slack="0"/>
<pin id="527" dir="1" index="4" bw="8" slack="0"/>
</pin_list>
<bind>
<opcode="partselect(1002) " fcode="partselect"/>
<opset="p_Result_3_i_i/3 "/>
</bind>
</comp>

<comp id="534" class="1004" name="OP1_V_3_i_i_fu_534">
<pin_list>
<pin id="535" dir="0" index="0" bw="8" slack="0"/>
<pin id="536" dir="1" index="1" bw="16" slack="0"/>
</pin_list>
<bind>
<opcode="sext(35) " fcode="sext"/>
<opset="OP1_V_3_i_i/3 "/>
</bind>
</comp>

<comp id="538" class="1004" name="r_V_3_i_i_fu_538">
<pin_list>
<pin id="539" dir="0" index="0" bw="8" slack="0"/>
<pin id="540" dir="0" index="1" bw="8" slack="0"/>
<pin id="541" dir="1" index="2" bw="16" slack="1"/>
</pin_list>
<bind>
<opcode="mul(12) " fcode="mul"/>
<opset="r_V_3_i_i/3 "/>
</bind>
</comp>

<comp id="544" class="1004" name="p_Result_4_i_i_fu_544">
<pin_list>
<pin id="545" dir="0" index="0" bw="8" slack="0"/>
<pin id="546" dir="0" index="1" bw="64" slack="0"/>
<pin id="547" dir="0" index="2" bw="7" slack="0"/>
<pin id="548" dir="0" index="3" bw="7" slack="0"/>
<pin id="549" dir="1" index="4" bw="8" slack="0"/>
</pin_list>
<bind>
<opcode="partselect(1002) " fcode="partselect"/>
<opset="p_Result_4_i_i/3 "/>
</bind>
</comp>

<comp id="556" class="1004" name="OP1_V_4_i_i_fu_556">
<pin_list>
<pin id="557" dir="0" index="0" bw="8" slack="0"/>
<pin id="558" dir="1" index="1" bw="16" slack="0"/>
</pin_list>
<bind>
<opcode="sext(35) " fcode="sext"/>
<opset="OP1_V_4_i_i/3 "/>
</bind>
</comp>

<comp id="560" class="1004" name="r_V_4_i_i_fu_560">
<pin_list>
<pin id="561" dir="0" index="0" bw="8" slack="0"/>
<pin id="562" dir="0" index="1" bw="8" slack="0"/>
<pin id="563" dir="1" index="2" bw="16" slack="0"/>
</pin_list>
<bind>
<opcode="mul(12) " fcode="mul"/>
<opset="r_V_4_i_i/3 "/>
</bind>
</comp>

<comp id="566" class="1004" name="tmp_9_4_i_i_fu_566">
<pin_list>
<pin id="567" dir="0" index="0" bw="24" slack="0"/>
<pin id="568" dir="0" index="1" bw="16" slack="0"/>
<pin id="569" dir="0" index="2" bw="1" slack="0"/>
<pin id="570" dir="1" index="3" bw="24" slack="0"/>
</pin_list>
<bind>
<opcode="bitconcatenate(1004) " fcode="bitconcatenate"/>
<opset="tmp_9_4_i_i/3 "/>
</bind>
</comp>

<comp id="574" class="1004" name="p_Result_5_i_i_fu_574">
<pin_list>
<pin id="575" dir="0" index="0" bw="8" slack="0"/>
<pin id="576" dir="0" index="1" bw="64" slack="0"/>
<pin id="577" dir="0" index="2" bw="7" slack="0"/>
<pin id="578" dir="0" index="3" bw="7" slack="0"/>
<pin id="579" dir="1" index="4" bw="8" slack="0"/>
</pin_list>
<bind>
<opcode="partselect(1002) " fcode="partselect"/>
<opset="p_Result_5_i_i/3 "/>
</bind>
</comp>

<comp id="586" class="1004" name="OP1_V_5_i_i_fu_586">
<pin_list>
<pin id="587" dir="0" index="0" bw="8" slack="0"/>
<pin id="588" dir="1" index="1" bw="16" slack="0"/>
</pin_list>
<bind>
<opcode="sext(35) " fcode="sext"/>
<opset="OP1_V_5_i_i/3 "/>
</bind>
</comp>

<comp id="590" class="1004" name="r_V_5_i_i_fu_590">
<pin_list>
<pin id="591" dir="0" index="0" bw="8" slack="0"/>
<pin id="592" dir="0" index="1" bw="8" slack="0"/>
<pin id="593" dir="1" index="2" bw="16" slack="0"/>
</pin_list>
<bind>
<opcode="mul(12) " fcode="mul"/>
<opset="r_V_5_i_i/3 "/>
</bind>
</comp>

<comp id="596" class="1004" name="tmp_9_5_i_i_fu_596">
<pin_list>
<pin id="597" dir="0" index="0" bw="24" slack="0"/>
<pin id="598" dir="0" index="1" bw="16" slack="0"/>
<pin id="599" dir="0" index="2" bw="1" slack="0"/>
<pin id="600" dir="1" index="3" bw="24" slack="0"/>
</pin_list>
<bind>
<opcode="bitconcatenate(1004) " fcode="bitconcatenate"/>
<opset="tmp_9_5_i_i/3 "/>
</bind>
</comp>

<comp id="604" class="1004" name="p_Result_6_i_i_fu_604">
<pin_list>
<pin id="605" dir="0" index="0" bw="8" slack="0"/>
<pin id="606" dir="0" index="1" bw="64" slack="0"/>
<pin id="607" dir="0" index="2" bw="7" slack="0"/>
<pin id="608" dir="0" index="3" bw="7" slack="0"/>
<pin id="609" dir="1" index="4" bw="8" slack="0"/>
</pin_list>
<bind>
<opcode="partselect(1002) " fcode="partselect"/>
<opset="p_Result_6_i_i/3 "/>
</bind>
</comp>

<comp id="616" class="1004" name="OP1_V_6_i_i_fu_616">
<pin_list>
<pin id="617" dir="0" index="0" bw="8" slack="0"/>
<pin id="618" dir="1" index="1" bw="16" slack="0"/>
</pin_list>
<bind>
<opcode="sext(35) " fcode="sext"/>
<opset="OP1_V_6_i_i/3 "/>
</bind>
</comp>

<comp id="620" class="1004" name="r_V_6_i_i_fu_620">
<pin_list>
<pin id="621" dir="0" index="0" bw="8" slack="0"/>
<pin id="622" dir="0" index="1" bw="8" slack="0"/>
<pin id="623" dir="1" index="2" bw="16" slack="1"/>
</pin_list>
<bind>
<opcode="mul(12) " fcode="mul"/>
<opset="r_V_6_i_i/3 "/>
</bind>
</comp>

<comp id="626" class="1004" name="p_Result_7_i_i_fu_626">
<pin_list>
<pin id="627" dir="0" index="0" bw="8" slack="0"/>
<pin id="628" dir="0" index="1" bw="64" slack="0"/>
<pin id="629" dir="0" index="2" bw="7" slack="0"/>
<pin id="630" dir="0" index="3" bw="7" slack="0"/>
<pin id="631" dir="1" index="4" bw="8" slack="0"/>
</pin_list>
<bind>
<opcode="partselect(1002) " fcode="partselect"/>
<opset="p_Result_7_i_i/3 "/>
</bind>
</comp>

<comp id="638" class="1004" name="OP1_V_7_i_i_fu_638">
<pin_list>
<pin id="639" dir="0" index="0" bw="8" slack="0"/>
<pin id="640" dir="1" index="1" bw="16" slack="0"/>
</pin_list>
<bind>
<opcode="sext(35) " fcode="sext"/>
<opset="OP1_V_7_i_i/3 "/>
</bind>
</comp>

<comp id="642" class="1004" name="r_V_7_i_i_fu_642">
<pin_list>
<pin id="643" dir="0" index="0" bw="8" slack="0"/>
<pin id="644" dir="0" index="1" bw="8" slack="0"/>
<pin id="645" dir="1" index="2" bw="16" slack="1"/>
</pin_list>
<bind>
<opcode="mul(12) " fcode="mul"/>
<opset="r_V_7_i_i/3 "/>
</bind>
</comp>

<comp id="648" class="1004" name="tmp1_fu_648">
<pin_list>
<pin id="649" dir="0" index="0" bw="24" slack="0"/>
<pin id="650" dir="0" index="1" bw="24" slack="0"/>
<pin id="651" dir="1" index="2" bw="24" slack="1"/>
</pin_list>
<bind>
<opcode="add(8) " fcode="add"/>
<opset="tmp1/3 "/>
</bind>
</comp>

<comp id="654" class="1004" name="tmp4_fu_654">
<pin_list>
<pin id="655" dir="0" index="0" bw="24" slack="0"/>
<pin id="656" dir="0" index="1" bw="24" slack="0"/>
<pin id="657" dir="1" index="2" bw="24" slack="1"/>
</pin_list>
<bind>
<opcode="add(8) " fcode="add"/>
<opset="tmp4/3 "/>
</bind>
</comp>

<comp id="660" class="1004" name="tmp_9_2_i_i_fu_660">
<pin_list>
<pin id="661" dir="0" index="0" bw="24" slack="0"/>
<pin id="662" dir="0" index="1" bw="16" slack="1"/>
<pin id="663" dir="0" index="2" bw="1" slack="0"/>
<pin id="664" dir="1" index="3" bw="24" slack="0"/>
</pin_list>
<bind>
<opcode="bitconcatenate(1004) " fcode="bitconcatenate"/>
<opset="tmp_9_2_i_i/4 "/>
</bind>
</comp>

<comp id="667" class="1004" name="tmp_9_3_i_i_fu_667">
<pin_list>
<pin id="668" dir="0" index="0" bw="24" slack="0"/>
<pin id="669" dir="0" index="1" bw="16" slack="1"/>
<pin id="670" dir="0" index="2" bw="1" slack="0"/>
<pin id="671" dir="1" index="3" bw="24" slack="0"/>
</pin_list>
<bind>
<opcode="bitconcatenate(1004) " fcode="bitconcatenate"/>
<opset="tmp_9_3_i_i/4 "/>
</bind>
</comp>

<comp id="674" class="1004" name="tmp_9_6_i_i_fu_674">
<pin_list>
<pin id="675" dir="0" index="0" bw="24" slack="0"/>
<pin id="676" dir="0" index="1" bw="16" slack="1"/>
<pin id="677" dir="0" index="2" bw="1" slack="0"/>
<pin id="678" dir="1" index="3" bw="24" slack="0"/>
</pin_list>
<bind>
<opcode="bitconcatenate(1004) " fcode="bitconcatenate"/>
<opset="tmp_9_6_i_i/4 "/>
</bind>
</comp>

<comp id="681" class="1004" name="tmp_9_7_i_i_fu_681">
<pin_list>
<pin id="682" dir="0" index="0" bw="24" slack="0"/>
<pin id="683" dir="0" index="1" bw="16" slack="1"/>
<pin id="684" dir="0" index="2" bw="1" slack="0"/>
<pin id="685" dir="1" index="3" bw="24" slack="0"/>
</pin_list>
<bind>
<opcode="bitconcatenate(1004) " fcode="bitconcatenate"/>
<opset="tmp_9_7_i_i/4 "/>
</bind>
</comp>

<comp id="688" class="1004" name="tmp2_fu_688">
<pin_list>
<pin id="689" dir="0" index="0" bw="24" slack="0"/>
<pin id="690" dir="0" index="1" bw="24" slack="0"/>
<pin id="691" dir="1" index="2" bw="24" slack="0"/>
</pin_list>
<bind>
<opcode="add(8) " fcode="add"/>
<opset="tmp2/4 "/>
</bind>
</comp>

<comp id="694" class="1004" name="tmp_fu_694">
<pin_list>
<pin id="695" dir="0" index="0" bw="24" slack="1"/>
<pin id="696" dir="0" index="1" bw="24" slack="0"/>
<pin id="697" dir="1" index="2" bw="24" slack="0"/>
</pin_list>
<bind>
<opcode="add(8) " fcode="add"/>
<opset="tmp/4 "/>
</bind>
</comp>

<comp id="699" class="1004" name="tmp5_fu_699">
<pin_list>
<pin id="700" dir="0" index="0" bw="24" slack="0"/>
<pin id="701" dir="0" index="1" bw="24" slack="0"/>
<pin id="702" dir="1" index="2" bw="24" slack="0"/>
</pin_list>
<bind>
<opcode="add(8) " fcode="add"/>
<opset="tmp5/4 "/>
</bind>
</comp>

<comp id="705" class="1004" name="tmp3_fu_705">
<pin_list>
<pin id="706" dir="0" index="0" bw="24" slack="1"/>
<pin id="707" dir="0" index="1" bw="24" slack="0"/>
<pin id="708" dir="1" index="2" bw="24" slack="0"/>
</pin_list>
<bind>
<opcode="add(8) " fcode="add"/>
<opset="tmp3/4 "/>
</bind>
</comp>

<comp id="710" class="1004" name="tmp_1_fu_710">
<pin_list>
<pin id="711" dir="0" index="0" bw="24" slack="0"/>
<pin id="712" dir="0" index="1" bw="24" slack="0"/>
<pin id="713" dir="1" index="2" bw="24" slack="0"/>
</pin_list>
<bind>
<opcode="add(8) " fcode="add"/>
<opset="tmp_1/4 "/>
</bind>
</comp>

<comp id="716" class="1004" name="p_Val2_4_7_i_i_fu_716">
<pin_list>
<pin id="717" dir="0" index="0" bw="24" slack="0"/>
<pin id="718" dir="0" index="1" bw="24" slack="2"/>
<pin id="719" dir="1" index="2" bw="24" slack="1"/>
</pin_list>
<bind>
<opcode="add(8) " fcode="add"/>
<opset="p_Val2_4_7_i_i/4 "/>
</bind>
</comp>

<comp id="722" class="1005" name="exitcond1_i_i_reg_722">
<pin_list>
<pin id="723" dir="0" index="0" bw="1" slack="1"/>
<pin id="724" dir="1" index="1" bw="1" slack="2147483647"/>
</pin_list>
<bind>
<opset="exitcond1_i_i "/>
</bind>
</comp>

<comp id="726" class="1005" name="i_reg_726">
<pin_list>
<pin id="727" dir="0" index="0" bw="7" slack="0"/>
<pin id="728" dir="1" index="1" bw="7" slack="0"/>
</pin_list>
<bind>
<opset="i "/>
</bind>
</comp>

<comp id="731" class="1005" name="tmp_2_reg_731">
<pin_list>
<pin id="732" dir="0" index="0" bw="1" slack="1"/>
<pin id="733" dir="1" index="1" bw="1" slack="2147483647"/>
</pin_list>
<bind>
<opset="tmp_2 "/>
</bind>
</comp>

<comp id="735" class="1005" name="tmp_2_cast_i_i_reg_735">
<pin_list>
<pin id="736" dir="0" index="0" bw="6" slack="1"/>
<pin id="737" dir="1" index="1" bw="6" slack="1"/>
</pin_list>
<bind>
<opset="tmp_2_cast_i_i "/>
</bind>
</comp>

<comp id="740" class="1005" name="r_V_2_i_i_reg_740">
<pin_list>
<pin id="741" dir="0" index="0" bw="16" slack="1"/>
<pin id="742" dir="1" index="1" bw="16" slack="1"/>
</pin_list>
<bind>
<opset="r_V_2_i_i "/>
</bind>
</comp>

<comp id="745" class="1005" name="r_V_3_i_i_reg_745">
<pin_list>
<pin id="746" dir="0" index="0" bw="16" slack="1"/>
<pin id="747" dir="1" index="1" bw="16" slack="1"/>
</pin_list>
<bind>
<opset="r_V_3_i_i "/>
</bind>
</comp>

<comp id="750" class="1005" name="r_V_6_i_i_reg_750">
<pin_list>
<pin id="751" dir="0" index="0" bw="16" slack="1"/>
<pin id="752" dir="1" index="1" bw="16" slack="1"/>
</pin_list>
<bind>
<opset="r_V_6_i_i "/>
</bind>
</comp>

<comp id="755" class="1005" name="r_V_7_i_i_reg_755">
<pin_list>
<pin id="756" dir="0" index="0" bw="16" slack="1"/>
<pin id="757" dir="1" index="1" bw="16" slack="1"/>
</pin_list>
<bind>
<opset="r_V_7_i_i "/>
</bind>
</comp>

<comp id="760" class="1005" name="tmp1_reg_760">
<pin_list>
<pin id="761" dir="0" index="0" bw="24" slack="1"/>
<pin id="762" dir="1" index="1" bw="24" slack="1"/>
</pin_list>
<bind>
<opset="tmp1 "/>
</bind>
</comp>

<comp id="765" class="1005" name="tmp4_reg_765">
<pin_list>
<pin id="766" dir="0" index="0" bw="24" slack="1"/>
<pin id="767" dir="1" index="1" bw="24" slack="1"/>
</pin_list>
<bind>
<opset="tmp4 "/>
</bind>
</comp>

<comp id="770" class="1005" name="p_Val2_4_7_i_i_reg_770">
<pin_list>
<pin id="771" dir="0" index="0" bw="24" slack="1"/>
<pin id="772" dir="1" index="1" bw="24" slack="1"/>
</pin_list>
<bind>
<opset="p_Val2_4_7_i_i "/>
</bind>
</comp>

</comp_list>

<net_list>
<net id="138"><net_src comp="50" pin="0"/><net_sink comp="134" pin=0"/></net>

<net id="139"><net_src comp="46" pin="0"/><net_sink comp="134" pin=1"/></net>

<net id="145"><net_src comp="70" pin="0"/><net_sink comp="140" pin=0"/></net>

<net id="146"><net_src comp="48" pin="0"/><net_sink comp="140" pin=1"/></net>

<net id="147"><net_src comp="134" pin="2"/><net_sink comp="140" pin=2"/></net>

<net id="158"><net_src comp="84" pin="0"/><net_sink comp="148" pin=0"/></net>

<net id="159"><net_src comp="0" pin="0"/><net_sink comp="148" pin=1"/></net>

<net id="160"><net_src comp="2" pin="0"/><net_sink comp="148" pin=2"/></net>

<net id="161"><net_src comp="4" pin="0"/><net_sink comp="148" pin=3"/></net>

<net id="162"><net_src comp="6" pin="0"/><net_sink comp="148" pin=4"/></net>

<net id="163"><net_src comp="8" pin="0"/><net_sink comp="148" pin=5"/></net>

<net id="164"><net_src comp="10" pin="0"/><net_sink comp="148" pin=6"/></net>

<net id="165"><net_src comp="12" pin="0"/><net_sink comp="148" pin=7"/></net>

<net id="171"><net_src comp="14" pin="0"/><net_sink comp="166" pin=0"/></net>

<net id="172"><net_src comp="98" pin="0"/><net_sink comp="166" pin=1"/></net>

<net id="178"><net_src comp="30" pin="0"/><net_sink comp="173" pin=0"/></net>

<net id="179"><net_src comp="98" pin="0"/><net_sink comp="173" pin=1"/></net>

<net id="185"><net_src comp="166" pin="3"/><net_sink comp="180" pin=0"/></net>

<net id="191"><net_src comp="173" pin="3"/><net_sink comp="186" pin=0"/></net>

<net id="197"><net_src comp="16" pin="0"/><net_sink comp="192" pin=0"/></net>

<net id="198"><net_src comp="98" pin="0"/><net_sink comp="192" pin=1"/></net>

<net id="204"><net_src comp="32" pin="0"/><net_sink comp="199" pin=0"/></net>

<net id="205"><net_src comp="98" pin="0"/><net_sink comp="199" pin=1"/></net>

<net id="211"><net_src comp="192" pin="3"/><net_sink comp="206" pin=0"/></net>

<net id="217"><net_src comp="199" pin="3"/><net_sink comp="212" pin=0"/></net>

<net id="223"><net_src comp="18" pin="0"/><net_sink comp="218" pin=0"/></net>

<net id="224"><net_src comp="98" pin="0"/><net_sink comp="218" pin=1"/></net>

<net id="230"><net_src comp="34" pin="0"/><net_sink comp="225" pin=0"/></net>

<net id="231"><net_src comp="98" pin="0"/><net_sink comp="225" pin=1"/></net>

<net id="237"><net_src comp="218" pin="3"/><net_sink comp="232" pin=0"/></net>

<net id="243"><net_src comp="225" pin="3"/><net_sink comp="238" pin=0"/></net>

<net id="249"><net_src comp="20" pin="0"/><net_sink comp="244" pin=0"/></net>

<net id="250"><net_src comp="98" pin="0"/><net_sink comp="244" pin=1"/></net>

<net id="256"><net_src comp="36" pin="0"/><net_sink comp="251" pin=0"/></net>

<net id="257"><net_src comp="98" pin="0"/><net_sink comp="251" pin=1"/></net>

<net id="263"><net_src comp="244" pin="3"/><net_sink comp="258" pin=0"/></net>

<net id="269"><net_src comp="251" pin="3"/><net_sink comp="264" pin=0"/></net>

<net id="275"><net_src comp="22" pin="0"/><net_sink comp="270" pin=0"/></net>

<net id="276"><net_src comp="98" pin="0"/><net_sink comp="270" pin=1"/></net>

<net id="282"><net_src comp="38" pin="0"/><net_sink comp="277" pin=0"/></net>

<net id="283"><net_src comp="98" pin="0"/><net_sink comp="277" pin=1"/></net>

<net id="289"><net_src comp="270" pin="3"/><net_sink comp="284" pin=0"/></net>

<net id="295"><net_src comp="277" pin="3"/><net_sink comp="290" pin=0"/></net>

<net id="301"><net_src comp="24" pin="0"/><net_sink comp="296" pin=0"/></net>

<net id="302"><net_src comp="98" pin="0"/><net_sink comp="296" pin=1"/></net>

<net id="308"><net_src comp="40" pin="0"/><net_sink comp="303" pin=0"/></net>

<net id="309"><net_src comp="98" pin="0"/><net_sink comp="303" pin=1"/></net>

<net id="315"><net_src comp="296" pin="3"/><net_sink comp="310" pin=0"/></net>

<net id="321"><net_src comp="303" pin="3"/><net_sink comp="316" pin=0"/></net>

<net id="327"><net_src comp="26" pin="0"/><net_sink comp="322" pin=0"/></net>

<net id="328"><net_src comp="98" pin="0"/><net_sink comp="322" pin=1"/></net>

<net id="334"><net_src comp="42" pin="0"/><net_sink comp="329" pin=0"/></net>

<net id="335"><net_src comp="98" pin="0"/><net_sink comp="329" pin=1"/></net>

<net id="341"><net_src comp="322" pin="3"/><net_sink comp="336" pin=0"/></net>

<net id="347"><net_src comp="329" pin="3"/><net_sink comp="342" pin=0"/></net>

<net id="353"><net_src comp="28" pin="0"/><net_sink comp="348" pin=0"/></net>

<net id="354"><net_src comp="98" pin="0"/><net_sink comp="348" pin=1"/></net>

<net id="360"><net_src comp="44" pin="0"/><net_sink comp="355" pin=0"/></net>

<net id="361"><net_src comp="98" pin="0"/><net_sink comp="355" pin=1"/></net>

<net id="367"><net_src comp="348" pin="3"/><net_sink comp="362" pin=0"/></net>

<net id="373"><net_src comp="355" pin="3"/><net_sink comp="368" pin=0"/></net>

<net id="377"><net_src comp="72" pin="0"/><net_sink comp="374" pin=0"/></net>

<net id="384"><net_src comp="374" pin="1"/><net_sink comp="378" pin=0"/></net>

<net id="385"><net_src comp="378" pin="4"/><net_sink comp="374" pin=0"/></net>

<net id="389"><net_src comp="74" pin="0"/><net_sink comp="386" pin=0"/></net>

<net id="396"><net_src comp="386" pin="1"/><net_sink comp="390" pin=0"/></net>

<net id="401"><net_src comp="390" pin="4"/><net_sink comp="397" pin=0"/></net>

<net id="402"><net_src comp="76" pin="0"/><net_sink comp="397" pin=1"/></net>

<net id="407"><net_src comp="390" pin="4"/><net_sink comp="403" pin=0"/></net>

<net id="408"><net_src comp="82" pin="0"/><net_sink comp="403" pin=1"/></net>

<net id="412"><net_src comp="390" pin="4"/><net_sink comp="409" pin=0"/></net>

<net id="419"><net_src comp="86" pin="0"/><net_sink comp="413" pin=0"/></net>

<net id="420"><net_src comp="390" pin="4"/><net_sink comp="413" pin=1"/></net>

<net id="421"><net_src comp="56" pin="0"/><net_sink comp="413" pin=2"/></net>

<net id="422"><net_src comp="88" pin="0"/><net_sink comp="413" pin=3"/></net>

<net id="426"><net_src comp="148" pin="8"/><net_sink comp="423" pin=0"/></net>

<net id="430"><net_src comp="423" pin="1"/><net_sink comp="427" pin=0"/></net>

<net id="431"><net_src comp="427" pin="1"/><net_sink comp="180" pin=1"/></net>

<net id="432"><net_src comp="427" pin="1"/><net_sink comp="186" pin=1"/></net>

<net id="436"><net_src comp="433" pin="1"/><net_sink comp="166" pin=2"/></net>

<net id="437"><net_src comp="433" pin="1"/><net_sink comp="173" pin=2"/></net>

<net id="438"><net_src comp="433" pin="1"/><net_sink comp="192" pin=2"/></net>

<net id="439"><net_src comp="433" pin="1"/><net_sink comp="199" pin=2"/></net>

<net id="440"><net_src comp="433" pin="1"/><net_sink comp="218" pin=2"/></net>

<net id="441"><net_src comp="433" pin="1"/><net_sink comp="225" pin=2"/></net>

<net id="442"><net_src comp="433" pin="1"/><net_sink comp="244" pin=2"/></net>

<net id="443"><net_src comp="433" pin="1"/><net_sink comp="251" pin=2"/></net>

<net id="444"><net_src comp="433" pin="1"/><net_sink comp="270" pin=2"/></net>

<net id="445"><net_src comp="433" pin="1"/><net_sink comp="277" pin=2"/></net>

<net id="446"><net_src comp="433" pin="1"/><net_sink comp="296" pin=2"/></net>

<net id="447"><net_src comp="433" pin="1"/><net_sink comp="303" pin=2"/></net>

<net id="448"><net_src comp="433" pin="1"/><net_sink comp="322" pin=2"/></net>

<net id="449"><net_src comp="433" pin="1"/><net_sink comp="329" pin=2"/></net>

<net id="450"><net_src comp="433" pin="1"/><net_sink comp="348" pin=2"/></net>

<net id="451"><net_src comp="433" pin="1"/><net_sink comp="355" pin=2"/></net>

<net id="455"><net_src comp="427" pin="1"/><net_sink comp="452" pin=0"/></net>

<net id="460"><net_src comp="452" pin="1"/><net_sink comp="456" pin=0"/></net>

<net id="461"><net_src comp="452" pin="1"/><net_sink comp="456" pin=1"/></net>

<net id="467"><net_src comp="100" pin="0"/><net_sink comp="462" pin=0"/></net>

<net id="468"><net_src comp="456" pin="2"/><net_sink comp="462" pin=1"/></net>

<net id="469"><net_src comp="102" pin="0"/><net_sink comp="462" pin=2"/></net>

<net id="476"><net_src comp="104" pin="0"/><net_sink comp="470" pin=0"/></net>

<net id="477"><net_src comp="423" pin="1"/><net_sink comp="470" pin=1"/></net>

<net id="478"><net_src comp="106" pin="0"/><net_sink comp="470" pin=2"/></net>

<net id="479"><net_src comp="108" pin="0"/><net_sink comp="470" pin=3"/></net>

<net id="480"><net_src comp="470" pin="4"/><net_sink comp="206" pin=1"/></net>

<net id="481"><net_src comp="470" pin="4"/><net_sink comp="212" pin=1"/></net>

<net id="485"><net_src comp="470" pin="4"/><net_sink comp="482" pin=0"/></net>

<net id="490"><net_src comp="482" pin="1"/><net_sink comp="486" pin=0"/></net>

<net id="491"><net_src comp="482" pin="1"/><net_sink comp="486" pin=1"/></net>

<net id="497"><net_src comp="100" pin="0"/><net_sink comp="492" pin=0"/></net>

<net id="498"><net_src comp="486" pin="2"/><net_sink comp="492" pin=1"/></net>

<net id="499"><net_src comp="102" pin="0"/><net_sink comp="492" pin=2"/></net>

<net id="506"><net_src comp="104" pin="0"/><net_sink comp="500" pin=0"/></net>

<net id="507"><net_src comp="423" pin="1"/><net_sink comp="500" pin=1"/></net>

<net id="508"><net_src comp="68" pin="0"/><net_sink comp="500" pin=2"/></net>

<net id="509"><net_src comp="110" pin="0"/><net_sink comp="500" pin=3"/></net>

<net id="510"><net_src comp="500" pin="4"/><net_sink comp="232" pin=1"/></net>

<net id="511"><net_src comp="500" pin="4"/><net_sink comp="238" pin=1"/></net>

<net id="515"><net_src comp="500" pin="4"/><net_sink comp="512" pin=0"/></net>

<net id="520"><net_src comp="512" pin="1"/><net_sink comp="516" pin=0"/></net>

<net id="521"><net_src comp="512" pin="1"/><net_sink comp="516" pin=1"/></net>

<net id="528"><net_src comp="104" pin="0"/><net_sink comp="522" pin=0"/></net>

<net id="529"><net_src comp="423" pin="1"/><net_sink comp="522" pin=1"/></net>

<net id="530"><net_src comp="112" pin="0"/><net_sink comp="522" pin=2"/></net>

<net id="531"><net_src comp="114" pin="0"/><net_sink comp="522" pin=3"/></net>

<net id="532"><net_src comp="522" pin="4"/><net_sink comp="258" pin=1"/></net>

<net id="533"><net_src comp="522" pin="4"/><net_sink comp="264" pin=1"/></net>

<net id="537"><net_src comp="522" pin="4"/><net_sink comp="534" pin=0"/></net>

<net id="542"><net_src comp="534" pin="1"/><net_sink comp="538" pin=0"/></net>

<net id="543"><net_src comp="534" pin="1"/><net_sink comp="538" pin=1"/></net>

<net id="550"><net_src comp="104" pin="0"/><net_sink comp="544" pin=0"/></net>

<net id="551"><net_src comp="423" pin="1"/><net_sink comp="544" pin=1"/></net>

<net id="552"><net_src comp="116" pin="0"/><net_sink comp="544" pin=2"/></net>

<net id="553"><net_src comp="118" pin="0"/><net_sink comp="544" pin=3"/></net>

<net id="554"><net_src comp="544" pin="4"/><net_sink comp="284" pin=1"/></net>

<net id="555"><net_src comp="544" pin="4"/><net_sink comp="290" pin=1"/></net>

<net id="559"><net_src comp="544" pin="4"/><net_sink comp="556" pin=0"/></net>

<net id="564"><net_src comp="556" pin="1"/><net_sink comp="560" pin=0"/></net>

<net id="565"><net_src comp="556" pin="1"/><net_sink comp="560" pin=1"/></net>

<net id="571"><net_src comp="100" pin="0"/><net_sink comp="566" pin=0"/></net>

<net id="572"><net_src comp="560" pin="2"/><net_sink comp="566" pin=1"/></net>

<net id="573"><net_src comp="102" pin="0"/><net_sink comp="566" pin=2"/></net>

<net id="580"><net_src comp="104" pin="0"/><net_sink comp="574" pin=0"/></net>

<net id="581"><net_src comp="423" pin="1"/><net_sink comp="574" pin=1"/></net>

<net id="582"><net_src comp="120" pin="0"/><net_sink comp="574" pin=2"/></net>

<net id="583"><net_src comp="122" pin="0"/><net_sink comp="574" pin=3"/></net>

<net id="584"><net_src comp="574" pin="4"/><net_sink comp="310" pin=1"/></net>

<net id="585"><net_src comp="574" pin="4"/><net_sink comp="316" pin=1"/></net>

<net id="589"><net_src comp="574" pin="4"/><net_sink comp="586" pin=0"/></net>

<net id="594"><net_src comp="586" pin="1"/><net_sink comp="590" pin=0"/></net>

<net id="595"><net_src comp="586" pin="1"/><net_sink comp="590" pin=1"/></net>

<net id="601"><net_src comp="100" pin="0"/><net_sink comp="596" pin=0"/></net>

<net id="602"><net_src comp="590" pin="2"/><net_sink comp="596" pin=1"/></net>

<net id="603"><net_src comp="102" pin="0"/><net_sink comp="596" pin=2"/></net>

<net id="610"><net_src comp="104" pin="0"/><net_sink comp="604" pin=0"/></net>

<net id="611"><net_src comp="423" pin="1"/><net_sink comp="604" pin=1"/></net>

<net id="612"><net_src comp="124" pin="0"/><net_sink comp="604" pin=2"/></net>

<net id="613"><net_src comp="126" pin="0"/><net_sink comp="604" pin=3"/></net>

<net id="614"><net_src comp="604" pin="4"/><net_sink comp="336" pin=1"/></net>

<net id="615"><net_src comp="604" pin="4"/><net_sink comp="342" pin=1"/></net>

<net id="619"><net_src comp="604" pin="4"/><net_sink comp="616" pin=0"/></net>

<net id="624"><net_src comp="616" pin="1"/><net_sink comp="620" pin=0"/></net>

<net id="625"><net_src comp="616" pin="1"/><net_sink comp="620" pin=1"/></net>

<net id="632"><net_src comp="104" pin="0"/><net_sink comp="626" pin=0"/></net>

<net id="633"><net_src comp="423" pin="1"/><net_sink comp="626" pin=1"/></net>

<net id="634"><net_src comp="128" pin="0"/><net_sink comp="626" pin=2"/></net>

<net id="635"><net_src comp="130" pin="0"/><net_sink comp="626" pin=3"/></net>

<net id="636"><net_src comp="626" pin="4"/><net_sink comp="362" pin=1"/></net>

<net id="637"><net_src comp="626" pin="4"/><net_sink comp="368" pin=1"/></net>

<net id="641"><net_src comp="626" pin="4"/><net_sink comp="638" pin=0"/></net>

<net id="646"><net_src comp="638" pin="1"/><net_sink comp="642" pin=0"/></net>

<net id="647"><net_src comp="638" pin="1"/><net_sink comp="642" pin=1"/></net>

<net id="652"><net_src comp="492" pin="3"/><net_sink comp="648" pin=0"/></net>

<net id="653"><net_src comp="462" pin="3"/><net_sink comp="648" pin=1"/></net>

<net id="658"><net_src comp="596" pin="3"/><net_sink comp="654" pin=0"/></net>

<net id="659"><net_src comp="566" pin="3"/><net_sink comp="654" pin=1"/></net>

<net id="665"><net_src comp="100" pin="0"/><net_sink comp="660" pin=0"/></net>

<net id="666"><net_src comp="102" pin="0"/><net_sink comp="660" pin=2"/></net>

<net id="672"><net_src comp="100" pin="0"/><net_sink comp="667" pin=0"/></net>

<net id="673"><net_src comp="102" pin="0"/><net_sink comp="667" pin=2"/></net>

<net id="679"><net_src comp="100" pin="0"/><net_sink comp="674" pin=0"/></net>

<net id="680"><net_src comp="102" pin="0"/><net_sink comp="674" pin=2"/></net>

<net id="686"><net_src comp="100" pin="0"/><net_sink comp="681" pin=0"/></net>

<net id="687"><net_src comp="102" pin="0"/><net_sink comp="681" pin=2"/></net>

<net id="692"><net_src comp="667" pin="3"/><net_sink comp="688" pin=0"/></net>

<net id="693"><net_src comp="660" pin="3"/><net_sink comp="688" pin=1"/></net>

<net id="698"><net_src comp="688" pin="2"/><net_sink comp="694" pin=1"/></net>

<net id="703"><net_src comp="681" pin="3"/><net_sink comp="699" pin=0"/></net>

<net id="704"><net_src comp="674" pin="3"/><net_sink comp="699" pin=1"/></net>

<net id="709"><net_src comp="699" pin="2"/><net_sink comp="705" pin=1"/></net>

<net id="714"><net_src comp="694" pin="2"/><net_sink comp="710" pin=0"/></net>

<net id="715"><net_src comp="705" pin="2"/><net_sink comp="710" pin=1"/></net>

<net id="720"><net_src comp="710" pin="2"/><net_sink comp="716" pin=0"/></net>

<net id="721"><net_src comp="374" pin="1"/><net_sink comp="716" pin=1"/></net>

<net id="725"><net_src comp="397" pin="2"/><net_sink comp="722" pin=0"/></net>

<net id="729"><net_src comp="403" pin="2"/><net_sink comp="726" pin=0"/></net>

<net id="730"><net_src comp="726" pin="1"/><net_sink comp="390" pin=2"/></net>

<net id="734"><net_src comp="409" pin="1"/><net_sink comp="731" pin=0"/></net>

<net id="738"><net_src comp="413" pin="4"/><net_sink comp="735" pin=0"/></net>

<net id="739"><net_src comp="735" pin="1"/><net_sink comp="433" pin=0"/></net>

<net id="743"><net_src comp="516" pin="2"/><net_sink comp="740" pin=0"/></net>

<net id="744"><net_src comp="740" pin="1"/><net_sink comp="660" pin=1"/></net>

<net id="748"><net_src comp="538" pin="2"/><net_sink comp="745" pin=0"/></net>

<net id="749"><net_src comp="745" pin="1"/><net_sink comp="667" pin=1"/></net>

<net id="753"><net_src comp="620" pin="2"/><net_sink comp="750" pin=0"/></net>

<net id="754"><net_src comp="750" pin="1"/><net_sink comp="674" pin=1"/></net>

<net id="758"><net_src comp="642" pin="2"/><net_sink comp="755" pin=0"/></net>

<net id="759"><net_src comp="755" pin="1"/><net_sink comp="681" pin=1"/></net>

<net id="763"><net_src comp="648" pin="2"/><net_sink comp="760" pin=0"/></net>

<net id="764"><net_src comp="760" pin="1"/><net_sink comp="694" pin=0"/></net>

<net id="768"><net_src comp="654" pin="2"/><net_sink comp="765" pin=0"/></net>

<net id="769"><net_src comp="765" pin="1"/><net_sink comp="705" pin=0"/></net>

<net id="773"><net_src comp="716" pin="2"/><net_sink comp="770" pin=0"/></net>

<net id="774"><net_src comp="770" pin="1"/><net_sink comp="378" pin=2"/></net>

</net_list>

</model> 
---------------- Datapath Model END ------------------

* FSMD analyzer results:
  - Output states:
	Port: in_stream_V_data_V | {}
	Port: in_stream_V_keep_V | {}
	Port: in_stream_V_strb_V | {}
	Port: in_stream_V_user_V | {}
	Port: in_stream_V_last_V | {}
	Port: in_stream_V_id_V | {}
	Port: in_stream_V_dest_V | {}
	Port: x_local_0_V | {3 }
	Port: x_local_1_V | {3 }
	Port: x_local_2_V | {3 }
	Port: x_local_3_V | {3 }
	Port: x_local_4_V | {3 }
	Port: x_local_5_V | {3 }
	Port: x_local_6_V | {3 }
	Port: x_local_7_V | {3 }
	Port: x_local_8_V | {3 }
	Port: x_local_9_V | {3 }
	Port: x_local_10_V | {3 }
	Port: x_local_11_V | {3 }
	Port: x_local_12_V | {3 }
	Port: x_local_13_V | {3 }
	Port: x_local_14_V | {3 }
	Port: x_local_15_V | {3 }
	Port: n_0_i_i_out | {1 }
 - Input state : 
	Port: load_and_calc_norm61 : in_stream_V_data_V | {2 }
	Port: load_and_calc_norm61 : in_stream_V_keep_V | {2 }
	Port: load_and_calc_norm61 : in_stream_V_strb_V | {2 }
	Port: load_and_calc_norm61 : in_stream_V_user_V | {2 }
	Port: load_and_calc_norm61 : in_stream_V_last_V | {2 }
	Port: load_and_calc_norm61 : in_stream_V_id_V | {2 }
	Port: load_and_calc_norm61 : in_stream_V_dest_V | {2 }
	Port: load_and_calc_norm61 : n_0_i_i | {1 }
  - Chain level:
	State 1
	State 2
		exitcond1_i_i : 1
		i : 1
		StgValue_79 : 2
		tmp_2 : 1
		tmp_2_cast_i_i : 1
		StgValue_83 : 2
		StgValue_84 : 2
		StgValue_85 : 2
		StgValue_86 : 2
		StgValue_87 : 2
		StgValue_88 : 2
		StgValue_89 : 2
		StgValue_90 : 2
	State 3
		tmp_3 : 1
		x_local_0_V_addr : 1
		x_local_8_V_addr : 1
		StgValue_100 : 2
		StgValue_102 : 2
		OP1_V_i_i : 2
		r_V_i_i : 3
		tmp_9_i_i : 4
		p_Result_1_i_i : 1
		x_local_1_V_addr : 1
		x_local_9_V_addr : 1
		StgValue_110 : 2
		StgValue_112 : 2
		OP1_V_1_i_i : 2
		r_V_1_i_i : 3
		tmp_9_1_i_i : 4
		p_Result_2_i_i : 1
		x_local_2_V_addr : 1
		x_local_10_V_addr : 1
		StgValue_120 : 2
		StgValue_122 : 2
		OP1_V_2_i_i : 2
		r_V_2_i_i : 3
		p_Result_3_i_i : 1
		x_local_3_V_addr : 1
		x_local_11_V_addr : 1
		StgValue_129 : 2
		StgValue_131 : 2
		OP1_V_3_i_i : 2
		r_V_3_i_i : 3
		p_Result_4_i_i : 1
		x_local_4_V_addr : 1
		x_local_12_V_addr : 1
		StgValue_138 : 2
		StgValue_140 : 2
		OP1_V_4_i_i : 2
		r_V_4_i_i : 3
		tmp_9_4_i_i : 4
		p_Result_5_i_i : 1
		x_local_5_V_addr : 1
		x_local_13_V_addr : 1
		StgValue_148 : 2
		StgValue_150 : 2
		OP1_V_5_i_i : 2
		r_V_5_i_i : 3
		tmp_9_5_i_i : 4
		p_Result_6_i_i : 1
		x_local_6_V_addr : 1
		x_local_14_V_addr : 1
		StgValue_158 : 2
		StgValue_160 : 2
		OP1_V_6_i_i : 2
		r_V_6_i_i : 3
		p_Result_7_i_i : 1
		x_local_7_V_addr : 1
		x_local_15_V_addr : 1
		StgValue_167 : 2
		StgValue_169 : 2
		OP1_V_7_i_i : 2
		r_V_7_i_i : 3
		tmp1 : 5
		tmp4 : 5
	State 4
		tmp2 : 1
		tmp : 2
		tmp5 : 1
		tmp3 : 2
		tmp_1 : 3
		p_Val2_4_7_i_i : 4
	State 5


============================================================
+ Verbose Summary: Datapath Resource usage 
============================================================

* Functional unit list:
|----------|--------------------------|---------|---------|---------|
| Operation|      Functional Unit     |  DSP48E |    FF   |   LUT   |
|----------|--------------------------|---------|---------|---------|
|          |      r_V_i_i_fu_456      |    0    |    0    |    41   |
|          |     r_V_1_i_i_fu_486     |    0    |    0    |    41   |
|          |     r_V_2_i_i_fu_516     |    0    |    0    |    41   |
|    mul   |     r_V_3_i_i_fu_538     |    0    |    0    |    41   |
|          |     r_V_4_i_i_fu_560     |    0    |    0    |    41   |
|          |     r_V_5_i_i_fu_590     |    0    |    0    |    41   |
|          |     r_V_6_i_i_fu_620     |    0    |    0    |    41   |
|          |     r_V_7_i_i_fu_642     |    0    |    0    |    41   |
|----------|--------------------------|---------|---------|---------|
|          |         i_fu_403         |    0    |    0    |    15   |
|          |        tmp1_fu_648       |    0    |    0    |    31   |
|          |        tmp4_fu_654       |    0    |    0    |    31   |
|          |        tmp2_fu_688       |    0    |    0    |    32   |
|    add   |        tmp_fu_694        |    0    |    0    |    32   |
|          |        tmp5_fu_699       |    0    |    0    |    32   |
|          |        tmp3_fu_705       |    0    |    0    |    32   |
|          |       tmp_1_fu_710       |    0    |    0    |    32   |
|          |   p_Val2_4_7_i_i_fu_716  |    0    |    0    |    32   |
|----------|--------------------------|---------|---------|---------|
|   icmp   |   exitcond1_i_i_fu_397   |    0    |    0    |    11   |
|----------|--------------------------|---------|---------|---------|
|   read   | n_0_i_i_read_read_fu_134 |    0    |    0    |    0    |
|          |      grp_read_fu_148     |    0    |    0    |    0    |
|----------|--------------------------|---------|---------|---------|
|   write  | StgValue_64_write_fu_140 |    0    |    0    |    0    |
|----------|--------------------------|---------|---------|---------|
|   trunc  |       tmp_2_fu_409       |    0    |    0    |    0    |
|          |       tmp_3_fu_427       |    0    |    0    |    0    |
|----------|--------------------------|---------|---------|---------|
|          |   tmp_2_cast_i_i_fu_413  |    0    |    0    |    0    |
|          |   p_Result_1_i_i_fu_470  |    0    |    0    |    0    |
|          |   p_Result_2_i_i_fu_500  |    0    |    0    |    0    |
|partselect|   p_Result_3_i_i_fu_522  |    0    |    0    |    0    |
|          |   p_Result_4_i_i_fu_544  |    0    |    0    |    0    |
|          |   p_Result_5_i_i_fu_574  |    0    |    0    |    0    |
|          |   p_Result_6_i_i_fu_604  |    0    |    0    |    0    |
|          |   p_Result_7_i_i_fu_626  |    0    |    0    |    0    |
|----------|--------------------------|---------|---------|---------|
|extractvalue|     tmp_data_V_fu_423    |    0    |    0    |    0    |
|----------|--------------------------|---------|---------|---------|
|   zext   |   newIndex1_i_i_fu_433   |    0    |    0    |    0    |
|----------|--------------------------|---------|---------|---------|
|          |     OP1_V_i_i_fu_452     |    0    |    0    |    0    |
|          |    OP1_V_1_i_i_fu_482    |    0    |    0    |    0    |
|          |    OP1_V_2_i_i_fu_512    |    0    |    0    |    0    |
|   sext   |    OP1_V_3_i_i_fu_534    |    0    |    0    |    0    |
|          |    OP1_V_4_i_i_fu_556    |    0    |    0    |    0    |
|          |    OP1_V_5_i_i_fu_586    |    0    |    0    |    0    |
|          |    OP1_V_6_i_i_fu_616    |    0    |    0    |    0    |
|          |    OP1_V_7_i_i_fu_638    |    0    |    0    |    0    |
|----------|--------------------------|---------|---------|---------|
|          |     tmp_9_i_i_fu_462     |    0    |    0    |    0    |
|          |    tmp_9_1_i_i_fu_492    |    0    |    0    |    0    |
|          |    tmp_9_4_i_i_fu_566    |    0    |    0    |    0    |
|bitconcatenate|    tmp_9_5_i_i_fu_596    |    0    |    0    |    0    |
|          |    tmp_9_2_i_i_fu_660    |    0    |    0    |    0    |
|          |    tmp_9_3_i_i_fu_667    |    0    |    0    |    0    |
|          |    tmp_9_6_i_i_fu_674    |    0    |    0    |    0    |
|          |    tmp_9_7_i_i_fu_681    |    0    |    0    |    0    |
|----------|--------------------------|---------|---------|---------|
|   Total  |                          |    0    |    0    |   608   |
|----------|--------------------------|---------|---------|---------|

Memories:
N/A

* Register list:
+-------------------------+--------+
|                         |   FF   |
+-------------------------+--------+
|calculated_norm_V_reg_374|   24   |
|  exitcond1_i_i_reg_722  |    1   |
|      i_i_i_reg_386      |    7   |
|        i_reg_726        |    7   |
|  p_Val2_4_7_i_i_reg_770 |   24   |
|    r_V_2_i_i_reg_740    |   16   |
|    r_V_3_i_i_reg_745    |   16   |
|    r_V_6_i_i_reg_750    |   16   |
|    r_V_7_i_i_reg_755    |   16   |
|       tmp1_reg_760      |   24   |
|       tmp4_reg_765      |   24   |
|  tmp_2_cast_i_i_reg_735 |    6   |
|      tmp_2_reg_731      |    1   |
+-------------------------+--------+
|          Total          |   182  |
+-------------------------+--------+

* Multiplexer (MUX) list: 
|---------------------------|------|------|------|--------||---------||---------|
|            Comp           |  Pin | Size |  BW  | S x BW ||  Delay  ||   LUT   |
|---------------------------|------|------|------|--------||---------||---------|
| calculated_norm_V_reg_374 |  p0  |   2  |  24  |   48   ||    9    |
|---------------------------|------|------|------|--------||---------||---------|
|           Total           |      |      |      |   48   ||  1.769  ||    9    |
|---------------------------|------|------|------|--------||---------||---------|



* Summary:
+-----------+--------+--------+--------+--------+
|           | DSP48E |  Delay |   FF   |   LUT  |
+-----------+--------+--------+--------+--------+
|  Function |    0   |    -   |    0   |   608  |
|   Memory  |    -   |    -   |    -   |    -   |
|Multiplexer|    -   |    1   |    -   |    9   |
|  Register |    -   |    -   |   182  |    -   |
+-----------+--------+--------+--------+--------+
|   Total   |    0   |    1   |   182  |   617  |
+-----------+--------+--------+--------+--------+
