

================================================================
== Vivado HLS Report for 'load_and_calc_norm'
================================================================
* Date:           Wed Feb 18 17:52:14 2026

* Version:        2018.2 (Build 2258646 on Thu Jun 14 20:25:20 MDT 2018)
* Project:        ADSD
* Solution:       solution1
* Product family: zynq
* Target device:  xc7z020clg484-1


================================================================
== Performance Estimates
================================================================
+ Timing (ns): 
    * Summary: 
    +--------+-------+----------+------------+
    |  Clock | Target| Estimated| Uncertainty|
    +--------+-------+----------+------------+
    |ap_clk  |  10.00|     8.274|        1.25|
    +--------+-------+----------+------------+

+ Latency (clock cycles): 
    * Summary: 
    +-----+-----+-----+-----+---------+
    |  Latency  |  Interval | Pipeline|
    | min | max | min | max |   Type  |
    +-----+-----+-----+-----+---------+
    |  101|  101|  101|  101|   none  |
    +-----+-----+-----+-----+---------+

    + Detail: 
        * Instance: 
        N/A

        * Loop: 
        +-------------+-----+-----+----------+-----------+-----------+------+----------+
        |             |  Latency  | Iteration|  Initiation Interval  | Trip |          |
        |  Loop Name  | min | max |  Latency |  achieved |   target  | Count| Pipelined|
        +-------------+-----+-----+----------+-----------+-----------+------+----------+
        |- load_loop  |   99|   99|         3|          1|          1|    98|    yes   |
        +-------------+-----+-----+----------+-----------+-----------+------+----------+



================================================================
== Utilization Estimates
================================================================
* Summary: 
+-----------------+---------+-------+--------+-------+
|       Name      | BRAM_18K| DSP48E|   FF   |  LUT  |
+-----------------+---------+-------+--------+-------+
|DSP              |        -|      -|       -|      -|
|Expression       |        -|      0|       0|    630|
|FIFO             |        -|      -|       -|      -|
|Instance         |        -|      -|       -|      -|
|Memory           |        -|      -|       -|      -|
|Multiplexer      |        -|      -|       -|    114|
|Register         |        -|      -|     277|      -|
+-----------------+---------+-------+--------+-------+
|Total            |        0|      0|     277|    744|
+-----------------+---------+-------+--------+-------+
|Available        |      280|    220|  106400|  53200|
+-----------------+---------+-------+--------+-------+
|Utilization (%)  |        0|      0|   ~0   |      1|
+-----------------+---------+-------+--------+-------+

+ Detail: 
    * Instance: 
    N/A

    * DSP48: 
    N/A

    * Memory: 
    N/A

    * FIFO: 
    N/A

    * Expression: 
    +-------------------------------------+----------+-------+---+----+------------+------------+
    |            Variable Name            | Operation| DSP48E| FF| LUT| Bitwidth P0| Bitwidth P1|
    +-------------------------------------+----------+-------+---+----+------------+------------+
    |r_V_1_fu_460_p2                      |     *    |      0|  0|  41|           8|           8|
    |r_V_2_fu_490_p2                      |     *    |      0|  0|  41|           8|           8|
    |r_V_3_fu_512_p2                      |     *    |      0|  0|  41|           8|           8|
    |r_V_4_fu_534_p2                      |     *    |      0|  0|  41|           8|           8|
    |r_V_5_fu_564_p2                      |     *    |      0|  0|  41|           8|           8|
    |r_V_6_fu_594_p2                      |     *    |      0|  0|  41|           8|           8|
    |r_V_7_fu_616_p2                      |     *    |      0|  0|  41|           8|           8|
    |r_V_fu_430_p2                        |     *    |      0|  0|  41|           8|           8|
    |i_1_fu_377_p2                        |     +    |      0|  0|  15|           7|           1|
    |p_Val2_4_7_fu_690_p2                 |     +    |      0|  0|  32|          24|          24|
    |tmp1_fu_668_p2                       |     +    |      0|  0|  32|          24|          24|
    |tmp2_fu_622_p2                       |     +    |      0|  0|  31|          24|          24|
    |tmp3_fu_662_p2                       |     +    |      0|  0|  32|          24|          24|
    |tmp4_fu_679_p2                       |     +    |      0|  0|  32|          24|          24|
    |tmp5_fu_628_p2                       |     +    |      0|  0|  31|          24|          24|
    |tmp6_fu_673_p2                       |     +    |      0|  0|  32|          24|          24|
    |tmp_1_fu_684_p2                      |     +    |      0|  0|  32|          24|          24|
    |ap_block_pp0_stage0_11001            |    and   |      0|  0|   2|           1|           1|
    |ap_block_state3_pp0_stage0_iter1     |    and   |      0|  0|   2|           1|           1|
    |in_stream_V_data_V_0_load_A          |    and   |      0|  0|   2|           1|           1|
    |in_stream_V_data_V_0_load_B          |    and   |      0|  0|   2|           1|           1|
    |exitcond1_fu_371_p2                  |   icmp   |      0|  0|  11|           7|           6|
    |in_stream_V_data_V_0_state_cmp_full  |   icmp   |      0|  0|   8|           2|           1|
    |ap_block_state1                      |    or    |      0|  0|   2|           1|           1|
    |ap_enable_pp0                        |    xor   |      0|  0|   2|           1|           2|
    |ap_enable_reg_pp0_iter1              |    xor   |      0|  0|   2|           2|           1|
    +-------------------------------------+----------+-------+---+----+------------+------------+
    |Total                                |          |      0|  0| 630|         280|         272|
    +-------------------------------------+----------+-------+---+----+------------+------------+

    * Multiplexer: 
    +-------------------------------+----+-----------+-----+-----------+
    |              Name             | LUT| Input Size| Bits| Total Bits|
    +-------------------------------+----+-----------+-----+-----------+
    |ap_NS_fsm                      |  21|          4|    1|          4|
    |ap_done                        |   9|          2|    1|          2|
    |ap_enable_reg_pp0_iter1        |   9|          2|    1|          2|
    |ap_enable_reg_pp0_iter2        |   9|          2|    1|          2|
    |calculated_norm_V_reg_348      |   9|          2|   24|         48|
    |i_reg_360                      |   9|          2|    7|         14|
    |in_stream_TDATA_blk_n          |   9|          2|    1|          2|
    |in_stream_V_data_V_0_data_out  |   9|          2|   64|        128|
    |in_stream_V_data_V_0_state     |  15|          3|    2|          6|
    |in_stream_V_dest_V_0_state     |  15|          3|    2|          6|
    +-------------------------------+----+-----------+-----+-----------+
    |Total                          | 114|         24|  104|        214|
    +-------------------------------+----+-----------+-----+-----------+

    * Register: 
    +---------------------------------+----+----+-----+-----------+
    |               Name              | FF | LUT| Bits| Const Bits|
    +---------------------------------+----+----+-----+-----------+
    |ap_CS_fsm                        |   3|   0|    3|          0|
    |ap_done_reg                      |   1|   0|    1|          0|
    |ap_enable_reg_pp0_iter0          |   1|   0|    1|          0|
    |ap_enable_reg_pp0_iter1          |   1|   0|    1|          0|
    |ap_enable_reg_pp0_iter2          |   1|   0|    1|          0|
    |calculated_norm_V_reg_348        |  24|   0|   24|          0|
    |exitcond1_reg_696                |   1|   0|    1|          0|
    |exitcond1_reg_696_pp0_iter1_reg  |   1|   0|    1|          0|
    |i_reg_360                        |   7|   0|    7|          0|
    |in_stream_V_data_V_0_payload_A   |  64|   0|   64|          0|
    |in_stream_V_data_V_0_payload_B   |  64|   0|   64|          0|
    |in_stream_V_data_V_0_sel_rd      |   1|   0|    1|          0|
    |in_stream_V_data_V_0_sel_wr      |   1|   0|    1|          0|
    |in_stream_V_data_V_0_state       |   2|   0|    2|          0|
    |in_stream_V_dest_V_0_state       |   2|   0|    2|          0|
    |r_V_2_reg_714                    |  16|   0|   16|          0|
    |r_V_3_reg_719                    |  16|   0|   16|          0|
    |r_V_6_reg_724                    |  16|   0|   16|          0|
    |r_V_7_reg_729                    |  16|   0|   16|          0|
    |tmp2_reg_734                     |  16|   0|   24|          8|
    |tmp5_reg_739                     |  16|   0|   24|          8|
    |tmp_2_cast_reg_709               |   6|   0|    6|          0|
    |tmp_2_reg_705                    |   1|   0|    1|          0|
    +---------------------------------+----+----+-----+-----------+
    |Total                            | 277|   0|  293|         16|
    +---------------------------------+----+----+-----+-----------+



================================================================
== Interface
================================================================
* Summary: 
+-----------------------+-----+-----+------------+--------------------+--------------+
|       RTL Ports       | Dir | Bits|  Protocol  |    Source Object   |    C Type    |
+-----------------------+-----+-----+------------+--------------------+--------------+
|ap_clk                 |  in |    1| ap_ctrl_hs | load_and_calc_norm | return value |
|ap_rst                 |  in |    1| ap_ctrl_hs | load_and_calc_norm | return value |
|ap_start               |  in |    1| ap_ctrl_hs | load_and_calc_norm | return value |
|ap_done                | out |    1| ap_ctrl_hs | load_and_calc_norm | return value |
|ap_continue            |  in |    1| ap_ctrl_hs | load_and_calc_norm | return value |
|ap_idle                | out |    1| ap_ctrl_hs | load_and_calc_norm | return value |
|ap_ready               | out |    1| ap_ctrl_hs | load_and_calc_norm | return value |
|ap_return              | out |   24| ap_ctrl_hs | load_and_calc_norm | return value |
|in_stream_TDATA        |  in |   64|    axis    | in_stream_V_data_V |    pointer   |
|in_stream_TVALID       |  in |    1|    axis    | in_stream_V_dest_V |    pointer   |
|in_stream_TREADY       | out |    1|    axis    | in_stream_V_dest_V |    pointer   |
|in_stream_TDEST        |  in |    1|    axis    | in_stream_V_dest_V |    pointer   |
|in_stream_TKEEP        |  in |    8|    axis    | in_stream_V_keep_V |    pointer   |
|in_stream_TSTRB        |  in |    8|    axis    | in_stream_V_strb_V |    pointer   |
|in_stream_TUSER        |  in |    1|    axis    | in_stream_V_user_V |    pointer   |
|in_stream_TLAST        |  in |    1|    axis    | in_stream_V_last_V |    pointer   |
|in_stream_TID          |  in |    1|    axis    |  in_stream_V_id_V  |    pointer   |
|x_local_0_V_address0   | out |    6|  ap_memory |     x_local_0_V    |     array    |
|x_local_0_V_ce0        | out |    1|  ap_memory |     x_local_0_V    |     array    |
|x_local_0_V_we0        | out |    1|  ap_memory |     x_local_0_V    |     array    |
|x_local_0_V_d0         | out |    8|  ap_memory |     x_local_0_V    |     array    |
|x_local_1_V_address0   | out |    6|  ap_memory |     x_local_1_V    |     array    |
|x_local_1_V_ce0        | out |    1|  ap_memory |     x_local_1_V    |     array    |
|x_local_1_V_we0        | out |    1|  ap_memory |     x_local_1_V    |     array    |
|x_local_1_V_d0         | out |    8|  ap_memory |     x_local_1_V    |     array    |
|x_local_2_V_address0   | out |    6|  ap_memory |     x_local_2_V    |     array    |
|x_local_2_V_ce0        | out |    1|  ap_memory |     x_local_2_V    |     array    |
|x_local_2_V_we0        | out |    1|  ap_memory |     x_local_2_V    |     array    |
|x_local_2_V_d0         | out |    8|  ap_memory |     x_local_2_V    |     array    |
|x_local_3_V_address0   | out |    6|  ap_memory |     x_local_3_V    |     array    |
|x_local_3_V_ce0        | out |    1|  ap_memory |     x_local_3_V    |     array    |
|x_local_3_V_we0        | out |    1|  ap_memory |     x_local_3_V    |     array    |
|x_local_3_V_d0         | out |    8|  ap_memory |     x_local_3_V    |     array    |
|x_local_4_V_address0   | out |    6|  ap_memory |     x_local_4_V    |     array    |
|x_local_4_V_ce0        | out |    1|  ap_memory |     x_local_4_V    |     array    |
|x_local_4_V_we0        | out |    1|  ap_memory |     x_local_4_V    |     array    |
|x_local_4_V_d0         | out |    8|  ap_memory |     x_local_4_V    |     array    |
|x_local_5_V_address0   | out |    6|  ap_memory |     x_local_5_V    |     array    |
|x_local_5_V_ce0        | out |    1|  ap_memory |     x_local_5_V    |     array    |
|x_local_5_V_we0        | out |    1|  ap_memory |     x_local_5_V    |     array    |
|x_local_5_V_d0         | out |    8|  ap_memory |     x_local_5_V    |     array    |
|x_local_6_V_address0   | out |    6|  ap_memory |     x_local_6_V    |     array    |
|x_local_6_V_ce0        | out |    1|  ap_memory |     x_local_6_V    |     array    |
|x_local_6_V_we0        | out |    1|  ap_memory |     x_local_6_V    |     array    |
|x_local_6_V_d0         | out |    8|  ap_memory |     x_local_6_V    |     array    |
|x_local_7_V_address0   | out |    6|  ap_memory |     x_local_7_V    |     array    |
|x_local_7_V_ce0        | out |    1|  ap_memory |     x_local_7_V    |     array    |
|x_local_7_V_we0        | out |    1|  ap_memory |     x_local_7_V    |     array    |
|x_local_7_V_d0         | out |    8|  ap_memory |     x_local_7_V    |     array    |
|x_local_8_V_address0   | out |    6|  ap_memory |     x_local_8_V    |     array    |
|x_local_8_V_ce0        | out |    1|  ap_memory |     x_local_8_V    |     array    |
|x_local_8_V_we0        | out |    1|  ap_memory |     x_local_8_V    |     array    |
|x_local_8_V_d0         | out |    8|  ap_memory |     x_local_8_V    |     array    |
|x_local_9_V_address0   | out |    6|  ap_memory |     x_local_9_V    |     array    |
|x_local_9_V_ce0        | out |    1|  ap_memory |     x_local_9_V    |     array    |
|x_local_9_V_we0        | out |    1|  ap_memory |     x_local_9_V    |     array    |
|x_local_9_V_d0         | out |    8|  ap_memory |     x_local_9_V    |     array    |
|x_local_10_V_address0  | out |    6|  ap_memory |    x_local_10_V    |     array    |
|x_local_10_V_ce0       | out |    1|  ap_memory |    x_local_10_V    |     array    |
|x_local_10_V_we0       | out |    1|  ap_memory |    x_local_10_V    |     array    |
|x_local_10_V_d0        | out |    8|  ap_memory |    x_local_10_V    |     array    |
|x_local_11_V_address0  | out |    6|  ap_memory |    x_local_11_V    |     array    |
|x_local_11_V_ce0       | out |    1|  ap_memory |    x_local_11_V    |     array    |
|x_local_11_V_we0       | out |    1|  ap_memory |    x_local_11_V    |     array    |
|x_local_11_V_d0        | out |    8|  ap_memory |    x_local_11_V    |     array    |
|x_local_12_V_address0  | out |    6|  ap_memory |    x_local_12_V    |     array    |
|x_local_12_V_ce0       | out |    1|  ap_memory |    x_local_12_V    |     array    |
|x_local_12_V_we0       | out |    1|  ap_memory |    x_local_12_V    |     array    |
|x_local_12_V_d0        | out |    8|  ap_memory |    x_local_12_V    |     array    |
|x_local_13_V_address0  | out |    6|  ap_memory |    x_local_13_V    |     array    |
|x_local_13_V_ce0       | out |    1|  ap_memory |    x_local_13_V    |     array    |
|x_local_13_V_we0       | out |    1|  ap_memory |    x_local_13_V    |     array    |
|x_local_13_V_d0        | out |    8|  ap_memory |    x_local_13_V    |     array    |
|x_local_14_V_address0  | out |    6|  ap_memory |    x_local_14_V    |     array    |
|x_local_14_V_ce0       | out |    1|  ap_memory |    x_local_14_V    |     array    |
|x_local_14_V_we0       | out |    1|  ap_memory |    x_local_14_V    |     array    |
|x_local_14_V_d0        | out |    8|  ap_memory |    x_local_14_V    |     array    |
|x_local_15_V_address0  | out |    6|  ap_memory |    x_local_15_V    |     array    |
|x_local_15_V_ce0       | out |    1|  ap_memory |    x_local_15_V    |     array    |
|x_local_15_V_we0       | out |    1|  ap_memory |    x_local_15_V    |     array    |
|x_local_15_V_d0        | out |    8|  ap_memory |    x_local_15_V    |     array    |
+-----------------------+-----+-----+------------+--------------------+--------------+

============================================================
+ Verbose Summary: Synthesis Manager
============================================================
InlineROM: 1
ExposeGlobal: 0
============================================================
+ Verbose Summary: CDFG Model
============================================================
IsTopModel: 0
ResetActiveHigh: 1
IsCombinational: 2
IsDatapathOnly: 0
HasWiredReturn: 1
HasMFsm: 0
HasVarLatency: 1
IsPipeline: 0
IsRtlPipelined: 0
IsInstanceOverlapped: 0
IsDontTouch: 0
HasImplIP: 0
IsGatedGlobalClock: 0

+ Individual pipeline summary: 
  * Pipeline-0: initiation interval (II) = 1, depth = 3


============================================================
+ Verbose Summary: Schedule
============================================================
* Number of FSM states : 5
* Pipeline : 1
  Pipeline-0 : II = 1, D = 3, States = { 2 3 4 }
* Dataflow Pipeline: 0

* FSM state transitions: 
1 --> 
	2  / true
2 --> 
	5  / (exitcond1)
	3  / (!exitcond1)
3 --> 
	4  / true
4 --> 
	2  / true
5 --> 

* FSM state operations: 

State 1 <SV = 0> <Delay = 1.76>
ST_1 : Operation 6 [1/1] (0.00ns)   --->   "call void (...)* @_ssdm_op_SpecInterface(i64* %in_stream_V_data_V, i8* %in_stream_V_keep_V, i8* %in_stream_V_strb_V, i1* %in_stream_V_user_V, i1* %in_stream_V_last_V, i1* %in_stream_V_id_V, i1* %in_stream_V_dest_V, [5 x i8]* @p_str1546, i32 1, i32 1, [5 x i8]* @p_str1647, i32 0, i32 0, [1 x i8]* @p_str35, [1 x i8]* @p_str35, [1 x i8]* @p_str35, i32 0, i32 0, i32 0, i32 0, [1 x i8]* @p_str35, [1 x i8]* @p_str35) nounwind"   --->   Operation 6 'specinterface' <Predicate = true> <Delay = 0.00>
ST_1 : Operation 7 [1/1] (1.76ns)   --->   "br label %1" [ADSD/Classifier.cpp:19]   --->   Operation 7 'br' <Predicate = true> <Delay = 1.76>

State 2 <SV = 1> <Delay = 2.46>
ST_2 : Operation 8 [1/1] (0.00ns)   --->   "%calculated_norm_V = phi i24 [ 0, %0 ], [ %p_Val2_4_7, %10 ]" [ADSD/Classifier.cpp:32]   --->   Operation 8 'phi' 'calculated_norm_V' <Predicate = true> <Delay = 0.00>
ST_2 : Operation 9 [1/1] (0.00ns)   --->   "%i = phi i7 [ 0, %0 ], [ %i_1, %10 ]"   --->   Operation 9 'phi' 'i' <Predicate = true> <Delay = 0.00>
ST_2 : Operation 10 [1/1] (1.48ns)   --->   "%exitcond1 = icmp eq i7 %i, -30" [ADSD/Classifier.cpp:19]   --->   Operation 10 'icmp' 'exitcond1' <Predicate = true> <Delay = 1.48> <Core = "Cmp">   --->   Core 25 'Cmp' <Latency = 0> <II = 1> <Delay = 0.95> <FuncUnit> <Opcode : 'icmp'> <InPorts = 2> <OutPorts = 1>
ST_2 : Operation 11 [1/1] (0.00ns)   --->   "%empty = call i32 (...)* @_ssdm_op_SpecLoopTripCount(i64 98, i64 98, i64 98)"   --->   Operation 11 'speclooptripcount' 'empty' <Predicate = true> <Delay = 0.00>
ST_2 : Operation 12 [1/1] (1.87ns)   --->   "%i_1 = add i7 %i, 1" [ADSD/Classifier.cpp:19]   --->   Operation 12 'add' 'i_1' <Predicate = true> <Delay = 1.87> <Core = "AddSub">   --->   Core 14 'AddSub' <Latency = 0> <II = 1> <Delay = 2.31> <FuncUnit> <Opcode : 'add' 'sub'> <InPorts = 2> <OutPorts = 1>
ST_2 : Operation 13 [1/1] (0.00ns)   --->   "br i1 %exitcond1, label %mergeST, label %2" [ADSD/Classifier.cpp:19]   --->   Operation 13 'br' <Predicate = true> <Delay = 0.00>
ST_2 : Operation 14 [2/2] (0.00ns)   --->   "%empty_32 = call { i64, i8, i8, i1, i1, i1, i1 } @_ssdm_op_Read.axis.volatile.i64P.i8P.i8P.i1P.i1P.i1P.i1P(i64* %in_stream_V_data_V, i8* %in_stream_V_keep_V, i8* %in_stream_V_strb_V, i1* %in_stream_V_user_V, i1* %in_stream_V_last_V, i1* %in_stream_V_id_V, i1* %in_stream_V_dest_V)" [ADSD/Classifier.cpp:22]   --->   Operation 14 'read' 'empty_32' <Predicate = (!exitcond1)> <Delay = 0.00> <Core = "AXI4Stream">   --->   Core 5 'AXI4Stream' <Latency = 0> <II = 1> <Delay = 1.00> <Adapter> <Opcode : >
ST_2 : Operation 15 [1/1] (0.00ns)   --->   "%tmp_2 = trunc i7 %i to i1" [ADSD/Classifier.cpp:28]   --->   Operation 15 'trunc' 'tmp_2' <Predicate = (!exitcond1)> <Delay = 0.00>
ST_2 : Operation 16 [1/1] (0.00ns)   --->   "%tmp_2_cast = call i6 @_ssdm_op_PartSelect.i6.i7.i32.i32(i7 %i, i32 1, i32 6)" [ADSD/Classifier.cpp:19]   --->   Operation 16 'partselect' 'tmp_2_cast' <Predicate = (!exitcond1)> <Delay = 0.00>
ST_2 : Operation 17 [1/1] (0.00ns)   --->   "br i1 %tmp_2, label %branch120, label %branch112" [ADSD/Classifier.cpp:29]   --->   Operation 17 'br' <Predicate = (!exitcond1)> <Delay = 0.00>
ST_2 : Operation 18 [1/1] (0.00ns)   --->   "br i1 %tmp_2, label %branch104, label %branch96" [ADSD/Classifier.cpp:29]   --->   Operation 18 'br' <Predicate = (!exitcond1)> <Delay = 0.00>
ST_2 : Operation 19 [1/1] (0.00ns)   --->   "br i1 %tmp_2, label %branch88, label %branch80" [ADSD/Classifier.cpp:29]   --->   Operation 19 'br' <Predicate = (!exitcond1)> <Delay = 0.00>
ST_2 : Operation 20 [1/1] (0.00ns)   --->   "br i1 %tmp_2, label %branch72, label %branch64" [ADSD/Classifier.cpp:29]   --->   Operation 20 'br' <Predicate = (!exitcond1)> <Delay = 0.00>
ST_2 : Operation 21 [1/1] (0.00ns)   --->   "br i1 %tmp_2, label %branch56, label %branch48" [ADSD/Classifier.cpp:29]   --->   Operation 21 'br' <Predicate = (!exitcond1)> <Delay = 0.00>
ST_2 : Operation 22 [1/1] (0.00ns)   --->   "br i1 %tmp_2, label %branch40, label %branch32" [ADSD/Classifier.cpp:29]   --->   Operation 22 'br' <Predicate = (!exitcond1)> <Delay = 0.00>
ST_2 : Operation 23 [1/1] (0.00ns)   --->   "br i1 %tmp_2, label %branch24, label %branch16" [ADSD/Classifier.cpp:29]   --->   Operation 23 'br' <Predicate = (!exitcond1)> <Delay = 0.00>
ST_2 : Operation 24 [1/1] (0.00ns)   --->   "br i1 %tmp_2, label %branch8, label %branch0" [ADSD/Classifier.cpp:29]   --->   Operation 24 'br' <Predicate = (!exitcond1)> <Delay = 0.00>

State 3 <SV = 2> <Delay = 6.48>
ST_3 : Operation 25 [1/2] (0.00ns)   --->   "%empty_32 = call { i64, i8, i8, i1, i1, i1, i1 } @_ssdm_op_Read.axis.volatile.i64P.i8P.i8P.i1P.i1P.i1P.i1P(i64* %in_stream_V_data_V, i8* %in_stream_V_keep_V, i8* %in_stream_V_strb_V, i1* %in_stream_V_user_V, i1* %in_stream_V_last_V, i1* %in_stream_V_id_V, i1* %in_stream_V_dest_V)" [ADSD/Classifier.cpp:22]   --->   Operation 25 'read' 'empty_32' <Predicate = (!exitcond1)> <Delay = 0.00> <Core = "AXI4Stream">   --->   Core 5 'AXI4Stream' <Latency = 0> <II = 1> <Delay = 1.00> <Adapter> <Opcode : >
ST_3 : Operation 26 [1/1] (0.00ns)   --->   "%tmp_data_V = extractvalue { i64, i8, i8, i1, i1, i1, i1 } %empty_32, 0" [ADSD/Classifier.cpp:22]   --->   Operation 26 'extractvalue' 'tmp_data_V' <Predicate = (!exitcond1)> <Delay = 0.00>
ST_3 : Operation 27 [1/1] (0.00ns)   --->   "%tmp_3 = trunc i64 %tmp_data_V to i8" [ADSD/Classifier.cpp:28]   --->   Operation 27 'trunc' 'tmp_3' <Predicate = (!exitcond1)> <Delay = 0.00>
ST_3 : Operation 28 [1/1] (0.00ns)   --->   "%newIndex1 = zext i6 %tmp_2_cast to i64" [ADSD/Classifier.cpp:19]   --->   Operation 28 'zext' 'newIndex1' <Predicate = (!exitcond1)> <Delay = 0.00>
ST_3 : Operation 29 [1/1] (0.00ns)   --->   "%x_local_0_V_addr = getelementptr [49 x i8]* %x_local_0_V, i64 0, i64 %newIndex1" [ADSD/Classifier.cpp:29]   --->   Operation 29 'getelementptr' 'x_local_0_V_addr' <Predicate = (!exitcond1)> <Delay = 0.00>
ST_3 : Operation 30 [1/1] (0.00ns)   --->   "%x_local_8_V_addr = getelementptr [49 x i8]* %x_local_8_V, i64 0, i64 %newIndex1" [ADSD/Classifier.cpp:29]   --->   Operation 30 'getelementptr' 'x_local_8_V_addr' <Predicate = (!exitcond1)> <Delay = 0.00>
ST_3 : Operation 31 [1/1] (2.32ns)   --->   "store i8 %tmp_3, i8* %x_local_0_V_addr, align 1" [ADSD/Classifier.cpp:29]   --->   Operation 31 'store' <Predicate = (!tmp_2)> <Delay = 2.32> <Core = "RAM">   --->   Core 37 'RAM' <Latency = 1> <II = 1> <Delay = 2.32> <Storage> <Opcode : 'load' 'store'> <Ports = 2> <Width = 8> <Depth = 49> <RAM>
ST_3 : Operation 32 [1/1] (0.00ns)   --->   "br label %3" [ADSD/Classifier.cpp:29]   --->   Operation 32 'br' <Predicate = (!tmp_2)> <Delay = 0.00>
ST_3 : Operation 33 [1/1] (2.32ns)   --->   "store i8 %tmp_3, i8* %x_local_8_V_addr, align 1" [ADSD/Classifier.cpp:29]   --->   Operation 33 'store' <Predicate = (tmp_2)> <Delay = 2.32> <Core = "RAM">   --->   Core 37 'RAM' <Latency = 1> <II = 1> <Delay = 2.32> <Storage> <Opcode : 'load' 'store'> <Ports = 2> <Width = 8> <Depth = 49> <RAM>
ST_3 : Operation 34 [1/1] (0.00ns)   --->   "br label %3" [ADSD/Classifier.cpp:29]   --->   Operation 34 'br' <Predicate = (tmp_2)> <Delay = 0.00>
ST_3 : Operation 35 [1/1] (0.00ns)   --->   "%OP1_V = sext i8 %tmp_3 to i16" [ADSD/Classifier.cpp:31]   --->   Operation 35 'sext' 'OP1_V' <Predicate = (!exitcond1)> <Delay = 0.00>
ST_3 : Operation 36 [1/1] (4.17ns)   --->   "%r_V = mul i16 %OP1_V, %OP1_V" [ADSD/Classifier.cpp:31]   --->   Operation 36 'mul' 'r_V' <Predicate = (!exitcond1)> <Delay = 4.17> <Core = "Mul">   --->   Core 16 'Mul' <Latency = 0> <II = 1> <Delay = 4.17> <FuncUnit> <Opcode : 'mul'> <InPorts = 2> <OutPorts = 1>
ST_3 : Operation 37 [1/1] (0.00ns)   --->   "%tmp_9 = call i24 @_ssdm_op_BitConcatenate.i24.i16.i8(i16 %r_V, i8 0)" [ADSD/Classifier.cpp:32]   --->   Operation 37 'bitconcatenate' 'tmp_9' <Predicate = (!exitcond1)> <Delay = 0.00>
ST_3 : Operation 38 [1/1] (0.00ns)   --->   "%p_Result_1 = call i8 @_ssdm_op_PartSelect.i8.i64.i32.i32(i64 %tmp_data_V, i32 8, i32 15)" [ADSD/Classifier.cpp:28]   --->   Operation 38 'partselect' 'p_Result_1' <Predicate = (!exitcond1)> <Delay = 0.00>
ST_3 : Operation 39 [1/1] (0.00ns)   --->   "%x_local_1_V_addr = getelementptr [49 x i8]* %x_local_1_V, i64 0, i64 %newIndex1" [ADSD/Classifier.cpp:29]   --->   Operation 39 'getelementptr' 'x_local_1_V_addr' <Predicate = (!exitcond1)> <Delay = 0.00>
ST_3 : Operation 40 [1/1] (0.00ns)   --->   "%x_local_9_V_addr = getelementptr [49 x i8]* %x_local_9_V, i64 0, i64 %newIndex1" [ADSD/Classifier.cpp:29]   --->   Operation 40 'getelementptr' 'x_local_9_V_addr' <Predicate = (!exitcond1)> <Delay = 0.00>
ST_3 : Operation 41 [1/1] (2.32ns)   --->   "store i8 %p_Result_1, i8* %x_local_1_V_addr, align 1" [ADSD/Classifier.cpp:29]   --->   Operation 41 'store' <Predicate = (!tmp_2)> <Delay = 2.32> <Core = "RAM">   --->   Core 37 'RAM' <Latency = 1> <II = 1> <Delay = 2.32> <Storage> <Opcode : 'load' 'store'> <Ports = 2> <Width = 8> <Depth = 49> <RAM>
ST_3 : Operation 42 [1/1] (0.00ns)   --->   "br label %4" [ADSD/Classifier.cpp:29]   --->   Operation 42 'br' <Predicate = (!tmp_2)> <Delay = 0.00>
ST_3 : Operation 43 [1/1] (2.32ns)   --->   "store i8 %p_Result_1, i8* %x_local_9_V_addr, align 1" [ADSD/Classifier.cpp:29]   --->   Operation 43 'store' <Predicate = (tmp_2)> <Delay = 2.32> <Core = "RAM">   --->   Core 37 'RAM' <Latency = 1> <II = 1> <Delay = 2.32> <Storage> <Opcode : 'load' 'store'> <Ports = 2> <Width = 8> <Depth = 49> <RAM>
ST_3 : Operation 44 [1/1] (0.00ns)   --->   "br label %4" [ADSD/Classifier.cpp:29]   --->   Operation 44 'br' <Predicate = (tmp_2)> <Delay = 0.00>
ST_3 : Operation 45 [1/1] (0.00ns)   --->   "%OP1_V_1 = sext i8 %p_Result_1 to i16" [ADSD/Classifier.cpp:31]   --->   Operation 45 'sext' 'OP1_V_1' <Predicate = (!exitcond1)> <Delay = 0.00>
ST_3 : Operation 46 [1/1] (4.17ns)   --->   "%r_V_1 = mul i16 %OP1_V_1, %OP1_V_1" [ADSD/Classifier.cpp:31]   --->   Operation 46 'mul' 'r_V_1' <Predicate = (!exitcond1)> <Delay = 4.17> <Core = "Mul">   --->   Core 16 'Mul' <Latency = 0> <II = 1> <Delay = 4.17> <FuncUnit> <Opcode : 'mul'> <InPorts = 2> <OutPorts = 1>
ST_3 : Operation 47 [1/1] (0.00ns)   --->   "%tmp_9_1 = call i24 @_ssdm_op_BitConcatenate.i24.i16.i8(i16 %r_V_1, i8 0)" [ADSD/Classifier.cpp:32]   --->   Operation 47 'bitconcatenate' 'tmp_9_1' <Predicate = (!exitcond1)> <Delay = 0.00>
ST_3 : Operation 48 [1/1] (0.00ns)   --->   "%p_Result_2 = call i8 @_ssdm_op_PartSelect.i8.i64.i32.i32(i64 %tmp_data_V, i32 16, i32 23)" [ADSD/Classifier.cpp:28]   --->   Operation 48 'partselect' 'p_Result_2' <Predicate = (!exitcond1)> <Delay = 0.00>
ST_3 : Operation 49 [1/1] (0.00ns)   --->   "%x_local_2_V_addr = getelementptr [49 x i8]* %x_local_2_V, i64 0, i64 %newIndex1" [ADSD/Classifier.cpp:29]   --->   Operation 49 'getelementptr' 'x_local_2_V_addr' <Predicate = (!exitcond1)> <Delay = 0.00>
ST_3 : Operation 50 [1/1] (0.00ns)   --->   "%x_local_10_V_addr = getelementptr [49 x i8]* %x_local_10_V, i64 0, i64 %newIndex1" [ADSD/Classifier.cpp:29]   --->   Operation 50 'getelementptr' 'x_local_10_V_addr' <Predicate = (!exitcond1)> <Delay = 0.00>
ST_3 : Operation 51 [1/1] (2.32ns)   --->   "store i8 %p_Result_2, i8* %x_local_2_V_addr, align 1" [ADSD/Classifier.cpp:29]   --->   Operation 51 'store' <Predicate = (!tmp_2)> <Delay = 2.32> <Core = "RAM">   --->   Core 37 'RAM' <Latency = 1> <II = 1> <Delay = 2.32> <Storage> <Opcode : 'load' 'store'> <Ports = 2> <Width = 8> <Depth = 49> <RAM>
ST_3 : Operation 52 [1/1] (0.00ns)   --->   "br label %5" [ADSD/Classifier.cpp:29]   --->   Operation 52 'br' <Predicate = (!tmp_2)> <Delay = 0.00>
ST_3 : Operation 53 [1/1] (2.32ns)   --->   "store i8 %p_Result_2, i8* %x_local_10_V_addr, align 1" [ADSD/Classifier.cpp:29]   --->   Operation 53 'store' <Predicate = (tmp_2)> <Delay = 2.32> <Core = "RAM">   --->   Core 37 'RAM' <Latency = 1> <II = 1> <Delay = 2.32> <Storage> <Opcode : 'load' 'store'> <Ports = 2> <Width = 8> <Depth = 49> <RAM>
ST_3 : Operation 54 [1/1] (0.00ns)   --->   "br label %5" [ADSD/Classifier.cpp:29]   --->   Operation 54 'br' <Predicate = (tmp_2)> <Delay = 0.00>
ST_3 : Operation 55 [1/1] (0.00ns)   --->   "%OP1_V_2 = sext i8 %p_Result_2 to i16" [ADSD/Classifier.cpp:31]   --->   Operation 55 'sext' 'OP1_V_2' <Predicate = (!exitcond1)> <Delay = 0.00>
ST_3 : Operation 56 [1/1] (4.17ns)   --->   "%r_V_2 = mul i16 %OP1_V_2, %OP1_V_2" [ADSD/Classifier.cpp:31]   --->   Operation 56 'mul' 'r_V_2' <Predicate = (!exitcond1)> <Delay = 4.17> <Core = "Mul">   --->   Core 16 'Mul' <Latency = 0> <II = 1> <Delay = 4.17> <FuncUnit> <Opcode : 'mul'> <InPorts = 2> <OutPorts = 1>
ST_3 : Operation 57 [1/1] (0.00ns)   --->   "%p_Result_3 = call i8 @_ssdm_op_PartSelect.i8.i64.i32.i32(i64 %tmp_data_V, i32 24, i32 31)" [ADSD/Classifier.cpp:28]   --->   Operation 57 'partselect' 'p_Result_3' <Predicate = (!exitcond1)> <Delay = 0.00>
ST_3 : Operation 58 [1/1] (0.00ns)   --->   "%x_local_3_V_addr = getelementptr [49 x i8]* %x_local_3_V, i64 0, i64 %newIndex1" [ADSD/Classifier.cpp:29]   --->   Operation 58 'getelementptr' 'x_local_3_V_addr' <Predicate = (!exitcond1)> <Delay = 0.00>
ST_3 : Operation 59 [1/1] (0.00ns)   --->   "%x_local_11_V_addr = getelementptr [49 x i8]* %x_local_11_V, i64 0, i64 %newIndex1" [ADSD/Classifier.cpp:29]   --->   Operation 59 'getelementptr' 'x_local_11_V_addr' <Predicate = (!exitcond1)> <Delay = 0.00>
ST_3 : Operation 60 [1/1] (2.32ns)   --->   "store i8 %p_Result_3, i8* %x_local_3_V_addr, align 1" [ADSD/Classifier.cpp:29]   --->   Operation 60 'store' <Predicate = (!tmp_2)> <Delay = 2.32> <Core = "RAM">   --->   Core 37 'RAM' <Latency = 1> <II = 1> <Delay = 2.32> <Storage> <Opcode : 'load' 'store'> <Ports = 2> <Width = 8> <Depth = 49> <RAM>
ST_3 : Operation 61 [1/1] (0.00ns)   --->   "br label %6" [ADSD/Classifier.cpp:29]   --->   Operation 61 'br' <Predicate = (!tmp_2)> <Delay = 0.00>
ST_3 : Operation 62 [1/1] (2.32ns)   --->   "store i8 %p_Result_3, i8* %x_local_11_V_addr, align 1" [ADSD/Classifier.cpp:29]   --->   Operation 62 'store' <Predicate = (tmp_2)> <Delay = 2.32> <Core = "RAM">   --->   Core 37 'RAM' <Latency = 1> <II = 1> <Delay = 2.32> <Storage> <Opcode : 'load' 'store'> <Ports = 2> <Width = 8> <Depth = 49> <RAM>
ST_3 : Operation 63 [1/1] (0.00ns)   --->   "br label %6" [ADSD/Classifier.cpp:29]   --->   Operation 63 'br' <Predicate = (tmp_2)> <Delay = 0.00>
ST_3 : Operation 64 [1/1] (0.00ns)   --->   "%OP1_V_3 = sext i8 %p_Result_3 to i16" [ADSD/Classifier.cpp:31]   --->   Operation 64 'sext' 'OP1_V_3' <Predicate = (!exitcond1)> <Delay = 0.00>
ST_3 : Operation 65 [1/1] (4.17ns)   --->   "%r_V_3 = mul i16 %OP1_V_3, %OP1_V_3" [ADSD/Classifier.cpp:31]   --->   Operation 65 'mul' 'r_V_3' <Predicate = (!exitcond1)> <Delay = 4.17> <Core = "Mul">   --->   Core 16 'Mul' <Latency = 0> <II = 1> <Delay = 4.17> <FuncUnit> <Opcode : 'mul'> <InPorts = 2> <OutPorts = 1>
ST_3 : Operation 66 [1/1] (0.00ns)   --->   "%p_Result_4 = call i8 @_ssdm_op_PartSelect.i8.i64.i32.i32(i64 %tmp_data_V, i32 32, i32 39)" [ADSD/Classifier.cpp:28]   --->   Operation 66 'partselect' 'p_Result_4' <Predicate = (!exitcond1)> <Delay = 0.00>
ST_3 : Operation 67 [1/1] (0.00ns)   --->   "%x_local_4_V_addr = getelementptr [49 x i8]* %x_local_4_V, i64 0, i64 %newIndex1" [ADSD/Classifier.cpp:29]   --->   Operation 67 'getelementptr' 'x_local_4_V_addr' <Predicate = (!exitcond1)> <Delay = 0.00>
ST_3 : Operation 68 [1/1] (0.00ns)   --->   "%x_local_12_V_addr = getelementptr [49 x i8]* %x_local_12_V, i64 0, i64 %newIndex1" [ADSD/Classifier.cpp:29]   --->   Operation 68 'getelementptr' 'x_local_12_V_addr' <Predicate = (!exitcond1)> <Delay = 0.00>
ST_3 : Operation 69 [1/1] (2.32ns)   --->   "store i8 %p_Result_4, i8* %x_local_4_V_addr, align 1" [ADSD/Classifier.cpp:29]   --->   Operation 69 'store' <Predicate = (!tmp_2)> <Delay = 2.32> <Core = "RAM">   --->   Core 37 'RAM' <Latency = 1> <II = 1> <Delay = 2.32> <Storage> <Opcode : 'load' 'store'> <Ports = 2> <Width = 8> <Depth = 49> <RAM>
ST_3 : Operation 70 [1/1] (0.00ns)   --->   "br label %7" [ADSD/Classifier.cpp:29]   --->   Operation 70 'br' <Predicate = (!tmp_2)> <Delay = 0.00>
ST_3 : Operation 71 [1/1] (2.32ns)   --->   "store i8 %p_Result_4, i8* %x_local_12_V_addr, align 1" [ADSD/Classifier.cpp:29]   --->   Operation 71 'store' <Predicate = (tmp_2)> <Delay = 2.32> <Core = "RAM">   --->   Core 37 'RAM' <Latency = 1> <II = 1> <Delay = 2.32> <Storage> <Opcode : 'load' 'store'> <Ports = 2> <Width = 8> <Depth = 49> <RAM>
ST_3 : Operation 72 [1/1] (0.00ns)   --->   "br label %7" [ADSD/Classifier.cpp:29]   --->   Operation 72 'br' <Predicate = (tmp_2)> <Delay = 0.00>
ST_3 : Operation 73 [1/1] (0.00ns)   --->   "%OP1_V_4 = sext i8 %p_Result_4 to i16" [ADSD/Classifier.cpp:31]   --->   Operation 73 'sext' 'OP1_V_4' <Predicate = (!exitcond1)> <Delay = 0.00>
ST_3 : Operation 74 [1/1] (4.17ns)   --->   "%r_V_4 = mul i16 %OP1_V_4, %OP1_V_4" [ADSD/Classifier.cpp:31]   --->   Operation 74 'mul' 'r_V_4' <Predicate = (!exitcond1)> <Delay = 4.17> <Core = "Mul">   --->   Core 16 'Mul' <Latency = 0> <II = 1> <Delay = 4.17> <FuncUnit> <Opcode : 'mul'> <InPorts = 2> <OutPorts = 1>
ST_3 : Operation 75 [1/1] (0.00ns)   --->   "%tmp_9_4 = call i24 @_ssdm_op_BitConcatenate.i24.i16.i8(i16 %r_V_4, i8 0)" [ADSD/Classifier.cpp:32]   --->   Operation 75 'bitconcatenate' 'tmp_9_4' <Predicate = (!exitcond1)> <Delay = 0.00>
ST_3 : Operation 76 [1/1] (0.00ns)   --->   "%p_Result_5 = call i8 @_ssdm_op_PartSelect.i8.i64.i32.i32(i64 %tmp_data_V, i32 40, i32 47)" [ADSD/Classifier.cpp:28]   --->   Operation 76 'partselect' 'p_Result_5' <Predicate = (!exitcond1)> <Delay = 0.00>
ST_3 : Operation 77 [1/1] (0.00ns)   --->   "%x_local_5_V_addr = getelementptr [49 x i8]* %x_local_5_V, i64 0, i64 %newIndex1" [ADSD/Classifier.cpp:29]   --->   Operation 77 'getelementptr' 'x_local_5_V_addr' <Predicate = (!exitcond1)> <Delay = 0.00>
ST_3 : Operation 78 [1/1] (0.00ns)   --->   "%x_local_13_V_addr = getelementptr [49 x i8]* %x_local_13_V, i64 0, i64 %newIndex1" [ADSD/Classifier.cpp:29]   --->   Operation 78 'getelementptr' 'x_local_13_V_addr' <Predicate = (!exitcond1)> <Delay = 0.00>
ST_3 : Operation 79 [1/1] (2.32ns)   --->   "store i8 %p_Result_5, i8* %x_local_5_V_addr, align 1" [ADSD/Classifier.cpp:29]   --->   Operation 79 'store' <Predicate = (!tmp_2)> <Delay = 2.32> <Core = "RAM">   --->   Core 37 'RAM' <Latency = 1> <II = 1> <Delay = 2.32> <Storage> <Opcode : 'load' 'store'> <Ports = 2> <Width = 8> <Depth = 49> <RAM>
ST_3 : Operation 80 [1/1] (0.00ns)   --->   "br label %8" [ADSD/Classifier.cpp:29]   --->   Operation 80 'br' <Predicate = (!tmp_2)> <Delay = 0.00>
ST_3 : Operation 81 [1/1] (2.32ns)   --->   "store i8 %p_Result_5, i8* %x_local_13_V_addr, align 1" [ADSD/Classifier.cpp:29]   --->   Operation 81 'store' <Predicate = (tmp_2)> <Delay = 2.32> <Core = "RAM">   --->   Core 37 'RAM' <Latency = 1> <II = 1> <Delay = 2.32> <Storage> <Opcode : 'load' 'store'> <Ports = 2> <Width = 8> <Depth = 49> <RAM>
ST_3 : Operation 82 [1/1] (0.00ns)   --->   "br label %8" [ADSD/Classifier.cpp:29]   --->   Operation 82 'br' <Predicate = (tmp_2)> <Delay = 0.00>
ST_3 : Operation 83 [1/1] (0.00ns)   --->   "%OP1_V_5 = sext i8 %p_Result_5 to i16" [ADSD/Classifier.cpp:31]   --->   Operation 83 'sext' 'OP1_V_5' <Predicate = (!exitcond1)> <Delay = 0.00>
ST_3 : Operation 84 [1/1] (4.17ns)   --->   "%r_V_5 = mul i16 %OP1_V_5, %OP1_V_5" [ADSD/Classifier.cpp:31]   --->   Operation 84 'mul' 'r_V_5' <Predicate = (!exitcond1)> <Delay = 4.17> <Core = "Mul">   --->   Core 16 'Mul' <Latency = 0> <II = 1> <Delay = 4.17> <FuncUnit> <Opcode : 'mul'> <InPorts = 2> <OutPorts = 1>
ST_3 : Operation 85 [1/1] (0.00ns)   --->   "%tmp_9_5 = call i24 @_ssdm_op_BitConcatenate.i24.i16.i8(i16 %r_V_5, i8 0)" [ADSD/Classifier.cpp:32]   --->   Operation 85 'bitconcatenate' 'tmp_9_5' <Predicate = (!exitcond1)> <Delay = 0.00>
ST_3 : Operation 86 [1/1] (0.00ns)   --->   "%p_Result_6 = call i8 @_ssdm_op_PartSelect.i8.i64.i32.i32(i64 %tmp_data_V, i32 48, i32 55)" [ADSD/Classifier.cpp:28]   --->   Operation 86 'partselect' 'p_Result_6' <Predicate = (!exitcond1)> <Delay = 0.00>
ST_3 : Operation 87 [1/1] (0.00ns)   --->   "%x_local_6_V_addr = getelementptr [49 x i8]* %x_local_6_V, i64 0, i64 %newIndex1" [ADSD/Classifier.cpp:29]   --->   Operation 87 'getelementptr' 'x_local_6_V_addr' <Predicate = (!exitcond1)> <Delay = 0.00>
ST_3 : Operation 88 [1/1] (0.00ns)   --->   "%x_local_14_V_addr = getelementptr [49 x i8]* %x_local_14_V, i64 0, i64 %newIndex1" [ADSD/Classifier.cpp:29]   --->   Operation 88 'getelementptr' 'x_local_14_V_addr' <Predicate = (!exitcond1)> <Delay = 0.00>
ST_3 : Operation 89 [1/1] (2.32ns)   --->   "store i8 %p_Result_6, i8* %x_local_6_V_addr, align 1" [ADSD/Classifier.cpp:29]   --->   Operation 89 'store' <Predicate = (!tmp_2)> <Delay = 2.32> <Core = "RAM">   --->   Core 37 'RAM' <Latency = 1> <II = 1> <Delay = 2.32> <Storage> <Opcode : 'load' 'store'> <Ports = 2> <Width = 8> <Depth = 49> <RAM>
ST_3 : Operation 90 [1/1] (0.00ns)   --->   "br label %9" [ADSD/Classifier.cpp:29]   --->   Operation 90 'br' <Predicate = (!tmp_2)> <Delay = 0.00>
ST_3 : Operation 91 [1/1] (2.32ns)   --->   "store i8 %p_Result_6, i8* %x_local_14_V_addr, align 1" [ADSD/Classifier.cpp:29]   --->   Operation 91 'store' <Predicate = (tmp_2)> <Delay = 2.32> <Core = "RAM">   --->   Core 37 'RAM' <Latency = 1> <II = 1> <Delay = 2.32> <Storage> <Opcode : 'load' 'store'> <Ports = 2> <Width = 8> <Depth = 49> <RAM>
ST_3 : Operation 92 [1/1] (0.00ns)   --->   "br label %9" [ADSD/Classifier.cpp:29]   --->   Operation 92 'br' <Predicate = (tmp_2)> <Delay = 0.00>
ST_3 : Operation 93 [1/1] (0.00ns)   --->   "%OP1_V_6 = sext i8 %p_Result_6 to i16" [ADSD/Classifier.cpp:31]   --->   Operation 93 'sext' 'OP1_V_6' <Predicate = (!exitcond1)> <Delay = 0.00>
ST_3 : Operation 94 [1/1] (4.17ns)   --->   "%r_V_6 = mul i16 %OP1_V_6, %OP1_V_6" [ADSD/Classifier.cpp:31]   --->   Operation 94 'mul' 'r_V_6' <Predicate = (!exitcond1)> <Delay = 4.17> <Core = "Mul">   --->   Core 16 'Mul' <Latency = 0> <II = 1> <Delay = 4.17> <FuncUnit> <Opcode : 'mul'> <InPorts = 2> <OutPorts = 1>
ST_3 : Operation 95 [1/1] (0.00ns)   --->   "%p_Result_7 = call i8 @_ssdm_op_PartSelect.i8.i64.i32.i32(i64 %tmp_data_V, i32 56, i32 63)" [ADSD/Classifier.cpp:28]   --->   Operation 95 'partselect' 'p_Result_7' <Predicate = (!exitcond1)> <Delay = 0.00>
ST_3 : Operation 96 [1/1] (0.00ns)   --->   "%x_local_7_V_addr = getelementptr [49 x i8]* %x_local_7_V, i64 0, i64 %newIndex1" [ADSD/Classifier.cpp:29]   --->   Operation 96 'getelementptr' 'x_local_7_V_addr' <Predicate = (!exitcond1)> <Delay = 0.00>
ST_3 : Operation 97 [1/1] (0.00ns)   --->   "%x_local_15_V_addr = getelementptr [49 x i8]* %x_local_15_V, i64 0, i64 %newIndex1" [ADSD/Classifier.cpp:29]   --->   Operation 97 'getelementptr' 'x_local_15_V_addr' <Predicate = (!exitcond1)> <Delay = 0.00>
ST_3 : Operation 98 [1/1] (2.32ns)   --->   "store i8 %p_Result_7, i8* %x_local_7_V_addr, align 1" [ADSD/Classifier.cpp:29]   --->   Operation 98 'store' <Predicate = (!tmp_2)> <Delay = 2.32> <Core = "RAM">   --->   Core 37 'RAM' <Latency = 1> <II = 1> <Delay = 2.32> <Storage> <Opcode : 'load' 'store'> <Ports = 2> <Width = 8> <Depth = 49> <RAM>
ST_3 : Operation 99 [1/1] (0.00ns)   --->   "br label %10" [ADSD/Classifier.cpp:29]   --->   Operation 99 'br' <Predicate = (!tmp_2)> <Delay = 0.00>
ST_3 : Operation 100 [1/1] (2.32ns)   --->   "store i8 %p_Result_7, i8* %x_local_15_V_addr, align 1" [ADSD/Classifier.cpp:29]   --->   Operation 100 'store' <Predicate = (tmp_2)> <Delay = 2.32> <Core = "RAM">   --->   Core 37 'RAM' <Latency = 1> <II = 1> <Delay = 2.32> <Storage> <Opcode : 'load' 'store'> <Ports = 2> <Width = 8> <Depth = 49> <RAM>
ST_3 : Operation 101 [1/1] (0.00ns)   --->   "br label %10" [ADSD/Classifier.cpp:29]   --->   Operation 101 'br' <Predicate = (tmp_2)> <Delay = 0.00>
ST_3 : Operation 102 [1/1] (0.00ns)   --->   "%OP1_V_7 = sext i8 %p_Result_7 to i16" [ADSD/Classifier.cpp:31]   --->   Operation 102 'sext' 'OP1_V_7' <Predicate = (!exitcond1)> <Delay = 0.00>
ST_3 : Operation 103 [1/1] (4.17ns)   --->   "%r_V_7 = mul i16 %OP1_V_7, %OP1_V_7" [ADSD/Classifier.cpp:31]   --->   Operation 103 'mul' 'r_V_7' <Predicate = (!exitcond1)> <Delay = 4.17> <Core = "Mul">   --->   Core 16 'Mul' <Latency = 0> <II = 1> <Delay = 4.17> <FuncUnit> <Opcode : 'mul'> <InPorts = 2> <OutPorts = 1>
ST_3 : Operation 104 [1/1] (2.31ns)   --->   "%tmp2 = add i24 %tmp_9_1, %tmp_9" [ADSD/Classifier.cpp:32]   --->   Operation 104 'add' 'tmp2' <Predicate = (!exitcond1)> <Delay = 2.31> <Core = "AddSub">   --->   Core 14 'AddSub' <Latency = 0> <II = 1> <Delay = 2.31> <FuncUnit> <Opcode : 'add' 'sub'> <InPorts = 2> <OutPorts = 1>
ST_3 : Operation 105 [1/1] (2.31ns)   --->   "%tmp5 = add i24 %tmp_9_5, %tmp_9_4" [ADSD/Classifier.cpp:32]   --->   Operation 105 'add' 'tmp5' <Predicate = (!exitcond1)> <Delay = 2.31> <Core = "AddSub">   --->   Core 14 'AddSub' <Latency = 0> <II = 1> <Delay = 2.31> <FuncUnit> <Opcode : 'add' 'sub'> <InPorts = 2> <OutPorts = 1>

State 4 <SV = 3> <Delay = 8.27>
ST_4 : Operation 106 [1/1] (0.00ns)   --->   "call void (...)* @_ssdm_op_SpecLoopName([10 x i8]* @p_str536) nounwind" [ADSD/Classifier.cpp:19]   --->   Operation 106 'specloopname' <Predicate = (!exitcond1)> <Delay = 0.00>
ST_4 : Operation 107 [1/1] (0.00ns)   --->   "%tmp = call i32 (...)* @_ssdm_op_SpecRegionBegin([10 x i8]* @p_str536)" [ADSD/Classifier.cpp:19]   --->   Operation 107 'specregionbegin' 'tmp' <Predicate = (!exitcond1)> <Delay = 0.00>
ST_4 : Operation 108 [1/1] (0.00ns)   --->   "call void (...)* @_ssdm_op_SpecPipeline(i32 1, i32 1, i32 1, i32 0, [1 x i8]* @p_str35) nounwind" [ADSD/Classifier.cpp:20]   --->   Operation 108 'specpipeline' <Predicate = (!exitcond1)> <Delay = 0.00>
ST_4 : Operation 109 [1/1] (0.00ns)   --->   "%tmp_9_2 = call i24 @_ssdm_op_BitConcatenate.i24.i16.i8(i16 %r_V_2, i8 0)" [ADSD/Classifier.cpp:32]   --->   Operation 109 'bitconcatenate' 'tmp_9_2' <Predicate = (!exitcond1)> <Delay = 0.00>
ST_4 : Operation 110 [1/1] (0.00ns)   --->   "%tmp_9_3 = call i24 @_ssdm_op_BitConcatenate.i24.i16.i8(i16 %r_V_3, i8 0)" [ADSD/Classifier.cpp:32]   --->   Operation 110 'bitconcatenate' 'tmp_9_3' <Predicate = (!exitcond1)> <Delay = 0.00>
ST_4 : Operation 111 [1/1] (0.00ns)   --->   "%tmp_9_6 = call i24 @_ssdm_op_BitConcatenate.i24.i16.i8(i16 %r_V_6, i8 0)" [ADSD/Classifier.cpp:32]   --->   Operation 111 'bitconcatenate' 'tmp_9_6' <Predicate = (!exitcond1)> <Delay = 0.00>
ST_4 : Operation 112 [1/1] (0.00ns)   --->   "%tmp_9_7 = call i24 @_ssdm_op_BitConcatenate.i24.i16.i8(i16 %r_V_7, i8 0)" [ADSD/Classifier.cpp:32]   --->   Operation 112 'bitconcatenate' 'tmp_9_7' <Predicate = (!exitcond1)> <Delay = 0.00>
ST_4 : Operation 113 [1/1] (0.00ns) (grouped into TernaryAdder)   --->   "%tmp3 = add i24 %tmp_9_3, %tmp_9_2" [ADSD/Classifier.cpp:32]   --->   Operation 113 'add' 'tmp3' <Predicate = (!exitcond1)> <Delay = 0.00> <Core = "TAddSub">   --->   Core 80 'TAddSub' <Latency = 0> <II = 1> <Delay = 2.18> <IPBlock> <Opcode : 'add' 'sub'> <InPorts = 3> <OutPorts = 1> <Sync> <CReg>
ST_4 : Operation 114 [1/1] (4.13ns) (root node of TernaryAdder)   --->   "%tmp1 = add i24 %tmp2, %tmp3" [ADSD/Classifier.cpp:32]   --->   Operation 114 'add' 'tmp1' <Predicate = (!exitcond1)> <Delay = 4.13> <Core = "TAddSub">   --->   Core 80 'TAddSub' <Latency = 0> <II = 1> <Delay = 2.18> <IPBlock> <Opcode : 'add' 'sub'> <InPorts = 3> <OutPorts = 1> <Sync> <CReg>
ST_4 : Operation 115 [1/1] (0.00ns) (grouped into TernaryAdder)   --->   "%tmp6 = add i24 %tmp_9_7, %tmp_9_6" [ADSD/Classifier.cpp:32]   --->   Operation 115 'add' 'tmp6' <Predicate = (!exitcond1)> <Delay = 0.00> <Core = "TAddSub">   --->   Core 80 'TAddSub' <Latency = 0> <II = 1> <Delay = 2.18> <IPBlock> <Opcode : 'add' 'sub'> <InPorts = 3> <OutPorts = 1> <Sync> <CReg>
ST_4 : Operation 116 [1/1] (4.13ns) (root node of TernaryAdder)   --->   "%tmp4 = add i24 %tmp5, %tmp6" [ADSD/Classifier.cpp:32]   --->   Operation 116 'add' 'tmp4' <Predicate = (!exitcond1)> <Delay = 4.13> <Core = "TAddSub">   --->   Core 80 'TAddSub' <Latency = 0> <II = 1> <Delay = 2.18> <IPBlock> <Opcode : 'add' 'sub'> <InPorts = 3> <OutPorts = 1> <Sync> <CReg>
ST_4 : Operation 117 [1/1] (0.00ns) (grouped into TernaryAdder)   --->   "%tmp_1 = add i24 %tmp1, %tmp4" [ADSD/Classifier.cpp:32]   --->   Operation 117 'add' 'tmp_1' <Predicate = (!exitcond1)> <Delay = 0.00> <Core = "TAddSub">   --->   Core 80 'TAddSub' <Latency = 0> <II = 1> <Delay = 2.18> <IPBlock> <Opcode : 'add' 'sub'> <InPorts = 3> <OutPorts = 1> <Sync> <CReg>
ST_4 : Operation 118 [1/1] (4.13ns) (root node of TernaryAdder)   --->   "%p_Val2_4_7 = add i24 %tmp_1, %calculated_norm_V" [ADSD/Classifier.cpp:32]   --->   Operation 118 'add' 'p_Val2_4_7' <Predicate = (!exitcond1)> <Delay = 4.13> <Core = "TAddSub">   --->   Core 80 'TAddSub' <Latency = 0> <II = 1> <Delay = 2.18> <IPBlock> <Opcode : 'add' 'sub'> <InPorts = 3> <OutPorts = 1> <Sync> <CReg>
ST_4 : Operation 119 [1/1] (0.00ns)   --->   "%empty_33 = call i32 (...)* @_ssdm_op_SpecRegionEnd([10 x i8]* @p_str536, i32 %tmp)" [ADSD/Classifier.cpp:34]   --->   Operation 119 'specregionend' 'empty_33' <Predicate = (!exitcond1)> <Delay = 0.00>
ST_4 : Operation 120 [1/1] (0.00ns)   --->   "br label %1" [ADSD/Classifier.cpp:19]   --->   Operation 120 'br' <Predicate = (!exitcond1)> <Delay = 0.00>

State 5 <SV = 2> <Delay = 0.00>
ST_5 : Operation 121 [1/1] (0.00ns)   --->   "ret i24 %calculated_norm_V" [ADSD/Classifier.cpp:35]   --->   Operation 121 'ret' <Predicate = true> <Delay = 0.00>


============================================================
+ Verbose Summary: Binding
============================================================
STG Binding: 
---------------- STG Properties BEGIN ----------------
- Is combinational: 0
- Is one-state seq: 0
- Is datapath-only: 0
- Is pipelined: 0
- Is top level: 0
Port [ Return ] is wired: 1; IO mode=ap_ctrl_hs:ce=0
Port [ in_stream_V_data_V]:  wired=1; compound=1; hidden=0; nouse=0; global=0; static=0; extern=0; dir=0; type=0; pingpong=0; private_global=0; IO mode=axis:ce=0
Port [ in_stream_V_keep_V]:  wired=1; compound=1; hidden=0; nouse=0; global=0; static=0; extern=0; dir=0; type=0; pingpong=0; private_global=0; IO mode=axis:ce=0
Port [ in_stream_V_strb_V]:  wired=1; compound=1; hidden=0; nouse=0; global=0; static=0; extern=0; dir=0; type=0; pingpong=0; private_global=0; IO mode=axis:ce=0
Port [ in_stream_V_user_V]:  wired=1; compound=1; hidden=0; nouse=0; global=0; static=0; extern=0; dir=0; type=0; pingpong=0; private_global=0; IO mode=axis:ce=0
Port [ in_stream_V_last_V]:  wired=1; compound=1; hidden=0; nouse=0; global=0; static=0; extern=0; dir=0; type=0; pingpong=0; private_global=0; IO mode=axis:ce=0
Port [ in_stream_V_id_V]:  wired=1; compound=1; hidden=0; nouse=0; global=0; static=0; extern=0; dir=0; type=0; pingpong=0; private_global=0; IO mode=axis:ce=0
Port [ in_stream_V_dest_V]:  wired=1; compound=1; hidden=0; nouse=0; global=0; static=0; extern=0; dir=0; type=0; pingpong=0; private_global=0; IO mode=axis:ce=0
Port [ x_local_0_V]:  wired=1; compound=1; hidden=0; nouse=0; global=0; static=0; extern=0; dir=1; type=1; pingpong=1; private_global=0; MemPort=[03]; IO mode=ap_memory:ce=0
Port [ x_local_1_V]:  wired=1; compound=1; hidden=0; nouse=0; global=0; static=0; extern=0; dir=1; type=1; pingpong=1; private_global=0; MemPort=[03]; IO mode=ap_memory:ce=0
Port [ x_local_2_V]:  wired=1; compound=1; hidden=0; nouse=0; global=0; static=0; extern=0; dir=1; type=1; pingpong=1; private_global=0; MemPort=[03]; IO mode=ap_memory:ce=0
Port [ x_local_3_V]:  wired=1; compound=1; hidden=0; nouse=0; global=0; static=0; extern=0; dir=1; type=1; pingpong=1; private_global=0; MemPort=[03]; IO mode=ap_memory:ce=0
Port [ x_local_4_V]:  wired=1; compound=1; hidden=0; nouse=0; global=0; static=0; extern=0; dir=1; type=1; pingpong=1; private_global=0; MemPort=[03]; IO mode=ap_memory:ce=0
Port [ x_local_5_V]:  wired=1; compound=1; hidden=0; nouse=0; global=0; static=0; extern=0; dir=1; type=1; pingpong=1; private_global=0; MemPort=[03]; IO mode=ap_memory:ce=0
Port [ x_local_6_V]:  wired=1; compound=1; hidden=0; nouse=0; global=0; static=0; extern=0; dir=1; type=1; pingpong=1; private_global=0; MemPort=[03]; IO mode=ap_memory:ce=0
Port [ x_local_7_V]:  wired=1; compound=1; hidden=0; nouse=0; global=0; static=0; extern=0; dir=1; type=1; pingpong=1; private_global=0; MemPort=[03]; IO mode=ap_memory:ce=0
Port [ x_local_8_V]:  wired=1; compound=1; hidden=0; nouse=0; global=0; static=0; extern=0; dir=1; type=1; pingpong=1; private_global=0; MemPort=[03]; IO mode=ap_memory:ce=0
Port [ x_local_9_V]:  wired=1; compound=1; hidden=0; nouse=0; global=0; static=0; extern=0; dir=1; type=1; pingpong=1; private_global=0; MemPort=[03]; IO mode=ap_memory:ce=0
Port [ x_local_10_V]:  wired=1; compound=1; hidden=0; nouse=0; global=0; static=0; extern=0; dir=1; type=1; pingpong=1; private_global=0; MemPort=[03]; IO mode=ap_memory:ce=0
Port [ x_local_11_V]:  wired=1; compound=1; hidden=0; nouse=0; global=0; static=0; extern=0; dir=1; type=1; pingpong=1; private_global=0; MemPort=[03]; IO mode=ap_memory:ce=0
Port [ x_local_12_V]:  wired=1; compound=1; hidden=0; nouse=0; global=0; static=0; extern=0; dir=1; type=1; pingpong=1; private_global=0; MemPort=[03]; IO mode=ap_memory:ce=0
Port [ x_local_13_V]:  wired=1; compound=1; hidden=0; nouse=0; global=0; static=0; extern=0; dir=1; type=1; pingpong=1; private_global=0; MemPort=[03]; IO mode=ap_memory:ce=0
Port [ x_local_14_V]:  wired=1; compound=1; hidden=0; nouse=0; global=0; static=0; extern=0; dir=1; type=1; pingpong=1; private_global=0; MemPort=[03]; IO mode=ap_memory:ce=0
Port [ x_local_15_V]:  wired=1; compound=1; hidden=0; nouse=0; global=0; static=0; extern=0; dir=1; type=1; pingpong=1; private_global=0; MemPort=[03]; IO mode=ap_memory:ce=0
---------------- STG Properties END ------------------

---------------- Datapath Model BEGIN ----------------

<LifeTime>
<method=bitvector/>
StgValue_6        (specinterface    ) [ 000000]
StgValue_7        (br               ) [ 011110]
calculated_norm_V (phi              ) [ 001111]
i                 (phi              ) [ 001000]
exitcond1         (icmp             ) [ 001110]
empty             (speclooptripcount) [ 000000]
i_1               (add              ) [ 011110]
StgValue_13       (br               ) [ 000000]
tmp_2             (trunc            ) [ 001100]
tmp_2_cast        (partselect       ) [ 001100]
StgValue_17       (br               ) [ 000000]
StgValue_18       (br               ) [ 000000]
StgValue_19       (br               ) [ 000000]
StgValue_20       (br               ) [ 000000]
StgValue_21       (br               ) [ 000000]
StgValue_22       (br               ) [ 000000]
StgValue_23       (br               ) [ 000000]
StgValue_24       (br               ) [ 000000]
empty_32          (read             ) [ 000000]
tmp_data_V        (extractvalue     ) [ 000000]
tmp_3             (trunc            ) [ 000000]
newIndex1         (zext             ) [ 000000]
x_local_0_V_addr  (getelementptr    ) [ 000000]
x_local_8_V_addr  (getelementptr    ) [ 000000]
StgValue_31       (store            ) [ 000000]
StgValue_32       (br               ) [ 000000]
StgValue_33       (store            ) [ 000000]
StgValue_34       (br               ) [ 000000]
OP1_V             (sext             ) [ 000000]
r_V               (mul              ) [ 000000]
tmp_9             (bitconcatenate   ) [ 000000]
p_Result_1        (partselect       ) [ 000000]
x_local_1_V_addr  (getelementptr    ) [ 000000]
x_local_9_V_addr  (getelementptr    ) [ 000000]
StgValue_41       (store            ) [ 000000]
StgValue_42       (br               ) [ 000000]
StgValue_43       (store            ) [ 000000]
StgValue_44       (br               ) [ 000000]
OP1_V_1           (sext             ) [ 000000]
r_V_1             (mul              ) [ 000000]
tmp_9_1           (bitconcatenate   ) [ 000000]
p_Result_2        (partselect       ) [ 000000]
x_local_2_V_addr  (getelementptr    ) [ 000000]
x_local_10_V_addr (getelementptr    ) [ 000000]
StgValue_51       (store            ) [ 000000]
StgValue_52       (br               ) [ 000000]
StgValue_53       (store            ) [ 000000]
StgValue_54       (br               ) [ 000000]
OP1_V_2           (sext             ) [ 000000]
r_V_2             (mul              ) [ 001010]
p_Result_3        (partselect       ) [ 000000]
x_local_3_V_addr  (getelementptr    ) [ 000000]
x_local_11_V_addr (getelementptr    ) [ 000000]
StgValue_60       (store            ) [ 000000]
StgValue_61       (br               ) [ 000000]
StgValue_62       (store            ) [ 000000]
StgValue_63       (br               ) [ 000000]
OP1_V_3           (sext             ) [ 000000]
r_V_3             (mul              ) [ 001010]
p_Result_4        (partselect       ) [ 000000]
x_local_4_V_addr  (getelementptr    ) [ 000000]
x_local_12_V_addr (getelementptr    ) [ 000000]
StgValue_69       (store            ) [ 000000]
StgValue_70       (br               ) [ 000000]
StgValue_71       (store            ) [ 000000]
StgValue_72       (br               ) [ 000000]
OP1_V_4           (sext             ) [ 000000]
r_V_4             (mul              ) [ 000000]
tmp_9_4           (bitconcatenate   ) [ 000000]
p_Result_5        (partselect       ) [ 000000]
x_local_5_V_addr  (getelementptr    ) [ 000000]
x_local_13_V_addr (getelementptr    ) [ 000000]
StgValue_79       (store            ) [ 000000]
StgValue_80       (br               ) [ 000000]
StgValue_81       (store            ) [ 000000]
StgValue_82       (br               ) [ 000000]
OP1_V_5           (sext             ) [ 000000]
r_V_5             (mul              ) [ 000000]
tmp_9_5           (bitconcatenate   ) [ 000000]
p_Result_6        (partselect       ) [ 000000]
x_local_6_V_addr  (getelementptr    ) [ 000000]
x_local_14_V_addr (getelementptr    ) [ 000000]
StgValue_89       (store            ) [ 000000]
StgValue_90       (br               ) [ 000000]
StgValue_91       (store            ) [ 000000]
StgValue_92       (br               ) [ 000000]
OP1_V_6           (sext             ) [ 000000]
r_V_6             (mul              ) [ 001010]
p_Result_7        (partselect       ) [ 000000]
x_local_7_V_addr  (getelementptr    ) [ 000000]
x_local_15_V_addr (getelementptr    ) [ 000000]
StgValue_98       (store            ) [ 000000]
StgValue_99       (br               ) [ 000000]
StgValue_100      (store            ) [ 000000]
StgValue_101      (br               ) [ 000000]
OP1_V_7           (sext             ) [ 000000]
r_V_7             (mul              ) [ 001010]
tmp2              (add              ) [ 001010]
tmp5              (add              ) [ 001010]
StgValue_106      (specloopname     ) [ 000000]
tmp               (specregionbegin  ) [ 000000]
StgValue_108      (specpipeline     ) [ 000000]
tmp_9_2           (bitconcatenate   ) [ 000000]
tmp_9_3           (bitconcatenate   ) [ 000000]
tmp_9_6           (bitconcatenate   ) [ 000000]
tmp_9_7           (bitconcatenate   ) [ 000000]
tmp3              (add              ) [ 000000]
tmp1              (add              ) [ 000000]
tmp6              (add              ) [ 000000]
tmp4              (add              ) [ 000000]
tmp_1             (add              ) [ 000000]
p_Val2_4_7        (add              ) [ 011110]
empty_33          (specregionend    ) [ 000000]
StgValue_120      (br               ) [ 011110]
StgValue_121      (ret              ) [ 000000]
</LifeTime>

<model>

<comp_list>
<comp id="0" class="1000" name="in_stream_V_data_V">
<pin_list>
<pin id="1" dir="1" index="0" bw="1" slack="0"/>
</pin_list>
<bind>
<StgValue><ssdm name="in_stream_V_data_V"/></StgValue>
</bind>
</comp>

<comp id="2" class="1000" name="in_stream_V_keep_V">
<pin_list>
<pin id="3" dir="1" index="0" bw="1" slack="0"/>
</pin_list>
<bind>
<StgValue><ssdm name="in_stream_V_keep_V"/></StgValue>
</bind>
</comp>

<comp id="4" class="1000" name="in_stream_V_strb_V">
<pin_list>
<pin id="5" dir="1" index="0" bw="1" slack="0"/>
</pin_list>
<bind>
<StgValue><ssdm name="in_stream_V_strb_V"/></StgValue>
</bind>
</comp>

<comp id="6" class="1000" name="in_stream_V_user_V">
<pin_list>
<pin id="7" dir="1" index="0" bw="1" slack="0"/>
</pin_list>
<bind>
<StgValue><ssdm name="in_stream_V_user_V"/></StgValue>
</bind>
</comp>

<comp id="8" class="1000" name="in_stream_V_last_V">
<pin_list>
<pin id="9" dir="1" index="0" bw="1" slack="0"/>
</pin_list>
<bind>
<StgValue><ssdm name="in_stream_V_last_V"/></StgValue>
</bind>
</comp>

<comp id="10" class="1000" name="in_stream_V_id_V">
<pin_list>
<pin id="11" dir="1" index="0" bw="1" slack="0"/>
</pin_list>
<bind>
<StgValue><ssdm name="in_stream_V_id_V"/></StgValue>
</bind>
</comp>

<comp id="12" class="1000" name="in_stream_V_dest_V">
<pin_list>
<pin id="13" dir="1" index="0" bw="1" slack="0"/>
</pin_list>
<bind>
<StgValue><ssdm name="in_stream_V_dest_V"/></StgValue>
</bind>
</comp>

<comp id="14" class="1000" name="x_local_0_V">
<pin_list>
<pin id="15" dir="1" index="0" bw="1" slack="0"/>
</pin_list>
<bind>
<StgValue><ssdm name="x_local_0_V"/><MemPortTyVec>0 3 </MemPortTyVec>
</StgValue>
</bind>
</comp>

<comp id="16" class="1000" name="x_local_1_V">
<pin_list>
<pin id="17" dir="1" index="0" bw="1" slack="0"/>
</pin_list>
<bind>
<StgValue><ssdm name="x_local_1_V"/><MemPortTyVec>0 3 </MemPortTyVec>
</StgValue>
</bind>
</comp>

<comp id="18" class="1000" name="x_local_2_V">
<pin_list>
<pin id="19" dir="1" index="0" bw="1" slack="0"/>
</pin_list>
<bind>
<StgValue><ssdm name="x_local_2_V"/><MemPortTyVec>0 3 </MemPortTyVec>
</StgValue>
</bind>
</comp>

<comp id="20" class="1000" name="x_local_3_V">
<pin_list>
<pin id="21" dir="1" index="0" bw="1" slack="0"/>
</pin_list>
<bind>
<StgValue><ssdm name="x_local_3_V"/><MemPortTyVec>0 3 </MemPortTyVec>
</StgValue>
</bind>
</comp>

<comp id="22" class="1000" name="x_local_4_V">
<pin_list>
<pin id="23" dir="1" index="0" bw="1" slack="0"/>
</pin_list>
<bind>
<StgValue><ssdm name="x_local_4_V"/><MemPortTyVec>0 3 </MemPortTyVec>
</StgValue>
</bind>
</comp>

<comp id="24" class="1000" name="x_local_5_V">
<pin_list>
<pin id="25" dir="1" index="0" bw="1" slack="0"/>
</pin_list>
<bind>
<StgValue><ssdm name="x_local_5_V"/><MemPortTyVec>0 3 </MemPortTyVec>
</StgValue>
</bind>
</comp>

<comp id="26" class="1000" name="x_local_6_V">
<pin_list>
<pin id="27" dir="1" index="0" bw="1" slack="0"/>
</pin_list>
<bind>
<StgValue><ssdm name="x_local_6_V"/><MemPortTyVec>0 3 </MemPortTyVec>
</StgValue>
</bind>
</comp>

<comp id="28" class="1000" name="x_local_7_V">
<pin_list>
<pin id="29" dir="1" index="0" bw="1" slack="0"/>
</pin_list>
<bind>
<StgValue><ssdm name="x_local_7_V"/><MemPortTyVec>0 3 </MemPortTyVec>
</StgValue>
</bind>
</comp>

<comp id="30" class="1000" name="x_local_8_V">
<pin_list>
<pin id="31" dir="1" index="0" bw="1" slack="0"/>
</pin_list>
<bind>
<StgValue><ssdm name="x_local_8_V"/><MemPortTyVec>0 3 </MemPortTyVec>
</StgValue>
</bind>
</comp>

<comp id="32" class="1000" name="x_local_9_V">
<pin_list>
<pin id="33" dir="1" index="0" bw="1" slack="0"/>
</pin_list>
<bind>
<StgValue><ssdm name="x_local_9_V"/><MemPortTyVec>0 3 </MemPortTyVec>
</StgValue>
</bind>
</comp>

<comp id="34" class="1000" name="x_local_10_V">
<pin_list>
<pin id="35" dir="1" index="0" bw="1" slack="0"/>
</pin_list>
<bind>
<StgValue><ssdm name="x_local_10_V"/><MemPortTyVec>0 3 </MemPortTyVec>
</StgValue>
</bind>
</comp>

<comp id="36" class="1000" name="x_local_11_V">
<pin_list>
<pin id="37" dir="1" index="0" bw="1" slack="0"/>
</pin_list>
<bind>
<StgValue><ssdm name="x_local_11_V"/><MemPortTyVec>0 3 </MemPortTyVec>
</StgValue>
</bind>
</comp>

<comp id="38" class="1000" name="x_local_12_V">
<pin_list>
<pin id="39" dir="1" index="0" bw="1" slack="0"/>
</pin_list>
<bind>
<StgValue><ssdm name="x_local_12_V"/><MemPortTyVec>0 3 </MemPortTyVec>
</StgValue>
</bind>
</comp>

<comp id="40" class="1000" name="x_local_13_V">
<pin_list>
<pin id="41" dir="1" index="0" bw="1" slack="0"/>
</pin_list>
<bind>
<StgValue><ssdm name="x_local_13_V"/><MemPortTyVec>0 3 </MemPortTyVec>
</StgValue>
</bind>
</comp>

<comp id="42" class="1000" name="x_local_14_V">
<pin_list>
<pin id="43" dir="1" index="0" bw="1" slack="0"/>
</pin_list>
<bind>
<StgValue><ssdm name="x_local_14_V"/><MemPortTyVec>0 3 </MemPortTyVec>
</StgValue>
</bind>
</comp>

<comp id="44" class="1000" name="x_local_15_V">
<pin_list>
<pin id="45" dir="1" index="0" bw="1" slack="0"/>
</pin_list>
<bind>
<StgValue><ssdm name="x_local_15_V"/><MemPortTyVec>0 3 </MemPortTyVec>
</StgValue>
</bind>
</comp>

<comp id="46" class="1001" name="const_46">
<pin_list>
<pin id="47" dir="1" index="0" bw="1" slack="2147483647"/>
</pin_list>
<bind>
<StgValue><ssdm name="_ssdm_op_SpecInterface"/></StgValue>
</bind>
</comp>

<comp id="48" class="1001" name="const_48">
<pin_list>
<pin id="49" dir="1" index="0" bw="1" slack="2147483647"/>
</pin_list>
<bind>
<StgValue><ssdm name="p_str1546"/></StgValue>
</bind>
</comp>

<comp id="50" class="1001" name="const_50">
<pin_list>
<pin id="51" dir="1" index="0" bw="1" slack="0"/>
</pin_list>
<bind>
<StgValue><ssdm name=""/></StgValue>
</bind>
</comp>

<comp id="52" class="1001" name="const_52">
<pin_list>
<pin id="53" dir="1" index="0" bw="1" slack="2147483647"/>
</pin_list>
<bind>
<StgValue><ssdm name="p_str1647"/></StgValue>
</bind>
</comp>

<comp id="54" class="1001" name="const_54">
<pin_list>
<pin id="55" dir="1" index="0" bw="1" slack="2147483647"/>
</pin_list>
<bind>
<StgValue><ssdm name=""/></StgValue>
</bind>
</comp>

<comp id="56" class="1001" name="const_56">
<pin_list>
<pin id="57" dir="1" index="0" bw="1" slack="2147483647"/>
</pin_list>
<bind>
<StgValue><ssdm name="p_str35"/></StgValue>
</bind>
</comp>

<comp id="58" class="1001" name="const_58">
<pin_list>
<pin id="59" dir="1" index="0" bw="1" slack="1"/>
</pin_list>
<bind>
<StgValue><ssdm name=""/></StgValue>
</bind>
</comp>

<comp id="60" class="1001" name="const_60">
<pin_list>
<pin id="61" dir="1" index="0" bw="1" slack="1"/>
</pin_list>
<bind>
<StgValue><ssdm name=""/></StgValue>
</bind>
</comp>

<comp id="62" class="1001" name="const_62">
<pin_list>
<pin id="63" dir="1" index="0" bw="1" slack="0"/>
</pin_list>
<bind>
<StgValue><ssdm name=""/></StgValue>
</bind>
</comp>

<comp id="64" class="1001" name="const_64">
<pin_list>
<pin id="65" dir="1" index="0" bw="1" slack="2147483647"/>
</pin_list>
<bind>
<StgValue><ssdm name="_ssdm_op_SpecLoopTripCount"/></StgValue>
</bind>
</comp>

<comp id="66" class="1001" name="const_66">
<pin_list>
<pin id="67" dir="1" index="0" bw="1" slack="2147483647"/>
</pin_list>
<bind>
<StgValue><ssdm name=""/></StgValue>
</bind>
</comp>

<comp id="68" class="1001" name="const_68">
<pin_list>
<pin id="69" dir="1" index="0" bw="1" slack="0"/>
</pin_list>
<bind>
<StgValue><ssdm name=""/></StgValue>
</bind>
</comp>

<comp id="70" class="1001" name="const_70">
<pin_list>
<pin id="71" dir="1" index="0" bw="1" slack="0"/>
</pin_list>
<bind>
<StgValue><ssdm name="_ssdm_op_Read.axis.volatile.i64P.i8P.i8P.i1P.i1P.i1P.i1P"/></StgValue>
</bind>
</comp>

<comp id="72" class="1001" name="const_72">
<pin_list>
<pin id="73" dir="1" index="0" bw="1" slack="0"/>
</pin_list>
<bind>
<StgValue><ssdm name="_ssdm_op_PartSelect.i6.i7.i32.i32"/></StgValue>
</bind>
</comp>

<comp id="74" class="1001" name="const_74">
<pin_list>
<pin id="75" dir="1" index="0" bw="1" slack="0"/>
</pin_list>
<bind>
<StgValue><ssdm name=""/></StgValue>
</bind>
</comp>

<comp id="76" class="1001" name="const_76">
<pin_list>
<pin id="77" dir="1" index="0" bw="1" slack="0"/>
</pin_list>
<bind>
<StgValue><ssdm name=""/></StgValue>
</bind>
</comp>

<comp id="78" class="1001" name="const_78">
<pin_list>
<pin id="79" dir="1" index="0" bw="1" slack="0"/>
</pin_list>
<bind>
<StgValue><ssdm name="_ssdm_op_BitConcatenate.i24.i16.i8"/></StgValue>
</bind>
</comp>

<comp id="80" class="1001" name="const_80">
<pin_list>
<pin id="81" dir="1" index="0" bw="1" slack="0"/>
</pin_list>
<bind>
<StgValue><ssdm name=""/></StgValue>
</bind>
</comp>

<comp id="82" class="1001" name="const_82">
<pin_list>
<pin id="83" dir="1" index="0" bw="1" slack="0"/>
</pin_list>
<bind>
<StgValue><ssdm name="_ssdm_op_PartSelect.i8.i64.i32.i32"/></StgValue>
</bind>
</comp>

<comp id="84" class="1001" name="const_84">
<pin_list>
<pin id="85" dir="1" index="0" bw="1" slack="0"/>
</pin_list>
<bind>
<StgValue><ssdm name=""/></StgValue>
</bind>
</comp>

<comp id="86" class="1001" name="const_86">
<pin_list>
<pin id="87" dir="1" index="0" bw="1" slack="0"/>
</pin_list>
<bind>
<StgValue><ssdm name=""/></StgValue>
</bind>
</comp>

<comp id="88" class="1001" name="const_88">
<pin_list>
<pin id="89" dir="1" index="0" bw="1" slack="0"/>
</pin_list>
<bind>
<StgValue><ssdm name=""/></StgValue>
</bind>
</comp>

<comp id="90" class="1001" name="const_90">
<pin_list>
<pin id="91" dir="1" index="0" bw="1" slack="0"/>
</pin_list>
<bind>
<StgValue><ssdm name=""/></StgValue>
</bind>
</comp>

<comp id="92" class="1001" name="const_92">
<pin_list>
<pin id="93" dir="1" index="0" bw="1" slack="0"/>
</pin_list>
<bind>
<StgValue><ssdm name=""/></StgValue>
</bind>
</comp>

<comp id="94" class="1001" name="const_94">
<pin_list>
<pin id="95" dir="1" index="0" bw="1" slack="0"/>
</pin_list>
<bind>
<StgValue><ssdm name=""/></StgValue>
</bind>
</comp>

<comp id="96" class="1001" name="const_96">
<pin_list>
<pin id="97" dir="1" index="0" bw="1" slack="0"/>
</pin_list>
<bind>
<StgValue><ssdm name=""/></StgValue>
</bind>
</comp>

<comp id="98" class="1001" name="const_98">
<pin_list>
<pin id="99" dir="1" index="0" bw="1" slack="0"/>
</pin_list>
<bind>
<StgValue><ssdm name=""/></StgValue>
</bind>
</comp>

<comp id="100" class="1001" name="const_100">
<pin_list>
<pin id="101" dir="1" index="0" bw="1" slack="0"/>
</pin_list>
<bind>
<StgValue><ssdm name=""/></StgValue>
</bind>
</comp>

<comp id="102" class="1001" name="const_102">
<pin_list>
<pin id="103" dir="1" index="0" bw="1" slack="0"/>
</pin_list>
<bind>
<StgValue><ssdm name=""/></StgValue>
</bind>
</comp>

<comp id="104" class="1001" name="const_104">
<pin_list>
<pin id="105" dir="1" index="0" bw="1" slack="0"/>
</pin_list>
<bind>
<StgValue><ssdm name=""/></StgValue>
</bind>
</comp>

<comp id="106" class="1001" name="const_106">
<pin_list>
<pin id="107" dir="1" index="0" bw="1" slack="0"/>
</pin_list>
<bind>
<StgValue><ssdm name=""/></StgValue>
</bind>
</comp>

<comp id="108" class="1001" name="const_108">
<pin_list>
<pin id="109" dir="1" index="0" bw="1" slack="0"/>
</pin_list>
<bind>
<StgValue><ssdm name=""/></StgValue>
</bind>
</comp>

<comp id="110" class="1001" name="const_110">
<pin_list>
<pin id="111" dir="1" index="0" bw="1" slack="0"/>
</pin_list>
<bind>
<StgValue><ssdm name=""/></StgValue>
</bind>
</comp>

<comp id="112" class="1001" name="const_112">
<pin_list>
<pin id="113" dir="1" index="0" bw="1" slack="2147483647"/>
</pin_list>
<bind>
<StgValue><ssdm name="_ssdm_op_SpecLoopName"/></StgValue>
</bind>
</comp>

<comp id="114" class="1001" name="const_114">
<pin_list>
<pin id="115" dir="1" index="0" bw="1" slack="2147483647"/>
</pin_list>
<bind>
<StgValue><ssdm name="p_str536"/></StgValue>
</bind>
</comp>

<comp id="116" class="1001" name="const_116">
<pin_list>
<pin id="117" dir="1" index="0" bw="1" slack="2147483647"/>
</pin_list>
<bind>
<StgValue><ssdm name="_ssdm_op_SpecRegionBegin"/></StgValue>
</bind>
</comp>

<comp id="118" class="1001" name="const_118">
<pin_list>
<pin id="119" dir="1" index="0" bw="1" slack="2147483647"/>
</pin_list>
<bind>
<StgValue><ssdm name="_ssdm_op_SpecPipeline"/></StgValue>
</bind>
</comp>

<comp id="120" class="1001" name="const_120">
<pin_list>
<pin id="121" dir="1" index="0" bw="1" slack="2147483647"/>
</pin_list>
<bind>
<StgValue><ssdm name="_ssdm_op_SpecRegionEnd"/></StgValue>
</bind>
</comp>

<comp id="122" class="1004" name="grp_read_fu_122">
<pin_list>
<pin id="123" dir="0" index="0" bw="84" slack="0"/>
<pin id="124" dir="0" index="1" bw="64" slack="0"/>
<pin id="125" dir="0" index="2" bw="8" slack="0"/>
<pin id="126" dir="0" index="3" bw="8" slack="0"/>
<pin id="127" dir="0" index="4" bw="1" slack="0"/>
<pin id="128" dir="0" index="5" bw="1" slack="0"/>
<pin id="129" dir="0" index="6" bw="1" slack="0"/>
<pin id="130" dir="0" index="7" bw="1" slack="0"/>
<pin id="131" dir="1" index="8" bw="84" slack="0"/>
</pin_list>
<bind>
<opcode="read(1150) " fcode="read"/>
<opset="empty_32/2 "/>
</bind>
</comp>

<comp id="140" class="1004" name="x_local_0_V_addr_gep_fu_140">
<pin_list>
<pin id="141" dir="0" index="0" bw="8" slack="0"/>
<pin id="142" dir="0" index="1" bw="1" slack="0"/>
<pin id="143" dir="0" index="2" bw="6" slack="0"/>
<pin id="144" dir="1" index="3" bw="6" slack="0"/>
</pin_list>
<bind>
<opcode="getelementptr(29) " fcode="getelementptr"/>
<opset="x_local_0_V_addr/3 "/>
</bind>
</comp>

<comp id="147" class="1004" name="x_local_8_V_addr_gep_fu_147">
<pin_list>
<pin id="148" dir="0" index="0" bw="8" slack="0"/>
<pin id="149" dir="0" index="1" bw="1" slack="0"/>
<pin id="150" dir="0" index="2" bw="6" slack="0"/>
<pin id="151" dir="1" index="3" bw="6" slack="0"/>
</pin_list>
<bind>
<opcode="getelementptr(29) " fcode="getelementptr"/>
<opset="x_local_8_V_addr/3 "/>
</bind>
</comp>

<comp id="154" class="1004" name="StgValue_31_access_fu_154">
<pin_list>
<pin id="155" dir="0" index="0" bw="6" slack="0"/>
<pin id="156" dir="0" index="1" bw="8" slack="0"/>
<pin id="157" dir="0" index="2" bw="0" slack="2147483647"/>
<pin id="158" dir="1" index="3" bw="8" slack="2147483647"/>
</pin_list>
<bind>
<opcode="store(28) " fcode="store"/>
<opset="StgValue_31/3 "/>
</bind>
</comp>

<comp id="160" class="1004" name="StgValue_33_access_fu_160">
<pin_list>
<pin id="161" dir="0" index="0" bw="6" slack="0"/>
<pin id="162" dir="0" index="1" bw="8" slack="0"/>
<pin id="163" dir="0" index="2" bw="0" slack="2147483647"/>
<pin id="164" dir="1" index="3" bw="8" slack="2147483647"/>
</pin_list>
<bind>
<opcode="store(28) " fcode="store"/>
<opset="StgValue_33/3 "/>
</bind>
</comp>

<comp id="166" class="1004" name="x_local_1_V_addr_gep_fu_166">
<pin_list>
<pin id="167" dir="0" index="0" bw="8" slack="0"/>
<pin id="168" dir="0" index="1" bw="1" slack="0"/>
<pin id="169" dir="0" index="2" bw="6" slack="0"/>
<pin id="170" dir="1" index="3" bw="6" slack="0"/>
</pin_list>
<bind>
<opcode="getelementptr(29) " fcode="getelementptr"/>
<opset="x_local_1_V_addr/3 "/>
</bind>
</comp>

<comp id="173" class="1004" name="x_local_9_V_addr_gep_fu_173">
<pin_list>
<pin id="174" dir="0" index="0" bw="8" slack="0"/>
<pin id="175" dir="0" index="1" bw="1" slack="0"/>
<pin id="176" dir="0" index="2" bw="6" slack="0"/>
<pin id="177" dir="1" index="3" bw="6" slack="0"/>
</pin_list>
<bind>
<opcode="getelementptr(29) " fcode="getelementptr"/>
<opset="x_local_9_V_addr/3 "/>
</bind>
</comp>

<comp id="180" class="1004" name="StgValue_41_access_fu_180">
<pin_list>
<pin id="181" dir="0" index="0" bw="6" slack="0"/>
<pin id="182" dir="0" index="1" bw="8" slack="0"/>
<pin id="183" dir="0" index="2" bw="0" slack="2147483647"/>
<pin id="184" dir="1" index="3" bw="8" slack="2147483647"/>
</pin_list>
<bind>
<opcode="store(28) " fcode="store"/>
<opset="StgValue_41/3 "/>
</bind>
</comp>

<comp id="186" class="1004" name="StgValue_43_access_fu_186">
<pin_list>
<pin id="187" dir="0" index="0" bw="6" slack="0"/>
<pin id="188" dir="0" index="1" bw="8" slack="0"/>
<pin id="189" dir="0" index="2" bw="0" slack="2147483647"/>
<pin id="190" dir="1" index="3" bw="8" slack="2147483647"/>
</pin_list>
<bind>
<opcode="store(28) " fcode="store"/>
<opset="StgValue_43/3 "/>
</bind>
</comp>

<comp id="192" class="1004" name="x_local_2_V_addr_gep_fu_192">
<pin_list>
<pin id="193" dir="0" index="0" bw="8" slack="0"/>
<pin id="194" dir="0" index="1" bw="1" slack="0"/>
<pin id="195" dir="0" index="2" bw="6" slack="0"/>
<pin id="196" dir="1" index="3" bw="6" slack="0"/>
</pin_list>
<bind>
<opcode="getelementptr(29) " fcode="getelementptr"/>
<opset="x_local_2_V_addr/3 "/>
</bind>
</comp>

<comp id="199" class="1004" name="x_local_10_V_addr_gep_fu_199">
<pin_list>
<pin id="200" dir="0" index="0" bw="8" slack="0"/>
<pin id="201" dir="0" index="1" bw="1" slack="0"/>
<pin id="202" dir="0" index="2" bw="6" slack="0"/>
<pin id="203" dir="1" index="3" bw="6" slack="0"/>
</pin_list>
<bind>
<opcode="getelementptr(29) " fcode="getelementptr"/>
<opset="x_local_10_V_addr/3 "/>
</bind>
</comp>

<comp id="206" class="1004" name="StgValue_51_access_fu_206">
<pin_list>
<pin id="207" dir="0" index="0" bw="6" slack="0"/>
<pin id="208" dir="0" index="1" bw="8" slack="0"/>
<pin id="209" dir="0" index="2" bw="0" slack="2147483647"/>
<pin id="210" dir="1" index="3" bw="8" slack="2147483647"/>
</pin_list>
<bind>
<opcode="store(28) " fcode="store"/>
<opset="StgValue_51/3 "/>
</bind>
</comp>

<comp id="212" class="1004" name="StgValue_53_access_fu_212">
<pin_list>
<pin id="213" dir="0" index="0" bw="6" slack="0"/>
<pin id="214" dir="0" index="1" bw="8" slack="0"/>
<pin id="215" dir="0" index="2" bw="0" slack="2147483647"/>
<pin id="216" dir="1" index="3" bw="8" slack="2147483647"/>
</pin_list>
<bind>
<opcode="store(28) " fcode="store"/>
<opset="StgValue_53/3 "/>
</bind>
</comp>

<comp id="218" class="1004" name="x_local_3_V_addr_gep_fu_218">
<pin_list>
<pin id="219" dir="0" index="0" bw="8" slack="0"/>
<pin id="220" dir="0" index="1" bw="1" slack="0"/>
<pin id="221" dir="0" index="2" bw="6" slack="0"/>
<pin id="222" dir="1" index="3" bw="6" slack="0"/>
</pin_list>
<bind>
<opcode="getelementptr(29) " fcode="getelementptr"/>
<opset="x_local_3_V_addr/3 "/>
</bind>
</comp>

<comp id="225" class="1004" name="x_local_11_V_addr_gep_fu_225">
<pin_list>
<pin id="226" dir="0" index="0" bw="8" slack="0"/>
<pin id="227" dir="0" index="1" bw="1" slack="0"/>
<pin id="228" dir="0" index="2" bw="6" slack="0"/>
<pin id="229" dir="1" index="3" bw="6" slack="0"/>
</pin_list>
<bind>
<opcode="getelementptr(29) " fcode="getelementptr"/>
<opset="x_local_11_V_addr/3 "/>
</bind>
</comp>

<comp id="232" class="1004" name="StgValue_60_access_fu_232">
<pin_list>
<pin id="233" dir="0" index="0" bw="6" slack="0"/>
<pin id="234" dir="0" index="1" bw="8" slack="0"/>
<pin id="235" dir="0" index="2" bw="0" slack="2147483647"/>
<pin id="236" dir="1" index="3" bw="8" slack="2147483647"/>
</pin_list>
<bind>
<opcode="store(28) " fcode="store"/>
<opset="StgValue_60/3 "/>
</bind>
</comp>

<comp id="238" class="1004" name="StgValue_62_access_fu_238">
<pin_list>
<pin id="239" dir="0" index="0" bw="6" slack="0"/>
<pin id="240" dir="0" index="1" bw="8" slack="0"/>
<pin id="241" dir="0" index="2" bw="0" slack="2147483647"/>
<pin id="242" dir="1" index="3" bw="8" slack="2147483647"/>
</pin_list>
<bind>
<opcode="store(28) " fcode="store"/>
<opset="StgValue_62/3 "/>
</bind>
</comp>

<comp id="244" class="1004" name="x_local_4_V_addr_gep_fu_244">
<pin_list>
<pin id="245" dir="0" index="0" bw="8" slack="0"/>
<pin id="246" dir="0" index="1" bw="1" slack="0"/>
<pin id="247" dir="0" index="2" bw="6" slack="0"/>
<pin id="248" dir="1" index="3" bw="6" slack="0"/>
</pin_list>
<bind>
<opcode="getelementptr(29) " fcode="getelementptr"/>
<opset="x_local_4_V_addr/3 "/>
</bind>
</comp>

<comp id="251" class="1004" name="x_local_12_V_addr_gep_fu_251">
<pin_list>
<pin id="252" dir="0" index="0" bw="8" slack="0"/>
<pin id="253" dir="0" index="1" bw="1" slack="0"/>
<pin id="254" dir="0" index="2" bw="6" slack="0"/>
<pin id="255" dir="1" index="3" bw="6" slack="0"/>
</pin_list>
<bind>
<opcode="getelementptr(29) " fcode="getelementptr"/>
<opset="x_local_12_V_addr/3 "/>
</bind>
</comp>

<comp id="258" class="1004" name="StgValue_69_access_fu_258">
<pin_list>
<pin id="259" dir="0" index="0" bw="6" slack="0"/>
<pin id="260" dir="0" index="1" bw="8" slack="0"/>
<pin id="261" dir="0" index="2" bw="0" slack="2147483647"/>
<pin id="262" dir="1" index="3" bw="8" slack="2147483647"/>
</pin_list>
<bind>
<opcode="store(28) " fcode="store"/>
<opset="StgValue_69/3 "/>
</bind>
</comp>

<comp id="264" class="1004" name="StgValue_71_access_fu_264">
<pin_list>
<pin id="265" dir="0" index="0" bw="6" slack="0"/>
<pin id="266" dir="0" index="1" bw="8" slack="0"/>
<pin id="267" dir="0" index="2" bw="0" slack="2147483647"/>
<pin id="268" dir="1" index="3" bw="8" slack="2147483647"/>
</pin_list>
<bind>
<opcode="store(28) " fcode="store"/>
<opset="StgValue_71/3 "/>
</bind>
</comp>

<comp id="270" class="1004" name="x_local_5_V_addr_gep_fu_270">
<pin_list>
<pin id="271" dir="0" index="0" bw="8" slack="0"/>
<pin id="272" dir="0" index="1" bw="1" slack="0"/>
<pin id="273" dir="0" index="2" bw="6" slack="0"/>
<pin id="274" dir="1" index="3" bw="6" slack="0"/>
</pin_list>
<bind>
<opcode="getelementptr(29) " fcode="getelementptr"/>
<opset="x_local_5_V_addr/3 "/>
</bind>
</comp>

<comp id="277" class="1004" name="x_local_13_V_addr_gep_fu_277">
<pin_list>
<pin id="278" dir="0" index="0" bw="8" slack="0"/>
<pin id="279" dir="0" index="1" bw="1" slack="0"/>
<pin id="280" dir="0" index="2" bw="6" slack="0"/>
<pin id="281" dir="1" index="3" bw="6" slack="0"/>
</pin_list>
<bind>
<opcode="getelementptr(29) " fcode="getelementptr"/>
<opset="x_local_13_V_addr/3 "/>
</bind>
</comp>

<comp id="284" class="1004" name="StgValue_79_access_fu_284">
<pin_list>
<pin id="285" dir="0" index="0" bw="6" slack="0"/>
<pin id="286" dir="0" index="1" bw="8" slack="0"/>
<pin id="287" dir="0" index="2" bw="0" slack="2147483647"/>
<pin id="288" dir="1" index="3" bw="8" slack="2147483647"/>
</pin_list>
<bind>
<opcode="store(28) " fcode="store"/>
<opset="StgValue_79/3 "/>
</bind>
</comp>

<comp id="290" class="1004" name="StgValue_81_access_fu_290">
<pin_list>
<pin id="291" dir="0" index="0" bw="6" slack="0"/>
<pin id="292" dir="0" index="1" bw="8" slack="0"/>
<pin id="293" dir="0" index="2" bw="0" slack="2147483647"/>
<pin id="294" dir="1" index="3" bw="8" slack="2147483647"/>
</pin_list>
<bind>
<opcode="store(28) " fcode="store"/>
<opset="StgValue_81/3 "/>
</bind>
</comp>

<comp id="296" class="1004" name="x_local_6_V_addr_gep_fu_296">
<pin_list>
<pin id="297" dir="0" index="0" bw="8" slack="0"/>
<pin id="298" dir="0" index="1" bw="1" slack="0"/>
<pin id="299" dir="0" index="2" bw="6" slack="0"/>
<pin id="300" dir="1" index="3" bw="6" slack="0"/>
</pin_list>
<bind>
<opcode="getelementptr(29) " fcode="getelementptr"/>
<opset="x_local_6_V_addr/3 "/>
</bind>
</comp>

<comp id="303" class="1004" name="x_local_14_V_addr_gep_fu_303">
<pin_list>
<pin id="304" dir="0" index="0" bw="8" slack="0"/>
<pin id="305" dir="0" index="1" bw="1" slack="0"/>
<pin id="306" dir="0" index="2" bw="6" slack="0"/>
<pin id="307" dir="1" index="3" bw="6" slack="0"/>
</pin_list>
<bind>
<opcode="getelementptr(29) " fcode="getelementptr"/>
<opset="x_local_14_V_addr/3 "/>
</bind>
</comp>

<comp id="310" class="1004" name="StgValue_89_access_fu_310">
<pin_list>
<pin id="311" dir="0" index="0" bw="6" slack="0"/>
<pin id="312" dir="0" index="1" bw="8" slack="0"/>
<pin id="313" dir="0" index="2" bw="0" slack="2147483647"/>
<pin id="314" dir="1" index="3" bw="8" slack="2147483647"/>
</pin_list>
<bind>
<opcode="store(28) " fcode="store"/>
<opset="StgValue_89/3 "/>
</bind>
</comp>

<comp id="316" class="1004" name="StgValue_91_access_fu_316">
<pin_list>
<pin id="317" dir="0" index="0" bw="6" slack="0"/>
<pin id="318" dir="0" index="1" bw="8" slack="0"/>
<pin id="319" dir="0" index="2" bw="0" slack="2147483647"/>
<pin id="320" dir="1" index="3" bw="8" slack="2147483647"/>
</pin_list>
<bind>
<opcode="store(28) " fcode="store"/>
<opset="StgValue_91/3 "/>
</bind>
</comp>

<comp id="322" class="1004" name="x_local_7_V_addr_gep_fu_322">
<pin_list>
<pin id="323" dir="0" index="0" bw="8" slack="0"/>
<pin id="324" dir="0" index="1" bw="1" slack="0"/>
<pin id="325" dir="0" index="2" bw="6" slack="0"/>
<pin id="326" dir="1" index="3" bw="6" slack="0"/>
</pin_list>
<bind>
<opcode="getelementptr(29) " fcode="getelementptr"/>
<opset="x_local_7_V_addr/3 "/>
</bind>
</comp>

<comp id="329" class="1004" name="x_local_15_V_addr_gep_fu_329">
<pin_list>
<pin id="330" dir="0" index="0" bw="8" slack="0"/>
<pin id="331" dir="0" index="1" bw="1" slack="0"/>
<pin id="332" dir="0" index="2" bw="6" slack="0"/>
<pin id="333" dir="1" index="3" bw="6" slack="0"/>
</pin_list>
<bind>
<opcode="getelementptr(29) " fcode="getelementptr"/>
<opset="x_local_15_V_addr/3 "/>
</bind>
</comp>

<comp id="336" class="1004" name="StgValue_98_access_fu_336">
<pin_list>
<pin id="337" dir="0" index="0" bw="6" slack="0"/>
<pin id="338" dir="0" index="1" bw="8" slack="0"/>
<pin id="339" dir="0" index="2" bw="0" slack="2147483647"/>
<pin id="340" dir="1" index="3" bw="8" slack="2147483647"/>
</pin_list>
<bind>
<opcode="store(28) " fcode="store"/>
<opset="StgValue_98/3 "/>
</bind>
</comp>

<comp id="342" class="1004" name="StgValue_100_access_fu_342">
<pin_list>
<pin id="343" dir="0" index="0" bw="6" slack="0"/>
<pin id="344" dir="0" index="1" bw="8" slack="0"/>
<pin id="345" dir="0" index="2" bw="0" slack="2147483647"/>
<pin id="346" dir="1" index="3" bw="8" slack="2147483647"/>
</pin_list>
<bind>
<opcode="store(28) " fcode="store"/>
<opset="StgValue_100/3 "/>
</bind>
</comp>

<comp id="348" class="1005" name="calculated_norm_V_reg_348">
<pin_list>
<pin id="349" dir="0" index="0" bw="24" slack="1"/>
<pin id="350" dir="1" index="1" bw="24" slack="1"/>
</pin_list>
<bind>
<opset="calculated_norm_V (phireg) "/>
</bind>
</comp>

<comp id="352" class="1004" name="calculated_norm_V_phi_fu_352">
<pin_list>
<pin id="353" dir="0" index="0" bw="1" slack="1"/>
<pin id="354" dir="0" index="1" bw="0" slack="2147483647"/>
<pin id="355" dir="0" index="2" bw="24" slack="1"/>
<pin id="356" dir="0" index="3" bw="0" slack="2147483647"/>
<pin id="357" dir="1" index="4" bw="24" slack="1"/>
</pin_list>
<bind>
<opcode="phi(47) " fcode="phi"/>
<opset="calculated_norm_V/2 "/>
</bind>
</comp>

<comp id="360" class="1005" name="i_reg_360">
<pin_list>
<pin id="361" dir="0" index="0" bw="7" slack="1"/>
<pin id="362" dir="1" index="1" bw="7" slack="1"/>
</pin_list>
<bind>
<opset="i (phireg) "/>
</bind>
</comp>

<comp id="364" class="1004" name="i_phi_fu_364">
<pin_list>
<pin id="365" dir="0" index="0" bw="1" slack="1"/>
<pin id="366" dir="0" index="1" bw="0" slack="2147483647"/>
<pin id="367" dir="0" index="2" bw="7" slack="0"/>
<pin id="368" dir="0" index="3" bw="0" slack="2147483647"/>
<pin id="369" dir="1" index="4" bw="7" slack="0"/>
</pin_list>
<bind>
<opcode="phi(47) " fcode="phi"/>
<opset="i/2 "/>
</bind>
</comp>

<comp id="371" class="1004" name="exitcond1_fu_371">
<pin_list>
<pin id="372" dir="0" index="0" bw="7" slack="0"/>
<pin id="373" dir="0" index="1" bw="7" slack="0"/>
<pin id="374" dir="1" index="2" bw="1" slack="1"/>
</pin_list>
<bind>
<opcode="icmp(45) " fcode="icmp"/>
<opset="exitcond1/2 "/>
</bind>
</comp>

<comp id="377" class="1004" name="i_1_fu_377">
<pin_list>
<pin id="378" dir="0" index="0" bw="7" slack="0"/>
<pin id="379" dir="0" index="1" bw="1" slack="0"/>
<pin id="380" dir="1" index="2" bw="7" slack="0"/>
</pin_list>
<bind>
<opcode="add(8) " fcode="add"/>
<opset="i_1/2 "/>
</bind>
</comp>

<comp id="383" class="1004" name="tmp_2_fu_383">
<pin_list>
<pin id="384" dir="0" index="0" bw="7" slack="0"/>
<pin id="385" dir="1" index="1" bw="1" slack="1"/>
</pin_list>
<bind>
<opcode="trunc(33) " fcode="trunc"/>
<opset="tmp_2/2 "/>
</bind>
</comp>

<comp id="387" class="1004" name="tmp_2_cast_fu_387">
<pin_list>
<pin id="388" dir="0" index="0" bw="6" slack="0"/>
<pin id="389" dir="0" index="1" bw="7" slack="0"/>
<pin id="390" dir="0" index="2" bw="1" slack="0"/>
<pin id="391" dir="0" index="3" bw="4" slack="0"/>
<pin id="392" dir="1" index="4" bw="6" slack="1"/>
</pin_list>
<bind>
<opcode="partselect(1002) " fcode="partselect"/>
<opset="tmp_2_cast/2 "/>
</bind>
</comp>

<comp id="397" class="1004" name="tmp_data_V_fu_397">
<pin_list>
<pin id="398" dir="0" index="0" bw="84" slack="0"/>
<pin id="399" dir="1" index="1" bw="64" slack="0"/>
</pin_list>
<bind>
<opcode="extractvalue(56) " fcode="extractvalue"/>
<opset="tmp_data_V/3 "/>
</bind>
</comp>

<comp id="401" class="1004" name="tmp_3_fu_401">
<pin_list>
<pin id="402" dir="0" index="0" bw="64" slack="0"/>
<pin id="403" dir="1" index="1" bw="8" slack="0"/>
</pin_list>
<bind>
<opcode="trunc(33) " fcode="trunc"/>
<opset="tmp_3/3 "/>
</bind>
</comp>

<comp id="407" class="1004" name="newIndex1_fu_407">
<pin_list>
<pin id="408" dir="0" index="0" bw="6" slack="1"/>
<pin id="409" dir="1" index="1" bw="64" slack="0"/>
</pin_list>
<bind>
<opcode="zext(34) " fcode="zext"/>
<opset="newIndex1/3 "/>
</bind>
</comp>

<comp id="426" class="1004" name="OP1_V_fu_426">
<pin_list>
<pin id="427" dir="0" index="0" bw="8" slack="0"/>
<pin id="428" dir="1" index="1" bw="16" slack="0"/>
</pin_list>
<bind>
<opcode="sext(35) " fcode="sext"/>
<opset="OP1_V/3 "/>
</bind>
</comp>

<comp id="430" class="1004" name="r_V_fu_430">
<pin_list>
<pin id="431" dir="0" index="0" bw="8" slack="0"/>
<pin id="432" dir="0" index="1" bw="8" slack="0"/>
<pin id="433" dir="1" index="2" bw="16" slack="0"/>
</pin_list>
<bind>
<opcode="mul(12) " fcode="mul"/>
<opset="r_V/3 "/>
</bind>
</comp>

<comp id="436" class="1004" name="tmp_9_fu_436">
<pin_list>
<pin id="437" dir="0" index="0" bw="24" slack="0"/>
<pin id="438" dir="0" index="1" bw="16" slack="0"/>
<pin id="439" dir="0" index="2" bw="1" slack="0"/>
<pin id="440" dir="1" index="3" bw="24" slack="0"/>
</pin_list>
<bind>
<opcode="bitconcatenate(1004) " fcode="bitconcatenate"/>
<opset="tmp_9/3 "/>
</bind>
</comp>

<comp id="444" class="1004" name="p_Result_1_fu_444">
<pin_list>
<pin id="445" dir="0" index="0" bw="8" slack="0"/>
<pin id="446" dir="0" index="1" bw="64" slack="0"/>
<pin id="447" dir="0" index="2" bw="5" slack="0"/>
<pin id="448" dir="0" index="3" bw="5" slack="0"/>
<pin id="449" dir="1" index="4" bw="8" slack="0"/>
</pin_list>
<bind>
<opcode="partselect(1002) " fcode="partselect"/>
<opset="p_Result_1/3 "/>
</bind>
</comp>

<comp id="456" class="1004" name="OP1_V_1_fu_456">
<pin_list>
<pin id="457" dir="0" index="0" bw="8" slack="0"/>
<pin id="458" dir="1" index="1" bw="16" slack="0"/>
</pin_list>
<bind>
<opcode="sext(35) " fcode="sext"/>
<opset="OP1_V_1/3 "/>
</bind>
</comp>

<comp id="460" class="1004" name="r_V_1_fu_460">
<pin_list>
<pin id="461" dir="0" index="0" bw="8" slack="0"/>
<pin id="462" dir="0" index="1" bw="8" slack="0"/>
<pin id="463" dir="1" index="2" bw="16" slack="0"/>
</pin_list>
<bind>
<opcode="mul(12) " fcode="mul"/>
<opset="r_V_1/3 "/>
</bind>
</comp>

<comp id="466" class="1004" name="tmp_9_1_fu_466">
<pin_list>
<pin id="467" dir="0" index="0" bw="24" slack="0"/>
<pin id="468" dir="0" index="1" bw="16" slack="0"/>
<pin id="469" dir="0" index="2" bw="1" slack="0"/>
<pin id="470" dir="1" index="3" bw="24" slack="0"/>
</pin_list>
<bind>
<opcode="bitconcatenate(1004) " fcode="bitconcatenate"/>
<opset="tmp_9_1/3 "/>
</bind>
</comp>

<comp id="474" class="1004" name="p_Result_2_fu_474">
<pin_list>
<pin id="475" dir="0" index="0" bw="8" slack="0"/>
<pin id="476" dir="0" index="1" bw="64" slack="0"/>
<pin id="477" dir="0" index="2" bw="6" slack="0"/>
<pin id="478" dir="0" index="3" bw="6" slack="0"/>
<pin id="479" dir="1" index="4" bw="8" slack="0"/>
</pin_list>
<bind>
<opcode="partselect(1002) " fcode="partselect"/>
<opset="p_Result_2/3 "/>
</bind>
</comp>

<comp id="486" class="1004" name="OP1_V_2_fu_486">
<pin_list>
<pin id="487" dir="0" index="0" bw="8" slack="0"/>
<pin id="488" dir="1" index="1" bw="16" slack="0"/>
</pin_list>
<bind>
<opcode="sext(35) " fcode="sext"/>
<opset="OP1_V_2/3 "/>
</bind>
</comp>

<comp id="490" class="1004" name="r_V_2_fu_490">
<pin_list>
<pin id="491" dir="0" index="0" bw="8" slack="0"/>
<pin id="492" dir="0" index="1" bw="8" slack="0"/>
<pin id="493" dir="1" index="2" bw="16" slack="1"/>
</pin_list>
<bind>
<opcode="mul(12) " fcode="mul"/>
<opset="r_V_2/3 "/>
</bind>
</comp>

<comp id="496" class="1004" name="p_Result_3_fu_496">
<pin_list>
<pin id="497" dir="0" index="0" bw="8" slack="0"/>
<pin id="498" dir="0" index="1" bw="64" slack="0"/>
<pin id="499" dir="0" index="2" bw="6" slack="0"/>
<pin id="500" dir="0" index="3" bw="6" slack="0"/>
<pin id="501" dir="1" index="4" bw="8" slack="0"/>
</pin_list>
<bind>
<opcode="partselect(1002) " fcode="partselect"/>
<opset="p_Result_3/3 "/>
</bind>
</comp>

<comp id="508" class="1004" name="OP1_V_3_fu_508">
<pin_list>
<pin id="509" dir="0" index="0" bw="8" slack="0"/>
<pin id="510" dir="1" index="1" bw="16" slack="0"/>
</pin_list>
<bind>
<opcode="sext(35) " fcode="sext"/>
<opset="OP1_V_3/3 "/>
</bind>
</comp>

<comp id="512" class="1004" name="r_V_3_fu_512">
<pin_list>
<pin id="513" dir="0" index="0" bw="8" slack="0"/>
<pin id="514" dir="0" index="1" bw="8" slack="0"/>
<pin id="515" dir="1" index="2" bw="16" slack="1"/>
</pin_list>
<bind>
<opcode="mul(12) " fcode="mul"/>
<opset="r_V_3/3 "/>
</bind>
</comp>

<comp id="518" class="1004" name="p_Result_4_fu_518">
<pin_list>
<pin id="519" dir="0" index="0" bw="8" slack="0"/>
<pin id="520" dir="0" index="1" bw="64" slack="0"/>
<pin id="521" dir="0" index="2" bw="7" slack="0"/>
<pin id="522" dir="0" index="3" bw="7" slack="0"/>
<pin id="523" dir="1" index="4" bw="8" slack="0"/>
</pin_list>
<bind>
<opcode="partselect(1002) " fcode="partselect"/>
<opset="p_Result_4/3 "/>
</bind>
</comp>

<comp id="530" class="1004" name="OP1_V_4_fu_530">
<pin_list>
<pin id="531" dir="0" index="0" bw="8" slack="0"/>
<pin id="532" dir="1" index="1" bw="16" slack="0"/>
</pin_list>
<bind>
<opcode="sext(35) " fcode="sext"/>
<opset="OP1_V_4/3 "/>
</bind>
</comp>

<comp id="534" class="1004" name="r_V_4_fu_534">
<pin_list>
<pin id="535" dir="0" index="0" bw="8" slack="0"/>
<pin id="536" dir="0" index="1" bw="8" slack="0"/>
<pin id="537" dir="1" index="2" bw="16" slack="0"/>
</pin_list>
<bind>
<opcode="mul(12) " fcode="mul"/>
<opset="r_V_4/3 "/>
</bind>
</comp>

<comp id="540" class="1004" name="tmp_9_4_fu_540">
<pin_list>
<pin id="541" dir="0" index="0" bw="24" slack="0"/>
<pin id="542" dir="0" index="1" bw="16" slack="0"/>
<pin id="543" dir="0" index="2" bw="1" slack="0"/>
<pin id="544" dir="1" index="3" bw="24" slack="0"/>
</pin_list>
<bind>
<opcode="bitconcatenate(1004) " fcode="bitconcatenate"/>
<opset="tmp_9_4/3 "/>
</bind>
</comp>

<comp id="548" class="1004" name="p_Result_5_fu_548">
<pin_list>
<pin id="549" dir="0" index="0" bw="8" slack="0"/>
<pin id="550" dir="0" index="1" bw="64" slack="0"/>
<pin id="551" dir="0" index="2" bw="7" slack="0"/>
<pin id="552" dir="0" index="3" bw="7" slack="0"/>
<pin id="553" dir="1" index="4" bw="8" slack="0"/>
</pin_list>
<bind>
<opcode="partselect(1002) " fcode="partselect"/>
<opset="p_Result_5/3 "/>
</bind>
</comp>

<comp id="560" class="1004" name="OP1_V_5_fu_560">
<pin_list>
<pin id="561" dir="0" index="0" bw="8" slack="0"/>
<pin id="562" dir="1" index="1" bw="16" slack="0"/>
</pin_list>
<bind>
<opcode="sext(35) " fcode="sext"/>
<opset="OP1_V_5/3 "/>
</bind>
</comp>

<comp id="564" class="1004" name="r_V_5_fu_564">
<pin_list>
<pin id="565" dir="0" index="0" bw="8" slack="0"/>
<pin id="566" dir="0" index="1" bw="8" slack="0"/>
<pin id="567" dir="1" index="2" bw="16" slack="0"/>
</pin_list>
<bind>
<opcode="mul(12) " fcode="mul"/>
<opset="r_V_5/3 "/>
</bind>
</comp>

<comp id="570" class="1004" name="tmp_9_5_fu_570">
<pin_list>
<pin id="571" dir="0" index="0" bw="24" slack="0"/>
<pin id="572" dir="0" index="1" bw="16" slack="0"/>
<pin id="573" dir="0" index="2" bw="1" slack="0"/>
<pin id="574" dir="1" index="3" bw="24" slack="0"/>
</pin_list>
<bind>
<opcode="bitconcatenate(1004) " fcode="bitconcatenate"/>
<opset="tmp_9_5/3 "/>
</bind>
</comp>

<comp id="578" class="1004" name="p_Result_6_fu_578">
<pin_list>
<pin id="579" dir="0" index="0" bw="8" slack="0"/>
<pin id="580" dir="0" index="1" bw="64" slack="0"/>
<pin id="581" dir="0" index="2" bw="7" slack="0"/>
<pin id="582" dir="0" index="3" bw="7" slack="0"/>
<pin id="583" dir="1" index="4" bw="8" slack="0"/>
</pin_list>
<bind>
<opcode="partselect(1002) " fcode="partselect"/>
<opset="p_Result_6/3 "/>
</bind>
</comp>

<comp id="590" class="1004" name="OP1_V_6_fu_590">
<pin_list>
<pin id="591" dir="0" index="0" bw="8" slack="0"/>
<pin id="592" dir="1" index="1" bw="16" slack="0"/>
</pin_list>
<bind>
<opcode="sext(35) " fcode="sext"/>
<opset="OP1_V_6/3 "/>
</bind>
</comp>

<comp id="594" class="1004" name="r_V_6_fu_594">
<pin_list>
<pin id="595" dir="0" index="0" bw="8" slack="0"/>
<pin id="596" dir="0" index="1" bw="8" slack="0"/>
<pin id="597" dir="1" index="2" bw="16" slack="1"/>
</pin_list>
<bind>
<opcode="mul(12) " fcode="mul"/>
<opset="r_V_6/3 "/>
</bind>
</comp>

<comp id="600" class="1004" name="p_Result_7_fu_600">
<pin_list>
<pin id="601" dir="0" index="0" bw="8" slack="0"/>
<pin id="602" dir="0" index="1" bw="64" slack="0"/>
<pin id="603" dir="0" index="2" bw="7" slack="0"/>
<pin id="604" dir="0" index="3" bw="7" slack="0"/>
<pin id="605" dir="1" index="4" bw="8" slack="0"/>
</pin_list>
<bind>
<opcode="partselect(1002) " fcode="partselect"/>
<opset="p_Result_7/3 "/>
</bind>
</comp>

<comp id="612" class="1004" name="OP1_V_7_fu_612">
<pin_list>
<pin id="613" dir="0" index="0" bw="8" slack="0"/>
<pin id="614" dir="1" index="1" bw="16" slack="0"/>
</pin_list>
<bind>
<opcode="sext(35) " fcode="sext"/>
<opset="OP1_V_7/3 "/>
</bind>
</comp>

<comp id="616" class="1004" name="r_V_7_fu_616">
<pin_list>
<pin id="617" dir="0" index="0" bw="8" slack="0"/>
<pin id="618" dir="0" index="1" bw="8" slack="0"/>
<pin id="619" dir="1" index="2" bw="16" slack="1"/>
</pin_list>
<bind>
<opcode="mul(12) " fcode="mul"/>
<opset="r_V_7/3 "/>
</bind>
</comp>

<comp id="622" class="1004" name="tmp2_fu_622">
<pin_list>
<pin id="623" dir="0" index="0" bw="24" slack="0"/>
<pin id="624" dir="0" index="1" bw="24" slack="0"/>
<pin id="625" dir="1" index="2" bw="24" slack="1"/>
</pin_list>
<bind>
<opcode="add(8) " fcode="add"/>
<opset="tmp2/3 "/>
</bind>
</comp>

<comp id="628" class="1004" name="tmp5_fu_628">
<pin_list>
<pin id="629" dir="0" index="0" bw="24" slack="0"/>
<pin id="630" dir="0" index="1" bw="24" slack="0"/>
<pin id="631" dir="1" index="2" bw="24" slack="1"/>
</pin_list>
<bind>
<opcode="add(8) " fcode="add"/>
<opset="tmp5/3 "/>
</bind>
</comp>

<comp id="634" class="1004" name="tmp_9_2_fu_634">
<pin_list>
<pin id="635" dir="0" index="0" bw="24" slack="0"/>
<pin id="636" dir="0" index="1" bw="16" slack="1"/>
<pin id="637" dir="0" index="2" bw="1" slack="0"/>
<pin id="638" dir="1" index="3" bw="24" slack="0"/>
</pin_list>
<bind>
<opcode="bitconcatenate(1004) " fcode="bitconcatenate"/>
<opset="tmp_9_2/4 "/>
</bind>
</comp>

<comp id="641" class="1004" name="tmp_9_3_fu_641">
<pin_list>
<pin id="642" dir="0" index="0" bw="24" slack="0"/>
<pin id="643" dir="0" index="1" bw="16" slack="1"/>
<pin id="644" dir="0" index="2" bw="1" slack="0"/>
<pin id="645" dir="1" index="3" bw="24" slack="0"/>
</pin_list>
<bind>
<opcode="bitconcatenate(1004) " fcode="bitconcatenate"/>
<opset="tmp_9_3/4 "/>
</bind>
</comp>

<comp id="648" class="1004" name="tmp_9_6_fu_648">
<pin_list>
<pin id="649" dir="0" index="0" bw="24" slack="0"/>
<pin id="650" dir="0" index="1" bw="16" slack="1"/>
<pin id="651" dir="0" index="2" bw="1" slack="0"/>
<pin id="652" dir="1" index="3" bw="24" slack="0"/>
</pin_list>
<bind>
<opcode="bitconcatenate(1004) " fcode="bitconcatenate"/>
<opset="tmp_9_6/4 "/>
</bind>
</comp>

<comp id="655" class="1004" name="tmp_9_7_fu_655">
<pin_list>
<pin id="656" dir="0" index="0" bw="24" slack="0"/>
<pin id="657" dir="0" index="1" bw="16" slack="1"/>
<pin id="658" dir="0" index="2" bw="1" slack="0"/>
<pin id="659" dir="1" index="3" bw="24" slack="0"/>
</pin_list>
<bind>
<opcode="bitconcatenate(1004) " fcode="bitconcatenate"/>
<opset="tmp_9_7/4 "/>
</bind>
</comp>

<comp id="662" class="1004" name="tmp3_fu_662">
<pin_list>
<pin id="663" dir="0" index="0" bw="24" slack="0"/>
<pin id="664" dir="0" index="1" bw="24" slack="0"/>
<pin id="665" dir="1" index="2" bw="24" slack="0"/>
</pin_list>
<bind>
<opcode="add(8) " fcode="add"/>
<opset="tmp3/4 "/>
</bind>
</comp>

<comp id="668" class="1004" name="tmp1_fu_668">
<pin_list>
<pin id="669" dir="0" index="0" bw="24" slack="1"/>
<pin id="670" dir="0" index="1" bw="24" slack="0"/>
<pin id="671" dir="1" index="2" bw="24" slack="0"/>
</pin_list>
<bind>
<opcode="add(8) " fcode="add"/>
<opset="tmp1/4 "/>
</bind>
</comp>

<comp id="673" class="1004" name="tmp6_fu_673">
<pin_list>
<pin id="674" dir="0" index="0" bw="24" slack="0"/>
<pin id="675" dir="0" index="1" bw="24" slack="0"/>
<pin id="676" dir="1" index="2" bw="24" slack="0"/>
</pin_list>
<bind>
<opcode="add(8) " fcode="add"/>
<opset="tmp6/4 "/>
</bind>
</comp>

<comp id="679" class="1004" name="tmp4_fu_679">
<pin_list>
<pin id="680" dir="0" index="0" bw="24" slack="1"/>
<pin id="681" dir="0" index="1" bw="24" slack="0"/>
<pin id="682" dir="1" index="2" bw="24" slack="0"/>
</pin_list>
<bind>
<opcode="add(8) " fcode="add"/>
<opset="tmp4/4 "/>
</bind>
</comp>

<comp id="684" class="1004" name="tmp_1_fu_684">
<pin_list>
<pin id="685" dir="0" index="0" bw="24" slack="0"/>
<pin id="686" dir="0" index="1" bw="24" slack="0"/>
<pin id="687" dir="1" index="2" bw="24" slack="0"/>
</pin_list>
<bind>
<opcode="add(8) " fcode="add"/>
<opset="tmp_1/4 "/>
</bind>
</comp>

<comp id="690" class="1004" name="p_Val2_4_7_fu_690">
<pin_list>
<pin id="691" dir="0" index="0" bw="24" slack="0"/>
<pin id="692" dir="0" index="1" bw="24" slack="2"/>
<pin id="693" dir="1" index="2" bw="24" slack="1"/>
</pin_list>
<bind>
<opcode="add(8) " fcode="add"/>
<opset="p_Val2_4_7/4 "/>
</bind>
</comp>

<comp id="696" class="1005" name="exitcond1_reg_696">
<pin_list>
<pin id="697" dir="0" index="0" bw="1" slack="1"/>
<pin id="698" dir="1" index="1" bw="1" slack="2147483647"/>
</pin_list>
<bind>
<opset="exitcond1 "/>
</bind>
</comp>

<comp id="700" class="1005" name="i_1_reg_700">
<pin_list>
<pin id="701" dir="0" index="0" bw="7" slack="0"/>
<pin id="702" dir="1" index="1" bw="7" slack="0"/>
</pin_list>
<bind>
<opset="i_1 "/>
</bind>
</comp>

<comp id="705" class="1005" name="tmp_2_reg_705">
<pin_list>
<pin id="706" dir="0" index="0" bw="1" slack="1"/>
<pin id="707" dir="1" index="1" bw="1" slack="2147483647"/>
</pin_list>
<bind>
<opset="tmp_2 "/>
</bind>
</comp>

<comp id="709" class="1005" name="tmp_2_cast_reg_709">
<pin_list>
<pin id="710" dir="0" index="0" bw="6" slack="1"/>
<pin id="711" dir="1" index="1" bw="6" slack="1"/>
</pin_list>
<bind>
<opset="tmp_2_cast "/>
</bind>
</comp>

<comp id="714" class="1005" name="r_V_2_reg_714">
<pin_list>
<pin id="715" dir="0" index="0" bw="16" slack="1"/>
<pin id="716" dir="1" index="1" bw="16" slack="1"/>
</pin_list>
<bind>
<opset="r_V_2 "/>
</bind>
</comp>

<comp id="719" class="1005" name="r_V_3_reg_719">
<pin_list>
<pin id="720" dir="0" index="0" bw="16" slack="1"/>
<pin id="721" dir="1" index="1" bw="16" slack="1"/>
</pin_list>
<bind>
<opset="r_V_3 "/>
</bind>
</comp>

<comp id="724" class="1005" name="r_V_6_reg_724">
<pin_list>
<pin id="725" dir="0" index="0" bw="16" slack="1"/>
<pin id="726" dir="1" index="1" bw="16" slack="1"/>
</pin_list>
<bind>
<opset="r_V_6 "/>
</bind>
</comp>

<comp id="729" class="1005" name="r_V_7_reg_729">
<pin_list>
<pin id="730" dir="0" index="0" bw="16" slack="1"/>
<pin id="731" dir="1" index="1" bw="16" slack="1"/>
</pin_list>
<bind>
<opset="r_V_7 "/>
</bind>
</comp>

<comp id="734" class="1005" name="tmp2_reg_734">
<pin_list>
<pin id="735" dir="0" index="0" bw="24" slack="1"/>
<pin id="736" dir="1" index="1" bw="24" slack="1"/>
</pin_list>
<bind>
<opset="tmp2 "/>
</bind>
</comp>

<comp id="739" class="1005" name="tmp5_reg_739">
<pin_list>
<pin id="740" dir="0" index="0" bw="24" slack="1"/>
<pin id="741" dir="1" index="1" bw="24" slack="1"/>
</pin_list>
<bind>
<opset="tmp5 "/>
</bind>
</comp>

<comp id="744" class="1005" name="p_Val2_4_7_reg_744">
<pin_list>
<pin id="745" dir="0" index="0" bw="24" slack="1"/>
<pin id="746" dir="1" index="1" bw="24" slack="1"/>
</pin_list>
<bind>
<opset="p_Val2_4_7 "/>
</bind>
</comp>

</comp_list>

<net_list>
<net id="132"><net_src comp="70" pin="0"/><net_sink comp="122" pin=0"/></net>

<net id="133"><net_src comp="0" pin="0"/><net_sink comp="122" pin=1"/></net>

<net id="134"><net_src comp="2" pin="0"/><net_sink comp="122" pin=2"/></net>

<net id="135"><net_src comp="4" pin="0"/><net_sink comp="122" pin=3"/></net>

<net id="136"><net_src comp="6" pin="0"/><net_sink comp="122" pin=4"/></net>

<net id="137"><net_src comp="8" pin="0"/><net_sink comp="122" pin=5"/></net>

<net id="138"><net_src comp="10" pin="0"/><net_sink comp="122" pin=6"/></net>

<net id="139"><net_src comp="12" pin="0"/><net_sink comp="122" pin=7"/></net>

<net id="145"><net_src comp="14" pin="0"/><net_sink comp="140" pin=0"/></net>

<net id="146"><net_src comp="76" pin="0"/><net_sink comp="140" pin=1"/></net>

<net id="152"><net_src comp="30" pin="0"/><net_sink comp="147" pin=0"/></net>

<net id="153"><net_src comp="76" pin="0"/><net_sink comp="147" pin=1"/></net>

<net id="159"><net_src comp="140" pin="3"/><net_sink comp="154" pin=0"/></net>

<net id="165"><net_src comp="147" pin="3"/><net_sink comp="160" pin=0"/></net>

<net id="171"><net_src comp="16" pin="0"/><net_sink comp="166" pin=0"/></net>

<net id="172"><net_src comp="76" pin="0"/><net_sink comp="166" pin=1"/></net>

<net id="178"><net_src comp="32" pin="0"/><net_sink comp="173" pin=0"/></net>

<net id="179"><net_src comp="76" pin="0"/><net_sink comp="173" pin=1"/></net>

<net id="185"><net_src comp="166" pin="3"/><net_sink comp="180" pin=0"/></net>

<net id="191"><net_src comp="173" pin="3"/><net_sink comp="186" pin=0"/></net>

<net id="197"><net_src comp="18" pin="0"/><net_sink comp="192" pin=0"/></net>

<net id="198"><net_src comp="76" pin="0"/><net_sink comp="192" pin=1"/></net>

<net id="204"><net_src comp="34" pin="0"/><net_sink comp="199" pin=0"/></net>

<net id="205"><net_src comp="76" pin="0"/><net_sink comp="199" pin=1"/></net>

<net id="211"><net_src comp="192" pin="3"/><net_sink comp="206" pin=0"/></net>

<net id="217"><net_src comp="199" pin="3"/><net_sink comp="212" pin=0"/></net>

<net id="223"><net_src comp="20" pin="0"/><net_sink comp="218" pin=0"/></net>

<net id="224"><net_src comp="76" pin="0"/><net_sink comp="218" pin=1"/></net>

<net id="230"><net_src comp="36" pin="0"/><net_sink comp="225" pin=0"/></net>

<net id="231"><net_src comp="76" pin="0"/><net_sink comp="225" pin=1"/></net>

<net id="237"><net_src comp="218" pin="3"/><net_sink comp="232" pin=0"/></net>

<net id="243"><net_src comp="225" pin="3"/><net_sink comp="238" pin=0"/></net>

<net id="249"><net_src comp="22" pin="0"/><net_sink comp="244" pin=0"/></net>

<net id="250"><net_src comp="76" pin="0"/><net_sink comp="244" pin=1"/></net>

<net id="256"><net_src comp="38" pin="0"/><net_sink comp="251" pin=0"/></net>

<net id="257"><net_src comp="76" pin="0"/><net_sink comp="251" pin=1"/></net>

<net id="263"><net_src comp="244" pin="3"/><net_sink comp="258" pin=0"/></net>

<net id="269"><net_src comp="251" pin="3"/><net_sink comp="264" pin=0"/></net>

<net id="275"><net_src comp="24" pin="0"/><net_sink comp="270" pin=0"/></net>

<net id="276"><net_src comp="76" pin="0"/><net_sink comp="270" pin=1"/></net>

<net id="282"><net_src comp="40" pin="0"/><net_sink comp="277" pin=0"/></net>

<net id="283"><net_src comp="76" pin="0"/><net_sink comp="277" pin=1"/></net>

<net id="289"><net_src comp="270" pin="3"/><net_sink comp="284" pin=0"/></net>

<net id="295"><net_src comp="277" pin="3"/><net_sink comp="290" pin=0"/></net>

<net id="301"><net_src comp="26" pin="0"/><net_sink comp="296" pin=0"/></net>

<net id="302"><net_src comp="76" pin="0"/><net_sink comp="296" pin=1"/></net>

<net id="308"><net_src comp="42" pin="0"/><net_sink comp="303" pin=0"/></net>

<net id="309"><net_src comp="76" pin="0"/><net_sink comp="303" pin=1"/></net>

<net id="315"><net_src comp="296" pin="3"/><net_sink comp="310" pin=0"/></net>

<net id="321"><net_src comp="303" pin="3"/><net_sink comp="316" pin=0"/></net>

<net id="327"><net_src comp="28" pin="0"/><net_sink comp="322" pin=0"/></net>

<net id="328"><net_src comp="76" pin="0"/><net_sink comp="322" pin=1"/></net>

<net id="334"><net_src comp="44" pin="0"/><net_sink comp="329" pin=0"/></net>

<net id="335"><net_src comp="76" pin="0"/><net_sink comp="329" pin=1"/></net>

<net id="341"><net_src comp="322" pin="3"/><net_sink comp="336" pin=0"/></net>

<net id="347"><net_src comp="329" pin="3"/><net_sink comp="342" pin=0"/></net>

<net id="351"><net_src comp="58" pin="0"/><net_sink comp="348" pin=0"/></net>

<net id="358"><net_src comp="348" pin="1"/><net_sink comp="352" pin=0"/></net>

<net id="359"><net_src comp="352" pin="4"/><net_sink comp="348" pin=0"/></net>

<net id="363"><net_src comp="60" pin="0"/><net_sink comp="360" pin=0"/></net>

<net id="370"><net_src comp="360" pin="1"/><net_sink comp="364" pin=0"/></net>

<net id="375"><net_src comp="364" pin="4"/><net_sink comp="371" pin=0"/></net>

<net id="376"><net_src comp="62" pin="0"/><net_sink comp="371" pin=1"/></net>

<net id="381"><net_src comp="364" pin="4"/><net_sink comp="377" pin=0"/></net>

<net id="382"><net_src comp="68" pin="0"/><net_sink comp="377" pin=1"/></net>

<net id="386"><net_src comp="364" pin="4"/><net_sink comp="383" pin=0"/></net>

<net id="393"><net_src comp="72" pin="0"/><net_sink comp="387" pin=0"/></net>

<net id="394"><net_src comp="364" pin="4"/><net_sink comp="387" pin=1"/></net>

<net id="395"><net_src comp="50" pin="0"/><net_sink comp="387" pin=2"/></net>

<net id="396"><net_src comp="74" pin="0"/><net_sink comp="387" pin=3"/></net>

<net id="400"><net_src comp="122" pin="8"/><net_sink comp="397" pin=0"/></net>

<net id="404"><net_src comp="397" pin="1"/><net_sink comp="401" pin=0"/></net>

<net id="405"><net_src comp="401" pin="1"/><net_sink comp="154" pin=1"/></net>

<net id="406"><net_src comp="401" pin="1"/><net_sink comp="160" pin=1"/></net>

<net id="410"><net_src comp="407" pin="1"/><net_sink comp="140" pin=2"/></net>

<net id="411"><net_src comp="407" pin="1"/><net_sink comp="147" pin=2"/></net>

<net id="412"><net_src comp="407" pin="1"/><net_sink comp="166" pin=2"/></net>

<net id="413"><net_src comp="407" pin="1"/><net_sink comp="173" pin=2"/></net>

<net id="414"><net_src comp="407" pin="1"/><net_sink comp="192" pin=2"/></net>

<net id="415"><net_src comp="407" pin="1"/><net_sink comp="199" pin=2"/></net>

<net id="416"><net_src comp="407" pin="1"/><net_sink comp="218" pin=2"/></net>

<net id="417"><net_src comp="407" pin="1"/><net_sink comp="225" pin=2"/></net>

<net id="418"><net_src comp="407" pin="1"/><net_sink comp="244" pin=2"/></net>

<net id="419"><net_src comp="407" pin="1"/><net_sink comp="251" pin=2"/></net>

<net id="420"><net_src comp="407" pin="1"/><net_sink comp="270" pin=2"/></net>

<net id="421"><net_src comp="407" pin="1"/><net_sink comp="277" pin=2"/></net>

<net id="422"><net_src comp="407" pin="1"/><net_sink comp="296" pin=2"/></net>

<net id="423"><net_src comp="407" pin="1"/><net_sink comp="303" pin=2"/></net>

<net id="424"><net_src comp="407" pin="1"/><net_sink comp="322" pin=2"/></net>

<net id="425"><net_src comp="407" pin="1"/><net_sink comp="329" pin=2"/></net>

<net id="429"><net_src comp="401" pin="1"/><net_sink comp="426" pin=0"/></net>

<net id="434"><net_src comp="426" pin="1"/><net_sink comp="430" pin=0"/></net>

<net id="435"><net_src comp="426" pin="1"/><net_sink comp="430" pin=1"/></net>

<net id="441"><net_src comp="78" pin="0"/><net_sink comp="436" pin=0"/></net>

<net id="442"><net_src comp="430" pin="2"/><net_sink comp="436" pin=1"/></net>

<net id="443"><net_src comp="80" pin="0"/><net_sink comp="436" pin=2"/></net>

<net id="450"><net_src comp="82" pin="0"/><net_sink comp="444" pin=0"/></net>

<net id="451"><net_src comp="397" pin="1"/><net_sink comp="444" pin=1"/></net>

<net id="452"><net_src comp="84" pin="0"/><net_sink comp="444" pin=2"/></net>

<net id="453"><net_src comp="86" pin="0"/><net_sink comp="444" pin=3"/></net>

<net id="454"><net_src comp="444" pin="4"/><net_sink comp="180" pin=1"/></net>

<net id="455"><net_src comp="444" pin="4"/><net_sink comp="186" pin=1"/></net>

<net id="459"><net_src comp="444" pin="4"/><net_sink comp="456" pin=0"/></net>

<net id="464"><net_src comp="456" pin="1"/><net_sink comp="460" pin=0"/></net>

<net id="465"><net_src comp="456" pin="1"/><net_sink comp="460" pin=1"/></net>

<net id="471"><net_src comp="78" pin="0"/><net_sink comp="466" pin=0"/></net>

<net id="472"><net_src comp="460" pin="2"/><net_sink comp="466" pin=1"/></net>

<net id="473"><net_src comp="80" pin="0"/><net_sink comp="466" pin=2"/></net>

<net id="480"><net_src comp="82" pin="0"/><net_sink comp="474" pin=0"/></net>

<net id="481"><net_src comp="397" pin="1"/><net_sink comp="474" pin=1"/></net>

<net id="482"><net_src comp="88" pin="0"/><net_sink comp="474" pin=2"/></net>

<net id="483"><net_src comp="90" pin="0"/><net_sink comp="474" pin=3"/></net>

<net id="484"><net_src comp="474" pin="4"/><net_sink comp="206" pin=1"/></net>

<net id="485"><net_src comp="474" pin="4"/><net_sink comp="212" pin=1"/></net>

<net id="489"><net_src comp="474" pin="4"/><net_sink comp="486" pin=0"/></net>

<net id="494"><net_src comp="486" pin="1"/><net_sink comp="490" pin=0"/></net>

<net id="495"><net_src comp="486" pin="1"/><net_sink comp="490" pin=1"/></net>

<net id="502"><net_src comp="82" pin="0"/><net_sink comp="496" pin=0"/></net>

<net id="503"><net_src comp="397" pin="1"/><net_sink comp="496" pin=1"/></net>

<net id="504"><net_src comp="92" pin="0"/><net_sink comp="496" pin=2"/></net>

<net id="505"><net_src comp="94" pin="0"/><net_sink comp="496" pin=3"/></net>

<net id="506"><net_src comp="496" pin="4"/><net_sink comp="232" pin=1"/></net>

<net id="507"><net_src comp="496" pin="4"/><net_sink comp="238" pin=1"/></net>

<net id="511"><net_src comp="496" pin="4"/><net_sink comp="508" pin=0"/></net>

<net id="516"><net_src comp="508" pin="1"/><net_sink comp="512" pin=0"/></net>

<net id="517"><net_src comp="508" pin="1"/><net_sink comp="512" pin=1"/></net>

<net id="524"><net_src comp="82" pin="0"/><net_sink comp="518" pin=0"/></net>

<net id="525"><net_src comp="397" pin="1"/><net_sink comp="518" pin=1"/></net>

<net id="526"><net_src comp="96" pin="0"/><net_sink comp="518" pin=2"/></net>

<net id="527"><net_src comp="98" pin="0"/><net_sink comp="518" pin=3"/></net>

<net id="528"><net_src comp="518" pin="4"/><net_sink comp="258" pin=1"/></net>

<net id="529"><net_src comp="518" pin="4"/><net_sink comp="264" pin=1"/></net>

<net id="533"><net_src comp="518" pin="4"/><net_sink comp="530" pin=0"/></net>

<net id="538"><net_src comp="530" pin="1"/><net_sink comp="534" pin=0"/></net>

<net id="539"><net_src comp="530" pin="1"/><net_sink comp="534" pin=1"/></net>

<net id="545"><net_src comp="78" pin="0"/><net_sink comp="540" pin=0"/></net>

<net id="546"><net_src comp="534" pin="2"/><net_sink comp="540" pin=1"/></net>

<net id="547"><net_src comp="80" pin="0"/><net_sink comp="540" pin=2"/></net>

<net id="554"><net_src comp="82" pin="0"/><net_sink comp="548" pin=0"/></net>

<net id="555"><net_src comp="397" pin="1"/><net_sink comp="548" pin=1"/></net>

<net id="556"><net_src comp="100" pin="0"/><net_sink comp="548" pin=2"/></net>

<net id="557"><net_src comp="102" pin="0"/><net_sink comp="548" pin=3"/></net>

<net id="558"><net_src comp="548" pin="4"/><net_sink comp="284" pin=1"/></net>

<net id="559"><net_src comp="548" pin="4"/><net_sink comp="290" pin=1"/></net>

<net id="563"><net_src comp="548" pin="4"/><net_sink comp="560" pin=0"/></net>

<net id="568"><net_src comp="560" pin="1"/><net_sink comp="564" pin=0"/></net>

<net id="569"><net_src comp="560" pin="1"/><net_sink comp="564" pin=1"/></net>

<net id="575"><net_src comp="78" pin="0"/><net_sink comp="570" pin=0"/></net>

<net id="576"><net_src comp="564" pin="2"/><net_sink comp="570" pin=1"/></net>

<net id="577"><net_src comp="80" pin="0"/><net_sink comp="570" pin=2"/></net>

<net id="584"><net_src comp="82" pin="0"/><net_sink comp="578" pin=0"/></net>

<net id="585"><net_src comp="397" pin="1"/><net_sink comp="578" pin=1"/></net>

<net id="586"><net_src comp="104" pin="0"/><net_sink comp="578" pin=2"/></net>

<net id="587"><net_src comp="106" pin="0"/><net_sink comp="578" pin=3"/></net>

<net id="588"><net_src comp="578" pin="4"/><net_sink comp="310" pin=1"/></net>

<net id="589"><net_src comp="578" pin="4"/><net_sink comp="316" pin=1"/></net>

<net id="593"><net_src comp="578" pin="4"/><net_sink comp="590" pin=0"/></net>

<net id="598"><net_src comp="590" pin="1"/><net_sink comp="594" pin=0"/></net>

<net id="599"><net_src comp="590" pin="1"/><net_sink comp="594" pin=1"/></net>

<net id="606"><net_src comp="82" pin="0"/><net_sink comp="600" pin=0"/></net>

<net id="607"><net_src comp="397" pin="1"/><net_sink comp="600" pin=1"/></net>

<net id="608"><net_src comp="108" pin="0"/><net_sink comp="600" pin=2"/></net>

<net id="609"><net_src comp="110" pin="0"/><net_sink comp="600" pin=3"/></net>

<net id="610"><net_src comp="600" pin="4"/><net_sink comp="336" pin=1"/></net>

<net id="611"><net_src comp="600" pin="4"/><net_sink comp="342" pin=1"/></net>

<net id="615"><net_src comp="600" pin="4"/><net_sink comp="612" pin=0"/></net>

<net id="620"><net_src comp="612" pin="1"/><net_sink comp="616" pin=0"/></net>

<net id="621"><net_src comp="612" pin="1"/><net_sink comp="616" pin=1"/></net>

<net id="626"><net_src comp="466" pin="3"/><net_sink comp="622" pin=0"/></net>

<net id="627"><net_src comp="436" pin="3"/><net_sink comp="622" pin=1"/></net>

<net id="632"><net_src comp="570" pin="3"/><net_sink comp="628" pin=0"/></net>

<net id="633"><net_src comp="540" pin="3"/><net_sink comp="628" pin=1"/></net>

<net id="639"><net_src comp="78" pin="0"/><net_sink comp="634" pin=0"/></net>

<net id="640"><net_src comp="80" pin="0"/><net_sink comp="634" pin=2"/></net>

<net id="646"><net_src comp="78" pin="0"/><net_sink comp="641" pin=0"/></net>

<net id="647"><net_src comp="80" pin="0"/><net_sink comp="641" pin=2"/></net>

<net id="653"><net_src comp="78" pin="0"/><net_sink comp="648" pin=0"/></net>

<net id="654"><net_src comp="80" pin="0"/><net_sink comp="648" pin=2"/></net>

<net id="660"><net_src comp="78" pin="0"/><net_sink comp="655" pin=0"/></net>

<net id="661"><net_src comp="80" pin="0"/><net_sink comp="655" pin=2"/></net>

<net id="666"><net_src comp="641" pin="3"/><net_sink comp="662" pin=0"/></net>

<net id="667"><net_src comp="634" pin="3"/><net_sink comp="662" pin=1"/></net>

<net id="672"><net_src comp="662" pin="2"/><net_sink comp="668" pin=1"/></net>

<net id="677"><net_src comp="655" pin="3"/><net_sink comp="673" pin=0"/></net>

<net id="678"><net_src comp="648" pin="3"/><net_sink comp="673" pin=1"/></net>

<net id="683"><net_src comp="673" pin="2"/><net_sink comp="679" pin=1"/></net>

<net id="688"><net_src comp="668" pin="2"/><net_sink comp="684" pin=0"/></net>

<net id="689"><net_src comp="679" pin="2"/><net_sink comp="684" pin=1"/></net>

<net id="694"><net_src comp="684" pin="2"/><net_sink comp="690" pin=0"/></net>

<net id="695"><net_src comp="348" pin="1"/><net_sink comp="690" pin=1"/></net>

<net id="699"><net_src comp="371" pin="2"/><net_sink comp="696" pin=0"/></net>

<net id="703"><net_src comp="377" pin="2"/><net_sink comp="700" pin=0"/></net>

<net id="704"><net_src comp="700" pin="1"/><net_sink comp="364" pin=2"/></net>

<net id="708"><net_src comp="383" pin="1"/><net_sink comp="705" pin=0"/></net>

<net id="712"><net_src comp="387" pin="4"/><net_sink comp="709" pin=0"/></net>

<net id="713"><net_src comp="709" pin="1"/><net_sink comp="407" pin=0"/></net>

<net id="717"><net_src comp="490" pin="2"/><net_sink comp="714" pin=0"/></net>

<net id="718"><net_src comp="714" pin="1"/><net_sink comp="634" pin=1"/></net>

<net id="722"><net_src comp="512" pin="2"/><net_sink comp="719" pin=0"/></net>

<net id="723"><net_src comp="719" pin="1"/><net_sink comp="641" pin=1"/></net>

<net id="727"><net_src comp="594" pin="2"/><net_sink comp="724" pin=0"/></net>

<net id="728"><net_src comp="724" pin="1"/><net_sink comp="648" pin=1"/></net>

<net id="732"><net_src comp="616" pin="2"/><net_sink comp="729" pin=0"/></net>

<net id="733"><net_src comp="729" pin="1"/><net_sink comp="655" pin=1"/></net>

<net id="737"><net_src comp="622" pin="2"/><net_sink comp="734" pin=0"/></net>

<net id="738"><net_src comp="734" pin="1"/><net_sink comp="668" pin=0"/></net>

<net id="742"><net_src comp="628" pin="2"/><net_sink comp="739" pin=0"/></net>

<net id="743"><net_src comp="739" pin="1"/><net_sink comp="679" pin=0"/></net>

<net id="747"><net_src comp="690" pin="2"/><net_sink comp="744" pin=0"/></net>

<net id="748"><net_src comp="744" pin="1"/><net_sink comp="352" pin=2"/></net>

</net_list>

</model> 
---------------- Datapath Model END ------------------

* FSMD analyzer results:
  - Output states:
	Port: in_stream_V_data_V | {}
	Port: in_stream_V_keep_V | {}
	Port: in_stream_V_strb_V | {}
	Port: in_stream_V_user_V | {}
	Port: in_stream_V_last_V | {}
	Port: in_stream_V_id_V | {}
	Port: in_stream_V_dest_V | {}
	Port: x_local_0_V | {3 }
	Port: x_local_1_V | {3 }
	Port: x_local_2_V | {3 }
	Port: x_local_3_V | {3 }
	Port: x_local_4_V | {3 }
	Port: x_local_5_V | {3 }
	Port: x_local_6_V | {3 }
	Port: x_local_7_V | {3 }
	Port: x_local_8_V | {3 }
	Port: x_local_9_V | {3 }
	Port: x_local_10_V | {3 }
	Port: x_local_11_V | {3 }
	Port: x_local_12_V | {3 }
	Port: x_local_13_V | {3 }
	Port: x_local_14_V | {3 }
	Port: x_local_15_V | {3 }
 - Input state : 
	Port: load_and_calc_norm : in_stream_V_data_V | {2 }
	Port: load_and_calc_norm : in_stream_V_keep_V | {2 }
	Port: load_and_calc_norm : in_stream_V_strb_V | {2 }
	Port: load_and_calc_norm : in_stream_V_user_V | {2 }
	Port: load_and_calc_norm : in_stream_V_last_V | {2 }
	Port: load_and_calc_norm : in_stream_V_id_V | {2 }
	Port: load_and_calc_norm : in_stream_V_dest_V | {2 }
  - Chain level:
	State 1
	State 2
		exitcond1 : 1
		i_1 : 1
		StgValue_13 : 2
		tmp_2 : 1
		tmp_2_cast : 1
		StgValue_17 : 2
		StgValue_18 : 2
		StgValue_19 : 2
		StgValue_20 : 2
		StgValue_21 : 2
		StgValue_22 : 2
		StgValue_23 : 2
		StgValue_24 : 2
	State 3
		tmp_3 : 1
		x_local_0_V_addr : 1
		x_local_8_V_addr : 1
		StgValue_31 : 2
		StgValue_33 : 2
		OP1_V : 2
		r_V : 3
		tmp_9 : 4
		p_Result_1 : 1
		x_local_1_V_addr : 1
		x_local_9_V_addr : 1
		StgValue_41 : 2
		StgValue_43 : 2
		OP1_V_1 : 2
		r_V_1 : 3
		tmp_9_1 : 4
		p_Result_2 : 1
		x_local_2_V_addr : 1
		x_local_10_V_addr : 1
		StgValue_51 : 2
		StgValue_53 : 2
		OP1_V_2 : 2
		r_V_2 : 3
		p_Result_3 : 1
		x_local_3_V_addr : 1
		x_local_11_V_addr : 1
		StgValue_60 : 2
		StgValue_62 : 2
		OP1_V_3 : 2
		r_V_3 : 3
		p_Result_4 : 1
		x_local_4_V_addr : 1
		x_local_12_V_addr : 1
		StgValue_69 : 2
		StgValue_71 : 2
		OP1_V_4 : 2
		r_V_4 : 3
		tmp_9_4 : 4
		p_Result_5 : 1
		x_local_5_V_addr : 1
		x_local_13_V_addr : 1
		StgValue_79 : 2
		StgValue_81 : 2
		OP1_V_5 : 2
		r_V_5 : 3
		tmp_9_5 : 4
		p_Result_6 : 1
		x_local_6_V_addr : 1
		x_local_14_V_addr : 1
		StgValue_89 : 2
		StgValue_91 : 2
		OP1_V_6 : 2
		r_V_6 : 3
		p_Result_7 : 1
		x_local_7_V_addr : 1
		x_local_15_V_addr : 1
		StgValue_98 : 2
		StgValue_100 : 2
		OP1_V_7 : 2
		r_V_7 : 3
		tmp2 : 5
		tmp5 : 5
	State 4
		tmp3 : 1
		tmp1 : 2
		tmp6 : 1
		tmp4 : 2
		tmp_1 : 3
		p_Val2_4_7 : 4
		empty_33 : 1
	State 5


============================================================
+ Verbose Summary: Datapath Resource usage 
============================================================

* Functional unit list:
|----------|-------------------|---------|---------|---------|
| Operation|  Functional Unit  |  DSP48E |    FF   |   LUT   |
|----------|-------------------|---------|---------|---------|
|          |     r_V_fu_430    |    0    |    0    |    41   |
|          |    r_V_1_fu_460   |    0    |    0    |    41   |
|          |    r_V_2_fu_490   |    0    |    0    |    41   |
|    mul   |    r_V_3_fu_512   |    0    |    0    |    41   |
|          |    r_V_4_fu_534   |    0    |    0    |    41   |
|          |    r_V_5_fu_564   |    0    |    0    |    41   |
|          |    r_V_6_fu_594   |    0    |    0    |    41   |
|          |    r_V_7_fu_616   |    0    |    0    |    41   |
|----------|-------------------|---------|---------|---------|
|          |     i_1_fu_377    |    0    |    0    |    15   |
|          |    tmp2_fu_622    |    0    |    0    |    31   |
|          |    tmp5_fu_628    |    0    |    0    |    31   |
|          |    tmp3_fu_662    |    0    |    0    |    32   |
|    add   |    tmp1_fu_668    |    0    |    0    |    32   |
|          |    tmp6_fu_673    |    0    |    0    |    32   |
|          |    tmp4_fu_679    |    0    |    0    |    32   |
|          |    tmp_1_fu_684   |    0    |    0    |    32   |
|          | p_Val2_4_7_fu_690 |    0    |    0    |    32   |
|----------|-------------------|---------|---------|---------|
|   icmp   |  exitcond1_fu_371 |    0    |    0    |    11   |
|----------|-------------------|---------|---------|---------|
|   read   |  grp_read_fu_122  |    0    |    0    |    0    |
|----------|-------------------|---------|---------|---------|
|   trunc  |    tmp_2_fu_383   |    0    |    0    |    0    |
|          |    tmp_3_fu_401   |    0    |    0    |    0    |
|----------|-------------------|---------|---------|---------|
|          | tmp_2_cast_fu_387 |    0    |    0    |    0    |
|          | p_Result_1_fu_444 |    0    |    0    |    0    |
|          | p_Result_2_fu_474 |    0    |    0    |    0    |
|partselect| p_Result_3_fu_496 |    0    |    0    |    0    |
|          | p_Result_4_fu_518 |    0    |    0    |    0    |
|          | p_Result_5_fu_548 |    0    |    0    |    0    |
|          | p_Result_6_fu_578 |    0    |    0    |    0    |
|          | p_Result_7_fu_600 |    0    |    0    |    0    |
|----------|-------------------|---------|---------|---------|
|extractvalue| tmp_data_V_fu_397 |    0    |    0    |    0    |
|----------|-------------------|---------|---------|---------|
|   zext   |  newIndex1_fu_407 |    0    |    0    |    0    |
|----------|-------------------|---------|---------|---------|
|          |    OP1_V_fu_426   |    0    |    0    |    0    |
|          |   OP1_V_1_fu_456  |    0    |    0    |    0    |
|          |   OP1_V_2_fu_486  |    0    |    0    |    0    |
|   sext   |   OP1_V_3_fu_508  |    0    |    0    |    0    |
|          |   OP1_V_4_fu_530  |    0    |    0    |    0    |
|          |   OP1_V_5_fu_560  |    0    |    0    |    0    |
|          |   OP1_V_6_fu_590  |    0    |    0    |    0    |
|          |   OP1_V_7_fu_612  |    0    |    0    |    0    |
|----------|-------------------|---------|---------|---------|
|          |    tmp_9_fu_436   |    0    |    0    |    0    |
|          |   tmp_9_1_fu_466  |    0    |    0    |    0    |
|          |   tmp_9_4_fu_540  |    0    |    0    |    0    |
|bitconcatenate|   tmp_9_5_fu_570  |    0    |    0    |    0    |
|          |   tmp_9_2_fu_634  |    0    |    0    |    0    |
|          |   tmp_9_3_fu_641  |    0    |    0    |    0    |
|          |   tmp_9_6_fu_648  |    0    |    0    |    0    |
|          |   tmp_9_7_fu_655  |    0    |    0    |    0    |
|----------|-------------------|---------|---------|---------|
|   Total  |                   |    0    |    0    |   608   |
|----------|-------------------|---------|---------|---------|

Memories:
N/A

* Register list:
+-------------------------+--------+
|                         |   FF   |
+-------------------------+--------+
|calculated_norm_V_reg_348|   24   |
|    exitcond1_reg_696    |    1   |
|       i_1_reg_700       |    7   |
|        i_reg_360        |    7   |
|    p_Val2_4_7_reg_744   |   24   |
|      r_V_2_reg_714      |   16   |
|      r_V_3_reg_719      |   16   |
|      r_V_6_reg_724      |   16   |
|      r_V_7_reg_729      |   16   |
|       tmp2_reg_734      |   24   |
|       tmp5_reg_739      |   24   |
|    tmp_2_cast_reg_709   |    6   |
|      tmp_2_reg_705      |    1   |
+-------------------------+--------+
|          Total          |   182  |
+-------------------------+--------+

* Multiplexer (MUX) list: 
|---------------------------|------|------|------|--------||---------||---------|
|            Comp           |  Pin | Size |  BW  | S x BW ||  Delay  ||   LUT   |
|---------------------------|------|------|------|--------||---------||---------|
| calculated_norm_V_reg_348 |  p0  |   2  |  24  |   48   ||    9    |
|---------------------------|------|------|------|--------||---------||---------|
|           Total           |      |      |      |   48   ||  1.769  ||    9    |
|---------------------------|------|------|------|--------||---------||---------|



* Summary:
+-----------+--------+--------+--------+--------+
|           | DSP48E |  Delay |   FF   |   LUT  |
+-----------+--------+--------+--------+--------+
|  Function |    0   |    -   |    0   |   608  |
|   Memory  |    -   |    -   |    -   |    -   |
|Multiplexer|    -   |    1   |    -   |    9   |
|  Register |    -   |    -   |   182  |    -   |
+-----------+--------+--------+--------+--------+
|   Total   |    0   |    1   |   182  |   617  |
+-----------+--------+--------+--------+--------+
